STRUCTURE[;],STRUCTURE_ID,ACTION,COUNTRY,INDICATOR,PRICE_TYPE,S_ADJUSTMENT,TYPE_OF_TRANSFORMATION,FREQUENCY,TIME_PERIOD,OBS_VALUE,SCALE,PRECISION,DECIMALS_DISPLAYED,NA_STO,ACTIVITY,SECTOR,ACCOUNTS,INDEX_TYPE,PRICES,VINDEX_TYPE,TRANSFORMATION,UNIT,DERIVATION_TYPE,OVERLAP,IFS_FLAG,REFERENCE_PERIOD_REPORTED,COMPUTATIONAL_NOTE,CONFIDENTIALITY_STATUS
dataflow,IMF.STA:QNEA(7.0.0),R,RUS,B11,Q,NSA,USD,Q,,,0,,,,,,,,,L,,,,OL,,2021,,
dataflow,IMF.STA:QNEA(7.0.0),R,RUS,B11,Q,NSA,XDC,Q,2011-Q1,-189589899999.999,0,,,,,,,,,L,,,O,OL,true,2021,,F
dataflow,IMF.STA:QNEA(7.0.0),R,RUS,B11,Q,NSA,XDC,Q,2011-Q2,-1335882300000,0,,,,,,,,,L,,,O,OL,true,2021,,F
dataflow,IMF.STA:QNEA(7.0.0),R,RUS,B11,Q,NSA,XDC,Q,2011-Q3,-1357073700000,0,,,,,,,,,L,,,O,OL,true,2021,,F
dataflow,IMF.STA:QNEA(7.0.0),R,RUS,B11,Q,NSA,XDC,Q,2011-Q4,-953025700000,0,,,,,,,,,L,,,O,OL,true,2021,,F
dataflow,IMF.STA:QNEA(7.0.0),R,RUS,B11,Q,NSA,XDC,Q,2012-Q1,-586646600000.001,0,,,,,,,,,L,,,O,OL,true,2021,,F
dataflow,IMF.STA:QNEA(7.0.0),R,RUS,B11,Q,NSA,XDC,Q,2012-Q2,-1757257900000,0,,,,,,,,,L,,,O,OL,true,2021,,F
dataflow,IMF.STA:QNEA(7.0.0),R,RUS,B11,Q,NSA,XDC,Q,2012-Q3,-2011345000000,0,,,,,,,,,L,,,O,OL,true,2021,,F
dataflow,IMF.STA:QNEA(7.0.0),R,RUS,B11,Q,NSA,XDC,Q,2012-Q4,-1468183200000,0,,,,,,,,,L,,,O,OL,true,2021,,F
dataflow,IMF.STA:QNEA(7.0.0),R,RUS,B11,Q,NSA,XDC,Q,2013-Q1,-972347400000,0,,,,,,,,,L,,,O,OL,true,2021,,F
dataflow,IMF.STA:QNEA(7.0.0),R,RUS,B11,Q,NSA,XDC,Q,2013-Q2,-1760138700000,0,,,,,,,,,L,,,O,OL,true,2021,,F
dataflow,IMF.STA:QNEA(7.0.0),R,RUS,B11,Q,NSA,XDC,Q,2013-Q3,-1931442900000,0,,,,,,,,,L,,,O,OL,true,2021,,F
dataflow,IMF.STA:QNEA(7.0.0),R,RUS,B11,Q,NSA,XDC,Q,2013-Q4,-1164214400000,0,,,,,,,,,L,,,O,OL,true,2021,,F
dataflow,IMF.STA:QNEA(7.0.0),R,RUS,B11,V,NSA,USD,Q,,,0,,,,,,,,,L,,,,OL,,,,
dataflow,IMF.STA:QNEA(7.0.0),R,RUS,B11,V,NSA,XDC,Q,2006-Q1,962460400000,0,,,,,,,,,L,,,O,OL,true,,,F
dataflow,IMF.STA:QNEA(7.0.0),R,RUS,B11,V,NSA,XDC,Q,2006-Q2,944991900000,0,,,,,,,,,L,,,O,OL,true,,,F
dataflow,IMF.STA:QNEA(7.0.0),R,RUS,B11,V,NSA,XDC,Q,2006-Q3,879071200000,0,,,,,,,,,L,,,O,OL,true,,,F
dataflow,IMF.STA:QNEA(7.0.0),R,RUS,B11,V,NSA,XDC,Q,2006-Q4,639389300000,0,,,,,,,,,L,,,O,OL,true,,,F
dataflow,IMF.STA:QNEA(7.0.0),R,RUS,B11,V,NSA,XDC,Q,2007-Q1,683176300000,0,,,,,,,,,L,,,O,OL,true,,,F
dataflow,IMF.STA:QNEA(7.0.0),R,RUS,B11,V,NSA,XDC,Q,2007-Q2,690070800000,0,,,,,,,,,L,,,O,OL,true,,,F
dataflow,IMF.STA:QNEA(7.0.0),R,RUS,B11,V,NSA,XDC,Q,2007-Q3,643019100000,0,,,,,,,,,L,,,O,OL,true,,,F
dataflow,IMF.STA:QNEA(7.0.0),R,RUS,B11,V,NSA,XDC,Q,2007-Q4,850285100000,0,,,,,,,,,L,,,O,OL,true,,,F
dataflow,IMF.STA:QNEA(7.0.0),R,RUS,B11,V,NSA,XDC,Q,2008-Q1,1105877100000,0,,,,,,,,,L,,,O,OL,true,,,F
dataflow,IMF.STA:QNEA(7.0.0),R,RUS,B11,V,NSA,XDC,Q,2008-Q2,1067572700000,0,,,,,,,,,L,,,O,OL,true,,,F
dataflow,IMF.STA:QNEA(7.0.0),R,RUS,B11,V,NSA,XDC,Q,2008-Q3,1105445700000,0,,,,,,,,,L,,,O,OL,true,,,F
dataflow,IMF.STA:QNEA(7.0.0),R,RUS,B11,V,NSA,XDC,Q,2008-Q4,533671700000,0,,,,,,,,,L,,,O,OL,true,,,F
dataflow,IMF.STA:QNEA(7.0.0),R,RUS,B11,V,NSA,XDC,Q,2009-Q1,510387500000,0,,,,,,,,,L,,,O,OL,true,,,F
dataflow,IMF.STA:QNEA(7.0.0),R,RUS,B11,V,NSA,XDC,Q,2009-Q2,651605600000,0,,,,,,,,,L,,,O,OL,true,,,F
dataflow,IMF.STA:QNEA(7.0.0),R,RUS,B11,V,NSA,XDC,Q,2009-Q3,849185500000,0,,,,,,,,,L,,,O,OL,true,,,F
dataflow,IMF.STA:QNEA(7.0.0),R,RUS,B11,V,NSA,XDC,Q,2009-Q4,876520500000,0,,,,,,,,,L,,,O,OL,true,,,F
dataflow,IMF.STA:QNEA(7.0.0),R,RUS,B11,V,NSA,XDC,Q,2010-Q1,1250225300000,0,,,,,,,,,L,,,O,OL,true,,,F
dataflow,IMF.STA:QNEA(7.0.0),R,RUS,B11,V,NSA,XDC,Q,2010-Q2,1001764500000,0,,,,,,,,,L,,,O,OL,true,,,F
dataflow,IMF.STA:QNEA(7.0.0),R,RUS,B11,V,NSA,XDC,Q,2010-Q3,600740700000,0,,,,,,,,,L,,,O,OL,true,,,F
dataflow,IMF.STA:QNEA(7.0.0),R,RUS,B11,V,NSA,XDC,Q,2010-Q4,886966400000,0,,,,,,,,,L,,,O,OL,true,,,F
dataflow,IMF.STA:QNEA(7.0.0),R,RUS,B11,V,NSA,XDC,Q,2011-Q1,1220919200000,0,,,,,,,,,L,,,O,OL,true,,,F
dataflow,IMF.STA:QNEA(7.0.0),R,RUS,B11,V,NSA,XDC,Q,2011-Q2,1232963300000,0,,,,,,,,,L,,,O,OL,true,,,F
dataflow,IMF.STA:QNEA(7.0.0),R,RUS,B11,V,NSA,XDC,Q,2011-Q3,1006134400000,0,,,,,,,,,L,,,O,OL,true,,,F
dataflow,IMF.STA:QNEA(7.0.0),R,RUS,B11,V,NSA,XDC,Q,2011-Q4,1394418400000,0,,,,,,,,,L,,,O,OL,true,,,F
dataflow,IMF.STA:QNEA(7.0.0),R,RUS,B11,V,NSA,XDC,Q,2012-Q1,1537969300000,0,,,,,,,,,L,,,O,OL,true,,,F
dataflow,IMF.STA:QNEA(7.0.0),R,RUS,B11,V,NSA,XDC,Q,2012-Q2,1224920200000,0,,,,,,,,,L,,,O,OL,true,,,F
dataflow,IMF.STA:QNEA(7.0.0),R,RUS,B11,V,NSA,XDC,Q,2012-Q3,744345100000,0,,,,,,,,,L,,,O,OL,true,,,F
dataflow,IMF.STA:QNEA(7.0.0),R,RUS,B11,V,NSA,XDC,Q,2012-Q4,1030666000000,0,,,,,,,,,L,,,O,OL,true,,,F
dataflow,IMF.STA:QNEA(7.0.0),R,RUS,B11,V,NSA,XDC,Q,2013-Q1,1162857400000,0,,,,,,,,,L,,,O,OL,true,,,F
dataflow,IMF.STA:QNEA(7.0.0),R,RUS,B11,V,NSA,XDC,Q,2013-Q2,924376200000,0,,,,,,,,,L,,,O,OL,true,,,F
dataflow,IMF.STA:QNEA(7.0.0),R,RUS,B11,V,NSA,XDC,Q,2013-Q3,790225300000,0,,,,,,,,,L,,,O,OL,true,,,F
dataflow,IMF.STA:QNEA(7.0.0),R,RUS,B11,V,NSA,XDC,Q,2013-Q4,1066290500000,0,,,,,,,,,L,,,O,OL,true,,,F
dataflow,IMF.STA:QNEA(7.0.0),R,RUS,B11,V,NSA,XDC,Q,2014-Q1,1373643600000,0,,,,,,,,,L,,,O,OL,true,,,F
dataflow,IMF.STA:QNEA(7.0.0),R,RUS,B11,V,NSA,XDC,Q,2014-Q2,1295763900000,0,,,,,,,,,L,,,O,OL,true,,,F
dataflow,IMF.STA:QNEA(7.0.0),R,RUS,B11,V,NSA,XDC,Q,2014-Q3,962380500000,0,,,,,,,,,L,,,O,OL,true,,,F
dataflow,IMF.STA:QNEA(7.0.0),R,RUS,B11,V,NSA,XDC,Q,2014-Q4,1442611100000,0,,,,,,,,,L,,,O,OL,true,,,F
dataflow,IMF.STA:QNEA(7.0.0),R,RUS,B11,V,NSA,XDC,Q,2015-Q1,2310039200000,0,,,,,,,,,L,,,O,OL,true,,,F
dataflow,IMF.STA:QNEA(7.0.0),R,RUS,B11,V,NSA,XDC,Q,2015-Q2,1800645300000,0,,,,,,,,,L,,,O,OL,true,,,F
dataflow,IMF.STA:QNEA(7.0.0),R,RUS,B11,V,NSA,XDC,Q,2015-Q3,1045695900000,0,,,,,,,,,L,,,O,OL,true,,,F
dataflow,IMF.STA:QNEA(7.0.0),R,RUS,B11,V,NSA,XDC,Q,2015-Q4,1530027900000,0,,,,,,,,,L,,,O,OL,true,,,F
dataflow,IMF.STA:QNEA(7.0.0),R,RUS,B11,V,NSA,XDC,Q,2016-Q1,1309502500000,0,,,,,,,,,L,,,O,OL,true,,,F
dataflow,IMF.STA:QNEA(7.0.0),R,RUS,B11,V,NSA,XDC,Q,2016-Q2,1073066900000,0,,,,,,,,,L,,,O,OL,true,,,F
dataflow,IMF.STA:QNEA(7.0.0),R,RUS,B11,V,NSA,XDC,Q,2016-Q3,723970300000,0,,,,,,,,,L,,,O,OL,true,,,F
dataflow,IMF.STA:QNEA(7.0.0),R,RUS,B11,V,NSA,XDC,Q,2016-Q4,1337626100000,0,,,,,,,,,L,,,O,OL,true,,,F
dataflow,IMF.STA:QNEA(7.0.0),R,RUS,B11,V,NSA,XDC,Q,2017-Q1,1718141100000,0,,,,,,,,,L,,,O,OL,true,,,F
dataflow,IMF.STA:QNEA(7.0.0),R,RUS,B11,V,NSA,XDC,Q,2017-Q2,995467300000,0,,,,,,,,,L,,,O,OL,true,,,F
dataflow,IMF.STA:QNEA(7.0.0),R,RUS,B11,V,NSA,XDC,Q,2017-Q3,632426200000,0,,,,,,,,,L,,,O,OL,true,,,F
dataflow,IMF.STA:QNEA(7.0.0),R,RUS,B11,V,NSA,XDC,Q,2017-Q4,1526420400000,0,,,,,,,,,L,,,O,OL,true,,,F
dataflow,IMF.STA:QNEA(7.0.0),R,RUS,B11,V,NSA,XDC,Q,2018-Q1,2127343600000,0,,,,,,,,,L,,,O,OL,true,,,F
dataflow,IMF.STA:QNEA(7.0.0),R,RUS,B11,V,NSA,XDC,Q,2018-Q2,2331091500000,0,,,,,,,,,L,,,O,OL,true,,,F
dataflow,IMF.STA:QNEA(7.0.0),R,RUS,B11,V,NSA,XDC,Q,2018-Q3,2560486500000,0,,,,,,,,,L,,,O,OL,true,,,F
dataflow,IMF.STA:QNEA(7.0.0),R,RUS,B11,V,NSA,XDC,Q,2018-Q4,3373038200000,0,,,,,,,,,L,,,O,OL,true,,,F
dataflow,IMF.STA:QNEA(7.0.0),R,RUS,B11,V,NSA,XDC,Q,2019-Q1,2714429200000,0,,,,,,,,,L,,,O,OL,true,,,F
dataflow,IMF.STA:QNEA(7.0.0),R,RUS,B11,V,NSA,XDC,Q,2019-Q2,1988743900000,0,,,,,,,,,L,,,O,OL,true,,,F
dataflow,IMF.STA:QNEA(7.0.0),R,RUS,B11,V,NSA,XDC,Q,2019-Q3,1694218500000,0,,,,,,,,,L,,,O,OL,true,,,F
dataflow,IMF.STA:QNEA(7.0.0),R,RUS,B11,V,NSA,XDC,Q,2019-Q4,1974613900000,0,,,,,,,,,L,,,O,OL,true,,,F
dataflow,IMF.STA:QNEA(7.0.0),R,RUS,B11,V,NSA,XDC,Q,2020-Q1,1818545500000,0,,,,,,,,,L,,,O,OL,true,,,F
dataflow,IMF.STA:QNEA(7.0.0),R,RUS,B11,V,NSA,XDC,Q,2020-Q2,1055629900000,0,,,,,,,,,L,,,O,OL,true,,,F
dataflow,IMF.STA:QNEA(7.0.0),R,RUS,B11,V,NSA,XDC,Q,2020-Q3,1109723600000,0,,,,,,,,,L,,,O,OL,true,,,F
dataflow,IMF.STA:QNEA(7.0.0),R,RUS,B11,V,NSA,XDC,Q,2020-Q4,1482459900000,0,,,,,,,,,L,,,O,OL,true,,,F
dataflow,IMF.STA:QNEA(7.0.0),R,RUS,B11,V,NSA,XDC,Q,2021-Q1,2036252300000,0,,,,,,,,,L,,,O,OL,true,,,F
dataflow,IMF.STA:QNEA(7.0.0),R,RUS,B11,V,NSA,XDC,Q,2021-Q2,2603042100000,0,,,,,,,,,L,,,O,OL,true,,,F
dataflow,IMF.STA:QNEA(7.0.0),R,RUS,B11,V,NSA,XDC,Q,2021-Q3,3496520300000,0,,,,,,,,,L,,,O,OL,true,,,F
dataflow,IMF.STA:QNEA(7.0.0),R,RUS,B11,V,NSA,XDC,Q,2021-Q4,4553601200000,0,,,,,,,,,L,,,O,OL,true,,,F
dataflow,IMF.STA:QNEA(7.0.0),R,RUS,B11,V,NSA,XDC,Q,2022-Q1,6889942300000,0,,,,,,,,,L,,,O,OL,true,,,F
dataflow,IMF.STA:QNEA(7.0.0),R,RUS,B11,V,NSA,XDC,Q,2022-Q2,5653094400000,0,,,,,,,,,L,,,O,OL,true,,,F
dataflow,IMF.STA:QNEA(7.0.0),R,RUS,B11,V,NSA,XDC,Q,2022-Q3,3924397500000,0,,,,,,,,,L,,,O,OL,true,,,F
dataflow,IMF.STA:QNEA(7.0.0),R,RUS,B11,V,NSA,XDC,Q,2022-Q4,3397891300000,0,,,,,,,,,L,,,O,OL,true,,,F
dataflow,IMF.STA:QNEA(7.0.0),R,RUS,B11,V,NSA,XDC,Q,2023-Q1,1592612900000,0,,,,,,,,,L,,,O,OL,true,,,F
dataflow,IMF.STA:QNEA(7.0.0),R,RUS,B11,V,NSA,XDC,Q,2023-Q2,1397784300000,0,,,,,,,,,L,,,O,OL,true,,,F
dataflow,IMF.STA:QNEA(7.0.0),R,RUS,B11,V,NSA,XDC,Q,2023-Q3,2145504200000,0,,,,,,,,,L,,,O,OL,true,,,F
dataflow,IMF.STA:QNEA(7.0.0),R,RUS,B11,V,NSA,XDC,Q,2023-Q4,2183899100000,0,,,,,,,,,L,,,O,OL,true,,,F
dataflow,IMF.STA:QNEA(7.0.0),R,RUS,B11,V,NSA,XDC,Q,2024-Q1,2560816500000,0,,,,,,,,,L,,,O,OL,true,,,F
dataflow,IMF.STA:QNEA(7.0.0),R,RUS,B11,V,NSA,XDC,Q,2024-Q2,2350337600000,0,,,,,,,,,L,,,O,OL,true,,,F
dataflow,IMF.STA:QNEA(7.0.0),R,RUS,B11,V,NSA,XDC,Q,2024-Q3,1615432300000,0,,,,,,,,,L,,,O,OL,true,,,F
dataflow,IMF.STA:QNEA(7.0.0),R,RUS,B11,V,NSA,XDC,Q,2024-Q4,2161745600000,0,,,,,,,,,L,,,O,OL,true,,,F
dataflow,IMF.STA:QNEA(7.0.0),R,RUS,B11,V,NSA,XDC,Q,2025-Q1,2117976900000,0,,,,,,,,,L,,,O,OL,true,,,F
dataflow,IMF.STA:QNEA(7.0.0),R,RUS,B11,V,NSA,XDC,Q,2025-Q2,1033795600000,0,,,,,,,,,L,,,O,OL,true,,,F
dataflow,IMF.STA:QNEA(7.0.0),R,RUS,B11,V,NSA,XDC,Q,2025-Q3,1535523300000,0,,,,,,,,,L,,,O,OL,true,,,F
dataflow,IMF.STA:QNEA(7.0.0),R,RUS,B11,V,NSA,XDC,Q,2025-Q4,1089428700000,0,,,,,,,,,L,,,O,OL,true,,,F
dataflow,IMF.STA:QNEA(7.0.0),R,RUS,B11,V,NSA,XDC,Q,2026-Q1,1447524700000,0,,,,,,,,,L,,,O,OL,true,,,F
dataflow,IMF.STA:QNEA(7.0.0),R,RUS,B1G,V,NSA,USD,Q,,,,,,,,,,,,L,,,,,,Not Applicable,,
dataflow,IMF.STA:QNEA(7.0.0),R,RUS,B1G,V,NSA,XDC,Q,,,,,,,,,,,,L,,,,,,Not Applicable,,
dataflow,IMF.STA:QNEA(7.0.0),R,RUS,B1GQ,Q,NSA,USD,Q,,,0,,,,,,,,,L,,,,OL,,2021,,
dataflow,IMF.STA:QNEA(7.0.0),R,RUS,B1GQ,Q,NSA,XDC,Q,2011-Q1,18440083500000,0,,,,,,,,,L,,,O,OL,true,2021,,F
dataflow,IMF.STA:QNEA(7.0.0),R,RUS,B1GQ,Q,NSA,XDC,Q,2011-Q2,19714798400000,0,,,,,,,,,L,,,O,OL,true,2021,,F
dataflow,IMF.STA:QNEA(7.0.0),R,RUS,B1GQ,Q,NSA,XDC,Q,2011-Q3,20978424100000,0,,,,,,,,,L,,,O,OL,true,2021,,F
dataflow,IMF.STA:QNEA(7.0.0),R,RUS,B1GQ,Q,NSA,XDC,Q,2011-Q4,22617264000000,0,,,,,,,,,L,,,O,OL,true,2021,,F
dataflow,IMF.STA:QNEA(7.0.0),R,RUS,B1GQ,Q,NSA,XDC,Q,2012-Q1,19492308100000,0,,,,,,,,,L,,,O,OL,true,2021,,F
dataflow,IMF.STA:QNEA(7.0.0),R,RUS,B1GQ,Q,NSA,XDC,Q,2012-Q2,20672447000000,0,,,,,,,,,L,,,O,OL,true,2021,,F
dataflow,IMF.STA:QNEA(7.0.0),R,RUS,B1GQ,Q,NSA,XDC,Q,2012-Q3,21711575000000,0,,,,,,,,,L,,,O,OL,true,2021,,F
dataflow,IMF.STA:QNEA(7.0.0),R,RUS,B1GQ,Q,NSA,XDC,Q,2012-Q4,23163953400000,0,,,,,,,,,L,,,O,OL,true,2021,,F
dataflow,IMF.STA:QNEA(7.0.0),R,RUS,B1GQ,Q,NSA,XDC,Q,2013-Q1,19712530600000,0,,,,,,,,,L,,,O,OL,true,2021,,F
dataflow,IMF.STA:QNEA(7.0.0),R,RUS,B1GQ,Q,NSA,XDC,Q,2013-Q2,21028103800000,0,,,,,,,,,L,,,O,OL,true,2021,,F
dataflow,IMF.STA:QNEA(7.0.0),R,RUS,B1GQ,Q,NSA,XDC,Q,2013-Q3,22039092500000,0,,,,,,,,,L,,,O,OL,true,2021,,F
dataflow,IMF.STA:QNEA(7.0.0),R,RUS,B1GQ,Q,NSA,XDC,Q,2013-Q4,23753372500000,0,,,,,,,,,L,,,O,OL,true,2021,,F
dataflow,IMF.STA:QNEA(7.0.0),R,RUS,B1GQ,Q,NSA,XDC,Q,2014-Q1,28173674600000,0,,,,,,,,,L,,,O,OL,true,2021,,F
dataflow,IMF.STA:QNEA(7.0.0),R,RUS,B1GQ,Q,NSA,XDC,Q,2014-Q2,30467301500000,0,,,,,,,,,L,,,O,OL,true,2021,,F
dataflow,IMF.STA:QNEA(7.0.0),R,RUS,B1GQ,Q,NSA,XDC,Q,2014-Q3,31833920600000,0,,,,,,,,,L,,,O,OL,true,2021,,F
dataflow,IMF.STA:QNEA(7.0.0),R,RUS,B1GQ,Q,NSA,XDC,Q,2014-Q4,33938290200000,0,,,,,,,,,L,,,O,OL,true,2021,,F
dataflow,IMF.STA:QNEA(7.0.0),R,RUS,B1GQ,Q,NSA,XDC,Q,2015-Q1,27743682500000,0,,,,,,,,,L,,,O,OL,true,2021,,F
dataflow,IMF.STA:QNEA(7.0.0),R,RUS,B1GQ,Q,NSA,XDC,Q,2015-Q2,29526184300000,0,,,,,,,,,L,,,O,OL,true,2021,,F
dataflow,IMF.STA:QNEA(7.0.0),R,RUS,B1GQ,Q,NSA,XDC,Q,2015-Q3,31292771000000,0,,,,,,,,,L,,,O,OL,true,2021,,F
dataflow,IMF.STA:QNEA(7.0.0),R,RUS,B1GQ,Q,NSA,XDC,Q,2015-Q4,33396226200000,0,,,,,,,,,L,,,O,OL,true,2021,,F
dataflow,IMF.STA:QNEA(7.0.0),R,RUS,B1GQ,Q,NSA,XDC,Q,2016-Q1,27686568100000,0,,,,,,,,,L,,,O,OL,true,2021,,F
dataflow,IMF.STA:QNEA(7.0.0),R,RUS,B1GQ,Q,NSA,XDC,Q,2016-Q2,29621129200000,0,,,,,,,,,L,,,O,OL,true,2021,,F
dataflow,IMF.STA:QNEA(7.0.0),R,RUS,B1GQ,Q,NSA,XDC,Q,2016-Q3,31311265600000,0,,,,,,,,,L,,,O,OL,true,2021,,F
dataflow,IMF.STA:QNEA(7.0.0),R,RUS,B1GQ,Q,NSA,XDC,Q,2016-Q4,33576100300000,0,,,,,,,,,L,,,O,OL,true,2021,,F
dataflow,IMF.STA:QNEA(7.0.0),R,RUS,B1GQ,Q,NSA,XDC,Q,2017-Q1,28049401000000,0,,,,,,,,,L,,,O,OL,true,2021,,F
dataflow,IMF.STA:QNEA(7.0.0),R,RUS,B1GQ,Q,NSA,XDC,Q,2017-Q2,30314841300000,0,,,,,,,,,L,,,O,OL,true,2021,,F
dataflow,IMF.STA:QNEA(7.0.0),R,RUS,B1GQ,Q,NSA,XDC,Q,2017-Q3,32137396900000,0,,,,,,,,,L,,,O,OL,true,2021,,F
dataflow,IMF.STA:QNEA(7.0.0),R,RUS,B1GQ,Q,NSA,XDC,Q,2017-Q4,33925567600000,0,,,,,,,,,L,,,O,OL,true,2021,,F
dataflow,IMF.STA:QNEA(7.0.0),R,RUS,B1GQ,Q,NSA,XDC,Q,2018-Q1,28768439500000,0,,,,,,,,,L,,,O,OL,true,2021,,F
dataflow,IMF.STA:QNEA(7.0.0),R,RUS,B1GQ,Q,NSA,XDC,Q,2018-Q2,31142231900000,0,,,,,,,,,L,,,O,OL,true,2021,,F
dataflow,IMF.STA:QNEA(7.0.0),R,RUS,B1GQ,Q,NSA,XDC,Q,2018-Q3,32983895000000,0,,,,,,,,,L,,,O,OL,true,2021,,F
dataflow,IMF.STA:QNEA(7.0.0),R,RUS,B1GQ,Q,NSA,XDC,Q,2018-Q4,35024491800000,0,,,,,,,,,L,,,O,OL,true,2021,,F
dataflow,IMF.STA:QNEA(7.0.0),R,RUS,B1GQ,Q,NSA,XDC,Q,2019-Q1,29168260400000,0,,,,,,,,,L,,,O,OL,true,2021,,F
dataflow,IMF.STA:QNEA(7.0.0),R,RUS,B1GQ,Q,NSA,XDC,Q,2019-Q2,31565376300000,0,,,,,,,,,L,,,O,OL,true,2021,,F
dataflow,IMF.STA:QNEA(7.0.0),R,RUS,B1GQ,Q,NSA,XDC,Q,2019-Q3,33897148100000,0,,,,,,,,,L,,,O,OL,true,2021,,F
dataflow,IMF.STA:QNEA(7.0.0),R,RUS,B1GQ,Q,NSA,XDC,Q,2019-Q4,36100031300000,0,,,,,,,,,L,,,O,OL,true,2021,,F
dataflow,IMF.STA:QNEA(7.0.0),R,RUS,B1GQ,Q,NSA,XDC,Q,2020-Q1,29609467100000,0,,,,,,,,,L,,,O,OL,true,2021,,F
dataflow,IMF.STA:QNEA(7.0.0),R,RUS,B1GQ,Q,NSA,XDC,Q,2020-Q2,29255232300000,0,,,,,,,,,L,,,O,OL,true,2021,,F
dataflow,IMF.STA:QNEA(7.0.0),R,RUS,B1GQ,Q,NSA,XDC,Q,2020-Q3,32767887000000,0,,,,,,,,,L,,,O,OL,true,2021,,F
dataflow,IMF.STA:QNEA(7.0.0),R,RUS,B1GQ,Q,NSA,XDC,Q,2020-Q4,35629085500000,0,,,,,,,,,L,,,O,OL,true,2021,,F
dataflow,IMF.STA:QNEA(7.0.0),R,RUS,B1GQ,Q,NSA,XDC,Q,2021-Q1,29907688000000,0,,,,,,,,,L,,,O,OL,true,2021,,F
dataflow,IMF.STA:QNEA(7.0.0),R,RUS,B1GQ,Q,NSA,XDC,Q,2021-Q2,32596309100000,0,,,,,,,,,L,,,O,OL,true,2021,,F
dataflow,IMF.STA:QNEA(7.0.0),R,RUS,B1GQ,Q,NSA,XDC,Q,2021-Q3,34473963400000,0,,,,,,,,,L,,,O,OL,true,2021,,F
dataflow,IMF.STA:QNEA(7.0.0),R,RUS,B1GQ,Q,NSA,XDC,Q,2021-Q4,37749506900000,0,,,,,,,,,L,,,O,OL,true,2021,,F
dataflow,IMF.STA:QNEA(7.0.0),R,RUS,B1GQ,Q,NSA,XDC,Q,2022-Q1,30913053700000,0,,,,,,,,,L,,,O,OL,true,2021,,F
dataflow,IMF.STA:QNEA(7.0.0),R,RUS,B1GQ,Q,NSA,XDC,Q,2022-Q2,31386209600000,0,,,,,,,,,L,,,O,OL,true,2021,,F
dataflow,IMF.STA:QNEA(7.0.0),R,RUS,B1GQ,Q,NSA,XDC,Q,2022-Q3,33458054500000,0,,,,,,,,,L,,,O,OL,true,2021,,F
dataflow,IMF.STA:QNEA(7.0.0),R,RUS,B1GQ,Q,NSA,XDC,Q,2022-Q4,37036311200000,0,,,,,,,,,L,,,O,OL,true,2021,,F
dataflow,IMF.STA:QNEA(7.0.0),R,RUS,B1GQ,Q,NSA,XDC,Q,2023-Q1,30656214900000,0,,,,,,,,,L,,,O,OL,true,2021,,F
dataflow,IMF.STA:QNEA(7.0.0),R,RUS,B1GQ,Q,NSA,XDC,Q,2023-Q2,33063563500000,0,,,,,,,,,L,,,O,OL,true,2021,,F
dataflow,IMF.STA:QNEA(7.0.0),R,RUS,B1GQ,Q,NSA,XDC,Q,2023-Q3,35514598300000,0,,,,,,,,,L,,,O,OL,true,2021,,F
dataflow,IMF.STA:QNEA(7.0.0),R,RUS,B1GQ,Q,NSA,XDC,Q,2023-Q4,38959456400000,0,,,,,,,,,L,,,O,OL,true,2021,,F
dataflow,IMF.STA:QNEA(7.0.0),R,RUS,B1GQ,Q,NSA,XDC,Q,2024-Q1,32462099000000,0,,,,,,,,,L,,,O,OL,true,2021,,F
dataflow,IMF.STA:QNEA(7.0.0),R,RUS,B1GQ,Q,NSA,XDC,Q,2024-Q2,34682481500000,0,,,,,,,,,L,,,O,OL,true,2021,,F
dataflow,IMF.STA:QNEA(7.0.0),R,RUS,B1GQ,Q,NSA,XDC,Q,2024-Q3,36861828200000,0,,,,,,,,,L,,,O,OL,true,2021,,F
dataflow,IMF.STA:QNEA(7.0.0),R,RUS,B1GQ,Q,NSA,XDC,Q,2024-Q4,40988882200000,0,,,,,,,,,L,,,O,OL,true,2021,,F
dataflow,IMF.STA:QNEA(7.0.0),R,RUS,B1GQ,Q,NSA,XDC,Q,2025-Q1,32887153000000,0,,,,,,,,,L,,,O,OL,true,2021,,F
dataflow,IMF.STA:QNEA(7.0.0),R,RUS,B1GQ,Q,NSA,XDC,Q,2025-Q2,35042668400000,0,,,,,,,,,L,,,O,OL,true,2021,,F
dataflow,IMF.STA:QNEA(7.0.0),R,RUS,B1GQ,Q,NSA,XDC,Q,2025-Q3,37138301000000,0,,,,,,,,,L,,,O,OL,true,2021,,F
dataflow,IMF.STA:QNEA(7.0.0),R,RUS,B1GQ,Q,NSA,XDC,Q,2025-Q4,41378827400000,0,,,,,,,,,L,,,O,OL,true,2021,,F
dataflow,IMF.STA:QNEA(7.0.0),R,RUS,B1GQ,Q,NSA,XDC,Q,2026-Q1,32837291400000,0,,,,,,,,,L,,,O,OL,true,2021,,F
dataflow,IMF.STA:QNEA(7.0.0),R,RUS,B1GQ,V,NSA,USD,Q,,,0,,,,,,,,,L,,,,OL,,,,
dataflow,IMF.STA:QNEA(7.0.0),R,RUS,B1GQ,V,NSA,XDC,Q,1994-Q1,83958000000,0,,,,,,,,,L,,,O,OL,true,,,F
dataflow,IMF.STA:QNEA(7.0.0),R,RUS,B1GQ,V,NSA,XDC,Q,1994-Q2,128671000000,0,,,,,,,,,L,,,O,OL,true,,,F
dataflow,IMF.STA:QNEA(7.0.0),R,RUS,B1GQ,V,NSA,XDC,Q,1994-Q3,173840000000,0,,,,,,,,,L,,,O,OL,true,,,F
dataflow,IMF.STA:QNEA(7.0.0),R,RUS,B1GQ,V,NSA,XDC,Q,1994-Q4,219345000000,0,,,,,,,,,L,,,O,OL,true,,,F
dataflow,IMF.STA:QNEA(7.0.0),R,RUS,B1GQ,V,NSA,XDC,Q,1995-Q1,231080500000,0,,,,,,,,,L,,,O,OL,true,,,F
dataflow,IMF.STA:QNEA(7.0.0),R,RUS,B1GQ,V,NSA,XDC,Q,1995-Q2,321551800000,0,,,,,,,,,L,,,O,OL,true,,,F
dataflow,IMF.STA:QNEA(7.0.0),R,RUS,B1GQ,V,NSA,XDC,Q,1995-Q3,419097100000,0,,,,,,,,,L,,,O,OL,true,,,F
dataflow,IMF.STA:QNEA(7.0.0),R,RUS,B1GQ,V,NSA,XDC,Q,1995-Q4,456792700000,0,,,,,,,,,L,,,O,OL,true,,,F
dataflow,IMF.STA:QNEA(7.0.0),R,RUS,B1GQ,V,NSA,XDC,Q,1996-Q1,416756400000,0,,,,,,,,,L,,,O,OL,true,,,F
dataflow,IMF.STA:QNEA(7.0.0),R,RUS,B1GQ,V,NSA,XDC,Q,1996-Q2,456943300000,0,,,,,,,,,L,,,O,OL,true,,,F
dataflow,IMF.STA:QNEA(7.0.0),R,RUS,B1GQ,V,NSA,XDC,Q,1996-Q3,554889500000,0,,,,,,,,,L,,,O,OL,true,,,F
dataflow,IMF.STA:QNEA(7.0.0),R,RUS,B1GQ,V,NSA,XDC,Q,1996-Q4,567306100000,0,,,,,,,,,L,,,O,OL,true,,,F
dataflow,IMF.STA:QNEA(7.0.0),R,RUS,B1GQ,V,NSA,XDC,Q,1997-Q1,518270100000,0,,,,,,,,,L,,,O,OL,true,,,F
dataflow,IMF.STA:QNEA(7.0.0),R,RUS,B1GQ,V,NSA,XDC,Q,1997-Q2,544893700000,0,,,,,,,,,L,,,O,OL,true,,,F
dataflow,IMF.STA:QNEA(7.0.0),R,RUS,B1GQ,V,NSA,XDC,Q,1997-Q3,646862500000,0,,,,,,,,,L,,,O,OL,true,,,F
dataflow,IMF.STA:QNEA(7.0.0),R,RUS,B1GQ,V,NSA,XDC,Q,1997-Q4,632487700000,0,,,,,,,,,L,,,O,OL,true,,,F
dataflow,IMF.STA:QNEA(7.0.0),R,RUS,B1GQ,V,NSA,XDC,Q,1998-Q1,540610400000,0,,,,,,,,,L,,,O,OL,true,,,F
dataflow,IMF.STA:QNEA(7.0.0),R,RUS,B1GQ,V,NSA,XDC,Q,1998-Q2,588551000000,0,,,,,,,,,L,,,O,OL,true,,,F
dataflow,IMF.STA:QNEA(7.0.0),R,RUS,B1GQ,V,NSA,XDC,Q,1998-Q3,658950800000,0,,,,,,,,,L,,,O,OL,true,,,F
dataflow,IMF.STA:QNEA(7.0.0),R,RUS,B1GQ,V,NSA,XDC,Q,1998-Q4,784569700000,0,,,,,,,,,L,,,O,OL,true,,,F
dataflow,IMF.STA:QNEA(7.0.0),R,RUS,B1GQ,V,NSA,XDC,Q,1999-Q1,901346900000,0,,,,,,,,,L,,,O,OL,true,,,F
dataflow,IMF.STA:QNEA(7.0.0),R,RUS,B1GQ,V,NSA,XDC,Q,1999-Q2,1101501300000,0,,,,,,,,,L,,,O,OL,true,,,F
dataflow,IMF.STA:QNEA(7.0.0),R,RUS,B1GQ,V,NSA,XDC,Q,1999-Q3,1373066100000,0,,,,,,,,,L,,,O,OL,true,,,F
dataflow,IMF.STA:QNEA(7.0.0),R,RUS,B1GQ,V,NSA,XDC,Q,1999-Q4,1447319200000,0,,,,,,,,,L,,,O,OL,true,,,F
dataflow,IMF.STA:QNEA(7.0.0),R,RUS,B1GQ,V,NSA,XDC,Q,2000-Q1,1547008300000,0,,,,,,,,,L,,,O,OL,true,,,F
dataflow,IMF.STA:QNEA(7.0.0),R,RUS,B1GQ,V,NSA,XDC,Q,2000-Q2,1716839600000,0,,,,,,,,,L,,,O,OL,true,,,F
dataflow,IMF.STA:QNEA(7.0.0),R,RUS,B1GQ,V,NSA,XDC,Q,2000-Q3,2009580400000,0,,,,,,,,,L,,,O,OL,true,,,F
dataflow,IMF.STA:QNEA(7.0.0),R,RUS,B1GQ,V,NSA,XDC,Q,2000-Q4,2032218000000,0,,,,,,,,,L,,,O,OL,true,,,F
dataflow,IMF.STA:QNEA(7.0.0),R,RUS,B1GQ,V,NSA,XDC,Q,2001-Q1,1917058000000,0,,,,,,,,,L,,,O,OL,true,,,F
dataflow,IMF.STA:QNEA(7.0.0),R,RUS,B1GQ,V,NSA,XDC,Q,2001-Q2,2117126700000,0,,,,,,,,,L,,,O,OL,true,,,F
dataflow,IMF.STA:QNEA(7.0.0),R,RUS,B1GQ,V,NSA,XDC,Q,2001-Q3,2481202300000,0,,,,,,,,,L,,,O,OL,true,,,F
dataflow,IMF.STA:QNEA(7.0.0),R,RUS,B1GQ,V,NSA,XDC,Q,2001-Q4,2468218000000,0,,,,,,,,,L,,,O,OL,true,,,F
dataflow,IMF.STA:QNEA(7.0.0),R,RUS,B1GQ,V,NSA,XDC,Q,2002-Q1,2260256100000,0,,,,,,,,,L,,,O,OL,true,,,F
dataflow,IMF.STA:QNEA(7.0.0),R,RUS,B1GQ,V,NSA,XDC,Q,2002-Q2,2526946900000,0,,,,,,,,,L,,,O,OL,true,,,F
dataflow,IMF.STA:QNEA(7.0.0),R,RUS,B1GQ,V,NSA,XDC,Q,2002-Q3,2982270100000,0,,,,,,,,,L,,,O,OL,true,,,F
dataflow,IMF.STA:QNEA(7.0.0),R,RUS,B1GQ,V,NSA,XDC,Q,2002-Q4,3017323300000,0,,,,,,,,,L,,,O,OL,true,,,F
dataflow,IMF.STA:QNEA(7.0.0),R,RUS,B1GQ,V,NSA,XDC,Q,2003-Q1,2867613200000,0,,,,,,,,,L,,,O,OL,true,,,F
dataflow,IMF.STA:QNEA(7.0.0),R,RUS,B1GQ,V,NSA,XDC,Q,2003-Q2,3097561000000,0,,,,,,,,,L,,,O,OL,true,,,F
dataflow,IMF.STA:QNEA(7.0.0),R,RUS,B1GQ,V,NSA,XDC,Q,2003-Q3,3635337100000,0,,,,,,,,,L,,,O,OL,true,,,F
dataflow,IMF.STA:QNEA(7.0.0),R,RUS,B1GQ,V,NSA,XDC,Q,2003-Q4,3681253000000,0,,,,,,,,,L,,,O,OL,true,,,F
dataflow,IMF.STA:QNEA(7.0.0),R,RUS,B1GQ,V,NSA,XDC,Q,2004-Q1,3508744700000,0,,,,,,,,,L,,,O,OL,true,,,F
dataflow,IMF.STA:QNEA(7.0.0),R,RUS,B1GQ,V,NSA,XDC,Q,2004-Q2,3989974200000,0,,,,,,,,,L,,,O,OL,true,,,F
dataflow,IMF.STA:QNEA(7.0.0),R,RUS,B1GQ,V,NSA,XDC,Q,2004-Q3,4702765100000,0,,,,,,,,,L,,,O,OL,true,,,F
dataflow,IMF.STA:QNEA(7.0.0),R,RUS,B1GQ,V,NSA,XDC,Q,2004-Q4,4921850400000,0,,,,,,,,,L,,,O,OL,true,,,F
dataflow,IMF.STA:QNEA(7.0.0),R,RUS,B1GQ,V,NSA,XDC,Q,2005-Q1,4500062100000,0,,,,,,,,,L,,,O,OL,true,,,F
dataflow,IMF.STA:QNEA(7.0.0),R,RUS,B1GQ,V,NSA,XDC,Q,2005-Q2,5112227300000,0,,,,,,,,,L,,,O,OL,true,,,F
dataflow,IMF.STA:QNEA(7.0.0),R,RUS,B1GQ,V,NSA,XDC,Q,2005-Q3,5969890500000,0,,,,,,,,,L,,,O,OL,true,,,F
dataflow,IMF.STA:QNEA(7.0.0),R,RUS,B1GQ,V,NSA,XDC,Q,2005-Q4,6153680900000,0,,,,,,,,,L,,,O,OL,true,,,F
dataflow,IMF.STA:QNEA(7.0.0),R,RUS,B1GQ,V,NSA,XDC,Q,2006-Q1,5790045600000,0,,,,,,,,,L,,,O,OL,true,,,F
dataflow,IMF.STA:QNEA(7.0.0),R,RUS,B1GQ,V,NSA,XDC,Q,2006-Q2,6402226900000,0,,,,,,,,,L,,,O,OL,true,,,F
dataflow,IMF.STA:QNEA(7.0.0),R,RUS,B1GQ,V,NSA,XDC,Q,2006-Q3,7307894000000,0,,,,,,,,,L,,,O,OL,true,,,F
dataflow,IMF.STA:QNEA(7.0.0),R,RUS,B1GQ,V,NSA,XDC,Q,2006-Q4,7434214300000,0,,,,,,,,,L,,,O,OL,true,,,F
dataflow,IMF.STA:QNEA(7.0.0),R,RUS,B1GQ,V,NSA,XDC,Q,2007-Q1,6718584800000,0,,,,,,,,,L,,,O,OL,true,,,F
dataflow,IMF.STA:QNEA(7.0.0),R,RUS,B1GQ,V,NSA,XDC,Q,2007-Q2,7689224400000,0,,,,,,,,,L,,,O,OL,true,,,F
dataflow,IMF.STA:QNEA(7.0.0),R,RUS,B1GQ,V,NSA,XDC,Q,2007-Q3,8786109200000,0,,,,,,,,,L,,,O,OL,true,,,F
dataflow,IMF.STA:QNEA(7.0.0),R,RUS,B1GQ,V,NSA,XDC,Q,2007-Q4,9675310600000,0,,,,,,,,,L,,,O,OL,true,,,F
dataflow,IMF.STA:QNEA(7.0.0),R,RUS,B1GQ,V,NSA,XDC,Q,2008-Q1,8929851500000,0,,,,,,,,,L,,,O,OL,true,,,F
dataflow,IMF.STA:QNEA(7.0.0),R,RUS,B1GQ,V,NSA,XDC,Q,2008-Q2,10329566100000,0,,,,,,,,,L,,,O,OL,true,,,F
dataflow,IMF.STA:QNEA(7.0.0),R,RUS,B1GQ,V,NSA,XDC,Q,2008-Q3,11754904600000,0,,,,,,,,,L,,,O,OL,true,,,F
dataflow,IMF.STA:QNEA(7.0.0),R,RUS,B1GQ,V,NSA,XDC,Q,2008-Q4,10867872500000,0,,,,,,,,,L,,,O,OL,true,,,F
dataflow,IMF.STA:QNEA(7.0.0),R,RUS,B1GQ,V,NSA,XDC,Q,2009-Q1,8380947500000,0,,,,,,,,,L,,,O,OL,true,,,F
dataflow,IMF.STA:QNEA(7.0.0),R,RUS,B1GQ,V,NSA,XDC,Q,2009-Q2,9389595100000,0,,,,,,,,,L,,,O,OL,true,,,F
dataflow,IMF.STA:QNEA(7.0.0),R,RUS,B1GQ,V,NSA,XDC,Q,2009-Q3,10636506600000,0,,,,,,,,,L,,,O,OL,true,,,F
dataflow,IMF.STA:QNEA(7.0.0),R,RUS,B1GQ,V,NSA,XDC,Q,2009-Q4,11095031500000,0,,,,,,,,,L,,,O,OL,true,,,F
dataflow,IMF.STA:QNEA(7.0.0),R,RUS,B1GQ,V,NSA,XDC,Q,2010-Q1,9968870600000,0,,,,,,,,,L,,,O,OL,true,,,F
dataflow,IMF.STA:QNEA(7.0.0),R,RUS,B1GQ,V,NSA,XDC,Q,2010-Q2,11159820900000,0,,,,,,,,,L,,,O,OL,true,,,F
dataflow,IMF.STA:QNEA(7.0.0),R,RUS,B1GQ,V,NSA,XDC,Q,2010-Q3,12200218400000,0,,,,,,,,,L,,,O,OL,true,,,F
dataflow,IMF.STA:QNEA(7.0.0),R,RUS,B1GQ,V,NSA,XDC,Q,2010-Q4,13398090200000,0,,,,,,,,,L,,,O,OL,true,,,F
dataflow,IMF.STA:QNEA(7.0.0),R,RUS,B1GQ,V,NSA,XDC,Q,2011-Q1,13024799500000,0,,,,,,,,,L,,,O,OL,true,,,F
dataflow,IMF.STA:QNEA(7.0.0),R,RUS,B1GQ,V,NSA,XDC,Q,2011-Q2,14434822300000,0,,,,,,,,,L,,,O,OL,true,,,F
dataflow,IMF.STA:QNEA(7.0.0),R,RUS,B1GQ,V,NSA,XDC,Q,2011-Q3,15745583600000,0,,,,,,,,,L,,,O,OL,true,,,F
dataflow,IMF.STA:QNEA(7.0.0),R,RUS,B1GQ,V,NSA,XDC,Q,2011-Q4,16908795400000,0,,,,,,,,,L,,,O,OL,true,,,F
dataflow,IMF.STA:QNEA(7.0.0),R,RUS,B1GQ,V,NSA,XDC,Q,2012-Q1,15182776400000,0,,,,,,,,,L,,,O,OL,true,,,F
dataflow,IMF.STA:QNEA(7.0.0),R,RUS,B1GQ,V,NSA,XDC,Q,2012-Q2,16435995600000,0,,,,,,,,,L,,,O,OL,true,,,F
dataflow,IMF.STA:QNEA(7.0.0),R,RUS,B1GQ,V,NSA,XDC,Q,2012-Q3,17715787900000,0,,,,,,,,,L,,,O,OL,true,,,F
dataflow,IMF.STA:QNEA(7.0.0),R,RUS,B1GQ,V,NSA,XDC,Q,2012-Q4,18768889700000,0,,,,,,,,,L,,,O,OL,true,,,F
dataflow,IMF.STA:QNEA(7.0.0),R,RUS,B1GQ,V,NSA,XDC,Q,2013-Q1,16370002900000,0,,,,,,,,,L,,,O,OL,true,,,F
dataflow,IMF.STA:QNEA(7.0.0),R,RUS,B1GQ,V,NSA,XDC,Q,2013-Q2,17507881800000,0,,,,,,,,,L,,,O,OL,true,,,F
dataflow,IMF.STA:QNEA(7.0.0),R,RUS,B1GQ,V,NSA,XDC,Q,2013-Q3,19003469300000,0,,,,,,,,,L,,,O,OL,true,,,F
dataflow,IMF.STA:QNEA(7.0.0),R,RUS,B1GQ,V,NSA,XDC,Q,2013-Q4,20104347100000,0,,,,,,,,,L,,,O,OL,true,,,F
dataflow,IMF.STA:QNEA(7.0.0),R,RUS,B1GQ,V,NSA,XDC,Q,2014-Q1,17311393600000,0,,,,,,,,,L,,,O,OL,true,,,F
dataflow,IMF.STA:QNEA(7.0.0),R,RUS,B1GQ,V,NSA,XDC,Q,2014-Q2,19044189400000,0,,,,,,,,,L,,,O,OL,true,,,F
dataflow,IMF.STA:QNEA(7.0.0),R,RUS,B1GQ,V,NSA,XDC,Q,2014-Q3,20544004200000,0,,,,,,,,,L,,,O,OL,true,,,F
dataflow,IMF.STA:QNEA(7.0.0),R,RUS,B1GQ,V,NSA,XDC,Q,2014-Q4,22130452900000,0,,,,,,,,,L,,,O,OL,true,,,F
dataflow,IMF.STA:QNEA(7.0.0),R,RUS,B1GQ,V,NSA,XDC,Q,2015-Q1,18467912800000,0,,,,,,,,,L,,,O,OL,true,,,F
dataflow,IMF.STA:QNEA(7.0.0),R,RUS,B1GQ,V,NSA,XDC,Q,2015-Q2,19751015000000,0,,,,,,,,,L,,,O,OL,true,,,F
dataflow,IMF.STA:QNEA(7.0.0),R,RUS,B1GQ,V,NSA,XDC,Q,2015-Q3,21788589400000,0,,,,,,,,,L,,,O,OL,true,,,F
dataflow,IMF.STA:QNEA(7.0.0),R,RUS,B1GQ,V,NSA,XDC,Q,2015-Q4,23079842900000,0,,,,,,,,,L,,,O,OL,true,,,F
dataflow,IMF.STA:QNEA(7.0.0),R,RUS,B1GQ,V,NSA,XDC,Q,2016-Q1,18885121100000,0,,,,,,,,,L,,,O,OL,true,,,F
dataflow,IMF.STA:QNEA(7.0.0),R,RUS,B1GQ,V,NSA,XDC,Q,2016-Q2,20452234600000,0,,,,,,,,,L,,,O,OL,true,,,F
dataflow,IMF.STA:QNEA(7.0.0),R,RUS,B1GQ,V,NSA,XDC,Q,2016-Q3,22235115200000,0,,,,,,,,,L,,,O,OL,true,,,F
dataflow,IMF.STA:QNEA(7.0.0),R,RUS,B1GQ,V,NSA,XDC,Q,2016-Q4,24043612800000,0,,,,,,,,,L,,,O,OL,true,,,F
dataflow,IMF.STA:QNEA(7.0.0),R,RUS,B1GQ,V,NSA,XDC,Q,2017-Q1,20586119100000,0,,,,,,,,,L,,,O,OL,true,,,F
dataflow,IMF.STA:QNEA(7.0.0),R,RUS,B1GQ,V,NSA,XDC,Q,2017-Q2,21917573800000,0,,,,,,,,,L,,,O,OL,true,,,F
dataflow,IMF.STA:QNEA(7.0.0),R,RUS,B1GQ,V,NSA,XDC,Q,2017-Q3,23718216200000,0,,,,,,,,,L,,,O,OL,true,,,F
dataflow,IMF.STA:QNEA(7.0.0),R,RUS,B1GQ,V,NSA,XDC,Q,2017-Q4,25621245200000,0,,,,,,,,,L,,,O,OL,true,,,F
dataflow,IMF.STA:QNEA(7.0.0),R,RUS,B1GQ,V,NSA,XDC,Q,2018-Q1,22474464300000,0,,,,,,,,,L,,,O,OL,true,,,F
dataflow,IMF.STA:QNEA(7.0.0),R,RUS,B1GQ,V,NSA,XDC,Q,2018-Q2,24969759100000,0,,,,,,,,,L,,,O,OL,true,,,F
dataflow,IMF.STA:QNEA(7.0.0),R,RUS,B1GQ,V,NSA,XDC,Q,2018-Q3,27196843500000,0,,,,,,,,,L,,,O,OL,true,,,F
dataflow,IMF.STA:QNEA(7.0.0),R,RUS,B1GQ,V,NSA,XDC,Q,2018-Q4,29220584100000,0,,,,,,,,,L,,,O,OL,true,,,F
dataflow,IMF.STA:QNEA(7.0.0),R,RUS,B1GQ,V,NSA,XDC,Q,2019-Q1,24608601400000,0,,,,,,,,,L,,,O,OL,true,,,F
dataflow,IMF.STA:QNEA(7.0.0),R,RUS,B1GQ,V,NSA,XDC,Q,2019-Q2,26628589900000,0,,,,,,,,,L,,,O,OL,true,,,F
dataflow,IMF.STA:QNEA(7.0.0),R,RUS,B1GQ,V,NSA,XDC,Q,2019-Q3,28346031600000,0,,,,,,,,,L,,,O,OL,true,,,F
dataflow,IMF.STA:QNEA(7.0.0),R,RUS,B1GQ,V,NSA,XDC,Q,2019-Q4,30025082900000,0,,,,,,,,,L,,,O,OL,true,,,F
dataflow,IMF.STA:QNEA(7.0.0),R,RUS,B1GQ,V,NSA,XDC,Q,2020-Q1,24865958100000,0,,,,,,,,,L,,,O,OL,true,,,F
dataflow,IMF.STA:QNEA(7.0.0),R,RUS,B1GQ,V,NSA,XDC,Q,2020-Q2,23775433100000,0,,,,,,,,,L,,,O,OL,true,,,F
dataflow,IMF.STA:QNEA(7.0.0),R,RUS,B1GQ,V,NSA,XDC,Q,2020-Q3,27786260400000,0,,,,,,,,,L,,,O,OL,true,,,F
dataflow,IMF.STA:QNEA(7.0.0),R,RUS,B1GQ,V,NSA,XDC,Q,2020-Q4,31230479400000,0,,,,,,,,,L,,,O,OL,true,,,F
dataflow,IMF.STA:QNEA(7.0.0),R,RUS,B1GQ,V,NSA,XDC,Q,2021-Q1,27854492600000,0,,,,,,,,,L,,,O,OL,true,,,F
dataflow,IMF.STA:QNEA(7.0.0),R,RUS,B1GQ,V,NSA,XDC,Q,2021-Q2,31784448800000,0,,,,,,,,,L,,,O,OL,true,,,F
dataflow,IMF.STA:QNEA(7.0.0),R,RUS,B1GQ,V,NSA,XDC,Q,2021-Q3,35219494700000,0,,,,,,,,,L,,,O,OL,true,,,F
dataflow,IMF.STA:QNEA(7.0.0),R,RUS,B1GQ,V,NSA,XDC,Q,2021-Q4,39869031300000,0,,,,,,,,,L,,,O,OL,true,,,F
dataflow,IMF.STA:QNEA(7.0.0),R,RUS,B1GQ,V,NSA,XDC,Q,2022-Q1,37093415200000,0,,,,,,,,,L,,,O,OL,true,,,F
dataflow,IMF.STA:QNEA(7.0.0),R,RUS,B1GQ,V,NSA,XDC,Q,2022-Q2,37390819300000,0,,,,,,,,,L,,,O,OL,true,,,F
dataflow,IMF.STA:QNEA(7.0.0),R,RUS,B1GQ,V,NSA,XDC,Q,2022-Q3,39181546800000,0,,,,,,,,,L,,,O,OL,true,,,F
dataflow,IMF.STA:QNEA(7.0.0),R,RUS,B1GQ,V,NSA,XDC,Q,2022-Q4,43335612500000,0,,,,,,,,,L,,,O,OL,true,,,F
dataflow,IMF.STA:QNEA(7.0.0),R,RUS,B1GQ,V,NSA,XDC,Q,2023-Q1,36372698200000,0,,,,,,,,,L,,,O,OL,true,,,F
dataflow,IMF.STA:QNEA(7.0.0),R,RUS,B1GQ,V,NSA,XDC,Q,2023-Q2,40206721800000,0,,,,,,,,,L,,,O,OL,true,,,F
dataflow,IMF.STA:QNEA(7.0.0),R,RUS,B1GQ,V,NSA,XDC,Q,2023-Q3,45606898800000,0,,,,,,,,,L,,,O,OL,true,,,F
dataflow,IMF.STA:QNEA(7.0.0),R,RUS,B1GQ,V,NSA,XDC,Q,2023-Q4,52079407000000,0,,,,,,,,,L,,,O,OL,true,,,F
dataflow,IMF.STA:QNEA(7.0.0),R,RUS,B1GQ,V,NSA,XDC,Q,2024-Q1,44332915200000,0,,,,,,,,,L,,,O,OL,true,,,F
dataflow,IMF.STA:QNEA(7.0.0),R,RUS,B1GQ,V,NSA,XDC,Q,2024-Q2,47556658700000,0,,,,,,,,,L,,,O,OL,true,,,F
dataflow,IMF.STA:QNEA(7.0.0),R,RUS,B1GQ,V,NSA,XDC,Q,2024-Q3,51159890200000,0,,,,,,,,,L,,,O,OL,true,,,F
dataflow,IMF.STA:QNEA(7.0.0),R,RUS,B1GQ,V,NSA,XDC,Q,2024-Q4,59270995700000,0,,,,,,,,,L,,,O,OL,true,,,F
dataflow,IMF.STA:QNEA(7.0.0),R,RUS,B1GQ,V,NSA,XDC,Q,2025-Q1,47950377800000,0,,,,,,,,,L,,,O,OL,true,,,F
dataflow,IMF.STA:QNEA(7.0.0),R,RUS,B1GQ,V,NSA,XDC,Q,2025-Q2,49284767300000,0,,,,,,,,,L,,,O,OL,true,,,F
dataflow,IMF.STA:QNEA(7.0.0),R,RUS,B1GQ,V,NSA,XDC,Q,2025-Q3,54671822400000,0,,,,,,,,,L,,,O,OL,true,,,F
dataflow,IMF.STA:QNEA(7.0.0),R,RUS,B1GQ,V,NSA,XDC,Q,2025-Q4,62354056000000,0,,,,,,,,,L,,,O,OL,true,,,F
dataflow,IMF.STA:QNEA(7.0.0),R,RUS,B1GQ,V,NSA,XDC,Q,2026-Q1,49869532400000,0,,,,,,,,,L,,,O,OL,true,,,F
dataflow,IMF.STA:QNEA(7.0.0),R,RUS,B1GQPA,Q,NSA,USD,Q,,,,,,,,,,,,L,,,,,,2016,,
dataflow,IMF.STA:QNEA(7.0.0),R,RUS,B1GQPA,Q,NSA,XDC,Q,,,,,,,,,,,,L,,,,,,2016,,
dataflow,IMF.STA:QNEA(7.0.0),R,RUS,B1GQPA,Q,SA,USD,Q,,,,,,,,,,,,L,,,,,,2016,,
dataflow,IMF.STA:QNEA(7.0.0),R,RUS,B1GQPA,Q,SA,XDC,Q,,,,,,,,,,,,L,,,,,,2016,,
dataflow,IMF.STA:QNEA(7.0.0),R,RUS,B1GQPA,V,NSA,USD,Q,,,,,,,,,,,,L,,,,,,Not Applicable,,
dataflow,IMF.STA:QNEA(7.0.0),R,RUS,B1GQPA,V,NSA,XDC,Q,,,,,,,,,,,,L,,,,,,Not Applicable,,
dataflow,IMF.STA:QNEA(7.0.0),R,RUS,B1G_A,Q,NSA,USD,Q,,,,,,,,,,,,L,,,,,,2016,,
dataflow,IMF.STA:QNEA(7.0.0),R,RUS,B1G_A,Q,NSA,XDC,Q,,,,,,,,,,,,L,,,,,,2016,,
dataflow,IMF.STA:QNEA(7.0.0),R,RUS,B1G_A,Q,SA,USD,Q,,,,,,,,,,,,L,,,,,,2016,,
dataflow,IMF.STA:QNEA(7.0.0),R,RUS,B1G_A,Q,SA,XDC,Q,,,,,,,,,,,,L,,,,,,2016,,
dataflow,IMF.STA:QNEA(7.0.0),R,RUS,B1G_A,V,NSA,USD,Q,,,,,,,,,,,,L,,,,,,Not Applicable,,
dataflow,IMF.STA:QNEA(7.0.0),R,RUS,B1G_A,V,NSA,XDC,Q,,,,,,,,,,,,L,,,,,,Not Applicable,,
dataflow,IMF.STA:QNEA(7.0.0),R,RUS,B1G_C,Q,NSA,USD,Q,,,,,,,,,,,,L,,,,,,2016,,
dataflow,IMF.STA:QNEA(7.0.0),R,RUS,B1G_C,Q,NSA,XDC,Q,,,,,,,,,,,,L,,,,,,2016,,
dataflow,IMF.STA:QNEA(7.0.0),R,RUS,B1G_C,Q,SA,USD,Q,,,,,,,,,,,,L,,,,,,2016,,
dataflow,IMF.STA:QNEA(7.0.0),R,RUS,B1G_C,Q,SA,XDC,Q,,,,,,,,,,,,L,,,,,,2016,,
dataflow,IMF.STA:QNEA(7.0.0),R,RUS,B1G_C,V,NSA,USD,Q,,,,,,,,,,,,L,,,,,,Not Applicable,,
dataflow,IMF.STA:QNEA(7.0.0),R,RUS,B1G_C,V,NSA,XDC,Q,,,,,,,,,,,,L,,,,,,Not Applicable,,
dataflow,IMF.STA:QNEA(7.0.0),R,RUS,B1G_F,Q,NSA,USD,Q,,,,,,,,,,,,L,,,,,,2016,,
dataflow,IMF.STA:QNEA(7.0.0),R,RUS,B1G_F,Q,NSA,XDC,Q,,,,,,,,,,,,L,,,,,,2016,,
dataflow,IMF.STA:QNEA(7.0.0),R,RUS,B1G_F,Q,SA,USD,Q,,,,,,,,,,,,L,,,,,,2016,,
dataflow,IMF.STA:QNEA(7.0.0),R,RUS,B1G_F,Q,SA,XDC,Q,,,,,,,,,,,,L,,,,,,2016,,
dataflow,IMF.STA:QNEA(7.0.0),R,RUS,B1G_F,V,NSA,USD,Q,,,,,,,,,,,,L,,,,,,Not Applicable,,
dataflow,IMF.STA:QNEA(7.0.0),R,RUS,B1G_F,V,NSA,XDC,Q,,,,,,,,,,,,L,,,,,,Not Applicable,,
dataflow,IMF.STA:QNEA(7.0.0),R,RUS,B1G_INDE,Q,NSA,USD,Q,,,,,,,,,,,,L,,,,,,2016,,
dataflow,IMF.STA:QNEA(7.0.0),R,RUS,B1G_INDE,Q,NSA,XDC,Q,,,,,,,,,,,,L,,,,,,2016,,
dataflow,IMF.STA:QNEA(7.0.0),R,RUS,B1G_INDE,Q,SA,USD,Q,,,,,,,,,,,,L,,,,,,2016,,
dataflow,IMF.STA:QNEA(7.0.0),R,RUS,B1G_INDE,Q,SA,XDC,Q,,,,,,,,,,,,L,,,,,,2016,,
dataflow,IMF.STA:QNEA(7.0.0),R,RUS,B1G_INDE,V,NSA,USD,Q,,,,,,,,,,,,L,,,,,,Not Applicable,,
dataflow,IMF.STA:QNEA(7.0.0),R,RUS,B1G_INDE,V,NSA,XDC,Q,,,,,,,,,,,,L,,,,,,Not Applicable,,
dataflow,IMF.STA:QNEA(7.0.0),R,RUS,B1G_J,Q,NSA,USD,Q,,,,,,,,,,,,L,,,,,,2016,,
dataflow,IMF.STA:QNEA(7.0.0),R,RUS,B1G_J,Q,NSA,XDC,Q,,,,,,,,,,,,L,,,,,,2016,,
dataflow,IMF.STA:QNEA(7.0.0),R,RUS,B1G_J,Q,SA,USD,Q,,,,,,,,,,,,L,,,,,,2016,,
dataflow,IMF.STA:QNEA(7.0.0),R,RUS,B1G_J,Q,SA,XDC,Q,,,,,,,,,,,,L,,,,,,2016,,
dataflow,IMF.STA:QNEA(7.0.0),R,RUS,B1G_J,V,NSA,USD,Q,,,,,,,,,,,,L,,,,,,Not Applicable,,
dataflow,IMF.STA:QNEA(7.0.0),R,RUS,B1G_J,V,NSA,XDC,Q,,,,,,,,,,,,L,,,,,,Not Applicable,,
dataflow,IMF.STA:QNEA(7.0.0),R,RUS,B1G_K,Q,NSA,USD,Q,,,,,,,,,,,,L,,,,,,2016,,
dataflow,IMF.STA:QNEA(7.0.0),R,RUS,B1G_K,Q,NSA,XDC,Q,,,,,,,,,,,,L,,,,,,2016,,
dataflow,IMF.STA:QNEA(7.0.0),R,RUS,B1G_K,Q,SA,USD,Q,,,,,,,,,,,,L,,,,,,2016,,
dataflow,IMF.STA:QNEA(7.0.0),R,RUS,B1G_K,Q,SA,XDC,Q,,,,,,,,,,,,L,,,,,,2016,,
dataflow,IMF.STA:QNEA(7.0.0),R,RUS,B1G_K,V,NSA,USD,Q,,,,,,,,,,,,L,,,,,,Not Applicable,,
dataflow,IMF.STA:QNEA(7.0.0),R,RUS,B1G_K,V,NSA,XDC,Q,,,,,,,,,,,,L,,,,,,Not Applicable,,
dataflow,IMF.STA:QNEA(7.0.0),R,RUS,B1G_L68,Q,NSA,USD,Q,,,,,,,,,,,,L,,,,,,2016,,
dataflow,IMF.STA:QNEA(7.0.0),R,RUS,B1G_L68,Q,NSA,XDC,Q,,,,,,,,,,,,L,,,,,,2016,,
dataflow,IMF.STA:QNEA(7.0.0),R,RUS,B1G_L68,Q,SA,USD,Q,,,,,,,,,,,,L,,,,,,2016,,
dataflow,IMF.STA:QNEA(7.0.0),R,RUS,B1G_L68,Q,SA,XDC,Q,,,,,,,,,,,,L,,,,,,2016,,
dataflow,IMF.STA:QNEA(7.0.0),R,RUS,B1G_L68,V,NSA,USD,Q,,,,,,,,,,,,L,,,,,,Not Applicable,,
dataflow,IMF.STA:QNEA(7.0.0),R,RUS,B1G_L68,V,NSA,XDC,Q,,,,,,,,,,,,L,,,,,,Not Applicable,,
dataflow,IMF.STA:QNEA(7.0.0),R,RUS,B1G_OTQ,Q,NSA,USD,Q,,,,,,,,,,,,L,,,,,,2016,,
dataflow,IMF.STA:QNEA(7.0.0),R,RUS,B1G_OTQ,Q,NSA,XDC,Q,,,,,,,,,,,,L,,,,,,2016,,
dataflow,IMF.STA:QNEA(7.0.0),R,RUS,B1G_OTQ,Q,SA,USD,Q,,,,,,,,,,,,L,,,,,,2016,,
dataflow,IMF.STA:QNEA(7.0.0),R,RUS,B1G_OTQ,Q,SA,XDC,Q,,,,,,,,,,,,L,,,,,,2016,,
dataflow,IMF.STA:QNEA(7.0.0),R,RUS,B1G_OTQ,V,NSA,USD,Q,,,,,,,,,,,,L,,,,,,Not Applicable,,
dataflow,IMF.STA:QNEA(7.0.0),R,RUS,B1G_OTQ,V,NSA,XDC,Q,,,,,,,,,,,,L,,,,,,Not Applicable,,
dataflow,IMF.STA:QNEA(7.0.0),R,RUS,D21,Q,NSA,USD,Q,,,,,,,,,,,,L,,,,,,2016,,
dataflow,IMF.STA:QNEA(7.0.0),R,RUS,D21,Q,NSA,XDC,Q,,,,,,,,,,,,L,,,,,,2016,,
dataflow,IMF.STA:QNEA(7.0.0),R,RUS,D21,Q,SA,USD,Q,,,,,,,,,,,,L,,,,,,2016,,
dataflow,IMF.STA:QNEA(7.0.0),R,RUS,D21,Q,SA,XDC,Q,2011-Q1,2242713500000,,,,,,,,,,L,,,O,,true,2016,,F
dataflow,IMF.STA:QNEA(7.0.0),R,RUS,D21,Q,SA,XDC,Q,2011-Q2,2266917500000,,,,,,,,,,L,,,O,,true,2016,,F
dataflow,IMF.STA:QNEA(7.0.0),R,RUS,D21,Q,SA,XDC,Q,2011-Q3,2271332200000,,,,,,,,,,L,,,O,,true,2016,,F
dataflow,IMF.STA:QNEA(7.0.0),R,RUS,D21,Q,SA,XDC,Q,2011-Q4,2285419300000,,,,,,,,,,L,,,O,,true,2016,,F
dataflow,IMF.STA:QNEA(7.0.0),R,RUS,D21,Q,SA,XDC,Q,2012-Q1,2378914600000,,,,,,,,,,L,,,O,,true,2016,,F
dataflow,IMF.STA:QNEA(7.0.0),R,RUS,D21,Q,SA,XDC,Q,2012-Q2,2348874000000,,,,,,,,,,L,,,O,,true,2016,,F
dataflow,IMF.STA:QNEA(7.0.0),R,RUS,D21,Q,SA,XDC,Q,2012-Q3,2327657800000,,,,,,,,,,L,,,O,,true,2016,,F
dataflow,IMF.STA:QNEA(7.0.0),R,RUS,D21,Q,SA,XDC,Q,2012-Q4,2327433000000,,,,,,,,,,L,,,O,,true,2016,,F
dataflow,IMF.STA:QNEA(7.0.0),R,RUS,D21,Q,SA,XDC,Q,2013-Q1,2432736400000,,,,,,,,,,L,,,O,,true,2016,,F
dataflow,IMF.STA:QNEA(7.0.0),R,RUS,D21,Q,SA,XDC,Q,2013-Q2,2387727900000,,,,,,,,,,L,,,O,,true,2016,,F
dataflow,IMF.STA:QNEA(7.0.0),R,RUS,D21,Q,SA,XDC,Q,2013-Q3,2360794900000,,,,,,,,,,L,,,O,,true,2016,,F
dataflow,IMF.STA:QNEA(7.0.0),R,RUS,D21,Q,SA,XDC,Q,2013-Q4,2360257700000,,,,,,,,,,L,,,O,,true,2016,,F
dataflow,IMF.STA:QNEA(7.0.0),R,RUS,D21,Q,SA,XDC,Q,2014-Q1,2275371900000,,,,,,,,,,L,,,O,,true,2016,,F
dataflow,IMF.STA:QNEA(7.0.0),R,RUS,D21,Q,SA,XDC,Q,2014-Q2,2345351300000,,,,,,,,,,L,,,O,,true,2016,,F
dataflow,IMF.STA:QNEA(7.0.0),R,RUS,D21,Q,SA,XDC,Q,2014-Q3,2407032700000,,,,,,,,,,L,,,O,,true,2016,,F
dataflow,IMF.STA:QNEA(7.0.0),R,RUS,D21,Q,SA,XDC,Q,2014-Q4,2339834300000,,,,,,,,,,L,,,O,,true,2016,,F
dataflow,IMF.STA:QNEA(7.0.0),R,RUS,D21,Q,SA,XDC,Q,2015-Q1,2234499900000,,,,,,,,,,L,,,O,,true,2016,,F
dataflow,IMF.STA:QNEA(7.0.0),R,RUS,D21,Q,SA,XDC,Q,2015-Q2,2236942800000,,,,,,,,,,L,,,O,,true,2016,,F
dataflow,IMF.STA:QNEA(7.0.0),R,RUS,D21,Q,SA,XDC,Q,2015-Q3,2209111300000,,,,,,,,,,L,,,O,,true,2016,,F
dataflow,IMF.STA:QNEA(7.0.0),R,RUS,D21,Q,SA,XDC,Q,2015-Q4,2211219000000,,,,,,,,,,L,,,O,,true,2016,,F
dataflow,IMF.STA:QNEA(7.0.0),R,RUS,D21,Q,SA,XDC,Q,2016-Q1,2193359700000,,,,,,,,,,L,,,O,,true,2016,,F
dataflow,IMF.STA:QNEA(7.0.0),R,RUS,D21,Q,SA,XDC,Q,2016-Q2,2220784600000,,,,,,,,,,L,,,O,,true,2016,,F
dataflow,IMF.STA:QNEA(7.0.0),R,RUS,D21,Q,SA,XDC,Q,2016-Q3,2191241900000,,,,,,,,,,L,,,O,,true,2016,,F
dataflow,IMF.STA:QNEA(7.0.0),R,RUS,D21,Q,SA,XDC,Q,2016-Q4,2213864900000,,,,,,,,,,L,,,O,,true,2016,,F
dataflow,IMF.STA:QNEA(7.0.0),R,RUS,D21,Q,SA,XDC,Q,2017-Q1,2226498800000,,,,,,,,,,L,,,O,,true,2016,,F
dataflow,IMF.STA:QNEA(7.0.0),R,RUS,D21,Q,SA,XDC,Q,2017-Q2,2258293100000,,,,,,,,,,L,,,O,,true,2016,,F
dataflow,IMF.STA:QNEA(7.0.0),R,RUS,D21,Q,SA,XDC,Q,2017-Q3,2264172400000,,,,,,,,,,L,,,O,,true,2016,,F
dataflow,IMF.STA:QNEA(7.0.0),R,RUS,D21,Q,SA,XDC,Q,2017-Q4,2215762000000,,,,,,,,,,L,,,O,,true,2016,,F
dataflow,IMF.STA:QNEA(7.0.0),R,RUS,D21,Q,SA,XDC,Q,2018-Q1,2293400500000,,,,,,,,,,L,,,O,,true,2016,,F
dataflow,IMF.STA:QNEA(7.0.0),R,RUS,D21,Q,SA,XDC,Q,2018-Q2,2343325100000,,,,,,,,,,L,,,O,,true,2016,,F
dataflow,IMF.STA:QNEA(7.0.0),R,RUS,D21,Q,SA,XDC,Q,2018-Q3,2308228300000,,,,,,,,,,L,,,O,,true,2016,,F
dataflow,IMF.STA:QNEA(7.0.0),R,RUS,D21,Q,SA,XDC,Q,2018-Q4,2285458900000,,,,,,,,,,L,,,O,,true,2016,,F
dataflow,IMF.STA:QNEA(7.0.0),R,RUS,D21,Q,SA,XDC,Q,2019-Q1,2326682600000,,,,,,,,,,L,,,O,,true,2016,,F
dataflow,IMF.STA:QNEA(7.0.0),R,RUS,D21,Q,SA,XDC,Q,2019-Q2,2322340700000,,,,,,,,,,L,,,O,,true,2016,,F
dataflow,IMF.STA:QNEA(7.0.0),R,RUS,D21,Q,SA,XDC,Q,2019-Q3,2382336200000,,,,,,,,,,L,,,O,,true,2016,,F
dataflow,IMF.STA:QNEA(7.0.0),R,RUS,D21,Q,SA,XDC,Q,2019-Q4,2388735900000,,,,,,,,,,L,,,O,,true,2016,,F
dataflow,IMF.STA:QNEA(7.0.0),R,RUS,D21,Q,SA,XDC,Q,2020-Q1,2304620900000,,,,,,,,,,L,,,O,,true,2016,,F
dataflow,IMF.STA:QNEA(7.0.0),R,RUS,D21,Q,SA,XDC,Q,2020-Q2,2122804400000,,,,,,,,,,L,,,O,,true,2016,,F
dataflow,IMF.STA:QNEA(7.0.0),R,RUS,D21,Q,SA,XDC,Q,2020-Q3,2194883500000,,,,,,,,,,L,,,O,,true,2016,,F
dataflow,IMF.STA:QNEA(7.0.0),R,RUS,D21,Q,SA,XDC,Q,2020-Q4,2296642200000,,,,,,,,,,L,,,O,,true,2016,,F
dataflow,IMF.STA:QNEA(7.0.0),R,RUS,D21,Q,SA,XDC,Q,2021-Q1,2282873900000,,,,,,,,,,L,,,O,,true,2016,,F
dataflow,IMF.STA:QNEA(7.0.0),R,RUS,D21,Q,SA,XDC,Q,2021-Q2,2365936900000,,,,,,,,,,L,,,O,,true,2016,,F
dataflow,IMF.STA:QNEA(7.0.0),R,RUS,D21,Q,SA,XDC,Q,2021-Q3,2324570200000,,,,,,,,,,L,,,O,,true,2016,,F
dataflow,IMF.STA:QNEA(7.0.0),R,RUS,D21,V,NSA,USD,Q,,,,,,,,,,,,L,,,,,,Not Applicable,,
dataflow,IMF.STA:QNEA(7.0.0),R,RUS,D21,V,NSA,XDC,Q,,,,,,,,,,,,L,,,,,,Not Applicable,,
dataflow,IMF.STA:QNEA(7.0.0),R,RUS,D29X39,Q,NSA,USD,Q,,,,,,,,,,,,L,,,,,,2016,,
dataflow,IMF.STA:QNEA(7.0.0),R,RUS,D29X39,Q,NSA,XDC,Q,,,,,,,,,,,,L,,,,,,2016,,
dataflow,IMF.STA:QNEA(7.0.0),R,RUS,D29X39,Q,SA,USD,Q,,,,,,,,,,,,L,,,,,,2016,,
dataflow,IMF.STA:QNEA(7.0.0),R,RUS,D29X39,Q,SA,XDC,Q,,,,,,,,,,,,L,,,,,,2016,,
dataflow,IMF.STA:QNEA(7.0.0),R,RUS,D29X39,V,NSA,USD,Q,,,,,,,,,,,,L,,,,,,Not Applicable,,
dataflow,IMF.STA:QNEA(7.0.0),R,RUS,D29X39,V,NSA,XDC,Q,,,,,,,,,,,,L,,,,,,Not Applicable,,
dataflow,IMF.STA:QNEA(7.0.0),R,RUS,D31,Q,NSA,USD,Q,,,,,,,,,,,,L,,,,,,2016,,
dataflow,IMF.STA:QNEA(7.0.0),R,RUS,D31,Q,NSA,XDC,Q,,,,,,,,,,,,L,,,,,,2016,,
dataflow,IMF.STA:QNEA(7.0.0),R,RUS,D31,Q,SA,USD,Q,,,,,,,,,,,,L,,,,,,2016,,
dataflow,IMF.STA:QNEA(7.0.0),R,RUS,D31,Q,SA,XDC,Q,2011-Q1,66311900000,,,,,,,,,,L,,,O,,true,2016,,F
dataflow,IMF.STA:QNEA(7.0.0),R,RUS,D31,Q,SA,XDC,Q,2011-Q2,67541300000,,,,,,,,,,L,,,O,,true,2016,,F
dataflow,IMF.STA:QNEA(7.0.0),R,RUS,D31,Q,SA,XDC,Q,2011-Q3,68455400000,,,,,,,,,,L,,,O,,true,2016,,F
dataflow,IMF.STA:QNEA(7.0.0),R,RUS,D31,Q,SA,XDC,Q,2011-Q4,66121200000,,,,,,,,,,L,,,O,,true,2016,,F
dataflow,IMF.STA:QNEA(7.0.0),R,RUS,D31,Q,SA,XDC,Q,2012-Q1,69343300000,,,,,,,,,,L,,,O,,true,2016,,F
dataflow,IMF.STA:QNEA(7.0.0),R,RUS,D31,Q,SA,XDC,Q,2012-Q2,68747600000,,,,,,,,,,L,,,O,,true,2016,,F
dataflow,IMF.STA:QNEA(7.0.0),R,RUS,D31,Q,SA,XDC,Q,2012-Q3,71513200000,,,,,,,,,,L,,,O,,true,2016,,F
dataflow,IMF.STA:QNEA(7.0.0),R,RUS,D31,Q,SA,XDC,Q,2012-Q4,67282700000,,,,,,,,,,L,,,O,,true,2016,,F
dataflow,IMF.STA:QNEA(7.0.0),R,RUS,D31,Q,SA,XDC,Q,2013-Q1,66725700000,,,,,,,,,,L,,,O,,true,2016,,F
dataflow,IMF.STA:QNEA(7.0.0),R,RUS,D31,Q,SA,XDC,Q,2013-Q2,68558300000,,,,,,,,,,L,,,O,,true,2016,,F
dataflow,IMF.STA:QNEA(7.0.0),R,RUS,D31,Q,SA,XDC,Q,2013-Q3,67033600000,,,,,,,,,,L,,,O,,true,2016,,F
dataflow,IMF.STA:QNEA(7.0.0),R,RUS,D31,Q,SA,XDC,Q,2013-Q4,68745700000,,,,,,,,,,L,,,O,,true,2016,,F
dataflow,IMF.STA:QNEA(7.0.0),R,RUS,D31,Q,SA,XDC,Q,2014-Q1,69694100000,,,,,,,,,,L,,,O,,true,2016,,F
dataflow,IMF.STA:QNEA(7.0.0),R,RUS,D31,Q,SA,XDC,Q,2014-Q2,62338300000,,,,,,,,,,L,,,O,,true,2016,,F
dataflow,IMF.STA:QNEA(7.0.0),R,RUS,D31,Q,SA,XDC,Q,2014-Q3,72650000000,,,,,,,,,,L,,,O,,true,2016,,F
dataflow,IMF.STA:QNEA(7.0.0),R,RUS,D31,Q,SA,XDC,Q,2014-Q4,69600000000,,,,,,,,,,L,,,O,,true,2016,,F
dataflow,IMF.STA:QNEA(7.0.0),R,RUS,D31,Q,SA,XDC,Q,2015-Q1,67208200000,,,,,,,,,,L,,,O,,true,2016,,F
dataflow,IMF.STA:QNEA(7.0.0),R,RUS,D31,Q,SA,XDC,Q,2015-Q2,68651600000,,,,,,,,,,L,,,O,,true,2016,,F
dataflow,IMF.STA:QNEA(7.0.0),R,RUS,D31,Q,SA,XDC,Q,2015-Q3,66525900000,,,,,,,,,,L,,,O,,true,2016,,F
dataflow,IMF.STA:QNEA(7.0.0),R,RUS,D31,Q,SA,XDC,Q,2015-Q4,70806100000,,,,,,,,,,L,,,O,,true,2016,,F
dataflow,IMF.STA:QNEA(7.0.0),R,RUS,D31,Q,SA,XDC,Q,2016-Q1,68360800000,,,,,,,,,,L,,,O,,true,2016,,F
dataflow,IMF.STA:QNEA(7.0.0),R,RUS,D31,Q,SA,XDC,Q,2016-Q2,69789700000,,,,,,,,,,L,,,O,,true,2016,,F
dataflow,IMF.STA:QNEA(7.0.0),R,RUS,D31,Q,SA,XDC,Q,2016-Q3,67724500000,,,,,,,,,,L,,,O,,true,2016,,F
dataflow,IMF.STA:QNEA(7.0.0),R,RUS,D31,Q,SA,XDC,Q,2016-Q4,72041700000,,,,,,,,,,L,,,O,,true,2016,,F
dataflow,IMF.STA:QNEA(7.0.0),R,RUS,D31,Q,SA,XDC,Q,2017-Q1,70085000000,,,,,,,,,,L,,,O,,true,2016,,F
dataflow,IMF.STA:QNEA(7.0.0),R,RUS,D31,Q,SA,XDC,Q,2017-Q2,72547900000,,,,,,,,,,L,,,O,,true,2016,,F
dataflow,IMF.STA:QNEA(7.0.0),R,RUS,D31,Q,SA,XDC,Q,2017-Q3,70151000000,,,,,,,,,,L,,,O,,true,2016,,F
dataflow,IMF.STA:QNEA(7.0.0),R,RUS,D31,Q,SA,XDC,Q,2017-Q4,70068500000,,,,,,,,,,L,,,O,,true,2016,,F
dataflow,IMF.STA:QNEA(7.0.0),R,RUS,D31,Q,SA,XDC,Q,2018-Q1,72742900000,,,,,,,,,,L,,,O,,true,2016,,F
dataflow,IMF.STA:QNEA(7.0.0),R,RUS,D31,Q,SA,XDC,Q,2018-Q2,73812200000,,,,,,,,,,L,,,O,,true,2016,,F
dataflow,IMF.STA:QNEA(7.0.0),R,RUS,D31,Q,SA,XDC,Q,2018-Q3,70763300000,,,,,,,,,,L,,,O,,true,2016,,F
dataflow,IMF.STA:QNEA(7.0.0),R,RUS,D31,Q,SA,XDC,Q,2018-Q4,72380400000,,,,,,,,,,L,,,O,,true,2016,,F
dataflow,IMF.STA:QNEA(7.0.0),R,RUS,D31,Q,SA,XDC,Q,2019-Q1,72943200000,,,,,,,,,,L,,,O,,true,2016,,F
dataflow,IMF.STA:QNEA(7.0.0),R,RUS,D31,Q,SA,XDC,Q,2019-Q2,75400400000,,,,,,,,,,L,,,O,,true,2016,,F
dataflow,IMF.STA:QNEA(7.0.0),R,RUS,D31,Q,SA,XDC,Q,2019-Q3,73491200000,,,,,,,,,,L,,,O,,true,2016,,F
dataflow,IMF.STA:QNEA(7.0.0),R,RUS,D31,Q,SA,XDC,Q,2019-Q4,73097600000,,,,,,,,,,L,,,O,,true,2016,,F
dataflow,IMF.STA:QNEA(7.0.0),R,RUS,D31,Q,SA,XDC,Q,2020-Q1,72148500000,,,,,,,,,,L,,,O,,true,2016,,F
dataflow,IMF.STA:QNEA(7.0.0),R,RUS,D31,Q,SA,XDC,Q,2020-Q2,68430200000,,,,,,,,,,L,,,O,,true,2016,,F
dataflow,IMF.STA:QNEA(7.0.0),R,RUS,D31,Q,SA,XDC,Q,2020-Q3,70779300000,,,,,,,,,,L,,,O,,true,2016,,F
dataflow,IMF.STA:QNEA(7.0.0),R,RUS,D31,Q,SA,XDC,Q,2020-Q4,70557200000,,,,,,,,,,L,,,O,,true,2016,,F
dataflow,IMF.STA:QNEA(7.0.0),R,RUS,D31,Q,SA,XDC,Q,2021-Q1,74249400000,,,,,,,,,,L,,,O,,true,2016,,F
dataflow,IMF.STA:QNEA(7.0.0),R,RUS,D31,Q,SA,XDC,Q,2021-Q2,76355700000,,,,,,,,,,L,,,O,,true,2016,,F
dataflow,IMF.STA:QNEA(7.0.0),R,RUS,D31,Q,SA,XDC,Q,2021-Q3,74161900000,,,,,,,,,,L,,,O,,true,2016,,F
dataflow,IMF.STA:QNEA(7.0.0),R,RUS,D31,V,NSA,USD,Q,,,,,,,,,,,,L,,,,,,Not Applicable,,
dataflow,IMF.STA:QNEA(7.0.0),R,RUS,D31,V,NSA,XDC,Q,,,,,,,,,,,,L,,,,,,Not Applicable,,
dataflow,IMF.STA:QNEA(7.0.0),R,RUS,P3,Q,NSA,USD,Q,,,0,,,,,,,,,L,,,,OL,,2021,,
dataflow,IMF.STA:QNEA(7.0.0),R,RUS,P3,Q,NSA,XDC,Q,2011-Q1,14232763700000,0,,,,,,,,,L,,,O,OL,true,2021,,F
dataflow,IMF.STA:QNEA(7.0.0),R,RUS,P3,Q,NSA,XDC,Q,2011-Q2,14860679600000,0,,,,,,,,,L,,,O,OL,true,2021,,F
dataflow,IMF.STA:QNEA(7.0.0),R,RUS,P3,Q,NSA,XDC,Q,2011-Q3,15634605500000,0,,,,,,,,,L,,,O,OL,true,2021,,F
dataflow,IMF.STA:QNEA(7.0.0),R,RUS,P3,Q,NSA,XDC,Q,2011-Q4,16223945800000,0,,,,,,,,,L,,,O,OL,true,2021,,F
dataflow,IMF.STA:QNEA(7.0.0),R,RUS,P3,Q,NSA,XDC,Q,2012-Q1,15161939900000,0,,,,,,,,,L,,,O,OL,true,2021,,F
dataflow,IMF.STA:QNEA(7.0.0),R,RUS,P3,Q,NSA,XDC,Q,2012-Q2,15782696800000,0,,,,,,,,,L,,,O,OL,true,2021,,F
dataflow,IMF.STA:QNEA(7.0.0),R,RUS,P3,Q,NSA,XDC,Q,2012-Q3,16585941100000,0,,,,,,,,,L,,,O,OL,true,2021,,F
dataflow,IMF.STA:QNEA(7.0.0),R,RUS,P3,Q,NSA,XDC,Q,2012-Q4,17177279800000,0,,,,,,,,,L,,,O,OL,true,2021,,F
dataflow,IMF.STA:QNEA(7.0.0),R,RUS,P3,Q,NSA,XDC,Q,2013-Q1,15743839300000,0,,,,,,,,,L,,,O,OL,true,2021,,F
dataflow,IMF.STA:QNEA(7.0.0),R,RUS,P3,Q,NSA,XDC,Q,2013-Q2,16427440300000,0,,,,,,,,,L,,,O,OL,true,2021,,F
dataflow,IMF.STA:QNEA(7.0.0),R,RUS,P3,Q,NSA,XDC,Q,2013-Q3,17298379300000,0,,,,,,,,,L,,,O,OL,true,2021,,F
dataflow,IMF.STA:QNEA(7.0.0),R,RUS,P3,Q,NSA,XDC,Q,2013-Q4,17687385700000,0,,,,,,,,,L,,,O,OL,true,2021,,F
dataflow,IMF.STA:QNEA(7.0.0),R,RUS,P3,Q,NSA,XDC,Q,2014-Q1,20792505500000,0,,,,,,,,,L,,,O,OL,true,2021,,F
dataflow,IMF.STA:QNEA(7.0.0),R,RUS,P3,Q,NSA,XDC,Q,2014-Q2,21398419200000,0,,,,,,,,,L,,,O,OL,true,2021,,F
dataflow,IMF.STA:QNEA(7.0.0),R,RUS,P3,Q,NSA,XDC,Q,2014-Q3,22436464500000,0,,,,,,,,,L,,,O,OL,true,2021,,F
dataflow,IMF.STA:QNEA(7.0.0),R,RUS,P3,Q,NSA,XDC,Q,2014-Q4,22969733600000,0,,,,,,,,,L,,,O,OL,true,2021,,F
dataflow,IMF.STA:QNEA(7.0.0),R,RUS,P3,Q,NSA,XDC,Q,2015-Q1,19451633100000,0,,,,,,,,,L,,,O,OL,true,2021,,F
dataflow,IMF.STA:QNEA(7.0.0),R,RUS,P3,Q,NSA,XDC,Q,2015-Q2,19708481100000,0,,,,,,,,,L,,,O,OL,true,2021,,F
dataflow,IMF.STA:QNEA(7.0.0),R,RUS,P3,Q,NSA,XDC,Q,2015-Q3,20604537500000,0,,,,,,,,,L,,,O,OL,true,2021,,F
dataflow,IMF.STA:QNEA(7.0.0),R,RUS,P3,Q,NSA,XDC,Q,2015-Q4,20852344100000,0,,,,,,,,,L,,,O,OL,true,2021,,F
dataflow,IMF.STA:QNEA(7.0.0),R,RUS,P3,Q,NSA,XDC,Q,2016-Q1,19097644300000,0,,,,,,,,,L,,,O,OL,true,2021,,F
dataflow,IMF.STA:QNEA(7.0.0),R,RUS,P3,Q,NSA,XDC,Q,2016-Q2,19368600800000,0,,,,,,,,,L,,,O,OL,true,2021,,F
dataflow,IMF.STA:QNEA(7.0.0),R,RUS,P3,Q,NSA,XDC,Q,2016-Q3,20186435200000,0,,,,,,,,,L,,,O,OL,true,2021,,F
dataflow,IMF.STA:QNEA(7.0.0),R,RUS,P3,Q,NSA,XDC,Q,2016-Q4,20728958400000,0,,,,,,,,,L,,,O,OL,true,2021,,F
dataflow,IMF.STA:QNEA(7.0.0),R,RUS,P3,Q,NSA,XDC,Q,2017-Q1,19445762500000,0,,,,,,,,,L,,,O,OL,true,2021,,F
dataflow,IMF.STA:QNEA(7.0.0),R,RUS,P3,Q,NSA,XDC,Q,2017-Q2,20047039200000,0,,,,,,,,,L,,,O,OL,true,2021,,F
dataflow,IMF.STA:QNEA(7.0.0),R,RUS,P3,Q,NSA,XDC,Q,2017-Q3,21000768800000,0,,,,,,,,,L,,,O,OL,true,2021,,F
dataflow,IMF.STA:QNEA(7.0.0),R,RUS,P3,Q,NSA,XDC,Q,2017-Q4,21587027200000,0,,,,,,,,,L,,,O,OL,true,2021,,F
dataflow,IMF.STA:QNEA(7.0.0),R,RUS,P3,Q,NSA,XDC,Q,2018-Q1,20124861800000,0,,,,,,,,,L,,,O,OL,true,2021,,F
dataflow,IMF.STA:QNEA(7.0.0),R,RUS,P3,Q,NSA,XDC,Q,2018-Q2,20796117600000,0,,,,,,,,,L,,,O,OL,true,2021,,F
dataflow,IMF.STA:QNEA(7.0.0),R,RUS,P3,Q,NSA,XDC,Q,2018-Q3,21674387600000,0,,,,,,,,,L,,,O,OL,true,2021,,F
dataflow,IMF.STA:QNEA(7.0.0),R,RUS,P3,Q,NSA,XDC,Q,2018-Q4,22329130700000,0,,,,,,,,,L,,,O,OL,true,2021,,F
dataflow,IMF.STA:QNEA(7.0.0),R,RUS,P3,Q,NSA,XDC,Q,2019-Q1,20818489000000,0,,,,,,,,,L,,,O,OL,true,2021,,F
dataflow,IMF.STA:QNEA(7.0.0),R,RUS,P3,Q,NSA,XDC,Q,2019-Q2,21493865400000,0,,,,,,,,,L,,,O,OL,true,2021,,F
dataflow,IMF.STA:QNEA(7.0.0),R,RUS,P3,Q,NSA,XDC,Q,2019-Q3,22426934900000,0,,,,,,,,,L,,,O,OL,true,2021,,F
dataflow,IMF.STA:QNEA(7.0.0),R,RUS,P3,Q,NSA,XDC,Q,2019-Q4,23063829800000,0,,,,,,,,,L,,,O,OL,true,2021,,F
dataflow,IMF.STA:QNEA(7.0.0),R,RUS,P3,Q,NSA,XDC,Q,2020-Q1,21714020100000,0,,,,,,,,,L,,,O,OL,true,2021,,F
dataflow,IMF.STA:QNEA(7.0.0),R,RUS,P3,Q,NSA,XDC,Q,2020-Q2,18505720300000,0,,,,,,,,,L,,,O,OL,true,2021,,F
dataflow,IMF.STA:QNEA(7.0.0),R,RUS,P3,Q,NSA,XDC,Q,2020-Q3,21598852100000,0,,,,,,,,,L,,,O,OL,true,2021,,F
dataflow,IMF.STA:QNEA(7.0.0),R,RUS,P3,Q,NSA,XDC,Q,2020-Q4,22600186100000,0,,,,,,,,,L,,,O,OL,true,2021,,F
dataflow,IMF.STA:QNEA(7.0.0),R,RUS,P3,Q,NSA,XDC,Q,2021-Q1,21496215500000,0,,,,,,,,,L,,,O,OL,true,2021,,F
dataflow,IMF.STA:QNEA(7.0.0),R,RUS,P3,Q,NSA,XDC,Q,2021-Q2,22348724200000,0,,,,,,,,,L,,,O,OL,true,2021,,F
dataflow,IMF.STA:QNEA(7.0.0),R,RUS,P3,Q,NSA,XDC,Q,2021-Q3,23245179400000,0,,,,,,,,,L,,,O,OL,true,2021,,F
dataflow,IMF.STA:QNEA(7.0.0),R,RUS,P3,Q,NSA,XDC,Q,2021-Q4,23948001600000,0,,,,,,,,,L,,,O,OL,true,2021,,F
dataflow,IMF.STA:QNEA(7.0.0),R,RUS,P3,Q,NSA,XDC,Q,2022-Q1,22327771900000,0,,,,,,,,,L,,,O,OL,true,2021,,F
dataflow,IMF.STA:QNEA(7.0.0),R,RUS,P3,Q,NSA,XDC,Q,2022-Q2,21763648000000,0,,,,,,,,,L,,,O,OL,true,2021,,F
dataflow,IMF.STA:QNEA(7.0.0),R,RUS,P3,Q,NSA,XDC,Q,2022-Q3,22531026700000,0,,,,,,,,,L,,,O,OL,true,2021,,F
dataflow,IMF.STA:QNEA(7.0.0),R,RUS,P3,Q,NSA,XDC,Q,2022-Q4,23559894800000,0,,,,,,,,,L,,,O,OL,true,2021,,F
dataflow,IMF.STA:QNEA(7.0.0),R,RUS,P3,Q,NSA,XDC,Q,2023-Q1,22958032300000,0,,,,,,,,,L,,,O,OL,true,2021,,F
dataflow,IMF.STA:QNEA(7.0.0),R,RUS,P3,Q,NSA,XDC,Q,2023-Q2,23748130100000,0,,,,,,,,,L,,,O,OL,true,2021,,F
dataflow,IMF.STA:QNEA(7.0.0),R,RUS,P3,Q,NSA,XDC,Q,2023-Q3,24782238000000,0,,,,,,,,,L,,,O,OL,true,2021,,F
dataflow,IMF.STA:QNEA(7.0.0),R,RUS,P3,Q,NSA,XDC,Q,2023-Q4,25337106800000,0,,,,,,,,,L,,,O,OL,true,2021,,F
dataflow,IMF.STA:QNEA(7.0.0),R,RUS,P3,Q,NSA,XDC,Q,2024-Q1,24428686200000,0,,,,,,,,,L,,,O,OL,true,2021,,F
dataflow,IMF.STA:QNEA(7.0.0),R,RUS,P3,Q,NSA,XDC,Q,2024-Q2,25119706800000,0,,,,,,,,,L,,,O,OL,true,2021,,F
dataflow,IMF.STA:QNEA(7.0.0),R,RUS,P3,Q,NSA,XDC,Q,2024-Q3,26162548600000,0,,,,,,,,,L,,,O,OL,true,2021,,F
dataflow,IMF.STA:QNEA(7.0.0),R,RUS,P3,Q,NSA,XDC,Q,2024-Q4,26475401500000,0,,,,,,,,,L,,,O,OL,true,2021,,F
dataflow,IMF.STA:QNEA(7.0.0),R,RUS,P3,Q,NSA,XDC,Q,2025-Q1,25292626800000,0,,,,,,,,,L,,,O,OL,true,2021,,F
dataflow,IMF.STA:QNEA(7.0.0),R,RUS,P3,Q,NSA,XDC,Q,2025-Q2,25771886900000,0,,,,,,,,,L,,,O,OL,true,2021,,F
dataflow,IMF.STA:QNEA(7.0.0),R,RUS,P3,Q,NSA,XDC,Q,2025-Q3,26837408800000,0,,,,,,,,,L,,,O,OL,true,2021,,F
dataflow,IMF.STA:QNEA(7.0.0),R,RUS,P3,Q,NSA,XDC,Q,2025-Q4,27282003900000,0,,,,,,,,,L,,,O,OL,true,2021,,F
dataflow,IMF.STA:QNEA(7.0.0),R,RUS,P3,Q,NSA,XDC,Q,2026-Q1,26041412400000,0,,,,,,,,,L,,,O,OL,true,2021,,F
dataflow,IMF.STA:QNEA(7.0.0),R,RUS,P3,V,NSA,USD,Q,,,0,,,,,,,,,L,,,,OL,,,,
dataflow,IMF.STA:QNEA(7.0.0),R,RUS,P3,V,NSA,XDC,Q,2006-Q1,3978339000000,0,,,,,,,,,L,,,O,OL,true,,,F
dataflow,IMF.STA:QNEA(7.0.0),R,RUS,P3,V,NSA,XDC,Q,2006-Q2,4299248700000,0,,,,,,,,,L,,,O,OL,true,,,F
dataflow,IMF.STA:QNEA(7.0.0),R,RUS,P3,V,NSA,XDC,Q,2006-Q3,4565072300000,0,,,,,,,,,L,,,O,OL,true,,,F
dataflow,IMF.STA:QNEA(7.0.0),R,RUS,P3,V,NSA,XDC,Q,2006-Q4,4967080700000,0,,,,,,,,,L,,,O,OL,true,,,F
dataflow,IMF.STA:QNEA(7.0.0),R,RUS,P3,V,NSA,XDC,Q,2007-Q1,4819024000000,0,,,,,,,,,L,,,O,OL,true,,,F
dataflow,IMF.STA:QNEA(7.0.0),R,RUS,P3,V,NSA,XDC,Q,2007-Q2,5254633300000,0,,,,,,,,,L,,,O,OL,true,,,F
dataflow,IMF.STA:QNEA(7.0.0),R,RUS,P3,V,NSA,XDC,Q,2007-Q3,5648118800000,0,,,,,,,,,L,,,O,OL,true,,,F
dataflow,IMF.STA:QNEA(7.0.0),R,RUS,P3,V,NSA,XDC,Q,2007-Q4,6246803400000,0,,,,,,,,,L,,,O,OL,true,,,F
dataflow,IMF.STA:QNEA(7.0.0),R,RUS,P3,V,NSA,XDC,Q,2008-Q1,6096684400000,0,,,,,,,,,L,,,O,OL,true,,,F
dataflow,IMF.STA:QNEA(7.0.0),R,RUS,P3,V,NSA,XDC,Q,2008-Q2,6663519200000,0,,,,,,,,,L,,,O,OL,true,,,F
dataflow,IMF.STA:QNEA(7.0.0),R,RUS,P3,V,NSA,XDC,Q,2008-Q3,7169345000000,0,,,,,,,,,L,,,O,OL,true,,,F
dataflow,IMF.STA:QNEA(7.0.0),R,RUS,P3,V,NSA,XDC,Q,2008-Q4,7613962800000,0,,,,,,,,,L,,,O,OL,true,,,F
dataflow,IMF.STA:QNEA(7.0.0),R,RUS,P3,V,NSA,XDC,Q,2009-Q1,6842165600000,0,,,,,,,,,L,,,O,OL,true,,,F
dataflow,IMF.STA:QNEA(7.0.0),R,RUS,P3,V,NSA,XDC,Q,2009-Q2,7140161300000,0,,,,,,,,,L,,,O,OL,true,,,F
dataflow,IMF.STA:QNEA(7.0.0),R,RUS,P3,V,NSA,XDC,Q,2009-Q3,7410597600000,0,,,,,,,,,L,,,O,OL,true,,,F
dataflow,IMF.STA:QNEA(7.0.0),R,RUS,P3,V,NSA,XDC,Q,2009-Q4,7876700600000,0,,,,,,,,,L,,,O,OL,true,,,F
dataflow,IMF.STA:QNEA(7.0.0),R,RUS,P3,V,NSA,XDC,Q,2010-Q1,7436851900000,0,,,,,,,,,L,,,O,OL,true,,,F
dataflow,IMF.STA:QNEA(7.0.0),R,RUS,P3,V,NSA,XDC,Q,2010-Q2,7866187300000,0,,,,,,,,,L,,,O,OL,true,,,F
dataflow,IMF.STA:QNEA(7.0.0),R,RUS,P3,V,NSA,XDC,Q,2010-Q3,8293274000000,0,,,,,,,,,L,,,O,OL,true,,,F
dataflow,IMF.STA:QNEA(7.0.0),R,RUS,P3,V,NSA,XDC,Q,2010-Q4,8918360000000,0,,,,,,,,,L,,,O,OL,true,,,F
dataflow,IMF.STA:QNEA(7.0.0),R,RUS,P3,V,NSA,XDC,Q,2011-Q1,9399729100000,0,,,,,,,,,L,,,O,OL,true,,,F
dataflow,IMF.STA:QNEA(7.0.0),R,RUS,P3,V,NSA,XDC,Q,2011-Q2,9964034500000,0,,,,,,,,,L,,,O,OL,true,,,F
dataflow,IMF.STA:QNEA(7.0.0),R,RUS,P3,V,NSA,XDC,Q,2011-Q3,10433972900000,0,,,,,,,,,L,,,O,OL,true,,,F
dataflow,IMF.STA:QNEA(7.0.0),R,RUS,P3,V,NSA,XDC,Q,2011-Q4,11086126400000,0,,,,,,,,,L,,,O,OL,true,,,F
dataflow,IMF.STA:QNEA(7.0.0),R,RUS,P3,V,NSA,XDC,Q,2012-Q1,10833703500000,0,,,,,,,,,L,,,O,OL,true,,,F
dataflow,IMF.STA:QNEA(7.0.0),R,RUS,P3,V,NSA,XDC,Q,2012-Q2,11421047500000,0,,,,,,,,,L,,,O,OL,true,,,F
dataflow,IMF.STA:QNEA(7.0.0),R,RUS,P3,V,NSA,XDC,Q,2012-Q3,12142624000000,0,,,,,,,,,L,,,O,OL,true,,,F
dataflow,IMF.STA:QNEA(7.0.0),R,RUS,P3,V,NSA,XDC,Q,2012-Q4,12876061100000,0,,,,,,,,,L,,,O,OL,true,,,F
dataflow,IMF.STA:QNEA(7.0.0),R,RUS,P3,V,NSA,XDC,Q,2013-Q1,12101423100000,0,,,,,,,,,L,,,O,OL,true,,,F
dataflow,IMF.STA:QNEA(7.0.0),R,RUS,P3,V,NSA,XDC,Q,2013-Q2,12777654000000,0,,,,,,,,,L,,,O,OL,true,,,F
dataflow,IMF.STA:QNEA(7.0.0),R,RUS,P3,V,NSA,XDC,Q,2013-Q3,13482667700000,0,,,,,,,,,L,,,O,OL,true,,,F
dataflow,IMF.STA:QNEA(7.0.0),R,RUS,P3,V,NSA,XDC,Q,2013-Q4,14071914900000,0,,,,,,,,,L,,,O,OL,true,,,F
dataflow,IMF.STA:QNEA(7.0.0),R,RUS,P3,V,NSA,XDC,Q,2014-Q1,13013056800000,0,,,,,,,,,L,,,O,OL,true,,,F
dataflow,IMF.STA:QNEA(7.0.0),R,RUS,P3,V,NSA,XDC,Q,2014-Q2,13738671600000,0,,,,,,,,,L,,,O,OL,true,,,F
dataflow,IMF.STA:QNEA(7.0.0),R,RUS,P3,V,NSA,XDC,Q,2014-Q3,14491728600000,0,,,,,,,,,L,,,O,OL,true,,,F
dataflow,IMF.STA:QNEA(7.0.0),R,RUS,P3,V,NSA,XDC,Q,2014-Q4,15492444600000,0,,,,,,,,,L,,,O,OL,true,,,F
dataflow,IMF.STA:QNEA(7.0.0),R,RUS,P3,V,NSA,XDC,Q,2015-Q1,13808979800000,0,,,,,,,,,L,,,O,OL,true,,,F
dataflow,IMF.STA:QNEA(7.0.0),R,RUS,P3,V,NSA,XDC,Q,2015-Q2,14198193700000,0,,,,,,,,,L,,,O,OL,true,,,F
dataflow,IMF.STA:QNEA(7.0.0),R,RUS,P3,V,NSA,XDC,Q,2015-Q3,14983317600000,0,,,,,,,,,L,,,O,OL,true,,,F
dataflow,IMF.STA:QNEA(7.0.0),R,RUS,P3,V,NSA,XDC,Q,2015-Q4,15540634800000,0,,,,,,,,,L,,,O,OL,true,,,F
dataflow,IMF.STA:QNEA(7.0.0),R,RUS,P3,V,NSA,XDC,Q,2016-Q1,14557144300000,0,,,,,,,,,L,,,O,OL,true,,,F
dataflow,IMF.STA:QNEA(7.0.0),R,RUS,P3,V,NSA,XDC,Q,2016-Q2,14943350000000,0,,,,,,,,,L,,,O,OL,true,,,F
dataflow,IMF.STA:QNEA(7.0.0),R,RUS,P3,V,NSA,XDC,Q,2016-Q3,15650426100000,0,,,,,,,,,L,,,O,OL,true,,,F
dataflow,IMF.STA:QNEA(7.0.0),R,RUS,P3,V,NSA,XDC,Q,2016-Q4,16247597800000,0,,,,,,,,,L,,,O,OL,true,,,F
dataflow,IMF.STA:QNEA(7.0.0),R,RUS,P3,V,NSA,XDC,Q,2017-Q1,15354330400000,0,,,,,,,,,L,,,O,OL,true,,,F
dataflow,IMF.STA:QNEA(7.0.0),R,RUS,P3,V,NSA,XDC,Q,2017-Q2,15957766800000,0,,,,,,,,,L,,,O,OL,true,,,F
dataflow,IMF.STA:QNEA(7.0.0),R,RUS,P3,V,NSA,XDC,Q,2017-Q3,16694213100000,0,,,,,,,,,L,,,O,OL,true,,,F
dataflow,IMF.STA:QNEA(7.0.0),R,RUS,P3,V,NSA,XDC,Q,2017-Q4,17283208400000,0,,,,,,,,,L,,,O,OL,true,,,F
dataflow,IMF.STA:QNEA(7.0.0),R,RUS,P3,V,NSA,XDC,Q,2018-Q1,16508906800000,0,,,,,,,,,L,,,O,OL,true,,,F
dataflow,IMF.STA:QNEA(7.0.0),R,RUS,P3,V,NSA,XDC,Q,2018-Q2,17252907800000,0,,,,,,,,,L,,,O,OL,true,,,F
dataflow,IMF.STA:QNEA(7.0.0),R,RUS,P3,V,NSA,XDC,Q,2018-Q3,18077890800000,0,,,,,,,,,L,,,O,OL,true,,,F
dataflow,IMF.STA:QNEA(7.0.0),R,RUS,P3,V,NSA,XDC,Q,2018-Q4,18865507600000,0,,,,,,,,,L,,,O,OL,true,,,F
dataflow,IMF.STA:QNEA(7.0.0),R,RUS,P3,V,NSA,XDC,Q,2019-Q1,18016126800000,0,,,,,,,,,L,,,O,OL,true,,,F
dataflow,IMF.STA:QNEA(7.0.0),R,RUS,P3,V,NSA,XDC,Q,2019-Q2,18714240200000,0,,,,,,,,,L,,,O,OL,true,,,F
dataflow,IMF.STA:QNEA(7.0.0),R,RUS,P3,V,NSA,XDC,Q,2019-Q3,19507233400000,0,,,,,,,,,L,,,O,OL,true,,,F
dataflow,IMF.STA:QNEA(7.0.0),R,RUS,P3,V,NSA,XDC,Q,2019-Q4,20159845800000,0,,,,,,,,,L,,,O,OL,true,,,F
dataflow,IMF.STA:QNEA(7.0.0),R,RUS,P3,V,NSA,XDC,Q,2020-Q1,19478500400000,0,,,,,,,,,L,,,O,OL,true,,,F
dataflow,IMF.STA:QNEA(7.0.0),R,RUS,P3,V,NSA,XDC,Q,2020-Q2,16823493700000,0,,,,,,,,,L,,,O,OL,true,,,F
dataflow,IMF.STA:QNEA(7.0.0),R,RUS,P3,V,NSA,XDC,Q,2020-Q3,19695660400000,0,,,,,,,,,L,,,O,OL,true,,,F
dataflow,IMF.STA:QNEA(7.0.0),R,RUS,P3,V,NSA,XDC,Q,2020-Q4,20942048500000,0,,,,,,,,,L,,,O,OL,true,,,F
dataflow,IMF.STA:QNEA(7.0.0),R,RUS,P3,V,NSA,XDC,Q,2021-Q1,20819737000000,0,,,,,,,,,L,,,O,OL,true,,,F
dataflow,IMF.STA:QNEA(7.0.0),R,RUS,P3,V,NSA,XDC,Q,2021-Q2,22133582800000,0,,,,,,,,,L,,,O,OL,true,,,F
dataflow,IMF.STA:QNEA(7.0.0),R,RUS,P3,V,NSA,XDC,Q,2021-Q3,23367961400000,0,,,,,,,,,L,,,O,OL,true,,,F
dataflow,IMF.STA:QNEA(7.0.0),R,RUS,P3,V,NSA,XDC,Q,2021-Q4,24716839500000,0,,,,,,,,,L,,,O,OL,true,,,F
dataflow,IMF.STA:QNEA(7.0.0),R,RUS,P3,V,NSA,XDC,Q,2022-Q1,24066745600000,0,,,,,,,,,L,,,O,OL,true,,,F
dataflow,IMF.STA:QNEA(7.0.0),R,RUS,P3,V,NSA,XDC,Q,2022-Q2,24369442500000,0,,,,,,,,,L,,,O,OL,true,,,F
dataflow,IMF.STA:QNEA(7.0.0),R,RUS,P3,V,NSA,XDC,Q,2022-Q3,25263818700000,0,,,,,,,,,L,,,O,OL,true,,,F
dataflow,IMF.STA:QNEA(7.0.0),R,RUS,P3,V,NSA,XDC,Q,2022-Q4,27053770700000,0,,,,,,,,,L,,,O,OL,true,,,F
dataflow,IMF.STA:QNEA(7.0.0),R,RUS,P3,V,NSA,XDC,Q,2023-Q1,27411103700000,0,,,,,,,,,L,,,O,OL,true,,,F
dataflow,IMF.STA:QNEA(7.0.0),R,RUS,P3,V,NSA,XDC,Q,2023-Q2,28588154600000,0,,,,,,,,,L,,,O,OL,true,,,F
dataflow,IMF.STA:QNEA(7.0.0),R,RUS,P3,V,NSA,XDC,Q,2023-Q3,30431544600000,0,,,,,,,,,L,,,O,OL,true,,,F
dataflow,IMF.STA:QNEA(7.0.0),R,RUS,P3,V,NSA,XDC,Q,2023-Q4,31975339600000,0,,,,,,,,,L,,,O,OL,true,,,F
dataflow,IMF.STA:QNEA(7.0.0),R,RUS,P3,V,NSA,XDC,Q,2024-Q1,32127415700000,0,,,,,,,,,L,,,O,OL,true,,,F
dataflow,IMF.STA:QNEA(7.0.0),R,RUS,P3,V,NSA,XDC,Q,2024-Q2,33237737400000,0,,,,,,,,,L,,,O,OL,true,,,F
dataflow,IMF.STA:QNEA(7.0.0),R,RUS,P3,V,NSA,XDC,Q,2024-Q3,35177526400000,0,,,,,,,,,L,,,O,OL,true,,,F
dataflow,IMF.STA:QNEA(7.0.0),R,RUS,P3,V,NSA,XDC,Q,2024-Q4,36495379700000,0,,,,,,,,,L,,,O,OL,true,,,F
dataflow,IMF.STA:QNEA(7.0.0),R,RUS,P3,V,NSA,XDC,Q,2025-Q1,35644905700000,0,,,,,,,,,L,,,O,OL,true,,,F
dataflow,IMF.STA:QNEA(7.0.0),R,RUS,P3,V,NSA,XDC,Q,2025-Q2,36480726600000,0,,,,,,,,,L,,,O,OL,true,,,F
dataflow,IMF.STA:QNEA(7.0.0),R,RUS,P3,V,NSA,XDC,Q,2025-Q3,38638145000000,0,,,,,,,,,L,,,O,OL,true,,,F
dataflow,IMF.STA:QNEA(7.0.0),R,RUS,P3,V,NSA,XDC,Q,2025-Q4,40002346500000,0,,,,,,,,,L,,,O,OL,true,,,F
dataflow,IMF.STA:QNEA(7.0.0),R,RUS,P3,V,NSA,XDC,Q,2026-Q1,39479151000000,0,,,,,,,,,L,,,O,OL,true,,,F
dataflow,IMF.STA:QNEA(7.0.0),R,RUS,P31_S13,Q,NSA,USD,Q,,,0,,,,,,,,,L,,,,OL,,2021,,
dataflow,IMF.STA:QNEA(7.0.0),R,RUS,P31_S13,Q,NSA,XDC,Q,2011-Q1,1759338900000,0,,,,,,,,,L,,,O,OL,true,2021,,F
dataflow,IMF.STA:QNEA(7.0.0),R,RUS,P31_S13,Q,NSA,XDC,Q,2011-Q2,1784476800000,0,,,,,,,,,L,,,O,OL,true,2021,,F
dataflow,IMF.STA:QNEA(7.0.0),R,RUS,P31_S13,Q,NSA,XDC,Q,2011-Q3,1769102100000,0,,,,,,,,,L,,,O,OL,true,2021,,F
dataflow,IMF.STA:QNEA(7.0.0),R,RUS,P31_S13,Q,NSA,XDC,Q,2011-Q4,1822574100000,0,,,,,,,,,L,,,O,OL,true,2021,,F
dataflow,IMF.STA:QNEA(7.0.0),R,RUS,P31_S13,Q,NSA,XDC,Q,2012-Q1,1726861700000,0,,,,,,,,,L,,,O,OL,true,2021,,F
dataflow,IMF.STA:QNEA(7.0.0),R,RUS,P31_S13,Q,NSA,XDC,Q,2012-Q2,1728190700000,0,,,,,,,,,L,,,O,OL,true,2021,,F
dataflow,IMF.STA:QNEA(7.0.0),R,RUS,P31_S13,Q,NSA,XDC,Q,2012-Q3,1709891400000,0,,,,,,,,,L,,,O,OL,true,2021,,F
dataflow,IMF.STA:QNEA(7.0.0),R,RUS,P31_S13,Q,NSA,XDC,Q,2012-Q4,1738636000000,0,,,,,,,,,L,,,O,OL,true,2021,,F
dataflow,IMF.STA:QNEA(7.0.0),R,RUS,P31_S13,Q,NSA,XDC,Q,2013-Q1,1697025300000,0,,,,,,,,,L,,,O,OL,true,2021,,F
dataflow,IMF.STA:QNEA(7.0.0),R,RUS,P31_S13,Q,NSA,XDC,Q,2013-Q2,1694389700000,0,,,,,,,,,L,,,O,OL,true,2021,,F
dataflow,IMF.STA:QNEA(7.0.0),R,RUS,P31_S13,Q,NSA,XDC,Q,2013-Q3,1677080500000,0,,,,,,,,,L,,,O,OL,true,2021,,F
dataflow,IMF.STA:QNEA(7.0.0),R,RUS,P31_S13,Q,NSA,XDC,Q,2013-Q4,1708824300000,0,,,,,,,,,L,,,O,OL,true,2021,,F
dataflow,IMF.STA:QNEA(7.0.0),R,RUS,P31_S13,Q,NSA,XDC,Q,2014-Q1,2569598700000,0,,,,,,,,,L,,,O,OL,true,2021,,F
dataflow,IMF.STA:QNEA(7.0.0),R,RUS,P31_S13,Q,NSA,XDC,Q,2014-Q2,2450814000000,0,,,,,,,,,L,,,O,OL,true,2021,,F
dataflow,IMF.STA:QNEA(7.0.0),R,RUS,P31_S13,Q,NSA,XDC,Q,2014-Q3,2504784100000,0,,,,,,,,,L,,,O,OL,true,2021,,F
dataflow,IMF.STA:QNEA(7.0.0),R,RUS,P31_S13,Q,NSA,XDC,Q,2014-Q4,2538081700000,0,,,,,,,,,L,,,O,OL,true,2021,,F
dataflow,IMF.STA:QNEA(7.0.0),R,RUS,P31_S13,Q,NSA,XDC,Q,2015-Q1,2536283100000,0,,,,,,,,,L,,,O,OL,true,2021,,F
dataflow,IMF.STA:QNEA(7.0.0),R,RUS,P31_S13,Q,NSA,XDC,Q,2015-Q2,2421107000000,0,,,,,,,,,L,,,O,OL,true,2021,,F
dataflow,IMF.STA:QNEA(7.0.0),R,RUS,P31_S13,Q,NSA,XDC,Q,2015-Q3,2476827700000,0,,,,,,,,,L,,,O,OL,true,2021,,F
dataflow,IMF.STA:QNEA(7.0.0),R,RUS,P31_S13,Q,NSA,XDC,Q,2015-Q4,2505039400000,0,,,,,,,,,L,,,O,OL,true,2021,,F
dataflow,IMF.STA:QNEA(7.0.0),R,RUS,P31_S13,Q,NSA,XDC,Q,2016-Q1,2500547900000,0,,,,,,,,,L,,,O,OL,true,2021,,F
dataflow,IMF.STA:QNEA(7.0.0),R,RUS,P31_S13,Q,NSA,XDC,Q,2016-Q2,2385558700000,0,,,,,,,,,L,,,O,OL,true,2021,,F
dataflow,IMF.STA:QNEA(7.0.0),R,RUS,P31_S13,Q,NSA,XDC,Q,2016-Q3,2441468700000,0,,,,,,,,,L,,,O,OL,true,2021,,F
dataflow,IMF.STA:QNEA(7.0.0),R,RUS,P31_S13,Q,NSA,XDC,Q,2016-Q4,2473842000000,0,,,,,,,,,L,,,O,OL,true,2021,,F
dataflow,IMF.STA:QNEA(7.0.0),R,RUS,P31_S13,Q,NSA,XDC,Q,2017-Q1,2486912800000,0,,,,,,,,,L,,,O,OL,true,2021,,F
dataflow,IMF.STA:QNEA(7.0.0),R,RUS,P31_S13,Q,NSA,XDC,Q,2017-Q2,2376296200000,0,,,,,,,,,L,,,O,OL,true,2021,,F
dataflow,IMF.STA:QNEA(7.0.0),R,RUS,P31_S13,Q,NSA,XDC,Q,2017-Q3,2427885600000,0,,,,,,,,,L,,,O,OL,true,2021,,F
dataflow,IMF.STA:QNEA(7.0.0),R,RUS,P31_S13,Q,NSA,XDC,Q,2017-Q4,2460226900000,0,,,,,,,,,L,,,O,OL,true,2021,,F
dataflow,IMF.STA:QNEA(7.0.0),R,RUS,P31_S13,Q,NSA,XDC,Q,2018-Q1,2512420400000,0,,,,,,,,,L,,,O,OL,true,2021,,F
dataflow,IMF.STA:QNEA(7.0.0),R,RUS,P31_S13,Q,NSA,XDC,Q,2018-Q2,2399403200000,0,,,,,,,,,L,,,O,OL,true,2021,,F
dataflow,IMF.STA:QNEA(7.0.0),R,RUS,P31_S13,Q,NSA,XDC,Q,2018-Q3,2452748300000,0,,,,,,,,,L,,,O,OL,true,2021,,F
dataflow,IMF.STA:QNEA(7.0.0),R,RUS,P31_S13,Q,NSA,XDC,Q,2018-Q4,2486442100000,0,,,,,,,,,L,,,O,OL,true,2021,,F
dataflow,IMF.STA:QNEA(7.0.0),R,RUS,P31_S13,Q,NSA,XDC,Q,2019-Q1,2578613600000,0,,,,,,,,,L,,,O,OL,true,2021,,F
dataflow,IMF.STA:QNEA(7.0.0),R,RUS,P31_S13,Q,NSA,XDC,Q,2019-Q2,2469300200000,0,,,,,,,,,L,,,O,OL,true,2021,,F
dataflow,IMF.STA:QNEA(7.0.0),R,RUS,P31_S13,Q,NSA,XDC,Q,2019-Q3,2527771500000,0,,,,,,,,,L,,,O,OL,true,2021,,F
dataflow,IMF.STA:QNEA(7.0.0),R,RUS,P31_S13,Q,NSA,XDC,Q,2019-Q4,2560887400000,0,,,,,,,,,L,,,O,OL,true,2021,,F
dataflow,IMF.STA:QNEA(7.0.0),R,RUS,P31_S13,Q,NSA,XDC,Q,2020-Q1,2575187100000,0,,,,,,,,,L,,,O,OL,true,2021,,F
dataflow,IMF.STA:QNEA(7.0.0),R,RUS,P31_S13,Q,NSA,XDC,Q,2020-Q2,2499297300000,0,,,,,,,,,L,,,O,OL,true,2021,,F
dataflow,IMF.STA:QNEA(7.0.0),R,RUS,P31_S13,Q,NSA,XDC,Q,2020-Q3,2566277400000,0,,,,,,,,,L,,,O,OL,true,2021,,F
dataflow,IMF.STA:QNEA(7.0.0),R,RUS,P31_S13,Q,NSA,XDC,Q,2020-Q4,2599295600000,0,,,,,,,,,L,,,O,OL,true,2021,,F
dataflow,IMF.STA:QNEA(7.0.0),R,RUS,P31_S13,Q,NSA,XDC,Q,2021-Q1,2656843600000,0,,,,,,,,,L,,,O,OL,true,2021,,F
dataflow,IMF.STA:QNEA(7.0.0),R,RUS,P31_S13,Q,NSA,XDC,Q,2021-Q2,2664521900000,0,,,,,,,,,L,,,O,OL,true,2021,,F
dataflow,IMF.STA:QNEA(7.0.0),R,RUS,P31_S13,Q,NSA,XDC,Q,2021-Q3,2643299600000,0,,,,,,,,,L,,,O,OL,true,2021,,F
dataflow,IMF.STA:QNEA(7.0.0),R,RUS,P31_S13,Q,NSA,XDC,Q,2021-Q4,2672377400000,0,,,,,,,,,L,,,O,OL,true,2021,,F
dataflow,IMF.STA:QNEA(7.0.0),R,RUS,P31_S13,V,NSA,USD,Q,,,0,,,,,,,,,L,,,,OL,,,,
dataflow,IMF.STA:QNEA(7.0.0),R,RUS,P31_S13,V,NSA,XDC,Q,2011-Q1,1178936300000,0,,,,,,,,,L,,,O,OL,true,,,F
dataflow,IMF.STA:QNEA(7.0.0),R,RUS,P31_S13,V,NSA,XDC,Q,2011-Q2,1227679700000,0,,,,,,,,,L,,,O,OL,true,,,F
dataflow,IMF.STA:QNEA(7.0.0),R,RUS,P31_S13,V,NSA,XDC,Q,2011-Q3,1212620000000,0,,,,,,,,,L,,,O,OL,true,,,F
dataflow,IMF.STA:QNEA(7.0.0),R,RUS,P31_S13,V,NSA,XDC,Q,2011-Q4,1285446500000,0,,,,,,,,,L,,,O,OL,true,,,F
dataflow,IMF.STA:QNEA(7.0.0),R,RUS,P31_S13,V,NSA,XDC,Q,2012-Q1,1271767000000,0,,,,,,,,,L,,,O,OL,true,,,F
dataflow,IMF.STA:QNEA(7.0.0),R,RUS,P31_S13,V,NSA,XDC,Q,2012-Q2,1290473900000,0,,,,,,,,,L,,,O,OL,true,,,F
dataflow,IMF.STA:QNEA(7.0.0),R,RUS,P31_S13,V,NSA,XDC,Q,2012-Q3,1311800400000,0,,,,,,,,,L,,,O,OL,true,,,F
dataflow,IMF.STA:QNEA(7.0.0),R,RUS,P31_S13,V,NSA,XDC,Q,2012-Q4,1351555800000,0,,,,,,,,,L,,,O,OL,true,,,F
dataflow,IMF.STA:QNEA(7.0.0),R,RUS,P31_S13,V,NSA,XDC,Q,2013-Q1,1398763600000,0,,,,,,,,,L,,,O,OL,true,,,F
dataflow,IMF.STA:QNEA(7.0.0),R,RUS,P31_S13,V,NSA,XDC,Q,2013-Q2,1417697500000,0,,,,,,,,,L,,,O,OL,true,,,F
dataflow,IMF.STA:QNEA(7.0.0),R,RUS,P31_S13,V,NSA,XDC,Q,2013-Q3,1431900300000,0,,,,,,,,,L,,,O,OL,true,,,F
dataflow,IMF.STA:QNEA(7.0.0),R,RUS,P31_S13,V,NSA,XDC,Q,2013-Q4,1478556000000,0,,,,,,,,,L,,,O,OL,true,,,F
dataflow,IMF.STA:QNEA(7.0.0),R,RUS,P31_S13,V,NSA,XDC,Q,2014-Q1,1493759900000,0,,,,,,,,,L,,,O,OL,true,,,F
dataflow,IMF.STA:QNEA(7.0.0),R,RUS,P31_S13,V,NSA,XDC,Q,2014-Q2,1528946600000,0,,,,,,,,,L,,,O,OL,true,,,F
dataflow,IMF.STA:QNEA(7.0.0),R,RUS,P31_S13,V,NSA,XDC,Q,2014-Q3,1541707700000,0,,,,,,,,,L,,,O,OL,true,,,F
dataflow,IMF.STA:QNEA(7.0.0),R,RUS,P31_S13,V,NSA,XDC,Q,2014-Q4,1612703400000,0,,,,,,,,,L,,,O,OL,true,,,F
dataflow,IMF.STA:QNEA(7.0.0),R,RUS,P31_S13,V,NSA,XDC,Q,2015-Q1,1555268800000,0,,,,,,,,,L,,,O,OL,true,,,F
dataflow,IMF.STA:QNEA(7.0.0),R,RUS,P31_S13,V,NSA,XDC,Q,2015-Q2,1586888000000,0,,,,,,,,,L,,,O,OL,true,,,F
dataflow,IMF.STA:QNEA(7.0.0),R,RUS,P31_S13,V,NSA,XDC,Q,2015-Q3,1603064900000,0,,,,,,,,,L,,,O,OL,true,,,F
dataflow,IMF.STA:QNEA(7.0.0),R,RUS,P31_S13,V,NSA,XDC,Q,2015-Q4,1662389700000,0,,,,,,,,,L,,,O,OL,true,,,F
dataflow,IMF.STA:QNEA(7.0.0),R,RUS,P31_S13,V,NSA,XDC,Q,2016-Q1,1615983500000,0,,,,,,,,,L,,,O,OL,true,,,F
dataflow,IMF.STA:QNEA(7.0.0),R,RUS,P31_S13,V,NSA,XDC,Q,2016-Q2,1632296900000,0,,,,,,,,,L,,,O,OL,true,,,F
dataflow,IMF.STA:QNEA(7.0.0),R,RUS,P31_S13,V,NSA,XDC,Q,2016-Q3,1636649000000,0,,,,,,,,,L,,,O,OL,true,,,F
dataflow,IMF.STA:QNEA(7.0.0),R,RUS,P31_S13,V,NSA,XDC,Q,2016-Q4,1680162400000,0,,,,,,,,,L,,,O,OL,true,,,F
dataflow,IMF.STA:QNEA(7.0.0),R,RUS,P31_S13,V,NSA,XDC,Q,2017-Q1,1684931100000,0,,,,,,,,,L,,,O,OL,true,,,F
dataflow,IMF.STA:QNEA(7.0.0),R,RUS,P31_S13,V,NSA,XDC,Q,2017-Q2,1699767100000,0,,,,,,,,,L,,,O,OL,true,,,F
dataflow,IMF.STA:QNEA(7.0.0),R,RUS,P31_S13,V,NSA,XDC,Q,2017-Q3,1690431400000,0,,,,,,,,,L,,,O,OL,true,,,F
dataflow,IMF.STA:QNEA(7.0.0),R,RUS,P31_S13,V,NSA,XDC,Q,2017-Q4,1726894500000,0,,,,,,,,,L,,,O,OL,true,,,F
dataflow,IMF.STA:QNEA(7.0.0),R,RUS,P31_S13,V,NSA,XDC,Q,2018-Q1,1920106700000,0,,,,,,,,,L,,,O,OL,true,,,F
dataflow,IMF.STA:QNEA(7.0.0),R,RUS,P31_S13,V,NSA,XDC,Q,2018-Q2,1939810100000,0,,,,,,,,,L,,,O,OL,true,,,F
dataflow,IMF.STA:QNEA(7.0.0),R,RUS,P31_S13,V,NSA,XDC,Q,2018-Q3,1940492700000,0,,,,,,,,,L,,,O,OL,true,,,F
dataflow,IMF.STA:QNEA(7.0.0),R,RUS,P31_S13,V,NSA,XDC,Q,2018-Q4,1992200300000,0,,,,,,,,,L,,,O,OL,true,,,F
dataflow,IMF.STA:QNEA(7.0.0),R,RUS,P31_S13,V,NSA,XDC,Q,2019-Q1,2202730200000,0,,,,,,,,,L,,,O,OL,true,,,F
dataflow,IMF.STA:QNEA(7.0.0),R,RUS,P31_S13,V,NSA,XDC,Q,2019-Q2,2226072000000,0,,,,,,,,,L,,,O,OL,true,,,F
dataflow,IMF.STA:QNEA(7.0.0),R,RUS,P31_S13,V,NSA,XDC,Q,2019-Q3,2216400500000,0,,,,,,,,,L,,,O,OL,true,,,F
dataflow,IMF.STA:QNEA(7.0.0),R,RUS,P31_S13,V,NSA,XDC,Q,2019-Q4,2256545000000,0,,,,,,,,,L,,,O,OL,true,,,F
dataflow,IMF.STA:QNEA(7.0.0),R,RUS,P31_S13,V,NSA,XDC,Q,2020-Q1,2389320200000,0,,,,,,,,,L,,,O,OL,true,,,F
dataflow,IMF.STA:QNEA(7.0.0),R,RUS,P31_S13,V,NSA,XDC,Q,2020-Q2,2420811600000,0,,,,,,,,,L,,,O,OL,true,,,F
dataflow,IMF.STA:QNEA(7.0.0),R,RUS,P31_S13,V,NSA,XDC,Q,2020-Q3,2423669500000,0,,,,,,,,,L,,,O,OL,true,,,F
dataflow,IMF.STA:QNEA(7.0.0),R,RUS,P31_S13,V,NSA,XDC,Q,2020-Q4,2480048800000,0,,,,,,,,,L,,,O,OL,true,,,F
dataflow,IMF.STA:QNEA(7.0.0),R,RUS,P31_S13,V,NSA,XDC,Q,2021-Q1,2586781600000,0,,,,,,,,,L,,,O,OL,true,,,F
dataflow,IMF.STA:QNEA(7.0.0),R,RUS,P31_S13,V,NSA,XDC,Q,2021-Q2,2643396400000,0,,,,,,,,,L,,,O,OL,true,,,F
dataflow,IMF.STA:QNEA(7.0.0),R,RUS,P31_S13,V,NSA,XDC,Q,2021-Q3,2657180400000,0,,,,,,,,,L,,,O,OL,true,,,F
dataflow,IMF.STA:QNEA(7.0.0),R,RUS,P31_S13,V,NSA,XDC,Q,2021-Q4,2749684100000,0,,,,,,,,,L,,,O,OL,true,,,F
dataflow,IMF.STA:QNEA(7.0.0),R,RUS,P32_S13,Q,NSA,USD,Q,,,0,,,,,,,,,L,,,,OL,,2021,,
dataflow,IMF.STA:QNEA(7.0.0),R,RUS,P32_S13,Q,NSA,XDC,Q,2011-Q1,2243769100000,0,,,,,,,,,L,,,O,OL,true,2021,,F
dataflow,IMF.STA:QNEA(7.0.0),R,RUS,P32_S13,Q,NSA,XDC,Q,2011-Q2,2252986000000,0,,,,,,,,,L,,,O,OL,true,2021,,F
dataflow,IMF.STA:QNEA(7.0.0),R,RUS,P32_S13,Q,NSA,XDC,Q,2011-Q3,2266165100000,0,,,,,,,,,L,,,O,OL,true,2021,,F
dataflow,IMF.STA:QNEA(7.0.0),R,RUS,P32_S13,Q,NSA,XDC,Q,2011-Q4,2279097800000,0,,,,,,,,,L,,,O,OL,true,2021,,F
dataflow,IMF.STA:QNEA(7.0.0),R,RUS,P32_S13,Q,NSA,XDC,Q,2012-Q1,2400365200000,0,,,,,,,,,L,,,O,OL,true,2021,,F
dataflow,IMF.STA:QNEA(7.0.0),R,RUS,P32_S13,Q,NSA,XDC,Q,2012-Q2,2411599500000,0,,,,,,,,,L,,,O,OL,true,2021,,F
dataflow,IMF.STA:QNEA(7.0.0),R,RUS,P32_S13,Q,NSA,XDC,Q,2012-Q3,2424809800000,0,,,,,,,,,L,,,O,OL,true,2021,,F
dataflow,IMF.STA:QNEA(7.0.0),R,RUS,P32_S13,Q,NSA,XDC,Q,2012-Q4,2437076200000,0,,,,,,,,,L,,,O,OL,true,2021,,F
dataflow,IMF.STA:QNEA(7.0.0),R,RUS,P32_S13,Q,NSA,XDC,Q,2013-Q1,2434876200000,0,,,,,,,,,L,,,O,OL,true,2021,,F
dataflow,IMF.STA:QNEA(7.0.0),R,RUS,P32_S13,Q,NSA,XDC,Q,2013-Q2,2445312000000,0,,,,,,,,,L,,,O,OL,true,2021,,F
dataflow,IMF.STA:QNEA(7.0.0),R,RUS,P32_S13,Q,NSA,XDC,Q,2013-Q3,2461126900000,0,,,,,,,,,L,,,O,OL,true,2021,,F
dataflow,IMF.STA:QNEA(7.0.0),R,RUS,P32_S13,Q,NSA,XDC,Q,2013-Q4,2473472800000,0,,,,,,,,,L,,,O,OL,true,2021,,F
dataflow,IMF.STA:QNEA(7.0.0),R,RUS,P32_S13,Q,NSA,XDC,Q,2014-Q1,2768215000000,0,,,,,,,,,L,,,O,OL,true,2021,,F
dataflow,IMF.STA:QNEA(7.0.0),R,RUS,P32_S13,Q,NSA,XDC,Q,2014-Q2,2818144700000,0,,,,,,,,,L,,,O,OL,true,2021,,F
dataflow,IMF.STA:QNEA(7.0.0),R,RUS,P32_S13,Q,NSA,XDC,Q,2014-Q3,2840754100000,0,,,,,,,,,L,,,O,OL,true,2021,,F
dataflow,IMF.STA:QNEA(7.0.0),R,RUS,P32_S13,Q,NSA,XDC,Q,2014-Q4,2902506500000,0,,,,,,,,,L,,,O,OL,true,2021,,F
dataflow,IMF.STA:QNEA(7.0.0),R,RUS,P32_S13,Q,NSA,XDC,Q,2015-Q1,2615058000000,0,,,,,,,,,L,,,O,OL,true,2021,,F
dataflow,IMF.STA:QNEA(7.0.0),R,RUS,P32_S13,Q,NSA,XDC,Q,2015-Q2,2666842500000,0,,,,,,,,,L,,,O,OL,true,2021,,F
dataflow,IMF.STA:QNEA(7.0.0),R,RUS,P32_S13,Q,NSA,XDC,Q,2015-Q3,2684371600000,0,,,,,,,,,L,,,O,OL,true,2021,,F
dataflow,IMF.STA:QNEA(7.0.0),R,RUS,P32_S13,Q,NSA,XDC,Q,2015-Q4,2748288800000,0,,,,,,,,,L,,,O,OL,true,2021,,F
dataflow,IMF.STA:QNEA(7.0.0),R,RUS,P32_S13,Q,NSA,XDC,Q,2016-Q1,2709714500000,0,,,,,,,,,L,,,O,OL,true,2021,,F
dataflow,IMF.STA:QNEA(7.0.0),R,RUS,P32_S13,Q,NSA,XDC,Q,2016-Q2,2762167000000,0,,,,,,,,,L,,,O,OL,true,2021,,F
dataflow,IMF.STA:QNEA(7.0.0),R,RUS,P32_S13,Q,NSA,XDC,Q,2016-Q3,2782835800000,0,,,,,,,,,L,,,O,OL,true,2021,,F
dataflow,IMF.STA:QNEA(7.0.0),R,RUS,P32_S13,Q,NSA,XDC,Q,2016-Q4,2848174700000,0,,,,,,,,,L,,,O,OL,true,2021,,F
dataflow,IMF.STA:QNEA(7.0.0),R,RUS,P32_S13,Q,NSA,XDC,Q,2017-Q1,2834903400000,0,,,,,,,,,L,,,O,OL,true,2021,,F
dataflow,IMF.STA:QNEA(7.0.0),R,RUS,P32_S13,Q,NSA,XDC,Q,2017-Q2,2892753800000,0,,,,,,,,,L,,,O,OL,true,2021,,F
dataflow,IMF.STA:QNEA(7.0.0),R,RUS,P32_S13,Q,NSA,XDC,Q,2017-Q3,2913619100000,0,,,,,,,,,L,,,O,OL,true,2021,,F
dataflow,IMF.STA:QNEA(7.0.0),R,RUS,P32_S13,Q,NSA,XDC,Q,2017-Q4,2981979900000,0,,,,,,,,,L,,,O,OL,true,2021,,F
dataflow,IMF.STA:QNEA(7.0.0),R,RUS,P32_S13,Q,NSA,XDC,Q,2018-Q1,2876963800000,0,,,,,,,,,L,,,O,OL,true,2021,,F
dataflow,IMF.STA:QNEA(7.0.0),R,RUS,P32_S13,Q,NSA,XDC,Q,2018-Q2,2936231300000,0,,,,,,,,,L,,,O,OL,true,2021,,F
dataflow,IMF.STA:QNEA(7.0.0),R,RUS,P32_S13,Q,NSA,XDC,Q,2018-Q3,2955766000000,0,,,,,,,,,L,,,O,OL,true,2021,,F
dataflow,IMF.STA:QNEA(7.0.0),R,RUS,P32_S13,Q,NSA,XDC,Q,2018-Q4,3023506800000,0,,,,,,,,,L,,,O,OL,true,2021,,F
dataflow,IMF.STA:QNEA(7.0.0),R,RUS,P32_S13,Q,NSA,XDC,Q,2019-Q1,2930617100000,0,,,,,,,,,L,,,O,OL,true,2021,,F
dataflow,IMF.STA:QNEA(7.0.0),R,RUS,P32_S13,Q,NSA,XDC,Q,2019-Q2,2992967800000,0,,,,,,,,,L,,,O,OL,true,2021,,F
dataflow,IMF.STA:QNEA(7.0.0),R,RUS,P32_S13,Q,NSA,XDC,Q,2019-Q3,3016891400000,0,,,,,,,,,L,,,O,OL,true,2021,,F
dataflow,IMF.STA:QNEA(7.0.0),R,RUS,P32_S13,Q,NSA,XDC,Q,2019-Q4,3085579500000,0,,,,,,,,,L,,,O,OL,true,2021,,F
dataflow,IMF.STA:QNEA(7.0.0),R,RUS,P32_S13,Q,NSA,XDC,Q,2020-Q1,3015096200000,0,,,,,,,,,L,,,O,OL,true,2021,,F
dataflow,IMF.STA:QNEA(7.0.0),R,RUS,P32_S13,Q,NSA,XDC,Q,2020-Q2,3073751100000,0,,,,,,,,,L,,,O,OL,true,2021,,F
dataflow,IMF.STA:QNEA(7.0.0),R,RUS,P32_S13,Q,NSA,XDC,Q,2020-Q3,3096600400000,0,,,,,,,,,L,,,O,OL,true,2021,,F
dataflow,IMF.STA:QNEA(7.0.0),R,RUS,P32_S13,Q,NSA,XDC,Q,2020-Q4,3165671600000,0,,,,,,,,,L,,,O,OL,true,2021,,F
dataflow,IMF.STA:QNEA(7.0.0),R,RUS,P32_S13,Q,NSA,XDC,Q,2021-Q1,3076345600000,0,,,,,,,,,L,,,O,OL,true,2021,,F
dataflow,IMF.STA:QNEA(7.0.0),R,RUS,P32_S13,Q,NSA,XDC,Q,2021-Q2,3138617900000,0,,,,,,,,,L,,,O,OL,true,2021,,F
dataflow,IMF.STA:QNEA(7.0.0),R,RUS,P32_S13,Q,NSA,XDC,Q,2021-Q3,3164821400000,0,,,,,,,,,L,,,O,OL,true,2021,,F
dataflow,IMF.STA:QNEA(7.0.0),R,RUS,P32_S13,Q,NSA,XDC,Q,2021-Q4,3226196900000,0,,,,,,,,,L,,,O,OL,true,2021,,F
dataflow,IMF.STA:QNEA(7.0.0),R,RUS,P32_S13,V,NSA,USD,Q,,,0,,,,,,,,,L,,,,OL,,,,
dataflow,IMF.STA:QNEA(7.0.0),R,RUS,P32_S13,V,NSA,XDC,Q,2011-Q1,1387933900000,0,,,,,,,,,L,,,O,OL,true,,,F
dataflow,IMF.STA:QNEA(7.0.0),R,RUS,P32_S13,V,NSA,XDC,Q,2011-Q2,1417473700000,0,,,,,,,,,L,,,O,OL,true,,,F
dataflow,IMF.STA:QNEA(7.0.0),R,RUS,P32_S13,V,NSA,XDC,Q,2011-Q3,1430416400000,0,,,,,,,,,L,,,O,OL,true,,,F
dataflow,IMF.STA:QNEA(7.0.0),R,RUS,P32_S13,V,NSA,XDC,Q,2011-Q4,1454914300000,0,,,,,,,,,L,,,O,OL,true,,,F
dataflow,IMF.STA:QNEA(7.0.0),R,RUS,P32_S13,V,NSA,XDC,Q,2012-Q1,1688860700000,0,,,,,,,,,L,,,O,OL,true,,,F
dataflow,IMF.STA:QNEA(7.0.0),R,RUS,P32_S13,V,NSA,XDC,Q,2012-Q2,1732084800000,0,,,,,,,,,L,,,O,OL,true,,,F
dataflow,IMF.STA:QNEA(7.0.0),R,RUS,P32_S13,V,NSA,XDC,Q,2012-Q3,1774638300000,0,,,,,,,,,L,,,O,OL,true,,,F
dataflow,IMF.STA:QNEA(7.0.0),R,RUS,P32_S13,V,NSA,XDC,Q,2012-Q4,1815138500000,0,,,,,,,,,L,,,O,OL,true,,,F
dataflow,IMF.STA:QNEA(7.0.0),R,RUS,P32_S13,V,NSA,XDC,Q,2013-Q1,1926962200000,0,,,,,,,,,L,,,O,OL,true,,,F
dataflow,IMF.STA:QNEA(7.0.0),R,RUS,P32_S13,V,NSA,XDC,Q,2013-Q2,1961242700000,0,,,,,,,,,L,,,O,OL,true,,,F
dataflow,IMF.STA:QNEA(7.0.0),R,RUS,P32_S13,V,NSA,XDC,Q,2013-Q3,1993055000000,0,,,,,,,,,L,,,O,OL,true,,,F
dataflow,IMF.STA:QNEA(7.0.0),R,RUS,P32_S13,V,NSA,XDC,Q,2013-Q4,2022176900000,0,,,,,,,,,L,,,O,OL,true,,,F
dataflow,IMF.STA:QNEA(7.0.0),R,RUS,P32_S13,V,NSA,XDC,Q,2014-Q1,1934329100000,0,,,,,,,,,L,,,O,OL,true,,,F
dataflow,IMF.STA:QNEA(7.0.0),R,RUS,P32_S13,V,NSA,XDC,Q,2014-Q2,1999577200000,0,,,,,,,,,L,,,O,OL,true,,,F
dataflow,IMF.STA:QNEA(7.0.0),R,RUS,P32_S13,V,NSA,XDC,Q,2014-Q3,2039242700000,0,,,,,,,,,L,,,O,OL,true,,,F
dataflow,IMF.STA:QNEA(7.0.0),R,RUS,P32_S13,V,NSA,XDC,Q,2014-Q4,2096779400000,0,,,,,,,,,L,,,O,OL,true,,,F
dataflow,IMF.STA:QNEA(7.0.0),R,RUS,P32_S13,V,NSA,XDC,Q,2015-Q1,1998805700000,0,,,,,,,,,L,,,O,OL,true,,,F
dataflow,IMF.STA:QNEA(7.0.0),R,RUS,P32_S13,V,NSA,XDC,Q,2015-Q2,2060540700000,0,,,,,,,,,L,,,O,OL,true,,,F
dataflow,IMF.STA:QNEA(7.0.0),R,RUS,P32_S13,V,NSA,XDC,Q,2015-Q3,2108557700000,0,,,,,,,,,L,,,O,OL,true,,,F
dataflow,IMF.STA:QNEA(7.0.0),R,RUS,P32_S13,V,NSA,XDC,Q,2015-Q4,2185343900000,0,,,,,,,,,L,,,O,OL,true,,,F
dataflow,IMF.STA:QNEA(7.0.0),R,RUS,P32_S13,V,NSA,XDC,Q,2016-Q1,2262513000000,0,,,,,,,,,L,,,O,OL,true,,,F
dataflow,IMF.STA:QNEA(7.0.0),R,RUS,P32_S13,V,NSA,XDC,Q,2016-Q2,2299480500000,0,,,,,,,,,L,,,O,OL,true,,,F
dataflow,IMF.STA:QNEA(7.0.0),R,RUS,P32_S13,V,NSA,XDC,Q,2016-Q3,2329024700000,0,,,,,,,,,L,,,O,OL,true,,,F
dataflow,IMF.STA:QNEA(7.0.0),R,RUS,P32_S13,V,NSA,XDC,Q,2016-Q4,2353664200000,0,,,,,,,,,L,,,O,OL,true,,,F
dataflow,IMF.STA:QNEA(7.0.0),R,RUS,P32_S13,V,NSA,XDC,Q,2017-Q1,2429630300000,0,,,,,,,,,L,,,O,OL,true,,,F
dataflow,IMF.STA:QNEA(7.0.0),R,RUS,P32_S13,V,NSA,XDC,Q,2017-Q2,2476437000000,0,,,,,,,,,L,,,O,OL,true,,,F
dataflow,IMF.STA:QNEA(7.0.0),R,RUS,P32_S13,V,NSA,XDC,Q,2017-Q3,2497174300000,0,,,,,,,,,L,,,O,OL,true,,,F
dataflow,IMF.STA:QNEA(7.0.0),R,RUS,P32_S13,V,NSA,XDC,Q,2017-Q4,2525644300000,0,,,,,,,,,L,,,O,OL,true,,,F
dataflow,IMF.STA:QNEA(7.0.0),R,RUS,P32_S13,V,NSA,XDC,Q,2018-Q1,2583200900000,0,,,,,,,,,L,,,O,OL,true,,,F
dataflow,IMF.STA:QNEA(7.0.0),R,RUS,P32_S13,V,NSA,XDC,Q,2018-Q2,2637408200000,0,,,,,,,,,L,,,O,OL,true,,,F
dataflow,IMF.STA:QNEA(7.0.0),R,RUS,P32_S13,V,NSA,XDC,Q,2018-Q3,2668138100000,0,,,,,,,,,L,,,O,OL,true,,,F
dataflow,IMF.STA:QNEA(7.0.0),R,RUS,P32_S13,V,NSA,XDC,Q,2018-Q4,2712967100000,0,,,,,,,,,L,,,O,OL,true,,,F
dataflow,IMF.STA:QNEA(7.0.0),R,RUS,P32_S13,V,NSA,XDC,Q,2019-Q1,2686556200000,0,,,,,,,,,L,,,O,OL,true,,,F
dataflow,IMF.STA:QNEA(7.0.0),R,RUS,P32_S13,V,NSA,XDC,Q,2019-Q2,2729435000000,0,,,,,,,,,L,,,O,OL,true,,,F
dataflow,IMF.STA:QNEA(7.0.0),R,RUS,P32_S13,V,NSA,XDC,Q,2019-Q3,2750924300000,0,,,,,,,,,L,,,O,OL,true,,,F
dataflow,IMF.STA:QNEA(7.0.0),R,RUS,P32_S13,V,NSA,XDC,Q,2019-Q4,2771992800000,0,,,,,,,,,L,,,O,OL,true,,,F
dataflow,IMF.STA:QNEA(7.0.0),R,RUS,P32_S13,V,NSA,XDC,Q,2020-Q1,2882849900000,0,,,,,,,,,L,,,O,OL,true,,,F
dataflow,IMF.STA:QNEA(7.0.0),R,RUS,P32_S13,V,NSA,XDC,Q,2020-Q2,2948599100000,0,,,,,,,,,L,,,O,OL,true,,,F
dataflow,IMF.STA:QNEA(7.0.0),R,RUS,P32_S13,V,NSA,XDC,Q,2020-Q3,2956882000000,0,,,,,,,,,L,,,O,OL,true,,,F
dataflow,IMF.STA:QNEA(7.0.0),R,RUS,P32_S13,V,NSA,XDC,Q,2020-Q4,2998222300000,0,,,,,,,,,L,,,O,OL,true,,,F
dataflow,IMF.STA:QNEA(7.0.0),R,RUS,P32_S13,V,NSA,XDC,Q,2021-Q1,3008158700000,0,,,,,,,,,L,,,O,OL,true,,,F
dataflow,IMF.STA:QNEA(7.0.0),R,RUS,P32_S13,V,NSA,XDC,Q,2021-Q2,3123101000000,0,,,,,,,,,L,,,O,OL,true,,,F
dataflow,IMF.STA:QNEA(7.0.0),R,RUS,P32_S13,V,NSA,XDC,Q,2021-Q3,3179114100000,0,,,,,,,,,L,,,O,OL,true,,,F
dataflow,IMF.STA:QNEA(7.0.0),R,RUS,P32_S13,V,NSA,XDC,Q,2021-Q4,3295608000000,0,,,,,,,,,L,,,O,OL,true,,,F
dataflow,IMF.STA:QNEA(7.0.0),R,RUS,P3_PS,Q,NSA,USD,Q,,,0,,,,,,,,,L,,,,OL,,2021,,
dataflow,IMF.STA:QNEA(7.0.0),R,RUS,P3_PS,Q,NSA,XDC,Q,2011-Q1,10226128100000,0,,,,,,,,,L,,,O,OL,true,2021,,F
dataflow,IMF.STA:QNEA(7.0.0),R,RUS,P3_PS,Q,NSA,XDC,Q,2011-Q2,10823604800000,0,,,,,,,,,L,,,O,OL,true,2021,,F
dataflow,IMF.STA:QNEA(7.0.0),R,RUS,P3_PS,Q,NSA,XDC,Q,2011-Q3,11600536500000,0,,,,,,,,,L,,,O,OL,true,2021,,F
dataflow,IMF.STA:QNEA(7.0.0),R,RUS,P3_PS,Q,NSA,XDC,Q,2011-Q4,12126273600000,0,,,,,,,,,L,,,O,OL,true,2021,,F
dataflow,IMF.STA:QNEA(7.0.0),R,RUS,P3_PS,Q,NSA,XDC,Q,2012-Q1,11032039100000,0,,,,,,,,,L,,,O,OL,true,2021,,F
dataflow,IMF.STA:QNEA(7.0.0),R,RUS,P3_PS,Q,NSA,XDC,Q,2012-Q2,11647282200000,0,,,,,,,,,L,,,O,OL,true,2021,,F
dataflow,IMF.STA:QNEA(7.0.0),R,RUS,P3_PS,Q,NSA,XDC,Q,2012-Q3,12456577900000,0,,,,,,,,,L,,,O,OL,true,2021,,F
dataflow,IMF.STA:QNEA(7.0.0),R,RUS,P3_PS,Q,NSA,XDC,Q,2012-Q4,13012759200000,0,,,,,,,,,L,,,O,OL,true,2021,,F
dataflow,IMF.STA:QNEA(7.0.0),R,RUS,P3_PS,Q,NSA,XDC,Q,2013-Q1,11611081300000,0,,,,,,,,,L,,,O,OL,true,2021,,F
dataflow,IMF.STA:QNEA(7.0.0),R,RUS,P3_PS,Q,NSA,XDC,Q,2013-Q2,12295449300000,0,,,,,,,,,L,,,O,OL,true,2021,,F
dataflow,IMF.STA:QNEA(7.0.0),R,RUS,P3_PS,Q,NSA,XDC,Q,2013-Q3,13171812400000,0,,,,,,,,,L,,,O,OL,true,2021,,F
dataflow,IMF.STA:QNEA(7.0.0),R,RUS,P3_PS,Q,NSA,XDC,Q,2013-Q4,13520174100000,0,,,,,,,,,L,,,O,OL,true,2021,,F
dataflow,IMF.STA:QNEA(7.0.0),R,RUS,P3_PS,Q,NSA,XDC,Q,2014-Q1,15485940400000,0,,,,,,,,,L,,,O,OL,true,2021,,F
dataflow,IMF.STA:QNEA(7.0.0),R,RUS,P3_PS,Q,NSA,XDC,Q,2014-Q2,16146936700000,0,,,,,,,,,L,,,O,OL,true,2021,,F
dataflow,IMF.STA:QNEA(7.0.0),R,RUS,P3_PS,Q,NSA,XDC,Q,2014-Q3,17118330500000,0,,,,,,,,,L,,,O,OL,true,2021,,F
dataflow,IMF.STA:QNEA(7.0.0),R,RUS,P3_PS,Q,NSA,XDC,Q,2014-Q4,17557811700000,0,,,,,,,,,L,,,O,OL,true,2021,,F
dataflow,IMF.STA:QNEA(7.0.0),R,RUS,P3_PS,Q,NSA,XDC,Q,2015-Q1,14335097500000,0,,,,,,,,,L,,,O,OL,true,2021,,F
dataflow,IMF.STA:QNEA(7.0.0),R,RUS,P3_PS,Q,NSA,XDC,Q,2015-Q2,14631163700000,0,,,,,,,,,L,,,O,OL,true,2021,,F
dataflow,IMF.STA:QNEA(7.0.0),R,RUS,P3_PS,Q,NSA,XDC,Q,2015-Q3,15466172000000,0,,,,,,,,,L,,,O,OL,true,2021,,F
dataflow,IMF.STA:QNEA(7.0.0),R,RUS,P3_PS,Q,NSA,XDC,Q,2015-Q4,15623578100000,0,,,,,,,,,L,,,O,OL,true,2021,,F
dataflow,IMF.STA:QNEA(7.0.0),R,RUS,P3_PS,Q,NSA,XDC,Q,2016-Q1,13911869600000,0,,,,,,,,,L,,,O,OL,true,2021,,F
dataflow,IMF.STA:QNEA(7.0.0),R,RUS,P3_PS,Q,NSA,XDC,Q,2016-Q2,14221918700000,0,,,,,,,,,L,,,O,OL,true,2021,,F
dataflow,IMF.STA:QNEA(7.0.0),R,RUS,P3_PS,Q,NSA,XDC,Q,2016-Q3,14975650800000,0,,,,,,,,,L,,,O,OL,true,2021,,F
dataflow,IMF.STA:QNEA(7.0.0),R,RUS,P3_PS,Q,NSA,XDC,Q,2016-Q4,15422466100000,0,,,,,,,,,L,,,O,OL,true,2021,,F
dataflow,IMF.STA:QNEA(7.0.0),R,RUS,P3_PS,Q,NSA,XDC,Q,2017-Q1,14133147800000,0,,,,,,,,,L,,,O,OL,true,2021,,F
dataflow,IMF.STA:QNEA(7.0.0),R,RUS,P3_PS,Q,NSA,XDC,Q,2017-Q2,14766101100000,0,,,,,,,,,L,,,O,OL,true,2021,,F
dataflow,IMF.STA:QNEA(7.0.0),R,RUS,P3_PS,Q,NSA,XDC,Q,2017-Q3,15656053400000,0,,,,,,,,,L,,,O,OL,true,2021,,F
dataflow,IMF.STA:QNEA(7.0.0),R,RUS,P3_PS,Q,NSA,XDC,Q,2017-Q4,16143609900000,0,,,,,,,,,L,,,O,OL,true,2021,,F
dataflow,IMF.STA:QNEA(7.0.0),R,RUS,P3_PS,Q,NSA,XDC,Q,2018-Q1,14740667100000,0,,,,,,,,,L,,,O,OL,true,2021,,F
dataflow,IMF.STA:QNEA(7.0.0),R,RUS,P3_PS,Q,NSA,XDC,Q,2018-Q2,15446126100000,0,,,,,,,,,L,,,O,OL,true,2021,,F
dataflow,IMF.STA:QNEA(7.0.0),R,RUS,P3_PS,Q,NSA,XDC,Q,2018-Q3,16259239700000,0,,,,,,,,,L,,,O,OL,true,2021,,F
dataflow,IMF.STA:QNEA(7.0.0),R,RUS,P3_PS,Q,NSA,XDC,Q,2018-Q4,16812960600000,0,,,,,,,,,L,,,O,OL,true,2021,,F
dataflow,IMF.STA:QNEA(7.0.0),R,RUS,P3_PS,Q,NSA,XDC,Q,2019-Q1,187611600000,0,,,,,,,,,L,,,O,OL,true,2021,,F
dataflow,IMF.STA:QNEA(7.0.0),R,RUS,P3_PS,Q,NSA,XDC,Q,2019-Q2,416732100000,0,,,,,,,,,L,,,O,OL,true,2021,,F
dataflow,IMF.STA:QNEA(7.0.0),R,RUS,P3_PS,Q,NSA,XDC,Q,2019-Q3,-302087200000,0,,,,,,,,,L,,,O,OL,true,2021,,F
dataflow,IMF.STA:QNEA(7.0.0),R,RUS,P3_PS,Q,NSA,XDC,Q,2019-Q4,294694500000,0,,,,,,,,,L,,,O,OL,true,2021,,F
dataflow,IMF.STA:QNEA(7.0.0),R,RUS,P3_PS,Q,NSA,XDC,Q,2020-Q1,16138036600000,0,,,,,,,,,L,,,O,OL,true,2021,,F
dataflow,IMF.STA:QNEA(7.0.0),R,RUS,P3_PS,Q,NSA,XDC,Q,2020-Q2,12876386100000,0,,,,,,,,,L,,,O,OL,true,2021,,F
dataflow,IMF.STA:QNEA(7.0.0),R,RUS,P3_PS,Q,NSA,XDC,Q,2020-Q3,15922081000000,0,,,,,,,,,L,,,O,OL,true,2021,,F
dataflow,IMF.STA:QNEA(7.0.0),R,RUS,P3_PS,Q,NSA,XDC,Q,2020-Q4,16827903900000,0,,,,,,,,,L,,,O,OL,true,2021,,F
dataflow,IMF.STA:QNEA(7.0.0),R,RUS,P3_PS,Q,NSA,XDC,Q,2021-Q1,15763026300000,0,,,,,,,,,L,,,O,OL,true,2021,,F
dataflow,IMF.STA:QNEA(7.0.0),R,RUS,P3_PS,Q,NSA,XDC,Q,2021-Q2,16545584400000,0,,,,,,,,,L,,,O,OL,true,2021,,F
dataflow,IMF.STA:QNEA(7.0.0),R,RUS,P3_PS,Q,NSA,XDC,Q,2021-Q3,17437058400000,0,,,,,,,,,L,,,O,OL,true,2021,,F
dataflow,IMF.STA:QNEA(7.0.0),R,RUS,P3_PS,Q,NSA,XDC,Q,2021-Q4,18049427300000,0,,,,,,,,,L,,,O,OL,true,2021,,F
dataflow,IMF.STA:QNEA(7.0.0),R,RUS,P3_PS,Q,NSA,XDC,Q,2022-Q1,16597199300000,0,,,,,,,,,L,,,O,OL,true,2021,,F
dataflow,IMF.STA:QNEA(7.0.0),R,RUS,P3_PS,Q,NSA,XDC,Q,2022-Q2,15808123500000,0,,,,,,,,,L,,,O,OL,true,2021,,F
dataflow,IMF.STA:QNEA(7.0.0),R,RUS,P3_PS,Q,NSA,XDC,Q,2022-Q3,16573174900000,0,,,,,,,,,L,,,O,OL,true,2021,,F
dataflow,IMF.STA:QNEA(7.0.0),R,RUS,P3_PS,Q,NSA,XDC,Q,2022-Q4,17485310700000,0,,,,,,,,,L,,,O,OL,true,2021,,F
dataflow,IMF.STA:QNEA(7.0.0),R,RUS,P3_PS,Q,NSA,XDC,Q,2023-Q1,16813854200000,0,,,,,,,,,L,,,O,OL,true,2021,,F
dataflow,IMF.STA:QNEA(7.0.0),R,RUS,P3_PS,Q,NSA,XDC,Q,2023-Q2,17596496700000,0,,,,,,,,,L,,,O,OL,true,2021,,F
dataflow,IMF.STA:QNEA(7.0.0),R,RUS,P3_PS,Q,NSA,XDC,Q,2023-Q3,18632895300000,0,,,,,,,,,L,,,O,OL,true,2021,,F
dataflow,IMF.STA:QNEA(7.0.0),R,RUS,P3_PS,Q,NSA,XDC,Q,2023-Q4,19139531700000,0,,,,,,,,,L,,,O,OL,true,2021,,F
dataflow,IMF.STA:QNEA(7.0.0),R,RUS,P3_PS,Q,NSA,XDC,Q,2024-Q1,18181209100000,0,,,,,,,,,L,,,O,OL,true,2021,,F
dataflow,IMF.STA:QNEA(7.0.0),R,RUS,P3_PS,Q,NSA,XDC,Q,2024-Q2,18820467400000,0,,,,,,,,,L,,,O,OL,true,2021,,F
dataflow,IMF.STA:QNEA(7.0.0),R,RUS,P3_PS,Q,NSA,XDC,Q,2024-Q3,19894462500000,0,,,,,,,,,L,,,O,OL,true,2021,,F
dataflow,IMF.STA:QNEA(7.0.0),R,RUS,P3_PS,Q,NSA,XDC,Q,2024-Q4,20158060200000,0,,,,,,,,,L,,,O,OL,true,2021,,F
dataflow,IMF.STA:QNEA(7.0.0),R,RUS,P3_PS,Q,NSA,XDC,Q,2025-Q1,18942919900000,0,,,,,,,,,L,,,O,OL,true,2021,,F
dataflow,IMF.STA:QNEA(7.0.0),R,RUS,P3_PS,Q,NSA,XDC,Q,2025-Q2,19430498100000,0,,,,,,,,,L,,,O,OL,true,2021,,F
dataflow,IMF.STA:QNEA(7.0.0),R,RUS,P3_PS,Q,NSA,XDC,Q,2025-Q3,20519613000000,0,,,,,,,,,L,,,O,OL,true,2021,,F
dataflow,IMF.STA:QNEA(7.0.0),R,RUS,P3_PS,Q,NSA,XDC,Q,2025-Q4,20935637100000,0,,,,,,,,,L,,,O,OL,true,2021,,F
dataflow,IMF.STA:QNEA(7.0.0),R,RUS,P3_PS,Q,NSA,XDC,Q,2026-Q1,19601126800000,0,,,,,,,,,L,,,O,OL,true,2021,,F
dataflow,IMF.STA:QNEA(7.0.0),R,RUS,P3_PS,V,NSA,USD,Q,,,0,,,,,,,,,L,,,,OL,,,,
dataflow,IMF.STA:QNEA(7.0.0),R,RUS,P3_PS,V,NSA,XDC,Q,1993-Q3,20972000000,0,,,,,,,,,L,,,O,OL,true,,,F
dataflow,IMF.STA:QNEA(7.0.0),R,RUS,P3_PS,V,NSA,XDC,Q,1993-Q4,36183000000,0,,,,,,,,,L,,,O,OL,true,,,F
dataflow,IMF.STA:QNEA(7.0.0),R,RUS,P3_PS,V,NSA,XDC,Q,1994-Q1,47873000000,0,,,,,,,,,L,,,O,OL,true,,,F
dataflow,IMF.STA:QNEA(7.0.0),R,RUS,P3_PS,V,NSA,XDC,Q,1994-Q2,57403000000,0,,,,,,,,,L,,,O,OL,true,,,F
dataflow,IMF.STA:QNEA(7.0.0),R,RUS,P3_PS,V,NSA,XDC,Q,1994-Q3,78990000000,0,,,,,,,,,L,,,O,OL,true,,,F
dataflow,IMF.STA:QNEA(7.0.0),R,RUS,P3_PS,V,NSA,XDC,Q,1994-Q4,101104000000,0,,,,,,,,,L,,,O,OL,true,,,F
dataflow,IMF.STA:QNEA(7.0.0),R,RUS,P3_PS,V,NSA,XDC,Q,1995-Q1,130529800000,0,,,,,,,,,L,,,O,OL,true,,,F
dataflow,IMF.STA:QNEA(7.0.0),R,RUS,P3_PS,V,NSA,XDC,Q,1995-Q2,169357600000,0,,,,,,,,,L,,,O,OL,true,,,F
dataflow,IMF.STA:QNEA(7.0.0),R,RUS,P3_PS,V,NSA,XDC,Q,1995-Q3,207522300000,0,,,,,,,,,L,,,O,OL,true,,,F
dataflow,IMF.STA:QNEA(7.0.0),R,RUS,P3_PS,V,NSA,XDC,Q,1995-Q4,236683100000,0,,,,,,,,,L,,,O,OL,true,,,F
dataflow,IMF.STA:QNEA(7.0.0),R,RUS,P3_PS,V,NSA,XDC,Q,1996-Q1,238636900000,0,,,,,,,,,L,,,O,OL,true,,,F
dataflow,IMF.STA:QNEA(7.0.0),R,RUS,P3_PS,V,NSA,XDC,Q,1996-Q2,252084300000,0,,,,,,,,,L,,,O,OL,true,,,F
dataflow,IMF.STA:QNEA(7.0.0),R,RUS,P3_PS,V,NSA,XDC,Q,1996-Q3,265400500000,0,,,,,,,,,L,,,O,OL,true,,,F
dataflow,IMF.STA:QNEA(7.0.0),R,RUS,P3_PS,V,NSA,XDC,Q,1996-Q4,288366800000,0,,,,,,,,,L,,,O,OL,true,,,F
dataflow,IMF.STA:QNEA(7.0.0),R,RUS,P3_PS,V,NSA,XDC,Q,1997-Q1,294246500000,0,,,,,,,,,L,,,O,OL,true,,,F
dataflow,IMF.STA:QNEA(7.0.0),R,RUS,P3_PS,V,NSA,XDC,Q,1997-Q2,303770100000,0,,,,,,,,,L,,,O,OL,true,,,F
dataflow,IMF.STA:QNEA(7.0.0),R,RUS,P3_PS,V,NSA,XDC,Q,1997-Q3,327048200000,0,,,,,,,,,L,,,O,OL,true,,,F
dataflow,IMF.STA:QNEA(7.0.0),R,RUS,P3_PS,V,NSA,XDC,Q,1997-Q4,357499300000,0,,,,,,,,,L,,,O,OL,true,,,F
dataflow,IMF.STA:QNEA(7.0.0),R,RUS,P3_PS,V,NSA,XDC,Q,1998-Q1,317331400000,0,,,,,,,,,L,,,O,OL,true,,,F
dataflow,IMF.STA:QNEA(7.0.0),R,RUS,P3_PS,V,NSA,XDC,Q,1998-Q2,322883600000,0,,,,,,,,,L,,,O,OL,true,,,F
dataflow,IMF.STA:QNEA(7.0.0),R,RUS,P3_PS,V,NSA,XDC,Q,1998-Q3,383541800000,0,,,,,,,,,L,,,O,OL,true,,,F
dataflow,IMF.STA:QNEA(7.0.0),R,RUS,P3_PS,V,NSA,XDC,Q,1998-Q4,487412700000,0,,,,,,,,,L,,,O,OL,true,,,F
dataflow,IMF.STA:QNEA(7.0.0),R,RUS,P3_PS,V,NSA,XDC,Q,1999-Q1,549392900000,0,,,,,,,,,L,,,O,OL,true,,,F
dataflow,IMF.STA:QNEA(7.0.0),R,RUS,P3_PS,V,NSA,XDC,Q,1999-Q2,594281200000,0,,,,,,,,,L,,,O,OL,true,,,F
dataflow,IMF.STA:QNEA(7.0.0),R,RUS,P3_PS,V,NSA,XDC,Q,1999-Q3,669909300000,0,,,,,,,,,L,,,O,OL,true,,,F
dataflow,IMF.STA:QNEA(7.0.0),R,RUS,P3_PS,V,NSA,XDC,Q,1999-Q4,768885600000,0,,,,,,,,,L,,,O,OL,true,,,F
dataflow,IMF.STA:QNEA(7.0.0),R,RUS,P3_PS,V,NSA,XDC,Q,2000-Q1,742496200000,0,,,,,,,,,L,,,O,OL,true,,,F
dataflow,IMF.STA:QNEA(7.0.0),R,RUS,P3_PS,V,NSA,XDC,Q,2000-Q2,780073500000,0,,,,,,,,,L,,,O,OL,true,,,F
dataflow,IMF.STA:QNEA(7.0.0),R,RUS,P3_PS,V,NSA,XDC,Q,2000-Q3,877854400000,0,,,,,,,,,L,,,O,OL,true,,,F
dataflow,IMF.STA:QNEA(7.0.0),R,RUS,P3_PS,V,NSA,XDC,Q,2000-Q4,973929700000,0,,,,,,,,,L,,,O,OL,true,,,F
dataflow,IMF.STA:QNEA(7.0.0),R,RUS,P3_PS,V,NSA,XDC,Q,2001-Q1,960364000000,0,,,,,,,,,L,,,O,OL,true,,,F
dataflow,IMF.STA:QNEA(7.0.0),R,RUS,P3_PS,V,NSA,XDC,Q,2001-Q2,1047565900000,0,,,,,,,,,L,,,O,OL,true,,,F
dataflow,IMF.STA:QNEA(7.0.0),R,RUS,P3_PS,V,NSA,XDC,Q,2001-Q3,1150153400000,0,,,,,,,,,L,,,O,OL,true,,,F
dataflow,IMF.STA:QNEA(7.0.0),R,RUS,P3_PS,V,NSA,XDC,Q,2001-Q4,1258819700000,0,,,,,,,,,L,,,O,OL,true,,,F
dataflow,IMF.STA:QNEA(7.0.0),R,RUS,P3_PS,V,NSA,XDC,Q,2002-Q1,1233613600000,0,,,,,,,,,L,,,O,OL,true,,,F
dataflow,IMF.STA:QNEA(7.0.0),R,RUS,P3_PS,V,NSA,XDC,Q,2002-Q2,1305305500000,0,,,,,,,,,L,,,O,OL,true,,,F
dataflow,IMF.STA:QNEA(7.0.0),R,RUS,P3_PS,V,NSA,XDC,Q,2002-Q3,1423625900000,0,,,,,,,,,L,,,O,OL,true,,,F
dataflow,IMF.STA:QNEA(7.0.0),R,RUS,P3_PS,V,NSA,XDC,Q,2002-Q4,1572959600000,0,,,,,,,,,L,,,O,OL,true,,,F
dataflow,IMF.STA:QNEA(7.0.0),R,RUS,P3_PS,V,NSA,XDC,Q,2003-Q1,1513750500000,0,,,,,,,,,L,,,O,OL,true,,,F
dataflow,IMF.STA:QNEA(7.0.0),R,RUS,P3_PS,V,NSA,XDC,Q,2003-Q2,1586095300000,0,,,,,,,,,L,,,O,OL,true,,,F
dataflow,IMF.STA:QNEA(7.0.0),R,RUS,P3_PS,V,NSA,XDC,Q,2003-Q3,1702260500000,0,,,,,,,,,L,,,O,OL,true,,,F
dataflow,IMF.STA:QNEA(7.0.0),R,RUS,P3_PS,V,NSA,XDC,Q,2003-Q4,1892076400000,0,,,,,,,,,L,,,O,OL,true,,,F
dataflow,IMF.STA:QNEA(7.0.0),R,RUS,P3_PS,V,NSA,XDC,Q,2004-Q1,1898827000000,0,,,,,,,,,L,,,O,OL,true,,,F
dataflow,IMF.STA:QNEA(7.0.0),R,RUS,P3_PS,V,NSA,XDC,Q,2004-Q2,2022722300000,0,,,,,,,,,L,,,O,OL,true,,,F
dataflow,IMF.STA:QNEA(7.0.0),R,RUS,P3_PS,V,NSA,XDC,Q,2004-Q3,2212588200000,0,,,,,,,,,L,,,O,OL,true,,,F
dataflow,IMF.STA:QNEA(7.0.0),R,RUS,P3_PS,V,NSA,XDC,Q,2004-Q4,2453897600000,0,,,,,,,,,L,,,O,OL,true,,,F
dataflow,IMF.STA:QNEA(7.0.0),R,RUS,P3_PS,V,NSA,XDC,Q,2005-Q1,2341004300000,0,,,,,,,,,L,,,O,OL,true,,,F
dataflow,IMF.STA:QNEA(7.0.0),R,RUS,P3_PS,V,NSA,XDC,Q,2005-Q2,2570980000000,0,,,,,,,,,L,,,O,OL,true,,,F
dataflow,IMF.STA:QNEA(7.0.0),R,RUS,P3_PS,V,NSA,XDC,Q,2005-Q3,2790258000000,0,,,,,,,,,L,,,O,OL,true,,,F
dataflow,IMF.STA:QNEA(7.0.0),R,RUS,P3_PS,V,NSA,XDC,Q,2005-Q4,3089988400000,0,,,,,,,,,L,,,O,OL,true,,,F
dataflow,IMF.STA:QNEA(7.0.0),R,RUS,P3_PS,V,NSA,XDC,Q,2006-Q1,2852915400000,0,,,,,,,,,L,,,O,OL,true,,,F
dataflow,IMF.STA:QNEA(7.0.0),R,RUS,P3_PS,V,NSA,XDC,Q,2006-Q2,3133992800000,0,,,,,,,,,L,,,O,OL,true,,,F
dataflow,IMF.STA:QNEA(7.0.0),R,RUS,P3_PS,V,NSA,XDC,Q,2006-Q3,3385702000000,0,,,,,,,,,L,,,O,OL,true,,,F
dataflow,IMF.STA:QNEA(7.0.0),R,RUS,P3_PS,V,NSA,XDC,Q,2006-Q4,3756720800000,0,,,,,,,,,L,,,O,OL,true,,,F
dataflow,IMF.STA:QNEA(7.0.0),R,RUS,P3_PS,V,NSA,XDC,Q,2007-Q1,3447912900000,0,,,,,,,,,L,,,O,OL,true,,,F
dataflow,IMF.STA:QNEA(7.0.0),R,RUS,P3_PS,V,NSA,XDC,Q,2007-Q2,3835294900000,0,,,,,,,,,L,,,O,OL,true,,,F
dataflow,IMF.STA:QNEA(7.0.0),R,RUS,P3_PS,V,NSA,XDC,Q,2007-Q3,4205618800000,0,,,,,,,,,L,,,O,OL,true,,,F
dataflow,IMF.STA:QNEA(7.0.0),R,RUS,P3_PS,V,NSA,XDC,Q,2007-Q4,4728788800000,0,,,,,,,,,L,,,O,OL,true,,,F
dataflow,IMF.STA:QNEA(7.0.0),R,RUS,P3_PS,V,NSA,XDC,Q,2008-Q1,4358446200000,0,,,,,,,,,L,,,O,OL,true,,,F
dataflow,IMF.STA:QNEA(7.0.0),R,RUS,P3_PS,V,NSA,XDC,Q,2008-Q2,4838534500000,0,,,,,,,,,L,,,O,OL,true,,,F
dataflow,IMF.STA:QNEA(7.0.0),R,RUS,P3_PS,V,NSA,XDC,Q,2008-Q3,5309915300000,0,,,,,,,,,L,,,O,OL,true,,,F
dataflow,IMF.STA:QNEA(7.0.0),R,RUS,P3_PS,V,NSA,XDC,Q,2008-Q4,5676771200000,0,,,,,,,,,L,,,O,OL,true,,,F
dataflow,IMF.STA:QNEA(7.0.0),R,RUS,P3_PS,V,NSA,XDC,Q,2009-Q1,4904936000000,0,,,,,,,,,L,,,O,OL,true,,,F
dataflow,IMF.STA:QNEA(7.0.0),R,RUS,P3_PS,V,NSA,XDC,Q,2009-Q2,5129281100000,0,,,,,,,,,L,,,O,OL,true,,,F
dataflow,IMF.STA:QNEA(7.0.0),R,RUS,P3_PS,V,NSA,XDC,Q,2009-Q3,5385336100000,0,,,,,,,,,L,,,O,OL,true,,,F
dataflow,IMF.STA:QNEA(7.0.0),R,RUS,P3_PS,V,NSA,XDC,Q,2009-Q4,5783379300000,0,,,,,,,,,L,,,O,OL,true,,,F
dataflow,IMF.STA:QNEA(7.0.0),R,RUS,P3_PS,V,NSA,XDC,Q,2010-Q1,5340614500000,0,,,,,,,,,L,,,O,OL,true,,,F
dataflow,IMF.STA:QNEA(7.0.0),R,RUS,P3_PS,V,NSA,XDC,Q,2010-Q2,5720772600000,0,,,,,,,,,L,,,O,OL,true,,,F
dataflow,IMF.STA:QNEA(7.0.0),R,RUS,P3_PS,V,NSA,XDC,Q,2010-Q3,6125730800000,0,,,,,,,,,L,,,O,OL,true,,,F
dataflow,IMF.STA:QNEA(7.0.0),R,RUS,P3_PS,V,NSA,XDC,Q,2010-Q4,6656231600000,0,,,,,,,,,L,,,O,OL,true,,,F
dataflow,IMF.STA:QNEA(7.0.0),R,RUS,P3_PS,V,NSA,XDC,Q,2011-Q1,6832858900000,0,,,,,,,,,L,,,O,OL,true,,,F
dataflow,IMF.STA:QNEA(7.0.0),R,RUS,P3_PS,V,NSA,XDC,Q,2011-Q2,7318881100000,0,,,,,,,,,L,,,O,OL,true,,,F
dataflow,IMF.STA:QNEA(7.0.0),R,RUS,P3_PS,V,NSA,XDC,Q,2011-Q3,7790936500000,0,,,,,,,,,L,,,O,OL,true,,,F
dataflow,IMF.STA:QNEA(7.0.0),R,RUS,P3_PS,V,NSA,XDC,Q,2011-Q4,8345765600000,0,,,,,,,,,L,,,O,OL,true,,,F
dataflow,IMF.STA:QNEA(7.0.0),R,RUS,P3_PS,V,NSA,XDC,Q,2012-Q1,7873075800000,0,,,,,,,,,L,,,O,OL,true,,,F
dataflow,IMF.STA:QNEA(7.0.0),R,RUS,P3_PS,V,NSA,XDC,Q,2012-Q2,8398488800000,0,,,,,,,,,L,,,O,OL,true,,,F
dataflow,IMF.STA:QNEA(7.0.0),R,RUS,P3_PS,V,NSA,XDC,Q,2012-Q3,9056185300000,0,,,,,,,,,L,,,O,OL,true,,,F
dataflow,IMF.STA:QNEA(7.0.0),R,RUS,P3_PS,V,NSA,XDC,Q,2012-Q4,9709366800000,0,,,,,,,,,L,,,O,OL,true,,,F
dataflow,IMF.STA:QNEA(7.0.0),R,RUS,P3_PS,V,NSA,XDC,Q,2013-Q1,8775697300000,0,,,,,,,,,L,,,O,OL,true,,,F
dataflow,IMF.STA:QNEA(7.0.0),R,RUS,P3_PS,V,NSA,XDC,Q,2013-Q2,9398713800000,0,,,,,,,,,L,,,O,OL,true,,,F
dataflow,IMF.STA:QNEA(7.0.0),R,RUS,P3_PS,V,NSA,XDC,Q,2013-Q3,10057712400000,0,,,,,,,,,L,,,O,OL,true,,,F
dataflow,IMF.STA:QNEA(7.0.0),R,RUS,P3_PS,V,NSA,XDC,Q,2013-Q4,10571182000000,0,,,,,,,,,L,,,O,OL,true,,,F
dataflow,IMF.STA:QNEA(7.0.0),R,RUS,P3_PS,V,NSA,XDC,Q,2014-Q1,9584967800000,0,,,,,,,,,L,,,O,OL,true,,,F
dataflow,IMF.STA:QNEA(7.0.0),R,RUS,P3_PS,V,NSA,XDC,Q,2014-Q2,10210147800000,0,,,,,,,,,L,,,O,OL,true,,,F
dataflow,IMF.STA:QNEA(7.0.0),R,RUS,P3_PS,V,NSA,XDC,Q,2014-Q3,10910778200000,0,,,,,,,,,L,,,O,OL,true,,,F
dataflow,IMF.STA:QNEA(7.0.0),R,RUS,P3_PS,V,NSA,XDC,Q,2014-Q4,11782961800000,0,,,,,,,,,L,,,O,OL,true,,,F
dataflow,IMF.STA:QNEA(7.0.0),R,RUS,P3_PS,V,NSA,XDC,Q,2015-Q1,10254905300000,0,,,,,,,,,L,,,O,OL,true,,,F
dataflow,IMF.STA:QNEA(7.0.0),R,RUS,P3_PS,V,NSA,XDC,Q,2015-Q2,10550765000000,0,,,,,,,,,L,,,O,OL,true,,,F
dataflow,IMF.STA:QNEA(7.0.0),R,RUS,P3_PS,V,NSA,XDC,Q,2015-Q3,11271695000000,0,,,,,,,,,L,,,O,OL,true,,,F
dataflow,IMF.STA:QNEA(7.0.0),R,RUS,P3_PS,V,NSA,XDC,Q,2015-Q4,11692901200000,0,,,,,,,,,L,,,O,OL,true,,,F
dataflow,IMF.STA:QNEA(7.0.0),R,RUS,P3_PS,V,NSA,XDC,Q,2016-Q1,10678647800000,0,,,,,,,,,L,,,O,OL,true,,,F
dataflow,IMF.STA:QNEA(7.0.0),R,RUS,P3_PS,V,NSA,XDC,Q,2016-Q2,11011572600000,0,,,,,,,,,L,,,O,OL,true,,,F
dataflow,IMF.STA:QNEA(7.0.0),R,RUS,P3_PS,V,NSA,XDC,Q,2016-Q3,11684752400000,0,,,,,,,,,L,,,O,OL,true,,,F
dataflow,IMF.STA:QNEA(7.0.0),R,RUS,P3_PS,V,NSA,XDC,Q,2016-Q4,12213771200000,0,,,,,,,,,L,,,O,OL,true,,,F
dataflow,IMF.STA:QNEA(7.0.0),R,RUS,P3_PS,V,NSA,XDC,Q,2017-Q1,11239769000000,0,,,,,,,,,L,,,O,OL,true,,,F
dataflow,IMF.STA:QNEA(7.0.0),R,RUS,P3_PS,V,NSA,XDC,Q,2017-Q2,11781562700000,0,,,,,,,,,L,,,O,OL,true,,,F
dataflow,IMF.STA:QNEA(7.0.0),R,RUS,P3_PS,V,NSA,XDC,Q,2017-Q3,12506607400000,0,,,,,,,,,L,,,O,OL,true,,,F
dataflow,IMF.STA:QNEA(7.0.0),R,RUS,P3_PS,V,NSA,XDC,Q,2017-Q4,13030669600000,0,,,,,,,,,L,,,O,OL,true,,,F
dataflow,IMF.STA:QNEA(7.0.0),R,RUS,P3_PS,V,NSA,XDC,Q,2018-Q1,12005599200000,0,,,,,,,,,L,,,O,OL,true,,,F
dataflow,IMF.STA:QNEA(7.0.0),R,RUS,P3_PS,V,NSA,XDC,Q,2018-Q2,12675689500000,0,,,,,,,,,L,,,O,OL,true,,,F
dataflow,IMF.STA:QNEA(7.0.0),R,RUS,P3_PS,V,NSA,XDC,Q,2018-Q3,13469260000000,0,,,,,,,,,L,,,O,OL,true,,,F
dataflow,IMF.STA:QNEA(7.0.0),R,RUS,P3_PS,V,NSA,XDC,Q,2018-Q4,14160340200000,0,,,,,,,,,L,,,O,OL,true,,,F
dataflow,IMF.STA:QNEA(7.0.0),R,RUS,P3_PS,V,NSA,XDC,Q,2019-Q1,13126840400000,0,,,,,,,,,L,,,O,OL,true,,,F
dataflow,IMF.STA:QNEA(7.0.0),R,RUS,P3_PS,V,NSA,XDC,Q,2019-Q2,13758733200000,0,,,,,,,,,L,,,O,OL,true,,,F
dataflow,IMF.STA:QNEA(7.0.0),R,RUS,P3_PS,V,NSA,XDC,Q,2019-Q3,14539908600000,0,,,,,,,,,L,,,O,OL,true,,,F
dataflow,IMF.STA:QNEA(7.0.0),R,RUS,P3_PS,V,NSA,XDC,Q,2019-Q4,15131308000000,0,,,,,,,,,L,,,O,OL,true,,,F
dataflow,IMF.STA:QNEA(7.0.0),R,RUS,P3_PS,V,NSA,XDC,Q,2020-Q1,14206330300000,0,,,,,,,,,L,,,O,OL,true,,,F
dataflow,IMF.STA:QNEA(7.0.0),R,RUS,P3_PS,V,NSA,XDC,Q,2020-Q2,11454083000000,0,,,,,,,,,L,,,O,OL,true,,,F
dataflow,IMF.STA:QNEA(7.0.0),R,RUS,P3_PS,V,NSA,XDC,Q,2020-Q3,14315108900000,0,,,,,,,,,L,,,O,OL,true,,,F
dataflow,IMF.STA:QNEA(7.0.0),R,RUS,P3_PS,V,NSA,XDC,Q,2020-Q4,15463777400000,0,,,,,,,,,L,,,O,OL,true,,,F
dataflow,IMF.STA:QNEA(7.0.0),R,RUS,P3_PS,V,NSA,XDC,Q,2021-Q1,15224796700000,0,,,,,,,,,L,,,O,OL,true,,,F
dataflow,IMF.STA:QNEA(7.0.0),R,RUS,P3_PS,V,NSA,XDC,Q,2021-Q2,16367085400000,0,,,,,,,,,L,,,O,OL,true,,,F
dataflow,IMF.STA:QNEA(7.0.0),R,RUS,P3_PS,V,NSA,XDC,Q,2021-Q3,17531666900000,0,,,,,,,,,L,,,O,OL,true,,,F
dataflow,IMF.STA:QNEA(7.0.0),R,RUS,P3_PS,V,NSA,XDC,Q,2021-Q4,18671547400000,0,,,,,,,,,L,,,O,OL,true,,,F
dataflow,IMF.STA:QNEA(7.0.0),R,RUS,P3_PS,V,NSA,XDC,Q,2022-Q1,17870290100000,0,,,,,,,,,L,,,O,OL,true,,,F
dataflow,IMF.STA:QNEA(7.0.0),R,RUS,P3_PS,V,NSA,XDC,Q,2022-Q2,17570521900000,0,,,,,,,,,L,,,O,OL,true,,,F
dataflow,IMF.STA:QNEA(7.0.0),R,RUS,P3_PS,V,NSA,XDC,Q,2022-Q3,18545790500000,0,,,,,,,,,L,,,O,OL,true,,,F
dataflow,IMF.STA:QNEA(7.0.0),R,RUS,P3_PS,V,NSA,XDC,Q,2022-Q4,19942516400000,0,,,,,,,,,L,,,O,OL,true,,,F
dataflow,IMF.STA:QNEA(7.0.0),R,RUS,P3_PS,V,NSA,XDC,Q,2023-Q1,19660739600000,0,,,,,,,,,L,,,O,OL,true,,,F
dataflow,IMF.STA:QNEA(7.0.0),R,RUS,P3_PS,V,NSA,XDC,Q,2023-Q2,20818456400000,0,,,,,,,,,L,,,O,OL,true,,,F
dataflow,IMF.STA:QNEA(7.0.0),R,RUS,P3_PS,V,NSA,XDC,Q,2023-Q3,22536902200000,0,,,,,,,,,L,,,O,OL,true,,,F
dataflow,IMF.STA:QNEA(7.0.0),R,RUS,P3_PS,V,NSA,XDC,Q,2023-Q4,23651496500000,0,,,,,,,,,L,,,O,OL,true,,,F
dataflow,IMF.STA:QNEA(7.0.0),R,RUS,P3_PS,V,NSA,XDC,Q,2024-Q1,23025496800000,0,,,,,,,,,L,,,O,OL,true,,,F
dataflow,IMF.STA:QNEA(7.0.0),R,RUS,P3_PS,V,NSA,XDC,Q,2024-Q2,24118188800000,0,,,,,,,,,L,,,O,OL,true,,,F
dataflow,IMF.STA:QNEA(7.0.0),R,RUS,P3_PS,V,NSA,XDC,Q,2024-Q3,25928296400000,0,,,,,,,,,L,,,O,OL,true,,,F
dataflow,IMF.STA:QNEA(7.0.0),R,RUS,P3_PS,V,NSA,XDC,Q,2024-Q4,26902788000000,0,,,,,,,,,L,,,O,OL,true,,,F
dataflow,IMF.STA:QNEA(7.0.0),R,RUS,P3_PS,V,NSA,XDC,Q,2025-Q1,25530305000000,0,,,,,,,,,L,,,O,OL,true,,,F
dataflow,IMF.STA:QNEA(7.0.0),R,RUS,P3_PS,V,NSA,XDC,Q,2025-Q2,26445925200000,0,,,,,,,,,L,,,O,OL,true,,,F
dataflow,IMF.STA:QNEA(7.0.0),R,RUS,P3_PS,V,NSA,XDC,Q,2025-Q3,28310355900000,0,,,,,,,,,L,,,O,OL,true,,,F
dataflow,IMF.STA:QNEA(7.0.0),R,RUS,P3_PS,V,NSA,XDC,Q,2025-Q4,29554038200000,0,,,,,,,,,L,,,O,OL,true,,,F
dataflow,IMF.STA:QNEA(7.0.0),R,RUS,P3_PS,V,NSA,XDC,Q,2026-Q1,28319382800000,0,,,,,,,,,L,,,O,OL,true,,,F
dataflow,IMF.STA:QNEA(7.0.0),R,RUS,P3_S13,Q,NSA,USD,Q,,,0,,,,,,,,,L,,,,OL,,2021,,
dataflow,IMF.STA:QNEA(7.0.0),R,RUS,P3_S13,Q,NSA,XDC,Q,2011-Q1,4008431600000,0,,,,,,,,,L,,,O,OL,true,2021,,F
dataflow,IMF.STA:QNEA(7.0.0),R,RUS,P3_S13,Q,NSA,XDC,Q,2011-Q2,4044918600000,0,,,,,,,,,L,,,O,OL,true,2021,,F
dataflow,IMF.STA:QNEA(7.0.0),R,RUS,P3_S13,Q,NSA,XDC,Q,2011-Q3,4041738600000,0,,,,,,,,,L,,,O,OL,true,2021,,F
dataflow,IMF.STA:QNEA(7.0.0),R,RUS,P3_S13,Q,NSA,XDC,Q,2011-Q4,4110467700000,0,,,,,,,,,L,,,O,OL,true,2021,,F
dataflow,IMF.STA:QNEA(7.0.0),R,RUS,P3_S13,Q,NSA,XDC,Q,2012-Q1,4125798700000,0,,,,,,,,,L,,,O,OL,true,2021,,F
dataflow,IMF.STA:QNEA(7.0.0),R,RUS,P3_S13,Q,NSA,XDC,Q,2012-Q2,4138339600000,0,,,,,,,,,L,,,O,OL,true,2021,,F
dataflow,IMF.STA:QNEA(7.0.0),R,RUS,P3_S13,Q,NSA,XDC,Q,2012-Q3,4132697800000,0,,,,,,,,,L,,,O,OL,true,2021,,F
dataflow,IMF.STA:QNEA(7.0.0),R,RUS,P3_S13,Q,NSA,XDC,Q,2012-Q4,4173114400000,0,,,,,,,,,L,,,O,OL,true,2021,,F
dataflow,IMF.STA:QNEA(7.0.0),R,RUS,P3_S13,Q,NSA,XDC,Q,2013-Q1,4128898500000,0,,,,,,,,,L,,,O,OL,true,2021,,F
dataflow,IMF.STA:QNEA(7.0.0),R,RUS,P3_S13,Q,NSA,XDC,Q,2013-Q2,4136774200000,0,,,,,,,,,L,,,O,OL,true,2021,,F
dataflow,IMF.STA:QNEA(7.0.0),R,RUS,P3_S13,Q,NSA,XDC,Q,2013-Q3,4134669700000,0,,,,,,,,,L,,,O,OL,true,2021,,F
dataflow,IMF.STA:QNEA(7.0.0),R,RUS,P3_S13,Q,NSA,XDC,Q,2013-Q4,4178501000000,0,,,,,,,,,L,,,O,OL,true,2021,,F
dataflow,IMF.STA:QNEA(7.0.0),R,RUS,P3_S13,Q,NSA,XDC,Q,2014-Q1,5315298800000,0,,,,,,,,,L,,,O,OL,true,2021,,F
dataflow,IMF.STA:QNEA(7.0.0),R,RUS,P3_S13,Q,NSA,XDC,Q,2014-Q2,5252573900000,0,,,,,,,,,L,,,O,OL,true,2021,,F
dataflow,IMF.STA:QNEA(7.0.0),R,RUS,P3_S13,Q,NSA,XDC,Q,2014-Q3,5327240800000,0,,,,,,,,,L,,,O,OL,true,2021,,F
dataflow,IMF.STA:QNEA(7.0.0),R,RUS,P3_S13,Q,NSA,XDC,Q,2014-Q4,5423073900000,0,,,,,,,,,L,,,O,OL,true,2021,,F
dataflow,IMF.STA:QNEA(7.0.0),R,RUS,P3_S13,Q,NSA,XDC,Q,2015-Q1,5119599500000,0,,,,,,,,,L,,,O,OL,true,2021,,F
dataflow,IMF.STA:QNEA(7.0.0),R,RUS,P3_S13,Q,NSA,XDC,Q,2015-Q2,5065396800000,0,,,,,,,,,L,,,O,OL,true,2021,,F
dataflow,IMF.STA:QNEA(7.0.0),R,RUS,P3_S13,Q,NSA,XDC,Q,2015-Q3,5134648000000,0,,,,,,,,,L,,,O,OL,true,2021,,F
dataflow,IMF.STA:QNEA(7.0.0),R,RUS,P3_S13,Q,NSA,XDC,Q,2015-Q4,5229095000000,0,,,,,,,,,L,,,O,OL,true,2021,,F
dataflow,IMF.STA:QNEA(7.0.0),R,RUS,P3_S13,Q,NSA,XDC,Q,2016-Q1,5192082000000,0,,,,,,,,,L,,,O,OL,true,2021,,F
dataflow,IMF.STA:QNEA(7.0.0),R,RUS,P3_S13,Q,NSA,XDC,Q,2016-Q2,5135092500000,0,,,,,,,,,L,,,O,OL,true,2021,,F
dataflow,IMF.STA:QNEA(7.0.0),R,RUS,P3_S13,Q,NSA,XDC,Q,2016-Q3,5210083900000,0,,,,,,,,,L,,,O,OL,true,2021,,F
dataflow,IMF.STA:QNEA(7.0.0),R,RUS,P3_S13,Q,NSA,XDC,Q,2016-Q4,5309235300000,0,,,,,,,,,L,,,O,OL,true,2021,,F
dataflow,IMF.STA:QNEA(7.0.0),R,RUS,P3_S13,Q,NSA,XDC,Q,2017-Q1,5320012300000,0,,,,,,,,,L,,,O,OL,true,2021,,F
dataflow,IMF.STA:QNEA(7.0.0),R,RUS,P3_S13,Q,NSA,XDC,Q,2017-Q2,5268636600000,0,,,,,,,,,L,,,O,OL,true,2021,,F
dataflow,IMF.STA:QNEA(7.0.0),R,RUS,P3_S13,Q,NSA,XDC,Q,2017-Q3,5342007700000,0,,,,,,,,,L,,,O,OL,true,2021,,F
dataflow,IMF.STA:QNEA(7.0.0),R,RUS,P3_S13,Q,NSA,XDC,Q,2017-Q4,5442900900000,0,,,,,,,,,L,,,O,OL,true,2021,,F
dataflow,IMF.STA:QNEA(7.0.0),R,RUS,P3_S13,Q,NSA,XDC,Q,2018-Q1,5388980200000,0,,,,,,,,,L,,,O,OL,true,2021,,F
dataflow,IMF.STA:QNEA(7.0.0),R,RUS,P3_S13,Q,NSA,XDC,Q,2018-Q2,5336436200000,0,,,,,,,,,L,,,O,OL,true,2021,,F
dataflow,IMF.STA:QNEA(7.0.0),R,RUS,P3_S13,Q,NSA,XDC,Q,2018-Q3,5410167900000,0,,,,,,,,,L,,,O,OL,true,2021,,F
dataflow,IMF.STA:QNEA(7.0.0),R,RUS,P3_S13,Q,NSA,XDC,Q,2018-Q4,5511465000000,0,,,,,,,,,L,,,O,OL,true,2021,,F
dataflow,IMF.STA:QNEA(7.0.0),R,RUS,P3_S13,Q,NSA,XDC,Q,2019-Q1,5507166100000,0,,,,,,,,,L,,,O,OL,true,2021,,F
dataflow,IMF.STA:QNEA(7.0.0),R,RUS,P3_S13,Q,NSA,XDC,Q,2019-Q2,5461749700000,0,,,,,,,,,L,,,O,OL,true,2021,,F
dataflow,IMF.STA:QNEA(7.0.0),R,RUS,P3_S13,Q,NSA,XDC,Q,2019-Q3,5544600100000,0,,,,,,,,,L,,,O,OL,true,2021,,F
dataflow,IMF.STA:QNEA(7.0.0),R,RUS,P3_S13,Q,NSA,XDC,Q,2019-Q4,5646504800000,0,,,,,,,,,L,,,O,OL,true,2021,,F
dataflow,IMF.STA:QNEA(7.0.0),R,RUS,P3_S13,Q,NSA,XDC,Q,2020-Q1,5590911100000,0,,,,,,,,,L,,,O,OL,true,2021,,F
dataflow,IMF.STA:QNEA(7.0.0),R,RUS,P3_S13,Q,NSA,XDC,Q,2020-Q2,5572553300000,0,,,,,,,,,L,,,O,OL,true,2021,,F
dataflow,IMF.STA:QNEA(7.0.0),R,RUS,P3_S13,Q,NSA,XDC,Q,2020-Q3,5663192000000,0,,,,,,,,,L,,,O,OL,true,2021,,F
dataflow,IMF.STA:QNEA(7.0.0),R,RUS,P3_S13,Q,NSA,XDC,Q,2020-Q4,5765108900000,0,,,,,,,,,L,,,O,OL,true,2021,,F
dataflow,IMF.STA:QNEA(7.0.0),R,RUS,P3_S13,Q,NSA,XDC,Q,2021-Q1,5733189200000,0,,,,,,,,,L,,,O,OL,true,2021,,F
dataflow,IMF.STA:QNEA(7.0.0),R,RUS,P3_S13,Q,NSA,XDC,Q,2021-Q2,5803139800000,0,,,,,,,,,L,,,O,OL,true,2021,,F
dataflow,IMF.STA:QNEA(7.0.0),R,RUS,P3_S13,Q,NSA,XDC,Q,2021-Q3,5808121000000,0,,,,,,,,,L,,,O,OL,true,2021,,F
dataflow,IMF.STA:QNEA(7.0.0),R,RUS,P3_S13,Q,NSA,XDC,Q,2021-Q4,5898574300000,0,,,,,,,,,L,,,O,OL,true,2021,,F
dataflow,IMF.STA:QNEA(7.0.0),R,RUS,P3_S13,Q,NSA,XDC,Q,2022-Q1,5730572600000,0,,,,,,,,,L,,,O,OL,true,2021,,F
dataflow,IMF.STA:QNEA(7.0.0),R,RUS,P3_S13,Q,NSA,XDC,Q,2022-Q2,5955524500000,0,,,,,,,,,L,,,O,OL,true,2021,,F
dataflow,IMF.STA:QNEA(7.0.0),R,RUS,P3_S13,Q,NSA,XDC,Q,2022-Q3,5957851800000,0,,,,,,,,,L,,,O,OL,true,2021,,F
dataflow,IMF.STA:QNEA(7.0.0),R,RUS,P3_S13,Q,NSA,XDC,Q,2022-Q4,6074584100000,0,,,,,,,,,L,,,O,OL,true,2021,,F
dataflow,IMF.STA:QNEA(7.0.0),R,RUS,P3_S13,Q,NSA,XDC,Q,2023-Q1,6140373700000,0,,,,,,,,,L,,,O,OL,true,2021,,F
dataflow,IMF.STA:QNEA(7.0.0),R,RUS,P3_S13,Q,NSA,XDC,Q,2023-Q2,6155899700000,0,,,,,,,,,L,,,O,OL,true,2021,,F
dataflow,IMF.STA:QNEA(7.0.0),R,RUS,P3_S13,Q,NSA,XDC,Q,2023-Q3,6151093500000,0,,,,,,,,,L,,,O,OL,true,2021,,F
dataflow,IMF.STA:QNEA(7.0.0),R,RUS,P3_S13,Q,NSA,XDC,Q,2023-Q4,6208924000000,0,,,,,,,,,L,,,O,OL,true,2021,,F
dataflow,IMF.STA:QNEA(7.0.0),R,RUS,P3_S13,Q,NSA,XDC,Q,2024-Q1,6263386400000,0,,,,,,,,,L,,,O,OL,true,2021,,F
dataflow,IMF.STA:QNEA(7.0.0),R,RUS,P3_S13,Q,NSA,XDC,Q,2024-Q2,6315973900000,0,,,,,,,,,L,,,O,OL,true,2021,,F
dataflow,IMF.STA:QNEA(7.0.0),R,RUS,P3_S13,Q,NSA,XDC,Q,2024-Q3,6283199200000,0,,,,,,,,,L,,,O,OL,true,2021,,F
dataflow,IMF.STA:QNEA(7.0.0),R,RUS,P3_S13,Q,NSA,XDC,Q,2024-Q4,6342740100000,0,,,,,,,,,L,,,O,OL,true,2021,,F
dataflow,IMF.STA:QNEA(7.0.0),R,RUS,P3_S13,Q,NSA,XDC,Q,2025-Q1,6380830400000,0,,,,,,,,,L,,,O,OL,true,2021,,F
dataflow,IMF.STA:QNEA(7.0.0),R,RUS,P3_S13,Q,NSA,XDC,Q,2025-Q2,6372103700000,0,,,,,,,,,L,,,O,OL,true,2021,,F
dataflow,IMF.STA:QNEA(7.0.0),R,RUS,P3_S13,Q,NSA,XDC,Q,2025-Q3,6345625800000,0,,,,,,,,,L,,,O,OL,true,2021,,F
dataflow,IMF.STA:QNEA(7.0.0),R,RUS,P3_S13,Q,NSA,XDC,Q,2025-Q4,6392485600000,0,,,,,,,,,L,,,O,OL,true,2021,,F
dataflow,IMF.STA:QNEA(7.0.0),R,RUS,P3_S13,Q,NSA,XDC,Q,2026-Q1,6486500400000,0,,,,,,,,,L,,,O,OL,true,2021,,F
dataflow,IMF.STA:QNEA(7.0.0),R,RUS,P3_S13,V,NSA,USD,Q,,,0,,,,,,,,,L,,,,OL,,,,
dataflow,IMF.STA:QNEA(7.0.0),R,RUS,P3_S13,V,NSA,XDC,Q,1993-Q3,8396000000,0,,,,,,,,,L,,,O,OL,true,,,F
dataflow,IMF.STA:QNEA(7.0.0),R,RUS,P3_S13,V,NSA,XDC,Q,1993-Q4,13612000000,0,,,,,,,,,L,,,O,OL,true,,,F
dataflow,IMF.STA:QNEA(7.0.0),R,RUS,P3_S13,V,NSA,XDC,Q,1994-Q1,20744000000,0,,,,,,,,,L,,,O,OL,true,,,F
dataflow,IMF.STA:QNEA(7.0.0),R,RUS,P3_S13,V,NSA,XDC,Q,1994-Q2,28814000000,0,,,,,,,,,L,,,O,OL,true,,,F
dataflow,IMF.STA:QNEA(7.0.0),R,RUS,P3_S13,V,NSA,XDC,Q,1994-Q3,35860000000,0,,,,,,,,,L,,,O,OL,true,,,F
dataflow,IMF.STA:QNEA(7.0.0),R,RUS,P3_S13,V,NSA,XDC,Q,1994-Q4,51265000000,0,,,,,,,,,L,,,O,OL,true,,,F
dataflow,IMF.STA:QNEA(7.0.0),R,RUS,P3_S13,V,NSA,XDC,Q,1995-Q1,50679800000,0,,,,,,,,,L,,,O,OL,true,,,F
dataflow,IMF.STA:QNEA(7.0.0),R,RUS,P3_S13,V,NSA,XDC,Q,1995-Q2,63584600000,0,,,,,,,,,L,,,O,OL,true,,,F
dataflow,IMF.STA:QNEA(7.0.0),R,RUS,P3_S13,V,NSA,XDC,Q,1995-Q3,74226600000,0,,,,,,,,,L,,,O,OL,true,,,F
dataflow,IMF.STA:QNEA(7.0.0),R,RUS,P3_S13,V,NSA,XDC,Q,1995-Q4,84010500000,0,,,,,,,,,L,,,O,OL,true,,,F
dataflow,IMF.STA:QNEA(7.0.0),R,RUS,P3_S13,V,NSA,XDC,Q,1996-Q1,91689700000,0,,,,,,,,,L,,,O,OL,true,,,F
dataflow,IMF.STA:QNEA(7.0.0),R,RUS,P3_S13,V,NSA,XDC,Q,1996-Q2,97504800000,0,,,,,,,,,L,,,O,OL,true,,,F
dataflow,IMF.STA:QNEA(7.0.0),R,RUS,P3_S13,V,NSA,XDC,Q,1996-Q3,99548400000,0,,,,,,,,,L,,,O,OL,true,,,F
dataflow,IMF.STA:QNEA(7.0.0),R,RUS,P3_S13,V,NSA,XDC,Q,1996-Q4,102638400000,0,,,,,,,,,L,,,O,OL,true,,,F
dataflow,IMF.STA:QNEA(7.0.0),R,RUS,P3_S13,V,NSA,XDC,Q,1997-Q1,119067500000,0,,,,,,,,,L,,,O,OL,true,,,F
dataflow,IMF.STA:QNEA(7.0.0),R,RUS,P3_S13,V,NSA,XDC,Q,1997-Q2,123124800000,0,,,,,,,,,L,,,O,OL,true,,,F
dataflow,IMF.STA:QNEA(7.0.0),R,RUS,P3_S13,V,NSA,XDC,Q,1997-Q3,125269500000,0,,,,,,,,,L,,,O,OL,true,,,F
dataflow,IMF.STA:QNEA(7.0.0),R,RUS,P3_S13,V,NSA,XDC,Q,1997-Q4,126111700000,0,,,,,,,,,L,,,O,OL,true,,,F
dataflow,IMF.STA:QNEA(7.0.0),R,RUS,P3_S13,V,NSA,XDC,Q,1998-Q1,102662500000,0,,,,,,,,,L,,,O,OL,true,,,F
dataflow,IMF.STA:QNEA(7.0.0),R,RUS,P3_S13,V,NSA,XDC,Q,1998-Q2,104157500000,0,,,,,,,,,L,,,O,OL,true,,,F
dataflow,IMF.STA:QNEA(7.0.0),R,RUS,P3_S13,V,NSA,XDC,Q,1998-Q3,120118200000,0,,,,,,,,,L,,,O,OL,true,,,F
dataflow,IMF.STA:QNEA(7.0.0),R,RUS,P3_S13,V,NSA,XDC,Q,1998-Q4,165682400000,0,,,,,,,,,L,,,O,OL,true,,,F
dataflow,IMF.STA:QNEA(7.0.0),R,RUS,P3_S13,V,NSA,XDC,Q,1999-Q1,158605500000,0,,,,,,,,,L,,,O,OL,true,,,F
dataflow,IMF.STA:QNEA(7.0.0),R,RUS,P3_S13,V,NSA,XDC,Q,1999-Q2,171971400000,0,,,,,,,,,L,,,O,OL,true,,,F
dataflow,IMF.STA:QNEA(7.0.0),R,RUS,P3_S13,V,NSA,XDC,Q,1999-Q3,182595100000,0,,,,,,,,,L,,,O,OL,true,,,F
dataflow,IMF.STA:QNEA(7.0.0),R,RUS,P3_S13,V,NSA,XDC,Q,1999-Q4,190037100000,0,,,,,,,,,L,,,O,OL,true,,,F
dataflow,IMF.STA:QNEA(7.0.0),R,RUS,P3_S13,V,NSA,XDC,Q,2000-Q1,255197200000,0,,,,,,,,,L,,,O,OL,true,,,F
dataflow,IMF.STA:QNEA(7.0.0),R,RUS,P3_S13,V,NSA,XDC,Q,2000-Q2,264968400000,0,,,,,,,,,L,,,O,OL,true,,,F
dataflow,IMF.STA:QNEA(7.0.0),R,RUS,P3_S13,V,NSA,XDC,Q,2000-Q3,289481800000,0,,,,,,,,,L,,,O,OL,true,,,F
dataflow,IMF.STA:QNEA(7.0.0),R,RUS,P3_S13,V,NSA,XDC,Q,2000-Q4,292849700000,0,,,,,,,,,L,,,O,OL,true,,,F
dataflow,IMF.STA:QNEA(7.0.0),R,RUS,P3_S13,V,NSA,XDC,Q,2001-Q1,345898400000,0,,,,,,,,,L,,,O,OL,true,,,F
dataflow,IMF.STA:QNEA(7.0.0),R,RUS,P3_S13,V,NSA,XDC,Q,2001-Q2,365215700000,0,,,,,,,,,L,,,O,OL,true,,,F
dataflow,IMF.STA:QNEA(7.0.0),R,RUS,P3_S13,V,NSA,XDC,Q,2001-Q3,373876200000,0,,,,,,,,,L,,,O,OL,true,,,F
dataflow,IMF.STA:QNEA(7.0.0),R,RUS,P3_S13,V,NSA,XDC,Q,2001-Q4,384967300000,0,,,,,,,,,L,,,O,OL,true,,,F
dataflow,IMF.STA:QNEA(7.0.0),R,RUS,P3_S13,V,NSA,XDC,Q,2002-Q1,457411200000,0,,,,,,,,,L,,,O,OL,true,,,F
dataflow,IMF.STA:QNEA(7.0.0),R,RUS,P3_S13,V,NSA,XDC,Q,2002-Q2,474622200000,0,,,,,,,,,L,,,O,OL,true,,,F
dataflow,IMF.STA:QNEA(7.0.0),R,RUS,P3_S13,V,NSA,XDC,Q,2002-Q3,483460100000,0,,,,,,,,,L,,,O,OL,true,,,F
dataflow,IMF.STA:QNEA(7.0.0),R,RUS,P3_S13,V,NSA,XDC,Q,2002-Q4,497853100000,0,,,,,,,,,L,,,O,OL,true,,,F
dataflow,IMF.STA:QNEA(7.0.0),R,RUS,P3_S13,V,NSA,XDC,Q,2003-Q1,557391900000,0,,,,,,,,,L,,,O,OL,true,,,F
dataflow,IMF.STA:QNEA(7.0.0),R,RUS,P3_S13,V,NSA,XDC,Q,2003-Q2,579631600000,0,,,,,,,,,L,,,O,OL,true,,,F
dataflow,IMF.STA:QNEA(7.0.0),R,RUS,P3_S13,V,NSA,XDC,Q,2003-Q3,587663100000,0,,,,,,,,,L,,,O,OL,true,,,F
dataflow,IMF.STA:QNEA(7.0.0),R,RUS,P3_S13,V,NSA,XDC,Q,2003-Q4,605886400000,0,,,,,,,,,L,,,O,OL,true,,,F
dataflow,IMF.STA:QNEA(7.0.0),R,RUS,P3_S13,V,NSA,XDC,Q,2004-Q1,691357800000,0,,,,,,,,,L,,,O,OL,true,,,F
dataflow,IMF.STA:QNEA(7.0.0),R,RUS,P3_S13,V,NSA,XDC,Q,2004-Q2,712065600000,0,,,,,,,,,L,,,O,OL,true,,,F
dataflow,IMF.STA:QNEA(7.0.0),R,RUS,P3_S13,V,NSA,XDC,Q,2004-Q3,726098300000,0,,,,,,,,,L,,,O,OL,true,,,F
dataflow,IMF.STA:QNEA(7.0.0),R,RUS,P3_S13,V,NSA,XDC,Q,2004-Q4,760292800000,0,,,,,,,,,L,,,O,OL,true,,,F
dataflow,IMF.STA:QNEA(7.0.0),R,RUS,P3_S13,V,NSA,XDC,Q,2005-Q1,864361300000,0,,,,,,,,,L,,,O,OL,true,,,F
dataflow,IMF.STA:QNEA(7.0.0),R,RUS,P3_S13,V,NSA,XDC,Q,2005-Q2,901729900000,0,,,,,,,,,L,,,O,OL,true,,,F
dataflow,IMF.STA:QNEA(7.0.0),R,RUS,P3_S13,V,NSA,XDC,Q,2005-Q3,920340400000,0,,,,,,,,,L,,,O,OL,true,,,F
dataflow,IMF.STA:QNEA(7.0.0),R,RUS,P3_S13,V,NSA,XDC,Q,2005-Q4,959486900000,0,,,,,,,,,L,,,O,OL,true,,,F
dataflow,IMF.STA:QNEA(7.0.0),R,RUS,P3_S13,V,NSA,XDC,Q,2006-Q1,1125423600000,0,,,,,,,,,L,,,O,OL,true,,,F
dataflow,IMF.STA:QNEA(7.0.0),R,RUS,P3_S13,V,NSA,XDC,Q,2006-Q2,1165255900000,0,,,,,,,,,L,,,O,OL,true,,,F
dataflow,IMF.STA:QNEA(7.0.0),R,RUS,P3_S13,V,NSA,XDC,Q,2006-Q3,1179370300000,0,,,,,,,,,L,,,O,OL,true,,,F
dataflow,IMF.STA:QNEA(7.0.0),R,RUS,P3_S13,V,NSA,XDC,Q,2006-Q4,1210359900000,0,,,,,,,,,L,,,O,OL,true,,,F
dataflow,IMF.STA:QNEA(7.0.0),R,RUS,P3_S13,V,NSA,XDC,Q,2007-Q1,1371111100000,0,,,,,,,,,L,,,O,OL,true,,,F
dataflow,IMF.STA:QNEA(7.0.0),R,RUS,P3_S13,V,NSA,XDC,Q,2007-Q2,1419338400000,0,,,,,,,,,L,,,O,OL,true,,,F
dataflow,IMF.STA:QNEA(7.0.0),R,RUS,P3_S13,V,NSA,XDC,Q,2007-Q3,1442500000000,0,,,,,,,,,L,,,O,OL,true,,,F
dataflow,IMF.STA:QNEA(7.0.0),R,RUS,P3_S13,V,NSA,XDC,Q,2007-Q4,1518014600000,0,,,,,,,,,L,,,O,OL,true,,,F
dataflow,IMF.STA:QNEA(7.0.0),R,RUS,P3_S13,V,NSA,XDC,Q,2008-Q1,1738238200000,0,,,,,,,,,L,,,O,OL,true,,,F
dataflow,IMF.STA:QNEA(7.0.0),R,RUS,P3_S13,V,NSA,XDC,Q,2008-Q2,1824984700000,0,,,,,,,,,L,,,O,OL,true,,,F
dataflow,IMF.STA:QNEA(7.0.0),R,RUS,P3_S13,V,NSA,XDC,Q,2008-Q3,1859429700000,0,,,,,,,,,L,,,O,OL,true,,,F
dataflow,IMF.STA:QNEA(7.0.0),R,RUS,P3_S13,V,NSA,XDC,Q,2008-Q4,1937191600000,0,,,,,,,,,L,,,O,OL,true,,,F
dataflow,IMF.STA:QNEA(7.0.0),R,RUS,P3_S13,V,NSA,XDC,Q,2009-Q1,1937229600000,0,,,,,,,,,L,,,O,OL,true,,,F
dataflow,IMF.STA:QNEA(7.0.0),R,RUS,P3_S13,V,NSA,XDC,Q,2009-Q2,2010880200000,0,,,,,,,,,L,,,O,OL,true,,,F
dataflow,IMF.STA:QNEA(7.0.0),R,RUS,P3_S13,V,NSA,XDC,Q,2009-Q3,2025261500000,0,,,,,,,,,L,,,O,OL,true,,,F
dataflow,IMF.STA:QNEA(7.0.0),R,RUS,P3_S13,V,NSA,XDC,Q,2009-Q4,2093321300000,0,,,,,,,,,L,,,O,OL,true,,,F
dataflow,IMF.STA:QNEA(7.0.0),R,RUS,P3_S13,V,NSA,XDC,Q,2010-Q1,2096237400000,0,,,,,,,,,L,,,O,OL,true,,,F
dataflow,IMF.STA:QNEA(7.0.0),R,RUS,P3_S13,V,NSA,XDC,Q,2010-Q2,2145414700000,0,,,,,,,,,L,,,O,OL,true,,,F
dataflow,IMF.STA:QNEA(7.0.0),R,RUS,P3_S13,V,NSA,XDC,Q,2010-Q3,2167543200000,0,,,,,,,,,L,,,O,OL,true,,,F
dataflow,IMF.STA:QNEA(7.0.0),R,RUS,P3_S13,V,NSA,XDC,Q,2010-Q4,2262128400000,0,,,,,,,,,L,,,O,OL,true,,,F
dataflow,IMF.STA:QNEA(7.0.0),R,RUS,P3_S13,V,NSA,XDC,Q,2011-Q1,2566870200000,0,,,,,,,,,L,,,O,OL,true,,,F
dataflow,IMF.STA:QNEA(7.0.0),R,RUS,P3_S13,V,NSA,XDC,Q,2011-Q2,2645153400000,0,,,,,,,,,L,,,O,OL,true,,,F
dataflow,IMF.STA:QNEA(7.0.0),R,RUS,P3_S13,V,NSA,XDC,Q,2011-Q3,2643036400000,0,,,,,,,,,L,,,O,OL,true,,,F
dataflow,IMF.STA:QNEA(7.0.0),R,RUS,P3_S13,V,NSA,XDC,Q,2011-Q4,2740360800000,0,,,,,,,,,L,,,O,OL,true,,,F
dataflow,IMF.STA:QNEA(7.0.0),R,RUS,P3_S13,V,NSA,XDC,Q,2012-Q1,2960627700000,0,,,,,,,,,L,,,O,OL,true,,,F
dataflow,IMF.STA:QNEA(7.0.0),R,RUS,P3_S13,V,NSA,XDC,Q,2012-Q2,3022558700000,0,,,,,,,,,L,,,O,OL,true,,,F
dataflow,IMF.STA:QNEA(7.0.0),R,RUS,P3_S13,V,NSA,XDC,Q,2012-Q3,3086438700000,0,,,,,,,,,L,,,O,OL,true,,,F
dataflow,IMF.STA:QNEA(7.0.0),R,RUS,P3_S13,V,NSA,XDC,Q,2012-Q4,3166694300000,0,,,,,,,,,L,,,O,OL,true,,,F
dataflow,IMF.STA:QNEA(7.0.0),R,RUS,P3_S13,V,NSA,XDC,Q,2013-Q1,3325725800000,0,,,,,,,,,L,,,O,OL,true,,,F
dataflow,IMF.STA:QNEA(7.0.0),R,RUS,P3_S13,V,NSA,XDC,Q,2013-Q2,3378940200000,0,,,,,,,,,L,,,O,OL,true,,,F
dataflow,IMF.STA:QNEA(7.0.0),R,RUS,P3_S13,V,NSA,XDC,Q,2013-Q3,3424955300000,0,,,,,,,,,L,,,O,OL,true,,,F
dataflow,IMF.STA:QNEA(7.0.0),R,RUS,P3_S13,V,NSA,XDC,Q,2013-Q4,3500732900000,0,,,,,,,,,L,,,O,OL,true,,,F
dataflow,IMF.STA:QNEA(7.0.0),R,RUS,P3_S13,V,NSA,XDC,Q,2014-Q1,3428089000000,0,,,,,,,,,L,,,O,OL,true,,,F
dataflow,IMF.STA:QNEA(7.0.0),R,RUS,P3_S13,V,NSA,XDC,Q,2014-Q2,3528523800000,0,,,,,,,,,L,,,O,OL,true,,,F
dataflow,IMF.STA:QNEA(7.0.0),R,RUS,P3_S13,V,NSA,XDC,Q,2014-Q3,3580950400000,0,,,,,,,,,L,,,O,OL,true,,,F
dataflow,IMF.STA:QNEA(7.0.0),R,RUS,P3_S13,V,NSA,XDC,Q,2014-Q4,3709482800000,0,,,,,,,,,L,,,O,OL,true,,,F
dataflow,IMF.STA:QNEA(7.0.0),R,RUS,P3_S13,V,NSA,XDC,Q,2015-Q1,3554074500000,0,,,,,,,,,L,,,O,OL,true,,,F
dataflow,IMF.STA:QNEA(7.0.0),R,RUS,P3_S13,V,NSA,XDC,Q,2015-Q2,3647428700000,0,,,,,,,,,L,,,O,OL,true,,,F
dataflow,IMF.STA:QNEA(7.0.0),R,RUS,P3_S13,V,NSA,XDC,Q,2015-Q3,3711622600000,0,,,,,,,,,L,,,O,OL,true,,,F
dataflow,IMF.STA:QNEA(7.0.0),R,RUS,P3_S13,V,NSA,XDC,Q,2015-Q4,3847733600000,0,,,,,,,,,L,,,O,OL,true,,,F
dataflow,IMF.STA:QNEA(7.0.0),R,RUS,P3_S13,V,NSA,XDC,Q,2016-Q1,3878496500000,0,,,,,,,,,L,,,O,OL,true,,,F
dataflow,IMF.STA:QNEA(7.0.0),R,RUS,P3_S13,V,NSA,XDC,Q,2016-Q2,3931777400000,0,,,,,,,,,L,,,O,OL,true,,,F
dataflow,IMF.STA:QNEA(7.0.0),R,RUS,P3_S13,V,NSA,XDC,Q,2016-Q3,3965673700000,0,,,,,,,,,L,,,O,OL,true,,,F
dataflow,IMF.STA:QNEA(7.0.0),R,RUS,P3_S13,V,NSA,XDC,Q,2016-Q4,4033826600000,0,,,,,,,,,L,,,O,OL,true,,,F
dataflow,IMF.STA:QNEA(7.0.0),R,RUS,P3_S13,V,NSA,XDC,Q,2017-Q1,4114561400000,0,,,,,,,,,L,,,O,OL,true,,,F
dataflow,IMF.STA:QNEA(7.0.0),R,RUS,P3_S13,V,NSA,XDC,Q,2017-Q2,4176204100000,0,,,,,,,,,L,,,O,OL,true,,,F
dataflow,IMF.STA:QNEA(7.0.0),R,RUS,P3_S13,V,NSA,XDC,Q,2017-Q3,4187605700000,0,,,,,,,,,L,,,O,OL,true,,,F
dataflow,IMF.STA:QNEA(7.0.0),R,RUS,P3_S13,V,NSA,XDC,Q,2017-Q4,4252538800000,0,,,,,,,,,L,,,O,OL,true,,,F
dataflow,IMF.STA:QNEA(7.0.0),R,RUS,P3_S13,V,NSA,XDC,Q,2018-Q1,4503307600000,0,,,,,,,,,L,,,O,OL,true,,,F
dataflow,IMF.STA:QNEA(7.0.0),R,RUS,P3_S13,V,NSA,XDC,Q,2018-Q2,4577218300000,0,,,,,,,,,L,,,O,OL,true,,,F
dataflow,IMF.STA:QNEA(7.0.0),R,RUS,P3_S13,V,NSA,XDC,Q,2018-Q3,4608630800000,0,,,,,,,,,L,,,O,OL,true,,,F
dataflow,IMF.STA:QNEA(7.0.0),R,RUS,P3_S13,V,NSA,XDC,Q,2018-Q4,4705167400000,0,,,,,,,,,L,,,O,OL,true,,,F
dataflow,IMF.STA:QNEA(7.0.0),R,RUS,P3_S13,V,NSA,XDC,Q,2019-Q1,4889286400000,0,,,,,,,,,L,,,O,OL,true,,,F
dataflow,IMF.STA:QNEA(7.0.0),R,RUS,P3_S13,V,NSA,XDC,Q,2019-Q2,4955507000000,0,,,,,,,,,L,,,O,OL,true,,,F
dataflow,IMF.STA:QNEA(7.0.0),R,RUS,P3_S13,V,NSA,XDC,Q,2019-Q3,4967324800000,0,,,,,,,,,L,,,O,OL,true,,,F
dataflow,IMF.STA:QNEA(7.0.0),R,RUS,P3_S13,V,NSA,XDC,Q,2019-Q4,5028537800000,0,,,,,,,,,L,,,O,OL,true,,,F
dataflow,IMF.STA:QNEA(7.0.0),R,RUS,P3_S13,V,NSA,XDC,Q,2020-Q1,5272170100000,0,,,,,,,,,L,,,O,OL,true,,,F
dataflow,IMF.STA:QNEA(7.0.0),R,RUS,P3_S13,V,NSA,XDC,Q,2020-Q2,5369410700000,0,,,,,,,,,L,,,O,OL,true,,,F
dataflow,IMF.STA:QNEA(7.0.0),R,RUS,P3_S13,V,NSA,XDC,Q,2020-Q3,5380551500000,0,,,,,,,,,L,,,O,OL,true,,,F
dataflow,IMF.STA:QNEA(7.0.0),R,RUS,P3_S13,V,NSA,XDC,Q,2020-Q4,5478271100000,0,,,,,,,,,L,,,O,OL,true,,,F
dataflow,IMF.STA:QNEA(7.0.0),R,RUS,P3_S13,V,NSA,XDC,Q,2021-Q1,5594940300000,0,,,,,,,,,L,,,O,OL,true,,,F
dataflow,IMF.STA:QNEA(7.0.0),R,RUS,P3_S13,V,NSA,XDC,Q,2021-Q2,5766497400000,0,,,,,,,,,L,,,O,OL,true,,,F
dataflow,IMF.STA:QNEA(7.0.0),R,RUS,P3_S13,V,NSA,XDC,Q,2021-Q3,5836294500000,0,,,,,,,,,L,,,O,OL,true,,,F
dataflow,IMF.STA:QNEA(7.0.0),R,RUS,P3_S13,V,NSA,XDC,Q,2021-Q4,6045292100000,0,,,,,,,,,L,,,O,OL,true,,,F
dataflow,IMF.STA:QNEA(7.0.0),R,RUS,P3_S13,V,NSA,XDC,Q,2022-Q1,6196455500000,0,,,,,,,,,L,,,O,OL,true,,,F
dataflow,IMF.STA:QNEA(7.0.0),R,RUS,P3_S13,V,NSA,XDC,Q,2022-Q2,6798920600000,0,,,,,,,,,L,,,O,OL,true,,,F
dataflow,IMF.STA:QNEA(7.0.0),R,RUS,P3_S13,V,NSA,XDC,Q,2022-Q3,6718028200000,0,,,,,,,,,L,,,O,OL,true,,,F
dataflow,IMF.STA:QNEA(7.0.0),R,RUS,P3_S13,V,NSA,XDC,Q,2022-Q4,7111254300000,0,,,,,,,,,L,,,O,OL,true,,,F
dataflow,IMF.STA:QNEA(7.0.0),R,RUS,P3_S13,V,NSA,XDC,Q,2023-Q1,7750364100000,0,,,,,,,,,L,,,O,OL,true,,,F
dataflow,IMF.STA:QNEA(7.0.0),R,RUS,P3_S13,V,NSA,XDC,Q,2023-Q2,7769698200000,0,,,,,,,,,L,,,O,OL,true,,,F
dataflow,IMF.STA:QNEA(7.0.0),R,RUS,P3_S13,V,NSA,XDC,Q,2023-Q3,7894642400000,0,,,,,,,,,L,,,O,OL,true,,,F
dataflow,IMF.STA:QNEA(7.0.0),R,RUS,P3_S13,V,NSA,XDC,Q,2023-Q4,8323843100000,0,,,,,,,,,L,,,O,OL,true,,,F
dataflow,IMF.STA:QNEA(7.0.0),R,RUS,P3_S13,V,NSA,XDC,Q,2024-Q1,9101918900000,0,,,,,,,,,L,,,O,OL,true,,,F
dataflow,IMF.STA:QNEA(7.0.0),R,RUS,P3_S13,V,NSA,XDC,Q,2024-Q2,9119548600000,0,,,,,,,,,L,,,O,OL,true,,,F
dataflow,IMF.STA:QNEA(7.0.0),R,RUS,P3_S13,V,NSA,XDC,Q,2024-Q3,9249230000000,0,,,,,,,,,L,,,O,OL,true,,,F
dataflow,IMF.STA:QNEA(7.0.0),R,RUS,P3_S13,V,NSA,XDC,Q,2024-Q4,9592591700000,0,,,,,,,,,L,,,O,OL,true,,,F
dataflow,IMF.STA:QNEA(7.0.0),R,RUS,P3_S13,V,NSA,XDC,Q,2025-Q1,10114600700000,0,,,,,,,,,L,,,O,OL,true,,,F
dataflow,IMF.STA:QNEA(7.0.0),R,RUS,P3_S13,V,NSA,XDC,Q,2025-Q2,10034801400000,0,,,,,,,,,L,,,O,OL,true,,,F
dataflow,IMF.STA:QNEA(7.0.0),R,RUS,P3_S13,V,NSA,XDC,Q,2025-Q3,10327789100000,0,,,,,,,,,L,,,O,OL,true,,,F
dataflow,IMF.STA:QNEA(7.0.0),R,RUS,P3_S13,V,NSA,XDC,Q,2025-Q4,10448308300000,0,,,,,,,,,L,,,O,OL,true,,,F
dataflow,IMF.STA:QNEA(7.0.0),R,RUS,P3_S13,V,NSA,XDC,Q,2026-Q1,11159768200000,0,,,,,,,,,L,,,O,OL,true,,,F
dataflow,IMF.STA:QNEA(7.0.0),R,RUS,P3_S14,Q,NSA,USD,Q,,,0,,,,,,,,,L,,,,OL,,2021,,
dataflow,IMF.STA:QNEA(7.0.0),R,RUS,P3_S14,Q,NSA,XDC,Q,2011-Q1,10136476200000,0,,,,,,,,,L,,,O,OL,true,2021,,F
dataflow,IMF.STA:QNEA(7.0.0),R,RUS,P3_S14,Q,NSA,XDC,Q,2011-Q2,10733845500000,0,,,,,,,,,L,,,O,OL,true,2021,,F
dataflow,IMF.STA:QNEA(7.0.0),R,RUS,P3_S14,Q,NSA,XDC,Q,2011-Q3,11510595100000,0,,,,,,,,,L,,,O,OL,true,2021,,F
dataflow,IMF.STA:QNEA(7.0.0),R,RUS,P3_S14,Q,NSA,XDC,Q,2011-Q4,12036326800000,0,,,,,,,,,L,,,O,OL,true,2021,,F
dataflow,IMF.STA:QNEA(7.0.0),R,RUS,P3_S14,Q,NSA,XDC,Q,2012-Q1,10942756500000,0,,,,,,,,,L,,,O,OL,true,2021,,F
dataflow,IMF.STA:QNEA(7.0.0),R,RUS,P3_S14,Q,NSA,XDC,Q,2012-Q2,11557987200000,0,,,,,,,,,L,,,O,OL,true,2021,,F
dataflow,IMF.STA:QNEA(7.0.0),R,RUS,P3_S14,Q,NSA,XDC,Q,2012-Q3,12367144800000,0,,,,,,,,,L,,,O,OL,true,2021,,F
dataflow,IMF.STA:QNEA(7.0.0),R,RUS,P3_S14,Q,NSA,XDC,Q,2012-Q4,12923330100000,0,,,,,,,,,L,,,O,OL,true,2021,,F
dataflow,IMF.STA:QNEA(7.0.0),R,RUS,P3_S14,Q,NSA,XDC,Q,2013-Q1,11523261500000,0,,,,,,,,,L,,,O,OL,true,2021,,F
dataflow,IMF.STA:QNEA(7.0.0),R,RUS,P3_S14,Q,NSA,XDC,Q,2013-Q2,12207532100000,0,,,,,,,,,L,,,O,OL,true,2021,,F
dataflow,IMF.STA:QNEA(7.0.0),R,RUS,P3_S14,Q,NSA,XDC,Q,2013-Q3,13083818800000,0,,,,,,,,,L,,,O,OL,true,2021,,F
dataflow,IMF.STA:QNEA(7.0.0),R,RUS,P3_S14,Q,NSA,XDC,Q,2013-Q4,13432267300000,0,,,,,,,,,L,,,O,OL,true,2021,,F
dataflow,IMF.STA:QNEA(7.0.0),R,RUS,P3_S14,Q,NSA,XDC,Q,2014-Q1,15295740300000,0,,,,,,,,,L,,,O,OL,true,2021,,F
dataflow,IMF.STA:QNEA(7.0.0),R,RUS,P3_S14,Q,NSA,XDC,Q,2014-Q2,15937138500000,0,,,,,,,,,L,,,O,OL,true,2021,,F
dataflow,IMF.STA:QNEA(7.0.0),R,RUS,P3_S14,Q,NSA,XDC,Q,2014-Q3,16920296700000,0,,,,,,,,,L,,,O,OL,true,2021,,F
dataflow,IMF.STA:QNEA(7.0.0),R,RUS,P3_S14,Q,NSA,XDC,Q,2014-Q4,17362062700000,0,,,,,,,,,L,,,O,OL,true,2021,,F
dataflow,IMF.STA:QNEA(7.0.0),R,RUS,P3_S14,Q,NSA,XDC,Q,2015-Q1,14154111500000,0,,,,,,,,,L,,,O,OL,true,2021,,F
dataflow,IMF.STA:QNEA(7.0.0),R,RUS,P3_S14,Q,NSA,XDC,Q,2015-Q2,14433740200000,0,,,,,,,,,L,,,O,OL,true,2021,,F
dataflow,IMF.STA:QNEA(7.0.0),R,RUS,P3_S14,Q,NSA,XDC,Q,2015-Q3,15279632300000,0,,,,,,,,,L,,,O,OL,true,2021,,F
dataflow,IMF.STA:QNEA(7.0.0),R,RUS,P3_S14,Q,NSA,XDC,Q,2015-Q4,15440297100000,0,,,,,,,,,L,,,O,OL,true,2021,,F
dataflow,IMF.STA:QNEA(7.0.0),R,RUS,P3_S14,Q,NSA,XDC,Q,2016-Q1,13731866200000,0,,,,,,,,,L,,,O,OL,true,2021,,F
dataflow,IMF.STA:QNEA(7.0.0),R,RUS,P3_S14,Q,NSA,XDC,Q,2016-Q2,14026190200000,0,,,,,,,,,L,,,O,OL,true,2021,,F
dataflow,IMF.STA:QNEA(7.0.0),R,RUS,P3_S14,Q,NSA,XDC,Q,2016-Q3,14790697600000,0,,,,,,,,,L,,,O,OL,true,2021,,F
dataflow,IMF.STA:QNEA(7.0.0),R,RUS,P3_S14,Q,NSA,XDC,Q,2016-Q4,15238847700000,0,,,,,,,,,L,,,O,OL,true,2021,,F
dataflow,IMF.STA:QNEA(7.0.0),R,RUS,P3_S14,Q,NSA,XDC,Q,2017-Q1,13952079800000,0,,,,,,,,,L,,,O,OL,true,2021,,F
dataflow,IMF.STA:QNEA(7.0.0),R,RUS,P3_S14,Q,NSA,XDC,Q,2017-Q2,14566587800000,0,,,,,,,,,L,,,O,OL,true,2021,,F
dataflow,IMF.STA:QNEA(7.0.0),R,RUS,P3_S14,Q,NSA,XDC,Q,2017-Q3,15466803400000,0,,,,,,,,,L,,,O,OL,true,2021,,F
dataflow,IMF.STA:QNEA(7.0.0),R,RUS,P3_S14,Q,NSA,XDC,Q,2017-Q4,15955873000000,0,,,,,,,,,L,,,O,OL,true,2021,,F
dataflow,IMF.STA:QNEA(7.0.0),R,RUS,P3_S14,Q,NSA,XDC,Q,2018-Q1,14558656100000,0,,,,,,,,,L,,,O,OL,true,2021,,F
dataflow,IMF.STA:QNEA(7.0.0),R,RUS,P3_S14,Q,NSA,XDC,Q,2018-Q2,15244845000000,0,,,,,,,,,L,,,O,OL,true,2021,,F
dataflow,IMF.STA:QNEA(7.0.0),R,RUS,P3_S14,Q,NSA,XDC,Q,2018-Q3,16069517100000,0,,,,,,,,,L,,,O,OL,true,2021,,F
dataflow,IMF.STA:QNEA(7.0.0),R,RUS,P3_S14,Q,NSA,XDC,Q,2018-Q4,16624493300000,0,,,,,,,,,L,,,O,OL,true,2021,,F
dataflow,IMF.STA:QNEA(7.0.0),R,RUS,P3_S14,Q,NSA,XDC,Q,2019-Q1,15133905900000,0,,,,,,,,,L,,,O,OL,true,2021,,F
dataflow,IMF.STA:QNEA(7.0.0),R,RUS,P3_S14,Q,NSA,XDC,Q,2019-Q2,15816659800000,0,,,,,,,,,L,,,O,OL,true,2021,,F
dataflow,IMF.STA:QNEA(7.0.0),R,RUS,P3_S14,Q,NSA,XDC,Q,2019-Q3,16686793900000,0,,,,,,,,,L,,,O,OL,true,2021,,F
dataflow,IMF.STA:QNEA(7.0.0),R,RUS,P3_S14,Q,NSA,XDC,Q,2019-Q4,17222819500000,0,,,,,,,,,L,,,O,OL,true,2021,,F
dataflow,IMF.STA:QNEA(7.0.0),R,RUS,P3_S14,Q,NSA,XDC,Q,2020-Q1,15954665500000,0,,,,,,,,,L,,,O,OL,true,2021,,F
dataflow,IMF.STA:QNEA(7.0.0),R,RUS,P3_S14,Q,NSA,XDC,Q,2020-Q2,12690818100000,0,,,,,,,,,L,,,O,OL,true,2021,,F
dataflow,IMF.STA:QNEA(7.0.0),R,RUS,P3_S14,Q,NSA,XDC,Q,2020-Q3,15737933700000,0,,,,,,,,,L,,,O,OL,true,2021,,F
dataflow,IMF.STA:QNEA(7.0.0),R,RUS,P3_S14,Q,NSA,XDC,Q,2020-Q4,16643932700000,0,,,,,,,,,L,,,O,OL,true,2021,,F
dataflow,IMF.STA:QNEA(7.0.0),R,RUS,P3_S14,Q,NSA,XDC,Q,2021-Q1,15566585200000,0,,,,,,,,,L,,,O,OL,true,2021,,F
dataflow,IMF.STA:QNEA(7.0.0),R,RUS,P3_S14,Q,NSA,XDC,Q,2021-Q2,16349013200000,0,,,,,,,,,L,,,O,OL,true,2021,,F
dataflow,IMF.STA:QNEA(7.0.0),R,RUS,P3_S14,Q,NSA,XDC,Q,2021-Q3,17240356000000,0,,,,,,,,,L,,,O,OL,true,2021,,F
dataflow,IMF.STA:QNEA(7.0.0),R,RUS,P3_S14,Q,NSA,XDC,Q,2021-Q4,17852703500000,0,,,,,,,,,L,,,O,OL,true,2021,,F
dataflow,IMF.STA:QNEA(7.0.0),R,RUS,P3_S14,Q,NSA,XDC,Q,2022-Q1,16399309100000,0,,,,,,,,,L,,,O,OL,true,2021,,F
dataflow,IMF.STA:QNEA(7.0.0),R,RUS,P3_S14,Q,NSA,XDC,Q,2022-Q2,15610311300000,0,,,,,,,,,L,,,O,OL,true,2021,,F
dataflow,IMF.STA:QNEA(7.0.0),R,RUS,P3_S14,Q,NSA,XDC,Q,2022-Q3,16375143300000,0,,,,,,,,,L,,,O,OL,true,2021,,F
dataflow,IMF.STA:QNEA(7.0.0),R,RUS,P3_S14,Q,NSA,XDC,Q,2022-Q4,17287088800000,0,,,,,,,,,L,,,O,OL,true,2021,,F
dataflow,IMF.STA:QNEA(7.0.0),R,RUS,P3_S14,Q,NSA,XDC,Q,2023-Q1,16615739800000,0,,,,,,,,,L,,,O,OL,true,2021,,F
dataflow,IMF.STA:QNEA(7.0.0),R,RUS,P3_S14,Q,NSA,XDC,Q,2023-Q2,17393297000000,0,,,,,,,,,L,,,O,OL,true,2021,,F
dataflow,IMF.STA:QNEA(7.0.0),R,RUS,P3_S14,Q,NSA,XDC,Q,2023-Q3,18428966800000,0,,,,,,,,,L,,,O,OL,true,2021,,F
dataflow,IMF.STA:QNEA(7.0.0),R,RUS,P3_S14,Q,NSA,XDC,Q,2023-Q4,18936702500000,0,,,,,,,,,L,,,O,OL,true,2021,,F
dataflow,IMF.STA:QNEA(7.0.0),R,RUS,P3_S14,Q,NSA,XDC,Q,2024-Q1,17981538800000,0,,,,,,,,,L,,,O,OL,true,2021,,F
dataflow,IMF.STA:QNEA(7.0.0),R,RUS,P3_S14,Q,NSA,XDC,Q,2024-Q2,18615843200000,0,,,,,,,,,L,,,O,OL,true,2021,,F
dataflow,IMF.STA:QNEA(7.0.0),R,RUS,P3_S14,Q,NSA,XDC,Q,2024-Q3,19689352800000,0,,,,,,,,,L,,,O,OL,true,2021,,F
dataflow,IMF.STA:QNEA(7.0.0),R,RUS,P3_S14,Q,NSA,XDC,Q,2024-Q4,19954981800000,0,,,,,,,,,L,,,O,OL,true,2021,,F
dataflow,IMF.STA:QNEA(7.0.0),R,RUS,P3_S14,Q,NSA,XDC,Q,2025-Q1,18732648000000,0,,,,,,,,,L,,,O,OL,true,2021,,F
dataflow,IMF.STA:QNEA(7.0.0),R,RUS,P3_S14,Q,NSA,XDC,Q,2025-Q2,19215262000000,0,,,,,,,,,L,,,O,OL,true,2021,,F
dataflow,IMF.STA:QNEA(7.0.0),R,RUS,P3_S14,Q,NSA,XDC,Q,2025-Q3,20303508000000,0,,,,,,,,,L,,,O,OL,true,2021,,F
dataflow,IMF.STA:QNEA(7.0.0),R,RUS,P3_S14,Q,NSA,XDC,Q,2025-Q4,20720220500000,0,,,,,,,,,L,,,O,OL,true,2021,,F
dataflow,IMF.STA:QNEA(7.0.0),R,RUS,P3_S14,Q,NSA,XDC,Q,2026-Q1,19386441200000,0,,,,,,,,,L,,,O,OL,true,2021,,F
dataflow,IMF.STA:QNEA(7.0.0),R,RUS,P3_S14,V,NSA,USD,Q,,,0,,,,,,,,,L,,,,OL,,,,
dataflow,IMF.STA:QNEA(7.0.0),R,RUS,P3_S14,V,NSA,XDC,Q,2011-Q1,6777313800000,0,,,,,,,,,L,,,O,OL,true,,,F
dataflow,IMF.STA:QNEA(7.0.0),R,RUS,P3_S14,V,NSA,XDC,Q,2011-Q2,7262478200000,0,,,,,,,,,L,,,O,OL,true,,,F
dataflow,IMF.STA:QNEA(7.0.0),R,RUS,P3_S14,V,NSA,XDC,Q,2011-Q3,7734381900000,0,,,,,,,,,L,,,O,OL,true,,,F
dataflow,IMF.STA:QNEA(7.0.0),R,RUS,P3_S14,V,NSA,XDC,Q,2011-Q4,8288432000000,0,,,,,,,,,L,,,O,OL,true,,,F
dataflow,IMF.STA:QNEA(7.0.0),R,RUS,P3_S14,V,NSA,XDC,Q,2012-Q1,7812484300000,0,,,,,,,,,L,,,O,OL,true,,,F
dataflow,IMF.STA:QNEA(7.0.0),R,RUS,P3_S14,V,NSA,XDC,Q,2012-Q2,8336919400000,0,,,,,,,,,L,,,O,OL,true,,,F
dataflow,IMF.STA:QNEA(7.0.0),R,RUS,P3_S14,V,NSA,XDC,Q,2012-Q3,8993377400000,0,,,,,,,,,L,,,O,OL,true,,,F
dataflow,IMF.STA:QNEA(7.0.0),R,RUS,P3_S14,V,NSA,XDC,Q,2012-Q4,9645743300000,0,,,,,,,,,L,,,O,OL,true,,,F
dataflow,IMF.STA:QNEA(7.0.0),R,RUS,P3_S14,V,NSA,XDC,Q,2013-Q1,8712390900000,0,,,,,,,,,L,,,O,OL,true,,,F
dataflow,IMF.STA:QNEA(7.0.0),R,RUS,P3_S14,V,NSA,XDC,Q,2013-Q2,9334417400000,0,,,,,,,,,L,,,O,OL,true,,,F
dataflow,IMF.STA:QNEA(7.0.0),R,RUS,P3_S14,V,NSA,XDC,Q,2013-Q3,9992387900000,0,,,,,,,,,L,,,O,OL,true,,,F
dataflow,IMF.STA:QNEA(7.0.0),R,RUS,P3_S14,V,NSA,XDC,Q,2013-Q4,10505113400000,0,,,,,,,,,L,,,O,OL,true,,,F
dataflow,IMF.STA:QNEA(7.0.0),R,RUS,P3_S14,V,NSA,XDC,Q,2014-Q1,9515189700000,0,,,,,,,,,L,,,O,OL,true,,,F
dataflow,IMF.STA:QNEA(7.0.0),R,RUS,P3_S14,V,NSA,XDC,Q,2014-Q2,10138524200000,0,,,,,,,,,L,,,O,OL,true,,,F
dataflow,IMF.STA:QNEA(7.0.0),R,RUS,P3_S14,V,NSA,XDC,Q,2014-Q3,10837803800000,0,,,,,,,,,L,,,O,OL,true,,,F
dataflow,IMF.STA:QNEA(7.0.0),R,RUS,P3_S14,V,NSA,XDC,Q,2014-Q4,11707146600000,0,,,,,,,,,L,,,O,OL,true,,,F
dataflow,IMF.STA:QNEA(7.0.0),R,RUS,P3_S14,V,NSA,XDC,Q,2015-Q1,10178072400000,0,,,,,,,,,L,,,O,OL,true,,,F
dataflow,IMF.STA:QNEA(7.0.0),R,RUS,P3_S14,V,NSA,XDC,Q,2015-Q2,10473014300000,0,,,,,,,,,L,,,O,OL,true,,,F
dataflow,IMF.STA:QNEA(7.0.0),R,RUS,P3_S14,V,NSA,XDC,Q,2015-Q3,11193265600000,0,,,,,,,,,L,,,O,OL,true,,,F
dataflow,IMF.STA:QNEA(7.0.0),R,RUS,P3_S14,V,NSA,XDC,Q,2015-Q4,11611827200000,0,,,,,,,,,L,,,O,OL,true,,,F
dataflow,IMF.STA:QNEA(7.0.0),R,RUS,P3_S14,V,NSA,XDC,Q,2016-Q1,10594335300000,0,,,,,,,,,L,,,O,OL,true,,,F
dataflow,IMF.STA:QNEA(7.0.0),R,RUS,P3_S14,V,NSA,XDC,Q,2016-Q2,10926005900000,0,,,,,,,,,L,,,O,OL,true,,,F
dataflow,IMF.STA:QNEA(7.0.0),R,RUS,P3_S14,V,NSA,XDC,Q,2016-Q3,11598195600000,0,,,,,,,,,L,,,O,OL,true,,,F
dataflow,IMF.STA:QNEA(7.0.0),R,RUS,P3_S14,V,NSA,XDC,Q,2016-Q4,12125977800000,0,,,,,,,,,L,,,O,OL,true,,,F
dataflow,IMF.STA:QNEA(7.0.0),R,RUS,P3_S14,V,NSA,XDC,Q,2017-Q1,11145474100000,0,,,,,,,,,L,,,O,OL,true,,,F
dataflow,IMF.STA:QNEA(7.0.0),R,RUS,P3_S14,V,NSA,XDC,Q,2017-Q2,11686556600000,0,,,,,,,,,L,,,O,OL,true,,,F
dataflow,IMF.STA:QNEA(7.0.0),R,RUS,P3_S14,V,NSA,XDC,Q,2017-Q3,12410599400000,0,,,,,,,,,L,,,O,OL,true,,,F
dataflow,IMF.STA:QNEA(7.0.0),R,RUS,P3_S14,V,NSA,XDC,Q,2017-Q4,12935400100000,0,,,,,,,,,L,,,O,OL,true,,,F
dataflow,IMF.STA:QNEA(7.0.0),R,RUS,P3_S14,V,NSA,XDC,Q,2018-Q1,11900742900000,0,,,,,,,,,L,,,O,OL,true,,,F
dataflow,IMF.STA:QNEA(7.0.0),R,RUS,P3_S14,V,NSA,XDC,Q,2018-Q2,12569370700000,0,,,,,,,,,L,,,O,OL,true,,,F
dataflow,IMF.STA:QNEA(7.0.0),R,RUS,P3_S14,V,NSA,XDC,Q,2018-Q3,13361856900000,0,,,,,,,,,L,,,O,OL,true,,,F
dataflow,IMF.STA:QNEA(7.0.0),R,RUS,P3_S14,V,NSA,XDC,Q,2018-Q4,14051752800000,0,,,,,,,,,L,,,O,OL,true,,,F
dataflow,IMF.STA:QNEA(7.0.0),R,RUS,P3_S14,V,NSA,XDC,Q,2019-Q1,13016148800000,0,,,,,,,,,L,,,O,OL,true,,,F
dataflow,IMF.STA:QNEA(7.0.0),R,RUS,P3_S14,V,NSA,XDC,Q,2019-Q2,13646932500000,0,,,,,,,,,L,,,O,OL,true,,,F
dataflow,IMF.STA:QNEA(7.0.0),R,RUS,P3_S14,V,NSA,XDC,Q,2019-Q3,14427652700000,0,,,,,,,,,L,,,O,OL,true,,,F
dataflow,IMF.STA:QNEA(7.0.0),R,RUS,P3_S14,V,NSA,XDC,Q,2019-Q4,15018929100000,0,,,,,,,,,L,,,O,OL,true,,,F
dataflow,IMF.STA:QNEA(7.0.0),R,RUS,P3_S14,V,NSA,XDC,Q,2020-Q1,14037111400000,0,,,,,,,,,L,,,O,OL,true,,,F
dataflow,IMF.STA:QNEA(7.0.0),R,RUS,P3_S14,V,NSA,XDC,Q,2020-Q2,11282237000000,0,,,,,,,,,L,,,O,OL,true,,,F
dataflow,IMF.STA:QNEA(7.0.0),R,RUS,P3_S14,V,NSA,XDC,Q,2020-Q3,14143063400000,0,,,,,,,,,L,,,O,OL,true,,,F
dataflow,IMF.STA:QNEA(7.0.0),R,RUS,P3_S14,V,NSA,XDC,Q,2020-Q4,15289684200000,0,,,,,,,,,L,,,O,OL,true,,,F
dataflow,IMF.STA:QNEA(7.0.0),R,RUS,P3_S14,V,NSA,XDC,Q,2021-Q1,15034924100000,0,,,,,,,,,L,,,O,OL,true,,,F
dataflow,IMF.STA:QNEA(7.0.0),R,RUS,P3_S14,V,NSA,XDC,Q,2021-Q2,16172847100000,0,,,,,,,,,L,,,O,OL,true,,,F
dataflow,IMF.STA:QNEA(7.0.0),R,RUS,P3_S14,V,NSA,XDC,Q,2021-Q3,17333359400000,0,,,,,,,,,L,,,O,OL,true,,,F
dataflow,IMF.STA:QNEA(7.0.0),R,RUS,P3_S14,V,NSA,XDC,Q,2021-Q4,18467527300000,0,,,,,,,,,L,,,O,OL,true,,,F
dataflow,IMF.STA:QNEA(7.0.0),R,RUS,P3_S14,V,NSA,XDC,Q,2022-Q1,17706993600000,0,,,,,,,,,L,,,O,OL,true,,,F
dataflow,IMF.STA:QNEA(7.0.0),R,RUS,P3_S14,V,NSA,XDC,Q,2022-Q2,17393962700000,0,,,,,,,,,L,,,O,OL,true,,,F
dataflow,IMF.STA:QNEA(7.0.0),R,RUS,P3_S14,V,NSA,XDC,Q,2022-Q3,18375826700000,0,,,,,,,,,L,,,O,OL,true,,,F
dataflow,IMF.STA:QNEA(7.0.0),R,RUS,P3_S14,V,NSA,XDC,Q,2022-Q4,19771823800000,0,,,,,,,,,L,,,O,OL,true,,,F
dataflow,IMF.STA:QNEA(7.0.0),R,RUS,P3_S14,V,NSA,XDC,Q,2023-Q1,19470072900000,0,,,,,,,,,L,,,O,OL,true,,,F
dataflow,IMF.STA:QNEA(7.0.0),R,RUS,P3_S14,V,NSA,XDC,Q,2023-Q2,20624936300000,0,,,,,,,,,L,,,O,OL,true,,,F
dataflow,IMF.STA:QNEA(7.0.0),R,RUS,P3_S14,V,NSA,XDC,Q,2023-Q3,22335884100000,0,,,,,,,,,L,,,O,OL,true,,,F
dataflow,IMF.STA:QNEA(7.0.0),R,RUS,P3_S14,V,NSA,XDC,Q,2023-Q4,23441668700000,0,,,,,,,,,L,,,O,OL,true,,,F
dataflow,IMF.STA:QNEA(7.0.0),R,RUS,P3_S14,V,NSA,XDC,Q,2024-Q1,22802998300000,0,,,,,,,,,L,,,O,OL,true,,,F
dataflow,IMF.STA:QNEA(7.0.0),R,RUS,P3_S14,V,NSA,XDC,Q,2024-Q2,23891659000000,0,,,,,,,,,L,,,O,OL,true,,,F
dataflow,IMF.STA:QNEA(7.0.0),R,RUS,P3_S14,V,NSA,XDC,Q,2024-Q3,25694295700000,0,,,,,,,,,L,,,O,OL,true,,,F
dataflow,IMF.STA:QNEA(7.0.0),R,RUS,P3_S14,V,NSA,XDC,Q,2024-Q4,26660653000000,0,,,,,,,,,L,,,O,OL,true,,,F
dataflow,IMF.STA:QNEA(7.0.0),R,RUS,P3_S14,V,NSA,XDC,Q,2025-Q1,25265037100000,0,,,,,,,,,L,,,O,OL,true,,,F
dataflow,IMF.STA:QNEA(7.0.0),R,RUS,P3_S14,V,NSA,XDC,Q,2025-Q2,26174869000000,0,,,,,,,,,L,,,O,OL,true,,,F
dataflow,IMF.STA:QNEA(7.0.0),R,RUS,P3_S14,V,NSA,XDC,Q,2025-Q3,28038581400000,0,,,,,,,,,L,,,O,OL,true,,,F
dataflow,IMF.STA:QNEA(7.0.0),R,RUS,P3_S14,V,NSA,XDC,Q,2025-Q4,29281069900000,0,,,,,,,,,L,,,O,OL,true,,,F
dataflow,IMF.STA:QNEA(7.0.0),R,RUS,P3_S14,V,NSA,XDC,Q,2026-Q1,28032353600000,0,,,,,,,,,L,,,O,OL,true,,,F
dataflow,IMF.STA:QNEA(7.0.0),R,RUS,P3_S15,Q,NSA,USD,Q,,,0,,,,,,,,,L,,,,OL,,2021,,
dataflow,IMF.STA:QNEA(7.0.0),R,RUS,P3_S15,Q,NSA,XDC,Q,2011-Q1,90645100000,0,,,,,,,,,L,,,O,OL,true,2021,,F
dataflow,IMF.STA:QNEA(7.0.0),R,RUS,P3_S15,Q,NSA,XDC,Q,2011-Q2,90691200000,0,,,,,,,,,L,,,O,OL,true,2021,,F
dataflow,IMF.STA:QNEA(7.0.0),R,RUS,P3_S15,Q,NSA,XDC,Q,2011-Q3,90747100000,0,,,,,,,,,L,,,O,OL,true,2021,,F
dataflow,IMF.STA:QNEA(7.0.0),R,RUS,P3_S15,Q,NSA,XDC,Q,2011-Q4,90843400000,0,,,,,,,,,L,,,O,OL,true,2021,,F
dataflow,IMF.STA:QNEA(7.0.0),R,RUS,P3_S15,Q,NSA,XDC,Q,2012-Q1,89691400000,0,,,,,,,,,L,,,O,OL,true,2021,,F
dataflow,IMF.STA:QNEA(7.0.0),R,RUS,P3_S15,Q,NSA,XDC,Q,2012-Q2,89658400000,0,,,,,,,,,L,,,O,OL,true,2021,,F
dataflow,IMF.STA:QNEA(7.0.0),R,RUS,P3_S15,Q,NSA,XDC,Q,2012-Q3,89714800000,0,,,,,,,,,L,,,O,OL,true,2021,,F
dataflow,IMF.STA:QNEA(7.0.0),R,RUS,P3_S15,Q,NSA,XDC,Q,2012-Q4,89740300000,0,,,,,,,,,L,,,O,OL,true,2021,,F
dataflow,IMF.STA:QNEA(7.0.0),R,RUS,P3_S15,Q,NSA,XDC,Q,2013-Q1,87886500000,0,,,,,,,,,L,,,O,OL,true,2021,,F
dataflow,IMF.STA:QNEA(7.0.0),R,RUS,P3_S15,Q,NSA,XDC,Q,2013-Q2,87956800000,0,,,,,,,,,L,,,O,OL,true,2021,,F
dataflow,IMF.STA:QNEA(7.0.0),R,RUS,P3_S15,Q,NSA,XDC,Q,2013-Q3,88034000000,0,,,,,,,,,L,,,O,OL,true,2021,,F
dataflow,IMF.STA:QNEA(7.0.0),R,RUS,P3_S15,Q,NSA,XDC,Q,2013-Q4,87979600000,0,,,,,,,,,L,,,O,OL,true,2021,,F
dataflow,IMF.STA:QNEA(7.0.0),R,RUS,P3_S15,Q,NSA,XDC,Q,2014-Q1,197264400000,0,,,,,,,,,L,,,O,OL,true,2021,,F
dataflow,IMF.STA:QNEA(7.0.0),R,RUS,P3_S15,Q,NSA,XDC,Q,2014-Q2,197117300000,0,,,,,,,,,L,,,O,OL,true,2021,,F
dataflow,IMF.STA:QNEA(7.0.0),R,RUS,P3_S15,Q,NSA,XDC,Q,2014-Q3,197477800000,0,,,,,,,,,L,,,O,OL,true,2021,,F
dataflow,IMF.STA:QNEA(7.0.0),R,RUS,P3_S15,Q,NSA,XDC,Q,2014-Q4,197477700000,0,,,,,,,,,L,,,O,OL,true,2021,,F
dataflow,IMF.STA:QNEA(7.0.0),R,RUS,P3_S15,Q,NSA,XDC,Q,2015-Q1,191311700000,0,,,,,,,,,L,,,O,OL,true,2021,,F
dataflow,IMF.STA:QNEA(7.0.0),R,RUS,P3_S15,Q,NSA,XDC,Q,2015-Q2,191481400000,0,,,,,,,,,L,,,O,OL,true,2021,,F
dataflow,IMF.STA:QNEA(7.0.0),R,RUS,P3_S15,Q,NSA,XDC,Q,2015-Q3,191715600000,0,,,,,,,,,L,,,O,OL,true,2021,,F
dataflow,IMF.STA:QNEA(7.0.0),R,RUS,P3_S15,Q,NSA,XDC,Q,2015-Q4,191733000000,0,,,,,,,,,L,,,O,OL,true,2021,,F
dataflow,IMF.STA:QNEA(7.0.0),R,RUS,P3_S15,Q,NSA,XDC,Q,2016-Q1,193423500000,0,,,,,,,,,L,,,O,OL,true,2021,,F
dataflow,IMF.STA:QNEA(7.0.0),R,RUS,P3_S15,Q,NSA,XDC,Q,2016-Q2,192896000000,0,,,,,,,,,L,,,O,OL,true,2021,,F
dataflow,IMF.STA:QNEA(7.0.0),R,RUS,P3_S15,Q,NSA,XDC,Q,2016-Q3,193333600000,0,,,,,,,,,L,,,O,OL,true,2021,,F
dataflow,IMF.STA:QNEA(7.0.0),R,RUS,P3_S15,Q,NSA,XDC,Q,2016-Q4,194066700000,0,,,,,,,,,L,,,O,OL,true,2021,,F
dataflow,IMF.STA:QNEA(7.0.0),R,RUS,P3_S15,Q,NSA,XDC,Q,2017-Q1,193334000000,0,,,,,,,,,L,,,O,OL,true,2021,,F
dataflow,IMF.STA:QNEA(7.0.0),R,RUS,P3_S15,Q,NSA,XDC,Q,2017-Q2,193765700000,0,,,,,,,,,L,,,O,OL,true,2021,,F
dataflow,IMF.STA:QNEA(7.0.0),R,RUS,P3_S15,Q,NSA,XDC,Q,2017-Q3,194882900000,0,,,,,,,,,L,,,O,OL,true,2021,,F
dataflow,IMF.STA:QNEA(7.0.0),R,RUS,P3_S15,Q,NSA,XDC,Q,2017-Q4,195232100000,0,,,,,,,,,L,,,O,OL,true,2021,,F
dataflow,IMF.STA:QNEA(7.0.0),R,RUS,P3_S15,Q,NSA,XDC,Q,2018-Q1,190445800000,0,,,,,,,,,L,,,O,OL,true,2021,,F
dataflow,IMF.STA:QNEA(7.0.0),R,RUS,P3_S15,Q,NSA,XDC,Q,2018-Q2,190601200000,0,,,,,,,,,L,,,O,OL,true,2021,,F
dataflow,IMF.STA:QNEA(7.0.0),R,RUS,P3_S15,Q,NSA,XDC,Q,2018-Q3,191268200000,0,,,,,,,,,L,,,O,OL,true,2021,,F
dataflow,IMF.STA:QNEA(7.0.0),R,RUS,P3_S15,Q,NSA,XDC,Q,2018-Q4,191657900000,0,,,,,,,,,L,,,O,OL,true,2021,,F
dataflow,IMF.STA:QNEA(7.0.0),R,RUS,P3_S15,Q,NSA,XDC,Q,2019-Q1,190081000000,0,,,,,,,,,L,,,O,OL,true,2021,,F
dataflow,IMF.STA:QNEA(7.0.0),R,RUS,P3_S15,Q,NSA,XDC,Q,2019-Q2,190211400000,0,,,,,,,,,L,,,O,OL,true,2021,,F
dataflow,IMF.STA:QNEA(7.0.0),R,RUS,P3_S15,Q,NSA,XDC,Q,2019-Q3,191059200000,0,,,,,,,,,L,,,O,OL,true,2021,,F
dataflow,IMF.STA:QNEA(7.0.0),R,RUS,P3_S15,Q,NSA,XDC,Q,2019-Q4,191419100000,0,,,,,,,,,L,,,O,OL,true,2021,,F
dataflow,IMF.STA:QNEA(7.0.0),R,RUS,P3_S15,Q,NSA,XDC,Q,2020-Q1,184087700000,0,,,,,,,,,L,,,O,OL,true,2021,,F
dataflow,IMF.STA:QNEA(7.0.0),R,RUS,P3_S15,Q,NSA,XDC,Q,2020-Q2,184267200000,0,,,,,,,,,L,,,O,OL,true,2021,,F
dataflow,IMF.STA:QNEA(7.0.0),R,RUS,P3_S15,Q,NSA,XDC,Q,2020-Q3,183961200000,0,,,,,,,,,L,,,O,OL,true,2021,,F
dataflow,IMF.STA:QNEA(7.0.0),R,RUS,P3_S15,Q,NSA,XDC,Q,2020-Q4,183943500000,0,,,,,,,,,L,,,O,OL,true,2021,,F
dataflow,IMF.STA:QNEA(7.0.0),R,RUS,P3_S15,Q,NSA,XDC,Q,2021-Q1,196441100000,0,,,,,,,,,L,,,O,OL,true,2021,,F
dataflow,IMF.STA:QNEA(7.0.0),R,RUS,P3_S15,Q,NSA,XDC,Q,2021-Q2,196571200000,0,,,,,,,,,L,,,O,OL,true,2021,,F
dataflow,IMF.STA:QNEA(7.0.0),R,RUS,P3_S15,Q,NSA,XDC,Q,2021-Q3,196702400000,0,,,,,,,,,L,,,O,OL,true,2021,,F
dataflow,IMF.STA:QNEA(7.0.0),R,RUS,P3_S15,Q,NSA,XDC,Q,2021-Q4,196723800000,0,,,,,,,,,L,,,O,OL,true,2021,,F
dataflow,IMF.STA:QNEA(7.0.0),R,RUS,P3_S15,Q,NSA,XDC,Q,2022-Q1,197890200000,0,,,,,,,,,L,,,O,OL,true,2021,,F
dataflow,IMF.STA:QNEA(7.0.0),R,RUS,P3_S15,Q,NSA,XDC,Q,2022-Q2,197812200000,0,,,,,,,,,L,,,O,OL,true,2021,,F
dataflow,IMF.STA:QNEA(7.0.0),R,RUS,P3_S15,Q,NSA,XDC,Q,2022-Q3,198031600000,0,,,,,,,,,L,,,O,OL,true,2021,,F
dataflow,IMF.STA:QNEA(7.0.0),R,RUS,P3_S15,Q,NSA,XDC,Q,2022-Q4,198221900000,0,,,,,,,,,L,,,O,OL,true,2021,,F
dataflow,IMF.STA:QNEA(7.0.0),R,RUS,P3_S15,Q,NSA,XDC,Q,2023-Q1,197428000000,0,,,,,,,,,L,,,O,OL,true,2021,,F
dataflow,IMF.STA:QNEA(7.0.0),R,RUS,P3_S15,Q,NSA,XDC,Q,2023-Q2,198217000000,0,,,,,,,,,L,,,O,OL,true,2021,,F
dataflow,IMF.STA:QNEA(7.0.0),R,RUS,P3_S15,Q,NSA,XDC,Q,2023-Q3,198352400000,0,,,,,,,,,L,,,O,OL,true,2021,,F
dataflow,IMF.STA:QNEA(7.0.0),R,RUS,P3_S15,Q,NSA,XDC,Q,2023-Q4,198568100000,0,,,,,,,,,L,,,O,OL,true,2021,,F
dataflow,IMF.STA:QNEA(7.0.0),R,RUS,P3_S15,Q,NSA,XDC,Q,2024-Q1,195986000000,0,,,,,,,,,L,,,O,OL,true,2021,,F
dataflow,IMF.STA:QNEA(7.0.0),R,RUS,P3_S15,Q,NSA,XDC,Q,2024-Q2,196734800000,0,,,,,,,,,L,,,O,OL,true,2021,,F
dataflow,IMF.STA:QNEA(7.0.0),R,RUS,P3_S15,Q,NSA,XDC,Q,2024-Q3,196648400000,0,,,,,,,,,L,,,O,OL,true,2021,,F
dataflow,IMF.STA:QNEA(7.0.0),R,RUS,P3_S15,Q,NSA,XDC,Q,2024-Q4,196566400000,0,,,,,,,,,L,,,O,OL,true,2021,,F
dataflow,IMF.STA:QNEA(7.0.0),R,RUS,P3_S15,Q,NSA,XDC,Q,2025-Q1,206671000000,0,,,,,,,,,L,,,O,OL,true,2021,,F
dataflow,IMF.STA:QNEA(7.0.0),R,RUS,P3_S15,Q,NSA,XDC,Q,2025-Q2,207513200000,0,,,,,,,,,L,,,O,OL,true,2021,,F
dataflow,IMF.STA:QNEA(7.0.0),R,RUS,P3_S15,Q,NSA,XDC,Q,2025-Q3,207844000000,0,,,,,,,,,L,,,O,OL,true,2021,,F
dataflow,IMF.STA:QNEA(7.0.0),R,RUS,P3_S15,Q,NSA,XDC,Q,2025-Q4,209083400000,0,,,,,,,,,L,,,O,OL,true,2021,,F
dataflow,IMF.STA:QNEA(7.0.0),R,RUS,P3_S15,Q,NSA,XDC,Q,2026-Q1,210790400000,0,,,,,,,,,L,,,O,OL,true,2021,,F
dataflow,IMF.STA:QNEA(7.0.0),R,RUS,P3_S15,V,NSA,USD,Q,,,0,,,,,,,,,L,,,,OL,,,,
dataflow,IMF.STA:QNEA(7.0.0),R,RUS,P3_S15,V,NSA,XDC,Q,2011-Q1,55545100000,0,,,,,,,,,L,,,O,OL,true,,,F
dataflow,IMF.STA:QNEA(7.0.0),R,RUS,P3_S15,V,NSA,XDC,Q,2011-Q2,56402900000,0,,,,,,,,,L,,,O,OL,true,,,F
dataflow,IMF.STA:QNEA(7.0.0),R,RUS,P3_S15,V,NSA,XDC,Q,2011-Q3,56554600000,0,,,,,,,,,L,,,O,OL,true,,,F
dataflow,IMF.STA:QNEA(7.0.0),R,RUS,P3_S15,V,NSA,XDC,Q,2011-Q4,57333600000,0,,,,,,,,,L,,,O,OL,true,,,F
dataflow,IMF.STA:QNEA(7.0.0),R,RUS,P3_S15,V,NSA,XDC,Q,2012-Q1,60591500000,0,,,,,,,,,L,,,O,OL,true,,,F
dataflow,IMF.STA:QNEA(7.0.0),R,RUS,P3_S15,V,NSA,XDC,Q,2012-Q2,61569400000,0,,,,,,,,,L,,,O,OL,true,,,F
dataflow,IMF.STA:QNEA(7.0.0),R,RUS,P3_S15,V,NSA,XDC,Q,2012-Q3,62807900000,0,,,,,,,,,L,,,O,OL,true,,,F
dataflow,IMF.STA:QNEA(7.0.0),R,RUS,P3_S15,V,NSA,XDC,Q,2012-Q4,63623500000,0,,,,,,,,,L,,,O,OL,true,,,F
dataflow,IMF.STA:QNEA(7.0.0),R,RUS,P3_S15,V,NSA,XDC,Q,2013-Q1,63306400000,0,,,,,,,,,L,,,O,OL,true,,,F
dataflow,IMF.STA:QNEA(7.0.0),R,RUS,P3_S15,V,NSA,XDC,Q,2013-Q2,64296400000,0,,,,,,,,,L,,,O,OL,true,,,F
dataflow,IMF.STA:QNEA(7.0.0),R,RUS,P3_S15,V,NSA,XDC,Q,2013-Q3,65324500000,0,,,,,,,,,L,,,O,OL,true,,,F
dataflow,IMF.STA:QNEA(7.0.0),R,RUS,P3_S15,V,NSA,XDC,Q,2013-Q4,66068600000,0,,,,,,,,,L,,,O,OL,true,,,F
dataflow,IMF.STA:QNEA(7.0.0),R,RUS,P3_S15,V,NSA,XDC,Q,2014-Q1,69778100000,0,,,,,,,,,L,,,O,OL,true,,,F
dataflow,IMF.STA:QNEA(7.0.0),R,RUS,P3_S15,V,NSA,XDC,Q,2014-Q2,71623600000,0,,,,,,,,,L,,,O,OL,true,,,F
dataflow,IMF.STA:QNEA(7.0.0),R,RUS,P3_S15,V,NSA,XDC,Q,2014-Q3,72974400000,0,,,,,,,,,L,,,O,OL,true,,,F
dataflow,IMF.STA:QNEA(7.0.0),R,RUS,P3_S15,V,NSA,XDC,Q,2014-Q4,75815200000,0,,,,,,,,,L,,,O,OL,true,,,F
dataflow,IMF.STA:QNEA(7.0.0),R,RUS,P3_S15,V,NSA,XDC,Q,2015-Q1,76832900000,0,,,,,,,,,L,,,O,OL,true,,,F
dataflow,IMF.STA:QNEA(7.0.0),R,RUS,P3_S15,V,NSA,XDC,Q,2015-Q2,77750700000,0,,,,,,,,,L,,,O,OL,true,,,F
dataflow,IMF.STA:QNEA(7.0.0),R,RUS,P3_S15,V,NSA,XDC,Q,2015-Q3,78429400000,0,,,,,,,,,L,,,O,OL,true,,,F
dataflow,IMF.STA:QNEA(7.0.0),R,RUS,P3_S15,V,NSA,XDC,Q,2015-Q4,81074000000,0,,,,,,,,,L,,,O,OL,true,,,F
dataflow,IMF.STA:QNEA(7.0.0),R,RUS,P3_S15,V,NSA,XDC,Q,2016-Q1,84312500000,0,,,,,,,,,L,,,O,OL,true,,,F
dataflow,IMF.STA:QNEA(7.0.0),R,RUS,P3_S15,V,NSA,XDC,Q,2016-Q2,85566700000,0,,,,,,,,,L,,,O,OL,true,,,F
dataflow,IMF.STA:QNEA(7.0.0),R,RUS,P3_S15,V,NSA,XDC,Q,2016-Q3,86556800000,0,,,,,,,,,L,,,O,OL,true,,,F
dataflow,IMF.STA:QNEA(7.0.0),R,RUS,P3_S15,V,NSA,XDC,Q,2016-Q4,87793400000,0,,,,,,,,,L,,,O,OL,true,,,F
dataflow,IMF.STA:QNEA(7.0.0),R,RUS,P3_S15,V,NSA,XDC,Q,2017-Q1,94294900000,0,,,,,,,,,L,,,O,OL,true,,,F
dataflow,IMF.STA:QNEA(7.0.0),R,RUS,P3_S15,V,NSA,XDC,Q,2017-Q2,95006100000,0,,,,,,,,,L,,,O,OL,true,,,F
dataflow,IMF.STA:QNEA(7.0.0),R,RUS,P3_S15,V,NSA,XDC,Q,2017-Q3,96008000000,0,,,,,,,,,L,,,O,OL,true,,,F
dataflow,IMF.STA:QNEA(7.0.0),R,RUS,P3_S15,V,NSA,XDC,Q,2017-Q4,95269500000,0,,,,,,,,,L,,,O,OL,true,,,F
dataflow,IMF.STA:QNEA(7.0.0),R,RUS,P3_S15,V,NSA,XDC,Q,2018-Q1,104856300000,0,,,,,,,,,L,,,O,OL,true,,,F
dataflow,IMF.STA:QNEA(7.0.0),R,RUS,P3_S15,V,NSA,XDC,Q,2018-Q2,106318800000,0,,,,,,,,,L,,,O,OL,true,,,F
dataflow,IMF.STA:QNEA(7.0.0),R,RUS,P3_S15,V,NSA,XDC,Q,2018-Q3,107403100000,0,,,,,,,,,L,,,O,OL,true,,,F
dataflow,IMF.STA:QNEA(7.0.0),R,RUS,P3_S15,V,NSA,XDC,Q,2018-Q4,108587400000,0,,,,,,,,,L,,,O,OL,true,,,F
dataflow,IMF.STA:QNEA(7.0.0),R,RUS,P3_S15,V,NSA,XDC,Q,2019-Q1,110691600000,0,,,,,,,,,L,,,O,OL,true,,,F
dataflow,IMF.STA:QNEA(7.0.0),R,RUS,P3_S15,V,NSA,XDC,Q,2019-Q2,111800700000,0,,,,,,,,,L,,,O,OL,true,,,F
dataflow,IMF.STA:QNEA(7.0.0),R,RUS,P3_S15,V,NSA,XDC,Q,2019-Q3,112255900000,0,,,,,,,,,L,,,O,OL,true,,,F
dataflow,IMF.STA:QNEA(7.0.0),R,RUS,P3_S15,V,NSA,XDC,Q,2019-Q4,112378900000,0,,,,,,,,,L,,,O,OL,true,,,F
dataflow,IMF.STA:QNEA(7.0.0),R,RUS,P3_S15,V,NSA,XDC,Q,2020-Q1,169218900000,0,,,,,,,,,L,,,O,OL,true,,,F
dataflow,IMF.STA:QNEA(7.0.0),R,RUS,P3_S15,V,NSA,XDC,Q,2020-Q2,171846000000,0,,,,,,,,,L,,,O,OL,true,,,F
dataflow,IMF.STA:QNEA(7.0.0),R,RUS,P3_S15,V,NSA,XDC,Q,2020-Q3,172045500000,0,,,,,,,,,L,,,O,OL,true,,,F
dataflow,IMF.STA:QNEA(7.0.0),R,RUS,P3_S15,V,NSA,XDC,Q,2020-Q4,174093200000,0,,,,,,,,,L,,,O,OL,true,,,F
dataflow,IMF.STA:QNEA(7.0.0),R,RUS,P3_S15,V,NSA,XDC,Q,2021-Q1,189872600000,0,,,,,,,,,L,,,O,OL,true,,,F
dataflow,IMF.STA:QNEA(7.0.0),R,RUS,P3_S15,V,NSA,XDC,Q,2021-Q2,194238300000,0,,,,,,,,,L,,,O,OL,true,,,F
dataflow,IMF.STA:QNEA(7.0.0),R,RUS,P3_S15,V,NSA,XDC,Q,2021-Q3,198307500000,0,,,,,,,,,L,,,O,OL,true,,,F
dataflow,IMF.STA:QNEA(7.0.0),R,RUS,P3_S15,V,NSA,XDC,Q,2021-Q4,204020100000,0,,,,,,,,,L,,,O,OL,true,,,F
dataflow,IMF.STA:QNEA(7.0.0),R,RUS,P3_S15,V,NSA,XDC,Q,2022-Q1,163296500000,0,,,,,,,,,L,,,O,OL,true,,,F
dataflow,IMF.STA:QNEA(7.0.0),R,RUS,P3_S15,V,NSA,XDC,Q,2022-Q2,176559200000,0,,,,,,,,,L,,,O,OL,true,,,F
dataflow,IMF.STA:QNEA(7.0.0),R,RUS,P3_S15,V,NSA,XDC,Q,2022-Q3,169963800000,0,,,,,,,,,L,,,O,OL,true,,,F
dataflow,IMF.STA:QNEA(7.0.0),R,RUS,P3_S15,V,NSA,XDC,Q,2022-Q4,170692600000,0,,,,,,,,,L,,,O,OL,true,,,F
dataflow,IMF.STA:QNEA(7.0.0),R,RUS,P3_S15,V,NSA,XDC,Q,2023-Q1,190666700000,0,,,,,,,,,L,,,O,OL,true,,,F
dataflow,IMF.STA:QNEA(7.0.0),R,RUS,P3_S15,V,NSA,XDC,Q,2023-Q2,193520100000,0,,,,,,,,,L,,,O,OL,true,,,F
dataflow,IMF.STA:QNEA(7.0.0),R,RUS,P3_S15,V,NSA,XDC,Q,2023-Q3,201018100000,0,,,,,,,,,L,,,O,OL,true,,,F
dataflow,IMF.STA:QNEA(7.0.0),R,RUS,P3_S15,V,NSA,XDC,Q,2023-Q4,209827800000,0,,,,,,,,,L,,,O,OL,true,,,F
dataflow,IMF.STA:QNEA(7.0.0),R,RUS,P3_S15,V,NSA,XDC,Q,2024-Q1,222498500000,0,,,,,,,,,L,,,O,OL,true,,,F
dataflow,IMF.STA:QNEA(7.0.0),R,RUS,P3_S15,V,NSA,XDC,Q,2024-Q2,226529800000,0,,,,,,,,,L,,,O,OL,true,,,F
dataflow,IMF.STA:QNEA(7.0.0),R,RUS,P3_S15,V,NSA,XDC,Q,2024-Q3,234000700000,0,,,,,,,,,L,,,O,OL,true,,,F
dataflow,IMF.STA:QNEA(7.0.0),R,RUS,P3_S15,V,NSA,XDC,Q,2024-Q4,242135000000,0,,,,,,,,,L,,,O,OL,true,,,F
dataflow,IMF.STA:QNEA(7.0.0),R,RUS,P3_S15,V,NSA,XDC,Q,2025-Q1,265267900000,0,,,,,,,,,L,,,O,OL,true,,,F
dataflow,IMF.STA:QNEA(7.0.0),R,RUS,P3_S15,V,NSA,XDC,Q,2025-Q2,271056200000,0,,,,,,,,,L,,,O,OL,true,,,F
dataflow,IMF.STA:QNEA(7.0.0),R,RUS,P3_S15,V,NSA,XDC,Q,2025-Q3,271774500000,0,,,,,,,,,L,,,O,OL,true,,,F
dataflow,IMF.STA:QNEA(7.0.0),R,RUS,P3_S15,V,NSA,XDC,Q,2025-Q4,272968300000,0,,,,,,,,,L,,,O,OL,true,,,F
dataflow,IMF.STA:QNEA(7.0.0),R,RUS,P3_S15,V,NSA,XDC,Q,2026-Q1,287029200000,0,,,,,,,,,L,,,O,OL,true,,,F
dataflow,IMF.STA:QNEA(7.0.0),R,RUS,P5,Q,NSA,USD,Q,,,0,,,,,,,,,L,,,,OL,,2021,,
dataflow,IMF.STA:QNEA(7.0.0),R,RUS,P5,Q,NSA,XDC,Q,2011-Q1,3790297600000,0,,,,,,,,,L,,,O,OL,true,2021,,F
dataflow,IMF.STA:QNEA(7.0.0),R,RUS,P5,Q,NSA,XDC,Q,2011-Q2,5788854800000,0,,,,,,,,,L,,,O,OL,true,2021,,F
dataflow,IMF.STA:QNEA(7.0.0),R,RUS,P5,Q,NSA,XDC,Q,2011-Q3,7081272000000,0,,,,,,,,,L,,,O,OL,true,2021,,F
dataflow,IMF.STA:QNEA(7.0.0),R,RUS,P5,Q,NSA,XDC,Q,2011-Q4,7401568500000,0,,,,,,,,,L,,,O,OL,true,2021,,F
dataflow,IMF.STA:QNEA(7.0.0),R,RUS,P5,Q,NSA,XDC,Q,2012-Q1,4186744200000,0,,,,,,,,,L,,,O,OL,true,2021,,F
dataflow,IMF.STA:QNEA(7.0.0),R,RUS,P5,Q,NSA,XDC,Q,2012-Q2,6287307800000,0,,,,,,,,,L,,,O,OL,true,2021,,F
dataflow,IMF.STA:QNEA(7.0.0),R,RUS,P5,Q,NSA,XDC,Q,2012-Q3,7452212400000,0,,,,,,,,,L,,,O,OL,true,2021,,F
dataflow,IMF.STA:QNEA(7.0.0),R,RUS,P5,Q,NSA,XDC,Q,2012-Q4,7469199200000,0,,,,,,,,,L,,,O,OL,true,2021,,F
dataflow,IMF.STA:QNEA(7.0.0),R,RUS,P5,Q,NSA,XDC,Q,2013-Q1,4218876900000,0,,,,,,,,,L,,,O,OL,true,2021,,F
dataflow,IMF.STA:QNEA(7.0.0),R,RUS,P5,Q,NSA,XDC,Q,2013-Q2,5893851400000,0,,,,,,,,,L,,,O,OL,true,2021,,F
dataflow,IMF.STA:QNEA(7.0.0),R,RUS,P5,Q,NSA,XDC,Q,2013-Q3,6846384300000,0,,,,,,,,,L,,,O,OL,true,2021,,F
dataflow,IMF.STA:QNEA(7.0.0),R,RUS,P5,Q,NSA,XDC,Q,2013-Q4,7127252800000,0,,,,,,,,,L,,,O,OL,true,2021,,F
dataflow,IMF.STA:QNEA(7.0.0),R,RUS,P5,Q,NSA,XDC,Q,2014-Q1,6122967100000,0,,,,,,,,,L,,,O,OL,true,2021,,F
dataflow,IMF.STA:QNEA(7.0.0),R,RUS,P5,Q,NSA,XDC,Q,2014-Q2,7489703900000,0,,,,,,,,,L,,,O,OL,true,2021,,F
dataflow,IMF.STA:QNEA(7.0.0),R,RUS,P5,Q,NSA,XDC,Q,2014-Q3,8440272500000,0,,,,,,,,,L,,,O,OL,true,2021,,F
dataflow,IMF.STA:QNEA(7.0.0),R,RUS,P5,Q,NSA,XDC,Q,2014-Q4,7908507100000,0,,,,,,,,,L,,,O,OL,true,2021,,F
dataflow,IMF.STA:QNEA(7.0.0),R,RUS,P5,Q,NSA,XDC,Q,2015-Q1,4935772300000,0,,,,,,,,,L,,,O,OL,true,2021,,F
dataflow,IMF.STA:QNEA(7.0.0),R,RUS,P5,Q,NSA,XDC,Q,2015-Q2,6013983800000,0,,,,,,,,,L,,,O,OL,true,2021,,F
dataflow,IMF.STA:QNEA(7.0.0),R,RUS,P5,Q,NSA,XDC,Q,2015-Q3,7993997400000,0,,,,,,,,,L,,,O,OL,true,2021,,F
dataflow,IMF.STA:QNEA(7.0.0),R,RUS,P5,Q,NSA,XDC,Q,2015-Q4,7499341300000,0,,,,,,,,,L,,,O,OL,true,2021,,F
dataflow,IMF.STA:QNEA(7.0.0),R,RUS,P5,Q,NSA,XDC,Q,2016-Q1,5056930900000,0,,,,,,,,,L,,,O,OL,true,2021,,F
dataflow,IMF.STA:QNEA(7.0.0),R,RUS,P5,Q,NSA,XDC,Q,2016-Q2,5976231300000,0,,,,,,,,,L,,,O,OL,true,2021,,F
dataflow,IMF.STA:QNEA(7.0.0),R,RUS,P5,Q,NSA,XDC,Q,2016-Q3,7599965000000,0,,,,,,,,,L,,,O,OL,true,2021,,F
dataflow,IMF.STA:QNEA(7.0.0),R,RUS,P5,Q,NSA,XDC,Q,2016-Q4,7640949600000,0,,,,,,,,,L,,,O,OL,true,2021,,F
dataflow,IMF.STA:QNEA(7.0.0),R,RUS,P5,Q,NSA,XDC,Q,2017-Q1,5341732200000,0,,,,,,,,,L,,,O,OL,true,2021,,F
dataflow,IMF.STA:QNEA(7.0.0),R,RUS,P5,Q,NSA,XDC,Q,2017-Q2,6885633400000,0,,,,,,,,,L,,,O,OL,true,2021,,F
dataflow,IMF.STA:QNEA(7.0.0),R,RUS,P5,Q,NSA,XDC,Q,2017-Q3,8168493300000,0,,,,,,,,,L,,,O,OL,true,2021,,F
dataflow,IMF.STA:QNEA(7.0.0),R,RUS,P5,Q,NSA,XDC,Q,2017-Q4,7562298200000,0,,,,,,,,,L,,,O,OL,true,2021,,F
dataflow,IMF.STA:QNEA(7.0.0),R,RUS,P5,Q,NSA,XDC,Q,2018-Q1,5387348300000,0,,,,,,,,,L,,,O,OL,true,2021,,F
dataflow,IMF.STA:QNEA(7.0.0),R,RUS,P5,Q,NSA,XDC,Q,2018-Q2,6522857000000,0,,,,,,,,,L,,,O,OL,true,2021,,F
dataflow,IMF.STA:QNEA(7.0.0),R,RUS,P5,Q,NSA,XDC,Q,2018-Q3,7971788800000,0,,,,,,,,,L,,,O,OL,true,2021,,F
dataflow,IMF.STA:QNEA(7.0.0),R,RUS,P5,Q,NSA,XDC,Q,2018-Q4,7631234700000,0,,,,,,,,,L,,,O,OL,true,2021,,F
dataflow,IMF.STA:QNEA(7.0.0),R,RUS,P5,Q,NSA,XDC,Q,2019-Q1,4543421600000,0,,,,,,,,,L,,,O,OL,true,2021,,F
dataflow,IMF.STA:QNEA(7.0.0),R,RUS,P5,Q,NSA,XDC,Q,2019-Q2,6547081000000,0,,,,,,,,,L,,,O,OL,true,2021,,F
dataflow,IMF.STA:QNEA(7.0.0),R,RUS,P5,Q,NSA,XDC,Q,2019-Q3,8348139600000,0,,,,,,,,,L,,,O,OL,true,2021,,F
dataflow,IMF.STA:QNEA(7.0.0),R,RUS,P5,Q,NSA,XDC,Q,2019-Q4,8719393100000,0,,,,,,,,,L,,,O,OL,true,2021,,F
dataflow,IMF.STA:QNEA(7.0.0),R,RUS,P5,Q,NSA,XDC,Q,2020-Q1,4430614000000,0,,,,,,,,,L,,,O,OL,true,2021,,F
dataflow,IMF.STA:QNEA(7.0.0),R,RUS,P5,Q,NSA,XDC,Q,2020-Q2,6025406400000,0,,,,,,,,,L,,,O,OL,true,2021,,F
dataflow,IMF.STA:QNEA(7.0.0),R,RUS,P5,Q,NSA,XDC,Q,2020-Q3,7370783700000,0,,,,,,,,,L,,,O,OL,true,2021,,F
dataflow,IMF.STA:QNEA(7.0.0),R,RUS,P5,Q,NSA,XDC,Q,2020-Q4,9107164500000,0,,,,,,,,,L,,,O,OL,true,2021,,F
dataflow,IMF.STA:QNEA(7.0.0),R,RUS,P5,Q,NSA,XDC,Q,2021-Q1,5241113400000,0,,,,,,,,,L,,,O,OL,true,2021,,F
dataflow,IMF.STA:QNEA(7.0.0),R,RUS,P5,Q,NSA,XDC,Q,2021-Q2,7114463800000,0,,,,,,,,,L,,,O,OL,true,2021,,F
dataflow,IMF.STA:QNEA(7.0.0),R,RUS,P5,Q,NSA,XDC,Q,2021-Q3,8065697800000,0,,,,,,,,,L,,,O,OL,true,2021,,F
dataflow,IMF.STA:QNEA(7.0.0),R,RUS,P5,Q,NSA,XDC,Q,2021-Q4,10578655800000,0,,,,,,,,,L,,,O,OL,true,2021,,F
dataflow,IMF.STA:QNEA(7.0.0),R,RUS,P5,Q,NSA,XDC,Q,2022-Q1,5345088300000,0,,,,,,,,,L,,,O,OL,true,2021,,F
dataflow,IMF.STA:QNEA(7.0.0),R,RUS,P5,Q,NSA,XDC,Q,2022-Q2,6144907700000,0,,,,,,,,,L,,,O,OL,true,2021,,F
dataflow,IMF.STA:QNEA(7.0.0),R,RUS,P5,Q,NSA,XDC,Q,2022-Q3,9528297500000,0,,,,,,,,,L,,,O,OL,true,2021,,F
dataflow,IMF.STA:QNEA(7.0.0),R,RUS,P5,Q,NSA,XDC,Q,2022-Q4,11193577800000,0,,,,,,,,,L,,,O,OL,true,2021,,F
dataflow,IMF.STA:QNEA(7.0.0),R,RUS,P5,Q,NSA,XDC,Q,2023-Q1,6367012400000,0,,,,,,,,,L,,,O,OL,true,2021,,F
dataflow,IMF.STA:QNEA(7.0.0),R,RUS,P5,Q,NSA,XDC,Q,2023-Q2,7927838000000,0,,,,,,,,,L,,,O,OL,true,2021,,F
dataflow,IMF.STA:QNEA(7.0.0),R,RUS,P5,Q,NSA,XDC,Q,2023-Q3,10473249000000,0,,,,,,,,,L,,,O,OL,true,2021,,F
dataflow,IMF.STA:QNEA(7.0.0),R,RUS,P5,Q,NSA,XDC,Q,2023-Q4,13663290600000,0,,,,,,,,,L,,,O,OL,true,2021,,F
dataflow,IMF.STA:QNEA(7.0.0),R,RUS,P5,Q,NSA,XDC,Q,2024-Q1,5990890700000,0,,,,,,,,,L,,,O,OL,true,2021,,F
dataflow,IMF.STA:QNEA(7.0.0),R,RUS,P5,Q,NSA,XDC,Q,2024-Q2,7934458600000,0,,,,,,,,,L,,,O,OL,true,2021,,F
dataflow,IMF.STA:QNEA(7.0.0),R,RUS,P5,Q,NSA,XDC,Q,2024-Q3,11407441300000,0,,,,,,,,,L,,,O,OL,true,2021,,F
dataflow,IMF.STA:QNEA(7.0.0),R,RUS,P5,Q,NSA,XDC,Q,2024-Q4,14440205900000,0,,,,,,,,,L,,,O,OL,true,2021,,F
dataflow,IMF.STA:QNEA(7.0.0),R,RUS,P5,Q,NSA,XDC,Q,2025-Q1,5791416900000,0,,,,,,,,,L,,,O,OL,true,2021,,F
dataflow,IMF.STA:QNEA(7.0.0),R,RUS,P5,Q,NSA,XDC,Q,2025-Q2,7571748800000,0,,,,,,,,,L,,,O,OL,true,2021,,F
dataflow,IMF.STA:QNEA(7.0.0),R,RUS,P5,Q,NSA,XDC,Q,2025-Q3,10328989700000,0,,,,,,,,,L,,,O,OL,true,2021,,F
dataflow,IMF.STA:QNEA(7.0.0),R,RUS,P5,Q,NSA,XDC,Q,2025-Q4,14149035300000,0,,,,,,,,,L,,,O,OL,true,2021,,F
dataflow,IMF.STA:QNEA(7.0.0),R,RUS,P5,Q,NSA,XDC,Q,2026-Q1,5149694300000,0,,,,,,,,,L,,,O,OL,true,2021,,F
dataflow,IMF.STA:QNEA(7.0.0),R,RUS,P5,V,NSA,USD,Q,,,0,,,,,,,,,L,,,,OL,,,,
dataflow,IMF.STA:QNEA(7.0.0),R,RUS,P5,V,NSA,XDC,Q,1993-Q3,14157000000,0,,,,,,,,,L,,,O,OL,true,,,F
dataflow,IMF.STA:QNEA(7.0.0),R,RUS,P5,V,NSA,XDC,Q,1993-Q4,20756000000,0,,,,,,,,,L,,,O,OL,true,,,F
dataflow,IMF.STA:QNEA(7.0.0),R,RUS,P5,V,NSA,XDC,Q,1994-Q1,13520000000,0,,,,,,,,,L,,,O,OL,true,,,F
dataflow,IMF.STA:QNEA(7.0.0),R,RUS,P5,V,NSA,XDC,Q,1994-Q2,38958000000,0,,,,,,,,,L,,,O,OL,true,,,F
dataflow,IMF.STA:QNEA(7.0.0),R,RUS,P5,V,NSA,XDC,Q,1994-Q3,46484000000,0,,,,,,,,,L,,,O,OL,true,,,F
dataflow,IMF.STA:QNEA(7.0.0),R,RUS,P5,V,NSA,XDC,Q,1994-Q4,57008000000,0,,,,,,,,,L,,,O,OL,true,,,F
dataflow,IMF.STA:QNEA(7.0.0),R,RUS,P5,V,NSA,XDC,Q,1995-Q1,30856000000,0,,,,,,,,,L,,,O,OL,true,,,F
dataflow,IMF.STA:QNEA(7.0.0),R,RUS,P5,V,NSA,XDC,Q,1995-Q2,69422000000,0,,,,,,,,,L,,,O,OL,true,,,F
dataflow,IMF.STA:QNEA(7.0.0),R,RUS,P5,V,NSA,XDC,Q,1995-Q3,132175800000,0,,,,,,,,,L,,,O,OL,true,,,F
dataflow,IMF.STA:QNEA(7.0.0),R,RUS,P5,V,NSA,XDC,Q,1995-Q4,130908200000,0,,,,,,,,,L,,,O,OL,true,,,F
dataflow,IMF.STA:QNEA(7.0.0),R,RUS,P5,V,NSA,XDC,Q,1996-Q1,73419900000,0,,,,,,,,,L,,,O,OL,true,,,F
dataflow,IMF.STA:QNEA(7.0.0),R,RUS,P5,V,NSA,XDC,Q,1996-Q2,91349500000,0,,,,,,,,,L,,,O,OL,true,,,F
dataflow,IMF.STA:QNEA(7.0.0),R,RUS,P5,V,NSA,XDC,Q,1996-Q3,170550300000,0,,,,,,,,,L,,,O,OL,true,,,F
dataflow,IMF.STA:QNEA(7.0.0),R,RUS,P5,V,NSA,XDC,Q,1996-Q4,139936700000,0,,,,,,,,,L,,,O,OL,true,,,F
dataflow,IMF.STA:QNEA(7.0.0),R,RUS,P5,V,NSA,XDC,Q,1997-Q1,83357400000,0,,,,,,,,,L,,,O,OL,true,,,F
dataflow,IMF.STA:QNEA(7.0.0),R,RUS,P5,V,NSA,XDC,Q,1997-Q2,107894700000,0,,,,,,,,,L,,,O,OL,true,,,F
dataflow,IMF.STA:QNEA(7.0.0),R,RUS,P5,V,NSA,XDC,Q,1997-Q3,186020900000,0,,,,,,,,,L,,,O,OL,true,,,F
dataflow,IMF.STA:QNEA(7.0.0),R,RUS,P5,V,NSA,XDC,Q,1997-Q4,137528300000,0,,,,,,,,,L,,,O,OL,true,,,F
dataflow,IMF.STA:QNEA(7.0.0),R,RUS,P5,V,NSA,XDC,Q,1998-Q1,127213100000,0,,,,,,,,,L,,,O,OL,true,,,F
dataflow,IMF.STA:QNEA(7.0.0),R,RUS,P5,V,NSA,XDC,Q,1998-Q2,162783300000,0,,,,,,,,,L,,,O,OL,true,,,F
dataflow,IMF.STA:QNEA(7.0.0),R,RUS,P5,V,NSA,XDC,Q,1998-Q3,119701800000,0,,,,,,,,,L,,,O,OL,true,,,F
dataflow,IMF.STA:QNEA(7.0.0),R,RUS,P5,V,NSA,XDC,Q,1998-Q4,-16216000000,0,,,,,,,,,L,,,O,OL,true,,,F
dataflow,IMF.STA:QNEA(7.0.0),R,RUS,P5,V,NSA,XDC,Q,1999-Q1,69406200000,0,,,,,,,,,L,,,O,OL,true,,,F
dataflow,IMF.STA:QNEA(7.0.0),R,RUS,P5,V,NSA,XDC,Q,1999-Q2,170103000000,0,,,,,,,,,L,,,O,OL,true,,,F
dataflow,IMF.STA:QNEA(7.0.0),R,RUS,P5,V,NSA,XDC,Q,1999-Q3,313832900000,0,,,,,,,,,L,,,O,OL,true,,,F
dataflow,IMF.STA:QNEA(7.0.0),R,RUS,P5,V,NSA,XDC,Q,1999-Q4,161977400000,0,,,,,,,,,L,,,O,OL,true,,,F
dataflow,IMF.STA:QNEA(7.0.0),R,RUS,P5,V,NSA,XDC,Q,2000-Q1,177033600000,0,,,,,,,,,L,,,O,OL,true,,,F
dataflow,IMF.STA:QNEA(7.0.0),R,RUS,P5,V,NSA,XDC,Q,2000-Q2,283177600000,0,,,,,,,,,L,,,O,OL,true,,,F
dataflow,IMF.STA:QNEA(7.0.0),R,RUS,P5,V,NSA,XDC,Q,2000-Q3,470044300000,0,,,,,,,,,L,,,O,OL,true,,,F
dataflow,IMF.STA:QNEA(7.0.0),R,RUS,P5,V,NSA,XDC,Q,2000-Q4,435478300000,0,,,,,,,,,L,,,O,OL,true,,,F
dataflow,IMF.STA:QNEA(7.0.0),R,RUS,P5,V,NSA,XDC,Q,2001-Q1,253659100000,0,,,,,,,,,L,,,O,OL,true,,,F
dataflow,IMF.STA:QNEA(7.0.0),R,RUS,P5,V,NSA,XDC,Q,2001-Q2,409668200000,0,,,,,,,,,L,,,O,OL,true,,,F
dataflow,IMF.STA:QNEA(7.0.0),R,RUS,P5,V,NSA,XDC,Q,2001-Q3,682752400000,0,,,,,,,,,L,,,O,OL,true,,,F
dataflow,IMF.STA:QNEA(7.0.0),R,RUS,P5,V,NSA,XDC,Q,2001-Q4,617030700000,0,,,,,,,,,L,,,O,OL,true,,,F
dataflow,IMF.STA:QNEA(7.0.0),R,RUS,P5,V,NSA,XDC,Q,2002-Q1,333518800000,0,,,,,,,,,L,,,O,OL,true,,,F
dataflow,IMF.STA:QNEA(7.0.0),R,RUS,P5,V,NSA,XDC,Q,2002-Q2,456369500000,0,,,,,,,,,L,,,O,OL,true,,,F
dataflow,IMF.STA:QNEA(7.0.0),R,RUS,P5,V,NSA,XDC,Q,2002-Q3,745478800000,0,,,,,,,,,L,,,O,OL,true,,,F
dataflow,IMF.STA:QNEA(7.0.0),R,RUS,P5,V,NSA,XDC,Q,2002-Q4,635087600000,0,,,,,,,,,L,,,O,OL,true,,,F
dataflow,IMF.STA:QNEA(7.0.0),R,RUS,P5,V,NSA,XDC,Q,2003-Q1,382456100000,0,,,,,,,,,L,,,O,OL,true,,,F
dataflow,IMF.STA:QNEA(7.0.0),R,RUS,P5,V,NSA,XDC,Q,2003-Q2,580371100000,0,,,,,,,,,L,,,O,OL,true,,,F
dataflow,IMF.STA:QNEA(7.0.0),R,RUS,P5,V,NSA,XDC,Q,2003-Q3,985209300000,0,,,,,,,,,L,,,O,OL,true,,,F
dataflow,IMF.STA:QNEA(7.0.0),R,RUS,P5,V,NSA,XDC,Q,2003-Q4,807012000000,0,,,,,,,,,L,,,O,OL,true,,,F
dataflow,IMF.STA:QNEA(7.0.0),R,RUS,P5,V,NSA,XDC,Q,2004-Q1,492967200000,0,,,,,,,,,L,,,O,OL,true,,,F
dataflow,IMF.STA:QNEA(7.0.0),R,RUS,P5,V,NSA,XDC,Q,2004-Q2,760208500000,0,,,,,,,,,L,,,O,OL,true,,,F
dataflow,IMF.STA:QNEA(7.0.0),R,RUS,P5,V,NSA,XDC,Q,2004-Q3,1206583300000,0,,,,,,,,,L,,,O,OL,true,,,F
dataflow,IMF.STA:QNEA(7.0.0),R,RUS,P5,V,NSA,XDC,Q,2004-Q4,1099192400000,0,,,,,,,,,L,,,O,OL,true,,,F
dataflow,IMF.STA:QNEA(7.0.0),R,RUS,P5,V,NSA,XDC,Q,2005-Q1,677635700000,0,,,,,,,,,L,,,O,OL,true,,,F
dataflow,IMF.STA:QNEA(7.0.0),R,RUS,P5,V,NSA,XDC,Q,2005-Q2,876360200000,0,,,,,,,,,L,,,O,OL,true,,,F
dataflow,IMF.STA:QNEA(7.0.0),R,RUS,P5,V,NSA,XDC,Q,2005-Q3,1470587800000,0,,,,,,,,,L,,,O,OL,true,,,F
dataflow,IMF.STA:QNEA(7.0.0),R,RUS,P5,V,NSA,XDC,Q,2005-Q4,1314146800000,0,,,,,,,,,L,,,O,OL,true,,,F
dataflow,IMF.STA:QNEA(7.0.0),R,RUS,P5,V,NSA,XDC,Q,2006-Q1,849246200000,0,,,,,,,,,L,,,O,OL,true,,,F
dataflow,IMF.STA:QNEA(7.0.0),R,RUS,P5,V,NSA,XDC,Q,2006-Q2,1157986300000,0,,,,,,,,,L,,,O,OL,true,,,F
dataflow,IMF.STA:QNEA(7.0.0),R,RUS,P5,V,NSA,XDC,Q,2006-Q3,1863750500000,0,,,,,,,,,L,,,O,OL,true,,,F
dataflow,IMF.STA:QNEA(7.0.0),R,RUS,P5,V,NSA,XDC,Q,2006-Q4,1827744300000,0,,,,,,,,,L,,,O,OL,true,,,F
dataflow,IMF.STA:QNEA(7.0.0),R,RUS,P5,V,NSA,XDC,Q,2007-Q1,1216384500000,0,,,,,,,,,L,,,O,OL,true,,,F
dataflow,IMF.STA:QNEA(7.0.0),R,RUS,P5,V,NSA,XDC,Q,2007-Q2,1744520300000,0,,,,,,,,,L,,,O,OL,true,,,F
dataflow,IMF.STA:QNEA(7.0.0),R,RUS,P5,V,NSA,XDC,Q,2007-Q3,2494971300000,0,,,,,,,,,L,,,O,OL,true,,,F
dataflow,IMF.STA:QNEA(7.0.0),R,RUS,P5,V,NSA,XDC,Q,2007-Q4,2578222100000,0,,,,,,,,,L,,,O,OL,true,,,F
dataflow,IMF.STA:QNEA(7.0.0),R,RUS,P5,V,NSA,XDC,Q,2008-Q1,1727290000000,0,,,,,,,,,L,,,O,OL,true,,,F
dataflow,IMF.STA:QNEA(7.0.0),R,RUS,P5,V,NSA,XDC,Q,2008-Q2,2598474200000,0,,,,,,,,,L,,,O,OL,true,,,F
dataflow,IMF.STA:QNEA(7.0.0),R,RUS,P5,V,NSA,XDC,Q,2008-Q3,3480113900000,0,,,,,,,,,L,,,O,OL,true,,,F
dataflow,IMF.STA:QNEA(7.0.0),R,RUS,P5,V,NSA,XDC,Q,2008-Q4,2720238000000,0,,,,,,,,,L,,,O,OL,true,,,F
dataflow,IMF.STA:QNEA(7.0.0),R,RUS,P5,V,NSA,XDC,Q,2009-Q1,1028394400000,0,,,,,,,,,L,,,O,OL,true,,,F
dataflow,IMF.STA:QNEA(7.0.0),R,RUS,P5,V,NSA,XDC,Q,2009-Q2,1597828200000,0,,,,,,,,,L,,,O,OL,true,,,F
dataflow,IMF.STA:QNEA(7.0.0),R,RUS,P5,V,NSA,XDC,Q,2009-Q3,2376723500000,0,,,,,,,,,L,,,O,OL,true,,,F
dataflow,IMF.STA:QNEA(7.0.0),R,RUS,P5,V,NSA,XDC,Q,2009-Q4,2341810400000,0,,,,,,,,,L,,,O,OL,true,,,F
dataflow,IMF.STA:QNEA(7.0.0),R,RUS,P5,V,NSA,XDC,Q,2010-Q1,1281793400000,0,,,,,,,,,L,,,O,OL,true,,,F
dataflow,IMF.STA:QNEA(7.0.0),R,RUS,P5,V,NSA,XDC,Q,2010-Q2,2291869100000,0,,,,,,,,,L,,,O,OL,true,,,F
dataflow,IMF.STA:QNEA(7.0.0),R,RUS,P5,V,NSA,XDC,Q,2010-Q3,3306203700000,0,,,,,,,,,L,,,O,OL,true,,,F
dataflow,IMF.STA:QNEA(7.0.0),R,RUS,P5,V,NSA,XDC,Q,2010-Q4,3592763800000,0,,,,,,,,,L,,,O,OL,true,,,F
dataflow,IMF.STA:QNEA(7.0.0),R,RUS,P5,V,NSA,XDC,Q,2011-Q1,2412025400000,0,,,,,,,,,L,,,O,OL,true,,,F
dataflow,IMF.STA:QNEA(7.0.0),R,RUS,P5,V,NSA,XDC,Q,2011-Q2,3260768900000,0,,,,,,,,,L,,,O,OL,true,,,F
dataflow,IMF.STA:QNEA(7.0.0),R,RUS,P5,V,NSA,XDC,Q,2011-Q3,4345774800000,0,,,,,,,,,L,,,O,OL,true,,,F
dataflow,IMF.STA:QNEA(7.0.0),R,RUS,P5,V,NSA,XDC,Q,2011-Q4,4565498400000,0,,,,,,,,,L,,,O,OL,true,,,F
dataflow,IMF.STA:QNEA(7.0.0),R,RUS,P5,V,NSA,XDC,Q,2012-Q1,2929257000000,0,,,,,,,,,L,,,O,OL,true,,,F
dataflow,IMF.STA:QNEA(7.0.0),R,RUS,P5,V,NSA,XDC,Q,2012-Q2,3856610700000,0,,,,,,,,,L,,,O,OL,true,,,F
dataflow,IMF.STA:QNEA(7.0.0),R,RUS,P5,V,NSA,XDC,Q,2012-Q3,4903055800000,0,,,,,,,,,L,,,O,OL,true,,,F
dataflow,IMF.STA:QNEA(7.0.0),R,RUS,P5,V,NSA,XDC,Q,2012-Q4,5032975100000,0,,,,,,,,,L,,,O,OL,true,,,F
dataflow,IMF.STA:QNEA(7.0.0),R,RUS,P5,V,NSA,XDC,Q,2013-Q1,3217633100000,0,,,,,,,,,L,,,O,OL,true,,,F
dataflow,IMF.STA:QNEA(7.0.0),R,RUS,P5,V,NSA,XDC,Q,2013-Q2,3915306000000,0,,,,,,,,,L,,,O,OL,true,,,F
dataflow,IMF.STA:QNEA(7.0.0),R,RUS,P5,V,NSA,XDC,Q,2013-Q3,4919965400000,0,,,,,,,,,L,,,O,OL,true,,,F
dataflow,IMF.STA:QNEA(7.0.0),R,RUS,P5,V,NSA,XDC,Q,2013-Q4,4932121400000,0,,,,,,,,,L,,,O,OL,true,,,F
dataflow,IMF.STA:QNEA(7.0.0),R,RUS,P5,V,NSA,XDC,Q,2014-Q1,3043426500000,0,,,,,,,,,L,,,O,OL,true,,,F
dataflow,IMF.STA:QNEA(7.0.0),R,RUS,P5,V,NSA,XDC,Q,2014-Q2,4122171600000,0,,,,,,,,,L,,,O,OL,true,,,F
dataflow,IMF.STA:QNEA(7.0.0),R,RUS,P5,V,NSA,XDC,Q,2014-Q3,5148857000000,0,,,,,,,,,L,,,O,OL,true,,,F
dataflow,IMF.STA:QNEA(7.0.0),R,RUS,P5,V,NSA,XDC,Q,2014-Q4,5381030200000,0,,,,,,,,,L,,,O,OL,true,,,F
dataflow,IMF.STA:QNEA(7.0.0),R,RUS,P5,V,NSA,XDC,Q,2015-Q1,2526737000000,0,,,,,,,,,L,,,O,OL,true,,,F
dataflow,IMF.STA:QNEA(7.0.0),R,RUS,P5,V,NSA,XDC,Q,2015-Q2,3768320700000,0,,,,,,,,,L,,,O,OL,true,,,F
dataflow,IMF.STA:QNEA(7.0.0),R,RUS,P5,V,NSA,XDC,Q,2015-Q3,5930239500000,0,,,,,,,,,L,,,O,OL,true,,,F
dataflow,IMF.STA:QNEA(7.0.0),R,RUS,P5,V,NSA,XDC,Q,2015-Q4,6177476200000,0,,,,,,,,,L,,,O,OL,true,,,F
dataflow,IMF.STA:QNEA(7.0.0),R,RUS,P5,V,NSA,XDC,Q,2016-Q1,2869018000000,0,,,,,,,,,L,,,O,OL,true,,,F
dataflow,IMF.STA:QNEA(7.0.0),R,RUS,P5,V,NSA,XDC,Q,2016-Q2,4181553600000,0,,,,,,,,,L,,,O,OL,true,,,F
dataflow,IMF.STA:QNEA(7.0.0),R,RUS,P5,V,NSA,XDC,Q,2016-Q3,6084333700000,0,,,,,,,,,L,,,O,OL,true,,,F
dataflow,IMF.STA:QNEA(7.0.0),R,RUS,P5,V,NSA,XDC,Q,2016-Q4,6638494500000,0,,,,,,,,,L,,,O,OL,true,,,F
dataflow,IMF.STA:QNEA(7.0.0),R,RUS,P5,V,NSA,XDC,Q,2017-Q1,3222677900000,0,,,,,,,,,L,,,O,OL,true,,,F
dataflow,IMF.STA:QNEA(7.0.0),R,RUS,P5,V,NSA,XDC,Q,2017-Q2,5072162900000,0,,,,,,,,,L,,,O,OL,true,,,F
dataflow,IMF.STA:QNEA(7.0.0),R,RUS,P5,V,NSA,XDC,Q,2017-Q3,6354841000000,0,,,,,,,,,L,,,O,OL,true,,,F
dataflow,IMF.STA:QNEA(7.0.0),R,RUS,P5,V,NSA,XDC,Q,2017-Q4,7031498700000,0,,,,,,,,,L,,,O,OL,true,,,F
dataflow,IMF.STA:QNEA(7.0.0),R,RUS,P5,V,NSA,XDC,Q,2018-Q1,3418162200000,0,,,,,,,,,L,,,O,OL,true,,,F
dataflow,IMF.STA:QNEA(7.0.0),R,RUS,P5,V,NSA,XDC,Q,2018-Q2,5828190000000,0,,,,,,,,,L,,,O,OL,true,,,F
dataflow,IMF.STA:QNEA(7.0.0),R,RUS,P5,V,NSA,XDC,Q,2018-Q3,6667676900000,0,,,,,,,,,L,,,O,OL,true,,,F
dataflow,IMF.STA:QNEA(7.0.0),R,RUS,P5,V,NSA,XDC,Q,2018-Q4,6850450100000,0,,,,,,,,,L,,,O,OL,true,,,F
dataflow,IMF.STA:QNEA(7.0.0),R,RUS,P5,V,NSA,XDC,Q,2019-Q1,3531440300000,0,,,,,,,,,L,,,O,OL,true,,,F
dataflow,IMF.STA:QNEA(7.0.0),R,RUS,P5,V,NSA,XDC,Q,2019-Q2,5827950900000,0,,,,,,,,,L,,,O,OL,true,,,F
dataflow,IMF.STA:QNEA(7.0.0),R,RUS,P5,V,NSA,XDC,Q,2019-Q3,7617701800000,0,,,,,,,,,L,,,O,OL,true,,,F
dataflow,IMF.STA:QNEA(7.0.0),R,RUS,P5,V,NSA,XDC,Q,2019-Q4,7861761000000,0,,,,,,,,,L,,,O,OL,true,,,F
dataflow,IMF.STA:QNEA(7.0.0),R,RUS,P5,V,NSA,XDC,Q,2020-Q1,3632447700000,0,,,,,,,,,L,,,O,OL,true,,,F
dataflow,IMF.STA:QNEA(7.0.0),R,RUS,P5,V,NSA,XDC,Q,2020-Q2,5897534100000,0,,,,,,,,,L,,,O,OL,true,,,F
dataflow,IMF.STA:QNEA(7.0.0),R,RUS,P5,V,NSA,XDC,Q,2020-Q3,6880156100000,0,,,,,,,,,L,,,O,OL,true,,,F
dataflow,IMF.STA:QNEA(7.0.0),R,RUS,P5,V,NSA,XDC,Q,2020-Q4,8841931200000,0,,,,,,,,,L,,,O,OL,true,,,F
dataflow,IMF.STA:QNEA(7.0.0),R,RUS,P5,V,NSA,XDC,Q,2021-Q1,4988744900000,0,,,,,,,,,L,,,O,OL,true,,,F
dataflow,IMF.STA:QNEA(7.0.0),R,RUS,P5,V,NSA,XDC,Q,2021-Q2,6973885200000,0,,,,,,,,,L,,,O,OL,true,,,F
dataflow,IMF.STA:QNEA(7.0.0),R,RUS,P5,V,NSA,XDC,Q,2021-Q3,8190830800000,0,,,,,,,,,L,,,O,OL,true,,,F
dataflow,IMF.STA:QNEA(7.0.0),R,RUS,P5,V,NSA,XDC,Q,2021-Q4,10846469900000,0,,,,,,,,,L,,,O,OL,true,,,F
dataflow,IMF.STA:QNEA(7.0.0),R,RUS,P5,V,NSA,XDC,Q,2022-Q1,6213217200000,0,,,,,,,,,L,,,O,OL,true,,,F
dataflow,IMF.STA:QNEA(7.0.0),R,RUS,P5,V,NSA,XDC,Q,2022-Q2,7259972000000,0,,,,,,,,,L,,,O,OL,true,,,F
dataflow,IMF.STA:QNEA(7.0.0),R,RUS,P5,V,NSA,XDC,Q,2022-Q3,9907962000000,0,,,,,,,,,L,,,O,OL,true,,,F
dataflow,IMF.STA:QNEA(7.0.0),R,RUS,P5,V,NSA,XDC,Q,2022-Q4,13001139600000,0,,,,,,,,,L,,,O,OL,true,,,F
dataflow,IMF.STA:QNEA(7.0.0),R,RUS,P5,V,NSA,XDC,Q,2023-Q1,7230244500000,0,,,,,,,,,L,,,O,OL,true,,,F
dataflow,IMF.STA:QNEA(7.0.0),R,RUS,P5,V,NSA,XDC,Q,2023-Q2,10250350000000,0,,,,,,,,,L,,,O,OL,true,,,F
dataflow,IMF.STA:QNEA(7.0.0),R,RUS,P5,V,NSA,XDC,Q,2023-Q3,12661773500000,0,,,,,,,,,L,,,O,OL,true,,,F
dataflow,IMF.STA:QNEA(7.0.0),R,RUS,P5,V,NSA,XDC,Q,2023-Q4,17437605800000,0,,,,,,,,,L,,,O,OL,true,,,F
dataflow,IMF.STA:QNEA(7.0.0),R,RUS,P5,V,NSA,XDC,Q,2024-Q1,8817563200000,0,,,,,,,,,L,,,O,OL,true,,,F
dataflow,IMF.STA:QNEA(7.0.0),R,RUS,P5,V,NSA,XDC,Q,2024-Q2,11341114100000,0,,,,,,,,,L,,,O,OL,true,,,F
dataflow,IMF.STA:QNEA(7.0.0),R,RUS,P5,V,NSA,XDC,Q,2024-Q3,13890445000000,0,,,,,,,,,L,,,O,OL,true,,,F
dataflow,IMF.STA:QNEA(7.0.0),R,RUS,P5,V,NSA,XDC,Q,2024-Q4,19524479000000,0,,,,,,,,,L,,,O,OL,true,,,F
dataflow,IMF.STA:QNEA(7.0.0),R,RUS,P5,V,NSA,XDC,Q,2025-Q1,10269121300000,0,,,,,,,,,L,,,O,OL,true,,,F
dataflow,IMF.STA:QNEA(7.0.0),R,RUS,P5,V,NSA,XDC,Q,2025-Q2,12633505200000,0,,,,,,,,,L,,,O,OL,true,,,F
dataflow,IMF.STA:QNEA(7.0.0),R,RUS,P5,V,NSA,XDC,Q,2025-Q3,13148280800000,0,,,,,,,,,L,,,O,OL,true,,,F
dataflow,IMF.STA:QNEA(7.0.0),R,RUS,P5,V,NSA,XDC,Q,2025-Q4,19424822900000,0,,,,,,,,,L,,,O,OL,true,,,F
dataflow,IMF.STA:QNEA(7.0.0),R,RUS,P5,V,NSA,XDC,Q,2026-Q1,9840233800000,0,,,,,,,,,L,,,O,OL,true,,,F
dataflow,IMF.STA:QNEA(7.0.0),R,RUS,P51G,Q,NSA,USD,Q,,,0,,,,,,,,,L,,,,OL,,2021,,
dataflow,IMF.STA:QNEA(7.0.0),R,RUS,P51G,Q,NSA,XDC,Q,2011-Q1,2600048500000,0,,,,,,,,,L,,,O,OL,true,2021,,F
dataflow,IMF.STA:QNEA(7.0.0),R,RUS,P51G,Q,NSA,XDC,Q,2011-Q2,3971173200000,0,,,,,,,,,L,,,O,OL,true,2021,,F
dataflow,IMF.STA:QNEA(7.0.0),R,RUS,P51G,Q,NSA,XDC,Q,2011-Q3,4804141600000,0,,,,,,,,,L,,,O,OL,true,2021,,F
dataflow,IMF.STA:QNEA(7.0.0),R,RUS,P51G,Q,NSA,XDC,Q,2011-Q4,7557647100000,0,,,,,,,,,L,,,O,OL,true,2021,,F
dataflow,IMF.STA:QNEA(7.0.0),R,RUS,P51G,Q,NSA,XDC,Q,2012-Q1,2977050800000,0,,,,,,,,,L,,,O,OL,true,2021,,F
dataflow,IMF.STA:QNEA(7.0.0),R,RUS,P51G,Q,NSA,XDC,Q,2012-Q2,4328973500000,0,,,,,,,,,L,,,O,OL,true,2021,,F
dataflow,IMF.STA:QNEA(7.0.0),R,RUS,P51G,Q,NSA,XDC,Q,2012-Q3,5162734600000,0,,,,,,,,,L,,,O,OL,true,2021,,F
dataflow,IMF.STA:QNEA(7.0.0),R,RUS,P51G,Q,NSA,XDC,Q,2012-Q4,7798244400000,0,,,,,,,,,L,,,O,OL,true,2021,,F
dataflow,IMF.STA:QNEA(7.0.0),R,RUS,P51G,Q,NSA,XDC,Q,2013-Q1,3133499700000,0,,,,,,,,,L,,,O,OL,true,2021,,F
dataflow,IMF.STA:QNEA(7.0.0),R,RUS,P51G,Q,NSA,XDC,Q,2013-Q2,4486749600000,0,,,,,,,,,L,,,O,OL,true,2021,,F
dataflow,IMF.STA:QNEA(7.0.0),R,RUS,P51G,Q,NSA,XDC,Q,2013-Q3,5165117500000,0,,,,,,,,,L,,,O,OL,true,2021,,F
dataflow,IMF.STA:QNEA(7.0.0),R,RUS,P51G,Q,NSA,XDC,Q,2013-Q4,7862001300000,0,,,,,,,,,L,,,O,OL,true,2021,,F
dataflow,IMF.STA:QNEA(7.0.0),R,RUS,P51G,Q,NSA,XDC,Q,2014-Q1,3877908300000,0,,,,,,,,,L,,,O,OL,true,2021,,F
dataflow,IMF.STA:QNEA(7.0.0),R,RUS,P51G,Q,NSA,XDC,Q,2014-Q2,5426336200000,0,,,,,,,,,L,,,O,OL,true,2021,,F
dataflow,IMF.STA:QNEA(7.0.0),R,RUS,P51G,Q,NSA,XDC,Q,2014-Q3,6403115800000,0,,,,,,,,,L,,,O,OL,true,2021,,F
dataflow,IMF.STA:QNEA(7.0.0),R,RUS,P51G,Q,NSA,XDC,Q,2014-Q4,10069537000000,0,,,,,,,,,L,,,O,OL,true,2021,,F
dataflow,IMF.STA:QNEA(7.0.0),R,RUS,P51G,Q,NSA,XDC,Q,2015-Q1,3710219700000,0,,,,,,,,,L,,,O,OL,true,2021,,F
dataflow,IMF.STA:QNEA(7.0.0),R,RUS,P51G,Q,NSA,XDC,Q,2015-Q2,4831691500000,0,,,,,,,,,L,,,O,OL,true,2021,,F
dataflow,IMF.STA:QNEA(7.0.0),R,RUS,P51G,Q,NSA,XDC,Q,2015-Q3,5531352500000,0,,,,,,,,,L,,,O,OL,true,2021,,F
dataflow,IMF.STA:QNEA(7.0.0),R,RUS,P51G,Q,NSA,XDC,Q,2015-Q4,8964889900000,0,,,,,,,,,L,,,O,OL,true,2021,,F
dataflow,IMF.STA:QNEA(7.0.0),R,RUS,P51G,Q,NSA,XDC,Q,2016-Q1,3345333700000,0,,,,,,,,,L,,,O,OL,true,2021,,F
dataflow,IMF.STA:QNEA(7.0.0),R,RUS,P51G,Q,NSA,XDC,Q,2016-Q2,4775512700000,0,,,,,,,,,L,,,O,OL,true,2021,,F
dataflow,IMF.STA:QNEA(7.0.0),R,RUS,P51G,Q,NSA,XDC,Q,2016-Q3,5623894500000,0,,,,,,,,,L,,,O,OL,true,2021,,F
dataflow,IMF.STA:QNEA(7.0.0),R,RUS,P51G,Q,NSA,XDC,Q,2016-Q4,9583345300000,0,,,,,,,,,L,,,O,OL,true,2021,,F
dataflow,IMF.STA:QNEA(7.0.0),R,RUS,P51G,Q,NSA,XDC,Q,2017-Q1,3704459700000,0,,,,,,,,,L,,,O,OL,true,2021,,F
dataflow,IMF.STA:QNEA(7.0.0),R,RUS,P51G,Q,NSA,XDC,Q,2017-Q2,5223670900000,0,,,,,,,,,L,,,O,OL,true,2021,,F
dataflow,IMF.STA:QNEA(7.0.0),R,RUS,P51G,Q,NSA,XDC,Q,2017-Q3,5889587400000,0,,,,,,,,,L,,,O,OL,true,2021,,F
dataflow,IMF.STA:QNEA(7.0.0),R,RUS,P51G,Q,NSA,XDC,Q,2017-Q4,9596655000000,0,,,,,,,,,L,,,O,OL,true,2021,,F
dataflow,IMF.STA:QNEA(7.0.0),R,RUS,P51G,Q,NSA,XDC,Q,2018-Q1,3917292500000,0,,,,,,,,,L,,,O,OL,true,2021,,F
dataflow,IMF.STA:QNEA(7.0.0),R,RUS,P51G,Q,NSA,XDC,Q,2018-Q2,5132871500000,0,,,,,,,,,L,,,O,OL,true,2021,,F
dataflow,IMF.STA:QNEA(7.0.0),R,RUS,P51G,Q,NSA,XDC,Q,2018-Q3,6369382900000,0,,,,,,,,,L,,,O,OL,true,2021,,F
dataflow,IMF.STA:QNEA(7.0.0),R,RUS,P51G,Q,NSA,XDC,Q,2018-Q4,9145082300000,0,,,,,,,,,L,,,O,OL,true,2021,,F
dataflow,IMF.STA:QNEA(7.0.0),R,RUS,P51G,Q,NSA,XDC,Q,2019-Q1,3889795300000,0,,,,,,,,,L,,,O,OL,true,2021,,F
dataflow,IMF.STA:QNEA(7.0.0),R,RUS,P51G,Q,NSA,XDC,Q,2019-Q2,5340937100000,0,,,,,,,,,L,,,O,OL,true,2021,,F
dataflow,IMF.STA:QNEA(7.0.0),R,RUS,P51G,Q,NSA,XDC,Q,2019-Q3,6257323300000,0,,,,,,,,,L,,,O,OL,true,2021,,F
dataflow,IMF.STA:QNEA(7.0.0),R,RUS,P51G,Q,NSA,XDC,Q,2019-Q4,9313992500000,0,,,,,,,,,L,,,O,OL,true,2021,,F
dataflow,IMF.STA:QNEA(7.0.0),R,RUS,P51G,Q,NSA,XDC,Q,2020-Q1,3805766600000,0,,,,,,,,,L,,,O,OL,true,2021,,F
dataflow,IMF.STA:QNEA(7.0.0),R,RUS,P51G,Q,NSA,XDC,Q,2020-Q2,4906853600000,0,,,,,,,,,L,,,O,OL,true,2021,,F
dataflow,IMF.STA:QNEA(7.0.0),R,RUS,P51G,Q,NSA,XDC,Q,2020-Q3,5778960000000,0,,,,,,,,,L,,,O,OL,true,2021,,F
dataflow,IMF.STA:QNEA(7.0.0),R,RUS,P51G,Q,NSA,XDC,Q,2020-Q4,9311774400000,0,,,,,,,,,L,,,O,OL,true,2021,,F
dataflow,IMF.STA:QNEA(7.0.0),R,RUS,P51G,Q,NSA,XDC,Q,2021-Q1,3995859300000,0,,,,,,,,,L,,,O,OL,true,2021,,F
dataflow,IMF.STA:QNEA(7.0.0),R,RUS,P51G,Q,NSA,XDC,Q,2021-Q2,5550438600000,0,,,,,,,,,L,,,O,OL,true,2021,,F
dataflow,IMF.STA:QNEA(7.0.0),R,RUS,P51G,Q,NSA,XDC,Q,2021-Q3,6345210100000,0,,,,,,,,,L,,,O,OL,true,2021,,F
dataflow,IMF.STA:QNEA(7.0.0),R,RUS,P51G,Q,NSA,XDC,Q,2021-Q4,10131503700000,0,,,,,,,,,L,,,O,OL,true,2021,,F
dataflow,IMF.STA:QNEA(7.0.0),R,RUS,P51G,Q,NSA,XDC,Q,2022-Q1,4489841900000,0,,,,,,,,,L,,,O,OL,true,2021,,F
dataflow,IMF.STA:QNEA(7.0.0),R,RUS,P51G,Q,NSA,XDC,Q,2022-Q2,5890566700000,0,,,,,,,,,L,,,O,OL,true,2021,,F
dataflow,IMF.STA:QNEA(7.0.0),R,RUS,P51G,Q,NSA,XDC,Q,2022-Q3,6891589200000,0,,,,,,,,,L,,,O,OL,true,2021,,F
dataflow,IMF.STA:QNEA(7.0.0),R,RUS,P51G,Q,NSA,XDC,Q,2022-Q4,10489918300000,0,,,,,,,,,L,,,O,OL,true,2021,,F
dataflow,IMF.STA:QNEA(7.0.0),R,RUS,P51G,Q,NSA,XDC,Q,2023-Q1,4911745900000,0,,,,,,,,,L,,,O,OL,true,2021,,F
dataflow,IMF.STA:QNEA(7.0.0),R,RUS,P51G,Q,NSA,XDC,Q,2023-Q2,6848217000000,0,,,,,,,,,L,,,O,OL,true,2021,,F
dataflow,IMF.STA:QNEA(7.0.0),R,RUS,P51G,Q,NSA,XDC,Q,2023-Q3,7517771700000,0,,,,,,,,,L,,,O,OL,true,2021,,F
dataflow,IMF.STA:QNEA(7.0.0),R,RUS,P51G,Q,NSA,XDC,Q,2023-Q4,11535323100000,0,,,,,,,,,L,,,O,OL,true,2021,,F
dataflow,IMF.STA:QNEA(7.0.0),R,RUS,P51G,Q,NSA,XDC,Q,2024-Q1,5613327900000,0,,,,,,,,,L,,,O,OL,true,2021,,F
dataflow,IMF.STA:QNEA(7.0.0),R,RUS,P51G,Q,NSA,XDC,Q,2024-Q2,7319277500000,0,,,,,,,,,L,,,O,OL,true,2021,,F
dataflow,IMF.STA:QNEA(7.0.0),R,RUS,P51G,Q,NSA,XDC,Q,2024-Q3,8175196000000,0,,,,,,,,,L,,,O,OL,true,2021,,F
dataflow,IMF.STA:QNEA(7.0.0),R,RUS,P51G,Q,NSA,XDC,Q,2024-Q4,12347169600000,0,,,,,,,,,L,,,O,OL,true,2021,,F
dataflow,IMF.STA:QNEA(7.0.0),R,RUS,P51G,Q,NSA,XDC,Q,2025-Q1,6007812700000,0,,,,,,,,,L,,,O,OL,true,2021,,F
dataflow,IMF.STA:QNEA(7.0.0),R,RUS,P51G,Q,NSA,XDC,Q,2025-Q2,7365112500000,0,,,,,,,,,L,,,O,OL,true,2021,,F
dataflow,IMF.STA:QNEA(7.0.0),R,RUS,P51G,Q,NSA,XDC,Q,2025-Q3,8132148800000,0,,,,,,,,,L,,,O,OL,true,2021,,F
dataflow,IMF.STA:QNEA(7.0.0),R,RUS,P51G,Q,NSA,XDC,Q,2025-Q4,11827222600000,0,,,,,,,,,L,,,O,OL,true,2021,,F
dataflow,IMF.STA:QNEA(7.0.0),R,RUS,P51G,Q,NSA,XDC,Q,2026-Q1,5256888800000,0,,,,,,,,,L,,,O,OL,true,2021,,F
dataflow,IMF.STA:QNEA(7.0.0),R,RUS,P51G,V,NSA,USD,Q,,,0,,,,,,,,,L,,,,OL,,,,
dataflow,IMF.STA:QNEA(7.0.0),R,RUS,P51G,V,NSA,XDC,Q,1993-Q3,8711000000,0,,,,,,,,,L,,,O,OL,true,,,F
dataflow,IMF.STA:QNEA(7.0.0),R,RUS,P51G,V,NSA,XDC,Q,1993-Q4,18729000000,0,,,,,,,,,L,,,O,OL,true,,,F
dataflow,IMF.STA:QNEA(7.0.0),R,RUS,P51G,V,NSA,XDC,Q,1994-Q1,15589000000,0,,,,,,,,,L,,,O,OL,true,,,F
dataflow,IMF.STA:QNEA(7.0.0),R,RUS,P51G,V,NSA,XDC,Q,1994-Q2,27360000000,0,,,,,,,,,L,,,O,OL,true,,,F
dataflow,IMF.STA:QNEA(7.0.0),R,RUS,P51G,V,NSA,XDC,Q,1994-Q3,32941000000,0,,,,,,,,,L,,,O,OL,true,,,F
dataflow,IMF.STA:QNEA(7.0.0),R,RUS,P51G,V,NSA,XDC,Q,1994-Q4,57318000000,0,,,,,,,,,L,,,O,OL,true,,,F
dataflow,IMF.STA:QNEA(7.0.0),R,RUS,P51G,V,NSA,XDC,Q,1995-Q1,29991000000,0,,,,,,,,,L,,,O,OL,true,,,F
dataflow,IMF.STA:QNEA(7.0.0),R,RUS,P51G,V,NSA,XDC,Q,1995-Q2,61763300000,0,,,,,,,,,L,,,O,OL,true,,,F
dataflow,IMF.STA:QNEA(7.0.0),R,RUS,P51G,V,NSA,XDC,Q,1995-Q3,75795000000,0,,,,,,,,,L,,,O,OL,true,,,F
dataflow,IMF.STA:QNEA(7.0.0),R,RUS,P51G,V,NSA,XDC,Q,1995-Q4,133568100000,0,,,,,,,,,L,,,O,OL,true,,,F
dataflow,IMF.STA:QNEA(7.0.0),R,RUS,P51G,V,NSA,XDC,Q,1996-Q1,63419400000,0,,,,,,,,,L,,,O,OL,true,,,F
dataflow,IMF.STA:QNEA(7.0.0),R,RUS,P51G,V,NSA,XDC,Q,1996-Q2,78860400000,0,,,,,,,,,L,,,O,OL,true,,,F
dataflow,IMF.STA:QNEA(7.0.0),R,RUS,P51G,V,NSA,XDC,Q,1996-Q3,97561700000,0,,,,,,,,,L,,,O,OL,true,,,F
dataflow,IMF.STA:QNEA(7.0.0),R,RUS,P51G,V,NSA,XDC,Q,1996-Q4,161772400000,0,,,,,,,,,L,,,O,OL,true,,,F
dataflow,IMF.STA:QNEA(7.0.0),R,RUS,P51G,V,NSA,XDC,Q,1997-Q1,77094600000,0,,,,,,,,,L,,,O,OL,true,,,F
dataflow,IMF.STA:QNEA(7.0.0),R,RUS,P51G,V,NSA,XDC,Q,1997-Q2,90156000000,0,,,,,,,,,L,,,O,OL,true,,,F
dataflow,IMF.STA:QNEA(7.0.0),R,RUS,P51G,V,NSA,XDC,Q,1997-Q3,116012500000,0,,,,,,,,,L,,,O,OL,true,,,F
dataflow,IMF.STA:QNEA(7.0.0),R,RUS,P51G,V,NSA,XDC,Q,1997-Q4,145259000000,0,,,,,,,,,L,,,O,OL,true,,,F
dataflow,IMF.STA:QNEA(7.0.0),R,RUS,P51G,V,NSA,XDC,Q,1998-Q1,73629000000,0,,,,,,,,,L,,,O,OL,true,,,F
dataflow,IMF.STA:QNEA(7.0.0),R,RUS,P51G,V,NSA,XDC,Q,1998-Q2,89992800000,0,,,,,,,,,L,,,O,OL,true,,,F
dataflow,IMF.STA:QNEA(7.0.0),R,RUS,P51G,V,NSA,XDC,Q,1998-Q3,115179500000,0,,,,,,,,,L,,,O,OL,true,,,F
dataflow,IMF.STA:QNEA(7.0.0),R,RUS,P51G,V,NSA,XDC,Q,1998-Q4,145855200000,0,,,,,,,,,L,,,O,OL,true,,,F
dataflow,IMF.STA:QNEA(7.0.0),R,RUS,P51G,V,NSA,XDC,Q,1999-Q1,101940600000,0,,,,,,,,,L,,,O,OL,true,,,F
dataflow,IMF.STA:QNEA(7.0.0),R,RUS,P51G,V,NSA,XDC,Q,1999-Q2,139148200000,0,,,,,,,,,L,,,O,OL,true,,,F
dataflow,IMF.STA:QNEA(7.0.0),R,RUS,P51G,V,NSA,XDC,Q,1999-Q3,194008000000,0,,,,,,,,,L,,,O,OL,true,,,F
dataflow,IMF.STA:QNEA(7.0.0),R,RUS,P51G,V,NSA,XDC,Q,1999-Q4,258861700000,0,,,,,,,,,L,,,O,OL,true,,,F
dataflow,IMF.STA:QNEA(7.0.0),R,RUS,P51G,V,NSA,XDC,Q,2000-Q1,179733000000,0,,,,,,,,,L,,,O,OL,true,,,F
dataflow,IMF.STA:QNEA(7.0.0),R,RUS,P51G,V,NSA,XDC,Q,2000-Q2,252510600000,0,,,,,,,,,L,,,O,OL,true,,,F
dataflow,IMF.STA:QNEA(7.0.0),R,RUS,P51G,V,NSA,XDC,Q,2000-Q3,346250900000,0,,,,,,,,,L,,,O,OL,true,,,F
dataflow,IMF.STA:QNEA(7.0.0),R,RUS,P51G,V,NSA,XDC,Q,2000-Q4,453548600000,0,,,,,,,,,L,,,O,OL,true,,,F
dataflow,IMF.STA:QNEA(7.0.0),R,RUS,P51G,V,NSA,XDC,Q,2001-Q1,264382800000,0,,,,,,,,,L,,,O,OL,true,,,F
dataflow,IMF.STA:QNEA(7.0.0),R,RUS,P51G,V,NSA,XDC,Q,2001-Q2,367503600000,0,,,,,,,,,L,,,O,OL,true,,,F
dataflow,IMF.STA:QNEA(7.0.0),R,RUS,P51G,V,NSA,XDC,Q,2001-Q3,470361900000,0,,,,,,,,,L,,,O,OL,true,,,F
dataflow,IMF.STA:QNEA(7.0.0),R,RUS,P51G,V,NSA,XDC,Q,2001-Q4,587066700000,0,,,,,,,,,L,,,O,OL,true,,,F
dataflow,IMF.STA:QNEA(7.0.0),R,RUS,P51G,V,NSA,XDC,Q,2002-Q1,305492200000,0,,,,,,,,,L,,,O,OL,true,,,F
dataflow,IMF.STA:QNEA(7.0.0),R,RUS,P51G,V,NSA,XDC,Q,2002-Q2,418165000000,0,,,,,,,,,L,,,O,OL,true,,,F
dataflow,IMF.STA:QNEA(7.0.0),R,RUS,P51G,V,NSA,XDC,Q,2002-Q3,542580000000,0,,,,,,,,,L,,,O,OL,true,,,F
dataflow,IMF.STA:QNEA(7.0.0),R,RUS,P51G,V,NSA,XDC,Q,2002-Q4,672560600000,0,,,,,,,,,L,,,O,OL,true,,,F
dataflow,IMF.STA:QNEA(7.0.0),R,RUS,P51G,V,NSA,XDC,Q,2003-Q1,376180100000,0,,,,,,,,,L,,,O,OL,true,,,F
dataflow,IMF.STA:QNEA(7.0.0),R,RUS,P51G,V,NSA,XDC,Q,2003-Q2,530862900000,0,,,,,,,,,L,,,O,OL,true,,,F
dataflow,IMF.STA:QNEA(7.0.0),R,RUS,P51G,V,NSA,XDC,Q,2003-Q3,672150300000,0,,,,,,,,,L,,,O,OL,true,,,F
dataflow,IMF.STA:QNEA(7.0.0),R,RUS,P51G,V,NSA,XDC,Q,2003-Q4,853058700000,0,,,,,,,,,L,,,O,OL,true,,,F
dataflow,IMF.STA:QNEA(7.0.0),R,RUS,P51G,V,NSA,XDC,Q,2004-Q1,496280400000,0,,,,,,,,,L,,,O,OL,true,,,F
dataflow,IMF.STA:QNEA(7.0.0),R,RUS,P51G,V,NSA,XDC,Q,2004-Q2,690454600000,0,,,,,,,,,L,,,O,OL,true,,,F
dataflow,IMF.STA:QNEA(7.0.0),R,RUS,P51G,V,NSA,XDC,Q,2004-Q3,850353600000,0,,,,,,,,,L,,,O,OL,true,,,F
dataflow,IMF.STA:QNEA(7.0.0),R,RUS,P51G,V,NSA,XDC,Q,2004-Q4,1093435000000,0,,,,,,,,,L,,,O,OL,true,,,F
dataflow,IMF.STA:QNEA(7.0.0),R,RUS,P51G,V,NSA,XDC,Q,2005-Q1,583944600000,0,,,,,,,,,L,,,O,OL,true,,,F
dataflow,IMF.STA:QNEA(7.0.0),R,RUS,P51G,V,NSA,XDC,Q,2005-Q2,832579700000,0,,,,,,,,,L,,,O,OL,true,,,F
dataflow,IMF.STA:QNEA(7.0.0),R,RUS,P51G,V,NSA,XDC,Q,2005-Q3,1049633800000,0,,,,,,,,,L,,,O,OL,true,,,F
dataflow,IMF.STA:QNEA(7.0.0),R,RUS,P51G,V,NSA,XDC,Q,2005-Q4,1370737800000,0,,,,,,,,,L,,,O,OL,true,,,F
dataflow,IMF.STA:QNEA(7.0.0),R,RUS,P51G,V,NSA,XDC,Q,2006-Q1,705986500000,0,,,,,,,,,L,,,O,OL,true,,,F
dataflow,IMF.STA:QNEA(7.0.0),R,RUS,P51G,V,NSA,XDC,Q,2006-Q2,1076919600000,0,,,,,,,,,L,,,O,OL,true,,,F
dataflow,IMF.STA:QNEA(7.0.0),R,RUS,P51G,V,NSA,XDC,Q,2006-Q3,1350302400000,0,,,,,,,,,L,,,O,OL,true,,,F
dataflow,IMF.STA:QNEA(7.0.0),R,RUS,P51G,V,NSA,XDC,Q,2006-Q4,1847364800000,0,,,,,,,,,L,,,O,OL,true,,,F
dataflow,IMF.STA:QNEA(7.0.0),R,RUS,P51G,V,NSA,XDC,Q,2007-Q1,954429300000,0,,,,,,,,,L,,,O,OL,true,,,F
dataflow,IMF.STA:QNEA(7.0.0),R,RUS,P51G,V,NSA,XDC,Q,2007-Q2,1479442400000,0,,,,,,,,,L,,,O,OL,true,,,F
dataflow,IMF.STA:QNEA(7.0.0),R,RUS,P51G,V,NSA,XDC,Q,2007-Q3,1805116200000,0,,,,,,,,,L,,,O,OL,true,,,F
dataflow,IMF.STA:QNEA(7.0.0),R,RUS,P51G,V,NSA,XDC,Q,2007-Q4,2741371200000,0,,,,,,,,,L,,,O,OL,true,,,F
dataflow,IMF.STA:QNEA(7.0.0),R,RUS,P51G,V,NSA,XDC,Q,2008-Q1,1404307500000,0,,,,,,,,,L,,,O,OL,true,,,F
dataflow,IMF.STA:QNEA(7.0.0),R,RUS,P51G,V,NSA,XDC,Q,2008-Q2,2093798000000,0,,,,,,,,,L,,,O,OL,true,,,F
dataflow,IMF.STA:QNEA(7.0.0),R,RUS,P51G,V,NSA,XDC,Q,2008-Q3,2471568800000,0,,,,,,,,,L,,,O,OL,true,,,F
dataflow,IMF.STA:QNEA(7.0.0),R,RUS,P51G,V,NSA,XDC,Q,2008-Q4,3231094600000,0,,,,,,,,,L,,,O,OL,true,,,F
dataflow,IMF.STA:QNEA(7.0.0),R,RUS,P51G,V,NSA,XDC,Q,2009-Q1,1344972400000,0,,,,,,,,,L,,,O,OL,true,,,F
dataflow,IMF.STA:QNEA(7.0.0),R,RUS,P51G,V,NSA,XDC,Q,2009-Q2,1856718600000,0,,,,,,,,,L,,,O,OL,true,,,F
dataflow,IMF.STA:QNEA(7.0.0),R,RUS,P51G,V,NSA,XDC,Q,2009-Q3,2201584600000,0,,,,,,,,,L,,,O,OL,true,,,F
dataflow,IMF.STA:QNEA(7.0.0),R,RUS,P51G,V,NSA,XDC,Q,2009-Q4,3132395900000,0,,,,,,,,,L,,,O,OL,true,,,F
dataflow,IMF.STA:QNEA(7.0.0),R,RUS,P51G,V,NSA,XDC,Q,2010-Q1,1403921300000,0,,,,,,,,,L,,,O,OL,true,,,F
dataflow,IMF.STA:QNEA(7.0.0),R,RUS,P51G,V,NSA,XDC,Q,2010-Q2,2164745900000,0,,,,,,,,,L,,,O,OL,true,,,F
dataflow,IMF.STA:QNEA(7.0.0),R,RUS,P51G,V,NSA,XDC,Q,2010-Q3,2578310100000,0,,,,,,,,,L,,,O,OL,true,,,F
dataflow,IMF.STA:QNEA(7.0.0),R,RUS,P51G,V,NSA,XDC,Q,2010-Q4,3867362800000,0,,,,,,,,,L,,,O,OL,true,,,F
dataflow,IMF.STA:QNEA(7.0.0),R,RUS,P51G,V,NSA,XDC,Q,2011-Q1,1720110500000,0,,,,,,,,,L,,,O,OL,true,,,F
dataflow,IMF.STA:QNEA(7.0.0),R,RUS,P51G,V,NSA,XDC,Q,2011-Q2,2631331000000,0,,,,,,,,,L,,,O,OL,true,,,F
dataflow,IMF.STA:QNEA(7.0.0),R,RUS,P51G,V,NSA,XDC,Q,2011-Q3,3157953900000,0,,,,,,,,,L,,,O,OL,true,,,F
dataflow,IMF.STA:QNEA(7.0.0),R,RUS,P51G,V,NSA,XDC,Q,2011-Q4,4961344200000,0,,,,,,,,,L,,,O,OL,true,,,F
dataflow,IMF.STA:QNEA(7.0.0),R,RUS,P51G,V,NSA,XDC,Q,2012-Q1,2119885700000,0,,,,,,,,,L,,,O,OL,true,,,F
dataflow,IMF.STA:QNEA(7.0.0),R,RUS,P51G,V,NSA,XDC,Q,2012-Q2,3098341600000,0,,,,,,,,,L,,,O,OL,true,,,F
dataflow,IMF.STA:QNEA(7.0.0),R,RUS,P51G,V,NSA,XDC,Q,2012-Q3,3666593900000,0,,,,,,,,,L,,,O,OL,true,,,F
dataflow,IMF.STA:QNEA(7.0.0),R,RUS,P51G,V,NSA,XDC,Q,2012-Q4,5506129300000,0,,,,,,,,,L,,,O,OL,true,,,F
dataflow,IMF.STA:QNEA(7.0.0),R,RUS,P51G,V,NSA,XDC,Q,2013-Q1,2416102700000,0,,,,,,,,,L,,,O,OL,true,,,F
dataflow,IMF.STA:QNEA(7.0.0),R,RUS,P51G,V,NSA,XDC,Q,2013-Q2,3449749700000,0,,,,,,,,,L,,,O,OL,true,,,F
dataflow,IMF.STA:QNEA(7.0.0),R,RUS,P51G,V,NSA,XDC,Q,2013-Q3,3932784900000,0,,,,,,,,,L,,,O,OL,true,,,F
dataflow,IMF.STA:QNEA(7.0.0),R,RUS,P51G,V,NSA,XDC,Q,2013-Q4,5950701400000,0,,,,,,,,,L,,,O,OL,true,,,F
dataflow,IMF.STA:QNEA(7.0.0),R,RUS,P51G,V,NSA,XDC,Q,2014-Q1,2592340400000,0,,,,,,,,,L,,,O,OL,true,,,F
dataflow,IMF.STA:QNEA(7.0.0),R,RUS,P51G,V,NSA,XDC,Q,2014-Q2,3640077000000,0,,,,,,,,,L,,,O,OL,true,,,F
dataflow,IMF.STA:QNEA(7.0.0),R,RUS,P51G,V,NSA,XDC,Q,2014-Q3,4152987300000,0,,,,,,,,,L,,,O,OL,true,,,F
dataflow,IMF.STA:QNEA(7.0.0),R,RUS,P51G,V,NSA,XDC,Q,2014-Q4,6540625500000,0,,,,,,,,,L,,,O,OL,true,,,F
dataflow,IMF.STA:QNEA(7.0.0),R,RUS,P51G,V,NSA,XDC,Q,2015-Q1,2839072300000,0,,,,,,,,,L,,,O,OL,true,,,F
dataflow,IMF.STA:QNEA(7.0.0),R,RUS,P51G,V,NSA,XDC,Q,2015-Q2,3649561000000,0,,,,,,,,,L,,,O,OL,true,,,F
dataflow,IMF.STA:QNEA(7.0.0),R,RUS,P51G,V,NSA,XDC,Q,2015-Q3,4102801900000,0,,,,,,,,,L,,,O,OL,true,,,F
dataflow,IMF.STA:QNEA(7.0.0),R,RUS,P51G,V,NSA,XDC,Q,2015-Q4,6534177000000,0,,,,,,,,,L,,,O,OL,true,,,F
dataflow,IMF.STA:QNEA(7.0.0),R,RUS,P51G,V,NSA,XDC,Q,2016-Q1,2803863300000,0,,,,,,,,,L,,,O,OL,true,,,F
dataflow,IMF.STA:QNEA(7.0.0),R,RUS,P51G,V,NSA,XDC,Q,2016-Q2,3891203600000,0,,,,,,,,,L,,,O,OL,true,,,F
dataflow,IMF.STA:QNEA(7.0.0),R,RUS,P51G,V,NSA,XDC,Q,2016-Q3,4499142000000,0,,,,,,,,,L,,,O,OL,true,,,F
dataflow,IMF.STA:QNEA(7.0.0),R,RUS,P51G,V,NSA,XDC,Q,2016-Q4,7539715100000,0,,,,,,,,,L,,,O,OL,true,,,F
dataflow,IMF.STA:QNEA(7.0.0),R,RUS,P51G,V,NSA,XDC,Q,2017-Q1,3181790800000,0,,,,,,,,,L,,,O,OL,true,,,F
dataflow,IMF.STA:QNEA(7.0.0),R,RUS,P51G,V,NSA,XDC,Q,2017-Q2,4372294700000,0,,,,,,,,,L,,,O,OL,true,,,F
dataflow,IMF.STA:QNEA(7.0.0),R,RUS,P51G,V,NSA,XDC,Q,2017-Q3,4841361600000,0,,,,,,,,,L,,,O,OL,true,,,F
dataflow,IMF.STA:QNEA(7.0.0),R,RUS,P51G,V,NSA,XDC,Q,2017-Q4,7793619300000,0,,,,,,,,,L,,,O,OL,true,,,F
dataflow,IMF.STA:QNEA(7.0.0),R,RUS,P51G,V,NSA,XDC,Q,2018-Q1,3442211300000,0,,,,,,,,,L,,,O,OL,true,,,F
dataflow,IMF.STA:QNEA(7.0.0),R,RUS,P51G,V,NSA,XDC,Q,2018-Q2,4474671000000,0,,,,,,,,,L,,,O,OL,true,,,F
dataflow,IMF.STA:QNEA(7.0.0),R,RUS,P51G,V,NSA,XDC,Q,2018-Q3,5566674300000,0,,,,,,,,,L,,,O,OL,true,,,F
dataflow,IMF.STA:QNEA(7.0.0),R,RUS,P51G,V,NSA,XDC,Q,2018-Q4,7968519700000,0,,,,,,,,,L,,,O,OL,true,,,F
dataflow,IMF.STA:QNEA(7.0.0),R,RUS,P51G,V,NSA,XDC,Q,2019-Q1,3530428900000,0,,,,,,,,,L,,,O,OL,true,,,F
dataflow,IMF.STA:QNEA(7.0.0),R,RUS,P51G,V,NSA,XDC,Q,2019-Q2,4866798500000,0,,,,,,,,,L,,,O,OL,true,,,F
dataflow,IMF.STA:QNEA(7.0.0),R,RUS,P51G,V,NSA,XDC,Q,2019-Q3,5811534500000,0,,,,,,,,,L,,,O,OL,true,,,F
dataflow,IMF.STA:QNEA(7.0.0),R,RUS,P51G,V,NSA,XDC,Q,2019-Q4,8701935900000,0,,,,,,,,,L,,,O,OL,true,,,F
dataflow,IMF.STA:QNEA(7.0.0),R,RUS,P51G,V,NSA,XDC,Q,2020-Q1,3646822000000,0,,,,,,,,,L,,,O,OL,true,,,F
dataflow,IMF.STA:QNEA(7.0.0),R,RUS,P51G,V,NSA,XDC,Q,2020-Q2,4714874100000,0,,,,,,,,,L,,,O,OL,true,,,F
dataflow,IMF.STA:QNEA(7.0.0),R,RUS,P51G,V,NSA,XDC,Q,2020-Q3,5664440500000,0,,,,,,,,,L,,,O,OL,true,,,F
dataflow,IMF.STA:QNEA(7.0.0),R,RUS,P51G,V,NSA,XDC,Q,2020-Q4,9184824300000,0,,,,,,,,,L,,,O,OL,true,,,F
dataflow,IMF.STA:QNEA(7.0.0),R,RUS,P51G,V,NSA,XDC,Q,2021-Q1,3853725900000,0,,,,,,,,,L,,,O,OL,true,,,F
dataflow,IMF.STA:QNEA(7.0.0),R,RUS,P51G,V,NSA,XDC,Q,2021-Q2,5440828900000,0,,,,,,,,,L,,,O,OL,true,,,F
dataflow,IMF.STA:QNEA(7.0.0),R,RUS,P51G,V,NSA,XDC,Q,2021-Q3,6367099100000,0,,,,,,,,,L,,,O,OL,true,,,F
dataflow,IMF.STA:QNEA(7.0.0),R,RUS,P51G,V,NSA,XDC,Q,2021-Q4,10361357800000,0,,,,,,,,,L,,,O,OL,true,,,F
dataflow,IMF.STA:QNEA(7.0.0),R,RUS,P51G,V,NSA,XDC,Q,2022-Q1,4856673600000,0,,,,,,,,,L,,,O,OL,true,,,F
dataflow,IMF.STA:QNEA(7.0.0),R,RUS,P51G,V,NSA,XDC,Q,2022-Q2,6663003100000,0,,,,,,,,,L,,,O,OL,true,,,F
dataflow,IMF.STA:QNEA(7.0.0),R,RUS,P51G,V,NSA,XDC,Q,2022-Q3,7827259700000,0,,,,,,,,,L,,,O,OL,true,,,F
dataflow,IMF.STA:QNEA(7.0.0),R,RUS,P51G,V,NSA,XDC,Q,2022-Q4,12240872700000,0,,,,,,,,,L,,,O,OL,true,,,F
dataflow,IMF.STA:QNEA(7.0.0),R,RUS,P51G,V,NSA,XDC,Q,2023-Q1,5860206900000,0,,,,,,,,,L,,,O,OL,true,,,F
dataflow,IMF.STA:QNEA(7.0.0),R,RUS,P51G,V,NSA,XDC,Q,2023-Q2,8387705600000,0,,,,,,,,,L,,,O,OL,true,,,F
dataflow,IMF.STA:QNEA(7.0.0),R,RUS,P51G,V,NSA,XDC,Q,2023-Q3,9456834700000,0,,,,,,,,,L,,,O,OL,true,,,F
dataflow,IMF.STA:QNEA(7.0.0),R,RUS,P51G,V,NSA,XDC,Q,2023-Q4,14816021100000,0,,,,,,,,,L,,,O,OL,true,,,F
dataflow,IMF.STA:QNEA(7.0.0),R,RUS,P51G,V,NSA,XDC,Q,2024-Q1,7397092300000,0,,,,,,,,,L,,,O,OL,true,,,F
dataflow,IMF.STA:QNEA(7.0.0),R,RUS,P51G,V,NSA,XDC,Q,2024-Q2,9843400300000,0,,,,,,,,,L,,,O,OL,true,,,F
dataflow,IMF.STA:QNEA(7.0.0),R,RUS,P51G,V,NSA,XDC,Q,2024-Q3,11055956800000,0,,,,,,,,,L,,,O,OL,true,,,F
dataflow,IMF.STA:QNEA(7.0.0),R,RUS,P51G,V,NSA,XDC,Q,2024-Q4,17091443900000,0,,,,,,,,,L,,,O,OL,true,,,F
dataflow,IMF.STA:QNEA(7.0.0),R,RUS,P51G,V,NSA,XDC,Q,2025-Q1,8530277800000,0,,,,,,,,,L,,,O,OL,true,,,F
dataflow,IMF.STA:QNEA(7.0.0),R,RUS,P51G,V,NSA,XDC,Q,2025-Q2,10599823000000,0,,,,,,,,,L,,,O,OL,true,,,F
dataflow,IMF.STA:QNEA(7.0.0),R,RUS,P51G,V,NSA,XDC,Q,2025-Q3,12165152400000,0,,,,,,,,,L,,,O,OL,true,,,F
dataflow,IMF.STA:QNEA(7.0.0),R,RUS,P51G,V,NSA,XDC,Q,2025-Q4,18176785800000,0,,,,,,,,,L,,,O,OL,true,,,F
dataflow,IMF.STA:QNEA(7.0.0),R,RUS,P51G,V,NSA,XDC,Q,2026-Q1,8235855800000,0,,,,,,,,,L,,,O,OL,true,,,F
dataflow,IMF.STA:QNEA(7.0.0),R,RUS,P52,Q,NSA,USD,Q,,,0,,,,,,,,,L,,,,OL,,2021,,
dataflow,IMF.STA:QNEA(7.0.0),R,RUS,P52,Q,NSA,XDC,Q,2011-Q1,1190249100000,0,,,,,,,,,L,,,O,OL,true,2021,Computed as (NI - NFI) | ,F
dataflow,IMF.STA:QNEA(7.0.0),R,RUS,P52,Q,NSA,XDC,Q,2011-Q2,1817681600000,0,,,,,,,,,L,,,O,OL,true,2021,Computed as (NI - NFI) | ,F
dataflow,IMF.STA:QNEA(7.0.0),R,RUS,P52,Q,NSA,XDC,Q,2011-Q3,2277130400000,0,,,,,,,,,L,,,O,OL,true,2021,Computed as (NI - NFI) | ,F
dataflow,IMF.STA:QNEA(7.0.0),R,RUS,P52,Q,NSA,XDC,Q,2011-Q4,-156078600000,0,,,,,,,,,L,,,O,OL,true,2021,Computed as (NI - NFI) | ,F
dataflow,IMF.STA:QNEA(7.0.0),R,RUS,P52,Q,NSA,XDC,Q,2012-Q1,1209693400000,0,,,,,,,,,L,,,O,OL,true,2021,Computed as (NI - NFI) | ,F
dataflow,IMF.STA:QNEA(7.0.0),R,RUS,P52,Q,NSA,XDC,Q,2012-Q2,1958334300000,0,,,,,,,,,L,,,O,OL,true,2021,Computed as (NI - NFI) | ,F
dataflow,IMF.STA:QNEA(7.0.0),R,RUS,P52,Q,NSA,XDC,Q,2012-Q3,2289477800000,0,,,,,,,,,L,,,O,OL,true,2021,Computed as (NI - NFI) | ,F
dataflow,IMF.STA:QNEA(7.0.0),R,RUS,P52,Q,NSA,XDC,Q,2012-Q4,-329045200000,0,,,,,,,,,L,,,O,OL,true,2021,Computed as (NI - NFI) | ,F
dataflow,IMF.STA:QNEA(7.0.0),R,RUS,P52,Q,NSA,XDC,Q,2013-Q1,1085377200000,0,,,,,,,,,L,,,O,OL,true,2021,Computed as (NI - NFI) | ,F
dataflow,IMF.STA:QNEA(7.0.0),R,RUS,P52,Q,NSA,XDC,Q,2013-Q2,1407101800000,0,,,,,,,,,L,,,O,OL,true,2021,Computed as (NI - NFI) | ,F
dataflow,IMF.STA:QNEA(7.0.0),R,RUS,P52,Q,NSA,XDC,Q,2013-Q3,1681266800000,0,,,,,,,,,L,,,O,OL,true,2021,Computed as (NI - NFI) | ,F
dataflow,IMF.STA:QNEA(7.0.0),R,RUS,P52,Q,NSA,XDC,Q,2013-Q4,-734748500000,0,,,,,,,,,L,,,O,OL,true,2021,Computed as (NI - NFI) | ,F
dataflow,IMF.STA:QNEA(7.0.0),R,RUS,P52,Q,NSA,XDC,Q,2014-Q1,2245058800000,0,,,,,,,,,L,,,O,OL,true,2021,Computed as (NI - NFI) | ,F
dataflow,IMF.STA:QNEA(7.0.0),R,RUS,P52,Q,NSA,XDC,Q,2014-Q2,2063367700000,0,,,,,,,,,L,,,O,OL,true,2021,Computed as (NI - NFI) | ,F
dataflow,IMF.STA:QNEA(7.0.0),R,RUS,P52,Q,NSA,XDC,Q,2014-Q3,2037156700000,0,,,,,,,,,L,,,O,OL,true,2021,Computed as (NI - NFI) | ,F
dataflow,IMF.STA:QNEA(7.0.0),R,RUS,P52,Q,NSA,XDC,Q,2014-Q4,-2161029900000,0,,,,,,,,,L,,,O,OL,true,2021,Computed as (NI - NFI) | ,F
dataflow,IMF.STA:QNEA(7.0.0),R,RUS,P52,Q,NSA,XDC,Q,2015-Q1,1225552600000,0,,,,,,,,,L,,,O,OL,true,2021,Computed as (NI - NFI) | ,F
dataflow,IMF.STA:QNEA(7.0.0),R,RUS,P52,Q,NSA,XDC,Q,2015-Q2,1182292300000,0,,,,,,,,,L,,,O,OL,true,2021,Computed as (NI - NFI) | ,F
dataflow,IMF.STA:QNEA(7.0.0),R,RUS,P52,Q,NSA,XDC,Q,2015-Q3,2462644900000,0,,,,,,,,,L,,,O,OL,true,2021,Computed as (NI - NFI) | ,F
dataflow,IMF.STA:QNEA(7.0.0),R,RUS,P52,Q,NSA,XDC,Q,2015-Q4,-1465548600000,0,,,,,,,,,L,,,O,OL,true,2021,Computed as (NI - NFI) | ,F
dataflow,IMF.STA:QNEA(7.0.0),R,RUS,P52,Q,NSA,XDC,Q,2016-Q1,1711597200000,0,,,,,,,,,L,,,O,OL,true,2021,Computed as (NI - NFI) | ,F
dataflow,IMF.STA:QNEA(7.0.0),R,RUS,P52,Q,NSA,XDC,Q,2016-Q2,1200718600000,0,,,,,,,,,L,,,O,OL,true,2021,Computed as (NI - NFI) | ,F
dataflow,IMF.STA:QNEA(7.0.0),R,RUS,P52,Q,NSA,XDC,Q,2016-Q3,1976070500000,0,,,,,,,,,L,,,O,OL,true,2021,Computed as (NI - NFI) | ,F
dataflow,IMF.STA:QNEA(7.0.0),R,RUS,P52,Q,NSA,XDC,Q,2016-Q4,-1942395700000,0,,,,,,,,,L,,,O,OL,true,2021,Computed as (NI - NFI) | ,F
dataflow,IMF.STA:QNEA(7.0.0),R,RUS,P52,Q,NSA,XDC,Q,2017-Q1,1637272500000,0,,,,,,,,,L,,,O,OL,true,2021,Computed as (NI - NFI) | ,F
dataflow,IMF.STA:QNEA(7.0.0),R,RUS,P52,Q,NSA,XDC,Q,2017-Q2,1661962500000,0,,,,,,,,,L,,,O,OL,true,2021,Computed as (NI - NFI) | ,F
dataflow,IMF.STA:QNEA(7.0.0),R,RUS,P52,Q,NSA,XDC,Q,2017-Q3,2278905900000,0,,,,,,,,,L,,,O,OL,true,2021,Computed as (NI - NFI) | ,F
dataflow,IMF.STA:QNEA(7.0.0),R,RUS,P52,Q,NSA,XDC,Q,2017-Q4,-2034356800000,0,,,,,,,,,L,,,O,OL,true,2021,Computed as (NI - NFI) | ,F
dataflow,IMF.STA:QNEA(7.0.0),R,RUS,P52,Q,NSA,XDC,Q,2018-Q1,1470055800000,0,,,,,,,,,L,,,O,OL,true,2021,Computed as (NI - NFI) | ,F
dataflow,IMF.STA:QNEA(7.0.0),R,RUS,P52,Q,NSA,XDC,Q,2018-Q2,1389985500000,0,,,,,,,,,L,,,O,OL,true,2021,Computed as (NI - NFI) | ,F
dataflow,IMF.STA:QNEA(7.0.0),R,RUS,P52,Q,NSA,XDC,Q,2018-Q3,1602405900000,0,,,,,,,,,L,,,O,OL,true,2021,Computed as (NI - NFI) | ,F
dataflow,IMF.STA:QNEA(7.0.0),R,RUS,P52,Q,NSA,XDC,Q,2018-Q4,-1513847600000,0,,,,,,,,,L,,,O,OL,true,2021,Computed as (NI - NFI) | ,F
dataflow,IMF.STA:QNEA(7.0.0),R,RUS,P52,Q,NSA,XDC,Q,2019-Q1,653626300000,0,,,,,,,,,L,,,O,OL,true,2021,Computed as (NI - NFI) | ,F
dataflow,IMF.STA:QNEA(7.0.0),R,RUS,P52,Q,NSA,XDC,Q,2019-Q2,1206143900000,0,,,,,,,,,L,,,O,OL,true,2021,Computed as (NI - NFI) | ,F
dataflow,IMF.STA:QNEA(7.0.0),R,RUS,P52,Q,NSA,XDC,Q,2019-Q3,2090816300000,0,,,,,,,,,L,,,O,OL,true,2021,Computed as (NI - NFI) | ,F
dataflow,IMF.STA:QNEA(7.0.0),R,RUS,P52,Q,NSA,XDC,Q,2019-Q4,-594599400000,0,,,,,,,,,L,,,O,OL,true,2021,Computed as (NI - NFI) | ,F
dataflow,IMF.STA:QNEA(7.0.0),R,RUS,P52,Q,NSA,XDC,Q,2020-Q1,624847400000,0,,,,,,,,,L,,,O,OL,true,2021,Computed as (NI - NFI) | ,F
dataflow,IMF.STA:QNEA(7.0.0),R,RUS,P52,Q,NSA,XDC,Q,2020-Q2,1118552800000,0,,,,,,,,,L,,,O,OL,true,2021,Computed as (NI - NFI) | ,F
dataflow,IMF.STA:QNEA(7.0.0),R,RUS,P52,Q,NSA,XDC,Q,2020-Q3,1591823700000,0,,,,,,,,,L,,,O,OL,true,2021,Computed as (NI - NFI) | ,F
dataflow,IMF.STA:QNEA(7.0.0),R,RUS,P52,Q,NSA,XDC,Q,2020-Q4,-204609900000,0,,,,,,,,,L,,,O,OL,true,2021,Computed as (NI - NFI) | ,F
dataflow,IMF.STA:QNEA(7.0.0),R,RUS,P52,Q,NSA,XDC,Q,2021-Q1,1245254100000,0,,,,,,,,,L,,,O,OL,true,2021,Computed as (NI - NFI) | ,F
dataflow,IMF.STA:QNEA(7.0.0),R,RUS,P52,Q,NSA,XDC,Q,2021-Q2,1564025200000,0,,,,,,,,,L,,,O,OL,true,2021,Computed as (NI - NFI) | ,F
dataflow,IMF.STA:QNEA(7.0.0),R,RUS,P52,Q,NSA,XDC,Q,2021-Q3,1720487700000,0,,,,,,,,,L,,,O,OL,true,2021,Computed as (NI - NFI) | ,F
dataflow,IMF.STA:QNEA(7.0.0),R,RUS,P52,Q,NSA,XDC,Q,2021-Q4,447152100000,0,,,,,,,,,L,,,O,OL,true,2021,Computed as (NI - NFI) | ,F
dataflow,IMF.STA:QNEA(7.0.0),R,RUS,P52,Q,NSA,XDC,Q,2022-Q1,855246400000,0,,,,,,,,,L,,,O,OL,true,2021,Computed as (NI - NFI) | ,F
dataflow,IMF.STA:QNEA(7.0.0),R,RUS,P52,Q,NSA,XDC,Q,2022-Q2,254341000000,0,,,,,,,,,L,,,O,OL,true,2021,Computed as (NI - NFI) | ,F
dataflow,IMF.STA:QNEA(7.0.0),R,RUS,P52,Q,NSA,XDC,Q,2022-Q3,2636708300000,0,,,,,,,,,L,,,O,OL,true,2021,Computed as (NI - NFI) | ,F
dataflow,IMF.STA:QNEA(7.0.0),R,RUS,P52,Q,NSA,XDC,Q,2022-Q4,703659500000,0,,,,,,,,,L,,,O,OL,true,2021,Computed as (NI - NFI) | ,F
dataflow,IMF.STA:QNEA(7.0.0),R,RUS,P52,Q,NSA,XDC,Q,2023-Q1,1455266500000,0,,,,,,,,,L,,,O,OL,true,2021,Computed as (NI - NFI) | ,F
dataflow,IMF.STA:QNEA(7.0.0),R,RUS,P52,Q,NSA,XDC,Q,2023-Q2,1079621000000,0,,,,,,,,,L,,,O,OL,true,2021,Computed as (NI - NFI) | ,F
dataflow,IMF.STA:QNEA(7.0.0),R,RUS,P52,Q,NSA,XDC,Q,2023-Q3,2955477300000,0,,,,,,,,,L,,,O,OL,true,2021,Computed as (NI - NFI) | ,F
dataflow,IMF.STA:QNEA(7.0.0),R,RUS,P52,Q,NSA,XDC,Q,2023-Q4,2127967500000,0,,,,,,,,,L,,,O,OL,true,2021,Computed as (NI - NFI) | ,F
dataflow,IMF.STA:QNEA(7.0.0),R,RUS,P52,Q,NSA,XDC,Q,2024-Q1,377562800000,0,,,,,,,,,L,,,O,OL,true,2021,Computed as (NI - NFI) | ,F
dataflow,IMF.STA:QNEA(7.0.0),R,RUS,P52,Q,NSA,XDC,Q,2024-Q2,615181100000,0,,,,,,,,,L,,,O,OL,true,2021,Computed as (NI - NFI) | ,F
dataflow,IMF.STA:QNEA(7.0.0),R,RUS,P52,Q,NSA,XDC,Q,2024-Q3,3232245300000,0,,,,,,,,,L,,,O,OL,true,2021,Computed as (NI - NFI) | ,F
dataflow,IMF.STA:QNEA(7.0.0),R,RUS,P52,Q,NSA,XDC,Q,2024-Q4,2093036300000,0,,,,,,,,,L,,,O,OL,true,2021,Computed as (NI - NFI) | ,F
dataflow,IMF.STA:QNEA(7.0.0),R,RUS,P52,Q,NSA,XDC,Q,2025-Q1,-216395800000,0,,,,,,,,,L,,,O,OL,true,2021,Computed as (NI - NFI) | ,F
dataflow,IMF.STA:QNEA(7.0.0),R,RUS,P52,Q,NSA,XDC,Q,2025-Q2,206636300000,0,,,,,,,,,L,,,O,OL,true,2021,Computed as (NI - NFI) | ,F
dataflow,IMF.STA:QNEA(7.0.0),R,RUS,P52,Q,NSA,XDC,Q,2025-Q3,2196840900000,0,,,,,,,,,L,,,O,OL,true,2021,Computed as (NI - NFI) | ,F
dataflow,IMF.STA:QNEA(7.0.0),R,RUS,P52,Q,NSA,XDC,Q,2025-Q4,2321812700000,0,,,,,,,,,L,,,O,OL,true,2021,Computed as (NI - NFI) | ,F
dataflow,IMF.STA:QNEA(7.0.0),R,RUS,P52,Q,NSA,XDC,Q,2026-Q1,-107194500000,0,,,,,,,,,L,,,O,OL,true,2021,Computed as (NI - NFI) | ,F
dataflow,IMF.STA:QNEA(7.0.0),R,RUS,P52,V,NSA,USD,Q,,,0,,,,,,,,,L,,,,OL,,,,
dataflow,IMF.STA:QNEA(7.0.0),R,RUS,P52,V,NSA,XDC,Q,1993-Q3,5446000000,0,,,,,,,,,L,,,O,OL,true,,,F
dataflow,IMF.STA:QNEA(7.0.0),R,RUS,P52,V,NSA,XDC,Q,1993-Q4,2027000000,0,,,,,,,,,L,,,O,OL,true,,,F
dataflow,IMF.STA:QNEA(7.0.0),R,RUS,P52,V,NSA,XDC,Q,1994-Q1,-2069000000,0,,,,,,,,,L,,,O,OL,true,,,F
dataflow,IMF.STA:QNEA(7.0.0),R,RUS,P52,V,NSA,XDC,Q,1994-Q2,11598000000,0,,,,,,,,,L,,,O,OL,true,,,F
dataflow,IMF.STA:QNEA(7.0.0),R,RUS,P52,V,NSA,XDC,Q,1994-Q3,13543000000,0,,,,,,,,,L,,,O,OL,true,,,F
dataflow,IMF.STA:QNEA(7.0.0),R,RUS,P52,V,NSA,XDC,Q,1994-Q4,-310000000,0,,,,,,,,,L,,,O,OL,true,,,F
dataflow,IMF.STA:QNEA(7.0.0),R,RUS,P52,V,NSA,XDC,Q,1995-Q1,865000000,0,,,,,,,,,L,,,O,OL,true,,,F
dataflow,IMF.STA:QNEA(7.0.0),R,RUS,P52,V,NSA,XDC,Q,1995-Q2,7658700000,0,,,,,,,,,L,,,O,OL,true,,,F
dataflow,IMF.STA:QNEA(7.0.0),R,RUS,P52,V,NSA,XDC,Q,1995-Q3,56380800000,0,,,,,,,,,L,,,O,OL,true,,,F
dataflow,IMF.STA:QNEA(7.0.0),R,RUS,P52,V,NSA,XDC,Q,1995-Q4,-2659900000,0,,,,,,,,,L,,,O,OL,true,,,F
dataflow,IMF.STA:QNEA(7.0.0),R,RUS,P52,V,NSA,XDC,Q,1996-Q1,10000500000,0,,,,,,,,,L,,,O,OL,true,,,F
dataflow,IMF.STA:QNEA(7.0.0),R,RUS,P52,V,NSA,XDC,Q,1996-Q2,12489100000,0,,,,,,,,,L,,,O,OL,true,,,F
dataflow,IMF.STA:QNEA(7.0.0),R,RUS,P52,V,NSA,XDC,Q,1996-Q3,72988600000,0,,,,,,,,,L,,,O,OL,true,,,F
dataflow,IMF.STA:QNEA(7.0.0),R,RUS,P52,V,NSA,XDC,Q,1996-Q4,-21835700000,0,,,,,,,,,L,,,O,OL,true,,,F
dataflow,IMF.STA:QNEA(7.0.0),R,RUS,P52,V,NSA,XDC,Q,1997-Q1,6262800000,0,,,,,,,,,L,,,O,OL,true,,,F
dataflow,IMF.STA:QNEA(7.0.0),R,RUS,P52,V,NSA,XDC,Q,1997-Q2,17738700000,0,,,,,,,,,L,,,O,OL,true,,,F
dataflow,IMF.STA:QNEA(7.0.0),R,RUS,P52,V,NSA,XDC,Q,1997-Q3,70008400000,0,,,,,,,,,L,,,O,OL,true,,,F
dataflow,IMF.STA:QNEA(7.0.0),R,RUS,P52,V,NSA,XDC,Q,1997-Q4,-7730700000,0,,,,,,,,,L,,,O,OL,true,,,F
dataflow,IMF.STA:QNEA(7.0.0),R,RUS,P52,V,NSA,XDC,Q,1998-Q1,53584100000,0,,,,,,,,,L,,,O,OL,true,,,F
dataflow,IMF.STA:QNEA(7.0.0),R,RUS,P52,V,NSA,XDC,Q,1998-Q2,72790500000,0,,,,,,,,,L,,,O,OL,true,,,F
dataflow,IMF.STA:QNEA(7.0.0),R,RUS,P52,V,NSA,XDC,Q,1998-Q3,4522300000,0,,,,,,,,,L,,,O,OL,true,,,F
dataflow,IMF.STA:QNEA(7.0.0),R,RUS,P52,V,NSA,XDC,Q,1998-Q4,-162071200000,0,,,,,,,,,L,,,O,OL,true,,,F
dataflow,IMF.STA:QNEA(7.0.0),R,RUS,P52,V,NSA,XDC,Q,1999-Q1,-32534400000,0,,,,,,,,,L,,,O,OL,true,,,F
dataflow,IMF.STA:QNEA(7.0.0),R,RUS,P52,V,NSA,XDC,Q,1999-Q2,30954800000,0,,,,,,,,,L,,,O,OL,true,,,F
dataflow,IMF.STA:QNEA(7.0.0),R,RUS,P52,V,NSA,XDC,Q,1999-Q3,119824900000,0,,,,,,,,,L,,,O,OL,true,,,F
dataflow,IMF.STA:QNEA(7.0.0),R,RUS,P52,V,NSA,XDC,Q,1999-Q4,-96884300000,0,,,,,,,,,L,,,O,OL,true,,,F
dataflow,IMF.STA:QNEA(7.0.0),R,RUS,P52,V,NSA,XDC,Q,2000-Q1,-2699400000,0,,,,,,,,,L,,,O,OL,true,,,F
dataflow,IMF.STA:QNEA(7.0.0),R,RUS,P52,V,NSA,XDC,Q,2000-Q2,30667000000,0,,,,,,,,,L,,,O,OL,true,,,F
dataflow,IMF.STA:QNEA(7.0.0),R,RUS,P52,V,NSA,XDC,Q,2000-Q3,123793400000,0,,,,,,,,,L,,,O,OL,true,,,F
dataflow,IMF.STA:QNEA(7.0.0),R,RUS,P52,V,NSA,XDC,Q,2000-Q4,-18070300000,0,,,,,,,,,L,,,O,OL,true,,,F
dataflow,IMF.STA:QNEA(7.0.0),R,RUS,P52,V,NSA,XDC,Q,2001-Q1,-10723700000,0,,,,,,,,,L,,,O,OL,true,,,F
dataflow,IMF.STA:QNEA(7.0.0),R,RUS,P52,V,NSA,XDC,Q,2001-Q2,42164600000,0,,,,,,,,,L,,,O,OL,true,,,F
dataflow,IMF.STA:QNEA(7.0.0),R,RUS,P52,V,NSA,XDC,Q,2001-Q3,212390500000,0,,,,,,,,,L,,,O,OL,true,,,F
dataflow,IMF.STA:QNEA(7.0.0),R,RUS,P52,V,NSA,XDC,Q,2001-Q4,29964000000,0,,,,,,,,,L,,,O,OL,true,,,F
dataflow,IMF.STA:QNEA(7.0.0),R,RUS,P52,V,NSA,XDC,Q,2002-Q1,28026600000,0,,,,,,,,,L,,,O,OL,true,,,F
dataflow,IMF.STA:QNEA(7.0.0),R,RUS,P52,V,NSA,XDC,Q,2002-Q2,38204500000,0,,,,,,,,,L,,,O,OL,true,,,F
dataflow,IMF.STA:QNEA(7.0.0),R,RUS,P52,V,NSA,XDC,Q,2002-Q3,202898800000,0,,,,,,,,,L,,,O,OL,true,,,F
dataflow,IMF.STA:QNEA(7.0.0),R,RUS,P52,V,NSA,XDC,Q,2002-Q4,-37473000000,0,,,,,,,,,L,,,O,OL,true,,,F
dataflow,IMF.STA:QNEA(7.0.0),R,RUS,P52,V,NSA,XDC,Q,2003-Q1,6276000000,0,,,,,,,,,L,,,O,OL,true,,,F
dataflow,IMF.STA:QNEA(7.0.0),R,RUS,P52,V,NSA,XDC,Q,2003-Q2,49508200000,0,,,,,,,,,L,,,O,OL,true,,,F
dataflow,IMF.STA:QNEA(7.0.0),R,RUS,P52,V,NSA,XDC,Q,2003-Q3,313059000000,0,,,,,,,,,L,,,O,OL,true,,,F
dataflow,IMF.STA:QNEA(7.0.0),R,RUS,P52,V,NSA,XDC,Q,2003-Q4,-46046700000,0,,,,,,,,,L,,,O,OL,true,,,F
dataflow,IMF.STA:QNEA(7.0.0),R,RUS,P52,V,NSA,XDC,Q,2004-Q1,-3313200000,0,,,,,,,,,L,,,O,OL,true,,,F
dataflow,IMF.STA:QNEA(7.0.0),R,RUS,P52,V,NSA,XDC,Q,2004-Q2,69753900000,0,,,,,,,,,L,,,O,OL,true,,,F
dataflow,IMF.STA:QNEA(7.0.0),R,RUS,P52,V,NSA,XDC,Q,2004-Q3,356229700000,0,,,,,,,,,L,,,O,OL,true,,,F
dataflow,IMF.STA:QNEA(7.0.0),R,RUS,P52,V,NSA,XDC,Q,2004-Q4,5757400000,0,,,,,,,,,L,,,O,OL,true,,,F
dataflow,IMF.STA:QNEA(7.0.0),R,RUS,P52,V,NSA,XDC,Q,2005-Q1,93691100000,0,,,,,,,,,L,,,O,OL,true,,,F
dataflow,IMF.STA:QNEA(7.0.0),R,RUS,P52,V,NSA,XDC,Q,2005-Q2,43780500000,0,,,,,,,,,L,,,O,OL,true,,,F
dataflow,IMF.STA:QNEA(7.0.0),R,RUS,P52,V,NSA,XDC,Q,2005-Q3,420954000000,0,,,,,,,,,L,,,O,OL,true,,,F
dataflow,IMF.STA:QNEA(7.0.0),R,RUS,P52,V,NSA,XDC,Q,2005-Q4,-56591000000,0,,,,,,,,,L,,,O,OL,true,,,F
dataflow,IMF.STA:QNEA(7.0.0),R,RUS,P52,V,NSA,XDC,Q,2006-Q1,143259700000,0,,,,,,,,,L,,,O,OL,true,,,F
dataflow,IMF.STA:QNEA(7.0.0),R,RUS,P52,V,NSA,XDC,Q,2006-Q2,81066700000,0,,,,,,,,,L,,,O,OL,true,,,F
dataflow,IMF.STA:QNEA(7.0.0),R,RUS,P52,V,NSA,XDC,Q,2006-Q3,513448100000,0,,,,,,,,,L,,,O,OL,true,,,F
dataflow,IMF.STA:QNEA(7.0.0),R,RUS,P52,V,NSA,XDC,Q,2006-Q4,-19620500000,0,,,,,,,,,L,,,O,OL,true,,,F
dataflow,IMF.STA:QNEA(7.0.0),R,RUS,P52,V,NSA,XDC,Q,2007-Q1,261955200000,0,,,,,,,,,L,,,O,OL,true,,,F
dataflow,IMF.STA:QNEA(7.0.0),R,RUS,P52,V,NSA,XDC,Q,2007-Q2,265077900000,0,,,,,,,,,L,,,O,OL,true,,,F
dataflow,IMF.STA:QNEA(7.0.0),R,RUS,P52,V,NSA,XDC,Q,2007-Q3,689855100000,0,,,,,,,,,L,,,O,OL,true,,,F
dataflow,IMF.STA:QNEA(7.0.0),R,RUS,P52,V,NSA,XDC,Q,2007-Q4,-163149100000,0,,,,,,,,,L,,,O,OL,true,,,F
dataflow,IMF.STA:QNEA(7.0.0),R,RUS,P52,V,NSA,XDC,Q,2008-Q1,322982500000,0,,,,,,,,,L,,,O,OL,true,,,F
dataflow,IMF.STA:QNEA(7.0.0),R,RUS,P52,V,NSA,XDC,Q,2008-Q2,504676200000,0,,,,,,,,,L,,,O,OL,true,,,F
dataflow,IMF.STA:QNEA(7.0.0),R,RUS,P52,V,NSA,XDC,Q,2008-Q3,1008545100000,0,,,,,,,,,L,,,O,OL,true,,,F
dataflow,IMF.STA:QNEA(7.0.0),R,RUS,P52,V,NSA,XDC,Q,2008-Q4,-510856600000,0,,,,,,,,,L,,,O,OL,true,,,F
dataflow,IMF.STA:QNEA(7.0.0),R,RUS,P52,V,NSA,XDC,Q,2009-Q1,-316578000000,0,,,,,,,,,L,,,O,OL,true,,,F
dataflow,IMF.STA:QNEA(7.0.0),R,RUS,P52,V,NSA,XDC,Q,2009-Q2,-258890400000,0,,,,,,,,,L,,,O,OL,true,,,F
dataflow,IMF.STA:QNEA(7.0.0),R,RUS,P52,V,NSA,XDC,Q,2009-Q3,175138900000,0,,,,,,,,,L,,,O,OL,true,,,F
dataflow,IMF.STA:QNEA(7.0.0),R,RUS,P52,V,NSA,XDC,Q,2009-Q4,-790585500000,0,,,,,,,,,L,,,O,OL,true,,,F
dataflow,IMF.STA:QNEA(7.0.0),R,RUS,P52,V,NSA,XDC,Q,2010-Q1,-122127900000,0,,,,,,,,,L,,,O,OL,true,,,F
dataflow,IMF.STA:QNEA(7.0.0),R,RUS,P52,V,NSA,XDC,Q,2010-Q2,127123200000,0,,,,,,,,,L,,,O,OL,true,,,F
dataflow,IMF.STA:QNEA(7.0.0),R,RUS,P52,V,NSA,XDC,Q,2010-Q3,727893600000,0,,,,,,,,,L,,,O,OL,true,,,F
dataflow,IMF.STA:QNEA(7.0.0),R,RUS,P52,V,NSA,XDC,Q,2010-Q4,-274599000000,0,,,,,,,,,L,,,O,OL,true,,,F
dataflow,IMF.STA:QNEA(7.0.0),R,RUS,P52,V,NSA,XDC,Q,2014-Q1,451086100000,0,,,,,,,,,L,,,O,OL,true,,,F
dataflow,IMF.STA:QNEA(7.0.0),R,RUS,P52,V,NSA,XDC,Q,2014-Q2,482094600000,0,,,,,,,,,L,,,O,OL,true,,,F
dataflow,IMF.STA:QNEA(7.0.0),R,RUS,P52,V,NSA,XDC,Q,2014-Q3,995869700000,0,,,,,,,,,L,,,O,OL,true,,,F
dataflow,IMF.STA:QNEA(7.0.0),R,RUS,P52,V,NSA,XDC,Q,2014-Q4,-1159595300000,0,,,,,,,,,L,,,O,OL,true,,,F
dataflow,IMF.STA:QNEA(7.0.0),R,RUS,P52,V,NSA,XDC,Q,2015-Q1,-312335300000,0,,,,,,,,,L,,,O,OL,true,,,F
dataflow,IMF.STA:QNEA(7.0.0),R,RUS,P52,V,NSA,XDC,Q,2015-Q2,118759700000,0,,,,,,,,,L,,,O,OL,true,,,F
dataflow,IMF.STA:QNEA(7.0.0),R,RUS,P52,V,NSA,XDC,Q,2015-Q3,1827437600000,0,,,,,,,,,L,,,O,OL,true,,,F
dataflow,IMF.STA:QNEA(7.0.0),R,RUS,P52,V,NSA,XDC,Q,2015-Q4,-356700800000,0,,,,,,,,,L,,,O,OL,true,,,F
dataflow,IMF.STA:QNEA(7.0.0),R,RUS,P52,V,NSA,XDC,Q,2016-Q1,65154700000,0,,,,,,,,,L,,,O,OL,true,,,F
dataflow,IMF.STA:QNEA(7.0.0),R,RUS,P52,V,NSA,XDC,Q,2016-Q2,290350000000,0,,,,,,,,,L,,,O,OL,true,,,F
dataflow,IMF.STA:QNEA(7.0.0),R,RUS,P52,V,NSA,XDC,Q,2016-Q3,1585191700000,0,,,,,,,,,L,,,O,OL,true,,,F
dataflow,IMF.STA:QNEA(7.0.0),R,RUS,P52,V,NSA,XDC,Q,2016-Q4,-901220600000,0,,,,,,,,,L,,,O,OL,true,,,F
dataflow,IMF.STA:QNEA(7.0.0),R,RUS,P52,V,NSA,XDC,Q,2017-Q1,40887100000,0,,,,,,,,,L,,,O,OL,true,,,F
dataflow,IMF.STA:QNEA(7.0.0),R,RUS,P52,V,NSA,XDC,Q,2017-Q2,699868200000,0,,,,,,,,,L,,,O,OL,true,,,F
dataflow,IMF.STA:QNEA(7.0.0),R,RUS,P52,V,NSA,XDC,Q,2017-Q3,1513479400000,0,,,,,,,,,L,,,O,OL,true,,,F
dataflow,IMF.STA:QNEA(7.0.0),R,RUS,P52,V,NSA,XDC,Q,2017-Q4,-762120600000,0,,,,,,,,,L,,,O,OL,true,,,F
dataflow,IMF.STA:QNEA(7.0.0),R,RUS,P52,V,NSA,XDC,Q,2018-Q1,-24049100000,0,,,,,,,,,L,,,O,OL,true,,,F
dataflow,IMF.STA:QNEA(7.0.0),R,RUS,P52,V,NSA,XDC,Q,2018-Q2,1353519000000,0,,,,,,,,,L,,,O,OL,true,,,F
dataflow,IMF.STA:QNEA(7.0.0),R,RUS,P52,V,NSA,XDC,Q,2018-Q3,1101002600000,0,,,,,,,,,L,,,O,OL,true,,,F
dataflow,IMF.STA:QNEA(7.0.0),R,RUS,P52,V,NSA,XDC,Q,2018-Q4,-1118069600000,0,,,,,,,,,L,,,O,OL,true,,,F
dataflow,IMF.STA:QNEA(7.0.0),R,RUS,P52,V,NSA,XDC,Q,2019-Q1,1011400000,0,,,,,,,,,L,,,O,OL,true,,,F
dataflow,IMF.STA:QNEA(7.0.0),R,RUS,P52,V,NSA,XDC,Q,2019-Q2,961152400000,0,,,,,,,,,L,,,O,OL,true,,,F
dataflow,IMF.STA:QNEA(7.0.0),R,RUS,P52,V,NSA,XDC,Q,2019-Q3,1806167300000,0,,,,,,,,,L,,,O,OL,true,,,F
dataflow,IMF.STA:QNEA(7.0.0),R,RUS,P52,V,NSA,XDC,Q,2019-Q4,-840174900000,0,,,,,,,,,L,,,O,OL,true,,,F
dataflow,IMF.STA:QNEA(7.0.0),R,RUS,P52,V,NSA,XDC,Q,2020-Q1,-14374300000,0,,,,,,,,,L,,,O,OL,true,,,F
dataflow,IMF.STA:QNEA(7.0.0),R,RUS,P52,V,NSA,XDC,Q,2020-Q2,1182660000000,0,,,,,,,,,L,,,O,OL,true,,,F
dataflow,IMF.STA:QNEA(7.0.0),R,RUS,P52,V,NSA,XDC,Q,2020-Q3,1215715600000,0,,,,,,,,,L,,,O,OL,true,,,F
dataflow,IMF.STA:QNEA(7.0.0),R,RUS,P52,V,NSA,XDC,Q,2020-Q4,-342893100000,0,,,,,,,,,L,,,O,OL,true,,,F
dataflow,IMF.STA:QNEA(7.0.0),R,RUS,P52,V,NSA,XDC,Q,2021-Q1,1135019000000,0,,,,,,,,,L,,,O,OL,true,,,F
dataflow,IMF.STA:QNEA(7.0.0),R,RUS,P52,V,NSA,XDC,Q,2021-Q2,1533056300000,0,,,,,,,,,L,,,O,OL,true,,,F
dataflow,IMF.STA:QNEA(7.0.0),R,RUS,P52,V,NSA,XDC,Q,2021-Q3,1823731700000,0,,,,,,,,,L,,,O,OL,true,,,F
dataflow,IMF.STA:QNEA(7.0.0),R,RUS,P52,V,NSA,XDC,Q,2021-Q4,485112100000,0,,,,,,,,,L,,,O,OL,true,,,F
dataflow,IMF.STA:QNEA(7.0.0),R,RUS,P52,V,NSA,XDC,Q,2022-Q1,1356543600000,0,,,,,,,,,L,,,O,OL,true,,,F
dataflow,IMF.STA:QNEA(7.0.0),R,RUS,P52,V,NSA,XDC,Q,2022-Q2,596968900000,0,,,,,,,,,L,,,O,OL,true,,,F
dataflow,IMF.STA:QNEA(7.0.0),R,RUS,P52,V,NSA,XDC,Q,2022-Q3,2080702300000,0,,,,,,,,,L,,,O,OL,true,,,F
dataflow,IMF.STA:QNEA(7.0.0),R,RUS,P52,V,NSA,XDC,Q,2022-Q4,760266900000,0,,,,,,,,,L,,,O,OL,true,,,F
dataflow,IMF.STA:QNEA(7.0.0),R,RUS,P52,V,NSA,XDC,Q,2023-Q1,1370037600000,0,,,,,,,,,L,,,O,OL,true,,,F
dataflow,IMF.STA:QNEA(7.0.0),R,RUS,P52,V,NSA,XDC,Q,2023-Q2,1862644400000,0,,,,,,,,,L,,,O,OL,true,,,F
dataflow,IMF.STA:QNEA(7.0.0),R,RUS,P52,V,NSA,XDC,Q,2023-Q3,3204938800000,0,,,,,,,,,L,,,O,OL,true,,,F
dataflow,IMF.STA:QNEA(7.0.0),R,RUS,P52,V,NSA,XDC,Q,2023-Q4,2621584700000,0,,,,,,,,,L,,,O,OL,true,,,F
dataflow,IMF.STA:QNEA(7.0.0),R,RUS,P52,V,NSA,XDC,Q,2024-Q1,1420470900000,0,,,,,,,,,L,,,O,OL,true,,,F
dataflow,IMF.STA:QNEA(7.0.0),R,RUS,P52,V,NSA,XDC,Q,2024-Q2,1497713800000,0,,,,,,,,,L,,,O,OL,true,,,F
dataflow,IMF.STA:QNEA(7.0.0),R,RUS,P52,V,NSA,XDC,Q,2024-Q3,2834488200000,0,,,,,,,,,L,,,O,OL,true,,,F
dataflow,IMF.STA:QNEA(7.0.0),R,RUS,P52,V,NSA,XDC,Q,2024-Q4,2433035100000,0,,,,,,,,,L,,,O,OL,true,,,F
dataflow,IMF.STA:QNEA(7.0.0),R,RUS,P52,V,NSA,XDC,Q,2025-Q1,1738843500000,0,,,,,,,,,L,,,O,OL,true,,,F
dataflow,IMF.STA:QNEA(7.0.0),R,RUS,P52,V,NSA,XDC,Q,2025-Q2,2033682200000,0,,,,,,,,,L,,,O,OL,true,,,F
dataflow,IMF.STA:QNEA(7.0.0),R,RUS,P52,V,NSA,XDC,Q,2025-Q3,983128400000,0,,,,,,,,,L,,,O,OL,true,,,F
dataflow,IMF.STA:QNEA(7.0.0),R,RUS,P52,V,NSA,XDC,Q,2025-Q4,1248037100000,0,,,,,,,,,L,,,O,OL,true,,,F
dataflow,IMF.STA:QNEA(7.0.0),R,RUS,P52,V,NSA,XDC,Q,2026-Q1,1604378000000,0,,,,,,,,,L,,,O,OL,true,,,F
dataflow,IMF.STA:QNEA(7.0.0),R,RUS,P52_PS,V,NSA,USD,Q,,,0,,,,,,,,,L,,,,OL,,,,
dataflow,IMF.STA:QNEA(7.0.0),R,RUS,P52_PS,V,NSA,XDC,Q,2011-Q1,611582800000,0,,,,,,,,,L,,,O,OL,true,,,F
dataflow,IMF.STA:QNEA(7.0.0),R,RUS,P52_PS,V,NSA,XDC,Q,2011-Q2,546266600000,0,,,,,,,,,L,,,O,OL,true,,,F
dataflow,IMF.STA:QNEA(7.0.0),R,RUS,P52_PS,V,NSA,XDC,Q,2011-Q3,1100182200000,0,,,,,,,,,L,,,O,OL,true,,,F
dataflow,IMF.STA:QNEA(7.0.0),R,RUS,P52_PS,V,NSA,XDC,Q,2011-Q4,-491217600000,0,,,,,,,,,L,,,O,OL,true,,,F
dataflow,IMF.STA:QNEA(7.0.0),R,RUS,P52_PS,V,NSA,XDC,Q,2012-Q1,737571400000,0,,,,,,,,,L,,,O,OL,true,,,F
dataflow,IMF.STA:QNEA(7.0.0),R,RUS,P52_PS,V,NSA,XDC,Q,2012-Q2,687930200000,0,,,,,,,,,L,,,O,OL,true,,,F
dataflow,IMF.STA:QNEA(7.0.0),R,RUS,P52_PS,V,NSA,XDC,Q,2012-Q3,1161916800000,0,,,,,,,,,L,,,O,OL,true,,,F
dataflow,IMF.STA:QNEA(7.0.0),R,RUS,P52_PS,V,NSA,XDC,Q,2012-Q4,-549406000000,0,,,,,,,,,L,,,O,OL,true,,,F
dataflow,IMF.STA:QNEA(7.0.0),R,RUS,P52_PS,V,NSA,XDC,Q,2013-Q1,729030700000,0,,,,,,,,,L,,,O,OL,true,,,F
dataflow,IMF.STA:QNEA(7.0.0),R,RUS,P52_PS,V,NSA,XDC,Q,2013-Q2,400016500000,0,,,,,,,,,L,,,O,OL,true,,,F
dataflow,IMF.STA:QNEA(7.0.0),R,RUS,P52_PS,V,NSA,XDC,Q,2013-Q3,923140600000,0,,,,,,,,,L,,,O,OL,true,,,F
dataflow,IMF.STA:QNEA(7.0.0),R,RUS,P52_PS,V,NSA,XDC,Q,2013-Q4,-1080388900000,0,,,,,,,,,L,,,O,OL,true,,,F
dataflow,IMF.STA:QNEA(7.0.0),R,RUS,P52_PS,V,NSA,XDC,Q,2014-Q1,451086100000,0,,,,,,,,,L,,,O,OL,true,,,F
dataflow,IMF.STA:QNEA(7.0.0),R,RUS,P52_PS,V,NSA,XDC,Q,2014-Q2,482094600000,0,,,,,,,,,L,,,O,OL,true,,,F
dataflow,IMF.STA:QNEA(7.0.0),R,RUS,P52_PS,V,NSA,XDC,Q,2014-Q3,995869700000,0,,,,,,,,,L,,,O,OL,true,,,F
dataflow,IMF.STA:QNEA(7.0.0),R,RUS,P52_PS,V,NSA,XDC,Q,2014-Q4,-1159595300000,0,,,,,,,,,L,,,O,OL,true,,,F
dataflow,IMF.STA:QNEA(7.0.0),R,RUS,P52_PS,V,NSA,XDC,Q,2015-Q1,-312335300000,0,,,,,,,,,L,,,O,OL,true,,,F
dataflow,IMF.STA:QNEA(7.0.0),R,RUS,P52_PS,V,NSA,XDC,Q,2015-Q2,118759700000,0,,,,,,,,,L,,,O,OL,true,,,F
dataflow,IMF.STA:QNEA(7.0.0),R,RUS,P52_PS,V,NSA,XDC,Q,2015-Q3,1827437600000,0,,,,,,,,,L,,,O,OL,true,,,F
dataflow,IMF.STA:QNEA(7.0.0),R,RUS,P52_PS,V,NSA,XDC,Q,2015-Q4,-356700800000,0,,,,,,,,,L,,,O,OL,true,,,F
dataflow,IMF.STA:QNEA(7.0.0),R,RUS,P52_PS,V,NSA,XDC,Q,2016-Q1,65154700000,0,,,,,,,,,L,,,O,OL,true,,,F
dataflow,IMF.STA:QNEA(7.0.0),R,RUS,P52_PS,V,NSA,XDC,Q,2016-Q2,290350000000,0,,,,,,,,,L,,,O,OL,true,,,F
dataflow,IMF.STA:QNEA(7.0.0),R,RUS,P52_PS,V,NSA,XDC,Q,2016-Q3,1585191700000,0,,,,,,,,,L,,,O,OL,true,,,F
dataflow,IMF.STA:QNEA(7.0.0),R,RUS,P52_PS,V,NSA,XDC,Q,2016-Q4,-901220600000,0,,,,,,,,,L,,,O,OL,true,,,F
dataflow,IMF.STA:QNEA(7.0.0),R,RUS,P52_PS,V,NSA,XDC,Q,2017-Q1,40887100000,0,,,,,,,,,L,,,O,OL,true,,,F
dataflow,IMF.STA:QNEA(7.0.0),R,RUS,P52_PS,V,NSA,XDC,Q,2017-Q2,699868200000,0,,,,,,,,,L,,,O,OL,true,,,F
dataflow,IMF.STA:QNEA(7.0.0),R,RUS,P52_PS,V,NSA,XDC,Q,2017-Q3,1513479400000,0,,,,,,,,,L,,,O,OL,true,,,F
dataflow,IMF.STA:QNEA(7.0.0),R,RUS,P52_PS,V,NSA,XDC,Q,2017-Q4,-762120600000,0,,,,,,,,,L,,,O,OL,true,,,F
dataflow,IMF.STA:QNEA(7.0.0),R,RUS,P52_PS,V,NSA,XDC,Q,2018-Q1,-24049100000,0,,,,,,,,,L,,,O,OL,true,,,F
dataflow,IMF.STA:QNEA(7.0.0),R,RUS,P52_PS,V,NSA,XDC,Q,2018-Q2,1353519000000,0,,,,,,,,,L,,,O,OL,true,,,F
dataflow,IMF.STA:QNEA(7.0.0),R,RUS,P52_PS,V,NSA,XDC,Q,2018-Q3,1101002600000,0,,,,,,,,,L,,,O,OL,true,,,F
dataflow,IMF.STA:QNEA(7.0.0),R,RUS,P52_PS,V,NSA,XDC,Q,2018-Q4,-1118069600000,0,,,,,,,,,L,,,O,OL,true,,,F
dataflow,IMF.STA:QNEA(7.0.0),R,RUS,P52_PS,V,NSA,XDC,Q,2019-Q1,1011400000,0,,,,,,,,,L,,,O,OL,true,,,F
dataflow,IMF.STA:QNEA(7.0.0),R,RUS,P52_PS,V,NSA,XDC,Q,2019-Q2,961152400000,0,,,,,,,,,L,,,O,OL,true,,,F
dataflow,IMF.STA:QNEA(7.0.0),R,RUS,P52_PS,V,NSA,XDC,Q,2019-Q3,1806167300000,0,,,,,,,,,L,,,O,OL,true,,,F
dataflow,IMF.STA:QNEA(7.0.0),R,RUS,P52_PS,V,NSA,XDC,Q,2019-Q4,-840174900000,0,,,,,,,,,L,,,O,OL,true,,,F
dataflow,IMF.STA:QNEA(7.0.0),R,RUS,P52_PS,V,NSA,XDC,Q,2020-Q1,-14374300000,0,,,,,,,,,L,,,O,OL,true,,,F
dataflow,IMF.STA:QNEA(7.0.0),R,RUS,P52_PS,V,NSA,XDC,Q,2020-Q2,1182660000000,0,,,,,,,,,L,,,O,OL,true,,,F
dataflow,IMF.STA:QNEA(7.0.0),R,RUS,P52_PS,V,NSA,XDC,Q,2020-Q3,1215715600000,0,,,,,,,,,L,,,O,OL,true,,,F
dataflow,IMF.STA:QNEA(7.0.0),R,RUS,P52_PS,V,NSA,XDC,Q,2020-Q4,-342893100000,0,,,,,,,,,L,,,O,OL,true,,,F
dataflow,IMF.STA:QNEA(7.0.0),R,RUS,P52_PS,V,NSA,XDC,Q,2021-Q1,1135019000000,0,,,,,,,,,L,,,O,OL,true,,,F
dataflow,IMF.STA:QNEA(7.0.0),R,RUS,P52_PS,V,NSA,XDC,Q,2021-Q2,1533056300000,0,,,,,,,,,L,,,O,OL,true,,,F
dataflow,IMF.STA:QNEA(7.0.0),R,RUS,P52_PS,V,NSA,XDC,Q,2021-Q3,1823731700000,0,,,,,,,,,L,,,O,OL,true,,,F
dataflow,IMF.STA:QNEA(7.0.0),R,RUS,P52_PS,V,NSA,XDC,Q,2021-Q4,485112100000,0,,,,,,,,,L,,,O,OL,true,,,F
dataflow,IMF.STA:QNEA(7.0.0),R,RUS,P52_PS,V,NSA,XDC,Q,2022-Q1,1356543600000,0,,,,,,,,,L,,,O,OL,true,,,F
dataflow,IMF.STA:QNEA(7.0.0),R,RUS,P52_PS,V,NSA,XDC,Q,2022-Q2,596968900000,0,,,,,,,,,L,,,O,OL,true,,,F
dataflow,IMF.STA:QNEA(7.0.0),R,RUS,P52_PS,V,NSA,XDC,Q,2022-Q3,2080702300000,0,,,,,,,,,L,,,O,OL,true,,,F
dataflow,IMF.STA:QNEA(7.0.0),R,RUS,P52_PS,V,NSA,XDC,Q,2022-Q4,760266900000,0,,,,,,,,,L,,,O,OL,true,,,F
dataflow,IMF.STA:QNEA(7.0.0),R,RUS,P52_PS,V,NSA,XDC,Q,2023-Q1,1370037600000,0,,,,,,,,,L,,,O,OL,true,,,F
dataflow,IMF.STA:QNEA(7.0.0),R,RUS,P52_PS,V,NSA,XDC,Q,2023-Q2,1862644400000,0,,,,,,,,,L,,,O,OL,true,,,F
dataflow,IMF.STA:QNEA(7.0.0),R,RUS,P52_PS,V,NSA,XDC,Q,2023-Q3,3204938800000,0,,,,,,,,,L,,,O,OL,true,,,F
dataflow,IMF.STA:QNEA(7.0.0),R,RUS,P52_PS,V,NSA,XDC,Q,2023-Q4,2621584700000,0,,,,,,,,,L,,,O,OL,true,,,F
dataflow,IMF.STA:QNEA(7.0.0),R,RUS,P52_PS,V,NSA,XDC,Q,2024-Q1,1420470900000,0,,,,,,,,,L,,,O,OL,true,,,F
dataflow,IMF.STA:QNEA(7.0.0),R,RUS,P52_PS,V,NSA,XDC,Q,2024-Q2,1497713800000,0,,,,,,,,,L,,,O,OL,true,,,F
dataflow,IMF.STA:QNEA(7.0.0),R,RUS,P52_PS,V,NSA,XDC,Q,2024-Q3,2834488200000,0,,,,,,,,,L,,,O,OL,true,,,F
dataflow,IMF.STA:QNEA(7.0.0),R,RUS,P52_PS,V,NSA,XDC,Q,2024-Q4,2433035100000,0,,,,,,,,,L,,,O,OL,true,,,F
dataflow,IMF.STA:QNEA(7.0.0),R,RUS,P52_PS,V,NSA,XDC,Q,2025-Q1,1738843500000,0,,,,,,,,,L,,,O,OL,true,,,F
dataflow,IMF.STA:QNEA(7.0.0),R,RUS,P52_PS,V,NSA,XDC,Q,2025-Q2,2033682200000,0,,,,,,,,,L,,,O,OL,true,,,F
dataflow,IMF.STA:QNEA(7.0.0),R,RUS,P52_PS,V,NSA,XDC,Q,2025-Q3,983128400000,0,,,,,,,,,L,,,O,OL,true,,,F
dataflow,IMF.STA:QNEA(7.0.0),R,RUS,P52_PS,V,NSA,XDC,Q,2025-Q4,1248037100000,0,,,,,,,,,L,,,O,OL,true,,,F
dataflow,IMF.STA:QNEA(7.0.0),R,RUS,P52_PS,V,NSA,XDC,Q,2026-Q1,1604378000000,0,,,,,,,,,L,,,O,OL,true,,,F
dataflow,IMF.STA:QNEA(7.0.0),R,RUS,P53,Q,NSA,USD,Q,,,0,,,,,,,,,L,,,,OL,,2021,,
dataflow,IMF.STA:QNEA(7.0.0),R,RUS,P53,Q,NSA,XDC,Q,2011-Q1,176798200000,0,,,,,,,,,L,,,O,OL,true,2021,,F
dataflow,IMF.STA:QNEA(7.0.0),R,RUS,P53,Q,NSA,XDC,Q,2011-Q2,144547300000,0,,,,,,,,,L,,,O,OL,true,2021,,F
dataflow,IMF.STA:QNEA(7.0.0),R,RUS,P53,Q,NSA,XDC,Q,2011-Q3,141110000000,0,,,,,,,,,L,,,O,OL,true,2021,,F
dataflow,IMF.STA:QNEA(7.0.0),R,RUS,P53,Q,NSA,XDC,Q,2011-Q4,160325900000,0,,,,,,,,,L,,,O,OL,true,2021,,F
dataflow,IMF.STA:QNEA(7.0.0),R,RUS,P53,Q,NSA,XDC,Q,2012-Q1,126797300000,0,,,,,,,,,L,,,O,OL,true,2021,,F
dataflow,IMF.STA:QNEA(7.0.0),R,RUS,P53,Q,NSA,XDC,Q,2012-Q2,104225300000,0,,,,,,,,,L,,,O,OL,true,2021,,F
dataflow,IMF.STA:QNEA(7.0.0),R,RUS,P53,Q,NSA,XDC,Q,2012-Q3,113783800000,0,,,,,,,,,L,,,O,OL,true,2021,,F
dataflow,IMF.STA:QNEA(7.0.0),R,RUS,P53,Q,NSA,XDC,Q,2012-Q4,126326500000,0,,,,,,,,,L,,,O,OL,true,2021,,F
dataflow,IMF.STA:QNEA(7.0.0),R,RUS,P53,Q,NSA,XDC,Q,2013-Q1,131760400000,0,,,,,,,,,L,,,O,OL,true,2021,,F
dataflow,IMF.STA:QNEA(7.0.0),R,RUS,P53,Q,NSA,XDC,Q,2013-Q2,108218500000,0,,,,,,,,,L,,,O,OL,true,2021,,F
dataflow,IMF.STA:QNEA(7.0.0),R,RUS,P53,Q,NSA,XDC,Q,2013-Q3,118151800000,0,,,,,,,,,L,,,O,OL,true,2021,,F
dataflow,IMF.STA:QNEA(7.0.0),R,RUS,P53,Q,NSA,XDC,Q,2013-Q4,130992500000,0,,,,,,,,,L,,,O,OL,true,2021,,F
dataflow,IMF.STA:QNEA(7.0.0),R,RUS,P53,V,NSA,USD,Q,,,0,,,,,,,,,L,,,,OL,,,,
dataflow,IMF.STA:QNEA(7.0.0),R,RUS,P53,V,NSA,XDC,Q,2011-Q1,80332100000,0,,,,,,,,,L,,,O,OL,true,,,F
dataflow,IMF.STA:QNEA(7.0.0),R,RUS,P53,V,NSA,XDC,Q,2011-Q2,83171300000,0,,,,,,,,,L,,,O,OL,true,,,F
dataflow,IMF.STA:QNEA(7.0.0),R,RUS,P53,V,NSA,XDC,Q,2011-Q3,87638700000,0,,,,,,,,,L,,,O,OL,true,,,F
dataflow,IMF.STA:QNEA(7.0.0),R,RUS,P53,V,NSA,XDC,Q,2011-Q4,95371800000,0,,,,,,,,,L,,,O,OL,true,,,F
dataflow,IMF.STA:QNEA(7.0.0),R,RUS,P53,V,NSA,XDC,Q,2012-Q1,71799900000,0,,,,,,,,,L,,,O,OL,true,,,F
dataflow,IMF.STA:QNEA(7.0.0),R,RUS,P53,V,NSA,XDC,Q,2012-Q2,70338900000,0,,,,,,,,,L,,,O,OL,true,,,F
dataflow,IMF.STA:QNEA(7.0.0),R,RUS,P53,V,NSA,XDC,Q,2012-Q3,74545100000,0,,,,,,,,,L,,,O,OL,true,,,F
dataflow,IMF.STA:QNEA(7.0.0),R,RUS,P53,V,NSA,XDC,Q,2012-Q4,76251800000,0,,,,,,,,,L,,,O,OL,true,,,F
dataflow,IMF.STA:QNEA(7.0.0),R,RUS,P53,V,NSA,XDC,Q,2013-Q1,72499700000,0,,,,,,,,,L,,,O,OL,true,,,F
dataflow,IMF.STA:QNEA(7.0.0),R,RUS,P53,V,NSA,XDC,Q,2013-Q2,65539800000,0,,,,,,,,,L,,,O,OL,true,,,F
dataflow,IMF.STA:QNEA(7.0.0),R,RUS,P53,V,NSA,XDC,Q,2013-Q3,64039900000,0,,,,,,,,,L,,,O,OL,true,,,F
dataflow,IMF.STA:QNEA(7.0.0),R,RUS,P53,V,NSA,XDC,Q,2013-Q4,61808900000,0,,,,,,,,,L,,,O,OL,true,,,F
dataflow,IMF.STA:QNEA(7.0.0),R,RUS,P6,Q,NSA,USD,Q,,,0,,,,,,,,,L,,,,OL,,2021,,
dataflow,IMF.STA:QNEA(7.0.0),R,RUS,P6,Q,NSA,XDC,Q,2011-Q1,4659082400000,0,,,,,,,,,L,,,O,OL,true,2021,,F
dataflow,IMF.STA:QNEA(7.0.0),R,RUS,P6,Q,NSA,XDC,Q,2011-Q2,4991113600000,0,,,,,,,,,L,,,O,OL,true,2021,,F
dataflow,IMF.STA:QNEA(7.0.0),R,RUS,P6,Q,NSA,XDC,Q,2011-Q3,4655345100000,0,,,,,,,,,L,,,O,OL,true,2021,,F
dataflow,IMF.STA:QNEA(7.0.0),R,RUS,P6,Q,NSA,XDC,Q,2011-Q4,5122221500000,0,,,,,,,,,L,,,O,OL,true,2021,,F
dataflow,IMF.STA:QNEA(7.0.0),R,RUS,P6,Q,NSA,XDC,Q,2012-Q1,4853828100000,0,,,,,,,,,L,,,O,OL,true,2021,,F
dataflow,IMF.STA:QNEA(7.0.0),R,RUS,P6,Q,NSA,XDC,Q,2012-Q2,4886113300000,0,,,,,,,,,L,,,O,OL,true,2021,,F
dataflow,IMF.STA:QNEA(7.0.0),R,RUS,P6,Q,NSA,XDC,Q,2012-Q3,4720679900000,0,,,,,,,,,L,,,O,OL,true,2021,,F
dataflow,IMF.STA:QNEA(7.0.0),R,RUS,P6,Q,NSA,XDC,Q,2012-Q4,5231429200000,0,,,,,,,,,L,,,O,OL,true,2021,,F
dataflow,IMF.STA:QNEA(7.0.0),R,RUS,P6,Q,NSA,XDC,Q,2013-Q1,4885973800000,0,,,,,,,,,L,,,O,OL,true,2021,,F
dataflow,IMF.STA:QNEA(7.0.0),R,RUS,P6,Q,NSA,XDC,Q,2013-Q2,5139299700000,0,,,,,,,,,L,,,O,OL,true,2021,,F
dataflow,IMF.STA:QNEA(7.0.0),R,RUS,P6,Q,NSA,XDC,Q,2013-Q3,5079360800000,0,,,,,,,,,L,,,O,OL,true,2021,,F
dataflow,IMF.STA:QNEA(7.0.0),R,RUS,P6,Q,NSA,XDC,Q,2013-Q4,5485763200000,0,,,,,,,,,L,,,O,OL,true,2021,,F
dataflow,IMF.STA:QNEA(7.0.0),R,RUS,P6,Q,NSA,XDC,Q,2014-Q1,8016563000000,0,,,,,,,,,L,,,O,OL,true,2021,,F
dataflow,IMF.STA:QNEA(7.0.0),R,RUS,P6,Q,NSA,XDC,Q,2014-Q2,8846813300000,0,,,,,,,,,L,,,O,OL,true,2021,,F
dataflow,IMF.STA:QNEA(7.0.0),R,RUS,P6,Q,NSA,XDC,Q,2014-Q3,8757591700000,0,,,,,,,,,L,,,O,OL,true,2021,,F
dataflow,IMF.STA:QNEA(7.0.0),R,RUS,P6,Q,NSA,XDC,Q,2014-Q4,8588621500000,0,,,,,,,,,L,,,O,OL,true,2021,,F
dataflow,IMF.STA:QNEA(7.0.0),R,RUS,P6,Q,NSA,XDC,Q,2015-Q1,8418469300000,0,,,,,,,,,L,,,O,OL,true,2021,,F
dataflow,IMF.STA:QNEA(7.0.0),R,RUS,P6,Q,NSA,XDC,Q,2015-Q2,9004756600000,0,,,,,,,,,L,,,O,OL,true,2021,,F
dataflow,IMF.STA:QNEA(7.0.0),R,RUS,P6,Q,NSA,XDC,Q,2015-Q3,8678097500000,0,,,,,,,,,L,,,O,OL,true,2021,,F
dataflow,IMF.STA:QNEA(7.0.0),R,RUS,P6,Q,NSA,XDC,Q,2015-Q4,9364883500000,0,,,,,,,,,L,,,O,OL,true,2021,,F
dataflow,IMF.STA:QNEA(7.0.0),R,RUS,P6,Q,NSA,XDC,Q,2016-Q1,8066335800000,0,,,,,,,,,L,,,O,OL,true,2021,,F
dataflow,IMF.STA:QNEA(7.0.0),R,RUS,P6,Q,NSA,XDC,Q,2016-Q2,9200775800000,0,,,,,,,,,L,,,O,OL,true,2021,,F
dataflow,IMF.STA:QNEA(7.0.0),R,RUS,P6,Q,NSA,XDC,Q,2016-Q3,9440281500000,0,,,,,,,,,L,,,O,OL,true,2021,,F
dataflow,IMF.STA:QNEA(7.0.0),R,RUS,P6,Q,NSA,XDC,Q,2016-Q4,9882521700000,0,,,,,,,,,L,,,O,OL,true,2021,,F
dataflow,IMF.STA:QNEA(7.0.0),R,RUS,P6,Q,NSA,XDC,Q,2017-Q1,8641453500000,0,,,,,,,,,L,,,O,OL,true,2021,,F
dataflow,IMF.STA:QNEA(7.0.0),R,RUS,P6,Q,NSA,XDC,Q,2017-Q2,9501761700000,0,,,,,,,,,L,,,O,OL,true,2021,,F
dataflow,IMF.STA:QNEA(7.0.0),R,RUS,P6,Q,NSA,XDC,Q,2017-Q3,9869683800000,0,,,,,,,,,L,,,O,OL,true,2021,,F
dataflow,IMF.STA:QNEA(7.0.0),R,RUS,P6,Q,NSA,XDC,Q,2017-Q4,10411637600000,0,,,,,,,,,L,,,O,OL,true,2021,,F
dataflow,IMF.STA:QNEA(7.0.0),R,RUS,P6,Q,NSA,XDC,Q,2018-Q1,9253145500000,0,,,,,,,,,L,,,O,OL,true,2021,,F
dataflow,IMF.STA:QNEA(7.0.0),R,RUS,P6,Q,NSA,XDC,Q,2018-Q2,10244347200000,0,,,,,,,,,L,,,O,OL,true,2021,,F
dataflow,IMF.STA:QNEA(7.0.0),R,RUS,P6,Q,NSA,XDC,Q,2018-Q3,10350292600000,0,,,,,,,,,L,,,O,OL,true,2021,,F
dataflow,IMF.STA:QNEA(7.0.0),R,RUS,P6,Q,NSA,XDC,Q,2018-Q4,10710893200000,0,,,,,,,,,L,,,O,OL,true,2021,,F
dataflow,IMF.STA:QNEA(7.0.0),R,RUS,P6,Q,NSA,XDC,Q,2019-Q1,9556979400000,0,,,,,,,,,L,,,O,OL,true,2021,,F
dataflow,IMF.STA:QNEA(7.0.0),R,RUS,P6,Q,NSA,XDC,Q,2019-Q2,10009573200000,0,,,,,,,,,L,,,O,OL,true,2021,,F
dataflow,IMF.STA:QNEA(7.0.0),R,RUS,P6,Q,NSA,XDC,Q,2019-Q3,10563427200000,0,,,,,,,,,L,,,O,OL,true,2021,,F
dataflow,IMF.STA:QNEA(7.0.0),R,RUS,P6,Q,NSA,XDC,Q,2019-Q4,10725808700000,0,,,,,,,,,L,,,O,OL,true,2021,,F
dataflow,IMF.STA:QNEA(7.0.0),R,RUS,P6,Q,NSA,XDC,Q,2020-Q1,9334140000000,0,,,,,,,,,L,,,O,OL,true,2021,,F
dataflow,IMF.STA:QNEA(7.0.0),R,RUS,P6,Q,NSA,XDC,Q,2020-Q2,10024804100000,0,,,,,,,,,L,,,O,OL,true,2021,,F
dataflow,IMF.STA:QNEA(7.0.0),R,RUS,P6,Q,NSA,XDC,Q,2020-Q3,9731566100000,0,,,,,,,,,L,,,O,OL,true,2021,,F
dataflow,IMF.STA:QNEA(7.0.0),R,RUS,P6,Q,NSA,XDC,Q,2020-Q4,10061437700000,0,,,,,,,,,L,,,O,OL,true,2021,,F
dataflow,IMF.STA:QNEA(7.0.0),R,RUS,P6,Q,NSA,XDC,Q,2021-Q1,3176721800000,0,,,,,,,,,L,,,O,OL,true,2021,,F
dataflow,IMF.STA:QNEA(7.0.0),R,RUS,P6,Q,NSA,XDC,Q,2021-Q2,2804815900000,0,,,,,,,,,L,,,O,OL,true,2021,,F
dataflow,IMF.STA:QNEA(7.0.0),R,RUS,P6,Q,NSA,XDC,Q,2021-Q3,3509188200000,0,,,,,,,,,L,,,O,OL,true,2021,,F
dataflow,IMF.STA:QNEA(7.0.0),R,RUS,P6,Q,NSA,XDC,Q,2021-Q4,3198690000000,0,,,,,,,,,L,,,O,OL,true,2021,,F
dataflow,IMF.STA:QNEA(7.0.0),R,RUS,P6,V,NSA,USD,Q,,,0,,,,,,,,,L,,,,OL,,,,
dataflow,IMF.STA:QNEA(7.0.0),R,RUS,P6,V,NSA,XDC,Q,1993-Q3,16924000000,0,,,,,,,,,L,,,O,OL,true,,,F
dataflow,IMF.STA:QNEA(7.0.0),R,RUS,P6,V,NSA,XDC,Q,1993-Q4,27892000000,0,,,,,,,,,L,,,O,OL,true,,,F
dataflow,IMF.STA:QNEA(7.0.0),R,RUS,P6,V,NSA,XDC,Q,1994-Q1,23227000000,0,,,,,,,,,L,,,O,OL,true,,,F
dataflow,IMF.STA:QNEA(7.0.0),R,RUS,P6,V,NSA,XDC,Q,1994-Q2,35504000000,0,,,,,,,,,L,,,O,OL,true,,,F
dataflow,IMF.STA:QNEA(7.0.0),R,RUS,P6,V,NSA,XDC,Q,1994-Q3,44417000000,0,,,,,,,,,L,,,O,OL,true,,,F
dataflow,IMF.STA:QNEA(7.0.0),R,RUS,P6,V,NSA,XDC,Q,1994-Q4,66387000000,0,,,,,,,,,L,,,O,OL,true,,,F
dataflow,IMF.STA:QNEA(7.0.0),R,RUS,P6,V,NSA,XDC,Q,1995-Q1,88538800000,0,,,,,,,,,L,,,O,OL,true,,,F
dataflow,IMF.STA:QNEA(7.0.0),R,RUS,P6,V,NSA,XDC,Q,1995-Q2,113929900000,0,,,,,,,,,L,,,O,OL,true,,,F
dataflow,IMF.STA:QNEA(7.0.0),R,RUS,P6,V,NSA,XDC,Q,1995-Q3,101879600000,0,,,,,,,,,L,,,O,OL,true,,,F
dataflow,IMF.STA:QNEA(7.0.0),R,RUS,P6,V,NSA,XDC,Q,1995-Q4,114120200000,0,,,,,,,,,L,,,O,OL,true,,,F
dataflow,IMF.STA:QNEA(7.0.0),R,RUS,P6,V,NSA,XDC,Q,1996-Q1,110161200000,0,,,,,,,,,L,,,O,OL,true,,,F
dataflow,IMF.STA:QNEA(7.0.0),R,RUS,P6,V,NSA,XDC,Q,1996-Q2,123522200000,0,,,,,,,,,L,,,O,OL,true,,,F
dataflow,IMF.STA:QNEA(7.0.0),R,RUS,P6,V,NSA,XDC,Q,1996-Q3,134732500000,0,,,,,,,,,L,,,O,OL,true,,,F
dataflow,IMF.STA:QNEA(7.0.0),R,RUS,P6,V,NSA,XDC,Q,1996-Q4,155047200000,0,,,,,,,,,L,,,O,OL,true,,,F
dataflow,IMF.STA:QNEA(7.0.0),R,RUS,P6,V,NSA,XDC,Q,1997-Q1,130325500000,0,,,,,,,,,L,,,O,OL,true,,,F
dataflow,IMF.STA:QNEA(7.0.0),R,RUS,P6,V,NSA,XDC,Q,1997-Q2,135132700000,0,,,,,,,,,L,,,O,OL,true,,,F
dataflow,IMF.STA:QNEA(7.0.0),R,RUS,P6,V,NSA,XDC,Q,1997-Q3,148419200000,0,,,,,,,,,L,,,O,OL,true,,,F
dataflow,IMF.STA:QNEA(7.0.0),R,RUS,P6,V,NSA,XDC,Q,1997-Q4,165409100000,0,,,,,,,,,L,,,O,OL,true,,,F
dataflow,IMF.STA:QNEA(7.0.0),R,RUS,P6,V,NSA,XDC,Q,1998-Q1,124766600000,0,,,,,,,,,L,,,O,OL,true,,,F
dataflow,IMF.STA:QNEA(7.0.0),R,RUS,P6,V,NSA,XDC,Q,1998-Q2,133059300000,0,,,,,,,,,L,,,O,OL,true,,,F
dataflow,IMF.STA:QNEA(7.0.0),R,RUS,P6,V,NSA,XDC,Q,1998-Q3,197356500000,0,,,,,,,,,L,,,O,OL,true,,,F
dataflow,IMF.STA:QNEA(7.0.0),R,RUS,P6,V,NSA,XDC,Q,1998-Q4,365861000000,0,,,,,,,,,L,,,O,OL,true,,,F
dataflow,IMF.STA:QNEA(7.0.0),R,RUS,P6,V,NSA,XDC,Q,1999-Q1,388369500000,0,,,,,,,,,L,,,O,OL,true,,,F
dataflow,IMF.STA:QNEA(7.0.0),R,RUS,P6,V,NSA,XDC,Q,1999-Q2,470920200000,0,,,,,,,,,L,,,O,OL,true,,,F
dataflow,IMF.STA:QNEA(7.0.0),R,RUS,P6,V,NSA,XDC,Q,1999-Q3,528916000000,0,,,,,,,,,L,,,O,OL,true,,,F
dataflow,IMF.STA:QNEA(7.0.0),R,RUS,P6,V,NSA,XDC,Q,1999-Q4,696379400000,0,,,,,,,,,L,,,O,OL,true,,,F
dataflow,IMF.STA:QNEA(7.0.0),R,RUS,P6,V,NSA,XDC,Q,2000-Q1,755232900000,0,,,,,,,,,L,,,O,OL,true,,,F
dataflow,IMF.STA:QNEA(7.0.0),R,RUS,P6,V,NSA,XDC,Q,2000-Q2,803004000000,0,,,,,,,,,L,,,O,OL,true,,,F
dataflow,IMF.STA:QNEA(7.0.0),R,RUS,P6,V,NSA,XDC,Q,2000-Q3,834093800000,0,,,,,,,,,L,,,O,OL,true,,,F
dataflow,IMF.STA:QNEA(7.0.0),R,RUS,P6,V,NSA,XDC,Q,2000-Q4,826535600000,0,,,,,,,,,L,,,O,OL,true,,,F
dataflow,IMF.STA:QNEA(7.0.0),R,RUS,P6,V,NSA,XDC,Q,2001-Q1,792720500000,0,,,,,,,,,L,,,O,OL,true,,,F
dataflow,IMF.STA:QNEA(7.0.0),R,RUS,P6,V,NSA,XDC,Q,2001-Q2,838783600000,0,,,,,,,,,L,,,O,OL,true,,,F
dataflow,IMF.STA:QNEA(7.0.0),R,RUS,P6,V,NSA,XDC,Q,2001-Q3,848639500000,0,,,,,,,,,L,,,O,OL,true,,,F
dataflow,IMF.STA:QNEA(7.0.0),R,RUS,P6,V,NSA,XDC,Q,2001-Q4,819418100000,0,,,,,,,,,L,,,O,OL,true,,,F
dataflow,IMF.STA:QNEA(7.0.0),R,RUS,P6,V,NSA,XDC,Q,2002-Q1,759484100000,0,,,,,,,,,L,,,O,OL,true,,,F
dataflow,IMF.STA:QNEA(7.0.0),R,RUS,P6,V,NSA,XDC,Q,2002-Q2,929491200000,0,,,,,,,,,L,,,O,OL,true,,,F
dataflow,IMF.STA:QNEA(7.0.0),R,RUS,P6,V,NSA,XDC,Q,2002-Q3,1043161300000,0,,,,,,,,,L,,,O,OL,true,,,F
dataflow,IMF.STA:QNEA(7.0.0),R,RUS,P6,V,NSA,XDC,Q,2002-Q4,1081558000000,0,,,,,,,,,L,,,O,OL,true,,,F
dataflow,IMF.STA:QNEA(7.0.0),R,RUS,P6,V,NSA,XDC,Q,2003-Q1,1081054600000,0,,,,,,,,,L,,,O,OL,true,,,F
dataflow,IMF.STA:QNEA(7.0.0),R,RUS,P6,V,NSA,XDC,Q,2003-Q2,1103083900000,0,,,,,,,,,L,,,O,OL,true,,,F
dataflow,IMF.STA:QNEA(7.0.0),R,RUS,P6,V,NSA,XDC,Q,2003-Q3,1206569400000,0,,,,,,,,,L,,,O,OL,true,,,F
dataflow,IMF.STA:QNEA(7.0.0),R,RUS,P6,V,NSA,XDC,Q,2003-Q4,1265172400000,0,,,,,,,,,L,,,O,OL,true,,,F
dataflow,IMF.STA:QNEA(7.0.0),R,RUS,P6,V,NSA,XDC,Q,2004-Q1,1180001600000,0,,,,,,,,,L,,,O,OL,true,,,F
dataflow,IMF.STA:QNEA(7.0.0),R,RUS,P6,V,NSA,XDC,Q,2004-Q2,1391301500000,0,,,,,,,,,L,,,O,OL,true,,,F
dataflow,IMF.STA:QNEA(7.0.0),R,RUS,P6,V,NSA,XDC,Q,2004-Q3,1585597200000,0,,,,,,,,,L,,,O,OL,true,,,F
dataflow,IMF.STA:QNEA(7.0.0),R,RUS,P6,V,NSA,XDC,Q,2004-Q4,1703496600000,0,,,,,,,,,L,,,O,OL,true,,,F
dataflow,IMF.STA:QNEA(7.0.0),R,RUS,P6,V,NSA,XDC,Q,2005-Q1,1531300200000,0,,,,,,,,,L,,,O,OL,true,,,F
dataflow,IMF.STA:QNEA(7.0.0),R,RUS,P6,V,NSA,XDC,Q,2005-Q2,1844822600000,0,,,,,,,,,L,,,O,OL,true,,,F
dataflow,IMF.STA:QNEA(7.0.0),R,RUS,P6,V,NSA,XDC,Q,2005-Q3,2049628100000,0,,,,,,,,,L,,,O,OL,true,,,F
dataflow,IMF.STA:QNEA(7.0.0),R,RUS,P6,V,NSA,XDC,Q,2005-Q4,2181505600000,0,,,,,,,,,L,,,O,OL,true,,,F
dataflow,IMF.STA:QNEA(7.0.0),R,RUS,P6,V,NSA,XDC,Q,2006-Q1,2062926200000,0,,,,,,,,,L,,,O,OL,true,,,F
dataflow,IMF.STA:QNEA(7.0.0),R,RUS,P6,V,NSA,XDC,Q,2006-Q2,2288715700000,0,,,,,,,,,L,,,O,OL,true,,,F
dataflow,IMF.STA:QNEA(7.0.0),R,RUS,P6,V,NSA,XDC,Q,2006-Q3,2373842100000,0,,,,,,,,,L,,,O,OL,true,,,F
dataflow,IMF.STA:QNEA(7.0.0),R,RUS,P6,V,NSA,XDC,Q,2006-Q4,2353848700000,0,,,,,,,,,L,,,O,OL,true,,,F
dataflow,IMF.STA:QNEA(7.0.0),R,RUS,P6,V,NSA,XDC,Q,2007-Q1,2086190600000,0,,,,,,,,,L,,,O,OL,true,,,F
dataflow,IMF.STA:QNEA(7.0.0),R,RUS,P6,V,NSA,XDC,Q,2007-Q2,2405512300000,0,,,,,,,,,L,,,O,OL,true,,,F
dataflow,IMF.STA:QNEA(7.0.0),R,RUS,P6,V,NSA,XDC,Q,2007-Q3,2558269600000,0,,,,,,,,,L,,,O,OL,true,,,F
dataflow,IMF.STA:QNEA(7.0.0),R,RUS,P6,V,NSA,XDC,Q,2007-Q4,2978789600000,0,,,,,,,,,L,,,O,OL,true,,,F
dataflow,IMF.STA:QNEA(7.0.0),R,RUS,P6,V,NSA,XDC,Q,2008-Q1,2921923600000,0,,,,,,,,,L,,,O,OL,true,,,F
dataflow,IMF.STA:QNEA(7.0.0),R,RUS,P6,V,NSA,XDC,Q,2008-Q2,3307101200000,0,,,,,,,,,L,,,O,OL,true,,,F
dataflow,IMF.STA:QNEA(7.0.0),R,RUS,P6,V,NSA,XDC,Q,2008-Q3,3675159600000,0,,,,,,,,,L,,,O,OL,true,,,F
dataflow,IMF.STA:QNEA(7.0.0),R,RUS,P6,V,NSA,XDC,Q,2008-Q4,3019369300000,0,,,,,,,,,L,,,O,OL,true,,,F
dataflow,IMF.STA:QNEA(7.0.0),R,RUS,P6,V,NSA,XDC,Q,2009-Q1,2223971500000,0,,,,,,,,,L,,,O,OL,true,,,F
dataflow,IMF.STA:QNEA(7.0.0),R,RUS,P6,V,NSA,XDC,Q,2009-Q2,2535186500000,0,,,,,,,,,L,,,O,OL,true,,,F
dataflow,IMF.STA:QNEA(7.0.0),R,RUS,P6,V,NSA,XDC,Q,2009-Q3,2939106300000,0,,,,,,,,,L,,,O,OL,true,,,F
dataflow,IMF.STA:QNEA(7.0.0),R,RUS,P6,V,NSA,XDC,Q,2009-Q4,3143761900000,0,,,,,,,,,L,,,O,OL,true,,,F
dataflow,IMF.STA:QNEA(7.0.0),R,RUS,P6,V,NSA,XDC,Q,2010-Q1,3032387200000,0,,,,,,,,,L,,,O,OL,true,,,F
dataflow,IMF.STA:QNEA(7.0.0),R,RUS,P6,V,NSA,XDC,Q,2010-Q2,3276614000000,0,,,,,,,,,L,,,O,OL,true,,,F
dataflow,IMF.STA:QNEA(7.0.0),R,RUS,P6,V,NSA,XDC,Q,2010-Q3,3354186900000,0,,,,,,,,,L,,,O,OL,true,,,F
dataflow,IMF.STA:QNEA(7.0.0),R,RUS,P6,V,NSA,XDC,Q,2010-Q4,3866122800000,0,,,,,,,,,L,,,O,OL,true,,,F
dataflow,IMF.STA:QNEA(7.0.0),R,RUS,P6,V,NSA,XDC,Q,2011-Q1,3607149100000,0,,,,,,,,,L,,,O,OL,true,,,F
dataflow,IMF.STA:QNEA(7.0.0),R,RUS,P6,V,NSA,XDC,Q,2011-Q2,4156260100000,0,,,,,,,,,L,,,O,OL,true,,,F
dataflow,IMF.STA:QNEA(7.0.0),R,RUS,P6,V,NSA,XDC,Q,2011-Q3,4197227100000,0,,,,,,,,,L,,,O,OL,true,,,F
dataflow,IMF.STA:QNEA(7.0.0),R,RUS,P6,V,NSA,XDC,Q,2011-Q4,4904555900000,0,,,,,,,,,L,,,O,OL,true,,,F
dataflow,IMF.STA:QNEA(7.0.0),R,RUS,P6,V,NSA,XDC,Q,2012-Q1,4359428600000,0,,,,,,,,,L,,,O,OL,true,,,F
dataflow,IMF.STA:QNEA(7.0.0),R,RUS,P6,V,NSA,XDC,Q,2012-Q2,4551674300000,0,,,,,,,,,L,,,O,OL,true,,,F
dataflow,IMF.STA:QNEA(7.0.0),R,RUS,P6,V,NSA,XDC,Q,2012-Q3,4529696000000,0,,,,,,,,,L,,,O,OL,true,,,F
dataflow,IMF.STA:QNEA(7.0.0),R,RUS,P6,V,NSA,XDC,Q,2012-Q4,4883973400000,0,,,,,,,,,L,,,O,OL,true,,,F
dataflow,IMF.STA:QNEA(7.0.0),R,RUS,P6,V,NSA,XDC,Q,2013-Q1,4258030700000,0,,,,,,,,,L,,,O,OL,true,,,F
dataflow,IMF.STA:QNEA(7.0.0),R,RUS,P6,V,NSA,XDC,Q,2013-Q2,4577422000000,0,,,,,,,,,L,,,O,OL,true,,,F
dataflow,IMF.STA:QNEA(7.0.0),R,RUS,P6,V,NSA,XDC,Q,2013-Q3,4887107000000,0,,,,,,,,,L,,,O,OL,true,,,F
dataflow,IMF.STA:QNEA(7.0.0),R,RUS,P6,V,NSA,XDC,Q,2013-Q4,5140810500000,0,,,,,,,,,L,,,O,OL,true,,,F
dataflow,IMF.STA:QNEA(7.0.0),R,RUS,P6,V,NSA,XDC,Q,2014-Q1,4820031600000,0,,,,,,,,,L,,,O,OL,true,,,F
dataflow,IMF.STA:QNEA(7.0.0),R,RUS,P6,V,NSA,XDC,Q,2014-Q2,5227572500000,0,,,,,,,,,L,,,O,OL,true,,,F
dataflow,IMF.STA:QNEA(7.0.0),R,RUS,P6,V,NSA,XDC,Q,2014-Q3,5191721300000,0,,,,,,,,,L,,,O,OL,true,,,F
dataflow,IMF.STA:QNEA(7.0.0),R,RUS,P6,V,NSA,XDC,Q,2014-Q4,6186609200000,0,,,,,,,,,L,,,O,OL,true,,,F
dataflow,IMF.STA:QNEA(7.0.0),R,RUS,P6,V,NSA,XDC,Q,2015-Q1,6335393200000,0,,,,,,,,,L,,,O,OL,true,,,F
dataflow,IMF.STA:QNEA(7.0.0),R,RUS,P6,V,NSA,XDC,Q,2015-Q2,5500902200000,0,,,,,,,,,L,,,O,OL,true,,,F
dataflow,IMF.STA:QNEA(7.0.0),R,RUS,P6,V,NSA,XDC,Q,2015-Q3,5772771200000,0,,,,,,,,,L,,,O,OL,true,,,F
dataflow,IMF.STA:QNEA(7.0.0),R,RUS,P6,V,NSA,XDC,Q,2015-Q4,6239829300000,0,,,,,,,,,L,,,O,OL,true,,,F
dataflow,IMF.STA:QNEA(7.0.0),R,RUS,P6,V,NSA,XDC,Q,2016-Q1,5286447300000,0,,,,,,,,,L,,,O,OL,true,,,F
dataflow,IMF.STA:QNEA(7.0.0),R,RUS,P6,V,NSA,XDC,Q,2016-Q2,5301126900000,0,,,,,,,,,L,,,O,OL,true,,,F
dataflow,IMF.STA:QNEA(7.0.0),R,RUS,P6,V,NSA,XDC,Q,2016-Q3,5479666000000,0,,,,,,,,,L,,,O,OL,true,,,F
dataflow,IMF.STA:QNEA(7.0.0),R,RUS,P6,V,NSA,XDC,Q,2016-Q4,6068304900000,0,,,,,,,,,L,,,O,OL,true,,,F
dataflow,IMF.STA:QNEA(7.0.0),R,RUS,P6,V,NSA,XDC,Q,2017-Q1,5578091900000,0,,,,,,,,,L,,,O,OL,true,,,F
dataflow,IMF.STA:QNEA(7.0.0),R,RUS,P6,V,NSA,XDC,Q,2017-Q2,5629773900000,0,,,,,,,,,L,,,O,OL,true,,,F
dataflow,IMF.STA:QNEA(7.0.0),R,RUS,P6,V,NSA,XDC,Q,2017-Q3,5882856400000,0,,,,,,,,,L,,,O,OL,true,,,F
dataflow,IMF.STA:QNEA(7.0.0),R,RUS,P6,V,NSA,XDC,Q,2017-Q4,6871937200000,0,,,,,,,,,L,,,O,OL,true,,,F
dataflow,IMF.STA:QNEA(7.0.0),R,RUS,P6,V,NSA,XDC,Q,2018-Q1,6568935100000,0,,,,,,,,,L,,,O,OL,true,,,F
dataflow,IMF.STA:QNEA(7.0.0),R,RUS,P6,V,NSA,XDC,Q,2018-Q2,7753566200000,0,,,,,,,,,L,,,O,OL,true,,,F
dataflow,IMF.STA:QNEA(7.0.0),R,RUS,P6,V,NSA,XDC,Q,2018-Q3,8382270000000,0,,,,,,,,,L,,,O,OL,true,,,F
dataflow,IMF.STA:QNEA(7.0.0),R,RUS,P6,V,NSA,XDC,Q,2018-Q4,9277601500000,0,,,,,,,,,L,,,O,OL,true,,,F
dataflow,IMF.STA:QNEA(7.0.0),R,RUS,P6,V,NSA,XDC,Q,2019-Q1,7688382100000,0,,,,,,,,,L,,,O,OL,true,,,F
dataflow,IMF.STA:QNEA(7.0.0),R,RUS,P6,V,NSA,XDC,Q,2019-Q2,7564784700000,0,,,,,,,,,L,,,O,OL,true,,,F
dataflow,IMF.STA:QNEA(7.0.0),R,RUS,P6,V,NSA,XDC,Q,2019-Q3,7733884400000,0,,,,,,,,,L,,,O,OL,true,,,F
dataflow,IMF.STA:QNEA(7.0.0),R,RUS,P6,V,NSA,XDC,Q,2019-Q4,8178350400000,0,,,,,,,,,L,,,O,OL,true,,,F
dataflow,IMF.STA:QNEA(7.0.0),R,RUS,P6,V,NSA,XDC,Q,2020-Q1,6818208400000,0,,,,,,,,,L,,,O,OL,true,,,F
dataflow,IMF.STA:QNEA(7.0.0),R,RUS,P6,V,NSA,XDC,Q,2020-Q2,5837185200000,0,,,,,,,,,L,,,O,OL,true,,,F
dataflow,IMF.STA:QNEA(7.0.0),R,RUS,P6,V,NSA,XDC,Q,2020-Q3,6599081200000,0,,,,,,,,,L,,,O,OL,true,,,F
dataflow,IMF.STA:QNEA(7.0.0),R,RUS,P6,V,NSA,XDC,Q,2020-Q4,8222278700000,0,,,,,,,,,L,,,O,OL,true,,,F
dataflow,IMF.STA:QNEA(7.0.0),R,RUS,P6,V,NSA,XDC,Q,2021-Q1,7790390500000,0,,,,,,,,,L,,,O,OL,true,,,F
dataflow,IMF.STA:QNEA(7.0.0),R,RUS,P6,V,NSA,XDC,Q,2021-Q2,9471074300000,0,,,,,,,,,L,,,O,OL,true,,,F
dataflow,IMF.STA:QNEA(7.0.0),R,RUS,P6,V,NSA,XDC,Q,2021-Q3,10740575600000,0,,,,,,,,,L,,,O,OL,true,,,F
dataflow,IMF.STA:QNEA(7.0.0),R,RUS,P6,V,NSA,XDC,Q,2021-Q4,12419428900000,0,,,,,,,,,L,,,O,OL,true,,,F
dataflow,IMF.STA:QNEA(7.0.0),R,RUS,P6,V,NSA,XDC,Q,2022-Q1,14276029900000,0,,,,,,,,,L,,,O,OL,true,,,F
dataflow,IMF.STA:QNEA(7.0.0),R,RUS,P6,V,NSA,XDC,Q,2022-Q2,10390373100000,0,,,,,,,,,L,,,O,OL,true,,,F
dataflow,IMF.STA:QNEA(7.0.0),R,RUS,P6,V,NSA,XDC,Q,2022-Q3,9091839600000,0,,,,,,,,,L,,,O,OL,true,,,F
dataflow,IMF.STA:QNEA(7.0.0),R,RUS,P6,V,NSA,XDC,Q,2022-Q4,9746318800000,0,,,,,,,,,L,,,O,OL,true,,,F
dataflow,IMF.STA:QNEA(7.0.0),R,RUS,P6,V,NSA,XDC,Q,2023-Q1,8290746100000,0,,,,,,,,,L,,,O,OL,true,,,F
dataflow,IMF.STA:QNEA(7.0.0),R,RUS,P6,V,NSA,XDC,Q,2023-Q2,9206617700000,0,,,,,,,,,L,,,O,OL,true,,,F
dataflow,IMF.STA:QNEA(7.0.0),R,RUS,P6,V,NSA,XDC,Q,2023-Q3,11149570500000,0,,,,,,,,,L,,,O,OL,true,,,F
dataflow,IMF.STA:QNEA(7.0.0),R,RUS,P6,V,NSA,XDC,Q,2023-Q4,11033268800000,0,,,,,,,,,L,,,O,OL,true,,,F
dataflow,IMF.STA:QNEA(7.0.0),R,RUS,P6,V,NSA,XDC,Q,2024-Q1,10235492500000,0,,,,,,,,,L,,,O,OL,true,,,F
dataflow,IMF.STA:QNEA(7.0.0),R,RUS,P6,V,NSA,XDC,Q,2024-Q2,10544485500000,0,,,,,,,,,L,,,O,OL,true,,,F
dataflow,IMF.STA:QNEA(7.0.0),R,RUS,P6,V,NSA,XDC,Q,2024-Q3,10714754400000,0,,,,,,,,,L,,,O,OL,true,,,F
dataflow,IMF.STA:QNEA(7.0.0),R,RUS,P6,V,NSA,XDC,Q,2024-Q4,12725227400000,0,,,,,,,,,L,,,O,OL,true,,,F
dataflow,IMF.STA:QNEA(7.0.0),R,RUS,P6,V,NSA,XDC,Q,2025-Q1,9974374600000,0,,,,,,,,,L,,,O,OL,true,,,F
dataflow,IMF.STA:QNEA(7.0.0),R,RUS,P6,V,NSA,XDC,Q,2025-Q2,9065153300000,0,,,,,,,,,L,,,O,OL,true,,,F
dataflow,IMF.STA:QNEA(7.0.0),R,RUS,P6,V,NSA,XDC,Q,2025-Q3,9864931400000,0,,,,,,,,,L,,,O,OL,true,,,F
dataflow,IMF.STA:QNEA(7.0.0),R,RUS,P6,V,NSA,XDC,Q,2025-Q4,10097618200000,0,,,,,,,,,L,,,O,OL,true,,,F
dataflow,IMF.STA:QNEA(7.0.0),R,RUS,P6,V,NSA,XDC,Q,2026-Q1,8785379000000,0,,,,,,,,,L,,,O,OL,true,,,F
dataflow,IMF.STA:QNEA(7.0.0),R,RUS,P61,Q,NSA,USD,Q,,,0,,,,,,,,,L,,,,OL,,2021,,
dataflow,IMF.STA:QNEA(7.0.0),R,RUS,P61,Q,NSA,XDC,Q,2011-Q1,3961317800000,0,,,,,,,,,L,,,O,OL,true,2021,,F
dataflow,IMF.STA:QNEA(7.0.0),R,RUS,P61,Q,NSA,XDC,Q,2011-Q2,4156744500000,0,,,,,,,,,L,,,O,OL,true,2021,,F
dataflow,IMF.STA:QNEA(7.0.0),R,RUS,P61,Q,NSA,XDC,Q,2011-Q3,3751802900000,0,,,,,,,,,L,,,O,OL,true,2021,,F
dataflow,IMF.STA:QNEA(7.0.0),R,RUS,P61,Q,NSA,XDC,Q,2011-Q4,4201255400000,0,,,,,,,,,L,,,O,OL,true,2021,,F
dataflow,IMF.STA:QNEA(7.0.0),R,RUS,P61,Q,NSA,XDC,Q,2012-Q1,4093395200000,0,,,,,,,,,L,,,O,OL,true,2021,,F
dataflow,IMF.STA:QNEA(7.0.0),R,RUS,P61,Q,NSA,XDC,Q,2012-Q2,4033550200000,0,,,,,,,,,L,,,O,OL,true,2021,,F
dataflow,IMF.STA:QNEA(7.0.0),R,RUS,P61,Q,NSA,XDC,Q,2012-Q3,3807660400000,0,,,,,,,,,L,,,O,OL,true,2021,,F
dataflow,IMF.STA:QNEA(7.0.0),R,RUS,P61,Q,NSA,XDC,Q,2012-Q4,4250655700000,0,,,,,,,,,L,,,O,OL,true,2021,,F
dataflow,IMF.STA:QNEA(7.0.0),R,RUS,P61,Q,NSA,XDC,Q,2013-Q1,4054981500000,0,,,,,,,,,L,,,O,OL,true,2021,,F
dataflow,IMF.STA:QNEA(7.0.0),R,RUS,P61,Q,NSA,XDC,Q,2013-Q2,4177198200000,0,,,,,,,,,L,,,O,OL,true,2021,,F
dataflow,IMF.STA:QNEA(7.0.0),R,RUS,P61,Q,NSA,XDC,Q,2013-Q3,4075269900000,0,,,,,,,,,L,,,O,OL,true,2021,,F
dataflow,IMF.STA:QNEA(7.0.0),R,RUS,P61,Q,NSA,XDC,Q,2013-Q4,4464723800000,0,,,,,,,,,L,,,O,OL,true,2021,,F
dataflow,IMF.STA:QNEA(7.0.0),R,RUS,P61,Q,NSA,XDC,Q,2014-Q1,6952441100000,0,,,,,,,,,L,,,O,OL,true,2021,,F
dataflow,IMF.STA:QNEA(7.0.0),R,RUS,P61,Q,NSA,XDC,Q,2014-Q2,7730541800000,0,,,,,,,,,L,,,O,OL,true,2021,,F
dataflow,IMF.STA:QNEA(7.0.0),R,RUS,P61,Q,NSA,XDC,Q,2014-Q3,7592772100000,0,,,,,,,,,L,,,O,OL,true,2021,,F
dataflow,IMF.STA:QNEA(7.0.0),R,RUS,P61,Q,NSA,XDC,Q,2014-Q4,7558629200000,0,,,,,,,,,L,,,O,OL,true,2021,,F
dataflow,IMF.STA:QNEA(7.0.0),R,RUS,P61,Q,NSA,XDC,Q,2015-Q1,7486220800000,0,,,,,,,,,L,,,O,OL,true,2021,,F
dataflow,IMF.STA:QNEA(7.0.0),R,RUS,P61,Q,NSA,XDC,Q,2015-Q2,8099430600000,0,,,,,,,,,L,,,O,OL,true,2021,,F
dataflow,IMF.STA:QNEA(7.0.0),R,RUS,P61,Q,NSA,XDC,Q,2015-Q3,7721851900000,0,,,,,,,,,L,,,O,OL,true,2021,,F
dataflow,IMF.STA:QNEA(7.0.0),R,RUS,P61,Q,NSA,XDC,Q,2015-Q4,8413387100000,0,,,,,,,,,L,,,O,OL,true,2021,,F
dataflow,IMF.STA:QNEA(7.0.0),R,RUS,P61,Q,NSA,XDC,Q,2016-Q1,7236552700000,0,,,,,,,,,L,,,O,OL,true,2021,,F
dataflow,IMF.STA:QNEA(7.0.0),R,RUS,P61,Q,NSA,XDC,Q,2016-Q2,8316806500000,0,,,,,,,,,L,,,O,OL,true,2021,,F
dataflow,IMF.STA:QNEA(7.0.0),R,RUS,P61,Q,NSA,XDC,Q,2016-Q3,8462938700000,0,,,,,,,,,L,,,O,OL,true,2021,,F
dataflow,IMF.STA:QNEA(7.0.0),R,RUS,P61,Q,NSA,XDC,Q,2016-Q4,8968645900000,0,,,,,,,,,L,,,O,OL,true,2021,,F
dataflow,IMF.STA:QNEA(7.0.0),R,RUS,P61,Q,NSA,XDC,Q,2017-Q1,7667270700000,0,,,,,,,,,L,,,O,OL,true,2021,,F
dataflow,IMF.STA:QNEA(7.0.0),R,RUS,P61,Q,NSA,XDC,Q,2017-Q2,8425366500000,0,,,,,,,,,L,,,O,OL,true,2021,,F
dataflow,IMF.STA:QNEA(7.0.0),R,RUS,P61,Q,NSA,XDC,Q,2017-Q3,8783870700000,0,,,,,,,,,L,,,O,OL,true,2021,,F
dataflow,IMF.STA:QNEA(7.0.0),R,RUS,P61,Q,NSA,XDC,Q,2017-Q4,9358194500000,0,,,,,,,,,L,,,O,OL,true,2021,,F
dataflow,IMF.STA:QNEA(7.0.0),R,RUS,P61,Q,NSA,XDC,Q,2018-Q1,8144400800000,0,,,,,,,,,L,,,O,OL,true,2021,,F
dataflow,IMF.STA:QNEA(7.0.0),R,RUS,P61,Q,NSA,XDC,Q,2018-Q2,8994293500000,0,,,,,,,,,L,,,O,OL,true,2021,,F
dataflow,IMF.STA:QNEA(7.0.0),R,RUS,P61,Q,NSA,XDC,Q,2018-Q3,9044665100000,0,,,,,,,,,L,,,O,OL,true,2021,,F
dataflow,IMF.STA:QNEA(7.0.0),R,RUS,P61,Q,NSA,XDC,Q,2018-Q4,9523977700000,0,,,,,,,,,L,,,O,OL,true,2021,,F
dataflow,IMF.STA:QNEA(7.0.0),R,RUS,P61,Q,NSA,XDC,Q,2019-Q1,8458940100000,0,,,,,,,,,L,,,O,OL,true,2021,,F
dataflow,IMF.STA:QNEA(7.0.0),R,RUS,P61,Q,NSA,XDC,Q,2019-Q2,8845372800000,0,,,,,,,,,L,,,O,OL,true,2021,,F
dataflow,IMF.STA:QNEA(7.0.0),R,RUS,P61,Q,NSA,XDC,Q,2019-Q3,9346442200000,0,,,,,,,,,L,,,O,OL,true,2021,,F
dataflow,IMF.STA:QNEA(7.0.0),R,RUS,P61,Q,NSA,XDC,Q,2019-Q4,9618126400000,0,,,,,,,,,L,,,O,OL,true,2021,,F
dataflow,IMF.STA:QNEA(7.0.0),R,RUS,P61,Q,NSA,XDC,Q,2020-Q1,8243146000000,0,,,,,,,,,L,,,O,OL,true,2021,,F
dataflow,IMF.STA:QNEA(7.0.0),R,RUS,P61,Q,NSA,XDC,Q,2020-Q2,9363063100000,0,,,,,,,,,L,,,O,OL,true,2021,,F
dataflow,IMF.STA:QNEA(7.0.0),R,RUS,P61,Q,NSA,XDC,Q,2020-Q3,9007687000000,0,,,,,,,,,L,,,O,OL,true,2021,,F
dataflow,IMF.STA:QNEA(7.0.0),R,RUS,P61,Q,NSA,XDC,Q,2020-Q4,9192424400000,0,,,,,,,,,L,,,O,OL,true,2021,,F
dataflow,IMF.STA:QNEA(7.0.0),R,RUS,P61,Q,NSA,XDC,Q,2021-Q1,9248528200000,0,,,,,,,,,L,,,O,OL,true,2021,,F
dataflow,IMF.STA:QNEA(7.0.0),R,RUS,P61,Q,NSA,XDC,Q,2021-Q2,9876364700000,0,,,,,,,,,L,,,O,OL,true,2021,,F
dataflow,IMF.STA:QNEA(7.0.0),R,RUS,P61,Q,NSA,XDC,Q,2021-Q3,10560458200000,0,,,,,,,,,L,,,O,OL,true,2021,,F
dataflow,IMF.STA:QNEA(7.0.0),R,RUS,P61,Q,NSA,XDC,Q,2021-Q4,10736118200000,0,,,,,,,,,L,,,O,OL,true,2021,,F
dataflow,IMF.STA:QNEA(7.0.0),R,RUS,P61,V,NSA,USD,Q,,,0,,,,,,,,,L,,,,OL,,,,
dataflow,IMF.STA:QNEA(7.0.0),R,RUS,P61,V,NSA,XDC,Q,2011-Q1,3267610500000,0,,,,,,,,,L,,,O,OL,true,,,F
dataflow,IMF.STA:QNEA(7.0.0),R,RUS,P61,V,NSA,XDC,Q,2011-Q2,3736614600000,0,,,,,,,,,L,,,O,OL,true,,,F
dataflow,IMF.STA:QNEA(7.0.0),R,RUS,P61,V,NSA,XDC,Q,2011-Q3,3724940900000,0,,,,,,,,,L,,,O,OL,true,,,F
dataflow,IMF.STA:QNEA(7.0.0),R,RUS,P61,V,NSA,XDC,Q,2011-Q4,4430817300000,0,,,,,,,,,L,,,O,OL,true,,,F
dataflow,IMF.STA:QNEA(7.0.0),R,RUS,P61,V,NSA,XDC,Q,2012-Q1,3962437800000,0,,,,,,,,,L,,,O,OL,true,,,F
dataflow,IMF.STA:QNEA(7.0.0),R,RUS,P61,V,NSA,XDC,Q,2012-Q2,4064142300000,0,,,,,,,,,L,,,O,OL,true,,,F
dataflow,IMF.STA:QNEA(7.0.0),R,RUS,P61,V,NSA,XDC,Q,2012-Q3,4006560000000,0,,,,,,,,,L,,,O,OL,true,,,F
dataflow,IMF.STA:QNEA(7.0.0),R,RUS,P61,V,NSA,XDC,Q,2012-Q4,4351510800000,0,,,,,,,,,L,,,O,OL,true,,,F
dataflow,IMF.STA:QNEA(7.0.0),R,RUS,P61,V,NSA,XDC,Q,2013-Q1,3794917100000,0,,,,,,,,,L,,,O,OL,true,,,F
dataflow,IMF.STA:QNEA(7.0.0),R,RUS,P61,V,NSA,XDC,Q,2013-Q2,4011919100000,0,,,,,,,,,L,,,O,OL,true,,,F
dataflow,IMF.STA:QNEA(7.0.0),R,RUS,P61,V,NSA,XDC,Q,2013-Q3,4284295500000,0,,,,,,,,,L,,,O,OL,true,,,F
dataflow,IMF.STA:QNEA(7.0.0),R,RUS,P61,V,NSA,XDC,Q,2013-Q4,4535492000000,0,,,,,,,,,L,,,O,OL,true,,,F
dataflow,IMF.STA:QNEA(7.0.0),R,RUS,P61,V,NSA,XDC,Q,2014-Q1,4292279500000,0,,,,,,,,,L,,,O,OL,true,,,F
dataflow,IMF.STA:QNEA(7.0.0),R,RUS,P61,V,NSA,XDC,Q,2014-Q2,4621031300000,0,,,,,,,,,L,,,O,OL,true,,,F
dataflow,IMF.STA:QNEA(7.0.0),R,RUS,P61,V,NSA,XDC,Q,2014-Q3,4546114600000,0,,,,,,,,,L,,,O,OL,true,,,F
dataflow,IMF.STA:QNEA(7.0.0),R,RUS,P61,V,NSA,XDC,Q,2014-Q4,5460250500000,0,,,,,,,,,L,,,O,OL,true,,,F
dataflow,IMF.STA:QNEA(7.0.0),R,RUS,P61,V,NSA,XDC,Q,2015-Q1,5607211800000,0,,,,,,,,,L,,,O,OL,true,,,F
dataflow,IMF.STA:QNEA(7.0.0),R,RUS,P61,V,NSA,XDC,Q,2015-Q2,4813406200000,0,,,,,,,,,L,,,O,OL,true,,,F
dataflow,IMF.STA:QNEA(7.0.0),R,RUS,P61,V,NSA,XDC,Q,2015-Q3,4946285500000,0,,,,,,,,,L,,,O,OL,true,,,F
dataflow,IMF.STA:QNEA(7.0.0),R,RUS,P61,V,NSA,XDC,Q,2015-Q4,5338318600000,0,,,,,,,,,L,,,O,OL,true,,,F
dataflow,IMF.STA:QNEA(7.0.0),R,RUS,P61,V,NSA,XDC,Q,2016-Q1,4510382800000,0,,,,,,,,,L,,,O,OL,true,,,F
dataflow,IMF.STA:QNEA(7.0.0),R,RUS,P61,V,NSA,XDC,Q,2016-Q2,4468726100000,0,,,,,,,,,L,,,O,OL,true,,,F
dataflow,IMF.STA:QNEA(7.0.0),R,RUS,P61,V,NSA,XDC,Q,2016-Q3,4582747000000,0,,,,,,,,,L,,,O,OL,true,,,F
dataflow,IMF.STA:QNEA(7.0.0),R,RUS,P61,V,NSA,XDC,Q,2016-Q4,5202688300000,0,,,,,,,,,L,,,O,OL,true,,,F
dataflow,IMF.STA:QNEA(7.0.0),R,RUS,P61,V,NSA,XDC,Q,2017-Q1,4856022900000,0,,,,,,,,,L,,,O,OL,true,,,F
dataflow,IMF.STA:QNEA(7.0.0),R,RUS,P61,V,NSA,XDC,Q,2017-Q2,4788065200000,0,,,,,,,,,L,,,O,OL,true,,,F
dataflow,IMF.STA:QNEA(7.0.0),R,RUS,P61,V,NSA,XDC,Q,2017-Q3,4982037300000,0,,,,,,,,,L,,,O,OL,true,,,F
dataflow,IMF.STA:QNEA(7.0.0),R,RUS,P61,V,NSA,XDC,Q,2017-Q4,5975075600000,0,,,,,,,,,L,,,O,OL,true,,,F
dataflow,IMF.STA:QNEA(7.0.0),R,RUS,P61,V,NSA,XDC,Q,2018-Q1,5775897400000,0,,,,,,,,,L,,,O,OL,true,,,F
dataflow,IMF.STA:QNEA(7.0.0),R,RUS,P61,V,NSA,XDC,Q,2018-Q2,6725706500000,0,,,,,,,,,L,,,O,OL,true,,,F
dataflow,IMF.STA:QNEA(7.0.0),R,RUS,P61,V,NSA,XDC,Q,2018-Q3,7243389200000,0,,,,,,,,,L,,,O,OL,true,,,F
dataflow,IMF.STA:QNEA(7.0.0),R,RUS,P61,V,NSA,XDC,Q,2018-Q4,8169111800000,0,,,,,,,,,L,,,O,OL,true,,,F
dataflow,IMF.STA:QNEA(7.0.0),R,RUS,P61,V,NSA,XDC,Q,2019-Q1,6784206100000,0,,,,,,,,,L,,,O,OL,true,,,F
dataflow,IMF.STA:QNEA(7.0.0),R,RUS,P61,V,NSA,XDC,Q,2019-Q2,6555124100000,0,,,,,,,,,L,,,O,OL,true,,,F
dataflow,IMF.STA:QNEA(7.0.0),R,RUS,P61,V,NSA,XDC,Q,2019-Q3,6659499600000,0,,,,,,,,,L,,,O,OL,true,,,F
dataflow,IMF.STA:QNEA(7.0.0),R,RUS,P61,V,NSA,XDC,Q,2019-Q4,7162016500000,0,,,,,,,,,L,,,O,OL,true,,,F
dataflow,IMF.STA:QNEA(7.0.0),R,RUS,P61,V,NSA,XDC,Q,2020-Q1,5897822600000,0,,,,,,,,,L,,,O,OL,true,,,F
dataflow,IMF.STA:QNEA(7.0.0),R,RUS,P61,V,NSA,XDC,Q,2020-Q2,5093999500000,0,,,,,,,,,L,,,O,OL,true,,,F
dataflow,IMF.STA:QNEA(7.0.0),R,RUS,P61,V,NSA,XDC,Q,2020-Q3,5805392700000,0,,,,,,,,,L,,,O,OL,true,,,F
dataflow,IMF.STA:QNEA(7.0.0),R,RUS,P61,V,NSA,XDC,Q,2020-Q4,7234089500000,0,,,,,,,,,L,,,O,OL,true,,,F
dataflow,IMF.STA:QNEA(7.0.0),R,RUS,P61,V,NSA,XDC,Q,2021-Q1,6936345800000,0,,,,,,,,,L,,,O,OL,true,,,F
dataflow,IMF.STA:QNEA(7.0.0),R,RUS,P61,V,NSA,XDC,Q,2021-Q2,8505404300000,0,,,,,,,,,L,,,O,OL,true,,,F
dataflow,IMF.STA:QNEA(7.0.0),R,RUS,P61,V,NSA,XDC,Q,2021-Q3,9705275300000,0,,,,,,,,,L,,,O,OL,true,,,F
dataflow,IMF.STA:QNEA(7.0.0),R,RUS,P61,V,NSA,XDC,Q,2021-Q4,11188214700000,0,,,,,,,,,L,,,O,OL,true,,,F
dataflow,IMF.STA:QNEA(7.0.0),R,RUS,P61,V,NSA,XDC,Q,2022-Q1,13095745000000,0,,,,,,,,,L,,,O,OL,true,,,F
dataflow,IMF.STA:QNEA(7.0.0),R,RUS,P61,V,NSA,XDC,Q,2022-Q2,9656797300000,0,,,,,,,,,L,,,O,OL,true,,,F
dataflow,IMF.STA:QNEA(7.0.0),R,RUS,P61,V,NSA,XDC,Q,2022-Q3,8414955800000,0,,,,,,,,,L,,,O,OL,true,,,F
dataflow,IMF.STA:QNEA(7.0.0),R,RUS,P61,V,NSA,XDC,Q,2022-Q4,8975834900000,0,,,,,,,,,L,,,O,OL,true,,,F
dataflow,IMF.STA:QNEA(7.0.0),R,RUS,P61,V,NSA,XDC,Q,2023-Q1,7581936900000,0,,,,,,,,,L,,,O,OL,true,,,F
dataflow,IMF.STA:QNEA(7.0.0),R,RUS,P61,V,NSA,XDC,Q,2023-Q2,8375723900000,0,,,,,,,,,L,,,O,OL,true,,,F
dataflow,IMF.STA:QNEA(7.0.0),R,RUS,P61,V,NSA,XDC,Q,2023-Q3,10262196800000,0,,,,,,,,,L,,,O,OL,true,,,F
dataflow,IMF.STA:QNEA(7.0.0),R,RUS,P61,V,NSA,XDC,Q,2023-Q4,10010462000000,0,,,,,,,,,L,,,O,OL,true,,,F
dataflow,IMF.STA:QNEA(7.0.0),R,RUS,P61,V,NSA,XDC,Q,2024-Q1,9261617900000,0,,,,,,,,,L,,,O,OL,true,,,F
dataflow,IMF.STA:QNEA(7.0.0),R,RUS,P61,V,NSA,XDC,Q,2024-Q2,9638655600000,0,,,,,,,,,L,,,O,OL,true,,,F
dataflow,IMF.STA:QNEA(7.0.0),R,RUS,P61,V,NSA,XDC,Q,2024-Q3,9740723900000,0,,,,,,,,,L,,,O,OL,true,,,F
dataflow,IMF.STA:QNEA(7.0.0),R,RUS,P61,V,NSA,XDC,Q,2024-Q4,11589681300000,0,,,,,,,,,L,,,O,OL,true,,,F
dataflow,IMF.STA:QNEA(7.0.0),R,RUS,P61,V,NSA,XDC,Q,2025-Q1,9018733400000,0,,,,,,,,,L,,,O,OL,true,,,F
dataflow,IMF.STA:QNEA(7.0.0),R,RUS,P61,V,NSA,XDC,Q,2025-Q2,8089691300000,0,,,,,,,,,L,,,O,OL,true,,,F
dataflow,IMF.STA:QNEA(7.0.0),R,RUS,P61,V,NSA,XDC,Q,2025-Q3,8875042500000,0,,,,,,,,,L,,,O,OL,true,,,F
dataflow,IMF.STA:QNEA(7.0.0),R,RUS,P61,V,NSA,XDC,Q,2025-Q4,9166919400000,0,,,,,,,,,L,,,O,OL,true,,,F
dataflow,IMF.STA:QNEA(7.0.0),R,RUS,P61,V,NSA,XDC,Q,2026-Q1,7904918600000,0,,,,,,,,,L,,,O,OL,true,,,F
dataflow,IMF.STA:QNEA(7.0.0),R,RUS,P62,Q,NSA,USD,Q,,,0,,,,,,,,,L,,,,OL,,2021,,
dataflow,IMF.STA:QNEA(7.0.0),R,RUS,P62,Q,NSA,XDC,Q,2011-Q1,707805600000,0,,,,,,,,,L,,,O,OL,true,2021,,F
dataflow,IMF.STA:QNEA(7.0.0),R,RUS,P62,Q,NSA,XDC,Q,2011-Q2,871867800000,0,,,,,,,,,L,,,O,OL,true,2021,,F
dataflow,IMF.STA:QNEA(7.0.0),R,RUS,P62,Q,NSA,XDC,Q,2011-Q3,988179400000,0,,,,,,,,,L,,,O,OL,true,2021,,F
dataflow,IMF.STA:QNEA(7.0.0),R,RUS,P62,Q,NSA,XDC,Q,2011-Q4,1014794700000,0,,,,,,,,,L,,,O,OL,true,2021,,F
dataflow,IMF.STA:QNEA(7.0.0),R,RUS,P62,Q,NSA,XDC,Q,2012-Q1,801027900000,0,,,,,,,,,L,,,O,OL,true,2021,,F
dataflow,IMF.STA:QNEA(7.0.0),R,RUS,P62,Q,NSA,XDC,Q,2012-Q2,919891900000,0,,,,,,,,,L,,,O,OL,true,2021,,F
dataflow,IMF.STA:QNEA(7.0.0),R,RUS,P62,Q,NSA,XDC,Q,2012-Q3,995318700000,0,,,,,,,,,L,,,O,OL,true,2021,,F
dataflow,IMF.STA:QNEA(7.0.0),R,RUS,P62,Q,NSA,XDC,Q,2012-Q4,1122222600000,0,,,,,,,,,L,,,O,OL,true,2021,,F
dataflow,IMF.STA:QNEA(7.0.0),R,RUS,P62,Q,NSA,XDC,Q,2013-Q1,933610000000,0,,,,,,,,,L,,,O,OL,true,2021,,F
dataflow,IMF.STA:QNEA(7.0.0),R,RUS,P62,Q,NSA,XDC,Q,2013-Q2,1100270400000,0,,,,,,,,,L,,,O,OL,true,2021,,F
dataflow,IMF.STA:QNEA(7.0.0),R,RUS,P62,Q,NSA,XDC,Q,2013-Q3,1118490800000,0,,,,,,,,,L,,,O,OL,true,2021,,F
dataflow,IMF.STA:QNEA(7.0.0),R,RUS,P62,Q,NSA,XDC,Q,2013-Q4,1164541700000,0,,,,,,,,,L,,,O,OL,true,2021,,F
dataflow,IMF.STA:QNEA(7.0.0),R,RUS,P62,Q,NSA,XDC,Q,2014-Q1,1073348600000,0,,,,,,,,,L,,,O,OL,true,2021,,F
dataflow,IMF.STA:QNEA(7.0.0),R,RUS,P62,Q,NSA,XDC,Q,2014-Q2,1233764000000,0,,,,,,,,,L,,,O,OL,true,2021,,F
dataflow,IMF.STA:QNEA(7.0.0),R,RUS,P62,Q,NSA,XDC,Q,2014-Q3,1252032500000,0,,,,,,,,,L,,,O,OL,true,2021,,F
dataflow,IMF.STA:QNEA(7.0.0),R,RUS,P62,Q,NSA,XDC,Q,2014-Q4,1157519000000,0,,,,,,,,,L,,,O,OL,true,2021,,F
dataflow,IMF.STA:QNEA(7.0.0),R,RUS,P62,Q,NSA,XDC,Q,2015-Q1,899959600000,0,,,,,,,,,L,,,O,OL,true,2021,,F
dataflow,IMF.STA:QNEA(7.0.0),R,RUS,P62,Q,NSA,XDC,Q,2015-Q2,980954800000,0,,,,,,,,,L,,,O,OL,true,2021,,F
dataflow,IMF.STA:QNEA(7.0.0),R,RUS,P62,Q,NSA,XDC,Q,2015-Q3,1012351000000,0,,,,,,,,,L,,,O,OL,true,2021,,F
dataflow,IMF.STA:QNEA(7.0.0),R,RUS,P62,Q,NSA,XDC,Q,2015-Q4,1053107500000,0,,,,,,,,,L,,,O,OL,true,2021,,F
dataflow,IMF.STA:QNEA(7.0.0),R,RUS,P62,Q,NSA,XDC,Q,2016-Q1,804823700000,0,,,,,,,,,L,,,O,OL,true,2021,,F
dataflow,IMF.STA:QNEA(7.0.0),R,RUS,P62,Q,NSA,XDC,Q,2016-Q2,967606300000,0,,,,,,,,,L,,,O,OL,true,2021,,F
dataflow,IMF.STA:QNEA(7.0.0),R,RUS,P62,Q,NSA,XDC,Q,2016-Q3,1049953800000,0,,,,,,,,,L,,,O,OL,true,2021,,F
dataflow,IMF.STA:QNEA(7.0.0),R,RUS,P62,Q,NSA,XDC,Q,2016-Q4,1036791700000,0,,,,,,,,,L,,,O,OL,true,2021,,F
dataflow,IMF.STA:QNEA(7.0.0),R,RUS,P62,Q,NSA,XDC,Q,2017-Q1,921810300000,0,,,,,,,,,L,,,O,OL,true,2021,,F
dataflow,IMF.STA:QNEA(7.0.0),R,RUS,P62,Q,NSA,XDC,Q,2017-Q2,1105277700000,0,,,,,,,,,L,,,O,OL,true,2021,,F
dataflow,IMF.STA:QNEA(7.0.0),R,RUS,P62,Q,NSA,XDC,Q,2017-Q3,1137277200000,0,,,,,,,,,L,,,O,OL,true,2021,,F
dataflow,IMF.STA:QNEA(7.0.0),R,RUS,P62,Q,NSA,XDC,Q,2017-Q4,1151492200000,0,,,,,,,,,L,,,O,OL,true,2021,,F
dataflow,IMF.STA:QNEA(7.0.0),R,RUS,P62,Q,NSA,XDC,Q,2018-Q1,1042315300000,0,,,,,,,,,L,,,O,OL,true,2021,,F
dataflow,IMF.STA:QNEA(7.0.0),R,RUS,P62,Q,NSA,XDC,Q,2018-Q2,1262271000000,0,,,,,,,,,L,,,O,OL,true,2021,,F
dataflow,IMF.STA:QNEA(7.0.0),R,RUS,P62,Q,NSA,XDC,Q,2018-Q3,1316091000000,0,,,,,,,,,L,,,O,OL,true,2021,,F
dataflow,IMF.STA:QNEA(7.0.0),R,RUS,P62,Q,NSA,XDC,Q,2018-Q4,1266186000000,0,,,,,,,,,L,,,O,OL,true,2021,,F
dataflow,IMF.STA:QNEA(7.0.0),R,RUS,P62,Q,NSA,XDC,Q,2019-Q1,1028906600000,0,,,,,,,,,L,,,O,OL,true,2021,,F
dataflow,IMF.STA:QNEA(7.0.0),R,RUS,P62,Q,NSA,XDC,Q,2019-Q2,1179549800000,0,,,,,,,,,L,,,O,OL,true,2021,,F
dataflow,IMF.STA:QNEA(7.0.0),R,RUS,P62,Q,NSA,XDC,Q,2019-Q3,1240234700000,0,,,,,,,,,L,,,O,OL,true,2021,,F
dataflow,IMF.STA:QNEA(7.0.0),R,RUS,P62,Q,NSA,XDC,Q,2019-Q4,1192282500000,0,,,,,,,,,L,,,O,OL,true,2021,,F
dataflow,IMF.STA:QNEA(7.0.0),R,RUS,P62,Q,NSA,XDC,Q,2020-Q1,1017281400000,0,,,,,,,,,L,,,O,OL,true,2021,,F
dataflow,IMF.STA:QNEA(7.0.0),R,RUS,P62,Q,NSA,XDC,Q,2020-Q2,759303800000,0,,,,,,,,,L,,,O,OL,true,2021,,F
dataflow,IMF.STA:QNEA(7.0.0),R,RUS,P62,Q,NSA,XDC,Q,2020-Q3,798596900000,0,,,,,,,,,L,,,O,OL,true,2021,,F
dataflow,IMF.STA:QNEA(7.0.0),R,RUS,P62,Q,NSA,XDC,Q,2020-Q4,960972600000,0,,,,,,,,,L,,,O,OL,true,2021,,F
dataflow,IMF.STA:QNEA(7.0.0),R,RUS,P62,Q,NSA,XDC,Q,2021-Q1,8400317400000,0,,,,,,,,,L,,,O,OL,true,2021,,F
dataflow,IMF.STA:QNEA(7.0.0),R,RUS,P62,Q,NSA,XDC,Q,2021-Q2,8918450900000,0,,,,,,,,,L,,,O,OL,true,2021,,F
dataflow,IMF.STA:QNEA(7.0.0),R,RUS,P62,Q,NSA,XDC,Q,2021-Q3,9524617000000,0,,,,,,,,,L,,,O,OL,true,2021,,F
dataflow,IMF.STA:QNEA(7.0.0),R,RUS,P62,Q,NSA,XDC,Q,2021-Q4,9491854800000,0,,,,,,,,,L,,,O,OL,true,2021,,F
dataflow,IMF.STA:QNEA(7.0.0),R,RUS,P62,V,NSA,USD,Q,,,0,,,,,,,,,L,,,,OL,,,,
dataflow,IMF.STA:QNEA(7.0.0),R,RUS,P62,V,NSA,XDC,Q,2011-Q1,339538600000,0,,,,,,,,,L,,,O,OL,true,,,F
dataflow,IMF.STA:QNEA(7.0.0),R,RUS,P62,V,NSA,XDC,Q,2011-Q2,419645500000,0,,,,,,,,,L,,,O,OL,true,,,F
dataflow,IMF.STA:QNEA(7.0.0),R,RUS,P62,V,NSA,XDC,Q,2011-Q3,472286200000,0,,,,,,,,,L,,,O,OL,true,,,F
dataflow,IMF.STA:QNEA(7.0.0),R,RUS,P62,V,NSA,XDC,Q,2011-Q4,473738600000,0,,,,,,,,,L,,,O,OL,true,,,F
dataflow,IMF.STA:QNEA(7.0.0),R,RUS,P62,V,NSA,XDC,Q,2012-Q1,396990800000,0,,,,,,,,,L,,,O,OL,true,,,F
dataflow,IMF.STA:QNEA(7.0.0),R,RUS,P62,V,NSA,XDC,Q,2012-Q2,487532000000,0,,,,,,,,,L,,,O,OL,true,,,F
dataflow,IMF.STA:QNEA(7.0.0),R,RUS,P62,V,NSA,XDC,Q,2012-Q3,523136000000,0,,,,,,,,,L,,,O,OL,true,,,F
dataflow,IMF.STA:QNEA(7.0.0),R,RUS,P62,V,NSA,XDC,Q,2012-Q4,532462600000,0,,,,,,,,,L,,,O,OL,true,,,F
dataflow,IMF.STA:QNEA(7.0.0),R,RUS,P62,V,NSA,XDC,Q,2013-Q1,463113600000,0,,,,,,,,,L,,,O,OL,true,,,F
dataflow,IMF.STA:QNEA(7.0.0),R,RUS,P62,V,NSA,XDC,Q,2013-Q2,565502900000,0,,,,,,,,,L,,,O,OL,true,,,F
dataflow,IMF.STA:QNEA(7.0.0),R,RUS,P62,V,NSA,XDC,Q,2013-Q3,602811500000,0,,,,,,,,,L,,,O,OL,true,,,F
dataflow,IMF.STA:QNEA(7.0.0),R,RUS,P62,V,NSA,XDC,Q,2013-Q4,605318500000,0,,,,,,,,,L,,,O,OL,true,,,F
dataflow,IMF.STA:QNEA(7.0.0),R,RUS,P62,V,NSA,XDC,Q,2014-Q1,527752100000,0,,,,,,,,,L,,,O,OL,true,,,F
dataflow,IMF.STA:QNEA(7.0.0),R,RUS,P62,V,NSA,XDC,Q,2014-Q2,606541200000,0,,,,,,,,,L,,,O,OL,true,,,F
dataflow,IMF.STA:QNEA(7.0.0),R,RUS,P62,V,NSA,XDC,Q,2014-Q3,645606700000,0,,,,,,,,,L,,,O,OL,true,,,F
dataflow,IMF.STA:QNEA(7.0.0),R,RUS,P62,V,NSA,XDC,Q,2014-Q4,726358700000,0,,,,,,,,,L,,,O,OL,true,,,F
dataflow,IMF.STA:QNEA(7.0.0),R,RUS,P62,V,NSA,XDC,Q,2015-Q1,728181400000,0,,,,,,,,,L,,,O,OL,true,,,F
dataflow,IMF.STA:QNEA(7.0.0),R,RUS,P62,V,NSA,XDC,Q,2015-Q2,687496000000,0,,,,,,,,,L,,,O,OL,true,,,F
dataflow,IMF.STA:QNEA(7.0.0),R,RUS,P62,V,NSA,XDC,Q,2015-Q3,826485700000,0,,,,,,,,,L,,,O,OL,true,,,F
dataflow,IMF.STA:QNEA(7.0.0),R,RUS,P62,V,NSA,XDC,Q,2015-Q4,901510700000,0,,,,,,,,,L,,,O,OL,true,,,F
dataflow,IMF.STA:QNEA(7.0.0),R,RUS,P62,V,NSA,XDC,Q,2016-Q1,776064500000,0,,,,,,,,,L,,,O,OL,true,,,F
dataflow,IMF.STA:QNEA(7.0.0),R,RUS,P62,V,NSA,XDC,Q,2016-Q2,832400800000,0,,,,,,,,,L,,,O,OL,true,,,F
dataflow,IMF.STA:QNEA(7.0.0),R,RUS,P62,V,NSA,XDC,Q,2016-Q3,896919000000,0,,,,,,,,,L,,,O,OL,true,,,F
dataflow,IMF.STA:QNEA(7.0.0),R,RUS,P62,V,NSA,XDC,Q,2016-Q4,865616600000,0,,,,,,,,,L,,,O,OL,true,,,F
dataflow,IMF.STA:QNEA(7.0.0),R,RUS,P62,V,NSA,XDC,Q,2017-Q1,722069000000,0,,,,,,,,,L,,,O,OL,true,,,F
dataflow,IMF.STA:QNEA(7.0.0),R,RUS,P62,V,NSA,XDC,Q,2017-Q2,841708700000,0,,,,,,,,,L,,,O,OL,true,,,F
dataflow,IMF.STA:QNEA(7.0.0),R,RUS,P62,V,NSA,XDC,Q,2017-Q3,900819100000,0,,,,,,,,,L,,,O,OL,true,,,F
dataflow,IMF.STA:QNEA(7.0.0),R,RUS,P62,V,NSA,XDC,Q,2017-Q4,896861600000,0,,,,,,,,,L,,,O,OL,true,,,F
dataflow,IMF.STA:QNEA(7.0.0),R,RUS,P62,V,NSA,XDC,Q,2018-Q1,793037700000,0,,,,,,,,,L,,,O,OL,true,,,F
dataflow,IMF.STA:QNEA(7.0.0),R,RUS,P62,V,NSA,XDC,Q,2018-Q2,1027859700000,0,,,,,,,,,L,,,O,OL,true,,,F
dataflow,IMF.STA:QNEA(7.0.0),R,RUS,P62,V,NSA,XDC,Q,2018-Q3,1138880800000,0,,,,,,,,,L,,,O,OL,true,,,F
dataflow,IMF.STA:QNEA(7.0.0),R,RUS,P62,V,NSA,XDC,Q,2018-Q4,1108489700000,0,,,,,,,,,L,,,O,OL,true,,,F
dataflow,IMF.STA:QNEA(7.0.0),R,RUS,P62,V,NSA,XDC,Q,2019-Q1,904176000000,0,,,,,,,,,L,,,O,OL,true,,,F
dataflow,IMF.STA:QNEA(7.0.0),R,RUS,P62,V,NSA,XDC,Q,2019-Q2,1009660600000,0,,,,,,,,,L,,,O,OL,true,,,F
dataflow,IMF.STA:QNEA(7.0.0),R,RUS,P62,V,NSA,XDC,Q,2019-Q3,1074384800000,0,,,,,,,,,L,,,O,OL,true,,,F
dataflow,IMF.STA:QNEA(7.0.0),R,RUS,P62,V,NSA,XDC,Q,2019-Q4,1016333900000,0,,,,,,,,,L,,,O,OL,true,,,F
dataflow,IMF.STA:QNEA(7.0.0),R,RUS,P62,V,NSA,XDC,Q,2020-Q1,920385800000,0,,,,,,,,,L,,,O,OL,true,,,F
dataflow,IMF.STA:QNEA(7.0.0),R,RUS,P62,V,NSA,XDC,Q,2020-Q2,743185700000,0,,,,,,,,,L,,,O,OL,true,,,F
dataflow,IMF.STA:QNEA(7.0.0),R,RUS,P62,V,NSA,XDC,Q,2020-Q3,793688500000,0,,,,,,,,,L,,,O,OL,true,,,F
dataflow,IMF.STA:QNEA(7.0.0),R,RUS,P62,V,NSA,XDC,Q,2020-Q4,988189200000,0,,,,,,,,,L,,,O,OL,true,,,F
dataflow,IMF.STA:QNEA(7.0.0),R,RUS,P62,V,NSA,XDC,Q,2021-Q1,854044700000,0,,,,,,,,,L,,,O,OL,true,,,F
dataflow,IMF.STA:QNEA(7.0.0),R,RUS,P62,V,NSA,XDC,Q,2021-Q2,965670000000,0,,,,,,,,,L,,,O,OL,true,,,F
dataflow,IMF.STA:QNEA(7.0.0),R,RUS,P62,V,NSA,XDC,Q,2021-Q3,1035300300000,0,,,,,,,,,L,,,O,OL,true,,,F
dataflow,IMF.STA:QNEA(7.0.0),R,RUS,P62,V,NSA,XDC,Q,2021-Q4,1231214200000,0,,,,,,,,,L,,,O,OL,true,,,F
dataflow,IMF.STA:QNEA(7.0.0),R,RUS,P62,V,NSA,XDC,Q,2022-Q1,1180284900000,0,,,,,,,,,L,,,O,OL,true,,,F
dataflow,IMF.STA:QNEA(7.0.0),R,RUS,P62,V,NSA,XDC,Q,2022-Q2,733575800000,0,,,,,,,,,L,,,O,OL,true,,,F
dataflow,IMF.STA:QNEA(7.0.0),R,RUS,P62,V,NSA,XDC,Q,2022-Q3,676883800000,0,,,,,,,,,L,,,O,OL,true,,,F
dataflow,IMF.STA:QNEA(7.0.0),R,RUS,P62,V,NSA,XDC,Q,2022-Q4,770483900000,0,,,,,,,,,L,,,O,OL,true,,,F
dataflow,IMF.STA:QNEA(7.0.0),R,RUS,P62,V,NSA,XDC,Q,2023-Q1,708809200000,0,,,,,,,,,L,,,O,OL,true,,,F
dataflow,IMF.STA:QNEA(7.0.0),R,RUS,P62,V,NSA,XDC,Q,2023-Q2,830893800000,0,,,,,,,,,L,,,O,OL,true,,,F
dataflow,IMF.STA:QNEA(7.0.0),R,RUS,P62,V,NSA,XDC,Q,2023-Q3,887373700000,0,,,,,,,,,L,,,O,OL,true,,,F
dataflow,IMF.STA:QNEA(7.0.0),R,RUS,P62,V,NSA,XDC,Q,2023-Q4,1022806800000,0,,,,,,,,,L,,,O,OL,true,,,F
dataflow,IMF.STA:QNEA(7.0.0),R,RUS,P62,V,NSA,XDC,Q,2024-Q1,973874600000,0,,,,,,,,,L,,,O,OL,true,,,F
dataflow,IMF.STA:QNEA(7.0.0),R,RUS,P62,V,NSA,XDC,Q,2024-Q2,905829900000,0,,,,,,,,,L,,,O,OL,true,,,F
dataflow,IMF.STA:QNEA(7.0.0),R,RUS,P62,V,NSA,XDC,Q,2024-Q3,974030500000,0,,,,,,,,,L,,,O,OL,true,,,F
dataflow,IMF.STA:QNEA(7.0.0),R,RUS,P62,V,NSA,XDC,Q,2024-Q4,1135546100000,0,,,,,,,,,L,,,O,OL,true,,,F
dataflow,IMF.STA:QNEA(7.0.0),R,RUS,P62,V,NSA,XDC,Q,2025-Q1,955641200000,0,,,,,,,,,L,,,O,OL,true,,,F
dataflow,IMF.STA:QNEA(7.0.0),R,RUS,P62,V,NSA,XDC,Q,2025-Q2,975462000000,0,,,,,,,,,L,,,O,OL,true,,,F
dataflow,IMF.STA:QNEA(7.0.0),R,RUS,P62,V,NSA,XDC,Q,2025-Q3,989888900000,0,,,,,,,,,L,,,O,OL,true,,,F
dataflow,IMF.STA:QNEA(7.0.0),R,RUS,P62,V,NSA,XDC,Q,2025-Q4,930698800000,0,,,,,,,,,L,,,O,OL,true,,,F
dataflow,IMF.STA:QNEA(7.0.0),R,RUS,P62,V,NSA,XDC,Q,2026-Q1,880460400000,0,,,,,,,,,L,,,O,OL,true,,,F
dataflow,IMF.STA:QNEA(7.0.0),R,RUS,P7,Q,NSA,USD,Q,,,0,,,,,,,,,L,,,,OL,,2021,,
dataflow,IMF.STA:QNEA(7.0.0),R,RUS,P7,Q,NSA,XDC,Q,2011-Q1,4848672300000,0,,,,,,,,,L,,,O,OL,true,2021,,F
dataflow,IMF.STA:QNEA(7.0.0),R,RUS,P7,Q,NSA,XDC,Q,2011-Q2,6326995900000,0,,,,,,,,,L,,,O,OL,true,2021,,F
dataflow,IMF.STA:QNEA(7.0.0),R,RUS,P7,Q,NSA,XDC,Q,2011-Q3,6012418800000,0,,,,,,,,,L,,,O,OL,true,2021,,F
dataflow,IMF.STA:QNEA(7.0.0),R,RUS,P7,Q,NSA,XDC,Q,2011-Q4,6075247200000,0,,,,,,,,,L,,,O,OL,true,2021,,F
dataflow,IMF.STA:QNEA(7.0.0),R,RUS,P7,Q,NSA,XDC,Q,2012-Q1,5440474700000,0,,,,,,,,,L,,,O,OL,true,2021,,F
dataflow,IMF.STA:QNEA(7.0.0),R,RUS,P7,Q,NSA,XDC,Q,2012-Q2,6643371200000,0,,,,,,,,,L,,,O,OL,true,2021,,F
dataflow,IMF.STA:QNEA(7.0.0),R,RUS,P7,Q,NSA,XDC,Q,2012-Q3,6732024900000,0,,,,,,,,,L,,,O,OL,true,2021,,F
dataflow,IMF.STA:QNEA(7.0.0),R,RUS,P7,Q,NSA,XDC,Q,2012-Q4,6699612400000,0,,,,,,,,,L,,,O,OL,true,2021,,F
dataflow,IMF.STA:QNEA(7.0.0),R,RUS,P7,Q,NSA,XDC,Q,2013-Q1,5858321200000,0,,,,,,,,,L,,,O,OL,true,2021,,F
dataflow,IMF.STA:QNEA(7.0.0),R,RUS,P7,Q,NSA,XDC,Q,2013-Q2,6899438400000,0,,,,,,,,,L,,,O,OL,true,2021,,F
dataflow,IMF.STA:QNEA(7.0.0),R,RUS,P7,Q,NSA,XDC,Q,2013-Q3,7010803700000,0,,,,,,,,,L,,,O,OL,true,2021,,F
dataflow,IMF.STA:QNEA(7.0.0),R,RUS,P7,Q,NSA,XDC,Q,2013-Q4,6649977600000,0,,,,,,,,,L,,,O,OL,true,2021,,F
dataflow,IMF.STA:QNEA(7.0.0),R,RUS,P7,Q,NSA,XDC,Q,2014-Q1,7062426000000,0,,,,,,,,,L,,,O,OL,true,2021,,F
dataflow,IMF.STA:QNEA(7.0.0),R,RUS,P7,Q,NSA,XDC,Q,2014-Q2,8052967500000,0,,,,,,,,,L,,,O,OL,true,2021,,F
dataflow,IMF.STA:QNEA(7.0.0),R,RUS,P7,Q,NSA,XDC,Q,2014-Q3,8050168700000,0,,,,,,,,,L,,,O,OL,true,2021,,F
dataflow,IMF.STA:QNEA(7.0.0),R,RUS,P7,Q,NSA,XDC,Q,2014-Q4,6290719400000,0,,,,,,,,,L,,,O,OL,true,2021,,F
dataflow,IMF.STA:QNEA(7.0.0),R,RUS,P7,Q,NSA,XDC,Q,2015-Q1,5288129300000,0,,,,,,,,,L,,,O,OL,true,2021,,F
dataflow,IMF.STA:QNEA(7.0.0),R,RUS,P7,Q,NSA,XDC,Q,2015-Q2,5715333000000,0,,,,,,,,,L,,,O,OL,true,2021,,F
dataflow,IMF.STA:QNEA(7.0.0),R,RUS,P7,Q,NSA,XDC,Q,2015-Q3,6070555400000,0,,,,,,,,,L,,,O,OL,true,2021,,F
dataflow,IMF.STA:QNEA(7.0.0),R,RUS,P7,Q,NSA,XDC,Q,2015-Q4,5006738800000,0,,,,,,,,,L,,,O,OL,true,2021,,F
dataflow,IMF.STA:QNEA(7.0.0),R,RUS,P7,Q,NSA,XDC,Q,2016-Q1,4708671900000,0,,,,,,,,,L,,,O,OL,true,2021,,F
dataflow,IMF.STA:QNEA(7.0.0),R,RUS,P7,Q,NSA,XDC,Q,2016-Q2,5388668600000,0,,,,,,,,,L,,,O,OL,true,2021,,F
dataflow,IMF.STA:QNEA(7.0.0),R,RUS,P7,Q,NSA,XDC,Q,2016-Q3,5897624000000,0,,,,,,,,,L,,,O,OL,true,2021,,F
dataflow,IMF.STA:QNEA(7.0.0),R,RUS,P7,Q,NSA,XDC,Q,2016-Q4,5274988000000,0,,,,,,,,,L,,,O,OL,true,2021,,F
dataflow,IMF.STA:QNEA(7.0.0),R,RUS,P7,Q,NSA,XDC,Q,2017-Q1,5434593200000,0,,,,,,,,,L,,,O,OL,true,2021,,F
dataflow,IMF.STA:QNEA(7.0.0),R,RUS,P7,Q,NSA,XDC,Q,2017-Q2,6569289900000,0,,,,,,,,,L,,,O,OL,true,2021,,F
dataflow,IMF.STA:QNEA(7.0.0),R,RUS,P7,Q,NSA,XDC,Q,2017-Q3,6899638200000,0,,,,,,,,,L,,,O,OL,true,2021,,F
dataflow,IMF.STA:QNEA(7.0.0),R,RUS,P7,Q,NSA,XDC,Q,2017-Q4,6049345300000,0,,,,,,,,,L,,,O,OL,true,2021,,F
dataflow,IMF.STA:QNEA(7.0.0),R,RUS,P7,Q,NSA,XDC,Q,2018-Q1,5970603200000,0,,,,,,,,,L,,,O,OL,true,2021,,F
dataflow,IMF.STA:QNEA(7.0.0),R,RUS,P7,Q,NSA,XDC,Q,2018-Q2,6743826300000,0,,,,,,,,,L,,,O,OL,true,2021,,F
dataflow,IMF.STA:QNEA(7.0.0),R,RUS,P7,Q,NSA,XDC,Q,2018-Q3,6893864100000,0,,,,,,,,,L,,,O,OL,true,2021,,F
dataflow,IMF.STA:QNEA(7.0.0),R,RUS,P7,Q,NSA,XDC,Q,2018-Q4,6007598600000,0,,,,,,,,,L,,,O,OL,true,2021,,F
dataflow,IMF.STA:QNEA(7.0.0),R,RUS,P7,Q,NSA,XDC,Q,2019-Q1,5865245600000,0,,,,,,,,,L,,,O,OL,true,2021,,F
dataflow,IMF.STA:QNEA(7.0.0),R,RUS,P7,Q,NSA,XDC,Q,2019-Q2,6729259000000,0,,,,,,,,,L,,,O,OL,true,2021,,F
dataflow,IMF.STA:QNEA(7.0.0),R,RUS,P7,Q,NSA,XDC,Q,2019-Q3,7210897900000,0,,,,,,,,,L,,,O,OL,true,2021,,F
dataflow,IMF.STA:QNEA(7.0.0),R,RUS,P7,Q,NSA,XDC,Q,2019-Q4,6612316300000,0,,,,,,,,,L,,,O,OL,true,2021,,F
dataflow,IMF.STA:QNEA(7.0.0),R,RUS,P7,Q,NSA,XDC,Q,2020-Q1,5950066000000,0,,,,,,,,,L,,,O,OL,true,2021,,F
dataflow,IMF.STA:QNEA(7.0.0),R,RUS,P7,Q,NSA,XDC,Q,2020-Q2,5241327200000,0,,,,,,,,,L,,,O,OL,true,2021,,F
dataflow,IMF.STA:QNEA(7.0.0),R,RUS,P7,Q,NSA,XDC,Q,2020-Q3,5798785000000,0,,,,,,,,,L,,,O,OL,true,2021,,F
dataflow,IMF.STA:QNEA(7.0.0),R,RUS,P7,Q,NSA,XDC,Q,2020-Q4,6288818500000,0,,,,,,,,,L,,,O,OL,true,2021,,F
dataflow,IMF.STA:QNEA(7.0.0),R,RUS,P7,Q,NSA,XDC,Q,2021-Q1,848210800000,0,,,,,,,,,L,,,O,OL,true,2021,,F
dataflow,IMF.STA:QNEA(7.0.0),R,RUS,P7,Q,NSA,XDC,Q,2021-Q2,957913800000,0,,,,,,,,,L,,,O,OL,true,2021,,F
dataflow,IMF.STA:QNEA(7.0.0),R,RUS,P7,Q,NSA,XDC,Q,2021-Q3,1035841200000,0,,,,,,,,,L,,,O,OL,true,2021,,F
dataflow,IMF.STA:QNEA(7.0.0),R,RUS,P7,Q,NSA,XDC,Q,2021-Q4,1244263400000,0,,,,,,,,,L,,,O,OL,true,2021,,F
dataflow,IMF.STA:QNEA(7.0.0),R,RUS,P7,V,NSA,USD,Q,,,0,,,,,,,,,L,,,,OL,,,,
dataflow,IMF.STA:QNEA(7.0.0),R,RUS,P7,V,NSA,XDC,Q,1993-Q3,13462000000,0,,,,,,,,,L,,,O,OL,true,,,F
dataflow,IMF.STA:QNEA(7.0.0),R,RUS,P7,V,NSA,XDC,Q,1993-Q4,21377000000,0,,,,,,,,,L,,,O,OL,true,,,F
dataflow,IMF.STA:QNEA(7.0.0),R,RUS,P7,V,NSA,XDC,Q,1994-Q1,21406000000,0,,,,,,,,,L,,,O,OL,true,,,F
dataflow,IMF.STA:QNEA(7.0.0),R,RUS,P7,V,NSA,XDC,Q,1994-Q2,29473000000,0,,,,,,,,,L,,,O,OL,true,,,F
dataflow,IMF.STA:QNEA(7.0.0),R,RUS,P7,V,NSA,XDC,Q,1994-Q3,34367000000,0,,,,,,,,,L,,,O,OL,true,,,F
dataflow,IMF.STA:QNEA(7.0.0),R,RUS,P7,V,NSA,XDC,Q,1994-Q4,56419000000,0,,,,,,,,,L,,,O,OL,true,,,F
dataflow,IMF.STA:QNEA(7.0.0),R,RUS,P7,V,NSA,XDC,Q,1995-Q1,69523900000,0,,,,,,,,,L,,,O,OL,true,,,F
dataflow,IMF.STA:QNEA(7.0.0),R,RUS,P7,V,NSA,XDC,Q,1995-Q2,94742300000,0,,,,,,,,,L,,,O,OL,true,,,F
dataflow,IMF.STA:QNEA(7.0.0),R,RUS,P7,V,NSA,XDC,Q,1995-Q3,96707200000,0,,,,,,,,,L,,,O,OL,true,,,F
dataflow,IMF.STA:QNEA(7.0.0),R,RUS,P7,V,NSA,XDC,Q,1995-Q4,108929300000,0,,,,,,,,,L,,,O,OL,true,,,F
dataflow,IMF.STA:QNEA(7.0.0),R,RUS,P7,V,NSA,XDC,Q,1996-Q1,97151300000,0,,,,,,,,,L,,,O,OL,true,,,F
dataflow,IMF.STA:QNEA(7.0.0),R,RUS,P7,V,NSA,XDC,Q,1996-Q2,107517500000,0,,,,,,,,,L,,,O,OL,true,,,F
dataflow,IMF.STA:QNEA(7.0.0),R,RUS,P7,V,NSA,XDC,Q,1996-Q3,115342200000,0,,,,,,,,,L,,,O,OL,true,,,F
dataflow,IMF.STA:QNEA(7.0.0),R,RUS,P7,V,NSA,XDC,Q,1996-Q4,118683000000,0,,,,,,,,,L,,,O,OL,true,,,F
dataflow,IMF.STA:QNEA(7.0.0),R,RUS,P7,V,NSA,XDC,Q,1997-Q1,108726800000,0,,,,,,,,,L,,,O,OL,true,,,F
dataflow,IMF.STA:QNEA(7.0.0),R,RUS,P7,V,NSA,XDC,Q,1997-Q2,125028600000,0,,,,,,,,,L,,,O,OL,true,,,F
dataflow,IMF.STA:QNEA(7.0.0),R,RUS,P7,V,NSA,XDC,Q,1997-Q3,139895300000,0,,,,,,,,,L,,,O,OL,true,,,F
dataflow,IMF.STA:QNEA(7.0.0),R,RUS,P7,V,NSA,XDC,Q,1997-Q4,154060700000,0,,,,,,,,,L,,,O,OL,true,,,F
dataflow,IMF.STA:QNEA(7.0.0),R,RUS,P7,V,NSA,XDC,Q,1998-Q1,131363200000,0,,,,,,,,,L,,,O,OL,true,,,F
dataflow,IMF.STA:QNEA(7.0.0),R,RUS,P7,V,NSA,XDC,Q,1998-Q2,134332700000,0,,,,,,,,,L,,,O,OL,true,,,F
dataflow,IMF.STA:QNEA(7.0.0),R,RUS,P7,V,NSA,XDC,Q,1998-Q3,161767500000,0,,,,,,,,,L,,,O,OL,true,,,F
dataflow,IMF.STA:QNEA(7.0.0),R,RUS,P7,V,NSA,XDC,Q,1998-Q4,218170400000,0,,,,,,,,,L,,,O,OL,true,,,F
dataflow,IMF.STA:QNEA(7.0.0),R,RUS,P7,V,NSA,XDC,Q,1999-Q1,264427200000,0,,,,,,,,,L,,,O,OL,true,,,F
dataflow,IMF.STA:QNEA(7.0.0),R,RUS,P7,V,NSA,XDC,Q,1999-Q2,305774500000,0,,,,,,,,,L,,,O,OL,true,,,F
dataflow,IMF.STA:QNEA(7.0.0),R,RUS,P7,V,NSA,XDC,Q,1999-Q3,322187200000,0,,,,,,,,,L,,,O,OL,true,,,F
dataflow,IMF.STA:QNEA(7.0.0),R,RUS,P7,V,NSA,XDC,Q,1999-Q4,369960300000,0,,,,,,,,,L,,,O,OL,true,,,F
dataflow,IMF.STA:QNEA(7.0.0),R,RUS,P7,V,NSA,XDC,Q,2000-Q1,382951600000,0,,,,,,,,,L,,,O,OL,true,,,F
dataflow,IMF.STA:QNEA(7.0.0),R,RUS,P7,V,NSA,XDC,Q,2000-Q2,414383900000,0,,,,,,,,,L,,,O,OL,true,,,F
dataflow,IMF.STA:QNEA(7.0.0),R,RUS,P7,V,NSA,XDC,Q,2000-Q3,461893900000,0,,,,,,,,,L,,,O,OL,true,,,F
dataflow,IMF.STA:QNEA(7.0.0),R,RUS,P7,V,NSA,XDC,Q,2000-Q4,496575300000,0,,,,,,,,,L,,,O,OL,true,,,F
dataflow,IMF.STA:QNEA(7.0.0),R,RUS,P7,V,NSA,XDC,Q,2001-Q1,435584000000,0,,,,,,,,,L,,,O,OL,true,,,F
dataflow,IMF.STA:QNEA(7.0.0),R,RUS,P7,V,NSA,XDC,Q,2001-Q2,544106700000,0,,,,,,,,,L,,,O,OL,true,,,F
dataflow,IMF.STA:QNEA(7.0.0),R,RUS,P7,V,NSA,XDC,Q,2001-Q3,574219200000,0,,,,,,,,,L,,,O,OL,true,,,F
dataflow,IMF.STA:QNEA(7.0.0),R,RUS,P7,V,NSA,XDC,Q,2001-Q4,612017800000,0,,,,,,,,,L,,,O,OL,true,,,F
dataflow,IMF.STA:QNEA(7.0.0),R,RUS,P7,V,NSA,XDC,Q,2002-Q1,523771600000,0,,,,,,,,,L,,,O,OL,true,,,F
dataflow,IMF.STA:QNEA(7.0.0),R,RUS,P7,V,NSA,XDC,Q,2002-Q2,638841500000,0,,,,,,,,,L,,,O,OL,true,,,F
dataflow,IMF.STA:QNEA(7.0.0),R,RUS,P7,V,NSA,XDC,Q,2002-Q3,713456000000,0,,,,,,,,,L,,,O,OL,true,,,F
dataflow,IMF.STA:QNEA(7.0.0),R,RUS,P7,V,NSA,XDC,Q,2002-Q4,770135000000,0,,,,,,,,,L,,,O,OL,true,,,F
dataflow,IMF.STA:QNEA(7.0.0),R,RUS,P7,V,NSA,XDC,Q,2003-Q1,667039900000,0,,,,,,,,,L,,,O,OL,true,,,F
dataflow,IMF.STA:QNEA(7.0.0),R,RUS,P7,V,NSA,XDC,Q,2003-Q2,751620900000,0,,,,,,,,,L,,,O,OL,true,,,F
dataflow,IMF.STA:QNEA(7.0.0),R,RUS,P7,V,NSA,XDC,Q,2003-Q3,846365200000,0,,,,,,,,,L,,,O,OL,true,,,F
dataflow,IMF.STA:QNEA(7.0.0),R,RUS,P7,V,NSA,XDC,Q,2003-Q4,888894200000,0,,,,,,,,,L,,,O,OL,true,,,F
dataflow,IMF.STA:QNEA(7.0.0),R,RUS,P7,V,NSA,XDC,Q,2004-Q1,754408900000,0,,,,,,,,,L,,,O,OL,true,,,F
dataflow,IMF.STA:QNEA(7.0.0),R,RUS,P7,V,NSA,XDC,Q,2004-Q2,896323700000,0,,,,,,,,,L,,,O,OL,true,,,F
dataflow,IMF.STA:QNEA(7.0.0),R,RUS,P7,V,NSA,XDC,Q,2004-Q3,1028101900000,0,,,,,,,,,L,,,O,OL,true,,,F
dataflow,IMF.STA:QNEA(7.0.0),R,RUS,P7,V,NSA,XDC,Q,2004-Q4,1095029000000,0,,,,,,,,,L,,,O,OL,true,,,F
dataflow,IMF.STA:QNEA(7.0.0),R,RUS,P7,V,NSA,XDC,Q,2005-Q1,914239400000,0,,,,,,,,,L,,,O,OL,true,,,F
dataflow,IMF.STA:QNEA(7.0.0),R,RUS,P7,V,NSA,XDC,Q,2005-Q2,1081665400000,0,,,,,,,,,L,,,O,OL,true,,,F
dataflow,IMF.STA:QNEA(7.0.0),R,RUS,P7,V,NSA,XDC,Q,2005-Q3,1260923800000,0,,,,,,,,,L,,,O,OL,true,,,F
dataflow,IMF.STA:QNEA(7.0.0),R,RUS,P7,V,NSA,XDC,Q,2005-Q4,1391446800000,0,,,,,,,,,L,,,O,OL,true,,,F
dataflow,IMF.STA:QNEA(7.0.0),R,RUS,P7,V,NSA,XDC,Q,2006-Q1,1100465800000,0,,,,,,,,,L,,,O,OL,true,,,F
dataflow,IMF.STA:QNEA(7.0.0),R,RUS,P7,V,NSA,XDC,Q,2006-Q2,1343723800000,0,,,,,,,,,L,,,O,OL,true,,,F
dataflow,IMF.STA:QNEA(7.0.0),R,RUS,P7,V,NSA,XDC,Q,2006-Q3,1494770900000,0,,,,,,,,,L,,,O,OL,true,,,F
dataflow,IMF.STA:QNEA(7.0.0),R,RUS,P7,V,NSA,XDC,Q,2006-Q4,1714459400000,0,,,,,,,,,L,,,O,OL,true,,,F
dataflow,IMF.STA:QNEA(7.0.0),R,RUS,P7,V,NSA,XDC,Q,2007-Q1,1403014300000,0,,,,,,,,,L,,,O,OL,true,,,F
dataflow,IMF.STA:QNEA(7.0.0),R,RUS,P7,V,NSA,XDC,Q,2007-Q2,1715441500000,0,,,,,,,,,L,,,O,OL,true,,,F
dataflow,IMF.STA:QNEA(7.0.0),R,RUS,P7,V,NSA,XDC,Q,2007-Q3,1915250500000,0,,,,,,,,,L,,,O,OL,true,,,F
dataflow,IMF.STA:QNEA(7.0.0),R,RUS,P7,V,NSA,XDC,Q,2007-Q4,2128504500000,0,,,,,,,,,L,,,O,OL,true,,,F
dataflow,IMF.STA:QNEA(7.0.0),R,RUS,P7,V,NSA,XDC,Q,2008-Q1,1816046500000,0,,,,,,,,,L,,,O,OL,true,,,F
dataflow,IMF.STA:QNEA(7.0.0),R,RUS,P7,V,NSA,XDC,Q,2008-Q2,2239528500000,0,,,,,,,,,L,,,O,OL,true,,,F
dataflow,IMF.STA:QNEA(7.0.0),R,RUS,P7,V,NSA,XDC,Q,2008-Q3,2569713900000,0,,,,,,,,,L,,,O,OL,true,,,F
dataflow,IMF.STA:QNEA(7.0.0),R,RUS,P7,V,NSA,XDC,Q,2008-Q4,2485697600000,0,,,,,,,,,L,,,O,OL,true,,,F
dataflow,IMF.STA:QNEA(7.0.0),R,RUS,P7,V,NSA,XDC,Q,2009-Q1,1713584000000,0,,,,,,,,,L,,,O,OL,true,,,F
dataflow,IMF.STA:QNEA(7.0.0),R,RUS,P7,V,NSA,XDC,Q,2009-Q2,1883580900000,0,,,,,,,,,L,,,O,OL,true,,,F
dataflow,IMF.STA:QNEA(7.0.0),R,RUS,P7,V,NSA,XDC,Q,2009-Q3,2089920800000,0,,,,,,,,,L,,,O,OL,true,,,F
dataflow,IMF.STA:QNEA(7.0.0),R,RUS,P7,V,NSA,XDC,Q,2009-Q4,2267241400000,0,,,,,,,,,L,,,O,OL,true,,,F
dataflow,IMF.STA:QNEA(7.0.0),R,RUS,P7,V,NSA,XDC,Q,2010-Q1,1782161900000,0,,,,,,,,,L,,,O,OL,true,,,F
dataflow,IMF.STA:QNEA(7.0.0),R,RUS,P7,V,NSA,XDC,Q,2010-Q2,2274849500000,0,,,,,,,,,L,,,O,OL,true,,,F
dataflow,IMF.STA:QNEA(7.0.0),R,RUS,P7,V,NSA,XDC,Q,2010-Q3,2753446200000,0,,,,,,,,,L,,,O,OL,true,,,F
dataflow,IMF.STA:QNEA(7.0.0),R,RUS,P7,V,NSA,XDC,Q,2010-Q4,2979156400000,0,,,,,,,,,L,,,O,OL,true,,,F
dataflow,IMF.STA:QNEA(7.0.0),R,RUS,P7,V,NSA,XDC,Q,2011-Q1,2386229900000,0,,,,,,,,,L,,,O,OL,true,,,F
dataflow,IMF.STA:QNEA(7.0.0),R,RUS,P7,V,NSA,XDC,Q,2011-Q2,2923296800000,0,,,,,,,,,L,,,O,OL,true,,,F
dataflow,IMF.STA:QNEA(7.0.0),R,RUS,P7,V,NSA,XDC,Q,2011-Q3,3191092700000,0,,,,,,,,,L,,,O,OL,true,,,F
dataflow,IMF.STA:QNEA(7.0.0),R,RUS,P7,V,NSA,XDC,Q,2011-Q4,3510137500000,0,,,,,,,,,L,,,O,OL,true,,,F
dataflow,IMF.STA:QNEA(7.0.0),R,RUS,P7,V,NSA,XDC,Q,2012-Q1,2821459300000,0,,,,,,,,,L,,,O,OL,true,,,F
dataflow,IMF.STA:QNEA(7.0.0),R,RUS,P7,V,NSA,XDC,Q,2012-Q2,3326754100000,0,,,,,,,,,L,,,O,OL,true,,,F
dataflow,IMF.STA:QNEA(7.0.0),R,RUS,P7,V,NSA,XDC,Q,2012-Q3,3785350900000,0,,,,,,,,,L,,,O,OL,true,,,F
dataflow,IMF.STA:QNEA(7.0.0),R,RUS,P7,V,NSA,XDC,Q,2012-Q4,3853307400000,0,,,,,,,,,L,,,O,OL,true,,,F
dataflow,IMF.STA:QNEA(7.0.0),R,RUS,P7,V,NSA,XDC,Q,2013-Q1,3095173300000,0,,,,,,,,,L,,,O,OL,true,,,F
dataflow,IMF.STA:QNEA(7.0.0),R,RUS,P7,V,NSA,XDC,Q,2013-Q2,3653045800000,0,,,,,,,,,L,,,O,OL,true,,,F
dataflow,IMF.STA:QNEA(7.0.0),R,RUS,P7,V,NSA,XDC,Q,2013-Q3,4096881700000,0,,,,,,,,,L,,,O,OL,true,,,F
dataflow,IMF.STA:QNEA(7.0.0),R,RUS,P7,V,NSA,XDC,Q,2013-Q4,4074520000000,0,,,,,,,,,L,,,O,OL,true,,,F
dataflow,IMF.STA:QNEA(7.0.0),R,RUS,P7,V,NSA,XDC,Q,2014-Q1,3446388000000,0,,,,,,,,,L,,,O,OL,true,,,F
dataflow,IMF.STA:QNEA(7.0.0),R,RUS,P7,V,NSA,XDC,Q,2014-Q2,3931808600000,0,,,,,,,,,L,,,O,OL,true,,,F
dataflow,IMF.STA:QNEA(7.0.0),R,RUS,P7,V,NSA,XDC,Q,2014-Q3,4229340800000,0,,,,,,,,,L,,,O,OL,true,,,F
dataflow,IMF.STA:QNEA(7.0.0),R,RUS,P7,V,NSA,XDC,Q,2014-Q4,4743998100000,0,,,,,,,,,L,,,O,OL,true,,,F
dataflow,IMF.STA:QNEA(7.0.0),R,RUS,P7,V,NSA,XDC,Q,2015-Q1,4025354000000,0,,,,,,,,,L,,,O,OL,true,,,F
dataflow,IMF.STA:QNEA(7.0.0),R,RUS,P7,V,NSA,XDC,Q,2015-Q2,3700256900000,0,,,,,,,,,L,,,O,OL,true,,,F
dataflow,IMF.STA:QNEA(7.0.0),R,RUS,P7,V,NSA,XDC,Q,2015-Q3,4727075300000,0,,,,,,,,,L,,,O,OL,true,,,F
dataflow,IMF.STA:QNEA(7.0.0),R,RUS,P7,V,NSA,XDC,Q,2015-Q4,4709801400000,0,,,,,,,,,L,,,O,OL,true,,,F
dataflow,IMF.STA:QNEA(7.0.0),R,RUS,P7,V,NSA,XDC,Q,2016-Q1,3976944800000,0,,,,,,,,,L,,,O,OL,true,,,F
dataflow,IMF.STA:QNEA(7.0.0),R,RUS,P7,V,NSA,XDC,Q,2016-Q2,4228060000000,0,,,,,,,,,L,,,O,OL,true,,,F
dataflow,IMF.STA:QNEA(7.0.0),R,RUS,P7,V,NSA,XDC,Q,2016-Q3,4755695700000,0,,,,,,,,,L,,,O,OL,true,,,F
dataflow,IMF.STA:QNEA(7.0.0),R,RUS,P7,V,NSA,XDC,Q,2016-Q4,4730678800000,0,,,,,,,,,L,,,O,OL,true,,,F
dataflow,IMF.STA:QNEA(7.0.0),R,RUS,P7,V,NSA,XDC,Q,2017-Q1,3859950800000,0,,,,,,,,,L,,,O,OL,true,,,F
dataflow,IMF.STA:QNEA(7.0.0),R,RUS,P7,V,NSA,XDC,Q,2017-Q2,4634306600000,0,,,,,,,,,L,,,O,OL,true,,,F
dataflow,IMF.STA:QNEA(7.0.0),R,RUS,P7,V,NSA,XDC,Q,2017-Q3,5250430200000,0,,,,,,,,,L,,,O,OL,true,,,F
dataflow,IMF.STA:QNEA(7.0.0),R,RUS,P7,V,NSA,XDC,Q,2017-Q4,5345516800000,0,,,,,,,,,L,,,O,OL,true,,,F
dataflow,IMF.STA:QNEA(7.0.0),R,RUS,P7,V,NSA,XDC,Q,2018-Q1,4441591500000,0,,,,,,,,,L,,,O,OL,true,,,F
dataflow,IMF.STA:QNEA(7.0.0),R,RUS,P7,V,NSA,XDC,Q,2018-Q2,5422474700000,0,,,,,,,,,L,,,O,OL,true,,,F
dataflow,IMF.STA:QNEA(7.0.0),R,RUS,P7,V,NSA,XDC,Q,2018-Q3,5821783500000,0,,,,,,,,,L,,,O,OL,true,,,F
dataflow,IMF.STA:QNEA(7.0.0),R,RUS,P7,V,NSA,XDC,Q,2018-Q4,5904563300000,0,,,,,,,,,L,,,O,OL,true,,,F
dataflow,IMF.STA:QNEA(7.0.0),R,RUS,P7,V,NSA,XDC,Q,2019-Q1,4973952900000,0,,,,,,,,,L,,,O,OL,true,,,F
dataflow,IMF.STA:QNEA(7.0.0),R,RUS,P7,V,NSA,XDC,Q,2019-Q2,5576040800000,0,,,,,,,,,L,,,O,OL,true,,,F
dataflow,IMF.STA:QNEA(7.0.0),R,RUS,P7,V,NSA,XDC,Q,2019-Q3,6039665900000,0,,,,,,,,,L,,,O,OL,true,,,F
dataflow,IMF.STA:QNEA(7.0.0),R,RUS,P7,V,NSA,XDC,Q,2019-Q4,6203736500000,0,,,,,,,,,L,,,O,OL,true,,,F
dataflow,IMF.STA:QNEA(7.0.0),R,RUS,P7,V,NSA,XDC,Q,2020-Q1,4999662900000,0,,,,,,,,,L,,,O,OL,true,,,F
dataflow,IMF.STA:QNEA(7.0.0),R,RUS,P7,V,NSA,XDC,Q,2020-Q2,4781555300000,0,,,,,,,,,L,,,O,OL,true,,,F
dataflow,IMF.STA:QNEA(7.0.0),R,RUS,P7,V,NSA,XDC,Q,2020-Q3,5489357600000,0,,,,,,,,,L,,,O,OL,true,,,F
dataflow,IMF.STA:QNEA(7.0.0),R,RUS,P7,V,NSA,XDC,Q,2020-Q4,6739818800000,0,,,,,,,,,L,,,O,OL,true,,,F
dataflow,IMF.STA:QNEA(7.0.0),R,RUS,P7,V,NSA,XDC,Q,2021-Q1,5754138200000,0,,,,,,,,,L,,,O,OL,true,,,F
dataflow,IMF.STA:QNEA(7.0.0),R,RUS,P7,V,NSA,XDC,Q,2021-Q2,6868032200000,0,,,,,,,,,L,,,O,OL,true,,,F
dataflow,IMF.STA:QNEA(7.0.0),R,RUS,P7,V,NSA,XDC,Q,2021-Q3,7244055300000,0,,,,,,,,,L,,,O,OL,true,,,F
dataflow,IMF.STA:QNEA(7.0.0),R,RUS,P7,V,NSA,XDC,Q,2021-Q4,7865827700000,0,,,,,,,,,L,,,O,OL,true,,,F
dataflow,IMF.STA:QNEA(7.0.0),R,RUS,P7,V,NSA,XDC,Q,2022-Q1,7386087600000,0,,,,,,,,,L,,,O,OL,true,,,F
dataflow,IMF.STA:QNEA(7.0.0),R,RUS,P7,V,NSA,XDC,Q,2022-Q2,4737278700000,0,,,,,,,,,L,,,O,OL,true,,,F
dataflow,IMF.STA:QNEA(7.0.0),R,RUS,P7,V,NSA,XDC,Q,2022-Q3,5167442100000,0,,,,,,,,,L,,,O,OL,true,,,F
dataflow,IMF.STA:QNEA(7.0.0),R,RUS,P7,V,NSA,XDC,Q,2022-Q4,6348427500000,0,,,,,,,,,L,,,O,OL,true,,,F
dataflow,IMF.STA:QNEA(7.0.0),R,RUS,P7,V,NSA,XDC,Q,2023-Q1,6698133200000,0,,,,,,,,,L,,,O,OL,true,,,F
dataflow,IMF.STA:QNEA(7.0.0),R,RUS,P7,V,NSA,XDC,Q,2023-Q2,7808833400000,0,,,,,,,,,L,,,O,OL,true,,,F
dataflow,IMF.STA:QNEA(7.0.0),R,RUS,P7,V,NSA,XDC,Q,2023-Q3,9004066300000,0,,,,,,,,,L,,,O,OL,true,,,F
dataflow,IMF.STA:QNEA(7.0.0),R,RUS,P7,V,NSA,XDC,Q,2023-Q4,8849369700000,0,,,,,,,,,L,,,O,OL,true,,,F
dataflow,IMF.STA:QNEA(7.0.0),R,RUS,P7,V,NSA,XDC,Q,2024-Q1,7674676000000,0,,,,,,,,,L,,,O,OL,true,,,F
dataflow,IMF.STA:QNEA(7.0.0),R,RUS,P7,V,NSA,XDC,Q,2024-Q2,8194147900000,0,,,,,,,,,L,,,O,OL,true,,,F
dataflow,IMF.STA:QNEA(7.0.0),R,RUS,P7,V,NSA,XDC,Q,2024-Q3,9099322100000,0,,,,,,,,,L,,,O,OL,true,,,F
dataflow,IMF.STA:QNEA(7.0.0),R,RUS,P7,V,NSA,XDC,Q,2024-Q4,10563481800000,0,,,,,,,,,L,,,O,OL,true,,,F
dataflow,IMF.STA:QNEA(7.0.0),R,RUS,P7,V,NSA,XDC,Q,2025-Q1,7856397700000,0,,,,,,,,,L,,,O,OL,true,,,F
dataflow,IMF.STA:QNEA(7.0.0),R,RUS,P7,V,NSA,XDC,Q,2025-Q2,8031357700000,0,,,,,,,,,L,,,O,OL,true,,,F
dataflow,IMF.STA:QNEA(7.0.0),R,RUS,P7,V,NSA,XDC,Q,2025-Q3,8329408100000,0,,,,,,,,,L,,,O,OL,true,,,F
dataflow,IMF.STA:QNEA(7.0.0),R,RUS,P7,V,NSA,XDC,Q,2025-Q4,9008189500000,0,,,,,,,,,L,,,O,OL,true,,,F
dataflow,IMF.STA:QNEA(7.0.0),R,RUS,P7,V,NSA,XDC,Q,2026-Q1,7337854300000,0,,,,,,,,,L,,,O,OL,true,,,F
dataflow,IMF.STA:QNEA(7.0.0),R,RUS,P71,Q,NSA,USD,Q,,,0,,,,,,,,,L,,,,OL,,2021,,
dataflow,IMF.STA:QNEA(7.0.0),R,RUS,P71,Q,NSA,XDC,Q,2011-Q1,3640479100000,0,,,,,,,,,L,,,O,OL,true,2021,,F
dataflow,IMF.STA:QNEA(7.0.0),R,RUS,P71,Q,NSA,XDC,Q,2011-Q2,4834359900000,0,,,,,,,,,L,,,O,OL,true,2021,,F
dataflow,IMF.STA:QNEA(7.0.0),R,RUS,P71,Q,NSA,XDC,Q,2011-Q3,4217128600000,0,,,,,,,,,L,,,O,OL,true,2021,,F
dataflow,IMF.STA:QNEA(7.0.0),R,RUS,P71,Q,NSA,XDC,Q,2011-Q4,4437058900000,0,,,,,,,,,L,,,O,OL,true,2021,,F
dataflow,IMF.STA:QNEA(7.0.0),R,RUS,P71,Q,NSA,XDC,Q,2012-Q1,3981279000000,0,,,,,,,,,L,,,O,OL,true,2021,,F
dataflow,IMF.STA:QNEA(7.0.0),R,RUS,P71,Q,NSA,XDC,Q,2012-Q2,4921520600000,0,,,,,,,,,L,,,O,OL,true,2021,,F
dataflow,IMF.STA:QNEA(7.0.0),R,RUS,P71,Q,NSA,XDC,Q,2012-Q3,4618313500000,0,,,,,,,,,L,,,O,OL,true,2021,,F
dataflow,IMF.STA:QNEA(7.0.0),R,RUS,P71,Q,NSA,XDC,Q,2012-Q4,4744096300000,0,,,,,,,,,L,,,O,OL,true,2021,,F
dataflow,IMF.STA:QNEA(7.0.0),R,RUS,P71,Q,NSA,XDC,Q,2013-Q1,4135010300000,0,,,,,,,,,L,,,O,OL,true,2021,,F
dataflow,IMF.STA:QNEA(7.0.0),R,RUS,P71,Q,NSA,XDC,Q,2013-Q2,4841964000000,0,,,,,,,,,L,,,O,OL,true,2021,,F
dataflow,IMF.STA:QNEA(7.0.0),R,RUS,P71,Q,NSA,XDC,Q,2013-Q3,4554511400000,0,,,,,,,,,L,,,O,OL,true,2021,,F
dataflow,IMF.STA:QNEA(7.0.0),R,RUS,P71,Q,NSA,XDC,Q,2013-Q4,4538095400000,0,,,,,,,,,L,,,O,OL,true,2021,,F
dataflow,IMF.STA:QNEA(7.0.0),R,RUS,P71,Q,NSA,XDC,Q,2014-Q1,5099670000000,0,,,,,,,,,L,,,O,OL,true,2021,,F
dataflow,IMF.STA:QNEA(7.0.0),R,RUS,P71,Q,NSA,XDC,Q,2014-Q2,5738914100000,0,,,,,,,,,L,,,O,OL,true,2021,,F
dataflow,IMF.STA:QNEA(7.0.0),R,RUS,P71,Q,NSA,XDC,Q,2014-Q3,5392639000000,0,,,,,,,,,L,,,O,OL,true,2021,,F
dataflow,IMF.STA:QNEA(7.0.0),R,RUS,P71,Q,NSA,XDC,Q,2014-Q4,4349822700000,0,,,,,,,,,L,,,O,OL,true,2021,,F
dataflow,IMF.STA:QNEA(7.0.0),R,RUS,P71,Q,NSA,XDC,Q,2015-Q1,3748703900000,0,,,,,,,,,L,,,O,OL,true,2021,,F
dataflow,IMF.STA:QNEA(7.0.0),R,RUS,P71,Q,NSA,XDC,Q,2015-Q2,4020061400000,0,,,,,,,,,L,,,O,OL,true,2021,,F
dataflow,IMF.STA:QNEA(7.0.0),R,RUS,P71,Q,NSA,XDC,Q,2015-Q3,4146034300000,0,,,,,,,,,L,,,O,OL,true,2021,,F
dataflow,IMF.STA:QNEA(7.0.0),R,RUS,P71,Q,NSA,XDC,Q,2015-Q4,3495900300000,0,,,,,,,,,L,,,O,OL,true,2021,,F
dataflow,IMF.STA:QNEA(7.0.0),R,RUS,P71,Q,NSA,XDC,Q,2016-Q1,3576949400000,0,,,,,,,,,L,,,O,OL,true,2021,,F
dataflow,IMF.STA:QNEA(7.0.0),R,RUS,P71,Q,NSA,XDC,Q,2016-Q2,3986096700000,0,,,,,,,,,L,,,O,OL,true,2021,,F
dataflow,IMF.STA:QNEA(7.0.0),R,RUS,P71,Q,NSA,XDC,Q,2016-Q3,4307007000000,0,,,,,,,,,L,,,O,OL,true,2021,,F
dataflow,IMF.STA:QNEA(7.0.0),R,RUS,P71,Q,NSA,XDC,Q,2016-Q4,3819133900000,0,,,,,,,,,L,,,O,OL,true,2021,,F
dataflow,IMF.STA:QNEA(7.0.0),R,RUS,P71,Q,NSA,XDC,Q,2017-Q1,4115593400000,0,,,,,,,,,L,,,O,OL,true,2021,,F
dataflow,IMF.STA:QNEA(7.0.0),R,RUS,P71,Q,NSA,XDC,Q,2017-Q2,4869584600000,0,,,,,,,,,L,,,O,OL,true,2021,,F
dataflow,IMF.STA:QNEA(7.0.0),R,RUS,P71,Q,NSA,XDC,Q,2017-Q3,4968992100000,0,,,,,,,,,L,,,O,OL,true,2021,,F
dataflow,IMF.STA:QNEA(7.0.0),R,RUS,P71,Q,NSA,XDC,Q,2017-Q4,4296277200000,0,,,,,,,,,L,,,O,OL,true,2021,,F
dataflow,IMF.STA:QNEA(7.0.0),R,RUS,P71,Q,NSA,XDC,Q,2018-Q1,4453317000000,0,,,,,,,,,L,,,O,OL,true,2021,,F
dataflow,IMF.STA:QNEA(7.0.0),R,RUS,P71,Q,NSA,XDC,Q,2018-Q2,4918464200000,0,,,,,,,,,L,,,O,OL,true,2021,,F
dataflow,IMF.STA:QNEA(7.0.0),R,RUS,P71,Q,NSA,XDC,Q,2018-Q3,4923239100000,0,,,,,,,,,L,,,O,OL,true,2021,,F
dataflow,IMF.STA:QNEA(7.0.0),R,RUS,P71,Q,NSA,XDC,Q,2018-Q4,4253975500000,0,,,,,,,,,L,,,O,OL,true,2021,,F
dataflow,IMF.STA:QNEA(7.0.0),R,RUS,P71,Q,NSA,XDC,Q,2019-Q1,4400749600000,0,,,,,,,,,L,,,O,OL,true,2021,,F
dataflow,IMF.STA:QNEA(7.0.0),R,RUS,P71,Q,NSA,XDC,Q,2019-Q2,4900569300000,0,,,,,,,,,L,,,O,OL,true,2021,,F
dataflow,IMF.STA:QNEA(7.0.0),R,RUS,P71,Q,NSA,XDC,Q,2019-Q3,5115293600000,0,,,,,,,,,L,,,O,OL,true,2021,,F
dataflow,IMF.STA:QNEA(7.0.0),R,RUS,P71,Q,NSA,XDC,Q,2019-Q4,4734149000000,0,,,,,,,,,L,,,O,OL,true,2021,,F
dataflow,IMF.STA:QNEA(7.0.0),R,RUS,P71,Q,NSA,XDC,Q,2020-Q1,4496742300000,0,,,,,,,,,L,,,O,OL,true,2021,,F
dataflow,IMF.STA:QNEA(7.0.0),R,RUS,P71,Q,NSA,XDC,Q,2020-Q2,4345628700000,0,,,,,,,,,L,,,O,OL,true,2021,,F
dataflow,IMF.STA:QNEA(7.0.0),R,RUS,P71,Q,NSA,XDC,Q,2020-Q3,4741385100000,0,,,,,,,,,L,,,O,OL,true,2021,,F
dataflow,IMF.STA:QNEA(7.0.0),R,RUS,P71,Q,NSA,XDC,Q,2020-Q4,4913121900000,0,,,,,,,,,L,,,O,OL,true,2021,,F
dataflow,IMF.STA:QNEA(7.0.0),R,RUS,P71,Q,NSA,XDC,Q,2021-Q1,6071806400000,0,,,,,,,,,L,,,O,OL,true,2021,,F
dataflow,IMF.STA:QNEA(7.0.0),R,RUS,P71,Q,NSA,XDC,Q,2021-Q2,7071548800000,0,,,,,,,,,L,,,O,OL,true,2021,,F
dataflow,IMF.STA:QNEA(7.0.0),R,RUS,P71,Q,NSA,XDC,Q,2021-Q3,7051270000000,0,,,,,,,,,L,,,O,OL,true,2021,,F
dataflow,IMF.STA:QNEA(7.0.0),R,RUS,P71,Q,NSA,XDC,Q,2021-Q4,7537428200000,0,,,,,,,,,L,,,O,OL,true,2021,,F
dataflow,IMF.STA:QNEA(7.0.0),R,RUS,P71,V,NSA,USD,Q,,,0,,,,,,,,,L,,,,OL,,,,
dataflow,IMF.STA:QNEA(7.0.0),R,RUS,P71,V,NSA,XDC,Q,2011-Q1,1881857600000,0,,,,,,,,,L,,,O,OL,true,,,F
dataflow,IMF.STA:QNEA(7.0.0),R,RUS,P71,V,NSA,XDC,Q,2011-Q2,2293622600000,0,,,,,,,,,L,,,O,OL,true,,,F
dataflow,IMF.STA:QNEA(7.0.0),R,RUS,P71,V,NSA,XDC,Q,2011-Q3,2401206700000,0,,,,,,,,,L,,,O,OL,true,,,F
dataflow,IMF.STA:QNEA(7.0.0),R,RUS,P71,V,NSA,XDC,Q,2011-Q4,2743595800000,0,,,,,,,,,L,,,O,OL,true,,,F
dataflow,IMF.STA:QNEA(7.0.0),R,RUS,P71,V,NSA,XDC,Q,2012-Q1,2173385900000,0,,,,,,,,,L,,,O,OL,true,,,F
dataflow,IMF.STA:QNEA(7.0.0),R,RUS,P71,V,NSA,XDC,Q,2012-Q2,2523752300000,0,,,,,,,,,L,,,O,OL,true,,,F
dataflow,IMF.STA:QNEA(7.0.0),R,RUS,P71,V,NSA,XDC,Q,2012-Q3,2770246900000,0,,,,,,,,,L,,,O,OL,true,,,F
dataflow,IMF.STA:QNEA(7.0.0),R,RUS,P71,V,NSA,XDC,Q,2012-Q4,2925351700000,0,,,,,,,,,L,,,O,OL,true,,,F
dataflow,IMF.STA:QNEA(7.0.0),R,RUS,P71,V,NSA,XDC,Q,2013-Q1,2313954100000,0,,,,,,,,,L,,,O,OL,true,,,F
dataflow,IMF.STA:QNEA(7.0.0),R,RUS,P71,V,NSA,XDC,Q,2013-Q2,2655876200000,0,,,,,,,,,L,,,O,OL,true,,,F
dataflow,IMF.STA:QNEA(7.0.0),R,RUS,P71,V,NSA,XDC,Q,2013-Q3,2844762700000,0,,,,,,,,,L,,,O,OL,true,,,F
dataflow,IMF.STA:QNEA(7.0.0),R,RUS,P71,V,NSA,XDC,Q,2013-Q4,3002786500000,0,,,,,,,,,L,,,O,OL,true,,,F
dataflow,IMF.STA:QNEA(7.0.0),R,RUS,P71,V,NSA,XDC,Q,2014-Q1,2531694100000,0,,,,,,,,,L,,,O,OL,true,,,F
dataflow,IMF.STA:QNEA(7.0.0),R,RUS,P71,V,NSA,XDC,Q,2014-Q2,2822177800000,0,,,,,,,,,L,,,O,OL,true,,,F
dataflow,IMF.STA:QNEA(7.0.0),R,RUS,P71,V,NSA,XDC,Q,2014-Q3,2911335900000,0,,,,,,,,,L,,,O,OL,true,,,F
dataflow,IMF.STA:QNEA(7.0.0),R,RUS,P71,V,NSA,XDC,Q,2014-Q4,3489752600000,0,,,,,,,,,L,,,O,OL,true,,,F
dataflow,IMF.STA:QNEA(7.0.0),R,RUS,P71,V,NSA,XDC,Q,2015-Q1,2775816800000,0,,,,,,,,,L,,,O,OL,true,,,F
dataflow,IMF.STA:QNEA(7.0.0),R,RUS,P71,V,NSA,XDC,Q,2015-Q2,2509472200000,0,,,,,,,,,L,,,O,OL,true,,,F
dataflow,IMF.STA:QNEA(7.0.0),R,RUS,P71,V,NSA,XDC,Q,2015-Q3,3131633100000,0,,,,,,,,,L,,,O,OL,true,,,F
dataflow,IMF.STA:QNEA(7.0.0),R,RUS,P71,V,NSA,XDC,Q,2015-Q4,3349435400000,0,,,,,,,,,L,,,O,OL,true,,,F
dataflow,IMF.STA:QNEA(7.0.0),R,RUS,P71,V,NSA,XDC,Q,2016-Q1,2838701500000,0,,,,,,,,,L,,,O,OL,true,,,F
dataflow,IMF.STA:QNEA(7.0.0),R,RUS,P71,V,NSA,XDC,Q,2016-Q2,2999727200000,0,,,,,,,,,L,,,O,OL,true,,,F
dataflow,IMF.STA:QNEA(7.0.0),R,RUS,P71,V,NSA,XDC,Q,2016-Q3,3395929600000,0,,,,,,,,,L,,,O,OL,true,,,F
dataflow,IMF.STA:QNEA(7.0.0),R,RUS,P71,V,NSA,XDC,Q,2016-Q4,3491012900000,0,,,,,,,,,L,,,O,OL,true,,,F
dataflow,IMF.STA:QNEA(7.0.0),R,RUS,P71,V,NSA,XDC,Q,2017-Q1,2828525800000,0,,,,,,,,,L,,,O,OL,true,,,F
dataflow,IMF.STA:QNEA(7.0.0),R,RUS,P71,V,NSA,XDC,Q,2017-Q2,3355260800000,0,,,,,,,,,L,,,O,OL,true,,,F
dataflow,IMF.STA:QNEA(7.0.0),R,RUS,P71,V,NSA,XDC,Q,2017-Q3,3766914000000,0,,,,,,,,,L,,,O,OL,true,,,F
dataflow,IMF.STA:QNEA(7.0.0),R,RUS,P71,V,NSA,XDC,Q,2017-Q4,3955525200000,0,,,,,,,,,L,,,O,OL,true,,,F
dataflow,IMF.STA:QNEA(7.0.0),R,RUS,P71,V,NSA,XDC,Q,2018-Q1,3270830900000,0,,,,,,,,,L,,,O,OL,true,,,F
dataflow,IMF.STA:QNEA(7.0.0),R,RUS,P71,V,NSA,XDC,Q,2018-Q2,3916647800000,0,,,,,,,,,L,,,O,OL,true,,,F
dataflow,IMF.STA:QNEA(7.0.0),R,RUS,P71,V,NSA,XDC,Q,2018-Q3,4109129200000,0,,,,,,,,,L,,,O,OL,true,,,F
dataflow,IMF.STA:QNEA(7.0.0),R,RUS,P71,V,NSA,XDC,Q,2018-Q4,4334540500000,0,,,,,,,,,L,,,O,OL,true,,,F
dataflow,IMF.STA:QNEA(7.0.0),R,RUS,P71,V,NSA,XDC,Q,2019-Q1,3666245100000,0,,,,,,,,,L,,,O,OL,true,,,F
dataflow,IMF.STA:QNEA(7.0.0),R,RUS,P71,V,NSA,XDC,Q,2019-Q2,3992471800000,0,,,,,,,,,L,,,O,OL,true,,,F
dataflow,IMF.STA:QNEA(7.0.0),R,RUS,P71,V,NSA,XDC,Q,2019-Q3,4207404800000,0,,,,,,,,,L,,,O,OL,true,,,F
dataflow,IMF.STA:QNEA(7.0.0),R,RUS,P71,V,NSA,XDC,Q,2019-Q4,4549525200000,0,,,,,,,,,L,,,O,OL,true,,,F
dataflow,IMF.STA:QNEA(7.0.0),R,RUS,P71,V,NSA,XDC,Q,2020-Q1,3702222300000,0,,,,,,,,,L,,,O,OL,true,,,F
dataflow,IMF.STA:QNEA(7.0.0),R,RUS,P71,V,NSA,XDC,Q,2020-Q2,3898601600000,0,,,,,,,,,L,,,O,OL,true,,,F
dataflow,IMF.STA:QNEA(7.0.0),R,RUS,P71,V,NSA,XDC,Q,2020-Q3,4430504800000,0,,,,,,,,,L,,,O,OL,true,,,F
dataflow,IMF.STA:QNEA(7.0.0),R,RUS,P71,V,NSA,XDC,Q,2020-Q4,5329045300000,0,,,,,,,,,L,,,O,OL,true,,,F
dataflow,IMF.STA:QNEA(7.0.0),R,RUS,P71,V,NSA,XDC,Q,2021-Q1,4674943700000,0,,,,,,,,,L,,,O,OL,true,,,F
dataflow,IMF.STA:QNEA(7.0.0),R,RUS,P71,V,NSA,XDC,Q,2021-Q2,5600355600000,0,,,,,,,,,L,,,O,OL,true,,,F
dataflow,IMF.STA:QNEA(7.0.0),R,RUS,P71,V,NSA,XDC,Q,2021-Q3,5702820700000,0,,,,,,,,,L,,,O,OL,true,,,F
dataflow,IMF.STA:QNEA(7.0.0),R,RUS,P71,V,NSA,XDC,Q,2021-Q4,6174749300000,0,,,,,,,,,L,,,O,OL,true,,,F
dataflow,IMF.STA:QNEA(7.0.0),R,RUS,P71,V,NSA,XDC,Q,2022-Q1,5910823300000,0,,,,,,,,,L,,,O,OL,true,,,F
dataflow,IMF.STA:QNEA(7.0.0),R,RUS,P71,V,NSA,XDC,Q,2022-Q2,3772969600000,0,,,,,,,,,L,,,O,OL,true,,,F
dataflow,IMF.STA:QNEA(7.0.0),R,RUS,P71,V,NSA,XDC,Q,2022-Q3,4088030200000,0,,,,,,,,,L,,,O,OL,true,,,F
dataflow,IMF.STA:QNEA(7.0.0),R,RUS,P71,V,NSA,XDC,Q,2022-Q4,5059491500000,0,,,,,,,,,L,,,O,OL,true,,,F
dataflow,IMF.STA:QNEA(7.0.0),R,RUS,P71,V,NSA,XDC,Q,2023-Q1,5426202100000,0,,,,,,,,,L,,,O,OL,true,,,F
dataflow,IMF.STA:QNEA(7.0.0),R,RUS,P71,V,NSA,XDC,Q,2023-Q2,6247241100000,0,,,,,,,,,L,,,O,OL,true,,,F
dataflow,IMF.STA:QNEA(7.0.0),R,RUS,P71,V,NSA,XDC,Q,2023-Q3,7120270300000,0,,,,,,,,,L,,,O,OL,true,,,F
dataflow,IMF.STA:QNEA(7.0.0),R,RUS,P71,V,NSA,XDC,Q,2023-Q4,7012469800000,0,,,,,,,,,L,,,O,OL,true,,,F
dataflow,IMF.STA:QNEA(7.0.0),R,RUS,P71,V,NSA,XDC,Q,2024-Q1,6086441200000,0,,,,,,,,,L,,,O,OL,true,,,F
dataflow,IMF.STA:QNEA(7.0.0),R,RUS,P71,V,NSA,XDC,Q,2024-Q2,6449128700000,0,,,,,,,,,L,,,O,OL,true,,,F
dataflow,IMF.STA:QNEA(7.0.0),R,RUS,P71,V,NSA,XDC,Q,2024-Q3,7016970700000,0,,,,,,,,,L,,,O,OL,true,,,F
dataflow,IMF.STA:QNEA(7.0.0),R,RUS,P71,V,NSA,XDC,Q,2024-Q4,8437749200000,0,,,,,,,,,L,,,O,OL,true,,,F
dataflow,IMF.STA:QNEA(7.0.0),R,RUS,P71,V,NSA,XDC,Q,2025-Q1,6188927700000,0,,,,,,,,,L,,,O,OL,true,,,F
dataflow,IMF.STA:QNEA(7.0.0),R,RUS,P71,V,NSA,XDC,Q,2025-Q2,6039798500000,0,,,,,,,,,L,,,O,OL,true,,,F
dataflow,IMF.STA:QNEA(7.0.0),R,RUS,P71,V,NSA,XDC,Q,2025-Q3,6133334600000,0,,,,,,,,,L,,,O,OL,true,,,F
dataflow,IMF.STA:QNEA(7.0.0),R,RUS,P71,V,NSA,XDC,Q,2025-Q4,7008085200000,0,,,,,,,,,L,,,O,OL,true,,,F
dataflow,IMF.STA:QNEA(7.0.0),R,RUS,P71,V,NSA,XDC,Q,2026-Q1,5766151400000,0,,,,,,,,,L,,,O,OL,true,,,F
dataflow,IMF.STA:QNEA(7.0.0),R,RUS,P72,Q,NSA,USD,Q,,,0,,,,,,,,,L,,,,OL,,2021,,
dataflow,IMF.STA:QNEA(7.0.0),R,RUS,P72,Q,NSA,XDC,Q,2011-Q1,1135215600000,0,,,,,,,,,L,,,O,OL,true,2021,,F
dataflow,IMF.STA:QNEA(7.0.0),R,RUS,P72,Q,NSA,XDC,Q,2011-Q2,1433675800000,0,,,,,,,,,L,,,O,OL,true,2021,,F
dataflow,IMF.STA:QNEA(7.0.0),R,RUS,P72,Q,NSA,XDC,Q,2011-Q3,1743564800000,0,,,,,,,,,L,,,O,OL,true,2021,,F
dataflow,IMF.STA:QNEA(7.0.0),R,RUS,P72,Q,NSA,XDC,Q,2011-Q4,1594823000000,0,,,,,,,,,L,,,O,OL,true,2021,,F
dataflow,IMF.STA:QNEA(7.0.0),R,RUS,P72,Q,NSA,XDC,Q,2012-Q1,1398093600000,0,,,,,,,,,L,,,O,OL,true,2021,,F
dataflow,IMF.STA:QNEA(7.0.0),R,RUS,P72,Q,NSA,XDC,Q,2012-Q2,1674857700000,0,,,,,,,,,L,,,O,OL,true,2021,,F
dataflow,IMF.STA:QNEA(7.0.0),R,RUS,P72,Q,NSA,XDC,Q,2012-Q3,2082659700000,0,,,,,,,,,L,,,O,OL,true,2021,,F
dataflow,IMF.STA:QNEA(7.0.0),R,RUS,P72,Q,NSA,XDC,Q,2012-Q4,1947302200000,0,,,,,,,,,L,,,O,OL,true,2021,,F
dataflow,IMF.STA:QNEA(7.0.0),R,RUS,P72,Q,NSA,XDC,Q,2013-Q1,1685165000000,0,,,,,,,,,L,,,O,OL,true,2021,,F
dataflow,IMF.STA:QNEA(7.0.0),R,RUS,P72,Q,NSA,XDC,Q,2013-Q2,2038679300000,0,,,,,,,,,L,,,O,OL,true,2021,,F
dataflow,IMF.STA:QNEA(7.0.0),R,RUS,P72,Q,NSA,XDC,Q,2013-Q3,2482727700000,0,,,,,,,,,L,,,O,OL,true,2021,,F
dataflow,IMF.STA:QNEA(7.0.0),R,RUS,P72,Q,NSA,XDC,Q,2013-Q4,2150420400000,0,,,,,,,,,L,,,O,OL,true,2021,,F
dataflow,IMF.STA:QNEA(7.0.0),R,RUS,P72,Q,NSA,XDC,Q,2014-Q1,1876606400000,0,,,,,,,,,L,,,O,OL,true,2021,,F
dataflow,IMF.STA:QNEA(7.0.0),R,RUS,P72,Q,NSA,XDC,Q,2014-Q2,2249914200000,0,,,,,,,,,L,,,O,OL,true,2021,,F
dataflow,IMF.STA:QNEA(7.0.0),R,RUS,P72,Q,NSA,XDC,Q,2014-Q3,2631343800000,0,,,,,,,,,L,,,O,OL,true,2021,,F
dataflow,IMF.STA:QNEA(7.0.0),R,RUS,P72,Q,NSA,XDC,Q,2014-Q4,1986132900000,0,,,,,,,,,L,,,O,OL,true,2021,,F
dataflow,IMF.STA:QNEA(7.0.0),R,RUS,P72,Q,NSA,XDC,Q,2015-Q1,1478236100000,0,,,,,,,,,L,,,O,OL,true,2021,,F
dataflow,IMF.STA:QNEA(7.0.0),R,RUS,P72,Q,NSA,XDC,Q,2015-Q2,1652726200000,0,,,,,,,,,L,,,O,OL,true,2021,,F
dataflow,IMF.STA:QNEA(7.0.0),R,RUS,P72,Q,NSA,XDC,Q,2015-Q3,1900597300000,0,,,,,,,,,L,,,O,OL,true,2021,,F
dataflow,IMF.STA:QNEA(7.0.0),R,RUS,P72,Q,NSA,XDC,Q,2015-Q4,1541596700000,0,,,,,,,,,L,,,O,OL,true,2021,,F
dataflow,IMF.STA:QNEA(7.0.0),R,RUS,P72,Q,NSA,XDC,Q,2016-Q1,1114410700000,0,,,,,,,,,L,,,O,OL,true,2021,,F
dataflow,IMF.STA:QNEA(7.0.0),R,RUS,P72,Q,NSA,XDC,Q,2016-Q2,1376631200000,0,,,,,,,,,L,,,O,OL,true,2021,,F
dataflow,IMF.STA:QNEA(7.0.0),R,RUS,P72,Q,NSA,XDC,Q,2016-Q3,1582831100000,0,,,,,,,,,L,,,O,OL,true,2021,,F
dataflow,IMF.STA:QNEA(7.0.0),R,RUS,P72,Q,NSA,XDC,Q,2016-Q4,1472604900000,0,,,,,,,,,L,,,O,OL,true,2021,,F
dataflow,IMF.STA:QNEA(7.0.0),R,RUS,P72,Q,NSA,XDC,Q,2017-Q1,1294849700000,0,,,,,,,,,L,,,O,OL,true,2021,,F
dataflow,IMF.STA:QNEA(7.0.0),R,RUS,P72,Q,NSA,XDC,Q,2017-Q2,1667277500000,0,,,,,,,,,L,,,O,OL,true,2021,,F
dataflow,IMF.STA:QNEA(7.0.0),R,RUS,P72,Q,NSA,XDC,Q,2017-Q3,1911533600000,0,,,,,,,,,L,,,O,OL,true,2021,,F
dataflow,IMF.STA:QNEA(7.0.0),R,RUS,P72,Q,NSA,XDC,Q,2017-Q4,1773916500000,0,,,,,,,,,L,,,O,OL,true,2021,,F
dataflow,IMF.STA:QNEA(7.0.0),R,RUS,P72,Q,NSA,XDC,Q,2018-Q1,1486340200000,0,,,,,,,,,L,,,O,OL,true,2021,,F
dataflow,IMF.STA:QNEA(7.0.0),R,RUS,P72,Q,NSA,XDC,Q,2018-Q2,1789008100000,0,,,,,,,,,L,,,O,OL,true,2021,,F
dataflow,IMF.STA:QNEA(7.0.0),R,RUS,P72,Q,NSA,XDC,Q,2018-Q3,1952629100000,0,,,,,,,,,L,,,O,OL,true,2021,,F
dataflow,IMF.STA:QNEA(7.0.0),R,RUS,P72,Q,NSA,XDC,Q,2018-Q4,1778350300000,0,,,,,,,,,L,,,O,OL,true,2021,,F
dataflow,IMF.STA:QNEA(7.0.0),R,RUS,P72,Q,NSA,XDC,Q,2019-Q1,1436463200000,0,,,,,,,,,L,,,O,OL,true,2021,,F
dataflow,IMF.STA:QNEA(7.0.0),R,RUS,P72,Q,NSA,XDC,Q,2019-Q2,1792329600000,0,,,,,,,,,L,,,O,OL,true,2021,,F
dataflow,IMF.STA:QNEA(7.0.0),R,RUS,P72,Q,NSA,XDC,Q,2019-Q3,2075944900000,0,,,,,,,,,L,,,O,OL,true,2021,,F
dataflow,IMF.STA:QNEA(7.0.0),R,RUS,P72,Q,NSA,XDC,Q,2019-Q4,1899950400000,0,,,,,,,,,L,,,O,OL,true,2021,,F
dataflow,IMF.STA:QNEA(7.0.0),R,RUS,P72,Q,NSA,XDC,Q,2020-Q1,1431149700000,0,,,,,,,,,L,,,O,OL,true,2021,,F
dataflow,IMF.STA:QNEA(7.0.0),R,RUS,P72,Q,NSA,XDC,Q,2020-Q2,902127200000,0,,,,,,,,,L,,,O,OL,true,2021,,F
dataflow,IMF.STA:QNEA(7.0.0),R,RUS,P72,Q,NSA,XDC,Q,2020-Q3,1065094800000,0,,,,,,,,,L,,,O,OL,true,2021,,F
dataflow,IMF.STA:QNEA(7.0.0),R,RUS,P72,Q,NSA,XDC,Q,2020-Q4,1380240500000,0,,,,,,,,,L,,,O,OL,true,2021,,F
dataflow,IMF.STA:QNEA(7.0.0),R,RUS,P72,Q,NSA,XDC,Q,2021-Q1,4997316100000,0,,,,,,,,,L,,,O,OL,true,2021,,F
dataflow,IMF.STA:QNEA(7.0.0),R,RUS,P72,Q,NSA,XDC,Q,2021-Q2,5815085100000,0,,,,,,,,,L,,,O,OL,true,2021,,F
dataflow,IMF.STA:QNEA(7.0.0),R,RUS,P72,Q,NSA,XDC,Q,2021-Q3,5517742100000,0,,,,,,,,,L,,,O,OL,true,2021,,F
dataflow,IMF.STA:QNEA(7.0.0),R,RUS,P72,Q,NSA,XDC,Q,2021-Q4,5822726000000,0,,,,,,,,,L,,,O,OL,true,2021,,F
dataflow,IMF.STA:QNEA(7.0.0),R,RUS,P72,V,NSA,USD,Q,,,0,,,,,,,,,L,,,,OL,,,,
dataflow,IMF.STA:QNEA(7.0.0),R,RUS,P72,V,NSA,XDC,Q,2011-Q1,504372300000,0,,,,,,,,,L,,,O,OL,true,,,F
dataflow,IMF.STA:QNEA(7.0.0),R,RUS,P72,V,NSA,XDC,Q,2011-Q2,629674200000,0,,,,,,,,,L,,,O,OL,true,,,F
dataflow,IMF.STA:QNEA(7.0.0),R,RUS,P72,V,NSA,XDC,Q,2011-Q3,789886000000,0,,,,,,,,,L,,,O,OL,true,,,F
dataflow,IMF.STA:QNEA(7.0.0),R,RUS,P72,V,NSA,XDC,Q,2011-Q4,766541700000,0,,,,,,,,,L,,,O,OL,true,,,F
dataflow,IMF.STA:QNEA(7.0.0),R,RUS,P72,V,NSA,XDC,Q,2012-Q1,648073400000,0,,,,,,,,,L,,,O,OL,true,,,F
dataflow,IMF.STA:QNEA(7.0.0),R,RUS,P72,V,NSA,XDC,Q,2012-Q2,803001800000,0,,,,,,,,,L,,,O,OL,true,,,F
dataflow,IMF.STA:QNEA(7.0.0),R,RUS,P72,V,NSA,XDC,Q,2012-Q3,1015104000000,0,,,,,,,,,L,,,O,OL,true,,,F
dataflow,IMF.STA:QNEA(7.0.0),R,RUS,P72,V,NSA,XDC,Q,2012-Q4,927955700000,0,,,,,,,,,L,,,O,OL,true,,,F
dataflow,IMF.STA:QNEA(7.0.0),R,RUS,P72,V,NSA,XDC,Q,2013-Q1,781219200000,0,,,,,,,,,L,,,O,OL,true,,,F
dataflow,IMF.STA:QNEA(7.0.0),R,RUS,P72,V,NSA,XDC,Q,2013-Q2,997169600000,0,,,,,,,,,L,,,O,OL,true,,,F
dataflow,IMF.STA:QNEA(7.0.0),R,RUS,P72,V,NSA,XDC,Q,2013-Q3,1252119000000,0,,,,,,,,,L,,,O,OL,true,,,F
dataflow,IMF.STA:QNEA(7.0.0),R,RUS,P72,V,NSA,XDC,Q,2013-Q4,1071733500000,0,,,,,,,,,L,,,O,OL,true,,,F
dataflow,IMF.STA:QNEA(7.0.0),R,RUS,P72,V,NSA,XDC,Q,2014-Q1,914693900000,0,,,,,,,,,L,,,O,OL,true,,,F
dataflow,IMF.STA:QNEA(7.0.0),R,RUS,P72,V,NSA,XDC,Q,2014-Q2,1109630800000,0,,,,,,,,,L,,,O,OL,true,,,F
dataflow,IMF.STA:QNEA(7.0.0),R,RUS,P72,V,NSA,XDC,Q,2014-Q3,1318004900000,0,,,,,,,,,L,,,O,OL,true,,,F
dataflow,IMF.STA:QNEA(7.0.0),R,RUS,P72,V,NSA,XDC,Q,2014-Q4,1254245500000,0,,,,,,,,,L,,,O,OL,true,,,F
dataflow,IMF.STA:QNEA(7.0.0),R,RUS,P72,V,NSA,XDC,Q,2015-Q1,1249537200000,0,,,,,,,,,L,,,O,OL,true,,,F
dataflow,IMF.STA:QNEA(7.0.0),R,RUS,P72,V,NSA,XDC,Q,2015-Q2,1190784700000,0,,,,,,,,,L,,,O,OL,true,,,F
dataflow,IMF.STA:QNEA(7.0.0),R,RUS,P72,V,NSA,XDC,Q,2015-Q3,1595442200000,0,,,,,,,,,L,,,O,OL,true,,,F
dataflow,IMF.STA:QNEA(7.0.0),R,RUS,P72,V,NSA,XDC,Q,2015-Q4,1360366000000,0,,,,,,,,,L,,,O,OL,true,,,F
dataflow,IMF.STA:QNEA(7.0.0),R,RUS,P72,V,NSA,XDC,Q,2016-Q1,1138243300000,0,,,,,,,,,L,,,O,OL,true,,,F
dataflow,IMF.STA:QNEA(7.0.0),R,RUS,P72,V,NSA,XDC,Q,2016-Q2,1228332800000,0,,,,,,,,,L,,,O,OL,true,,,F
dataflow,IMF.STA:QNEA(7.0.0),R,RUS,P72,V,NSA,XDC,Q,2016-Q3,1359766100000,0,,,,,,,,,L,,,O,OL,true,,,F
dataflow,IMF.STA:QNEA(7.0.0),R,RUS,P72,V,NSA,XDC,Q,2016-Q4,1239665900000,0,,,,,,,,,L,,,O,OL,true,,,F
dataflow,IMF.STA:QNEA(7.0.0),R,RUS,P72,V,NSA,XDC,Q,2017-Q1,1031425000000,0,,,,,,,,,L,,,O,OL,true,,,F
dataflow,IMF.STA:QNEA(7.0.0),R,RUS,P72,V,NSA,XDC,Q,2017-Q2,1279045800000,0,,,,,,,,,L,,,O,OL,true,,,F
dataflow,IMF.STA:QNEA(7.0.0),R,RUS,P72,V,NSA,XDC,Q,2017-Q3,1483516200000,0,,,,,,,,,L,,,O,OL,true,,,F
dataflow,IMF.STA:QNEA(7.0.0),R,RUS,P72,V,NSA,XDC,Q,2017-Q4,1389991600000,0,,,,,,,,,L,,,O,OL,true,,,F
dataflow,IMF.STA:QNEA(7.0.0),R,RUS,P72,V,NSA,XDC,Q,2018-Q1,1170760600000,0,,,,,,,,,L,,,O,OL,true,,,F
dataflow,IMF.STA:QNEA(7.0.0),R,RUS,P72,V,NSA,XDC,Q,2018-Q2,1505826900000,0,,,,,,,,,L,,,O,OL,true,,,F
dataflow,IMF.STA:QNEA(7.0.0),R,RUS,P72,V,NSA,XDC,Q,2018-Q3,1712654300000,0,,,,,,,,,L,,,O,OL,true,,,F
dataflow,IMF.STA:QNEA(7.0.0),R,RUS,P72,V,NSA,XDC,Q,2018-Q4,1570022800000,0,,,,,,,,,L,,,O,OL,true,,,F
dataflow,IMF.STA:QNEA(7.0.0),R,RUS,P72,V,NSA,XDC,Q,2019-Q1,1307707800000,0,,,,,,,,,L,,,O,OL,true,,,F
dataflow,IMF.STA:QNEA(7.0.0),R,RUS,P72,V,NSA,XDC,Q,2019-Q2,1583569000000,0,,,,,,,,,L,,,O,OL,true,,,F
dataflow,IMF.STA:QNEA(7.0.0),R,RUS,P72,V,NSA,XDC,Q,2019-Q3,1832261100000,0,,,,,,,,,L,,,O,OL,true,,,F
dataflow,IMF.STA:QNEA(7.0.0),R,RUS,P72,V,NSA,XDC,Q,2019-Q4,1654211300000,0,,,,,,,,,L,,,O,OL,true,,,F
dataflow,IMF.STA:QNEA(7.0.0),R,RUS,P72,V,NSA,XDC,Q,2020-Q1,1297440600000,0,,,,,,,,,L,,,O,OL,true,,,F
dataflow,IMF.STA:QNEA(7.0.0),R,RUS,P72,V,NSA,XDC,Q,2020-Q2,882953700000,0,,,,,,,,,L,,,O,OL,true,,,F
dataflow,IMF.STA:QNEA(7.0.0),R,RUS,P72,V,NSA,XDC,Q,2020-Q3,1058852800000,0,,,,,,,,,L,,,O,OL,true,,,F
dataflow,IMF.STA:QNEA(7.0.0),R,RUS,P72,V,NSA,XDC,Q,2020-Q4,1410773500000,0,,,,,,,,,L,,,O,OL,true,,,F
dataflow,IMF.STA:QNEA(7.0.0),R,RUS,P72,V,NSA,XDC,Q,2021-Q1,1079194500000,0,,,,,,,,,L,,,O,OL,true,,,F
dataflow,IMF.STA:QNEA(7.0.0),R,RUS,P72,V,NSA,XDC,Q,2021-Q2,1267676600000,0,,,,,,,,,L,,,O,OL,true,,,F
dataflow,IMF.STA:QNEA(7.0.0),R,RUS,P72,V,NSA,XDC,Q,2021-Q3,1541234600000,0,,,,,,,,,L,,,O,OL,true,,,F
dataflow,IMF.STA:QNEA(7.0.0),R,RUS,P72,V,NSA,XDC,Q,2021-Q4,1691078400000,0,,,,,,,,,L,,,O,OL,true,,,F
dataflow,IMF.STA:QNEA(7.0.0),R,RUS,P72,V,NSA,XDC,Q,2022-Q1,1475264300000,0,,,,,,,,,L,,,O,OL,true,,,F
dataflow,IMF.STA:QNEA(7.0.0),R,RUS,P72,V,NSA,XDC,Q,2022-Q2,964309100000,0,,,,,,,,,L,,,O,OL,true,,,F
dataflow,IMF.STA:QNEA(7.0.0),R,RUS,P72,V,NSA,XDC,Q,2022-Q3,1079411900000,0,,,,,,,,,L,,,O,OL,true,,,F
dataflow,IMF.STA:QNEA(7.0.0),R,RUS,P72,V,NSA,XDC,Q,2022-Q4,1288936000000,0,,,,,,,,,L,,,O,OL,true,,,F
dataflow,IMF.STA:QNEA(7.0.0),R,RUS,P72,V,NSA,XDC,Q,2023-Q1,1271931100000,0,,,,,,,,,L,,,O,OL,true,,,F
dataflow,IMF.STA:QNEA(7.0.0),R,RUS,P72,V,NSA,XDC,Q,2023-Q2,1561592300000,0,,,,,,,,,L,,,O,OL,true,,,F
dataflow,IMF.STA:QNEA(7.0.0),R,RUS,P72,V,NSA,XDC,Q,2023-Q3,1883796000000,0,,,,,,,,,L,,,O,OL,true,,,F
dataflow,IMF.STA:QNEA(7.0.0),R,RUS,P72,V,NSA,XDC,Q,2023-Q4,1836899900000,0,,,,,,,,,L,,,O,OL,true,,,F
dataflow,IMF.STA:QNEA(7.0.0),R,RUS,P72,V,NSA,XDC,Q,2024-Q1,1588234800000,0,,,,,,,,,L,,,O,OL,true,,,F
dataflow,IMF.STA:QNEA(7.0.0),R,RUS,P72,V,NSA,XDC,Q,2024-Q2,1745019200000,0,,,,,,,,,L,,,O,OL,true,,,F
dataflow,IMF.STA:QNEA(7.0.0),R,RUS,P72,V,NSA,XDC,Q,2024-Q3,2082351400000,0,,,,,,,,,L,,,O,OL,true,,,F
dataflow,IMF.STA:QNEA(7.0.0),R,RUS,P72,V,NSA,XDC,Q,2024-Q4,2125732600000,0,,,,,,,,,L,,,O,OL,true,,,F
dataflow,IMF.STA:QNEA(7.0.0),R,RUS,P72,V,NSA,XDC,Q,2025-Q1,1667470000000,0,,,,,,,,,L,,,O,OL,true,,,F
dataflow,IMF.STA:QNEA(7.0.0),R,RUS,P72,V,NSA,XDC,Q,2025-Q2,1991559200000,0,,,,,,,,,L,,,O,OL,true,,,F
dataflow,IMF.STA:QNEA(7.0.0),R,RUS,P72,V,NSA,XDC,Q,2025-Q3,2196073500000,0,,,,,,,,,L,,,O,OL,true,,,F
dataflow,IMF.STA:QNEA(7.0.0),R,RUS,P72,V,NSA,XDC,Q,2025-Q4,2000104300000,0,,,,,,,,,L,,,O,OL,true,,,F
dataflow,IMF.STA:QNEA(7.0.0),R,RUS,P72,V,NSA,XDC,Q,2026-Q1,1571702900000,0,,,,,,,,,L,,,O,OL,true,,,F
dataflow,IMF.STA:QNEA(7.0.0),R,RUS,YA0,Q,NSA,USD,Q,,,0,,,,,,,,,L,,,,OL,,2021,,
dataflow,IMF.STA:QNEA(7.0.0),R,RUS,YA0,Q,NSA,XDC,Q,2011-Q1,410159800000,0,,,,,,,,,L,,,O,OL,true,2021,,F
dataflow,IMF.STA:QNEA(7.0.0),R,RUS,YA0,Q,NSA,XDC,Q,2011-Q2,154343400000,0,,,,,,,,,L,,,O,OL,true,2021,,F
dataflow,IMF.STA:QNEA(7.0.0),R,RUS,YA0,Q,NSA,XDC,Q,2011-Q3,-351299100000,0,,,,,,,,,L,,,O,OL,true,2021,,F
dataflow,IMF.STA:QNEA(7.0.0),R,RUS,YA0,Q,NSA,XDC,Q,2011-Q4,-102377300000,0,,,,,,,,,L,,,O,OL,true,2021,,F
dataflow,IMF.STA:QNEA(7.0.0),R,RUS,YA0,Q,NSA,XDC,Q,2012-Q1,463761700000,0,,,,,,,,,L,,,O,OL,true,2021,,F
dataflow,IMF.STA:QNEA(7.0.0),R,RUS,YA0,Q,NSA,XDC,Q,2012-Q2,217693300000,0,,,,,,,,,L,,,O,OL,true,2021,,F
dataflow,IMF.STA:QNEA(7.0.0),R,RUS,YA0,Q,NSA,XDC,Q,2012-Q3,-351188800000,0,,,,,,,,,L,,,O,OL,true,2021,,F
dataflow,IMF.STA:QNEA(7.0.0),R,RUS,YA0,Q,NSA,XDC,Q,2012-Q4,-169932300000,0,,,,,,,,,L,,,O,OL,true,2021,,F
dataflow,IMF.STA:QNEA(7.0.0),R,RUS,YA0,Q,NSA,XDC,Q,2013-Q1,380457100000,0,,,,,,,,,L,,,O,OL,true,2021,,F
dataflow,IMF.STA:QNEA(7.0.0),R,RUS,YA0,Q,NSA,XDC,Q,2013-Q2,180021400000,0,,,,,,,,,L,,,O,OL,true,2021,,F
dataflow,IMF.STA:QNEA(7.0.0),R,RUS,YA0,Q,NSA,XDC,Q,2013-Q3,-402772700000,0,,,,,,,,,L,,,O,OL,true,2021,,F
dataflow,IMF.STA:QNEA(7.0.0),R,RUS,YA0,Q,NSA,XDC,Q,2013-Q4,-84076400000,0,,,,,,,,,L,,,O,OL,true,2021,,F
dataflow,IMF.STA:QNEA(7.0.0),R,RUS,YA0,Q,NSA,XDC,Q,2014-Q1,252197900000,0,,,,,,,,,L,,,O,OL,true,2021,,F
dataflow,IMF.STA:QNEA(7.0.0),R,RUS,YA0,Q,NSA,XDC,Q,2014-Q2,473838400000,0,,,,,,,,,L,,,O,OL,true,2021,,F
dataflow,IMF.STA:QNEA(7.0.0),R,RUS,YA0,Q,NSA,XDC,Q,2014-Q3,-297891100000,0,,,,,,,,,L,,,O,OL,true,2021,,F
dataflow,IMF.STA:QNEA(7.0.0),R,RUS,YA0,Q,NSA,XDC,Q,2014-Q4,434129500000,0,,,,,,,,,L,,,O,OL,true,2021,,F
dataflow,IMF.STA:QNEA(7.0.0),R,RUS,YA0,Q,NSA,XDC,Q,2015-Q1,291432500000,0,,,,,,,,,L,,,O,OL,true,2021,,F
dataflow,IMF.STA:QNEA(7.0.0),R,RUS,YA0,Q,NSA,XDC,Q,2015-Q2,507813900000,0,,,,,,,,,L,,,O,OL,true,2021,,F
dataflow,IMF.STA:QNEA(7.0.0),R,RUS,YA0,Q,NSA,XDC,Q,2015-Q3,-177459300000,0,,,,,,,,,L,,,O,OL,true,2021,,F
dataflow,IMF.STA:QNEA(7.0.0),R,RUS,YA0,Q,NSA,XDC,Q,2015-Q4,455384200000,0,,,,,,,,,L,,,O,OL,true,2021,,F
dataflow,IMF.STA:QNEA(7.0.0),R,RUS,YA0,Q,NSA,XDC,Q,2016-Q1,229906400000,0,,,,,,,,,L,,,O,OL,true,2021,,F
dataflow,IMF.STA:QNEA(7.0.0),R,RUS,YA0,Q,NSA,XDC,Q,2016-Q2,418129100000,0,,,,,,,,,L,,,O,OL,true,2021,,F
dataflow,IMF.STA:QNEA(7.0.0),R,RUS,YA0,Q,NSA,XDC,Q,2016-Q3,-264261900000,0,,,,,,,,,L,,,O,OL,true,2021,,F
dataflow,IMF.STA:QNEA(7.0.0),R,RUS,YA0,Q,NSA,XDC,Q,2016-Q4,392863200000,0,,,,,,,,,L,,,O,OL,true,2021,,F
dataflow,IMF.STA:QNEA(7.0.0),R,RUS,YA0,Q,NSA,XDC,Q,2017-Q1,262992700000,0,,,,,,,,,L,,,O,OL,true,2021,,F
dataflow,IMF.STA:QNEA(7.0.0),R,RUS,YA0,Q,NSA,XDC,Q,2017-Q2,500181200000,0,,,,,,,,,L,,,O,OL,true,2021,,F
dataflow,IMF.STA:QNEA(7.0.0),R,RUS,YA0,Q,NSA,XDC,Q,2017-Q3,-185093700000,0,,,,,,,,,L,,,O,OL,true,2021,,F
dataflow,IMF.STA:QNEA(7.0.0),R,RUS,YA0,Q,NSA,XDC,Q,2017-Q4,443069300000,0,,,,,,,,,L,,,O,OL,true,2021,,F
dataflow,IMF.STA:QNEA(7.0.0),R,RUS,YA0,Q,NSA,XDC,Q,2018-Q1,211223800000,0,,,,,,,,,L,,,O,OL,true,2021,,F
dataflow,IMF.STA:QNEA(7.0.0),R,RUS,YA0,Q,NSA,XDC,Q,2018-Q2,453900400000,0,,,,,,,,,L,,,O,OL,true,2021,,F
dataflow,IMF.STA:QNEA(7.0.0),R,RUS,YA0,Q,NSA,XDC,Q,2018-Q3,-245430800000,0,,,,,,,,,L,,,O,OL,true,2021,,F
dataflow,IMF.STA:QNEA(7.0.0),R,RUS,YA0,Q,NSA,XDC,Q,2018-Q4,410658900000,0,,,,,,,,,L,,,O,OL,true,2021,,F
dataflow,IMF.STA:QNEA(7.0.0),R,RUS,YA0,Q,NSA,XDC,Q,2019-Q1,187611600000,0,,,,,,,,,L,,,O,OL,true,2021,,F
dataflow,IMF.STA:QNEA(7.0.0),R,RUS,YA0,Q,NSA,XDC,Q,2019-Q2,416732100000,0,,,,,,,,,L,,,O,OL,true,2021,,F
dataflow,IMF.STA:QNEA(7.0.0),R,RUS,YA0,Q,NSA,XDC,Q,2019-Q3,-302087200000,0,,,,,,,,,L,,,O,OL,true,2021,,F
dataflow,IMF.STA:QNEA(7.0.0),R,RUS,YA0,Q,NSA,XDC,Q,2019-Q4,294694500000,0,,,,,,,,,L,,,O,OL,true,2021,,F
dataflow,IMF.STA:QNEA(7.0.0),R,RUS,YA0,Q,NSA,XDC,Q,2020-Q1,78899600000,0,,,,,,,,,L,,,O,OL,true,2021,,F
dataflow,IMF.STA:QNEA(7.0.0),R,RUS,YA0,Q,NSA,XDC,Q,2020-Q2,239854200000,0,,,,,,,,,L,,,O,OL,true,2021,,F
dataflow,IMF.STA:QNEA(7.0.0),R,RUS,YA0,Q,NSA,XDC,Q,2020-Q3,-229714600000,0,,,,,,,,,L,,,O,OL,true,2021,,F
dataflow,IMF.STA:QNEA(7.0.0),R,RUS,YA0,Q,NSA,XDC,Q,2020-Q4,144758000000,0,,,,,,,,,L,,,O,OL,true,2021,,F
dataflow,IMF.STA:QNEA(7.0.0),R,RUS,YA0,Q,NSA,XDC,Q,2021-Q1,-6362700000,0,,,,,,,,,L,,,O,OL,true,2021,,F
dataflow,IMF.STA:QNEA(7.0.0),R,RUS,YA0,Q,NSA,XDC,Q,2021-Q2,328305200000,0,,,,,,,,,L,,,O,OL,true,2021,,F
dataflow,IMF.STA:QNEA(7.0.0),R,RUS,YA0,Q,NSA,XDC,Q,2021-Q3,-346102000000,0,,,,,,,,,L,,,O,OL,true,2021,,F
dataflow,IMF.STA:QNEA(7.0.0),R,RUS,YA0,Q,NSA,XDC,Q,2021-Q4,24159500000,0,,,,,,,,,L,,,O,OL,true,2021,,F
dataflow,IMF.STA:QNEA(7.0.0),R,RUS,YA0,Q,NSA,XDC,Q,2022-Q1,85039300000,0,,,,,,,,,L,,,O,OL,true,2021,,F
dataflow,IMF.STA:QNEA(7.0.0),R,RUS,YA0,Q,NSA,XDC,Q,2022-Q2,363276700000,0,,,,,,,,,L,,,O,OL,true,2021,,F
dataflow,IMF.STA:QNEA(7.0.0),R,RUS,YA0,Q,NSA,XDC,Q,2022-Q3,-223607000000,0,,,,,,,,,L,,,O,OL,true,2021,,F
dataflow,IMF.STA:QNEA(7.0.0),R,RUS,YA0,Q,NSA,XDC,Q,2022-Q4,189788000000,0,,,,,,,,,L,,,O,OL,true,2021,,F
dataflow,IMF.STA:QNEA(7.0.0),R,RUS,YA0,Q,NSA,XDC,Q,2023-Q1,108313500000,0,,,,,,,,,L,,,O,OL,true,2021,,F
dataflow,IMF.STA:QNEA(7.0.0),R,RUS,YA0,Q,NSA,XDC,Q,2023-Q2,266154400000,0,,,,,,,,,L,,,O,OL,true,2021,,F
dataflow,IMF.STA:QNEA(7.0.0),R,RUS,YA0,Q,NSA,XDC,Q,2023-Q3,-365306800000,0,,,,,,,,,L,,,O,OL,true,2021,,F
dataflow,IMF.STA:QNEA(7.0.0),R,RUS,YA0,Q,NSA,XDC,Q,2023-Q4,58645400000,0,,,,,,,,,L,,,O,OL,true,2021,,F
dataflow,IMF.STA:QNEA(7.0.0),R,RUS,YA0,Q,NSA,XDC,Q,2024-Q1,11856200000,0,,,,,,,,,L,,,O,OL,true,2021,,F
dataflow,IMF.STA:QNEA(7.0.0),R,RUS,YA0,Q,NSA,XDC,Q,2024-Q2,194980700000,0,,,,,,,,,L,,,O,OL,true,2021,,F
dataflow,IMF.STA:QNEA(7.0.0),R,RUS,YA0,Q,NSA,XDC,Q,2024-Q3,-295586000000,0,,,,,,,,,L,,,O,OL,true,2021,,F
dataflow,IMF.STA:QNEA(7.0.0),R,RUS,YA0,Q,NSA,XDC,Q,2024-Q4,150145400000,0,,,,,,,,,L,,,O,OL,true,2021,,F
dataflow,IMF.STA:QNEA(7.0.0),R,RUS,YA0,Q,NSA,XDC,Q,2025-Q1,112059600000,0,,,,,,,,,L,,,O,OL,true,2021,,F
dataflow,IMF.STA:QNEA(7.0.0),R,RUS,YA0,Q,NSA,XDC,Q,2025-Q2,346668900000,0,,,,,,,,,L,,,O,OL,true,2021,,F
dataflow,IMF.STA:QNEA(7.0.0),R,RUS,YA0,Q,NSA,XDC,Q,2025-Q3,-168858600000,0,,,,,,,,,L,,,O,OL,true,2021,,F
dataflow,IMF.STA:QNEA(7.0.0),R,RUS,YA0,Q,NSA,XDC,Q,2025-Q4,275582900000,0,,,,,,,,,L,,,O,OL,true,2021,,F
dataflow,IMF.STA:QNEA(7.0.0),R,RUS,YA0,Q,NSA,XDC,Q,2026-Q1,-13023200000,0,,,,,,,,,L,,,O,OL,true,2021,,F
dataflow,IMF.STA:QNEA(7.0.0),R,RUS,YA0,V,NSA,USD,Q,,,0,,,,,,,,,L,,,,OL,,,,
dataflow,IMF.STA:QNEA(7.0.0),R,RUS,YA0,V,NSA,XDC,Q,1993-Q3,1979000000,0,,,,,,,,,L,,,O,OL,true,,,F
dataflow,IMF.STA:QNEA(7.0.0),R,RUS,YA0,V,NSA,XDC,Q,1993-Q4,3294000000,0,,,,,,,,,L,,,O,OL,true,,,F
dataflow,IMF.STA:QNEA(7.0.0),R,RUS,YA0,V,NSA,XDC,Q,1994-Q1,3483000000,0,,,,,,,,,L,,,O,OL,true,,,F
dataflow,IMF.STA:QNEA(7.0.0),R,RUS,YA0,V,NSA,XDC,Q,1994-Q2,1485000000,0,,,,,,,,,L,,,O,OL,true,,,F
dataflow,IMF.STA:QNEA(7.0.0),R,RUS,YA0,V,NSA,XDC,Q,1994-Q3,-5583000000,0,,,,,,,,,L,,,O,OL,true,,,F
dataflow,IMF.STA:QNEA(7.0.0),R,RUS,YA0,V,NSA,XDC,Q,1994-Q4,5393000000,0,,,,,,,,,L,,,O,OL,true,,,F
dataflow,IMF.STA:QNEA(7.0.0),R,RUS,YA0,V,NSA,XDC,Q,1995-Q1,3897000000,0,,,,,,,,,L,,,O,OL,true,,,F
dataflow,IMF.STA:QNEA(7.0.0),R,RUS,YA0,V,NSA,XDC,Q,1995-Q2,2700400000,0,,,,,,,,,L,,,O,OL,true,,,F
dataflow,IMF.STA:QNEA(7.0.0),R,RUS,YA0,V,NSA,XDC,Q,1995-Q3,1962600000,0,,,,,,,,,L,,,O,OL,true,,,F
dataflow,IMF.STA:QNEA(7.0.0),R,RUS,YA0,V,NSA,XDC,Q,1995-Q4,-8560200000,0,,,,,,,,,L,,,O,OL,true,,,F
dataflow,IMF.STA:QNEA(7.0.0),R,RUS,YA0,V,NSA,XDC,Q,1996-Q1,8532400000,0,,,,,,,,,L,,,O,OL,true,,,F
dataflow,IMF.STA:QNEA(7.0.0),R,RUS,YA0,V,NSA,XDC,Q,1996-Q2,11475300000,0,,,,,,,,,L,,,O,OL,true,,,F
dataflow,IMF.STA:QNEA(7.0.0),R,RUS,YA0,V,NSA,XDC,Q,1996-Q3,-6011400000,0,,,,,,,,,L,,,O,OL,true,,,F
dataflow,IMF.STA:QNEA(7.0.0),R,RUS,YA0,V,NSA,XDC,Q,1996-Q4,-2066500000,0,,,,,,,,,L,,,O,OL,true,,,F
dataflow,IMF.STA:QNEA(7.0.0),R,RUS,YA0,V,NSA,XDC,Q,1997-Q1,-5901300000,0,,,,,,,,,L,,,O,OL,true,,,F
dataflow,IMF.STA:QNEA(7.0.0),R,RUS,YA0,V,NSA,XDC,Q,1997-Q2,10183100000.0001,0,,,,,,,,,L,,,O,OL,true,,,F
dataflow,IMF.STA:QNEA(7.0.0),R,RUS,YA0,V,NSA,XDC,Q,1997-Q3,-12703300000,0,,,,,,,,,L,,,O,OL,true,,,F
dataflow,IMF.STA:QNEA(7.0.0),R,RUS,YA0,V,NSA,XDC,Q,1997-Q4,8421800000,0,,,,,,,,,L,,,O,OL,true,,,F
dataflow,IMF.STA:QNEA(7.0.0),R,RUS,YA0,V,NSA,XDC,Q,1998-Q1,10255100000,0,,,,,,,,,L,,,O,OL,true,,,F
dataflow,IMF.STA:QNEA(7.0.0),R,RUS,YA0,V,NSA,XDC,Q,1998-Q2,13902000000,0,,,,,,,,,L,,,O,OL,true,,,F
dataflow,IMF.STA:QNEA(7.0.0),R,RUS,YA0,V,NSA,XDC,Q,1998-Q3,16506400000,0,,,,,,,,,L,,,O,OL,true,,,F
dataflow,IMF.STA:QNEA(7.0.0),R,RUS,YA0,V,NSA,XDC,Q,1998-Q4,16277500000,0,,,,,,,,,L,,,O,OL,true,,,F
dataflow,IMF.STA:QNEA(7.0.0),R,RUS,YA0,V,NSA,XDC,Q,1999-Q1,-100000,0,,,,,,,,,L,,,O,OL,true,,,F
dataflow,IMF.STA:QNEA(7.0.0),R,RUS,YA0,V,NSA,XDC,Q,1999-Q2,0,0,,,,,,,,,L,,,O,OL,true,,,F
dataflow,IMF.STA:QNEA(7.0.0),R,RUS,YA0,V,NSA,XDC,Q,1999-Q3,0,0,,,,,,,,,L,,,O,OL,true,,,F
dataflow,IMF.STA:QNEA(7.0.0),R,RUS,YA0,V,NSA,XDC,Q,1999-Q4,0,0,,,,,,,,,L,,,O,OL,true,,,F
dataflow,IMF.STA:QNEA(7.0.0),R,RUS,YA0,V,NSA,XDC,Q,2000-Q1,-19585900000,0,,,,,,,,,L,,,O,OL,true,,,F
dataflow,IMF.STA:QNEA(7.0.0),R,RUS,YA0,V,NSA,XDC,Q,2000-Q2,-20191000000,0,,,,,,,,,L,,,O,OL,true,,,F
dataflow,IMF.STA:QNEA(7.0.0),R,RUS,YA0,V,NSA,XDC,Q,2000-Q3,28264700000,0,,,,,,,,,L,,,O,OL,true,,,F
dataflow,IMF.STA:QNEA(7.0.0),R,RUS,YA0,V,NSA,XDC,Q,2000-Q4,11512100000,0,,,,,,,,,L,,,O,OL,true,,,F
dataflow,IMF.STA:QNEA(7.0.0),R,RUS,YA0,V,NSA,XDC,Q,2001-Q1,-16185200000,0,,,,,,,,,L,,,O,OL,true,,,F
dataflow,IMF.STA:QNEA(7.0.0),R,RUS,YA0,V,NSA,XDC,Q,2001-Q2,-12121000000,0,,,,,,,,,L,,,O,OL,true,,,F
dataflow,IMF.STA:QNEA(7.0.0),R,RUS,YA0,V,NSA,XDC,Q,2001-Q3,6669900000,0,,,,,,,,,L,,,O,OL,true,,,F
dataflow,IMF.STA:QNEA(7.0.0),R,RUS,YA0,V,NSA,XDC,Q,2001-Q4,-18386300000,0,,,,,,,,,L,,,O,OL,true,,,F
dataflow,IMF.STA:QNEA(7.0.0),R,RUS,YA0,V,NSA,XDC,Q,2002-Q1,-769700000,0,,,,,,,,,L,,,O,OL,true,,,F
dataflow,IMF.STA:QNEA(7.0.0),R,RUS,YA0,V,NSA,XDC,Q,2002-Q2,-1290900000,0,,,,,,,,,L,,,O,OL,true,,,F
dataflow,IMF.STA:QNEA(7.0.0),R,RUS,YA0,V,NSA,XDC,Q,2002-Q3,26906400000,0,,,,,,,,,L,,,O,OL,true,,,F
dataflow,IMF.STA:QNEA(7.0.0),R,RUS,YA0,V,NSA,XDC,Q,2002-Q4,5893600000,0,,,,,,,,,L,,,O,OL,true,,,F
dataflow,IMF.STA:QNEA(7.0.0),R,RUS,YA0,V,NSA,XDC,Q,2003-Q1,-16950900000,0,,,,,,,,,L,,,O,OL,true,,,F
dataflow,IMF.STA:QNEA(7.0.0),R,RUS,YA0,V,NSA,XDC,Q,2003-Q2,10223300000,0,,,,,,,,,L,,,O,OL,true,,,F
dataflow,IMF.STA:QNEA(7.0.0),R,RUS,YA0,V,NSA,XDC,Q,2003-Q3,-5542000000,0,,,,,,,,,L,,,O,OL,true,,,F
dataflow,IMF.STA:QNEA(7.0.0),R,RUS,YA0,V,NSA,XDC,Q,2003-Q4,-26254800000,0,,,,,,,,,L,,,O,OL,true,,,F
dataflow,IMF.STA:QNEA(7.0.0),R,RUS,YA0,V,NSA,XDC,Q,2004-Q1,6911800000,0,,,,,,,,,L,,,O,OL,true,,,F
dataflow,IMF.STA:QNEA(7.0.0),R,RUS,YA0,V,NSA,XDC,Q,2004-Q2,-18366200000,0,,,,,,,,,L,,,O,OL,true,,,F
dataflow,IMF.STA:QNEA(7.0.0),R,RUS,YA0,V,NSA,XDC,Q,2004-Q3,-108742800000,0,,,,,,,,,L,,,O,OL,true,,,F
dataflow,IMF.STA:QNEA(7.0.0),R,RUS,YA0,V,NSA,XDC,Q,2004-Q4,24053700000,0,,,,,,,,,L,,,O,OL,true,,,F
dataflow,IMF.STA:QNEA(7.0.0),R,RUS,YA0,V,NSA,XDC,Q,2005-Q1,-41453100000,0,,,,,,,,,L,,,O,OL,true,,,F
dataflow,IMF.STA:QNEA(7.0.0),R,RUS,YA0,V,NSA,XDC,Q,2005-Q2,-34358800000,0,,,,,,,,,L,,,O,OL,true,,,F
dataflow,IMF.STA:QNEA(7.0.0),R,RUS,YA0,V,NSA,XDC,Q,2005-Q3,-124652600000,0,,,,,,,,,L,,,O,OL,true,,,F
dataflow,IMF.STA:QNEA(7.0.0),R,RUS,YA0,V,NSA,XDC,Q,2005-Q4,74369200000,0,,,,,,,,,L,,,O,OL,true,,,F
dataflow,IMF.STA:QNEA(7.0.0),R,RUS,YA0,V,NSA,XDC,Q,2006-Q1,0,0,,,,,,,,,L,,,O,OL,true,,,F
dataflow,IMF.STA:QNEA(7.0.0),R,RUS,YA0,V,NSA,XDC,Q,2006-Q2,0,0,,,,,,,,,L,,,O,OL,true,,,F
dataflow,IMF.STA:QNEA(7.0.0),R,RUS,YA0,V,NSA,XDC,Q,2006-Q3,0,0,,,,,,,,,L,,,O,OL,true,,,F
dataflow,IMF.STA:QNEA(7.0.0),R,RUS,YA0,V,NSA,XDC,Q,2006-Q4,0,0,,,,,,,,,L,,,O,OL,true,,,F
dataflow,IMF.STA:QNEA(7.0.0),R,RUS,YA0,V,NSA,XDC,Q,2007-Q1,0,0,,,,,,,,,L,,,O,OL,true,,,F
dataflow,IMF.STA:QNEA(7.0.0),R,RUS,YA0,V,NSA,XDC,Q,2007-Q2,0,0,,,,,,,,,L,,,O,OL,true,,,F
dataflow,IMF.STA:QNEA(7.0.0),R,RUS,YA0,V,NSA,XDC,Q,2007-Q3,0,0,,,,,,,,,L,,,O,OL,true,,,F
dataflow,IMF.STA:QNEA(7.0.0),R,RUS,YA0,V,NSA,XDC,Q,2007-Q4,0,0,,,,,,,,,L,,,O,OL,true,,,F
dataflow,IMF.STA:QNEA(7.0.0),R,RUS,YA0,V,NSA,XDC,Q,2008-Q1,0,0,,,,,,,,,L,,,O,OL,true,,,F
dataflow,IMF.STA:QNEA(7.0.0),R,RUS,YA0,V,NSA,XDC,Q,2008-Q2,0,0,,,,,,,,,L,,,O,OL,true,,,F
dataflow,IMF.STA:QNEA(7.0.0),R,RUS,YA0,V,NSA,XDC,Q,2008-Q3,0,0,,,,,,,,,L,,,O,OL,true,,,F
dataflow,IMF.STA:QNEA(7.0.0),R,RUS,YA0,V,NSA,XDC,Q,2008-Q4,0,0,,,,,,,,,L,,,O,OL,true,,,F
dataflow,IMF.STA:QNEA(7.0.0),R,RUS,YA0,V,NSA,XDC,Q,2009-Q1,0,0,,,,,,,,,L,,,O,OL,true,,,F
dataflow,IMF.STA:QNEA(7.0.0),R,RUS,YA0,V,NSA,XDC,Q,2009-Q2,0,0,,,,,,,,,L,,,O,OL,true,,,F
dataflow,IMF.STA:QNEA(7.0.0),R,RUS,YA0,V,NSA,XDC,Q,2009-Q3,0,0,,,,,,,,,L,,,O,OL,true,,,F
dataflow,IMF.STA:QNEA(7.0.0),R,RUS,YA0,V,NSA,XDC,Q,2009-Q4,0,0,,,,,,,,,L,,,O,OL,true,,,F
dataflow,IMF.STA:QNEA(7.0.0),R,RUS,YA0,V,NSA,XDC,Q,2010-Q1,0,0,,,,,,,,,L,,,O,OL,true,,,F
dataflow,IMF.STA:QNEA(7.0.0),R,RUS,YA0,V,NSA,XDC,Q,2010-Q2,0,0,,,,,,,,,L,,,O,OL,true,,,F
dataflow,IMF.STA:QNEA(7.0.0),R,RUS,YA0,V,NSA,XDC,Q,2010-Q3,0,0,,,,,,,,,L,,,O,OL,true,,,F
dataflow,IMF.STA:QNEA(7.0.0),R,RUS,YA0,V,NSA,XDC,Q,2010-Q4,0,0,,,,,,,,,L,,,O,OL,true,,,F
dataflow,IMF.STA:QNEA(7.0.0),R,RUS,YA0,V,NSA,XDC,Q,2011-Q1,-7874200000,0,,,,,,,,,L,,,O,OL,true,,,F
dataflow,IMF.STA:QNEA(7.0.0),R,RUS,YA0,V,NSA,XDC,Q,2011-Q2,-22944400000,0,,,,,,,,,L,,,O,OL,true,,,F
dataflow,IMF.STA:QNEA(7.0.0),R,RUS,YA0,V,NSA,XDC,Q,2011-Q3,-40298500000,0,,,,,,,,,L,,,O,OL,true,,,F
dataflow,IMF.STA:QNEA(7.0.0),R,RUS,YA0,V,NSA,XDC,Q,2011-Q4,-137247800000,0,,,,,,,,,L,,,O,OL,true,,,F
dataflow,IMF.STA:QNEA(7.0.0),R,RUS,YA0,V,NSA,XDC,Q,2012-Q1,-118153400000,0,,,,,,,,,L,,,O,OL,true,,,F
dataflow,IMF.STA:QNEA(7.0.0),R,RUS,YA0,V,NSA,XDC,Q,2012-Q2,-66582800000,0,,,,,,,,,L,,,O,OL,true,,,F
dataflow,IMF.STA:QNEA(7.0.0),R,RUS,YA0,V,NSA,XDC,Q,2012-Q3,-74237000000,0,,,,,,,,,L,,,O,OL,true,,,F
dataflow,IMF.STA:QNEA(7.0.0),R,RUS,YA0,V,NSA,XDC,Q,2012-Q4,-170812500000,0,,,,,,,,,L,,,O,OL,true,,,F
dataflow,IMF.STA:QNEA(7.0.0),R,RUS,YA0,V,NSA,XDC,Q,2013-Q1,-111910700000,0,,,,,,,,,L,,,O,OL,true,,,F
dataflow,IMF.STA:QNEA(7.0.0),R,RUS,YA0,V,NSA,XDC,Q,2013-Q2,-109454400000,0,,,,,,,,,L,,,O,OL,true,,,F
dataflow,IMF.STA:QNEA(7.0.0),R,RUS,YA0,V,NSA,XDC,Q,2013-Q3,-189389100000,0,,,,,,,,,L,,,O,OL,true,,,F
dataflow,IMF.STA:QNEA(7.0.0),R,RUS,YA0,V,NSA,XDC,Q,2013-Q4,34020300000,0,,,,,,,,,L,,,O,OL,true,,,F
dataflow,IMF.STA:QNEA(7.0.0),R,RUS,YA0,V,NSA,XDC,Q,2014-Q1,-118733300000,0,,,,,,,,,L,,,O,OL,true,,,F
dataflow,IMF.STA:QNEA(7.0.0),R,RUS,YA0,V,NSA,XDC,Q,2014-Q2,-112417700000,0,,,,,,,,,L,,,O,OL,true,,,F
dataflow,IMF.STA:QNEA(7.0.0),R,RUS,YA0,V,NSA,XDC,Q,2014-Q3,-58961900000,0,,,,,,,,,L,,,O,OL,true,,,F
dataflow,IMF.STA:QNEA(7.0.0),R,RUS,YA0,V,NSA,XDC,Q,2014-Q4,-185633000000,0,,,,,,,,,L,,,O,OL,true,,,F
dataflow,IMF.STA:QNEA(7.0.0),R,RUS,YA0,V,NSA,XDC,Q,2015-Q1,-177843200000,0,,,,,,,,,L,,,O,OL,true,,,F
dataflow,IMF.STA:QNEA(7.0.0),R,RUS,YA0,V,NSA,XDC,Q,2015-Q2,-16144700000,0,,,,,,,,,L,,,O,OL,true,,,F
dataflow,IMF.STA:QNEA(7.0.0),R,RUS,YA0,V,NSA,XDC,Q,2015-Q3,-170663600000,0,,,,,,,,,L,,,O,OL,true,,,F
dataflow,IMF.STA:QNEA(7.0.0),R,RUS,YA0,V,NSA,XDC,Q,2015-Q4,-168296000000,0,,,,,,,,,L,,,O,OL,true,,,F
dataflow,IMF.STA:QNEA(7.0.0),R,RUS,YA0,V,NSA,XDC,Q,2016-Q1,149456300000,0,,,,,,,,,L,,,O,OL,true,,,F
dataflow,IMF.STA:QNEA(7.0.0),R,RUS,YA0,V,NSA,XDC,Q,2016-Q2,254264100000,0,,,,,,,,,L,,,O,OL,true,,,F
dataflow,IMF.STA:QNEA(7.0.0),R,RUS,YA0,V,NSA,XDC,Q,2016-Q3,-223614900000,0,,,,,,,,,L,,,O,OL,true,,,F
dataflow,IMF.STA:QNEA(7.0.0),R,RUS,YA0,V,NSA,XDC,Q,2016-Q4,-180105600000,0,,,,,,,,,L,,,O,OL,true,,,F
dataflow,IMF.STA:QNEA(7.0.0),R,RUS,YA0,V,NSA,XDC,Q,2017-Q1,290969700000,0,,,,,,,,,L,,,O,OL,true,,,F
dataflow,IMF.STA:QNEA(7.0.0),R,RUS,YA0,V,NSA,XDC,Q,2017-Q2,-107823200000,0,,,,,,,,,L,,,O,OL,true,,,F
dataflow,IMF.STA:QNEA(7.0.0),R,RUS,YA0,V,NSA,XDC,Q,2017-Q3,36735900000,0,,,,,,,,,L,,,O,OL,true,,,F
dataflow,IMF.STA:QNEA(7.0.0),R,RUS,YA0,V,NSA,XDC,Q,2017-Q4,-219882300000,0,,,,,,,,,L,,,O,OL,true,,,F
dataflow,IMF.STA:QNEA(7.0.0),R,RUS,YA0,V,NSA,XDC,Q,2018-Q1,420051700000,0,,,,,,,,,L,,,O,OL,true,,,F
dataflow,IMF.STA:QNEA(7.0.0),R,RUS,YA0,V,NSA,XDC,Q,2018-Q2,-442430200000,0,,,,,,,,,L,,,O,OL,true,,,F
dataflow,IMF.STA:QNEA(7.0.0),R,RUS,YA0,V,NSA,XDC,Q,2018-Q3,-109210700000,0,,,,,,,,,L,,,O,OL,true,,,F
dataflow,IMF.STA:QNEA(7.0.0),R,RUS,YA0,V,NSA,XDC,Q,2018-Q4,131588200000,0,,,,,,,,,L,,,O,OL,true,,,F
dataflow,IMF.STA:QNEA(7.0.0),R,RUS,YA0,V,NSA,XDC,Q,2019-Q1,346605100000,0,,,,,,,,,L,,,O,OL,true,,,F
dataflow,IMF.STA:QNEA(7.0.0),R,RUS,YA0,V,NSA,XDC,Q,2019-Q2,97654900000,0,,,,,,,,,L,,,O,OL,true,,,F
dataflow,IMF.STA:QNEA(7.0.0),R,RUS,YA0,V,NSA,XDC,Q,2019-Q3,-473122100000,0,,,,,,,,,L,,,O,OL,true,,,F
dataflow,IMF.STA:QNEA(7.0.0),R,RUS,YA0,V,NSA,XDC,Q,2019-Q4,28862200000,0,,,,,,,,,L,,,O,OL,true,,,F
dataflow,IMF.STA:QNEA(7.0.0),R,RUS,YA0,V,NSA,XDC,Q,2020-Q1,-63535500000,0,,,,,,,,,L,,,O,OL,true,,,F
dataflow,IMF.STA:QNEA(7.0.0),R,RUS,YA0,V,NSA,XDC,Q,2020-Q2,-1224600000,0,,,,,,,,,L,,,O,OL,true,,,F
dataflow,IMF.STA:QNEA(7.0.0),R,RUS,YA0,V,NSA,XDC,Q,2020-Q3,100720300000,0,,,,,,,,,L,,,O,OL,true,,,F
dataflow,IMF.STA:QNEA(7.0.0),R,RUS,YA0,V,NSA,XDC,Q,2020-Q4,-35960200000,0,,,,,,,,,L,,,O,OL,true,,,F
dataflow,IMF.STA:QNEA(7.0.0),R,RUS,YA0,V,NSA,XDC,Q,2021-Q1,9758400000,0,,,,,,,,,L,,,O,OL,true,,,F
dataflow,IMF.STA:QNEA(7.0.0),R,RUS,YA0,V,NSA,XDC,Q,2021-Q2,73938700000,0,,,,,,,,,L,,,O,OL,true,,,F
dataflow,IMF.STA:QNEA(7.0.0),R,RUS,YA0,V,NSA,XDC,Q,2021-Q3,164182200000,0,,,,,,,,,L,,,O,OL,true,,,F
dataflow,IMF.STA:QNEA(7.0.0),R,RUS,YA0,V,NSA,XDC,Q,2021-Q4,-247879300000,0,,,,,,,,,L,,,O,OL,true,,,F
dataflow,IMF.STA:QNEA(7.0.0),R,RUS,YA0,V,NSA,XDC,Q,2022-Q1,-76489900000,0,,,,,,,,,L,,,O,OL,true,,,F
dataflow,IMF.STA:QNEA(7.0.0),R,RUS,YA0,V,NSA,XDC,Q,2022-Q2,108310400000,0,,,,,,,,,L,,,O,OL,true,,,F
dataflow,IMF.STA:QNEA(7.0.0),R,RUS,YA0,V,NSA,XDC,Q,2022-Q3,85368600000,0,,,,,,,,,L,,,O,OL,true,,,F
dataflow,IMF.STA:QNEA(7.0.0),R,RUS,YA0,V,NSA,XDC,Q,2022-Q4,-117189100000,0,,,,,,,,,L,,,O,OL,true,,,F
dataflow,IMF.STA:QNEA(7.0.0),R,RUS,YA0,V,NSA,XDC,Q,2023-Q1,138737100000,0,,,,,,,,,L,,,O,OL,true,,,F
dataflow,IMF.STA:QNEA(7.0.0),R,RUS,YA0,V,NSA,XDC,Q,2023-Q2,-29567100000,0,,,,,,,,,L,,,O,OL,true,,,F
dataflow,IMF.STA:QNEA(7.0.0),R,RUS,YA0,V,NSA,XDC,Q,2023-Q3,368076500000,0,,,,,,,,,L,,,O,OL,true,,,F
dataflow,IMF.STA:QNEA(7.0.0),R,RUS,YA0,V,NSA,XDC,Q,2023-Q4,482562500000,0,,,,,,,,,L,,,O,OL,true,,,F
dataflow,IMF.STA:QNEA(7.0.0),R,RUS,YA0,V,NSA,XDC,Q,2024-Q1,827119800000,0,,,,,,,,,L,,,O,OL,true,,,F
dataflow,IMF.STA:QNEA(7.0.0),R,RUS,YA0,V,NSA,XDC,Q,2024-Q2,627469600000,0,,,,,,,,,L,,,O,OL,true,,,F
dataflow,IMF.STA:QNEA(7.0.0),R,RUS,YA0,V,NSA,XDC,Q,2024-Q3,476486500000,0,,,,,,,,,L,,,O,OL,true,,,F
dataflow,IMF.STA:QNEA(7.0.0),R,RUS,YA0,V,NSA,XDC,Q,2024-Q4,1089391400000,0,,,,,,,,,L,,,O,OL,true,,,F
dataflow,IMF.STA:QNEA(7.0.0),R,RUS,YA0,V,NSA,XDC,Q,2025-Q1,-81626100000,0,,,,,,,,,L,,,O,OL,true,,,F
dataflow,IMF.STA:QNEA(7.0.0),R,RUS,YA0,V,NSA,XDC,Q,2025-Q2,-863260100000,0,,,,,,,,,L,,,O,OL,true,,,F
dataflow,IMF.STA:QNEA(7.0.0),R,RUS,YA0,V,NSA,XDC,Q,2025-Q3,1349873300000,0,,,,,,,,,L,,,O,OL,true,,,F
dataflow,IMF.STA:QNEA(7.0.0),R,RUS,YA0,V,NSA,XDC,Q,2025-Q4,1837457900000,0,,,,,,,,,L,,,O,OL,true,,,F
dataflow,IMF.STA:QNEA(7.0.0),R,RUS,YA0,V,NSA,XDC,Q,2026-Q1,-897377100000,0,,,,,,,,,L,,,O,OL,true,,,F
