date,value,transformation
2001-09-02,3.29,level
2001-09-03,2.1,level
2001-09-04,1.78,level
2001-09-05,1.56,level
2001-09-06,1.99,level
2001-09-07,2.0,level
2001-09-10,2.99,level
2001-09-11,3.0,level
2001-09-12,3.0,level
2001-09-13,2.99,level
2001-09-14,2.07,level
2001-09-17,3.38,level
2001-09-18,6.08,level
2001-09-19,4.44,level
2001-09-20,4.64,level
2001-09-21,3.53,level
2001-09-24,6.12,level
2001-09-25,3.0,level
2001-09-26,5.46,level
2001-09-27,4.0,level
2001-09-28,3.83,level
2001-10-01,2.49,level
2001-10-02,2.99,level
2001-10-03,2.53,level
2001-10-04,2.54,level
2001-10-05,2.39,level
2001-10-08,2.01,level
2001-10-09,2.44,level
2001-10-10,2.33,level
2001-10-11,2.74,level
2001-10-12,2.97,level
2001-10-15,5.88,level
2001-10-16,4.48,level
2001-10-17,3.04,level
2001-10-18,3.29,level
2001-10-22,4.28,level
2001-10-23,4.34,level
2001-10-24,5.58,level
2001-10-28,5.2,level
2001-10-29,4.0,level
2001-10-30,5.45,level
2001-10-31,4.3,level
2001-11-01,3.08,level
2001-11-02,2.49,level
2001-11-05,2.99,level
2001-11-06,5.3,level
2001-11-07,6.22,level
2001-11-08,5.04,level
2001-11-09,2.52,level
2001-11-12,5.01,level
2001-11-13,5.62,level
2001-11-14,4.72,level
2001-11-15,3.47,level
2001-11-16,4.0,level
2001-11-19,6.04,level
2001-11-20,9.55,level
2001-11-21,10.0,level
2001-11-22,6.2,level
2001-11-23,5.0,level
2001-11-26,5.62,level
2001-11-27,6.96,level
2001-11-28,6.94,level
2001-11-29,7.32,level
2001-12-03,5.48,level
2001-12-04,4.5,level
2001-12-05,5.24,level
2001-12-06,5.17,level
2001-12-07,5.18,level
2001-12-10,5.05,level
2001-12-11,5.19,level
2001-12-12,4.98,level
2001-12-13,4.97,level
2001-12-14,4.97,level
2001-12-19,5.51,level
2001-12-20,8.3,level
2001-12-21,2.99,level
2001-12-26,7.33,level
2001-12-27,8.0,level
2001-12-28,9.99,level
2001-12-29,4.56,level
2002-01-04,4.79,level
2002-01-07,4.99,level
2002-01-08,4.78,level
2002-01-09,4.62,level
2002-01-10,4.77,level
2002-01-11,4.55,level
2002-01-14,4.86,level
2002-01-15,4.56,level
2002-01-16,4.62,level
2002-01-17,3.43,level
2002-01-18,4.02,level
2002-01-21,4.08,level
2002-01-22,4.78,level
2002-01-23,4.62,level
2002-01-24,4.2,level
2002-01-25,4.27,level
2002-01-28,4.2,level
2002-01-29,4.12,level
2002-01-30,4.1,level
2002-01-31,4.83,level
2002-02-01,4.18,level
2002-02-04,4.53,level
2002-02-05,4.97,level
2002-02-06,5.08,level
2002-02-07,4.91,level
2002-02-08,4.79,level
2002-02-11,4.42,level
2002-02-12,4.5,level
2002-02-13,5.0,level
2002-02-14,4.73,level
2002-02-15,4.17,level
2002-02-18,4.59,level
2002-02-19,4.49,level
2002-02-20,6.59,level
2002-02-21,7.35,level
2002-02-22,5.08,level
2002-02-25,5.0,level
2002-02-26,5.03,level
2002-02-27,4.62,level
2002-02-28,4.7,level
2002-03-01,4.74,level
2002-03-04,5.0,level
2002-03-05,4.32,level
2002-03-06,4.57,level
2002-03-07,4.5,level
2002-03-11,4.22,level
2002-03-12,4.29,level
2002-03-13,4.17,level
2002-03-14,4.24,level
2002-03-15,4.2,level
2002-03-18,4.03,level
2002-03-19,4.32,level
2002-03-20,4.49,level
2002-03-21,4.49,level
2002-03-25,4.52,level
2002-03-26,4.59,level
2002-03-27,5.01,level
2002-03-28,4.51,level
2002-03-29,4.51,level
2002-04-01,4.51,level
2002-04-02,4.5,level
2002-04-03,4.5,level
2002-04-04,4.41,level
2002-04-05,4.65,level
2002-04-08,4.52,level
2002-04-09,4.57,level
2002-04-10,5.25,level
2002-04-11,5.68,level
2002-04-12,6.79,level
2002-04-15,6.78,level
2002-04-16,7.46,level
2002-04-17,6.63,level
2002-04-18,6.84,level
2002-04-19,6.21,level
2002-04-22,7.4,level
2002-04-23,7.28,level
2002-04-24,6.84,level
2002-04-25,5.99,level
2002-04-26,4.48,level
2002-04-29,4.77,level
2002-04-30,4.54,level
2002-05-02,4.91,level
2002-05-03,4.6,level
2002-05-06,4.46,level
2002-05-07,4.49,level
2002-05-08,4.05,level
2002-05-12,4.57,level
2002-05-13,4.51,level
2002-05-14,4.52,level
2002-05-15,4.54,level
2002-05-16,6.03,level
2002-05-17,4.49,level
2002-05-20,4.51,level
2002-05-21,4.52,level
2002-05-22,4.48,level
2002-05-23,4.57,level
2002-05-24,4.43,level
2002-05-27,4.63,level
2002-05-28,4.7,level
2002-05-29,4.66,level
2002-05-30,4.95,level
2002-05-31,4.32,level
2002-06-03,4.59,level
2002-06-04,4.52,level
2002-06-05,4.5,level
2002-06-06,4.08,level
2002-06-07,4.48,level
2002-06-10,3.37,level
2002-06-11,4.44,level
2002-06-12,4.3,level
2002-06-13,4.12,level
2002-06-14,4.37,level
2002-06-17,4.17,level
2002-06-18,4.24,level
2002-06-19,4.18,level
2002-06-20,4.17,level
2002-06-21,4.15,level
2002-06-24,3.78,level
2002-06-25,3.81,level
2002-06-26,4.5,level
2002-06-27,4.31,level
2002-06-28,4.31,level
2002-07-01,4.34,level
2002-07-02,4.36,level
2002-07-03,4.35,level
2002-07-04,4.16,level
2002-07-05,4.25,level
2002-07-08,4.42,level
2002-07-09,4.73,level
2002-07-10,4.91,level
2002-07-11,4.94,level
2002-07-12,4.89,level
2002-07-15,5.06,level
2002-07-16,6.23,level
2002-07-17,6.12,level
2002-07-18,5.2,level
2002-07-19,5.06,level
2002-07-22,5.09,level
2002-07-23,5.86,level
2002-07-24,4.99,level
2002-07-25,5.66,level
2002-07-26,5.9,level
2002-07-29,5.69,level
2002-07-30,5.19,level
2002-07-31,4.99,level
2002-08-01,5.15,level
2002-08-02,4.75,level
2002-08-05,5.04,level
2002-08-06,4.93,level
2002-08-07,5.13,level
2002-08-08,5.05,level
2002-08-09,4.84,level
2002-08-12,4.8,level
2002-08-13,4.82,level
2002-08-14,5.39,level
2002-08-15,5.81,level
2002-08-16,5.01,level
2002-08-19,5.76,level
2002-08-20,6.18,level
2002-08-21,6.31,level
2002-08-22,6.08,level
2002-08-23,4.81,level
2002-08-26,4.33,level
2002-08-27,4.57,level
2002-08-28,5.02,level
2002-08-29,4.56,level
2002-09-02,4.9,level
2002-09-03,4.74,level
2002-09-04,4.21,level
2002-09-05,4.84,level
2002-09-06,4.9,level
2002-09-09,4.69,level
2002-09-10,4.93,level
2002-09-11,4.41,level
2002-09-12,4.46,level
2002-09-13,4.03,level
2002-09-16,4.17,level
2002-09-17,3.23,level
2002-09-18,4.43,level
2002-09-19,3.75,level
2002-09-20,3.94,level
2002-09-23,4.43,level
2002-09-24,4.48,level
2002-09-25,4.49,level
2002-09-26,4.31,level
2002-09-27,4.24,level
2002-09-30,4.46,level
2002-10-01,4.99,level
2002-10-02,4.87,level
2002-10-03,4.52,level
2002-10-04,4.15,level
2002-10-07,3.89,level
2002-10-08,4.32,level
2002-10-09,4.38,level
2002-10-10,4.41,level
2002-10-11,4.42,level
2002-10-14,4.18,level
2002-10-15,4.07,level
2002-10-16,4.86,level
2002-10-17,5.62,level
2002-10-18,5.23,level
2002-10-21,6.48,level
2002-10-22,6.08,level
2002-10-23,5.14,level
2002-10-24,4.52,level
2002-10-28,4.79,level
2002-10-29,4.32,level
2002-10-30,4.59,level
2002-10-31,4.5,level
2002-11-01,4.63,level
2002-11-04,4.71,level
2002-11-05,4.67,level
2002-11-06,4.39,level
2002-11-07,4.02,level
2002-11-08,3.53,level
2002-11-11,4.31,level
2002-11-12,4.5,level
2002-11-13,4.56,level
2002-11-14,4.45,level
2002-11-15,4.43,level
2002-11-18,4.08,level
2002-11-19,4.65,level
2002-11-20,5.41,level
2002-11-21,6.5,level
2002-11-22,6.04,level
2002-11-25,5.65,level
2002-11-26,5.67,level
2002-11-27,5.03,level
2002-11-28,4.06,level
2002-11-29,4.34,level
2002-12-02,4.64,level
2002-12-03,4.52,level
2002-12-04,4.59,level
2002-12-05,4.47,level
2002-12-06,4.68,level
2002-12-09,4.72,level
2002-12-10,4.54,level
2002-12-11,4.73,level
2002-12-12,4.68,level
2002-12-13,4.61,level
2002-12-18,4.76,level
2002-12-19,4.75,level
2002-12-20,5.13,level
2002-12-23,5.54,level
2002-12-24,5.75,level
2002-12-25,4.8,level
2002-12-26,4.55,level
2002-12-27,13.69,level
2002-12-28,4.62,level
2002-12-29,4.73,level
2002-12-30,4.52,level
2003-01-05,4.31,level
2003-01-06,4.54,level
2003-01-07,4.26,level
2003-01-08,4.56,level
2003-01-09,4.36,level
2003-01-10,4.16,level
2003-01-13,4.74,level
2003-01-14,5.18,level
2003-01-15,4.89,level
2003-01-16,5.87,level
2003-01-17,4.55,level
2003-01-20,5.39,level
2003-01-21,6.25,level
2003-01-22,5.85,level
2003-01-23,4.52,level
2003-01-24,4.74,level
2003-01-27,4.73,level
2003-01-28,4.45,level
2003-01-29,4.42,level
2003-01-30,4.41,level
2003-01-31,3.84,level
2003-02-03,4.1,level
2003-02-04,3.92,level
2003-02-05,3.93,level
2003-02-06,3.98,level
2003-02-07,3.07,level
2003-02-10,4.04,level
2003-02-11,3.4,level
2003-02-12,4.81,level
2003-02-13,4.24,level
2003-02-14,3.88,level
2003-02-17,5.22,level
2003-02-18,5.05,level
2003-02-19,4.52,level
2003-02-20,4.4,level
2003-02-21,4.05,level
2003-02-24,3.75,level
2003-02-25,4.01,level
2003-02-26,3.79,level
2003-02-27,2.83,level
2003-02-28,3.17,level
2003-03-03,3.81,level
2003-03-04,3.57,level
2003-03-05,4.04,level
2003-03-06,3.17,level
2003-03-07,3.25,level
2003-03-11,3.74,level
2003-03-12,3.95,level
2003-03-13,4.32,level
2003-03-14,3.59,level
2003-03-17,3.73,level
2003-03-18,4.06,level
2003-03-19,4.27,level
2003-03-20,5.85,level
2003-03-21,5.16,level
2003-03-25,4.59,level
2003-03-26,4.52,level
2003-03-27,4.34,level
2003-03-28,4.11,level
2003-03-31,4.23,level
2003-04-01,4.23,level
2003-04-02,3.67,level
2003-04-03,3.47,level
2003-04-04,3.52,level
2003-04-07,3.57,level
2003-04-08,4.0,level
2003-04-09,3.65,level
2003-04-10,2.7,level
2003-04-11,2.95,level
2003-04-14,4.45,level
2003-04-15,6.29,level
2003-04-16,4.36,level
2003-04-17,3.91,level
2003-04-18,3.25,level
2003-04-21,3.14,level
2003-04-22,3.82,level
2003-04-23,5.15,level
2003-04-24,4.27,level
2003-04-25,3.27,level
2003-04-28,3.85,level
2003-04-29,4.38,level
2003-04-30,4.0,level
2003-05-04,4.11,level
2003-05-05,3.65,level
2003-05-06,3.82,level
2003-05-07,3.5,level
2003-05-08,3.62,level
2003-05-12,3.58,level
2003-05-13,3.77,level
2003-05-14,3.87,level
2003-05-15,5.11,level
2003-05-16,5.93,level
2003-05-19,5.93,level
2003-05-20,5.39,level
2003-05-21,6.61,level
2003-05-22,5.03,level
2003-05-23,4.23,level
2003-05-26,4.35,level
2003-05-27,4.32,level
2003-05-28,3.97,level
2003-05-29,3.76,level
2003-05-30,3.91,level
2003-06-02,3.25,level
2003-06-03,2.76,level
2003-06-04,2.97,level
2003-06-05,2.91,level
2003-06-06,2.79,level
2003-06-09,3.44,level
2003-06-10,3.03,level
2003-06-11,2.81,level
2003-06-12,2.52,level
2003-06-13,2.84,level
2003-06-16,5.96,level
2003-06-17,7.76,level
2003-06-18,4.36,level
2003-06-19,3.66,level
2003-06-20,3.36,level
2003-06-23,3.31,level
2003-06-24,3.14,level
2003-06-25,3.19,level
2003-06-26,3.95,level
2003-06-27,3.23,level
2003-06-30,3.9,level
2003-07-01,2.16,level
2003-07-02,2.71,level
2003-07-03,2.99,level
2003-07-04,3.15,level
2003-07-07,2.93,level
2003-07-08,3.29,level
2003-07-09,2.74,level
2003-07-10,2.93,level
2003-07-11,2.94,level
2003-07-14,4.18,level
2003-07-15,5.27,level
2003-07-16,4.93,level
2003-07-17,5.23,level
2003-07-18,3.68,level
2003-07-21,4.06,level
2003-07-22,4.68,level
2003-07-23,5.22,level
2003-07-24,4.1,level
2003-07-25,3.45,level
2003-07-28,4.07,level
2003-07-29,3.87,level
2003-07-30,3.83,level
2003-07-31,2.91,level
2003-08-01,2.05,level
2003-08-04,3.22,level
2003-08-05,2.83,level
2003-08-06,2.81,level
2003-08-07,3.63,level
2003-08-08,3.49,level
2003-08-11,2.84,level
2003-08-12,2.62,level
2003-08-13,1.8,level
2003-08-14,1.0,level
2003-08-15,2.07,level
2003-08-18,3.45,level
2003-08-19,4.15,level
2003-08-20,5.86,level
2003-08-21,5.48,level
2003-08-22,3.66,level
2003-08-25,3.43,level
2003-08-26,3.73,level
2003-08-27,5.58,level
2003-08-28,9.37,level
2003-08-29,3.99,level
2003-09-02,3.03,level
2003-09-03,2.28,level
2003-09-04,2.63,level
2003-09-05,2.77,level
2003-09-08,2.14,level
2003-09-09,2.36,level
2003-09-10,1.99,level
2003-09-11,1.68,level
2003-09-12,1.76,level
2003-09-15,2.78,level
2003-09-16,6.36,level
2003-09-17,6.3,level
2003-09-18,15.45,level
2003-09-19,13.82,level
2003-09-22,10.28,level
2003-09-23,8.44,level
2003-09-24,7.01,level
2003-09-25,7.72,level
2003-09-26,2.78,level
2003-09-29,4.45,level
2003-09-30,3.16,level
2003-10-01,2.8,level
2003-10-02,2.53,level
2003-10-03,2.74,level
2003-10-06,2.28,level
2003-10-07,2.27,level
2003-10-08,2.25,level
2003-10-09,1.88,level
2003-10-10,1.02,level
2003-10-13,2.38,level
2003-10-14,3.51,level
2003-10-15,19.46,level
2003-10-16,10.8,level
2003-10-17,2.76,level
2003-10-20,8.42,level
2003-10-21,8.55,level
2003-10-22,7.24,level
2003-10-23,2.9,level
2003-10-24,3.18,level
2003-10-28,2.83,level
2003-10-29,3.37,level
2003-10-30,3.45,level
2003-10-31,2.27,level
2003-11-03,2.72,level
2003-11-04,2.95,level
2003-11-05,2.89,level
2003-11-06,2.52,level
2003-11-07,2.06,level
2003-11-10,2.15,level
2003-11-11,0.74,level
2003-11-12,1.42,level
2003-11-13,2.96,level
2003-11-14,2.15,level
2003-11-17,2.74,level
2003-11-18,2.21,level
2003-11-19,1.9,level
2003-11-20,3.7,level
2003-11-21,2.54,level
2003-11-24,2.47,level
2003-11-25,2.39,level
2003-11-26,1.42,level
2003-11-27,1.6,level
2003-11-28,2.15,level
2003-12-01,3.05,level
2003-12-02,2.61,level
2003-12-03,0.58,level
2003-12-04,2.2,level
2003-12-05,0.73,level
2003-12-08,1.36,level
2003-12-09,2.42,level
2003-12-10,1.59,level
2003-12-11,2.63,level
2003-12-12,2.87,level
2003-12-13,6.47,level
2003-12-18,3.11,level
2003-12-19,5.54,level
2003-12-22,7.32,level
2003-12-23,5.57,level
2003-12-24,3.47,level
2003-12-25,2.46,level
2003-12-26,1.83,level
2003-12-29,2.21,level
2003-12-30,1.99,level
2003-12-31,2.45,level
2004-01-05,0.84,level
2004-01-06,0.63,level
2004-01-07,1.16,level
2004-01-08,0.97,level
2004-01-09,1.25,level
2004-01-12,1.36,level
2004-01-13,1.62,level
2004-01-14,2.86,level
2004-01-15,5.03,level
2004-01-16,3.28,level
2004-01-19,7.81,level
2004-01-20,4.64,level
2004-01-21,2.73,level
2004-01-22,3.41,level
2004-01-23,2.92,level
2004-01-26,2.58,level
2004-01-27,2.47,level
2004-01-28,2.23,level
2004-01-29,2.64,level
2004-01-30,2.6,level
2004-02-02,2.41,level
2004-02-03,2.24,level
2004-02-04,2.38,level
2004-02-05,1.56,level
2004-02-06,0.97,level
2004-02-09,1.65,level
2004-02-10,2.62,level
2004-02-11,2.78,level
2004-02-12,2.75,level
2004-02-13,2.17,level
2004-02-16,2.31,level
2004-02-17,2.03,level
2004-02-18,6.7,level
2004-02-19,4.53,level
2004-02-20,3.14,level
2004-02-23,2.89,level
2004-02-24,2.94,level
2004-02-25,3.08,level
2004-02-26,2.7,level
2004-02-27,2.25,level
2004-03-01,2.72,level
2004-03-02,2.49,level
2004-03-03,2.33,level
2004-03-04,2.13,level
2004-03-05,1.27,level
2004-03-09,1.77,level
2004-03-10,1.55,level
2004-03-11,1.18,level
2004-03-12,1.16,level
2004-03-15,1.45,level
2004-03-16,2.74,level
2004-03-17,1.81,level
2004-03-18,2.11,level
2004-03-19,3.14,level
2004-03-23,2.72,level
2004-03-24,2.6,level
2004-03-25,1.7,level
2004-03-26,1.81,level
2004-03-29,1.96,level
2004-03-30,1.77,level
2004-03-31,1.42,level
2004-04-01,1.33,level
2004-04-02,1.24,level
2004-04-05,0.98,level
2004-04-06,3.36,level
2004-04-07,2.92,level
2004-04-08,2.27,level
2004-04-09,1.48,level
2004-04-12,2.44,level
2004-04-13,2.36,level
2004-04-14,4.59,level
2004-04-15,3.06,level
2004-04-16,2.71,level
2004-04-19,5.13,level
2004-04-20,7.06,level
2004-04-21,4.58,level
2004-04-22,3.09,level
2004-04-23,2.56,level
2004-04-26,2.86,level
2004-04-27,2.49,level
2004-04-28,2.35,level
2004-04-29,2.57,level
2004-04-30,2.11,level
2004-05-04,2.69,level
2004-05-05,1.95,level
2004-05-06,1.92,level
2004-05-07,1.48,level
2004-05-11,1.88,level
2004-05-12,2.68,level
2004-05-13,2.21,level
2004-05-14,1.6,level
2004-05-17,3.25,level
2004-05-18,4.36,level
2004-05-19,5.84,level
2004-05-20,11.92,level
2004-05-21,3.46,level
2004-05-24,3.19,level
2004-05-25,2.57,level
2004-05-26,2.65,level
2004-05-27,2.35,level
2004-05-28,1.32,level
2004-05-31,2.36,level
2004-06-01,0.97,level
2004-06-02,1.65,level
2004-06-03,1.06,level
2004-06-04,2.03,level
2004-06-07,2.2,level
2004-06-08,1.37,level
2004-06-09,2.02,level
2004-06-10,1.61,level
2004-06-11,1.17,level
2004-06-14,2.92,level
2004-06-15,3.48,level
2004-06-16,2.54,level
2004-06-17,2.02,level
2004-06-18,2.17,level
2004-06-21,2.43,level
2004-06-22,2.86,level
2004-06-23,2.64,level
2004-06-24,2.72,level
2004-06-25,1.75,level
2004-06-28,2.54,level
2004-06-29,2.04,level
2004-06-30,0.75,level
2004-07-01,1.17,level
2004-07-02,1.5,level
2004-07-05,0.97,level
2004-07-06,1.21,level
2004-07-07,0.89,level
2004-07-08,0.57,level
2004-07-09,0.4,level
2004-07-12,0.53,level
2004-07-13,0.49,level
2004-07-14,0.57,level
2004-07-15,0.59,level
2004-07-16,0.66,level
2004-07-19,2.27,level
2004-07-20,3.04,level
2004-07-21,2.81,level
2004-07-22,5.8,level
2004-07-23,2.56,level
2004-07-26,1.57,level
2004-07-27,1.01,level
2004-07-28,0.76,level
2004-07-29,1.34,level
2004-07-30,0.33,level
2004-08-02,0.44,level
2004-08-03,0.38,level
2004-08-04,0.34,level
2004-08-05,0.79,level
2004-08-06,0.53,level
2004-08-09,0.7,level
2004-08-10,0.39,level
2004-08-11,0.31,level
2004-08-12,0.66,level
2004-08-13,0.48,level
2004-08-16,0.66,level
2004-08-17,1.5,level
2004-08-18,2.34,level
2004-08-19,6.23,level
2004-08-20,7.39,level
2004-08-23,5.78,level
2004-08-24,3.82,level
2004-08-25,1.8,level
2004-08-26,2.14,level
2004-08-27,1.51,level
2004-08-31,2.86,level
2004-09-01,1.69,level
2004-09-02,1.12,level
2004-09-03,0.49,level
2004-09-06,0.87,level
2004-09-07,0.45,level
2004-09-08,1.74,level
2004-09-09,1.66,level
2004-09-10,0.8,level
2004-09-13,0.79,level
2004-09-14,3.48,level
2004-09-15,3.62,level
2004-09-16,9.45,level
2004-09-17,3.93,level
2004-09-20,2.9,level
2004-09-21,2.14,level
2004-09-22,1.62,level
2004-09-23,1.59,level
2004-09-24,2.09,level
2004-09-27,1.47,level
2004-09-28,1.49,level
2004-09-29,1.39,level
2004-09-30,1.26,level
2004-10-01,0.95,level
2004-10-04,1.15,level
2004-10-05,0.55,level
2004-10-06,1.09,level
2004-10-07,1.05,level
2004-10-08,0.58,level
2004-10-11,0.55,level
2004-10-12,0.85,level
2004-10-13,1.5,level
2004-10-14,0.91,level
2004-10-15,0.35,level
2004-10-18,0.34,level
2004-10-19,0.53,level
2004-10-20,0.65,level
2004-10-21,0.64,level
2004-10-22,0.57,level
2004-10-26,0.87,level
2004-10-27,0.9,level
2004-10-28,0.55,level
2004-10-29,0.43,level
2004-11-01,0.31,level
2004-11-02,0.15,level
2004-11-03,0.16,level
2004-11-04,0.34,level
2004-11-05,0.3,level
2004-11-08,0.27,level
2004-11-09,0.26,level
2004-11-10,0.84,level
2004-11-11,0.42,level
2004-11-12,0.77,level
2004-11-15,0.9,level
2004-11-16,1.34,level
2004-11-17,1.54,level
2004-11-18,0.54,level
2004-11-19,0.88,level
2004-11-22,0.86,level
2004-11-23,0.93,level
2004-11-24,0.74,level
2004-11-25,0.78,level
2004-11-26,0.66,level
2004-11-29,0.69,level
2004-11-30,0.37,level
2004-12-01,0.89,level
2004-12-02,0.56,level
2004-12-03,0.76,level
2004-12-06,0.79,level
2004-12-07,0.93,level
2004-12-08,0.98,level
2004-12-09,0.69,level
2004-12-10,2.0,level
2004-12-13,1.41,level
2004-12-14,2.8,level
2004-12-15,2.63,level
2004-12-20,1.73,level
2004-12-21,1.86,level
2004-12-22,1.04,level
2004-12-23,0.54,level
2004-12-24,1.48,level
2004-12-27,0.92,level
2004-12-28,0.49,level
2004-12-29,1.0,level
2004-12-30,1.47,level
2004-12-31,1.65,level
2005-01-05,0.94,level
2005-01-06,1.0,level
2005-01-07,0.83,level
2005-01-10,0.91,level
2005-01-11,0.65,level
2005-01-12,0.38,level
2005-01-13,0.62,level
2005-01-14,0.76,level
2005-01-17,2.41,level
2005-01-18,3.07,level
2005-01-19,2.39,level
2005-01-20,1.37,level
2005-01-21,1.88,level
2005-01-24,2.24,level
2005-01-25,3.47,level
2005-01-26,4.43,level
2005-01-27,4.62,level
2005-01-28,2.07,level
2005-01-31,1.56,level
2005-02-01,1.26,level
2005-02-02,1.17,level
2005-02-03,1.24,level
2005-02-04,1.11,level
2005-02-07,1.1,level
2005-02-08,1.0,level
2005-02-09,0.99,level
2005-02-10,1.02,level
2005-02-11,1.09,level
2005-02-14,1.18,level
2005-02-15,0.75,level
2005-02-16,0.68,level
2005-02-17,0.47,level
2005-02-18,0.47,level
2005-02-21,0.52,level
2005-02-22,2.31,level
2005-02-23,1.9,level
2005-02-24,1.13,level
2005-02-25,0.9,level
2005-02-28,0.86,level
2005-03-01,0.88,level
2005-03-02,0.71,level
2005-03-03,0.97,level
2005-03-04,0.33,level
2005-03-05,0.77,level
2005-03-09,0.54,level
2005-03-10,0.55,level
2005-03-11,0.41,level
2005-03-14,0.81,level
2005-03-15,0.46,level
2005-03-16,0.52,level
2005-03-17,0.38,level
2005-03-18,1.25,level
2005-03-19,1.48,level
2005-03-23,1.29,level
2005-03-24,0.93,level
2005-03-25,0.46,level
2005-03-28,0.36,level
2005-03-29,1.05,level
2005-03-30,2.33,level
2005-03-31,0.88,level
2005-04-01,0.6,level
2005-04-04,0.77,level
2005-04-05,1.22,level
2005-04-06,0.46,level
2005-04-07,0.45,level
2005-04-08,0.48,level
2005-04-11,0.93,level
2005-04-12,0.94,level
2005-04-13,1.27,level
2005-04-14,3.71,level
2005-04-15,1.09,level
2005-04-18,0.73,level
2005-04-19,0.8,level
2005-04-20,0.67,level
2005-04-21,0.77,level
2005-04-22,0.76,level
2005-04-25,0.67,level
2005-04-26,0.82,level
2005-04-27,0.92,level
2005-04-28,0.85,level
2005-04-29,1.11,level
2005-05-03,0.68,level
2005-05-04,0.64,level
2005-05-05,0.7,level
2005-05-06,1.1,level
2005-05-10,1.35,level
2005-05-11,0.72,level
2005-05-12,0.63,level
2005-05-13,1.13,level
2005-05-16,1.1,level
2005-05-17,1.14,level
2005-05-18,1.38,level
2005-05-19,1.47,level
2005-05-20,0.91,level
2005-05-23,0.52,level
2005-05-24,1.52,level
2005-05-25,1.06,level
2005-05-26,0.59,level
2005-05-27,0.46,level
2005-05-30,1.22,level
2005-05-31,0.87,level
2005-06-01,0.64,level
2005-06-02,0.52,level
2005-06-03,0.84,level
2005-06-06,1.11,level
2005-06-07,0.93,level
2005-06-08,0.87,level
2005-06-09,0.93,level
2005-06-10,1.08,level
2005-06-13,1.29,level
2005-06-14,1.44,level
2005-06-15,1.61,level
2005-06-16,1.64,level
2005-06-17,1.65,level
2005-06-20,1.8,level
2005-06-21,2.79,level
2005-06-22,4.45,level
2005-06-23,9.19,level
2005-06-24,0.8,level
2005-06-27,0.3,level
2005-06-28,0.85,level
2005-06-29,1.25,level
2005-06-30,1.99,level
2005-07-01,0.91,level
2005-07-04,1.58,level
2005-07-05,1.41,level
2005-07-06,1.76,level
2005-07-07,1.55,level
2005-07-08,0.42,level
2005-07-11,0.32,level
2005-07-12,0.33,level
2005-07-13,1.06,level
2005-07-14,0.69,level
2005-07-15,0.55,level
2005-07-18,0.77,level
2005-07-19,1.31,level
2005-07-20,1.06,level
2005-07-21,0.9,level
2005-07-22,0.41,level
2005-07-25,0.24,level
2005-07-26,0.31,level
2005-07-27,0.19,level
2005-07-28,0.21,level
2005-07-29,0.16,level
2005-08-01,0.34,level
2005-08-02,0.2,level
2005-08-03,0.24,level
2005-08-04,0.2,level
2005-08-05,0.47,level
2005-08-08,0.71,level
2005-08-09,1.5,level
2005-08-10,1.35,level
2005-08-11,1.01,level
2005-08-12,0.86,level
2005-08-15,2.05,level
2005-08-16,3.83,level
2005-08-17,4.37,level
2005-08-18,2.34,level
2005-08-19,1.04,level
2005-08-22,1.5,level
2005-08-23,1.08,level
2005-08-24,0.83,level
2005-08-25,0.63,level
2005-08-26,0.66,level
2005-08-27,0.78,level
2005-08-31,0.76,level
2005-09-01,0.45,level
2005-09-02,0.27,level
2005-09-05,0.36,level
2005-09-06,0.58,level
2005-09-07,0.4,level
2005-09-08,0.38,level
2005-09-09,0.17,level
2005-09-12,0.26,level
2005-09-13,0.22,level
2005-09-14,0.22,level
2005-09-15,0.29,level
2005-09-16,0.22,level
2005-09-19,0.24,level
2005-09-20,0.38,level
2005-09-21,0.41,level
2005-09-22,0.44,level
2005-09-23,0.39,level
2005-09-26,0.26,level
2005-09-27,0.16,level
2005-09-28,0.28,level
2005-09-29,0.22,level
2005-09-30,0.33,level
2005-10-03,0.22,level
2005-10-04,0.25,level
2005-10-05,0.22,level
2005-10-06,0.21,level
2005-10-07,0.08,level
2005-10-10,0.42,level
2005-10-11,0.4,level
2005-10-12,0.5,level
2005-10-13,0.81,level
2005-10-14,1.25,level
2005-10-17,2.16,level
2005-10-18,2.81,level
2005-10-19,2.88,level
2005-10-20,5.47,level
2005-10-21,4.45,level
2005-10-22,2.87,level
2005-10-26,2.21,level
2005-10-27,1.48,level
2005-10-28,2.63,level
2005-10-31,2.99,level
2005-11-01,2.05,level
2005-11-02,1.88,level
2005-11-03,1.5,level
2005-11-04,1.11,level
2005-11-07,1.58,level
2005-11-08,1.78,level
2005-11-09,1.95,level
2005-11-10,1.82,level
2005-11-11,1.21,level
2005-11-14,1.14,level
2005-11-15,1.4,level
2005-11-16,0.94,level
2005-11-17,0.53,level
2005-11-18,0.87,level
2005-11-21,1.12,level
2005-11-22,1.63,level
2005-11-23,1.82,level
2005-11-24,1.76,level
2005-11-25,1.83,level
2005-11-28,1.23,level
2005-11-29,1.46,level
2005-11-30,1.03,level
2005-12-01,1.85,level
2005-12-02,1.25,level
2005-12-05,1.3,level
2005-12-06,1.03,level
2005-12-07,1.28,level
2005-12-08,1.52,level
2005-12-09,1.07,level
2005-12-12,0.63,level
2005-12-13,0.45,level
2005-12-14,0.56,level
2005-12-15,0.37,level
2005-12-20,0.79,level
2005-12-21,0.89,level
2005-12-22,0.52,level
2005-12-23,0.5,level
2005-12-26,1.0,level
2005-12-27,1.54,level
2005-12-28,1.59,level
2005-12-29,3.5,level
2005-12-30,4.22,level
2006-01-04,1.58,level
2006-01-05,0.84,level
2006-01-06,0.46,level
2006-01-09,0.74,level
2006-01-12,1.04,level
2006-01-13,0.92,level
2006-01-14,1.52,level
2006-01-16,2.88,level
2006-01-17,5.59,level
2006-01-18,4.44,level
2006-01-19,2.27,level
2006-01-20,1.04,level
2006-01-23,1.1,level
2006-01-24,1.39,level
2006-01-25,2.95,level
2006-01-26,4.15,level
2006-01-27,1.26,level
2006-01-30,1.19,level
2006-01-31,1.03,level
2006-02-01,1.4,level
2006-02-02,0.94,level
2006-02-03,0.84,level
2006-02-06,0.59,level
2006-02-07,0.51,level
2006-02-08,0.71,level
2006-02-09,0.71,level
2006-02-10,0.55,level
2006-02-13,0.76,level
2006-02-14,1.19,level
2006-02-15,0.79,level
2006-02-16,0.76,level
2006-02-17,0.52,level
2006-02-20,0.63,level
2006-02-21,0.55,level
2006-02-22,0.24,level
2006-02-23,0.34,level
2006-02-24,0.56,level
2006-02-27,0.61,level
2006-02-28,0.14,level
2006-03-01,0.2,level
2006-03-02,0.05,level
2006-03-03,0.09,level
2006-03-06,0.35,level
2006-03-07,0.21,level
2006-03-09,0.15,level
2006-03-10,0.07,level
2006-03-13,0.19,level
2006-03-14,0.07,level
2006-03-15,0.2,level
2006-03-16,0.06,level
2006-03-17,0.34,level
2006-03-20,0.07,level
2006-03-21,0.07,level
2006-03-23,0.19,level
2006-03-24,0.21,level
2006-03-27,0.11,level
2006-03-28,0.15,level
2006-03-29,0.19,level
2006-03-30,0.17,level
2006-03-31,0.53,level
2006-04-03,0.27,level
2006-04-04,0.12,level
2006-04-05,0.23,level
2006-04-06,0.23,level
2006-04-07,0.48,level
2006-04-10,0.34,level
2006-04-11,0.43,level
2006-04-12,0.43,level
2006-04-13,0.49,level
2006-04-14,0.39,level
2006-04-17,0.35,level
2006-04-18,0.73,level
2006-04-19,0.87,level
2006-04-20,1.2,level
2006-04-21,2.37,level
2006-04-24,1.18,level
2006-04-25,0.78,level
2006-04-26,0.72,level
2006-04-27,0.97,level
2006-04-28,0.97,level
2006-05-02,0.83,level
2006-05-03,0.57,level
2006-05-04,0.8,level
2006-05-05,0.52,level
2006-05-06,0.46,level
2006-05-10,0.46,level
2006-05-11,0.28,level
2006-05-12,0.22,level
2006-05-15,0.31,level
2006-05-16,0.42,level
2006-05-17,0.36,level
2006-05-18,0.45,level
2006-05-19,0.6,level
2006-05-22,0.62,level
2006-05-23,1.12,level
2006-05-24,0.82,level
2006-05-25,0.5,level
2006-05-26,0.73,level
2006-05-29,0.66,level
2006-05-30,1.29,level
2006-05-31,0.98,level
2006-06-01,0.39,level
2006-06-02,1.54,level
2006-06-05,1.9,level
2006-06-06,2.47,level
2006-06-07,0.78,level
2006-06-08,0.33,level
2006-06-09,0.69,level
2006-06-12,2.58,level
2006-06-13,2.37,level
2006-06-14,1.07,level
2006-06-15,0.82,level
2006-06-16,2.42,level
2006-06-19,2.94,level
2006-06-20,2.06,level
2006-06-21,1.03,level
2006-06-22,1.75,level
2006-06-23,0.56,level
2006-06-26,0.57,level
2006-06-27,0.64,level
2006-06-28,0.32,level
2006-06-29,0.22,level
2006-06-30,0.13,level
2006-07-03,0.22,level
2006-07-04,0.49,level
2006-07-05,0.73,level
2006-07-06,0.7,level
2006-07-07,0.27,level
2006-07-10,0.32,level
2006-07-11,0.41,level
2006-07-12,0.42,level
2006-07-13,0.42,level
2006-07-14,0.17,level
2006-07-17,0.34,level
2006-07-18,0.44,level
2006-07-19,1.33,level
2006-07-20,3.43,level
2006-07-21,0.73,level
2006-07-24,1.37,level
2006-07-25,1.65,level
2006-07-26,1.47,level
2006-07-27,2.95,level
2006-07-28,0.84,level
2006-07-31,0.93,level
2006-08-01,0.74,level
2006-08-02,0.85,level
2006-08-03,1.18,level
2006-08-04,1.51,level
2006-08-07,1.88,level
2006-08-08,2.55,level
2006-08-09,2.29,level
2006-08-10,1.84,level
2006-08-11,1.43,level
2006-08-14,1.99,level
2006-08-15,2.41,level
2006-08-16,2.55,level
2006-08-17,1.04,level
2006-08-18,0.69,level
2006-08-21,1.06,level
2006-08-22,1.6,level
2006-08-23,3.52,level
2006-08-24,2.8,level
2006-08-25,2.79,level
2006-08-28,2.87,level
2006-08-29,1.43,level
2006-08-31,1.73,level
2006-09-01,1.9,level
2006-09-04,3.93,level
2006-09-05,5.09,level
2006-09-06,5.5,level
2006-09-07,4.41,level
2006-09-08,3.16,level
2006-09-11,4.43,level
2006-09-12,5.38,level
2006-09-13,5.72,level
2006-09-14,2.94,level
2006-09-15,3.44,level
2006-09-18,3.13,level
2006-09-19,3.63,level
2006-09-20,4.84,level
2006-09-21,4.09,level
2006-09-22,3.47,level
2006-09-25,4.21,level
2006-09-26,4.73,level
2006-09-27,4.32,level
2006-09-28,4.95,level
2006-09-29,4.86,level
2006-10-02,3.92,level
2006-10-03,3.97,level
2006-10-04,2.57,level
2006-10-05,1.67,level
2006-10-06,4.29,level
2006-10-09,5.85,level
2006-10-10,4.53,level
2006-10-11,1.86,level
2006-10-12,2.32,level
2006-10-13,4.49,level
2006-10-16,5.81,level
2006-10-17,7.7,level
2006-10-18,8.73,level
2006-10-19,6.22,level
2006-10-20,3.11,level
2006-10-23,1.99,level
2006-10-24,0.86,level
2006-10-26,2.23,level
2006-10-27,3.41,level
2006-10-30,2.7,level
2006-10-31,2.7,level
2006-11-01,1.7,level
2006-11-02,0.92,level
2006-11-03,2.48,level
2006-11-06,3.89,level
2006-11-07,2.71,level
2006-11-08,1.88,level
2006-11-09,2.04,level
2006-11-10,1.24,level
2006-11-13,1.71,level
2006-11-14,1.93,level
2006-11-15,2.12,level
2006-11-16,2.56,level
2006-11-17,1.83,level
2006-11-20,2.35,level
2006-11-21,0.42,level
2006-11-22,1.87,level
2006-11-23,2.03,level
2006-11-24,2.7,level
2006-11-27,2.52,level
2006-11-28,2.07,level
2006-11-29,2.34,level
2006-11-30,1.22,level
2006-12-01,0.95,level
2006-12-04,1.29,level
2006-12-05,1.59,level
2006-12-06,1.4,level
2006-12-07,2.02,level
2006-12-08,2.93,level
2006-12-11,2.44,level
2006-12-12,1.45,level
2006-12-13,1.84,level
2006-12-14,2.63,level
2006-12-15,4.38,level
2006-12-20,2.27,level
2006-12-21,4.93,level
2006-12-22,1.22,level
2006-12-25,2.33,level
2006-12-26,1.23,level
2006-12-27,1.22,level
2006-12-28,0.53,level
2006-12-29,1.25,level
2007-01-03,1.55,level
2007-01-04,1.31,level
2007-01-05,2.28,level
2007-01-08,0.64,level
2007-01-09,0.76,level
2007-01-10,0.57,level
2007-01-11,0.33,level
2007-01-12,1.13,level
2007-01-15,2.25,level
2007-01-16,2.88,level
2007-01-17,3.11,level
2007-01-18,0.55,level
2007-01-19,1.53,level
2007-01-22,1.08,level
2007-01-23,0.91,level
2007-01-24,0.75,level
2007-01-25,0.17,level
2007-01-26,1.98,level
2007-01-29,1.43,level
2007-01-30,1.24,level
2007-01-31,0.82,level
2007-02-01,1.49,level
2007-02-02,1.51,level
2007-02-05,1.26,level
2007-02-06,1.45,level
2007-02-07,2.09,level
2007-02-08,1.81,level
2007-02-09,2.92,level
2007-02-12,1.95,level
2007-02-13,2.1,level
2007-02-14,0.88,level
2007-02-15,1.6,level
2007-02-16,5.05,level
2007-02-19,3.81,level
2007-02-20,3.23,level
2007-02-21,2.38,level
2007-02-22,2.13,level
2007-02-23,2.37,level
2007-02-26,1.73,level
2007-02-27,1.53,level
2007-02-28,1.19,level
2007-03-01,2.13,level
2007-03-02,1.52,level
2007-03-05,1.85,level
2007-03-06,1.53,level
2007-03-07,2.27,level
2007-03-11,1.1,level
2007-03-12,0.84,level
2007-03-13,0.79,level
2007-03-14,1.15,level
2007-03-15,3.06,level
2007-03-16,3.87,level
2007-03-19,0.96,level
2007-03-20,1.58,level
2007-03-21,1.98,level
2007-03-25,0.57,level
2007-03-26,0.58,level
2007-03-27,0.71,level
2007-03-28,0.45,level
2007-03-29,2.27,level
2007-03-30,2.85,level
2007-04-02,3.52,level
2007-04-03,2.61,level
2007-04-04,2.37,level
2007-04-05,3.28,level
2007-04-06,1.96,level
2007-04-09,0.86,level
2007-04-10,1.8,level
2007-04-11,1.89,level
2007-04-12,4.6,level
2007-04-13,4.73,level
2007-04-16,5.05,level
2007-04-17,4.78,level
2007-04-18,6.81,level
2007-04-19,6.41,level
2007-04-20,7.51,level
2007-04-23,5.64,level
2007-04-24,2.23,level
2007-04-25,1.62,level
2007-04-26,5.09,level
2007-04-27,2.55,level
2007-04-30,2.31,level
2007-05-02,2.53,level
2007-05-03,2.3,level
2007-05-04,1.27,level
2007-05-07,1.6,level
2007-05-08,1.26,level
2007-05-10,2.13,level
2007-05-11,4.35,level
2007-05-14,6.5,level
2007-05-15,4.3,level
2007-05-16,3.53,level
2007-05-17,5.0,level
2007-05-18,4.01,level
2007-05-21,2.15,level
2007-05-22,1.73,level
2007-05-23,2.09,level
2007-05-24,1.8,level
2007-05-25,2.23,level
2007-05-28,1.34,level
2007-05-29,2.09,level
2007-05-30,2.04,level
2007-05-31,1.95,level
2007-06-01,1.64,level
2007-06-04,1.37,level
2007-06-05,1.44,level
2007-06-06,1.86,level
2007-06-07,2.24,level
2007-06-08,4.11,level
2007-06-11,5.06,level
2007-06-12,5.63,level
2007-06-13,5.92,level
2007-06-14,4.6,level
2007-06-15,4.23,level
2007-06-18,5.75,level
2007-06-19,6.69,level
2007-06-20,9.26,level
2007-06-21,5.72,level
2007-06-22,6.58,level
2007-06-25,5.41,level
2007-06-26,3.34,level
2007-06-27,4.63,level
2007-06-28,4.41,level
2007-06-29,6.96,level
2007-07-02,4.51,level
2007-07-03,4.37,level
2007-07-04,4.12,level
2007-07-05,3.07,level
2007-07-06,3.74,level
2007-07-09,5.34,level
2007-07-10,6.14,level
2007-07-11,5.56,level
2007-07-12,4.77,level
2007-07-13,4.26,level
2007-07-16,4.64,level
2007-07-17,3.44,level
2007-07-18,3.51,level
2007-07-19,4.99,level
2007-07-20,7.09,level
2007-07-23,8.19,level
2007-07-24,6.43,level
2007-07-25,3.55,level
2007-07-26,4.48,level
2007-07-27,4.83,level
2007-07-30,6.23,level
2007-07-31,9.06,level
2007-08-01,12.36,level
2007-08-02,8.96,level
2007-08-03,7.26,level
2007-08-06,6.96,level
2007-08-07,6.89,level
2007-08-08,5.02,level
2007-08-09,4.36,level
2007-08-10,9.39,level
2007-08-13,11.06,level
2007-08-14,6.98,level
2007-08-15,6.4,level
2007-08-16,9.79,level
2007-08-17,12.08,level
2007-08-20,7.21,level
2007-08-21,9.48,level
2007-08-22,9.73,level
2007-08-23,9.07,level
2007-08-24,8.31,level
2007-08-27,9.97,level
2007-08-28,7.67,level
2007-08-29,8.65,level
2007-09-02,8.37,level
2007-09-03,8.78,level
2007-09-04,7.5,level
2007-09-05,5.87,level
2007-09-06,6.02,level
2007-09-07,5.91,level
2007-09-10,7.5,level
2007-09-11,6.22,level
2007-09-12,7.02,level
2007-09-13,8.25,level
2007-09-14,8.48,level
2007-09-17,8.92,level
2007-09-18,10.15,level
2007-09-19,9.4,level
2007-09-20,9.94,level
2007-09-21,3.65,level
2007-09-24,4.88,level
2007-09-25,5.82,level
2007-09-26,7.84,level
2007-09-27,9.23,level
2007-09-28,7.21,level
2007-10-01,4.42,level
2007-10-02,3.72,level
2007-10-03,8.19,level
2007-10-04,8.96,level
2007-10-05,8.73,level
2007-10-08,5.45,level
2007-10-09,6.28,level
2007-10-10,5.66,level
2007-10-11,5.42,level
2007-10-12,1.96,level
2007-10-15,1.99,level
2007-10-16,1.5,level
2007-10-17,0.78,level
2007-10-18,1.86,level
2007-10-19,6.32,level
2007-10-22,6.98,level
2007-10-23,5.13,level
2007-10-24,3.74,level
2007-10-28,4.42,level
2007-10-29,3.03,level
2007-10-30,3.08,level
2007-10-31,3.01,level
2007-11-01,2.03,level
2007-11-02,1.05,level
2007-11-05,2.18,level
2007-11-06,4.66,level
2007-11-07,5.04,level
2007-11-08,4.15,level
2007-11-12,4.73,level
2007-11-13,5.31,level
2007-11-14,4.72,level
2007-11-15,4.26,level
2007-11-16,1.87,level
2007-11-19,2.24,level
2007-11-20,6.49,level
2007-11-21,3.69,level
2007-11-22,1.52,level
2007-11-23,1.72,level
2007-11-26,1.56,level
2007-11-27,0.87,level
2007-11-28,2.17,level
2007-11-29,1.76,level
2007-11-30,1.23,level
2007-12-03,1.7,level
2007-12-04,2.0,level
2007-12-05,2.08,level
2007-12-06,1.15,level
2007-12-07,1.62,level
2007-12-10,1.46,level
2007-12-11,1.2,level
2007-12-12,2.3,level
2007-12-13,3.52,level
2007-12-14,5.36,level
2007-12-19,7.46,level
2007-12-21,2.57,level
2007-12-24,1.81,level
2007-12-25,0.93,level
2007-12-26,0.76,level
2007-12-27,0.77,level
2007-12-28,2.5,level
2007-12-29,7.96,level
2008-01-03,5.2,level
2008-01-04,7.06,level
2008-01-08,7.55,level
2008-01-09,4.89,level
2008-01-10,2.81,level
2008-01-11,1.91,level
2008-01-14,1.95,level
2008-01-15,2.44,level
2008-01-16,2.85,level
2008-01-17,5.77,level
2008-01-18,4.15,level
2008-01-21,10.35,level
2008-01-22,7.81,level
2008-01-23,4.25,level
2008-01-24,1.21,level
2008-01-25,1.13,level
2008-01-28,1.03,level
2008-01-29,0.64,level
2008-01-30,2.15,level
2008-01-31,2.39,level
2008-02-01,1.11,level
2008-02-04,2.04,level
2008-02-05,1.91,level
2008-02-06,1.1,level
2008-02-07,0.51,level
2008-02-08,0.65,level
2008-02-11,0.43,level
2008-02-12,0.19,level
2008-02-13,0.17,level
2008-02-14,2.24,level
2008-02-15,2.42,level
2008-02-18,2.66,level
2008-02-19,3.57,level
2008-02-20,4.73,level
2008-02-21,6.5,level
2008-02-22,1.85,level
2008-02-25,1.35,level
2008-02-26,0.64,level
2008-02-27,0.2,level
2008-02-28,2.73,level
2008-02-29,1.45,level
2008-03-03,0.69,level
2008-03-04,0.2,level
2008-03-05,0.1,level
2008-03-06,0.55,level
2008-03-07,2.3,level
2008-03-11,1.63,level
2008-03-12,1.06,level
2008-03-13,1.25,level
2008-03-14,1.45,level
2008-03-17,1.85,level
2008-03-18,1.85,level
2008-03-19,2.05,level
2008-03-20,3.97,level
2008-03-21,3.98,level
2008-03-25,1.58,level
2008-03-26,1.15,level
2008-03-27,0.87,level
2008-03-28,1.03,level
2008-03-31,1.13,level
2008-04-01,0.57,level
2008-04-02,0.45,level
2008-04-03,0.34,level
2008-04-04,1.79,level
2008-04-07,1.04,level
2008-04-08,1.22,level
2008-04-09,1.33,level
2008-04-10,2.1,level
2008-04-11,1.53,level
2008-04-14,9.71,level
2008-04-15,6.07,level
2008-04-16,5.27,level
2008-04-17,4.32,level
2008-04-18,3.72,level
2008-04-21,10.87,level
2008-04-22,11.06,level
2008-04-23,9.7,level
2008-04-24,3.82,level
2008-04-25,3.55,level
2008-04-28,6.01,level
2008-04-29,4.51,level
2008-04-30,2.97,level
2008-05-04,0.97,level
2008-05-05,0.99,level
2008-05-06,0.61,level
2008-05-07,0.34,level
2008-05-08,0.31,level
2008-05-12,0.66,level
2008-05-13,0.46,level
2008-05-14,0.35,level
2008-05-15,0.33,level
2008-05-16,0.51,level
2008-05-19,0.23,level
2008-05-20,0.31,level
2008-05-21,0.18,level
2008-05-22,0.15,level
2008-05-23,0.16,level
2008-05-26,0.12,level
2008-05-27,0.28,level
2008-05-28,0.42,level
2008-05-29,0.8,level
2008-05-30,0.58,level
2008-06-02,0.61,level
2008-06-03,0.47,level
2008-06-04,0.57,level
2008-06-05,1.45,level
2008-06-06,0.73,level
2008-06-09,1.1,level
2008-06-10,1.45,level
2008-06-11,0.87,level
2008-06-12,0.72,level
2008-06-13,0.55,level
2008-06-16,0.52,level
2008-06-18,1.05,level
2008-06-19,2.45,level
2008-06-20,2.41,level
2008-06-23,3.37,level
2008-06-24,2.49,level
2008-06-25,1.26,level
2008-06-26,1.1,level
2008-06-27,1.6,level
2008-06-30,1.48,level
2008-07-01,1.38,level
2008-07-02,1.09,level
2008-07-03,3.3,level
2008-07-04,4.24,level
2008-07-08,1.88,level
2008-07-09,1.06,level
2008-07-10,1.16,level
2008-07-11,2.12,level
2008-07-14,4.98,level
2008-07-15,4.43,level
2008-07-16,2.95,level
2008-07-17,2.04,level
2008-07-18,5.04,level
2008-07-21,6.29,level
2008-07-22,4.74,level
2008-07-23,3.37,level
2008-07-24,2.08,level
2008-07-25,2.24,level
2008-07-28,4.22,level
2008-07-29,2.51,level
2008-07-30,1.59,level
2008-07-31,2.63,level
2008-08-01,3.15,level
2008-08-04,2.96,level
2008-08-05,2.7,level
2008-08-06,2.91,level
2008-08-07,1.7,level
2008-08-08,1.89,level
2008-08-11,5.02,level
2008-08-12,4.5,level
2008-08-13,2.14,level
2008-08-14,4.23,level
2008-08-15,2.46,level
2008-08-18,3.0,level
2008-08-19,2.55,level
2008-08-20,2.58,level
2008-08-21,2.01,level
2008-08-22,2.73,level
2008-08-25,2.84,level
2008-08-26,2.23,level
2008-08-27,2.64,level
2008-08-28,2.77,level
2008-08-29,3.67,level
2008-09-02,4.1,level
2008-09-03,2.98,level
2008-09-04,1.97,level
2008-09-05,3.67,level
2008-09-08,3.83,level
2008-09-09,3.57,level
2008-09-10,2.93,level
2008-09-11,1.91,level
2008-09-12,2.43,level
2008-09-15,3.4,level
2008-09-16,3.36,level
2008-09-17,2.48,level
2008-09-18,4.37,level
2008-09-19,3.96,level
2008-09-22,4.0,level
2008-09-23,2.62,level
2008-09-24,2.75,level
2008-09-25,2.56,level
2008-09-26,1.58,level
2008-09-29,1.8,level
2008-09-30,2.46,level
2008-10-01,2.02,level
2008-10-02,2.05,level
2008-10-03,2.02,level
2008-10-06,2.2,level
2008-10-07,2.32,level
2008-10-08,3.71,level
2008-10-09,3.03,level
2008-10-10,2.91,level
2008-10-13,2.44,level
2008-10-14,2.76,level
2008-10-15,2.72,level
2008-10-16,1.81,level
2008-10-17,4.9,level
2008-10-20,6.57,level
2008-10-21,3.06,level
2008-10-22,3.57,level
2008-10-23,4.08,level
2008-10-24,2.9,level
2008-10-28,3.2,level
2008-10-29,4.7,level
2008-10-30,4.4,level
2008-10-31,3.3,level
2008-11-03,1.89,level
2008-11-04,2.2,level
2008-11-05,3.56,level
2008-11-06,5.26,level
2008-11-07,4.75,level
2008-11-10,4.28,level
2008-11-11,3.57,level
2008-11-12,2.49,level
2008-11-13,3.23,level
2008-11-14,6.99,level
2008-11-17,9.88,level
2008-11-18,6.95,level
2008-11-19,4.32,level
2008-11-20,7.3,level
2008-11-21,11.23,level
2008-11-24,10.06,level
2008-11-25,8.23,level
2008-11-26,8.4,level
2008-11-27,2.65,level
2008-11-28,2.39,level
2008-12-01,5.96,level
2008-12-02,9.58,level
2008-12-03,9.13,level
2008-12-04,8.23,level
2008-12-05,6.8,level
2008-12-09,5.32,level
2008-12-10,3.88,level
2008-12-11,7.68,level
2008-12-12,4.3,level
2008-12-15,2.66,level
2008-12-18,6.83,level
2008-12-19,10.36,level
2008-12-22,11.4,level
2008-12-23,7.27,level
2008-12-24,2.31,level
2008-12-25,1.97,level
2008-12-26,2.74,level
2008-12-29,6.74,level
2008-12-30,8.21,level
2008-12-31,8.21,level
2009-01-05,8.66,level
2009-01-06,6.92,level
2009-01-08,10.16,level
2009-01-09,7.25,level
2009-01-12,5.92,level
2009-01-13,6.24,level
2009-01-14,6.99,level
2009-01-15,9.87,level
2009-01-16,10.12,level
2009-01-19,11.03,level
2009-01-20,13.66,level
2009-01-21,15.33,level
2009-01-22,12.54,level
2009-01-23,15.31,level
2009-01-26,12.52,level
2009-01-27,11.48,level
2009-01-28,17.18,level
2009-01-29,14.58,level
2009-01-30,12.57,level
2009-02-02,10.2,level
2009-02-03,11.86,level
2009-02-04,19.82,level
2009-02-05,8.94,level
2009-02-06,7.01,level
2009-02-09,4.85,level
2009-02-10,2.46,level
2009-02-11,5.05,level
2009-02-12,4.99,level
2009-02-13,7.28,level
2009-02-16,6.38,level
2009-02-17,6.56,level
2009-02-18,11.37,level
2009-02-19,8.96,level
2009-02-20,2.98,level
2009-02-23,1.91,level
2009-02-24,2.08,level
2009-02-25,2.24,level
2009-02-26,3.4,level
2009-02-27,2.63,level
2009-03-02,1.8,level
2009-03-03,2.16,level
2009-03-04,2.79,level
2009-03-05,2.06,level
2009-03-06,2.38,level
2009-03-10,2.09,level
2009-03-11,2.83,level
2009-03-12,2.11,level
2009-03-13,1.36,level
2009-03-16,1.32,level
2009-03-17,2.45,level
2009-03-18,2.51,level
2009-03-19,1.56,level
2009-03-20,1.12,level
2009-03-24,0.87,level
2009-03-25,1.01,level
2009-03-26,0.62,level
2009-03-27,0.42,level
2009-03-30,0.65,level
2009-03-31,1.37,level
2009-04-01,0.78,level
2009-04-02,0.75,level
2009-04-03,0.6,level
2009-04-06,0.36,level
2009-04-07,0.74,level
2009-04-08,1.04,level
2009-04-09,0.96,level
2009-04-10,0.45,level
2009-04-13,0.76,level
2009-04-14,1.38,level
2009-04-15,1.57,level
2009-04-16,0.99,level
2009-04-17,0.56,level
2009-04-20,0.37,level
2009-04-21,0.47,level
2009-04-22,0.3,level
2009-04-23,0.59,level
2009-04-24,0.64,level
2009-04-27,0.4,level
2009-04-28,0.59,level
2009-04-29,0.84,level
2009-04-30,0.64,level
2009-05-04,0.44,level
2009-05-05,0.28,level
2009-05-06,0.66,level
2009-05-07,0.53,level
2009-05-08,0.57,level
2009-05-12,0.58,level
2009-05-13,0.74,level
2009-05-14,0.74,level
2009-05-15,0.52,level
2009-05-18,0.99,level
2009-05-19,1.06,level
2009-05-20,1.28,level
2009-05-21,0.71,level
2009-05-22,0.6,level
2009-05-25,2.1,level
2009-05-26,1.63,level
2009-05-27,1.06,level
2009-05-28,0.77,level
2009-05-29,0.46,level
2009-06-01,1.24,level
2009-06-02,1.19,level
2009-06-03,1.29,level
2009-06-04,1.13,level
2009-06-05,0.93,level
2009-06-08,0.68,level
2009-06-09,1.21,level
2009-06-10,1.54,level
2009-06-11,1.83,level
2009-06-12,1.2,level
2009-06-15,1.67,level
2009-06-16,2.58,level
2009-06-17,2.64,level
2009-06-18,1.53,level
2009-06-19,1.19,level
2009-06-22,1.8,level
2009-06-23,1.2,level
2009-06-24,0.83,level
2009-06-25,0.89,level
2009-06-26,0.77,level
2009-06-29,0.7,level
2009-06-30,0.75,level
2009-07-01,0.88,level
2009-07-02,0.62,level
2009-07-03,0.57,level
2009-07-07,1.04,level
2009-07-08,0.9,level
2009-07-09,0.97,level
2009-07-10,0.89,level
2009-07-13,1.22,level
2009-07-14,0.95,level
2009-07-15,2.01,level
2009-07-16,2.2,level
2009-07-17,1.63,level
2009-07-20,1.88,level
2009-07-21,1.39,level
2009-07-22,1.19,level
2009-07-23,0.83,level
2009-07-24,0.41,level
2009-07-27,0.4,level
2009-07-28,0.58,level
2009-07-29,0.81,level
2009-07-30,1.21,level
2009-07-31,1.24,level
2009-08-03,0.95,level
2009-08-04,0.8,level
2009-08-05,0.76,level
2009-08-06,1.02,level
2009-08-07,1.18,level
2009-08-10,1.0,level
2009-08-11,0.74,level
2009-08-12,0.94,level
2009-08-13,0.74,level
2009-08-14,0.59,level
2009-08-17,0.54,level
2009-08-18,0.53,level
2009-08-19,0.54,level
2009-08-20,0.38,level
2009-08-21,0.53,level
2009-08-24,0.49,level
2009-08-25,0.84,level
2009-08-26,1.2,level
2009-08-27,1.09,level
2009-08-28,0.55,level
2009-09-01,0.72,level
2009-09-02,0.82,level
2009-09-03,1.06,level
2009-09-04,0.83,level
2009-09-07,0.75,level
2009-09-08,0.61,level
2009-09-09,0.82,level
2009-09-10,0.78,level
2009-09-11,0.59,level
2009-09-14,0.79,level
2009-09-15,0.76,level
2009-09-16,0.78,level
2009-09-17,0.67,level
2009-09-18,0.48,level
2009-09-21,0.74,level
2009-09-22,0.58,level
2009-09-23,0.55,level
2009-09-24,0.57,level
2009-09-25,0.45,level
2009-09-28,1.6,level
2009-09-29,0.6,level
2009-09-30,0.5,level
2009-10-01,0.7,level
2009-10-02,0.9,level
2009-10-05,0.74,level
2009-10-06,0.83,level
2009-10-07,0.51,level
2009-10-08,0.51,level
2009-10-09,0.55,level
2009-10-12,0.45,level
2009-10-13,0.61,level
2009-10-14,0.79,level
2009-10-15,0.68,level
2009-10-16,0.41,level
2009-10-19,0.4,level
2009-10-20,0.5,level
2009-10-21,0.46,level
2009-10-22,0.55,level
2009-10-23,0.49,level
2009-10-26,0.55,level
2009-10-27,0.51,level
2009-10-28,0.53,level
2009-10-29,0.59,level
2009-10-30,0.36,level
2009-11-02,0.36,level
2009-11-03,0.36,level
2009-11-04,0.3,level
2009-11-05,0.26,level
2009-11-06,0.29,level
2009-11-09,0.16,level
2009-11-10,0.16,level
2009-11-11,0.33,level
2009-11-12,0.49,level
2009-11-13,0.21,level
2009-11-16,0.21,level
2009-11-17,0.2,level
2009-11-18,0.34,level
2009-11-19,0.59,level
2009-11-20,0.52,level
2009-11-23,0.54,level
2009-11-24,0.46,level
2009-11-25,0.75,level
2009-11-26,0.4,level
2009-11-30,0.2,level
2009-12-01,0.21,level
2009-12-02,0.16,level
2009-12-03,0.12,level
2009-12-04,0.21,level
2009-12-07,0.19,level
2009-12-08,0.19,level
2009-12-09,0.27,level
2009-12-10,0.18,level
2009-12-11,0.74,level
2009-12-14,0.3,level
2009-12-15,0.29,level
2009-12-20,0.25,level
2009-12-21,0.16,level
2009-12-22,0.14,level
2009-12-23,0.13,level
2009-12-24,0.58,level
2009-12-25,0.75,level
2009-12-28,0.22,level
2009-12-29,0.13,level
2009-12-30,0.16,level
2009-12-31,0.41,level
2010-01-05,0.19,level
2010-01-06,0.13,level
2010-01-10,0.19,level
2010-01-11,0.14,level
2010-01-12,0.14,level
2010-01-13,0.14,level
2010-01-14,0.26,level
2010-01-15,0.25,level
2010-01-18,0.19,level
2010-01-19,0.16,level
2010-01-20,0.13,level
2010-01-21,0.13,level
2010-01-22,0.18,level
2010-01-25,0.16,level
2010-01-26,0.1,level
2010-01-27,0.1,level
2010-01-28,0.29,level
2010-01-29,0.13,level
2010-02-01,0.15,level
2010-02-02,0.14,level
2010-02-03,0.15,level
2010-02-04,0.14,level
2010-02-05,0.11,level
2010-02-08,0.12,level
2010-02-09,0.13,level
2010-02-10,0.12,level
2010-02-11,0.17,level
2010-02-12,0.12,level
2010-02-15,0.13,level
2010-02-16,0.11,level
2010-02-17,0.11,level
2010-02-18,0.17,level
2010-02-19,0.12,level
2010-02-22,0.1,level
2010-02-23,0.07,level
2010-02-24,0.04,level
2010-02-25,0.11,level
2010-02-26,0.05,level
2010-03-01,0.12,level
2010-03-02,0.13,level
2010-03-03,0.09,level
2010-03-04,0.11,level
2010-03-05,0.13,level
2010-03-09,0.11,level
2010-03-10,0.1,level
2010-03-11,0.11,level
2010-03-12,0.1,level
2010-03-15,0.13,level
2010-03-16,0.14,level
2010-03-17,0.13,level
2010-03-18,0.11,level
2010-03-19,0.14,level
2010-03-25,0.11,level
2010-03-26,0.05,level
2010-03-29,0.07,level
2010-03-30,0.07,level
2010-03-31,0.08,level
2010-04-01,0.08,level
2010-04-02,0.14,level
2010-04-05,0.16,level
2010-04-06,0.3,level
2010-04-07,0.27,level
2010-04-08,0.2,level
2010-04-09,0.18,level
2010-04-12,0.19,level
2010-04-13,0.2,level
2010-04-14,0.26,level
2010-04-15,0.15,level
2010-04-16,0.13,level
2010-04-19,0.13,level
2010-04-20,0.12,level
2010-04-21,0.14,level
2010-04-22,0.13,level
2010-04-23,0.14,level
2010-04-26,0.15,level
2010-04-27,0.13,level
2010-04-28,0.22,level
2010-04-29,0.16,level
2010-04-30,0.15,level
2010-05-04,0.15,level
2010-05-05,0.18,level
2010-05-06,0.27,level
2010-05-07,0.34,level
2010-05-11,0.22,level
2010-05-12,0.19,level
2010-05-13,0.21,level
2010-05-14,0.28,level
2010-05-17,0.19,level
2010-05-18,0.24,level
2010-05-19,0.23,level
2010-05-20,0.27,level
2010-05-21,0.55,level
2010-05-24,0.86,level
2010-05-25,0.93,level
2010-05-26,0.3,level
2010-05-27,0.35,level
2010-05-28,0.35,level
2010-05-31,0.31,level
2010-06-01,0.17,level
2010-06-02,0.21,level
2010-06-03,0.34,level
2010-06-04,0.17,level
2010-06-07,0.16,level
2010-06-08,0.17,level
2010-06-09,0.19,level
2010-06-10,0.2,level
2010-06-11,0.14,level
2010-06-14,0.21,level
2010-06-15,0.25,level
2010-06-16,0.25,level
2010-06-17,0.25,level
2010-06-18,0.36,level
2010-06-21,0.21,level
2010-06-22,0.23,level
2010-06-23,0.21,level
2010-06-24,0.35,level
2010-06-25,0.32,level
2010-06-28,0.24,level
2010-06-29,0.19,level
2010-06-30,0.43,level
2010-07-01,0.31,level
2010-07-02,0.21,level
2010-07-03,0.21,level
2010-07-07,0.2,level
2010-07-08,0.21,level
2010-07-09,0.26,level
2010-07-12,0.22,level
2010-07-13,0.22,level
2010-07-14,0.21,level
2010-07-15,0.18,level
2010-07-16,0.11,level
2010-07-19,0.2,level
2010-07-20,0.24,level
2010-07-21,0.27,level
2010-07-22,0.26,level
2010-07-23,0.76,level
2010-07-26,0.28,level
2010-07-27,0.22,level
2010-07-28,0.35,level
2010-07-29,0.32,level
2010-07-30,0.23,level
2010-08-02,0.23,level
2010-08-03,0.23,level
2010-08-04,0.24,level
2010-08-05,0.22,level
2010-08-06,0.2,level
2010-08-09,0.21,level
2010-08-10,0.21,level
2010-08-11,0.26,level
2010-08-12,0.24,level
2010-08-13,0.22,level
2010-08-16,0.2,level
2010-08-17,0.23,level
2010-08-18,0.22,level
2010-08-19,0.18,level
2010-08-20,0.09,level
2010-08-23,0.11,level
2010-08-24,1.5,level
2010-08-25,2.81,level
2010-08-26,2.03,level
2010-08-27,0.21,level
2010-08-31,0.16,level
2010-09-01,0.25,level
2010-09-02,0.28,level
2010-09-03,0.2,level
2010-09-06,0.22,level
2010-09-07,0.37,level
2010-09-08,0.2,level
2010-09-09,0.23,level
2010-09-10,0.19,level
2010-09-13,0.28,level
2010-09-14,0.37,level
2010-09-15,0.31,level
2010-09-16,0.43,level
2010-09-17,0.43,level
2010-09-20,0.26,level
2010-09-21,0.28,level
2010-09-22,0.15,level
2010-09-23,0.13,level
2010-09-24,0.27,level
2010-09-27,0.19,level
2010-09-28,0.31,level
2010-09-29,0.22,level
2010-09-30,0.32,level
2010-10-01,0.34,level
2010-10-04,0.35,level
2010-10-05,0.57,level
2010-10-06,0.54,level
2010-10-07,0.54,level
2010-10-08,0.36,level
2010-10-11,0.36,level
2010-10-12,0.42,level
2010-10-13,0.43,level
2010-10-14,0.44,level
2010-10-15,0.31,level
2010-10-18,0.2,level
2010-10-19,0.26,level
2010-10-20,0.21,level
2010-10-21,0.35,level
2010-10-22,0.17,level
2010-10-25,0.22,level
2010-10-26,0.22,level
2010-10-27,0.29,level
2010-10-28,0.28,level
2010-10-29,0.25,level
2010-11-01,0.27,level
2010-11-03,0.34,level
2010-11-04,0.31,level
2010-11-05,0.27,level
2010-11-08,0.2,level
2010-11-09,0.17,level
2010-11-10,0.18,level
2010-11-11,0.17,level
2010-11-12,0.17,level
2010-11-15,0.17,level
2010-11-17,0.16,level
2010-11-18,0.16,level
2010-11-19,0.14,level
2010-11-22,0.17,level
2010-11-24,0.36,level
2010-11-25,0.25,level
2010-11-26,0.26,level
2010-11-29,0.18,level
2010-11-30,0.17,level
2010-12-01,0.17,level
2010-12-02,0.16,level
2010-12-03,0.15,level
2010-12-06,0.16,level
2010-12-07,0.22,level
2010-12-08,0.2,level
2010-12-09,0.2,level
2010-12-10,0.22,level
2010-12-13,0.31,level
2010-12-14,0.3,level
2010-12-15,0.31,level
2010-12-20,0.2,level
2010-12-21,0.27,level
2010-12-22,0.33,level
2010-12-23,0.33,level
2010-12-24,0.31,level
2010-12-27,0.22,level
2010-12-28,0.2,level
2010-12-29,0.24,level
2010-12-30,0.11,level
2010-12-31,0.17,level
2011-01-05,0.26,level
2011-01-06,0.31,level
2011-01-10,0.33,level
2011-01-11,0.22,level
2011-01-12,0.21,level
2011-01-13,0.19,level
2011-01-14,0.24,level
2011-01-17,0.29,level
2011-01-18,0.39,level
2011-01-19,0.31,level
2011-01-20,0.22,level
2011-01-21,0.1,level
2011-01-24,0.23,level
2011-01-25,0.18,level
2011-01-26,0.2,level
2011-01-27,0.28,level
2011-01-28,0.18,level
2011-01-31,0.21,level
2011-02-01,0.24,level
2011-02-02,0.19,level
2011-02-03,0.18,level
2011-02-04,0.19,level
2011-02-07,0.17,level
2011-02-08,0.11,level
2011-02-09,0.1,level
2011-02-10,0.15,level
2011-02-11,0.11,level
2011-02-14,0.1,level
2011-02-15,0.1,level
2011-02-16,0.19,level
2011-02-17,0.33,level
2011-02-18,0.24,level
2011-02-21,0.17,level
2011-02-22,0.1,level
2011-02-23,0.13,level
2011-02-24,0.34,level
2011-02-25,0.14,level
2011-02-28,0.17,level
2011-03-01,0.16,level
2011-03-02,0.18,level
2011-03-03,0.14,level
2011-03-04,0.1,level
2011-03-05,0.12,level
2011-03-09,0.2,level
2011-03-10,0.19,level
2011-03-11,0.15,level
2011-03-14,0.19,level
2011-03-15,0.21,level
2011-03-16,0.22,level
2011-03-17,0.28,level
2011-03-18,0.33,level
2011-03-24,0.12,level
2011-03-25,0.08,level
2011-03-28,0.07,level
2011-03-29,0.25,level
2011-03-30,0.13,level
2011-03-31,0.06,level
2011-04-01,0.09,level
2011-04-04,0.18,level
2011-04-05,0.31,level
2011-04-06,0.14,level
2011-04-07,0.15,level
2011-04-08,0.1,level
2011-04-11,0.09,level
2011-04-12,0.08,level
2011-04-13,0.11,level
2011-04-14,0.13,level
2011-04-15,0.17,level
2011-04-18,0.13,level
2011-04-19,0.12,level
2011-04-20,0.1,level
2011-04-21,0.09,level
2011-04-22,0.08,level
2011-04-25,0.14,level
2011-04-26,0.09,level
2011-04-27,0.21,level
2011-04-28,0.08,level
2011-04-29,0.08,level
2011-05-03,0.11,level
2011-05-04,0.08,level
2011-05-05,0.12,level
2011-05-06,0.06,level
2011-05-10,0.13,level
2011-05-11,0.19,level
2011-05-12,0.14,level
2011-05-13,0.08,level
2011-05-16,0.32,level
2011-05-17,0.28,level
2011-05-18,0.22,level
2011-05-19,0.11,level
2011-05-20,0.15,level
2011-05-23,0.36,level
2011-05-24,0.54,level
2011-05-25,1.56,level
2011-05-26,1.75,level
2011-05-27,1.77,level
2011-05-30,0.13,level
2011-05-31,0.15,level
2011-06-01,0.19,level
2011-06-02,0.19,level
2011-06-03,0.15,level
2011-06-06,0.15,level
2011-06-07,0.09,level
2011-06-08,0.18,level
2011-06-09,0.21,level
2011-06-10,0.2,level
2011-06-13,0.15,level
2011-06-14,0.17,level
2011-06-15,0.35,level
2011-06-16,0.18,level
2011-06-17,0.22,level
2011-06-20,0.19,level
2011-06-21,0.18,level
2011-06-22,0.12,level
2011-06-23,0.12,level
2011-06-24,0.12,level
2011-06-27,0.12,level
2011-06-28,0.24,level
2011-06-29,0.11,level
2011-06-30,0.13,level
2011-07-01,0.13,level
2011-07-04,0.19,level
2011-07-05,0.47,level
2011-07-07,0.18,level
2011-07-08,0.1,level
2011-07-11,0.11,level
2011-07-12,0.16,level
2011-07-13,0.22,level
2011-07-14,0.19,level
2011-07-15,0.13,level
2011-07-18,0.11,level
2011-07-19,0.14,level
2011-07-20,0.27,level
2011-07-21,0.32,level
2011-07-22,0.18,level
2011-07-25,0.1,level
2011-07-26,0.13,level
2011-07-27,0.15,level
2011-07-28,0.07,level
2011-07-29,0.22,level
2011-08-01,0.13,level
2011-08-02,0.26,level
2011-08-03,0.15,level
2011-08-04,0.34,level
2011-08-05,0.2,level
2011-08-08,0.51,level
2011-08-09,2.37,level
2011-08-10,4.69,level
2011-08-11,2.7,level
2011-08-12,0.72,level
2011-08-15,0.32,level
2011-08-16,0.71,level
2011-08-17,0.97,level
2011-08-18,1.31,level
2011-08-19,0.68,level
2011-08-22,0.35,level
2011-08-23,0.45,level
2011-08-24,1.21,level
2011-08-25,1.58,level
2011-08-26,0.82,level
2011-08-27,0.23,level
2011-08-31,0.4,level
2011-09-01,0.4,level
2011-09-02,0.12,level
2011-09-05,0.12,level
2011-09-06,0.12,level
2011-09-07,0.2,level
2011-09-08,0.27,level
2011-09-09,0.11,level
2011-09-12,0.12,level
2011-09-13,0.12,level
2011-09-14,0.14,level
2011-09-15,0.11,level
2011-09-16,0.08,level
2011-09-19,0.09,level
2011-09-20,0.13,level
2011-09-21,0.1,level
2011-09-22,0.37,level
2011-09-23,1.46,level
2011-09-26,2.56,level
2011-09-27,1.66,level
2011-09-28,0.44,level
2011-09-29,0.12,level
2011-09-30,0.44,level
2011-10-03,0.75,level
2011-10-04,1.0,level
2011-10-05,2.69,level
2011-10-06,2.49,level
2011-10-07,2.66,level
2011-10-10,0.75,level
2011-10-11,0.68,level
2011-10-12,0.74,level
2011-10-13,1.75,level
2011-10-14,1.91,level
2011-10-17,1.21,level
2011-10-18,1.62,level
2011-10-19,1.77,level
2011-10-20,0.71,level
2011-10-21,0.39,level
2011-10-24,0.34,level
2011-10-25,0.12,level
2011-10-26,0.12,level
2011-10-27,0.67,level
2011-10-28,0.08,level
2011-10-31,0.25,level
2011-11-01,0.15,level
2011-11-02,0.12,level
2011-11-03,0.19,level
2011-11-04,0.1,level
2011-11-07,0.06,level
2011-11-08,0.1,level
2011-11-09,0.09,level
2011-11-10,0.17,level
2011-11-11,0.07,level
2011-11-14,0.06,level
2011-11-15,0.1,level
2011-11-16,0.09,level
2011-11-17,0.09,level
2011-11-18,0.12,level
2011-11-21,0.11,level
2011-11-22,1.28,level
2011-11-23,1.32,level
2011-11-24,6.87,level
2011-11-25,5.94,level
2011-11-28,3.53,level
2011-11-29,0.99,level
2011-11-30,0.09,level
2011-12-01,0.1,level
2011-12-02,0.09,level
2011-12-05,0.09,level
2011-12-06,0.09,level
2011-12-07,0.07,level
2011-12-08,0.04,level
2011-12-09,0.03,level
2011-12-12,0.11,level
2011-12-13,0.06,level
2011-12-14,0.55,level
2011-12-15,0.13,level
2011-12-20,0.15,level
2011-12-21,0.19,level
2011-12-22,0.45,level
2011-12-23,0.3,level
2011-12-26,0.14,level
2011-12-27,0.03,level
2011-12-28,1.08,level
2011-12-29,1.21,level
2011-12-30,0.94,level
2012-01-04,0.35,level
2012-01-05,0.09,level
2012-01-06,0.09,level
2012-01-09,0.06,level
2012-01-10,0.07,level
2012-01-11,0.06,level
2012-01-12,0.06,level
2012-01-13,0.05,level
2012-01-16,0.09,level
2012-01-17,0.14,level
2012-01-18,0.1,level
2012-01-19,0.08,level
2012-01-20,0.07,level
2012-01-23,0.06,level
2012-01-24,0.06,level
2012-01-25,0.06,level
2012-01-26,0.05,level
2012-01-27,0.42,level
2012-01-30,0.12,level
2012-01-31,0.09,level
2012-02-01,0.12,level
2012-02-02,0.13,level
2012-02-03,0.05,level
2012-02-06,0.08,level
2012-02-07,0.08,level
2012-02-08,0.17,level
2012-02-09,0.1,level
2012-02-10,0.07,level
2012-02-13,0.06,level
2012-02-14,0.08,level
2012-02-15,0.07,level
2012-02-16,0.1,level
2012-02-17,0.1,level
2012-02-20,0.1,level
2012-02-21,0.15,level
2012-02-22,0.09,level
2012-02-23,0.17,level
2012-02-24,0.32,level
2012-02-27,1.53,level
2012-02-28,0.16,level
2012-02-29,0.08,level
2012-03-01,0.1,level
2012-03-02,0.12,level
2012-03-05,0.08,level
2012-03-06,0.27,level
2012-03-07,0.17,level
2012-03-11,0.17,level
2012-03-12,0.26,level
2012-03-13,0.14,level
2012-03-14,0.13,level
2012-03-15,0.12,level
2012-03-16,0.06,level
2012-03-19,0.06,level
2012-03-20,0.11,level
2012-03-26,0.06,level
2012-03-27,0.03,level
2012-03-28,0.3,level
2012-03-29,0.11,level
2012-03-30,0.05,level
2012-04-02,0.03,level
2012-04-03,0.03,level
2012-04-04,0.14,level
2012-04-05,0.06,level
2012-04-06,0.14,level
2012-04-09,0.05,level
2012-04-10,0.31,level
2012-04-11,0.31,level
2012-04-12,0.78,level
2012-04-13,0.27,level
2012-04-16,0.07,level
2012-04-17,0.38,level
2012-04-18,0.18,level
2012-04-19,0.11,level
2012-04-20,0.05,level
2012-04-23,0.04,level
2012-04-24,0.05,level
2012-04-25,0.04,level
2012-04-26,0.47,level
2012-04-27,0.14,level
2012-04-28,0.25,level
2012-05-02,0.12,level
2012-05-03,0.23,level
2012-05-04,0.1,level
2012-05-07,0.09,level
2012-05-08,0.1,level
2012-05-10,0.1,level
2012-05-11,0.09,level
2012-05-14,0.15,level
2012-05-15,0.12,level
2012-05-16,0.16,level
2012-05-17,0.26,level
2012-05-18,0.07,level
2012-05-21,0.16,level
2012-05-22,0.72,level
2012-05-23,5.37,level
2012-05-24,9.62,level
2012-05-25,2.44,level
2012-05-28,0.49,level
2012-05-29,2.14,level
2012-05-30,0.14,level
2012-05-31,0.1,level
2012-06-01,0.14,level
2012-06-04,0.39,level
2012-06-05,0.64,level
2012-06-06,0.74,level
2012-06-07,0.51,level
2012-06-08,0.65,level
2012-06-11,0.88,level
2012-06-12,0.96,level
2012-06-13,0.86,level
2012-06-14,0.37,level
2012-06-15,0.12,level
2012-06-18,0.31,level
2012-06-19,0.26,level
2012-06-20,0.44,level
2012-06-21,0.46,level
2012-06-22,0.42,level
2012-06-25,0.35,level
2012-06-26,0.24,level
2012-06-27,2.43,level
2012-06-28,0.24,level
2012-06-29,0.23,level
2012-07-02,0.32,level
2012-07-03,0.48,level
2012-07-04,0.57,level
2012-07-05,0.38,level
2012-07-09,0.61,level
2012-07-10,0.78,level
2012-07-11,0.44,level
2012-07-12,0.33,level
2012-07-13,0.28,level
2012-07-16,0.12,level
2012-07-17,0.46,level
2012-07-18,0.39,level
2012-07-19,0.26,level
2012-07-20,0.17,level
2012-07-23,0.26,level
2012-07-24,0.21,level
2012-07-25,0.13,level
2012-07-26,0.07,level
2012-07-27,1.27,level
2012-07-30,0.39,level
2012-07-31,0.27,level
2012-08-01,0.3,level
2012-08-02,0.33,level
2012-08-03,0.25,level
2012-08-06,0.29,level
2012-08-07,0.24,level
2012-08-08,0.25,level
2012-08-09,0.52,level
2012-08-10,0.4,level
2012-08-13,0.38,level
2012-08-14,0.66,level
2012-08-15,0.58,level
2012-08-16,0.39,level
2012-08-17,0.63,level
2012-08-20,0.45,level
2012-08-21,0.79,level
2012-08-22,2.08,level
2012-08-23,9.07,level
2012-08-24,6.3,level
2012-08-27,13.15,level
2012-08-28,4.67,level
2012-08-29,0.49,level
2012-08-31,0.7,level
2012-09-03,0.92,level
2012-09-04,1.81,level
2012-09-05,2.95,level
2012-09-06,1.41,level
2012-09-07,0.44,level
2012-09-10,0.27,level
2012-09-11,0.16,level
2012-09-12,0.2,level
2012-09-13,0.1,level
2012-09-14,0.25,level
2012-09-17,0.55,level
2012-09-18,0.47,level
2012-09-19,0.54,level
2012-09-20,0.47,level
2012-09-21,0.4,level
2012-09-24,0.75,level
2012-09-25,1.16,level
2012-09-26,3.28,level
2012-09-27,1.26,level
2012-09-28,0.86,level
2012-10-01,0.86,level
2012-10-02,0.82,level
2012-10-03,0.47,level
2012-10-04,0.56,level
2012-10-05,0.52,level
2012-10-08,0.43,level
2012-10-09,1.52,level
2012-10-10,2.45,level
2012-10-11,6.89,level
2012-10-12,4.26,level
2012-10-15,3.09,level
2012-10-16,1.71,level
2012-10-17,1.6,level
2012-10-18,1.64,level
2012-10-19,1.55,level
2012-10-22,1.75,level
2012-10-23,1.05,level
2012-10-24,0.85,level
2012-10-25,0.75,level
2012-10-29,0.87,level
2012-10-30,1.83,level
2012-10-31,0.5,level
2012-11-01,0.23,level
2012-11-02,0.15,level
2012-11-05,0.34,level
2012-11-06,0.16,level
2012-11-07,0.17,level
2012-11-08,0.26,level
2012-11-09,0.18,level
2012-11-12,0.35,level
2012-11-13,0.2,level
2012-11-14,0.22,level
2012-11-15,0.24,level
2012-11-16,0.17,level
2012-11-19,0.19,level
2012-11-20,0.22,level
2012-11-21,0.41,level
2012-11-22,1.58,level
2012-11-23,4.82,level
2012-11-26,5.53,level
2012-11-27,3.89,level
2012-11-28,3.34,level
2012-11-29,5.07,level
2012-11-30,4.4,level
2012-12-04,3.35,level
2012-12-05,3.38,level
2012-12-06,1.47,level
2012-12-07,2.05,level
2012-12-10,1.21,level
2012-12-11,1.11,level
2012-12-12,1.04,level
2012-12-13,1.09,level
2012-12-14,2.13,level
2012-12-19,2.46,level
2012-12-20,1.15,level
2012-12-21,1.58,level
2012-12-24,1.18,level
2012-12-25,1.16,level
2012-12-26,1.32,level
2012-12-27,5.01,level
2012-12-28,1.89,level
2012-12-29,1.55,level
2013-01-03,1.47,level
2013-01-04,0.72,level
2013-01-08,0.24,level
2013-01-09,0.21,level
2013-01-10,0.14,level
2013-01-11,0.11,level
2013-01-14,0.09,level
2013-01-15,0.08,level
2013-01-16,0.1,level
2013-01-17,0.16,level
2013-01-18,0.19,level
2013-01-21,0.22,level
2013-01-22,0.29,level
2013-01-23,0.31,level
2013-01-24,0.47,level
2013-01-25,0.17,level
2013-01-28,0.18,level
2013-01-29,1.31,level
2013-01-30,0.53,level
2013-01-31,0.07,level
2013-02-01,0.1,level
2013-02-04,0.26,level
2013-02-05,0.32,level
2013-02-06,0.32,level
2013-02-07,0.47,level
2013-02-08,0.15,level
2013-02-11,0.21,level
2013-02-12,0.4,level
2013-02-13,0.48,level
2013-02-14,0.39,level
2013-02-15,0.26,level
2013-02-18,0.26,level
2013-02-19,0.32,level
2013-02-20,0.35,level
2013-02-21,0.61,level
2013-02-22,0.75,level
2013-02-25,3.6,level
2013-02-26,8.14,level
2013-02-27,0.9,level
2013-02-28,0.35,level
2013-03-01,0.41,level
2013-03-04,0.41,level
2013-03-05,0.41,level
2013-03-06,0.36,level
2013-03-07,0.26,level
2013-03-11,0.28,level
2013-03-12,0.09,level
2013-03-13,0.01,level
2013-03-14,0.08,level
2013-03-15,0.2,level
2013-03-18,0.12,level
2013-03-19,0.11,level
2013-03-20,0.12,level
2013-03-26,0.11,level
2013-03-27,0.12,level
2013-03-28,0.13,level
2013-03-29,0.12,level
2013-04-01,0.11,level
2013-04-02,0.11,level
2013-04-03,0.1,level
2013-04-04,0.11,level
2013-04-05,0.12,level
2013-04-08,0.12,level
2013-04-09,0.12,level
2013-04-10,0.12,level
2013-04-11,0.1,level
2013-04-12,0.12,level
2013-04-15,0.11,level
2013-04-16,0.1,level
2013-04-17,0.13,level
2013-04-18,0.11,level
2013-04-19,0.11,level
2013-04-22,0.12,level
2013-04-23,0.11,level
2013-04-24,0.23,level
2013-04-25,1.43,level
2013-04-26,2.07,level
2013-04-29,0.39,level
2013-04-30,0.11,level
2013-05-02,0.11,level
2013-05-03,0.11,level
2013-05-04,0.12,level
2013-05-06,0.12,level
2013-05-08,0.12,level
2013-05-13,0.13,level
2013-05-14,0.13,level
2013-05-15,0.1,level
2013-05-16,0.12,level
2013-05-17,0.11,level
2013-05-20,0.4,level
2013-05-21,0.14,level
2013-05-22,0.1,level
2013-05-23,3.68,level
2013-05-24,6.25,level
2013-05-27,2.07,level
2013-05-28,2.14,level
2013-05-29,3.71,level
2013-05-30,1.01,level
2013-05-31,2.19,level
2013-06-03,3.34,level
2013-06-04,2.6,level
2013-06-05,2.42,level
2013-06-06,2.84,level
2013-06-07,2.25,level
2013-06-10,1.83,level
2013-06-11,1.7,level
2013-06-12,1.93,level
2013-06-13,2.06,level
2013-06-14,2.13,level
2013-06-17,1.81,level
2013-06-18,1.47,level
2013-06-19,1.3,level
2013-06-20,0.44,level
2013-06-21,0.12,level
2013-06-24,0.23,level
2013-06-25,0.19,level
2013-06-26,0.24,level
2013-06-27,0.11,level
2013-06-28,0.21,level
2013-07-01,0.1,level
2013-07-02,0.12,level
2013-07-03,0.11,level
2013-07-04,0.11,level
2013-07-05,0.27,level
2013-07-09,0.43,level
2013-07-10,0.25,level
2013-07-11,0.34,level
2013-07-12,0.39,level
2013-07-15,0.38,level
2013-07-16,0.4,level
2013-07-17,0.4,level
2013-07-18,0.17,level
2013-07-19,0.36,level
2013-07-22,1.18,level
2013-07-23,2.09,level
2013-07-24,5.08,level
2013-07-25,6.54,level
2013-07-26,5.21,level
2013-07-29,8.07,level
2013-07-30,4.89,level
2013-07-31,1.47,level
2013-08-01,1.37,level
2013-08-02,3.24,level
2013-08-05,9.77,level
2013-08-06,10.26,level
2013-08-07,4.5,level
2013-08-08,1.79,level
2013-08-09,1.59,level
2013-08-12,2.05,level
2013-08-13,0.88,level
2013-08-14,0.5,level
2013-08-15,0.54,level
2013-08-16,1.21,level
2013-08-19,0.61,level
2013-08-20,1.04,level
2013-08-21,0.55,level
2013-08-22,4.38,level
2013-08-23,17.37,level
2013-08-26,12.11,level
2013-08-27,13.34,level
2013-08-28,5.93,level
2013-08-29,2.43,level
2013-09-02,11.75,level
2013-09-03,11.66,level
2013-09-04,10.37,level
2013-09-05,4.41,level
2013-09-06,0.91,level
2013-09-09,0.71,level
2013-09-10,0.88,level
2013-09-11,1.19,level
2013-09-12,0.45,level
2013-09-13,0.24,level
2013-09-16,0.37,level
2013-09-17,0.35,level
2013-09-18,0.6,level
2013-09-19,0.14,level
2013-09-20,0.07,level
2013-09-23,0.07,level
2013-09-24,0.08,level
2013-09-25,0.49,level
2013-09-26,0.29,level
2013-09-27,0.25,level
2013-09-30,0.38,level
2013-10-01,0.16,level
2013-10-02,0.26,level
2013-10-03,0.29,level
2013-10-04,0.48,level
2013-10-07,0.74,level
2013-10-08,2.43,level
2013-10-09,4.57,level
2013-10-10,14.76,level
2013-10-11,8.19,level
2013-10-12,2.43,level
2013-10-16,2.04,level
2013-10-17,2.92,level
2013-10-18,1.58,level
2013-10-21,3.64,level
2013-10-22,3.56,level
2013-10-23,3.47,level
2013-10-24,3.59,level
2013-10-25,4.27,level
2013-10-28,2.75,level
2013-10-29,1.67,level
2013-10-30,1.96,level
2013-10-31,1.35,level
2013-11-01,0.74,level
2013-11-04,0.56,level
2013-11-05,0.41,level
2013-11-06,0.41,level
2013-11-07,0.7,level
2013-11-08,0.28,level
2013-11-11,0.64,level
2013-11-12,0.49,level
2013-11-13,0.71,level
2013-11-14,0.29,level
2013-11-15,0.42,level
2013-11-18,0.67,level
2013-11-19,1.95,level
2013-11-20,2.44,level
2013-11-21,4.79,level
2013-11-22,8.89,level
2013-11-25,25.85,level
2013-11-26,7.01,level
2013-11-27,5.17,level
2013-11-28,3.3,level
2013-11-29,0.78,level
2013-12-03,1.51,level
2013-12-04,3.43,level
2013-12-05,2.39,level
2013-12-06,0.89,level
2013-12-09,0.79,level
2013-12-10,1.21,level
2013-12-11,0.38,level
2013-12-12,1.42,level
2013-12-13,1.24,level
2013-12-18,3.57,level
2013-12-19,2.32,level
2013-12-20,1.93,level
2013-12-23,0.67,level
2013-12-24,0.79,level
2013-12-25,1.06,level
2013-12-26,2.78,level
2013-12-27,2.48,level
2013-12-28,2.14,level
2013-12-30,0.6,level
2013-12-31,1.59,level
2014-01-06,0.93,level
2014-01-08,0.71,level
2014-01-09,0.17,level
2014-01-10,0.1,level
2014-01-13,0.1,level
2014-01-14,0.07,level
2014-01-15,0.13,level
2014-01-16,1.35,level
2014-01-17,1.52,level
2014-01-20,0.46,level
2014-01-21,3.32,level
2014-01-22,3.02,level
2014-01-23,4.52,level
2014-01-24,2.74,level
2014-01-27,1.93,level
2014-01-28,2.27,level
2014-01-29,3.25,level
2014-01-30,1.92,level
2014-01-31,2.09,level
2014-02-03,2.65,level
2014-02-04,1.03,level
2014-02-05,1.51,level
2014-02-06,1.2,level
2014-02-07,1.07,level
2014-02-10,1.06,level
2014-02-11,6.41,level
2014-02-12,2.46,level
2014-02-13,1.19,level
2014-02-14,0.51,level
2014-02-17,0.96,level
2014-02-18,0.64,level
2014-02-19,0.98,level
2014-02-20,0.44,level
2014-02-21,1.06,level
2014-02-24,4.09,level
2014-02-25,4.98,level
2014-02-26,3.96,level
2014-02-27,12.22,level
2014-02-28,14.17,level
2014-03-03,15.08,level
2014-03-04,50.88,level
2014-03-05,71.65,level
2014-03-06,32.1,level
2014-03-07,15.59,level
2014-03-11,17.57,level
2014-03-12,25.73,level
2014-03-13,23.78,level
2014-03-14,33.28,level
2014-03-17,20.2,level
2014-03-18,19.54,level
2014-03-19,12.7,level
2014-03-20,1.5,level
2014-03-26,1.84,level
2014-03-27,3.18,level
2014-03-28,1.62,level
2014-03-31,0.94,level
2014-04-01,0.26,level
2014-04-02,0.41,level
2014-04-03,0.24,level
2014-04-04,0.3,level
2014-04-07,0.51,level
2014-04-08,0.49,level
2014-04-09,1.38,level
2014-04-10,1.02,level
2014-04-11,0.67,level
2014-04-14,1.17,level
2014-04-15,1.66,level
2014-04-16,0.65,level
2014-04-17,1.12,level
2014-04-18,0.71,level
2014-04-21,0.68,level
2014-04-22,0.45,level
2014-04-23,0.29,level
2014-04-24,0.77,level
2014-04-25,0.4,level
2014-04-28,1.03,level
2014-04-29,0.4,level
2014-04-30,0.31,level
2014-05-04,0.22,level
2014-05-05,0.79,level
2014-05-06,0.44,level
2014-05-11,0.62,level
2014-05-12,0.62,level
2014-05-13,0.69,level
2014-05-14,0.38,level
2014-05-15,0.51,level
2014-05-16,1.08,level
2014-05-19,0.65,level
2014-05-20,0.43,level
2014-05-21,0.19,level
2014-05-22,0.21,level
2014-05-23,2.22,level
2014-05-26,1.44,level
2014-05-27,0.55,level
2014-05-28,0.49,level
2014-05-29,0.32,level
2014-05-30,0.55,level
2014-06-02,0.33,level
2014-06-03,0.85,level
2014-06-04,0.55,level
2014-06-05,0.82,level
2014-06-06,0.54,level
2014-06-09,0.54,level
2014-06-10,1.15,level
2014-06-11,0.54,level
2014-06-12,0.65,level
2014-06-13,0.79,level
2014-06-16,1.53,level
2014-06-17,0.83,level
2014-06-18,0.67,level
2014-06-19,0.47,level
2014-06-20,1.02,level
2014-06-23,1.18,level
2014-06-24,0.8,level
2014-06-25,0.83,level
2014-06-26,0.53,level
2014-06-27,0.73,level
2014-06-30,0.68,level
2014-07-01,0.76,level
2014-07-02,1.12,level
2014-07-03,2.88,level
2014-07-04,2.45,level
2014-07-08,0.76,level
2014-07-09,0.83,level
2014-07-10,0.61,level
2014-07-11,3.01,level
2014-07-14,5.21,level
2014-07-15,1.62,level
2014-07-16,0.22,level
2014-07-17,0.69,level
2014-07-18,0.87,level
2014-07-21,0.51,level
2014-07-22,0.82,level
2014-07-23,0.79,level
2014-07-24,1.74,level
2014-07-25,0.48,level
2014-07-28,0.58,level
2014-07-29,0.33,level
2014-07-30,1.87,level
2014-07-31,3.88,level
2014-08-01,3.18,level
2014-08-04,1.81,level
2014-08-05,1.42,level
2014-08-06,2.34,level
2014-08-07,1.73,level
2014-08-08,3.26,level
2014-08-11,3.17,level
2014-08-12,3.75,level
2014-08-13,3.06,level
2014-08-14,1.54,level
2014-08-15,1.24,level
2014-08-18,1.07,level
2014-08-19,0.63,level
2014-08-20,0.78,level
2014-08-21,1.22,level
2014-08-22,2.49,level
2014-08-25,3.88,level
2014-08-26,4.47,level
2014-08-27,3.08,level
2014-08-28,1.44,level
2014-08-29,2.42,level
2014-09-02,1.2,level
2014-09-03,0.59,level
2014-09-04,0.55,level
2014-09-05,0.36,level
2014-09-08,0.32,level
2014-09-09,0.67,level
2014-09-10,0.71,level
2014-09-11,0.35,level
2014-09-12,0.24,level
2014-09-15,0.23,level
2014-09-16,0.16,level
2014-09-17,0.17,level
2014-09-18,0.49,level
2014-09-19,0.22,level
2014-09-22,0.14,level
2014-09-23,0.72,level
2014-09-24,0.78,level
2014-09-25,0.97,level
2014-09-26,0.87,level
2014-09-29,1.69,level
2014-09-30,1.0,level
2014-10-01,1.38,level
2014-10-02,1.0,level
2014-10-03,0.96,level
2014-10-06,1.12,level
2014-10-07,1.25,level
2014-10-08,1.71,level
2014-10-09,2.4,level
2014-10-10,2.36,level
2014-10-13,2.11,level
2014-10-14,4.51,level
2014-10-15,8.04,level
2014-10-16,24.28,level
2014-10-17,5.7,level
2014-10-20,5.33,level
2014-10-21,13.33,level
2014-10-22,15.28,level
2014-10-23,23.66,level
2014-10-24,9.34,level
2014-10-27,1.27,level
2014-10-28,2.42,level
2014-10-29,4.07,level
2014-10-30,3.92,level
2014-10-31,3.59,level
2014-11-03,3.79,level
2014-11-04,2.9,level
2014-11-05,2.68,level
2014-11-06,3.07,level
2014-11-07,2.46,level
2014-11-10,3.72,level
2014-11-11,4.38,level
2014-11-12,4.22,level
2014-11-13,5.06,level
2014-11-14,6.56,level
2014-11-17,7.44,level
2014-11-18,12.86,level
2014-11-19,10.6,level
2014-11-20,8.11,level
2014-11-21,9.15,level
2014-11-24,16.87,level
2014-11-25,6.57,level
2014-11-26,3.99,level
2014-11-27,4.99,level
2014-11-28,4.04,level
2014-12-02,13.08,level
2014-12-03,32.43,level
2014-12-04,42.46,level
2014-12-05,35.44,level
2014-12-08,40.03,level
2014-12-09,45.72,level
2014-12-10,44.71,level
2014-12-11,41.39,level
2014-12-12,50.07,level
2014-12-15,51.47,level
2014-12-18,70.78,level
2014-12-19,97.21,level
2014-12-22,56.64,level
2014-12-23,40.75,level
2014-12-24,35.34,level
2014-12-25,30.12,level
2014-12-26,29.24,level
2014-12-29,29.41,level
2014-12-30,26.61,level
2014-12-31,16.62,level
2015-01-05,14.8,level
2015-01-06,13.79,level
2015-01-08,14.35,level
2015-01-09,14.66,level
2015-01-12,14.94,level
2015-01-13,14.95,level
2015-01-14,14.99,level
2015-01-15,14.99,level
2015-01-16,14.97,level
2015-01-19,15.09,level
2015-01-20,15.08,level
2015-01-21,15.06,level
2015-01-22,15.02,level
2015-01-23,15.15,level
2015-01-26,15.41,level
2015-01-27,15.72,level
2015-01-28,15.5,level
2015-01-29,15.29,level
2015-01-30,15.19,level
2015-02-02,15.06,level
2015-02-03,14.86,level
2015-02-04,15.01,level
2015-02-05,14.82,level
2015-02-06,14.94,level
2015-02-09,14.96,level
2015-02-10,14.99,level
2015-02-11,14.99,level
2015-02-12,15.17,level
2015-02-13,15.09,level
2015-02-16,14.89,level
2015-02-17,14.56,level
2015-02-18,14.69,level
2015-02-19,14.86,level
2015-02-20,14.98,level
2015-02-23,14.37,level
2015-02-24,14.9,level
2015-02-25,15.0,level
2015-02-26,15.02,level
2015-02-27,14.82,level
2015-03-02,14.83,level
2015-03-03,14.97,level
2015-03-04,14.99,level
2015-03-05,14.98,level
2015-03-06,14.54,level
2015-03-10,15.01,level
2015-03-11,14.04,level
2015-03-12,13.9,level
2015-03-13,13.67,level
2015-03-16,14.01,level
2015-03-17,14.0,level
2015-03-18,14.0,level
2015-03-19,14.07,level
2015-03-20,14.02,level
2015-03-26,13.97,level
2015-03-27,14.16,level
2015-03-30,13.71,level
2015-03-31,13.29,level
2015-04-01,12.93,level
2015-04-02,13.04,level
2015-04-03,10.69,level
2015-04-06,9.89,level
2015-04-07,7.16,level
2015-04-08,3.68,level
2015-04-09,3.73,level
2015-04-10,5.62,level
2015-04-13,7.59,level
2015-04-14,6.95,level
2015-04-15,5.89,level
2015-04-16,6.48,level
2015-04-17,7.45,level
2015-04-20,12.32,level
2015-04-21,10.43,level
2015-04-22,9.94,level
2015-04-23,12.13,level
2015-04-24,12.4,level
2015-04-27,13.21,level
2015-04-28,13.28,level
2015-04-29,13.2,level
2015-04-30,13.22,level
2015-05-04,13.5,level
2015-05-05,13.21,level
2015-05-06,13.04,level
2015-05-08,10.57,level
2015-05-12,11.63,level
2015-05-13,11.73,level
2015-05-14,11.55,level
2015-05-15,11.82,level
2015-05-18,11.76,level
2015-05-19,11.85,level
2015-05-20,11.91,level
2015-05-21,11.95,level
2015-05-22,11.89,level
2015-05-25,11.79,level
2015-05-26,11.41,level
2015-05-27,11.58,level
2015-05-28,6.51,level
2015-05-29,3.18,level
2015-06-01,5.48,level
2015-06-02,5.37,level
2015-06-03,4.28,level
2015-06-04,4.27,level
2015-06-05,3.11,level
2015-06-08,3.96,level
2015-06-09,5.11,level
2015-06-10,4.95,level
2015-06-11,4.81,level
2015-06-12,3.36,level
2015-06-15,3.92,level
2015-06-16,2.36,level
2015-06-17,1.13,level
2015-06-18,0.46,level
2015-06-19,0.35,level
2015-06-22,0.52,level
2015-06-23,0.64,level
2015-06-24,0.97,level
2015-06-25,1.37,level
2015-06-26,1.17,level
2015-06-29,1.04,level
2015-06-30,2.12,level
2015-07-01,3.12,level
2015-07-02,2.47,level
2015-07-03,1.5,level
2015-07-07,2.81,level
2015-07-08,2.21,level
2015-07-09,1.88,level
2015-07-10,1.49,level
2015-07-13,1.36,level
2015-07-14,1.66,level
2015-07-15,4.31,level
2015-07-16,5.4,level
2015-07-17,4.84,level
2015-07-20,4.97,level
2015-07-21,3.49,level
2015-07-22,3.08,level
2015-07-23,2.61,level
2015-07-24,2.63,level
2015-07-27,3.06,level
2015-07-28,2.38,level
2015-07-29,2.34,level
2015-07-30,2.52,level
2015-07-31,2.31,level
2015-08-03,2.89,level
2015-08-04,2.62,level
2015-08-05,2.59,level
2015-08-06,2.44,level
2015-08-07,2.38,level
2015-08-10,2.21,level
2015-08-11,2.03,level
2015-08-12,2.52,level
2015-08-13,2.89,level
2015-08-14,3.35,level
2015-08-17,3.53,level
2015-08-18,3.46,level
2015-08-19,18.38,level
2015-08-20,35.83,level
2015-08-21,5.89,level
2015-08-24,25.16,level
2015-08-25,11.55,level
2015-08-26,13.65,level
2015-08-27,13.89,level
2015-08-28,13.9,level
2015-09-01,13.66,level
2015-09-02,12.5,level
2015-09-03,10.38,level
2015-09-04,6.77,level
2015-09-07,6.92,level
2015-09-08,7.3,level
2015-09-09,10.22,level
2015-09-10,11.32,level
2015-09-11,9.93,level
2015-09-14,12.11,level
2015-09-15,15.73,level
2015-09-16,13.71,level
2015-09-17,14.88,level
2015-09-18,15.66,level
2015-09-21,16.22,level
2015-09-22,16.89,level
2015-09-23,16.87,level
2015-09-25,16.89,level
2015-09-28,16.94,level
2015-09-29,16.96,level
2015-09-30,16.95,level
2015-10-01,16.96,level
2015-10-02,16.53,level
2015-10-05,16.73,level
2015-10-06,16.82,level
2015-10-07,16.81,level
2015-10-08,16.92,level
2015-10-09,16.96,level
2015-10-12,16.98,level
2015-10-13,16.58,level
2015-10-14,16.37,level
2015-10-15,16.33,level
2015-10-16,16.2,level
2015-10-19,16.17,level
2015-10-20,16.38,level
2015-10-21,16.47,level
2015-10-22,16.39,level
2015-10-23,16.54,level
2015-10-26,16.89,level
2015-10-27,16.83,level
2015-10-28,16.47,level
2015-10-29,16.28,level
2015-10-30,16.08,level
2015-11-02,16.06,level
2015-11-03,16.11,level
2015-11-04,16.08,level
2015-11-05,16.59,level
2015-11-06,50.35,level
2015-11-09,37.67,level
2015-11-10,22.34,level
2015-11-11,12.1,level
2015-11-12,10.22,level
2015-11-13,23.44,level
2015-11-16,56.59,level
2015-11-17,25.68,level
2015-11-18,14.3,level
2015-11-19,14.31,level
2015-11-20,13.05,level
2015-11-23,21.61,level
2015-11-24,29.32,level
2015-11-25,26.94,level
2015-11-26,15.86,level
2015-11-27,23.96,level
2015-11-30,29.37,level
2015-12-02,25.47,level
2015-12-03,15.63,level
2015-12-04,12.06,level
2015-12-07,12.06,level
2015-12-08,11.95,level
2015-12-09,12.2,level
2015-12-10,14.06,level
2015-12-11,13.47,level
2015-12-14,38.21,level
2015-12-15,123.84,level
2015-12-18,228.82,level
2015-12-21,317.95,level
2015-12-22,161.1,level
2015-12-23,34.2,level
2015-12-24,59.05,level
2015-12-25,70.05,level
2015-12-28,70.36,level
2015-12-29,71.94,level
2015-12-30,79.19,level
2015-12-31,75.92,level
2016-01-05,79.04,level
2016-01-06,72.51,level
2016-01-08,69.9,level
2016-01-11,59.91,level
2016-01-12,59.94,level
2016-01-13,59.91,level
2016-01-14,49.86,level
2016-01-15,49.93,level
2016-01-18,39.84,level
2016-01-19,39.88,level
2016-01-20,39.5,level
2016-01-21,29.95,level
2016-01-22,29.94,level
2016-01-25,29.96,level
2016-01-26,29.98,level
2016-01-27,29.98,level
2016-01-28,24.65,level
2016-01-29,24.65,level
2016-02-01,23.41,level
2016-02-02,18.62,level
2016-02-03,18.46,level
2016-02-04,18.11,level
2016-02-05,18.64,level
2016-02-08,16.52,level
2016-02-09,15.16,level
2016-02-10,15.01,level
2016-02-11,15.0,level
2016-02-12,15.0,level
2016-02-15,15.0,level
2016-02-16,15.0,level
2016-02-17,15.01,level
2016-02-18,15.0,level
2016-02-19,15.0,level
2016-02-22,15.0,level
2016-02-23,15.0,level
2016-02-24,15.0,level
2016-02-25,15.0,level
2016-02-26,15.0,level
2016-02-29,15.0,level
2016-03-01,15.0,level
2016-03-02,15.0,level
2016-03-03,15.0,level
2016-03-04,15.0,level
2016-03-05,15.0,level
2016-03-09,15.0,level
2016-03-10,15.0,level
2016-03-11,15.0,level
2016-03-14,15.0,level
2016-03-15,15.0,level
2016-03-16,15.0,level
2016-03-17,15.0,level
2016-03-18,15.0,level
2016-03-24,15.0,level
2016-03-25,15.0,level
2016-03-28,15.0,level
2016-03-29,15.0,level
2016-03-30,15.0,level
2016-03-31,14.98,level
2016-04-01,15.0,level
2016-04-04,15.0,level
2016-04-05,15.0,level
2016-04-06,15.0,level
2016-04-07,15.0,level
2016-04-08,15.0,level
2016-04-11,15.04,level
2016-04-12,15.0,level
2016-04-13,15.0,level
2016-04-14,15.0,level
2016-04-15,15.0,level
2016-04-18,15.0,level
2016-04-19,15.0,level
2016-04-20,15.0,level
2016-04-21,15.0,level
2016-04-22,15.0,level
2016-04-25,15.02,level
2016-04-26,15.0,level
2016-04-27,15.0,level
2016-04-28,15.01,level
2016-04-29,15.0,level
2016-05-03,15.0,level
2016-05-04,15.0,level
2016-05-05,15.0,level
2016-05-06,14.0,level
2016-05-11,14.0,level
2016-05-12,13.59,level
2016-05-13,14.0,level
2016-05-16,14.0,level
2016-05-17,14.0,level
2016-05-18,14.01,level
2016-05-19,14.0,level
2016-05-20,14.0,level
2016-05-23,14.0,level
2016-05-24,14.01,level
2016-05-25,14.02,level
2016-05-26,14.0,level
2016-05-27,14.0,level
2016-05-30,14.0,level
2016-05-31,14.0,level
2016-06-01,14.0,level
2016-06-02,14.0,level
2016-06-03,14.0,level
2016-06-06,14.0,level
2016-06-07,14.0,level
2016-06-08,14.0,level
2016-06-09,14.0,level
2016-06-10,14.0,level
2016-06-13,13.93,level
2016-06-14,14.0,level
2016-06-15,14.0,level
2016-06-16,14.0,level
2016-06-17,14.01,level
2016-06-20,14.0,level
2016-06-21,14.0,level
2016-06-22,14.0,level
2016-06-23,14.0,level
2016-06-24,14.01,level
2016-06-27,14.0,level
2016-06-28,14.0,level
2016-06-29,14.0,level
2016-06-30,14.12,level
2016-07-01,14.0,level
2016-07-04,14.0,level
2016-07-05,14.0,level
2016-07-07,14.0,level
2016-07-08,14.0,level
2016-07-11,14.0,level
2016-07-12,12.06,level
2016-07-13,12.05,level
2016-07-14,12.02,level
2016-07-15,12.02,level
2016-07-18,12.06,level
2016-07-19,12.09,level
2016-07-20,12.06,level
2016-07-21,12.09,level
2016-07-22,12.18,level
2016-07-25,12.14,level
2016-07-26,12.14,level
2016-07-27,12.09,level
2016-07-28,12.09,level
2016-07-29,12.07,level
2016-08-01,12.06,level
2016-08-02,12.04,level
2016-08-03,12.11,level
2016-08-04,12.07,level
2016-08-05,12.08,level
2016-08-08,12.03,level
2016-08-09,12.01,level
2016-08-10,12.03,level
2016-08-11,12.04,level
2016-08-12,12.01,level
2016-08-15,12.03,level
2016-08-16,12.02,level
2016-08-17,12.01,level
2016-08-18,12.01,level
2016-08-19,12.01,level
2016-08-22,12.02,level
2016-08-23,12.02,level
2016-08-24,12.23,level
2016-08-25,12.79,level
2016-08-26,12.94,level
2016-08-29,12.61,level
2016-08-31,12.03,level
2016-09-01,12.0,level
2016-09-02,12.01,level
2016-09-05,12.02,level
2016-09-06,12.17,level
2016-09-07,12.62,level
2016-09-08,12.92,level
2016-09-09,12.18,level
2016-09-13,12.02,level
2016-09-14,12.01,level
2016-09-15,12.02,level
2016-09-16,12.05,level
2016-09-19,12.15,level
2016-09-20,12.12,level
2016-09-21,12.08,level
2016-09-22,12.42,level
2016-09-23,12.13,level
2016-09-26,12.23,level
2016-09-27,12.03,level
2016-09-28,12.0,level
2016-09-29,12.0,level
2016-09-30,12.14,level
2016-10-03,12.28,level
2016-10-04,11.69,level
2016-10-05,11.58,level
2016-10-06,11.58,level
2016-10-07,11.53,level
2016-10-10,11.51,level
2016-10-11,11.52,level
2016-10-12,11.53,level
2016-10-13,11.8,level
2016-10-14,11.84,level
2016-10-17,11.6,level
2016-10-18,11.58,level
2016-10-19,11.51,level
2016-10-20,11.52,level
2016-10-21,11.57,level
2016-10-24,11.63,level
2016-10-25,11.72,level
2016-10-26,11.59,level
2016-10-27,11.55,level
2016-10-28,11.53,level
2016-10-31,11.58,level
2016-11-01,11.56,level
2016-11-02,11.6,level
2016-11-03,11.61,level
2016-11-04,11.55,level
2016-11-07,11.54,level
2016-11-08,11.54,level
2016-11-09,11.59,level
2016-11-10,11.53,level
2016-11-11,11.53,level
2016-11-14,11.55,level
2016-11-15,11.07,level
2016-11-16,11.05,level
2016-11-17,11.06,level
2016-11-18,11.04,level
2016-11-21,11.13,level
2016-11-22,11.37,level
2016-11-23,12.19,level
2016-11-24,11.97,level
2016-11-25,12.52,level
2016-11-28,12.26,level
2016-11-29,11.42,level
2016-11-30,11.18,level
2016-12-02,11.42,level
2016-12-05,11.22,level
2016-12-06,11.3,level
2016-12-07,11.22,level
2016-12-08,12.08,level
2016-12-09,11.73,level
2016-12-12,11.48,level
2016-12-13,11.23,level
2016-12-14,11.14,level
2016-12-15,11.02,level
2016-12-20,11.03,level
2016-12-21,11.02,level
2016-12-22,11.01,level
2016-12-23,11.01,level
2016-12-26,11.2,level
2016-12-27,11.69,level
2016-12-28,11.68,level
2016-12-29,11.63,level
2016-12-30,12.16,level
2017-01-04,11.98,level
2017-01-05,11.91,level
2017-01-06,11.63,level
2017-01-09,12.01,level
2017-01-10,11.9,level
2017-01-11,11.57,level
2017-01-12,11.39,level
2017-01-13,11.21,level
2017-01-16,11.2,level
2017-01-17,11.5,level
2017-01-18,11.67,level
2017-01-19,11.66,level
2017-01-20,11.24,level
2017-01-23,11.21,level
2017-01-24,11.21,level
2017-01-25,11.65,level
2017-01-26,11.36,level
2017-01-27,11.51,level
2017-01-30,11.74,level
2017-01-31,11.33,level
2017-02-01,11.28,level
2017-02-02,11.32,level
2017-02-03,11.29,level
2017-02-06,11.24,level
2017-02-07,11.43,level
2017-02-08,11.52,level
2017-02-09,11.26,level
2017-02-10,11.21,level
2017-02-13,11.26,level
2017-02-14,11.32,level
2017-02-15,11.24,level
2017-02-16,11.25,level
2017-02-17,11.11,level
2017-02-20,11.09,level
2017-02-21,10.16,level
2017-02-22,10.08,level
2017-02-23,10.16,level
2017-02-24,10.11,level
2017-02-27,10.07,level
2017-02-28,10.17,level
2017-03-01,10.17,level
2017-03-02,10.17,level
2017-03-03,10.12,level
2017-03-06,10.14,level
2017-03-07,10.32,level
2017-03-09,10.17,level
2017-03-10,10.09,level
2017-03-13,10.14,level
2017-03-14,10.18,level
2017-03-15,10.85,level
2017-03-16,10.85,level
2017-03-17,10.6,level
2017-03-18,10.15,level
2017-03-24,10.11,level
2017-03-27,10.07,level
2017-03-28,10.05,level
2017-03-29,10.27,level
2017-03-30,10.15,level
2017-03-31,10.22,level
2017-04-03,10.2,level
2017-04-04,10.14,level
2017-04-05,10.13,level
2017-04-06,10.29,level
2017-04-07,10.24,level
2017-04-10,10.26,level
2017-04-11,10.61,level
2017-04-12,10.84,level
2017-04-13,11.48,level
2017-04-14,11.61,level
2017-04-17,10.94,level
2017-04-18,10.57,level
2017-04-19,10.28,level
2017-04-20,10.24,level
2017-04-21,10.28,level
2017-04-24,10.29,level
2017-04-25,10.22,level
2017-04-26,10.08,level
2017-04-27,10.15,level
2017-04-28,10.14,level
2017-05-02,10.1,level
2017-05-03,10.04,level
2017-05-04,10.04,level
2017-05-05,10.02,level
2017-05-10,10.02,level
2017-05-11,10.01,level
2017-05-12,10.01,level
2017-05-15,10.08,level
2017-05-16,10.04,level
2017-05-17,10.04,level
2017-05-18,10.03,level
2017-05-19,10.04,level
2017-05-22,10.06,level
2017-05-23,10.37,level
2017-05-24,10.63,level
2017-05-25,10.08,level
2017-05-26,10.02,level
2017-05-29,10.03,level
2017-05-30,10.02,level
2017-05-31,10.01,level
2017-06-01,10.0,level
2017-06-02,10.0,level
2017-06-05,10.0,level
2017-06-06,9.5,level
2017-06-07,9.5,level
2017-06-08,9.5,level
2017-06-09,9.5,level
2017-06-12,9.5,level
2017-06-13,9.5,level
2017-06-14,9.5,level
2017-06-15,9.5,level
2017-06-16,9.49,level
2017-06-19,9.5,level
2017-06-20,9.5,level
2017-06-21,9.51,level
2017-06-22,9.62,level
2017-06-23,9.54,level
2017-06-26,9.51,level
2017-06-27,9.61,level
2017-06-28,9.59,level
2017-06-29,9.54,level
2017-06-30,9.64,level
2017-07-01,10.0,level
2017-07-03,10.88,level
2017-07-04,9.66,level
2017-07-05,9.51,level
2017-07-10,9.47,level
2017-07-11,9.49,level
2017-07-12,9.5,level
2017-07-13,9.52,level
2017-07-14,9.5,level
2017-07-17,9.5,level
2017-07-18,9.5,level
2017-07-19,9.5,level
2017-07-20,9.5,level
2017-07-21,9.51,level
2017-07-24,9.51,level
2017-07-25,9.5,level
2017-07-26,9.5,level
2017-07-27,9.51,level
2017-07-28,9.5,level
2017-07-31,9.5,level
2017-08-01,9.5,level
2017-08-02,9.5,level
2017-08-03,9.51,level
2017-08-04,9.5,level
2017-08-07,9.51,level
2017-08-08,9.51,level
2017-08-09,9.5,level
2017-08-10,9.51,level
2017-08-11,9.5,level
2017-08-14,9.51,level
2017-08-15,9.5,level
2017-08-16,9.5,level
2017-08-17,9.5,level
2017-08-18,9.5,level
2017-08-21,9.5,level
2017-08-22,9.25,level
2017-08-23,9.25,level
2017-08-24,9.28,level
2017-08-25,9.29,level
2017-08-28,9.26,level
2017-08-29,9.27,level
2017-08-31,9.26,level
2017-09-04,9.13,level
2017-09-05,9.15,level
2017-09-06,9.3,level
2017-09-07,9.26,level
2017-09-08,9.27,level
2017-09-11,9.23,level
2017-09-12,9.24,level
2017-09-13,9.23,level
2017-09-14,9.27,level
2017-09-15,9.16,level
2017-09-18,9.23,level
2017-09-19,9.25,level
2017-09-20,9.26,level
2017-09-21,9.24,level
2017-09-22,9.25,level
2017-09-25,9.25,level
2017-09-26,9.26,level
2017-09-27,9.25,level
2017-09-28,9.26,level
2017-09-29,9.33,level
2017-10-02,9.25,level
2017-10-03,9.25,level
2017-10-04,9.25,level
2017-10-05,9.26,level
2017-10-06,9.25,level
2017-10-09,9.25,level
2017-10-10,9.25,level
2017-10-11,9.26,level
2017-10-12,9.26,level
2017-10-13,9.25,level
2017-10-16,9.25,level
2017-10-17,9.25,level
2017-10-18,9.25,level
2017-10-19,9.26,level
2017-10-20,9.27,level
2017-10-23,9.26,level
2017-10-24,9.27,level
2017-10-25,9.29,level
2017-10-26,9.27,level
2017-10-27,9.26,level
2017-10-30,9.33,level
2017-10-31,9.26,level
2017-11-01,9.26,level
2017-11-02,9.27,level
2017-11-03,9.3,level
2017-11-06,9.32,level
2017-11-07,9.87,level
2017-11-08,9.56,level
2017-11-09,9.38,level
2017-11-10,9.32,level
2017-11-13,9.28,level
2017-11-14,9.29,level
2017-11-15,9.26,level
2017-11-16,9.31,level
2017-11-17,9.26,level
2017-11-20,9.26,level
2017-11-21,9.26,level
2017-11-22,9.26,level
2017-11-23,9.27,level
2017-11-24,10.18,level
2017-11-27,10.21,level
2017-11-28,9.75,level
2017-11-29,9.3,level
2017-11-30,9.29,level
2017-12-04,9.28,level
2017-12-05,9.27,level
2017-12-06,9.26,level
2017-12-07,9.27,level
2017-12-08,9.25,level
2017-12-11,9.26,level
2017-12-12,9.28,level
2017-12-13,9.29,level
2017-12-14,9.53,level
2017-12-15,9.39,level
2017-12-20,9.26,level
2017-12-21,9.28,level
2017-12-22,9.26,level
2017-12-25,9.27,level
2017-12-26,9.32,level
2017-12-27,9.46,level
2017-12-28,9.48,level
2017-12-29,9.33,level
2018-01-03,9.28,level
2018-01-04,9.24,level
2018-01-05,9.23,level
2018-01-08,9.28,level
2018-01-09,9.28,level
2018-01-10,9.26,level
2018-01-11,9.26,level
2018-01-12,9.27,level
2018-01-15,9.26,level
2018-01-16,8.77,level
2018-01-17,8.75,level
2018-01-18,8.75,level
2018-01-19,8.75,level
2018-01-22,8.84,level
2018-01-23,8.81,level
2018-01-24,8.76,level
2018-01-25,8.77,level
2018-01-26,8.77,level
2018-01-29,8.75,level
2018-01-30,8.75,level
2018-01-31,8.75,level
2018-02-01,8.77,level
2018-02-02,8.76,level
2018-02-05,8.75,level
2018-02-06,8.77,level
2018-02-07,8.76,level
2018-02-08,8.77,level
2018-02-09,8.75,level
2018-02-12,8.78,level
2018-02-13,8.75,level
2018-02-14,8.75,level
2018-02-15,8.75,level
2018-02-16,8.75,level
2018-02-19,8.75,level
2018-02-20,8.75,level
2018-02-21,8.75,level
2018-02-22,8.75,level
2018-02-23,8.75,level
2018-02-26,8.78,level
2018-02-27,8.75,level
2018-02-28,8.78,level
2018-03-01,8.8,level
2018-03-02,8.76,level
2018-03-03,8.76,level
2018-03-05,8.79,level
2018-03-06,8.52,level
2018-03-07,8.52,level
2018-03-12,8.53,level
2018-03-13,8.5,level
2018-03-14,8.51,level
2018-03-15,8.53,level
2018-03-16,8.53,level
2018-03-19,8.52,level
2018-03-20,8.51,level
2018-03-26,8.5,level
2018-03-27,8.5,level
2018-03-28,8.5,level
2018-03-29,8.5,level
2018-03-30,8.51,level
2018-04-02,8.56,level
2018-04-03,8.52,level
2018-04-04,8.53,level
2018-04-05,8.51,level
2018-04-06,8.5,level
2018-04-09,8.54,level
2018-04-10,8.73,level
2018-04-11,9.01,level
2018-04-12,9.08,level
2018-04-13,8.58,level
2018-04-16,8.56,level
2018-04-17,8.27,level
2018-04-18,8.34,level
2018-04-19,8.45,level
2018-04-20,8.37,level
2018-04-23,8.32,level
2018-04-24,8.44,level
2018-04-25,8.3,level
2018-04-26,8.29,level
2018-04-27,8.34,level
2018-04-28,8.26,level
2018-05-02,8.3,level
2018-05-03,8.27,level
2018-05-04,8.29,level
2018-05-05,8.27,level
2018-05-10,8.28,level
2018-05-11,8.26,level
2018-05-14,8.25,level
2018-05-15,8.25,level
2018-05-16,8.25,level
2018-05-17,8.26,level
2018-05-18,8.28,level
2018-05-21,8.26,level
2018-05-22,8.26,level
2018-05-23,8.32,level
2018-05-24,8.27,level
2018-05-25,8.47,level
2018-05-28,8.33,level
2018-05-29,8.29,level
2018-05-30,8.29,level
2018-05-31,8.26,level
2018-06-01,8.25,level
2018-06-04,8.26,level
2018-06-05,8.02,level
2018-06-06,8.02,level
2018-06-07,8.04,level
2018-06-08,8.09,level
2018-06-11,8.06,level
2018-06-12,8.1,level
2018-06-13,8.14,level
2018-06-14,8.06,level
2018-06-15,8.06,level
2018-06-18,8.4,level
2018-06-19,8.5,level
2018-06-20,8.18,level
2018-06-21,8.16,level
2018-06-22,8.09,level
2018-06-25,8.09,level
2018-06-26,8.07,level
2018-06-27,8.02,level
2018-06-28,8.02,level
2018-06-29,8.02,level
2018-07-02,8.01,level
2018-07-03,8.01,level
2018-07-04,8.0,level
2018-07-05,8.01,level
2018-07-09,8.28,level
2018-07-10,8.33,level
2018-07-11,8.26,level
2018-07-12,8.13,level
2018-07-13,8.12,level
2018-07-16,8.16,level
2018-07-17,8.07,level
2018-07-18,8.04,level
2018-07-19,8.04,level
2018-07-20,8.1,level
2018-07-23,8.17,level
2018-07-24,9.23,level
2018-07-25,8.83,level
2018-07-26,8.27,level
2018-07-27,8.05,level
2018-07-30,8.14,level
2018-07-31,8.08,level
2018-08-01,8.06,level
2018-08-02,8.04,level
2018-08-03,8.08,level
2018-08-06,8.15,level
2018-08-07,8.12,level
2018-08-08,8.22,level
2018-08-09,8.24,level
2018-08-10,8.18,level
2018-08-13,8.64,level
2018-08-14,8.33,level
2018-08-15,8.17,level
2018-08-16,8.19,level
2018-08-17,8.17,level
2018-08-20,8.26,level
2018-08-22,8.3,level
2018-08-23,8.54,level
2018-08-24,9.34,level
2018-08-25,9.39,level
2018-08-27,9.15,level
2018-08-28,9.37,level
2018-08-29,9.28,level
2018-09-03,8.21,level
2018-09-04,8.19,level
2018-09-05,9.42,level
2018-09-06,9.0,level
2018-09-07,9.44,level
2018-09-10,8.71,level
2018-09-11,8.64,level
2018-09-12,8.41,level
2018-09-13,8.44,level
2018-09-14,8.31,level
2018-09-17,8.21,level
2018-09-18,8.1,level
2018-09-19,8.06,level
2018-09-20,8.03,level
2018-09-21,8.09,level
2018-09-24,8.26,level
2018-09-25,8.26,level
2018-09-26,8.37,level
2018-09-27,8.28,level
2018-09-28,8.31,level
2018-10-01,8.08,level
2018-10-02,8.12,level
2018-10-03,8.03,level
2018-10-04,8.01,level
2018-10-05,8.0,level
2018-10-08,8.01,level
2018-10-09,8.01,level
2018-10-10,8.06,level
2018-10-11,8.04,level
2018-10-12,8.03,level
2018-10-15,8.15,level
2018-10-16,8.32,level
2018-10-17,8.55,level
2018-10-18,8.3,level
2018-10-19,8.26,level
2018-10-22,8.26,level
2018-10-23,8.26,level
2018-10-24,8.27,level
2018-10-25,8.26,level
2018-10-26,8.25,level
2018-10-29,8.25,level
2018-10-30,8.25,level
2018-10-31,8.25,level
2018-11-01,8.25,level
2018-11-02,8.25,level
2018-11-05,8.25,level
2018-11-06,8.33,level
2018-11-07,8.26,level
2018-11-08,8.27,level
2018-11-09,8.27,level
2018-11-12,8.25,level
2018-11-13,8.25,level
2018-11-14,8.25,level
2018-11-15,8.25,level
2018-11-16,8.25,level
2018-11-19,8.26,level
2018-11-20,8.26,level
2018-11-21,8.26,level
2018-11-22,8.25,level
2018-11-23,8.26,level
2018-11-26,8.36,level
2018-11-27,8.36,level
2018-11-28,8.3,level
2018-11-29,8.26,level
2018-11-30,8.33,level
2018-12-04,8.29,level
2018-12-05,8.28,level
2018-12-06,8.29,level
2018-12-07,8.45,level
2018-12-10,8.43,level
2018-12-11,8.46,level
2018-12-12,8.46,level
2018-12-13,8.41,level
2018-12-14,8.47,level
2018-12-19,8.38,level
2018-12-20,8.33,level
2018-12-21,8.26,level
2018-12-24,8.31,level
2018-12-25,8.32,level
2018-12-26,8.37,level
2018-12-27,8.31,level
2018-12-28,8.3,level
2018-12-29,8.26,level
2019-01-03,8.29,level
2019-01-04,8.25,level
2019-01-08,8.26,level
2019-01-09,8.25,level
2019-01-10,8.26,level
2019-01-11,8.25,level
2019-01-14,8.26,level
2019-01-15,8.26,level
2019-01-16,8.25,level
2019-01-17,8.26,level
2019-01-18,8.26,level
2019-01-21,8.26,level
2019-01-22,8.35,level
2019-01-23,8.29,level
2019-01-24,8.29,level
2019-01-25,8.25,level
2019-01-28,8.25,level
2019-01-29,8.25,level
2019-01-30,8.25,level
2019-01-31,8.25,level
2019-02-01,8.25,level
2019-02-04,8.25,level
2019-02-05,8.25,level
2019-02-06,8.25,level
2019-02-07,8.28,level
2019-02-08,8.25,level
2019-02-11,8.25,level
2019-02-12,8.25,level
2019-02-13,8.27,level
2019-02-14,8.26,level
2019-02-15,8.25,level
2019-02-18,8.25,level
2019-02-19,8.19,level
2019-02-20,8.32,level
2019-02-21,8.25,level
2019-02-22,8.31,level
2019-02-25,8.31,level
2019-02-26,8.25,level
2019-02-27,8.25,level
2019-02-28,8.25,level
2019-03-01,8.25,level
2019-03-04,8.26,level
2019-03-05,8.25,level
2019-03-06,8.25,level
2019-03-07,8.25,level
2019-03-11,8.24,level
2019-03-12,8.23,level
2019-03-13,8.16,level
2019-03-14,8.18,level
2019-03-15,8.19,level
2019-03-18,8.22,level
2019-03-19,8.24,level
2019-03-20,8.23,level
2019-03-26,8.26,level
2019-03-27,8.25,level
2019-03-28,8.26,level
2019-03-29,8.29,level
2019-04-01,8.26,level
2019-04-02,8.25,level
2019-04-03,8.25,level
2019-04-04,8.25,level
2019-04-05,8.25,level
2019-04-08,8.25,level
2019-04-09,8.25,level
2019-04-10,8.25,level
2019-04-11,8.25,level
2019-04-12,8.25,level
2019-04-15,8.25,level
2019-04-16,8.01,level
2019-04-17,8.0,level
2019-04-18,8.0,level
2019-04-19,8.01,level
2019-04-22,8.02,level
2019-04-23,8.05,level
2019-04-24,8.01,level
2019-04-25,8.04,level
2019-04-26,8.0,level
2019-04-29,8.0,level
2019-04-30,8.0,level
2019-05-02,8.0,level
2019-05-03,7.99,level
2019-05-04,7.96,level
2019-05-06,7.97,level
2019-05-08,8.1,level
2019-05-13,7.98,level
2019-05-14,7.97,level
2019-05-15,8.0,level
2019-05-16,8.0,level
2019-05-17,8.0,level
2019-05-20,8.01,level
2019-05-21,8.0,level
2019-05-22,8.0,level
2019-05-23,8.0,level
2019-05-24,8.01,level
2019-05-27,8.01,level
2019-05-28,8.02,level
2019-05-29,8.01,level
2019-05-30,8.14,level
2019-05-31,8.92,level
2019-06-03,8.08,level
2019-06-04,8.05,level
2019-06-05,8.39,level
2019-06-06,8.24,level
2019-06-07,8.46,level
2019-06-10,8.69,level
2019-06-11,8.96,level
2019-06-12,8.39,level
2019-06-13,8.09,level
2019-06-14,8.19,level
2019-06-17,8.13,level
2019-06-18,8.09,level
2019-06-19,8.08,level
2019-06-20,8.08,level
2019-06-21,8.06,level
2019-06-24,8.12,level
2019-06-25,8.47,level
2019-06-26,8.19,level
2019-06-27,8.25,level
2019-06-28,9.04,level
2019-07-01,8.37,level
2019-07-02,8.24,level
2019-07-03,8.11,level
2019-07-04,8.2,level
2019-07-05,8.13,level
2019-07-09,8.15,level
2019-07-10,8.05,level
2019-07-11,8.06,level
2019-07-12,8.08,level
2019-07-15,8.14,level
2019-07-16,8.05,level
2019-07-17,8.03,level
2019-07-18,8.04,level
2019-07-19,8.02,level
2019-07-22,8.01,level
2019-07-23,8.03,level
2019-07-24,8.04,level
2019-07-25,8.07,level
2019-07-26,8.11,level
2019-07-29,8.15,level
2019-07-30,8.27,level
2019-07-31,8.27,level
2019-08-01,8.04,level
2019-08-02,8.01,level
2019-08-05,8.09,level
2019-08-06,8.12,level
2019-08-07,8.25,level
2019-08-08,8.61,level
2019-08-09,8.97,level
2019-08-12,8.29,level
2019-08-13,8.1,level
2019-08-14,8.17,level
2019-08-15,8.3,level
2019-08-16,8.25,level
2019-08-19,8.27,level
2019-08-20,8.37,level
2019-08-21,8.2,level
2019-08-22,8.78,level
2019-08-23,9.69,level
2019-08-26,9.67,level
2019-08-27,9.88,level
2019-08-28,9.58,level
2019-08-29,9.66,level
2019-09-02,9.08,level
2019-09-03,8.45,level
2019-09-04,8.07,level
2019-09-05,8.07,level
2019-09-06,8.1,level
2019-09-09,8.18,level
2019-09-10,8.41,level
2019-09-11,8.52,level
2019-09-12,8.99,level
2019-09-13,9.08,level
2019-09-16,8.56,level
2019-09-17,8.58,level
2019-09-18,8.41,level
2019-09-19,8.57,level
2019-09-20,9.65,level
2019-09-23,10.06,level
2019-09-24,10.11,level
2019-09-25,10.0,level
2019-09-26,9.2,level
2019-09-27,8.49,level
2019-09-30,8.76,level
2019-10-01,8.44,level
2019-10-02,8.46,level
2019-10-03,8.4,level
2019-10-04,8.41,level
2019-10-07,8.41,level
2019-10-08,8.37,level
2019-10-09,8.35,level
2019-10-10,8.37,level
2019-10-11,8.37,level
2019-10-14,8.39,level
2019-10-15,8.37,level
2019-10-16,8.34,level
2019-10-17,8.38,level
2019-10-18,8.42,level
2019-10-21,8.47,level
2019-10-22,8.68,level
2019-10-23,8.78,level
2019-10-24,8.71,level
2019-10-25,8.99,level
2019-10-28,8.63,level
2019-10-29,8.55,level
2019-10-30,8.54,level
2019-10-31,8.57,level
2019-11-01,8.33,level
2019-11-04,8.31,level
2019-11-05,8.42,level
2019-11-06,8.52,level
2019-11-07,8.49,level
2019-11-08,8.45,level
2019-11-11,8.42,level
2019-11-12,8.36,level
2019-11-13,8.36,level
2019-11-14,8.36,level
2019-11-15,8.3,level
2019-11-18,8.31,level
2019-11-19,8.33,level
2019-11-20,8.47,level
2019-11-21,9.32,level
2019-11-22,10.06,level
2019-11-25,10.23,level
2019-11-26,10.21,level
2019-11-27,10.19,level
2019-11-28,10.23,level
2019-11-29,10.17,level
2019-12-03,9.96,level
2019-12-04,9.4,level
2019-12-05,9.57,level
2019-12-06,9.05,level
2019-12-09,8.65,level
2019-12-10,8.43,level
2019-12-11,8.31,level
2019-12-12,8.38,level
2019-12-13,8.55,level
2019-12-18,8.62,level
2019-12-19,8.42,level
2019-12-20,8.4,level
2019-12-23,8.36,level
2019-12-24,8.39,level
2019-12-25,8.84,level
2019-12-26,9.78,level
2019-12-27,8.86,level
2019-12-30,8.95,level
2019-12-31,10.05,level
2020-01-05,8.73,level
2020-01-06,8.38,level
2020-01-08,8.38,level
2020-01-09,8.33,level
2020-01-10,8.44,level
2020-01-13,8.44,level
2020-01-14,8.43,level
2020-01-15,8.45,level
2020-01-16,8.45,level
2020-01-17,8.38,level
2020-01-20,8.38,level
2020-01-21,8.38,level
2020-01-22,8.37,level
2020-01-23,8.44,level
2020-01-24,8.79,level
2020-01-27,9.13,level
2020-01-28,9.3,level
2020-01-29,9.23,level
2020-01-30,9.03,level
2020-01-31,9.14,level
2020-02-03,8.98,level
2020-02-04,8.89,level
2020-02-05,8.7,level
2020-02-06,8.76,level
2020-02-07,8.92,level
2020-02-10,8.84,level
2020-02-11,8.71,level
2020-02-12,8.6,level
2020-02-13,8.66,level
2020-02-14,8.7,level
2020-02-17,8.81,level
2020-02-18,8.79,level
2020-02-19,8.9,level
2020-02-20,8.99,level
2020-02-21,9.82,level
2020-02-24,10.23,level
2020-02-25,10.24,level
2020-02-26,10.24,level
2020-02-27,10.2,level
2020-02-28,10.24,level
2020-03-02,10.19,level
2020-03-03,10.23,level
2020-03-04,9.64,level
2020-03-05,8.88,level
2020-03-06,8.68,level
2020-03-10,13.42,level
2020-03-11,13.47,level
2020-03-12,13.48,level
2020-03-13,13.41,level
2020-03-16,13.47,level
2020-03-17,13.48,level
2020-03-18,13.46,level
2020-03-19,13.48,level
2020-03-20,13.46,level
2020-03-26,13.45,level
2020-03-27,13.32,level
2020-03-30,12.93,level
2020-03-31,13.25,level
2020-04-01,13.35,level
2020-04-02,12.37,level
2020-04-03,11.58,level
2020-04-06,8.74,level
2020-04-07,8.78,level
2020-04-08,7.73,level
2020-04-09,8.27,level
2020-04-10,8.35,level
2020-04-13,8.46,level
2020-04-14,7.93,level
2020-04-15,7.81,level
2020-04-16,8.03,level
2020-04-17,8.11,level
2020-04-20,8.55,level
2020-04-21,9.04,level
2020-04-22,10.86,level
2020-04-23,10.92,level
2020-04-24,11.24,level
2020-04-27,9.93,level
2020-04-28,8.88,level
2020-04-29,8.26,level
2020-04-30,7.89,level
2020-05-04,7.82,level
2020-05-05,7.66,level
2020-05-06,7.95,level
2020-05-11,7.78,level
2020-05-12,7.73,level
2020-05-13,7.64,level
2020-05-14,7.77,level
2020-05-15,8.84,level
2020-05-18,8.13,level
2020-05-19,8.22,level
2020-05-20,8.39,level
2020-05-21,8.21,level
2020-05-22,10.35,level
2020-05-25,9.09,level
2020-05-26,9.34,level
2020-05-27,9.65,level
2020-05-28,8.65,level
2020-05-29,8.53,level
2020-06-01,8.11,level
2020-06-02,8.12,level
2020-06-03,8.33,level
2020-06-04,8.12,level
2020-06-05,8.16,level
2020-06-08,8.11,level
2020-06-09,8.06,level
2020-06-10,8.02,level
2020-06-11,7.97,level
2020-06-12,8.46,level
2020-06-15,8.31,level
2020-06-16,8.97,level
2020-06-17,9.56,level
2020-06-18,9.73,level
2020-06-19,9.77,level
2020-06-22,9.14,level
2020-06-23,8.23,level
2020-06-24,8.2,level
2020-06-25,8.07,level
2020-06-26,8.36,level
2020-06-29,7.98,level
2020-06-30,8.25,level
2020-07-01,8.37,level
2020-07-02,8.2,level
2020-07-03,8.31,level
2020-07-07,7.9,level
2020-07-08,7.83,level
2020-07-09,7.85,level
2020-07-10,7.7,level
2020-07-13,7.75,level
2020-07-14,7.76,level
2020-07-15,10.09,level
2020-07-16,10.6,level
2020-07-17,10.5,level
2020-07-20,10.07,level
2020-07-21,8.98,level
2020-07-22,8.21,level
2020-07-23,7.97,level
2020-07-24,7.7,level
2020-07-27,7.61,level
2020-07-28,8.12,level
2020-07-29,8.13,level
2020-07-30,8.41,level
2020-08-03,8.18,level
2020-08-04,7.7,level
2020-08-05,7.61,level
2020-08-06,7.69,level
2020-08-07,7.65,level
2020-08-10,7.64,level
2020-08-11,8.11,level
2020-08-12,8.28,level
2020-08-13,9.28,level
2020-08-14,9.03,level
2020-08-17,8.78,level
2020-08-18,9.03,level
2020-08-19,9.28,level
2020-08-20,9.14,level
2020-08-21,8.79,level
2020-08-24,9.39,level
2020-08-25,10.27,level
2020-08-26,10.39,level
2020-08-27,10.31,level
2020-08-28,9.59,level
2020-09-01,8.53,level
2020-09-02,8.12,level
2020-09-03,7.83,level
2020-09-04,7.85,level
2020-09-07,7.82,level
2020-09-08,7.79,level
2020-09-09,7.81,level
2020-09-10,7.8,level
2020-09-11,8.0,level
2020-09-14,7.96,level
2020-09-15,7.92,level
2020-09-16,8.07,level
2020-09-17,8.56,level
2020-09-18,8.62,level
2020-09-21,9.33,level
2020-09-22,9.05,level
2020-09-23,8.8,level
2020-09-24,9.22,level
2020-09-25,9.08,level
2020-09-28,10.14,level
2020-09-29,9.92,level
2020-09-30,9.63,level
2020-10-01,9.58,level
2020-10-02,9.39,level
2020-10-05,9.25,level
2020-10-06,9.19,level
2020-10-07,9.01,level
2020-10-08,8.75,level
2020-10-09,8.27,level
2020-10-12,8.06,level
2020-10-13,8.06,level
2020-10-14,8.26,level
2020-10-15,8.03,level
2020-10-16,8.13,level
2020-10-19,8.86,level
2020-10-20,9.46,level
2020-10-21,9.74,level
2020-10-22,9.83,level
2020-10-23,9.76,level
2020-10-26,9.61,level
2020-10-27,9.33,level
2020-10-28,9.12,level
2020-10-29,8.7,level
2020-10-30,8.6,level
2020-11-02,8.37,level
2020-11-03,8.0,level
2020-11-04,8.11,level
2020-11-05,8.11,level
2020-11-06,8.28,level
2020-11-09,8.16,level
2020-11-10,8.04,level
2020-11-11,8.12,level
2020-11-12,7.91,level
2020-11-13,8.09,level
2020-11-16,8.37,level
2020-11-17,8.6,level
2020-11-18,9.69,level
2020-11-19,9.93,level
2020-11-20,9.49,level
2020-11-23,9.07,level
2020-11-24,9.39,level
2020-11-25,10.18,level
2020-11-26,10.24,level
2020-11-27,10.25,level
2020-11-30,9.9,level
2020-12-02,8.97,level
2020-12-03,8.64,level
2020-12-04,8.39,level
2020-12-07,8.3,level
2020-12-08,7.9,level
2020-12-09,7.96,level
2020-12-10,7.96,level
2020-12-11,8.26,level
2020-12-14,8.01,level
2020-12-15,8.57,level
2020-12-20,8.51,level
2020-12-21,8.36,level
2020-12-22,8.32,level
2020-12-23,8.39,level
2020-12-24,8.53,level
2020-12-25,8.79,level
2020-12-28,8.62,level
2020-12-29,8.58,level
2020-12-30,8.45,level
2020-12-31,8.25,level
2021-01-05,8.27,level
2021-01-06,8.14,level
2021-01-08,8.16,level
2021-01-11,8.18,level
2021-01-12,8.14,level
2021-01-13,8.16,level
2021-01-14,8.17,level
2021-01-15,8.19,level
2021-01-18,8.19,level
2021-01-19,8.13,level
2021-01-20,8.23,level
2021-01-21,8.34,level
2021-01-22,8.29,level
2021-01-25,8.29,level
2021-01-26,8.25,level
2021-01-27,8.3,level
2021-01-28,8.28,level
2021-01-29,8.25,level
2021-02-01,8.15,level
2021-02-02,8.38,level
2021-02-03,8.27,level
2021-02-04,8.5,level
2021-02-05,8.47,level
2021-02-08,8.73,level
2021-02-09,8.55,level
2021-02-10,8.53,level
2021-02-11,8.64,level
2021-02-12,8.56,level
2021-02-15,8.49,level
2021-02-16,8.49,level
2021-02-17,8.46,level
2021-02-18,8.5,level
2021-02-19,8.44,level
2021-02-22,8.69,level
2021-02-23,8.91,level
2021-02-24,9.56,level
2021-02-25,9.96,level
2021-02-26,9.94,level
2021-03-01,9.83,level
2021-03-02,9.32,level
2021-03-03,8.96,level
2021-03-04,9.11,level
2021-03-05,8.86,level
2021-03-09,9.02,level
2021-03-10,9.2,level
2021-03-11,9.45,level
2021-03-12,9.18,level
2021-03-15,9.37,level
2021-03-16,9.56,level
2021-03-17,9.47,level
2021-03-18,9.7,level
2021-03-19,9.55,level
2021-03-25,8.97,level
2021-03-26,8.58,level
2021-03-29,8.45,level
2021-03-30,8.43,level
2021-03-31,9.3,level
2021-04-01,8.81,level
2021-04-02,8.66,level
2021-04-05,8.41,level
2021-04-06,8.38,level
2021-04-07,8.41,level
2021-04-08,8.41,level
2021-04-09,8.43,level
2021-04-12,8.88,level
2021-04-13,9.12,level
2021-04-14,9.51,level
2021-04-15,9.49,level
2021-04-16,9.14,level
2021-04-19,8.81,level
2021-04-20,8.76,level
2021-04-21,8.67,level
2021-04-22,8.51,level
2021-04-23,8.54,level
2021-04-26,8.51,level
2021-04-27,8.58,level
2021-04-28,8.48,level
2021-04-29,8.44,level
2021-04-30,8.38,level
2021-05-04,8.39,level
2021-05-05,8.2,level
2021-05-06,8.11,level
2021-05-11,8.08,level
2021-05-12,8.04,level
2021-05-13,8.06,level
2021-05-14,8.04,level
2021-05-17,8.04,level
2021-05-18,8.03,level
2021-05-19,8.04,level
2021-05-20,8.03,level
2021-05-21,8.03,level
2021-05-24,8.23,level
2021-05-25,8.23,level
2021-05-26,8.17,level
2021-05-27,8.14,level
2021-05-28,8.14,level
2021-05-31,8.11,level
2021-06-01,8.1,level
2021-06-02,8.13,level
2021-06-03,8.24,level
2021-06-04,8.28,level
2021-06-07,8.32,level
2021-06-08,8.3,level
2021-06-09,8.44,level
2021-06-10,8.14,level
2021-06-11,8.12,level
2021-06-14,8.14,level
2021-06-15,8.13,level
2021-06-16,8.19,level
2021-06-17,8.47,level
2021-06-18,8.88,level
2021-06-21,8.56,level
2021-06-22,8.41,level
2021-06-23,8.45,level
2021-06-24,8.41,level
2021-06-25,8.39,level
2021-06-28,8.47,level
2021-06-29,8.5,level
2021-06-30,8.44,level
2021-07-01,8.45,level
2021-07-02,8.37,level
2021-07-03,8.39,level
2021-07-07,8.3,level
2021-07-08,8.27,level
2021-07-09,8.24,level
2021-07-12,8.28,level
2021-07-13,8.3,level
2021-07-14,8.4,level
2021-07-15,8.36,level
2021-07-16,8.43,level
2021-07-19,8.44,level
2021-07-21,8.4,level
2021-07-22,8.36,level
2021-07-23,8.35,level
2021-07-26,8.63,level
2021-07-27,8.81,level
2021-07-28,8.75,level
2021-07-29,8.51,level
2021-07-30,8.74,level
2021-08-02,8.56,level
2021-08-03,8.68,level
2021-08-04,8.58,level
2021-08-05,8.52,level
2021-08-06,8.52,level
2021-08-09,8.55,level
2021-08-10,8.6,level
2021-08-11,8.71,level
2021-08-12,8.89,level
2021-08-13,9.11,level
2021-08-16,9.05,level
2021-08-17,9.04,level
2021-08-18,9.06,level
2021-08-19,8.95,level
2021-08-20,8.86,level
2021-08-23,9.04,level
2021-08-24,9.98,level
2021-08-25,9.73,level
2021-08-26,9.76,level
2021-08-27,9.76,level
2021-08-31,9.31,level
2021-09-01,8.74,level
2021-09-02,8.57,level
2021-09-03,8.54,level
2021-09-06,8.46,level
2021-09-07,8.48,level
2021-09-08,8.43,level
2021-09-09,8.4,level
2021-09-10,8.32,level
2021-09-13,8.35,level
2021-09-14,8.58,level
2021-09-15,8.54,level
2021-09-16,8.58,level
2021-09-17,8.63,level
2021-09-20,8.7,level
2021-09-21,8.87,level
2021-09-22,9.88,level
2021-09-23,10.23,level
2021-09-24,9.89,level
2021-09-27,9.96,level
2021-09-28,9.75,level
2021-09-29,9.35,level
2021-09-30,8.98,level
2021-10-01,8.68,level
2021-10-04,8.6,level
2021-10-05,8.61,level
2021-10-06,8.69,level
2021-10-07,8.71,level
2021-10-08,8.71,level
2021-10-11,8.71,level
2021-10-12,8.78,level
2021-10-13,8.87,level
2021-10-14,8.92,level
2021-10-15,8.91,level
2021-10-18,8.88,level
2021-10-19,8.86,level
2021-10-20,8.89,level
2021-10-21,8.87,level
2021-10-22,8.91,level
2021-10-25,8.99,level
2021-10-26,9.65,level
2021-10-27,10.07,level
2021-10-28,10.0,level
2021-10-29,10.4,level
2021-11-01,9.7,level
2021-11-02,9.44,level
2021-11-03,8.87,level
2021-11-04,8.78,level
2021-11-05,8.77,level
2021-11-08,8.79,level
2021-11-09,8.79,level
2021-11-10,8.86,level
2021-11-11,9.0,level
2021-11-12,9.25,level
2021-11-15,9.08,level
2021-11-16,9.05,level
2021-11-17,9.06,level
2021-11-18,8.98,level
2021-11-19,8.96,level
2021-11-22,8.96,level
2021-11-23,9.31,level
2021-11-24,10.39,level
2021-11-25,10.47,level
2021-11-26,10.56,level
2021-11-29,10.25,level
2021-11-30,10.57,level
2021-12-02,10.55,level
2021-12-03,10.64,level
2021-12-06,10.67,level
2021-12-07,10.62,level
2021-12-08,10.62,level
2021-12-09,10.66,level
2021-12-10,10.69,level
2021-12-13,10.66,level
2021-12-14,10.71,level
2021-12-15,10.63,level
2021-12-20,10.59,level
2021-12-21,10.62,level
2021-12-22,10.36,level
2021-12-23,10.11,level
2021-12-24,9.88,level
2021-12-27,10.16,level
2021-12-28,10.15,level
2021-12-29,10.48,level
2021-12-30,10.61,level
2021-12-31,10.56,level
2022-01-05,9.97,level
2022-01-10,10.35,level
2022-01-11,9.99,level
2022-01-12,9.71,level
2022-01-13,9.62,level
2022-01-14,9.47,level
2022-01-17,9.38,level
2022-01-18,9.6,level
2022-01-19,10.15,level
2022-01-20,10.46,level
2022-01-21,10.54,level
2022-01-24,10.51,level
2022-01-25,11.03,level
2022-01-26,11.05,level
2022-01-27,11.04,level
2022-01-28,10.99,level
2022-01-31,11.02,level
2022-02-01,11.03,level
2022-02-02,11.08,level
2022-02-03,11.03,level
2022-02-04,10.68,level
2022-02-07,10.7,level
2022-02-08,9.92,level
2022-02-09,10.08,level
2022-02-10,10.09,level
2022-02-11,10.21,level
2022-02-14,10.24,level
2022-02-15,10.05,level
2022-02-16,10.02,level
2022-02-17,9.86,level
2022-02-18,9.88,level
2022-02-21,10.24,level
2022-02-22,11.05,level
2022-02-23,11.05,level
2022-02-24,14.42,level
2022-02-25,14.43,level
2022-02-28,14.47,level
2022-03-01,14.45,level
2022-03-02,14.46,level
2022-03-03,14.45,level
2022-03-04,14.21,level
2022-03-05,14.16,level
2022-03-09,13.83,level
2022-03-10,13.81,level
2022-03-11,13.98,level
2022-03-14,13.88,level
2022-03-15,14.16,level
2022-03-16,14.16,level
2022-03-17,14.26,level
2022-03-18,14.35,level
2022-03-24,14.07,level
2022-03-25,14.01,level
2022-03-28,13.84,level
2022-03-29,13.83,level
2022-03-30,13.69,level
2022-03-31,13.7,level
2022-04-01,13.22,level
2022-04-04,13.17,level
2022-04-05,12.99,level
2022-04-06,12.76,level
2022-04-07,12.7,level
2022-04-08,12.87,level
2022-04-11,13.61,level
2022-04-12,14.15,level
2022-04-13,14.03,level
2022-04-14,14.01,level
2022-04-15,14.02,level
2022-04-18,13.95,level
2022-04-19,13.97,level
2022-04-20,13.99,level
2022-04-21,14.05,level
2022-04-22,13.97,level
2022-04-25,13.98,level
2022-04-26,14.43,level
2022-04-27,14.38,level
2022-04-28,14.42,level
2022-04-29,14.53,level
2022-05-03,14.46,level
2022-05-04,14.44,level
2022-05-05,14.37,level
2022-05-06,14.44,level
2022-05-11,14.14,level
2022-05-12,13.61,level
2022-05-13,13.51,level
2022-05-16,13.81,level
2022-05-17,14.11,level
2022-05-18,14.27,level
2022-05-19,14.35,level
2022-05-20,14.16,level
2022-05-23,14.52,level
2022-05-24,14.85,level
2022-05-25,14.89,level
2022-05-26,14.87,level
2022-05-27,14.92,level
2022-05-30,14.79,level
2022-05-31,14.89,level
2022-06-01,14.88,level
2022-06-02,14.55,level
2022-06-03,14.58,level
2022-06-06,14.26,level
2022-06-07,13.95,level
2022-06-08,13.68,level
2022-06-09,13.64,level
2022-06-10,13.42,level
2022-06-13,13.33,level
2022-06-14,13.25,level
2022-06-15,13.2,level
2022-06-16,13.11,level
2022-06-17,13.07,level
2022-06-20,13.42,level
2022-06-21,13.11,level
2022-06-22,13.08,level
2022-06-23,13.09,level
2022-06-24,13.07,level
2022-06-27,13.08,level
2022-06-28,13.23,level
2022-06-29,13.22,level
2022-06-30,13.39,level
2022-07-01,13.06,level
2022-07-04,13.05,level
2022-07-05,13.01,level
2022-07-07,12.98,level
2022-07-08,12.8,level
2022-07-11,12.98,level
2022-07-12,12.98,level
2022-07-13,13.0,level
2022-07-14,13.0,level
2022-07-15,13.0,level
2022-07-18,13.0,level
2022-07-19,13.0,level
2022-07-20,12.86,level
2022-07-21,13.0,level
2022-07-22,13.0,level
2022-07-25,13.0,level
2022-07-26,13.5,level
2022-07-27,13.5,level
2022-07-28,13.5,level
2022-07-29,13.49,level
2022-08-01,13.46,level
2022-08-02,13.49,level
2022-08-03,13.49,level
2022-08-04,13.5,level
2022-08-05,13.5,level
2022-08-08,13.5,level
2022-08-09,13.5,level
2022-08-10,13.5,level
2022-08-11,13.5,level
2022-08-12,13.5,level
2022-08-15,13.5,level
2022-08-16,13.5,level
2022-08-17,13.5,level
2022-08-18,13.5,level
2022-08-19,13.5,level
2022-08-22,13.5,level
2022-08-23,13.54,level
2022-08-24,14.54,level
2022-08-25,14.97,level
2022-08-26,15.25,level
2022-08-27,15.04,level
2022-08-31,15.13,level
2022-09-01,15.21,level
2022-09-02,15.29,level
2022-09-05,15.1,level
2022-09-06,15.09,level
2022-09-07,14.44,level
2022-09-08,13.95,level
2022-09-09,13.61,level
2022-09-12,13.54,level
2022-09-13,13.67,level
2022-09-14,14.34,level
2022-09-15,13.98,level
2022-09-16,14.35,level
2022-09-19,14.46,level
2022-09-20,14.68,level
2022-09-21,14.65,level
2022-09-22,14.37,level
2022-09-23,14.34,level
2022-09-26,14.43,level
2022-09-27,14.39,level
2022-09-28,14.35,level
2022-09-29,14.25,level
2022-09-30,14.68,level
2022-10-03,14.37,level
2022-10-04,15.02,level
2022-10-05,14.83,level
2022-10-06,14.79,level
2022-10-07,14.88,level
2022-10-10,14.47,level
2022-10-11,14.55,level
2022-10-12,14.19,level
2022-10-13,14.25,level
2022-10-14,14.15,level
2022-10-17,14.09,level
2022-10-18,14.01,level
2022-10-19,14.27,level
2022-10-20,14.34,level
2022-10-21,14.54,level
2022-10-22,14.59,level
2022-10-26,14.64,level
2022-10-27,15.76,level
2022-10-28,15.42,level
2022-10-31,15.41,level
2022-11-01,15.23,level
2022-11-02,15.14,level
2022-11-03,15.09,level
2022-11-04,15.01,level
2022-11-07,15.0,level
2022-11-08,15.01,level
2022-11-09,15.01,level
2022-11-10,15.01,level
2022-11-11,15.06,level
2022-11-14,15.04,level
2022-11-15,15.02,level
2022-11-16,15.07,level
2022-11-17,15.07,level
2022-11-18,15.03,level
2022-11-21,15.15,level
2022-11-22,15.33,level
2022-11-23,15.25,level
2022-11-24,15.98,level
2022-11-25,16.75,level
2022-11-28,16.78,level
2022-11-29,16.74,level
2022-11-30,16.92,level
2022-12-01,16.89,level
2022-12-02,16.36,level
2022-12-05,16.04,level
2022-12-06,16.37,level
2022-12-07,16.27,level
2022-12-08,16.05,level
2022-12-09,15.88,level
2022-12-12,15.86,level
2022-12-13,15.83,level
2022-12-14,16.02,level
2022-12-15,15.92,level
2022-12-19,15.82,level
2022-12-20,15.82,level
2022-12-21,15.89,level
2022-12-22,15.86,level
2022-12-23,15.99,level
2022-12-26,16.38,level
2022-12-27,16.6,level
2022-12-28,16.79,level
2022-12-29,17.39,level
2022-12-30,17.63,level
2023-01-04,16.1,level
2023-01-05,15.9,level
2023-01-06,15.82,level
2023-01-09,15.86,level
2023-01-10,15.78,level
2023-01-11,15.76,level
2023-01-12,15.76,level
2023-01-13,15.76,level
2023-01-16,15.78,level
2023-01-17,15.76,level
2023-01-18,15.76,level
2023-01-19,15.76,level
2023-01-20,15.76,level
2023-01-23,15.78,level
2023-01-24,15.77,level
2023-01-25,15.77,level
2023-01-26,15.76,level
2023-01-27,15.76,level
2023-01-30,15.81,level
2023-01-31,16.16,level
2023-02-01,16.06,level
2023-02-02,16.03,level
2023-02-03,15.87,level
2023-02-06,15.82,level
2023-02-07,15.77,level
2023-02-08,15.76,level
2023-02-09,15.76,level
2023-02-10,15.76,level
2023-02-13,15.76,level
2023-02-14,15.75,level
2023-02-15,15.75,level
2023-02-16,15.75,level
2023-02-17,15.76,level
2023-02-20,15.77,level
2023-02-21,15.91,level
2023-02-22,16.29,level
2023-02-23,16.86,level
2023-02-24,17.24,level
2023-02-27,17.49,level
2023-02-28,17.53,level
2023-03-01,17.54,level
2023-03-02,17.61,level
2023-03-03,17.58,level
2023-03-06,17.59,level
2023-03-07,17.18,level
2023-03-09,16.31,level
2023-03-10,15.88,level
2023-03-13,15.89,level
2023-03-14,15.87,level
2023-03-15,15.8,level
2023-03-16,15.82,level
2023-03-17,15.85,level
2023-03-20,15.99,level
2023-03-24,16.43,level
2023-03-27,16.63,level
2023-03-28,16.56,level
2023-03-29,16.6,level
2023-03-30,16.58,level
2023-03-31,17.11,level
2023-04-03,16.66,level
2023-04-04,16.72,level
2023-04-05,17.11,level
2023-04-06,16.77,level
2023-04-07,16.28,level
2023-04-10,16.28,level
2023-04-11,16.36,level
2023-04-12,16.31,level
2023-04-13,16.4,level
2023-04-14,16.38,level
2023-04-17,16.65,level
2023-04-18,17.38,level
2023-04-19,17.53,level
2023-04-20,17.6,level
2023-04-21,17.59,level
2023-04-24,17.71,level
2023-04-25,17.72,level
2023-04-26,17.48,level
2023-04-27,16.74,level
2023-04-28,16.73,level
2023-05-02,16.83,level
2023-05-03,16.61,level
2023-05-04,16.28,level
2023-05-05,16.06,level
2023-05-10,16.04,level
2023-05-11,16.01,level
2023-05-12,15.92,level
2023-05-15,15.88,level
2023-05-16,15.84,level
2023-05-17,15.85,level
2023-05-18,15.85,level
2023-05-19,15.93,level
2023-05-22,16.8,level
2023-05-23,16.93,level
2023-05-24,17.39,level
2023-05-25,17.69,level
2023-05-26,17.69,level
2023-05-29,17.72,level
2023-05-30,17.65,level
2023-05-31,17.59,level
2023-06-01,16.95,level
2023-06-02,16.33,level
2023-06-05,16.11,level
2023-06-06,15.89,level
2023-06-07,15.79,level
2023-06-08,15.76,level
2023-06-09,15.76,level
2023-06-12,15.79,level
2023-06-13,15.78,level
2023-06-14,15.77,level
2023-06-15,15.77,level
2023-06-16,15.77,level
2023-06-19,15.79,level
2023-06-20,15.96,level
2023-06-21,15.9,level
2023-06-22,15.86,level
2023-06-23,15.96,level
2023-06-26,16.28,level
2023-06-27,16.77,level
2023-06-29,17.45,level
2023-06-30,17.61,level
2023-07-01,17.57,level
2023-07-03,17.58,level
2023-07-04,17.62,level
2023-07-05,17.33,level
2023-07-10,16.81,level
2023-07-11,16.36,level
2023-07-12,16.18,level
2023-07-13,16.16,level
2023-07-14,16.2,level
2023-07-17,16.74,level
2023-07-18,17.11,level
2023-07-19,17.03,level
2023-07-20,16.89,level
2023-07-21,16.66,level
2023-07-24,16.71,level
2023-07-25,16.56,level
2023-07-26,16.76,level
2023-07-27,16.86,level
2023-07-28,16.9,level
2023-07-31,17.0,level
2023-08-01,16.83,level
2023-08-02,16.93,level
2023-08-03,16.99,level
2023-08-04,16.93,level
2023-08-07,16.71,level
2023-08-08,16.76,level
2023-08-09,17.0,level
2023-08-10,17.16,level
2023-08-11,17.34,level
2023-08-14,17.08,level
2023-08-15,17.04,level
2023-08-16,17.05,level
2023-08-17,17.03,level
2023-08-18,17.08,level
2023-08-21,17.25,level
2023-08-22,17.39,level
2023-08-23,17.18,level
2023-08-24,17.27,level
2023-08-25,17.16,level
2023-08-28,17.14,level
2023-08-29,17.13,level
2023-08-31,17.2,level
2023-09-01,17.23,level
2023-09-04,17.11,level
2023-09-05,17.2,level
2023-09-06,17.25,level
2023-09-07,17.2,level
2023-09-08,17.02,level
2023-09-11,16.75,level
2023-09-12,16.64,level
2023-09-13,17.0,level
2023-09-14,16.94,level
2023-09-15,16.98,level
2023-09-18,16.81,level
2023-09-19,16.68,level
2023-09-20,16.78,level
2023-09-21,16.93,level
2023-09-22,17.0,level
2023-09-25,17.06,level
2023-09-26,17.13,level
2023-09-27,17.12,level
2023-09-28,17.16,level
2023-09-29,17.14,level
2023-10-02,16.92,level
2023-10-03,16.8,level
2023-10-04,16.27,level
2023-10-05,15.8,level
2023-10-06,15.58,level
2023-10-09,15.19,level
2023-10-10,15.45,level
2023-10-11,16.04,level
2023-10-12,16.43,level
2023-10-13,16.44,level
2023-10-16,16.53,level
2023-10-17,16.69,level
2023-10-18,16.64,level
2023-10-19,16.51,level
2023-10-20,16.27,level
2023-10-23,16.41,level
2023-10-24,16.71,level
2023-10-26,16.76,level
2023-10-27,16.81,level
2023-10-30,16.79,level
2023-10-31,16.79,level
2023-11-01,16.25,level
2023-11-02,15.75,level
2023-11-03,15.8,level
2023-11-06,15.97,level
2023-11-07,15.99,level
2023-11-08,15.91,level
2023-11-09,15.88,level
2023-11-10,15.76,level
2023-11-13,15.88,level
2023-11-14,15.68,level
2023-11-15,15.52,level
2023-11-16,15.35,level
2023-11-17,15.28,level
2023-11-20,15.21,level
2023-11-21,15.1,level
2023-11-22,15.08,level
2023-11-23,15.11,level
2023-11-24,15.11,level
2023-11-27,15.4,level
2023-11-28,16.03,level
2023-11-29,16.46,level
2023-11-30,16.56,level
2023-12-01,16.33,level
2023-12-04,15.88,level
2023-12-05,15.12,level
2023-12-06,14.88,level
2023-12-07,14.85,level
2023-12-08,14.8,level
2023-12-11,14.8,level
2023-12-12,14.79,level
2023-12-13,14.77,level
2023-12-14,14.75,level
2023-12-15,14.75,level
2023-12-19,14.75,level
2023-12-20,14.75,level
2023-12-21,14.75,level
2023-12-22,14.75,level
2023-12-25,14.76,level
2023-12-26,15.15,level
2023-12-27,15.35,level
2023-12-28,15.53,level
2023-12-29,16.19,level
2024-01-03,15.74,level
2024-01-04,14.88,level
2024-01-05,14.69,level
2024-01-08,14.7,level
2024-01-09,14.75,level
2024-01-10,14.65,level
2024-01-11,14.75,level
2024-01-12,14.75,level
2024-01-15,14.75,level
2024-01-16,14.75,level
2024-01-17,14.82,level
2024-01-18,15.54,level
2024-01-19,15.31,level
2024-01-22,15.01,level
2024-01-23,14.42,level
2024-01-24,14.61,level
2024-01-25,15.1,level
2024-01-26,15.01,level
2024-01-29,14.96,level
2024-01-30,14.51,level
2024-01-31,14.32,level
2024-02-01,14.21,level
2024-02-02,14.07,level
2024-02-05,14.12,level
2024-02-06,14.14,level
2024-02-07,14.07,level
2024-02-08,14.04,level
2024-02-09,14.01,level
2024-02-12,14.14,level
2024-02-13,14.38,level
2024-02-14,14.98,level
2024-02-15,14.48,level
2024-02-16,14.41,level
2024-02-19,14.31,level
2024-02-20,14.29,level
2024-02-21,14.47,level
2024-02-22,14.49,level
2024-02-23,14.79,level
2024-02-26,15.41,level
2024-02-27,15.61,level
2024-02-28,15.31,level
2024-02-29,15.03,level
2024-03-01,14.11,level
2024-03-04,13.88,level
2024-03-05,13.55,level
2024-03-06,13.51,level
2024-03-07,13.5,level
2024-03-11,13.58,level
2024-03-12,13.62,level
2024-03-13,13.72,level
2024-03-14,13.57,level
2024-03-15,13.54,level
2024-03-18,13.48,level
2024-03-19,13.62,level
2024-03-20,13.83,level
2024-03-26,13.79,level
2024-03-27,13.74,level
2024-03-28,13.79,level
2024-03-29,13.91,level
2024-04-01,14.0,level
2024-04-02,13.83,level
2024-04-03,13.52,level
2024-04-04,13.24,level
2024-04-05,13.2,level
2024-04-08,13.64,level
2024-04-09,13.5,level
2024-04-10,13.46,level
2024-04-11,13.06,level
2024-04-12,12.92,level
2024-04-15,12.93,level
2024-04-16,13.44,level
2024-04-17,13.48,level
2024-04-18,13.28,level
2024-04-19,13.66,level
2024-04-22,13.81,level
2024-04-23,13.8,level
2024-04-24,13.98,level
2024-04-25,14.21,level
2024-04-26,15.08,level
2024-04-29,15.21,level
2024-04-30,14.23,level
2024-05-02,13.72,level
2024-05-03,13.28,level
2024-05-04,13.4,level
2024-05-06,13.85,level
2024-05-10,13.65,level
2024-05-13,13.58,level
2024-05-14,13.68,level
2024-05-15,13.74,level
2024-05-16,15.32,level
2024-05-17,15.13,level
2024-05-20,13.87,level
2024-05-21,13.08,level
2024-05-22,13.04,level
2024-05-23,13.07,level
2024-05-24,13.0,level
2024-05-27,12.88,level
2024-05-28,13.17,level
2024-05-29,13.47,level
2024-05-30,13.15,level
2024-05-31,13.06,level
2024-06-03,13.0,level
2024-06-04,13.14,level
2024-06-05,13.34,level
2024-06-06,13.61,level
2024-06-07,13.94,level
2024-06-10,13.62,level
2024-06-11,13.61,level
2024-06-12,13.55,level
2024-06-13,13.57,level
2024-06-14,13.54,level
2024-06-17,13.49,level
2024-06-18,13.43,level
2024-06-19,13.38,level
2024-06-20,13.51,level
2024-06-21,14.45,level
2024-06-24,15.08,level
2024-06-25,14.37,level
2024-06-26,13.25,level
2024-06-27,13.08,level
2024-06-28,13.12,level
2024-07-01,13.09,level
2024-07-02,12.97,level
2024-07-03,12.98,level
2024-07-04,13.16,level
2024-07-05,13.07,level
2024-07-09,13.13,level
2024-07-10,13.02,level
2024-07-11,13.03,level
2024-07-12,13.03,level
2024-07-15,13.03,level
2024-07-16,13.09,level
2024-07-17,13.17,level
2024-07-18,13.14,level
2024-07-19,13.13,level
2024-07-22,13.16,level
2024-07-23,13.13,level
2024-07-24,13.42,level
2024-07-25,14.12,level
2024-07-26,14.22,level
2024-07-29,13.62,level
2024-07-30,13.42,level
2024-07-31,13.75,level
2024-08-01,13.42,level
2024-08-02,13.02,level
2024-08-05,13.03,level
2024-08-06,12.99,level
2024-08-07,13.0,level
2024-08-08,12.99,level
2024-08-09,13.0,level
2024-08-12,12.99,level
2024-08-13,13.05,level
2024-08-14,13.14,level
2024-08-15,13.03,level
2024-08-16,13.14,level
2024-08-19,13.2,level
2024-08-20,13.18,level
2024-08-21,13.13,level
2024-08-22,13.12,level
2024-08-23,13.13,level
2024-08-26,13.14,level
2024-08-27,13.19,level
2024-08-28,13.24,level
2024-08-29,13.29,level
2024-09-02,13.07,level
2024-09-03,12.97,level
2024-09-04,13.04,level
2024-09-05,13.18,level
2024-09-06,13.25,level
2024-09-09,13.5,level
2024-09-10,13.76,level
2024-09-11,13.62,level
2024-09-12,13.25,level
2024-09-13,13.22,level
2024-09-16,13.34,level
2024-09-17,13.35,level
2024-09-18,13.29,level
2024-09-19,13.26,level
2024-09-20,13.26,level
2024-09-23,13.38,level
2024-09-24,14.17,level
2024-09-25,14.44,level
2024-09-26,14.06,level
2024-09-27,13.39,level
2024-09-30,13.18,level
2024-10-01,13.23,level
2024-10-02,13.28,level
2024-10-03,13.33,level
2024-10-04,13.52,level
2024-10-07,13.85,level
2024-10-08,14.1,level
2024-10-09,13.79,level
2024-10-10,13.99,level
2024-10-11,13.83,level
2024-10-14,13.79,level
2024-10-15,13.8,level
2024-10-16,13.94,level
2024-10-17,13.84,level
2024-10-18,13.77,level
2024-10-21,14.03,level
2024-10-22,14.52,level
2024-10-23,13.79,level
2024-10-24,13.81,level
2024-10-28,13.77,level
2024-10-29,13.5,level
2024-10-30,13.58,level
2024-10-31,13.67,level
2024-11-01,13.62,level
2024-11-04,13.63,level
2024-11-05,13.66,level
2024-11-06,13.76,level
2024-11-07,13.66,level
2024-11-08,13.6,level
2024-11-11,13.73,level
2024-11-12,13.81,level
2024-11-13,13.82,level
2024-11-14,13.67,level
2024-11-15,13.65,level
2024-11-18,13.65,level
2024-11-19,13.58,level
2024-11-20,13.61,level
2024-11-21,13.77,level
2024-11-22,13.78,level
2024-11-25,13.71,level
2024-11-26,13.69,level
2024-11-27,13.71,level
2024-11-28,14.02,level
2024-11-29,14.96,level
2024-12-02,14.9,level
2024-12-03,14.78,level
2024-12-04,14.62,level
2024-12-05,14.57,level
2024-12-06,14.82,level
2024-12-09,15.02,level
2024-12-10,14.89,level
2024-12-11,14.78,level
2024-12-12,14.71,level
2024-12-13,14.8,level
2024-12-17,14.79,level
2024-12-18,14.73,level
2024-12-19,14.78,level
2024-12-20,14.91,level
2024-12-23,14.92,level
2024-12-24,14.87,level
2024-12-25,14.68,level
2024-12-26,15.08,level
2024-12-27,15.05,level
2024-12-30,15.02,level
2024-12-31,14.44,level
2025-01-05,14.43,level
2025-01-06,14.3,level
2025-01-08,14.31,level
2025-01-09,14.68,level
2025-01-10,15.93,level
2025-01-13,14.83,level
2025-01-14,14.63,level
2025-01-15,14.76,level
2025-01-16,14.71,level
2025-01-17,14.99,level
2025-01-20,14.83,level
2025-01-21,14.76,level
2025-01-22,14.84,level
2025-01-23,14.98,level
2025-01-24,15.06,level
2025-01-27,14.97,level
2025-01-28,14.82,level
2025-01-29,14.46,level
2025-01-30,14.41,level
2025-01-31,14.58,level
2025-02-03,14.62,level
2025-02-04,14.78,level
2025-02-05,14.82,level
2025-02-06,14.79,level
2025-02-07,14.87,level
2025-02-10,14.68,level
2025-02-11,14.63,level
2025-02-12,14.62,level
2025-02-13,14.63,level
2025-02-14,14.75,level
2025-02-17,14.65,level
2025-02-18,15.11,level
2025-02-19,14.91,level
2025-02-20,14.82,level
2025-02-21,14.76,level
2025-02-24,15.05,level
2025-02-25,15.72,level
2025-02-26,15.71,level
2025-02-27,15.08,level
2025-02-28,14.71,level
2025-03-03,14.54,level
2025-03-04,14.53,level
2025-03-05,14.69,level
2025-03-06,14.42,level
2025-03-07,14.65,level
2025-03-11,15.58,level
2025-03-12,15.51,level
2025-03-13,15.85,level
2025-03-14,15.64,level
2025-03-17,15.63,level
2025-03-18,15.72,level
2025-03-19,16.06,level
2025-03-20,16.07,level
2025-03-26,15.78,level
2025-03-27,15.82,level
2025-03-28,16.17,level
2025-03-31,16.66,level
2025-04-01,16.82,level
2025-04-02,16.02,level
2025-04-03,15.73,level
2025-04-04,15.84,level
2025-04-07,16.16,level
2025-04-08,16.83,level
2025-04-09,16.61,level
2025-04-10,15.9,level
2025-04-11,15.91,level
2025-04-14,15.75,level
2025-04-15,15.64,level
2025-04-16,15.64,level
2025-04-17,15.51,level
2025-04-18,15.63,level
2025-04-21,15.94,level
2025-04-22,16.12,level
2025-04-23,16.01,level
2025-04-24,16.09,level
2025-04-25,15.85,level
2025-04-28,15.73,level
2025-04-29,15.6,level
2025-04-30,15.54,level
2025-05-02,15.64,level
2025-05-05,15.78,level
2025-05-06,15.78,level
2025-05-08,15.81,level
2025-05-12,15.62,level
2025-05-13,15.53,level
2025-05-14,15.69,level
2025-05-15,15.75,level
2025-05-16,15.99,level
2025-05-19,15.82,level
2025-05-20,15.61,level
2025-05-21,15.65,level
2025-05-22,15.73,level
2025-05-23,16.0,level
2025-05-26,16.01,level
2025-05-27,15.69,level
2025-05-28,15.43,level
2025-05-29,15.46,level
2025-05-30,15.42,level
2025-06-02,15.5,level
2025-06-03,15.17,level
2025-06-04,14.97,level
2025-06-05,15.04,level
2025-06-09,14.96,level
2025-06-10,15.41,level
2025-06-11,15.75,level
2025-06-12,15.55,level
2025-06-13,15.57,level
2025-06-16,15.62,level
2025-06-17,15.67,level
2025-06-18,15.59,level
2025-06-19,15.52,level
2025-06-20,15.52,level
2025-06-23,15.51,level
2025-06-24,15.51,level
2025-06-25,15.52,level
2025-06-26,15.51,level
2025-06-27,15.5,level
2025-06-30,15.5,level
2025-07-01,15.54,level
2025-07-02,15.52,level
2025-07-03,15.51,level
2025-07-04,15.52,level
2025-07-08,15.51,level
2025-07-09,15.53,level
2025-07-10,15.55,level
2025-07-11,15.51,level
2025-07-14,15.51,level
2025-07-15,15.51,level
2025-07-16,15.56,level
2025-07-17,15.7,level
2025-07-18,15.68,level
2025-07-21,15.65,level
2025-07-22,15.64,level
2025-07-23,15.63,level
2025-07-24,15.62,level
2025-07-25,15.65,level
2025-07-28,15.64,level
2025-07-29,15.59,level
2025-07-30,15.65,level
2025-07-31,15.57,level
2025-08-01,15.54,level
2025-08-04,15.54,level
2025-08-05,15.52,level
2025-08-06,15.51,level
2025-08-07,15.51,level
2025-08-08,15.51,level
2025-08-11,15.5,level
2025-08-12,15.5,level
2025-08-13,15.5,level
2025-08-14,15.5,level
2025-08-15,15.5,level
2025-08-18,15.5,level
2025-08-19,15.5,level
2025-08-20,15.5,level
2025-08-21,15.5,level
2025-08-22,15.5,level
2025-08-25,15.51,level
2025-08-26,15.55,level
2025-08-27,15.7,level
2025-08-28,15.88,level
2025-08-29,15.66,level
2025-09-02,15.69,level
2025-09-03,15.65,level
2025-09-04,15.83,level
2025-09-05,15.84,level
2025-09-08,15.9,level
2025-09-09,16.11,level
2025-09-10,16.41,level
2025-09-11,16.33,level
2025-09-12,15.8,level
2025-09-15,15.75,level
2025-09-16,15.78,level
2025-09-17,15.59,level
2025-09-18,15.63,level
2025-09-19,15.72,level
2025-09-22,15.77,level
2025-09-23,15.77,level
2025-09-24,15.85,level
2025-09-25,16.07,level
2025-09-26,15.91,level
2025-09-29,15.74,level
2025-09-30,15.7,level
2025-10-01,15.86,level
2025-10-02,15.73,level
2025-10-03,15.72,level
2025-10-06,15.56,level
2025-10-07,15.52,level
2025-10-08,15.53,level
2025-10-09,15.59,level
2025-10-10,16.07,level
2025-10-13,16.96,level
2025-10-14,16.85,level
2025-10-15,17.02,level
2025-10-16,17.07,level
2025-10-17,17.01,level
2025-10-20,17.0,level
2025-10-21,17.12,level
2025-10-22,17.17,level
2025-10-23,17.07,level
2025-10-24,17.01,level
2025-10-28,17.13,level
2025-10-29,17.18,level
2025-10-30,17.57,level
2025-10-31,17.33,level
2025-11-03,17.04,level
2025-11-04,17.02,level
2025-11-05,17.03,level
2025-11-06,17.04,level
2025-11-07,17.0,level
2025-11-10,17.02,level
2025-11-11,17.0,level
2025-11-12,17.0,level
2025-11-13,17.0,level
2025-11-14,17.0,level
2025-11-17,17.0,level
2025-11-18,17.0,level
2025-11-19,17.0,level
2025-11-20,17.0,level
2025-11-21,17.05,level
2025-11-24,17.15,level
2025-11-25,17.34,level
2025-11-26,17.6,level
2025-11-27,17.46,level
2025-11-28,17.52,level
2025-12-01,17.19,level
2025-12-02,17.05,level
2025-12-03,17.07,level
2025-12-04,17.17,level
2025-12-05,17.06,level
2025-12-08,17.16,level
2025-12-09,17.07,level
2025-12-10,17.06,level
2025-12-11,17.04,level
2025-12-12,17.01,level
2025-12-15,17.01,level
2025-12-17,17.01,level
2025-12-18,17.0,level
2025-12-19,17.0,level
2025-12-22,17.0,level
2025-12-23,17.02,level
2025-12-24,17.03,level
2025-12-25,17.06,level
2025-12-26,17.02,level
2025-12-29,17.08,level
2025-12-30,17.0,level
2025-12-31,17.0,level
2026-01-05,17.0,level
2026-01-06,17.0,level
2026-01-08,17.0,level
2026-01-09,17.0,level
2026-01-12,17.01,level
2026-01-13,17.0,level
2026-01-14,17.0,level
2026-01-15,17.01,level
2026-01-16,17.17,level
2026-01-19,17.46,level
2026-01-20,17.62,level
2026-01-21,17.67,level
2026-01-22,17.54,level
2026-01-23,17.59,level
2026-01-26,17.8,level
2026-01-27,17.93,level
2026-01-28,18.06,level
2026-01-29,18.05,level
2026-01-30,17.95,level
2026-02-02,17.56,level
2026-02-03,17.36,level
2026-02-04,17.43,level
2026-02-05,17.39,level
2026-02-06,17.32,level
2026-02-09,17.2,level
2026-02-10,17.13,level
2026-02-11,17.1,level
2026-02-12,17.04,level
2026-02-13,17.01,level
2026-02-16,17.0,level
2026-02-17,17.01,level
2026-02-18,17.04,level
2026-02-19,17.04,level
2026-02-20,17.07,level
2026-02-23,17.18,level
2026-02-24,17.3,level
2026-02-25,17.34,level
2026-02-26,17.8,level
2026-02-27,17.97,level
2026-03-02,17.51,level
2026-03-03,17.74,level
2026-03-04,18.03,level
2026-03-05,18.19,level
2026-03-06,18.06,level
2026-03-10,17.61,level
2026-03-11,17.6,level
2026-03-12,17.5,level
2026-03-13,17.41,level
2026-03-16,17.68,level
2026-03-17,18.1,level
2026-03-18,17.86,level
2026-03-19,17.73,level
2026-03-20,17.77,level
2026-03-26,17.77,level
2026-03-27,17.81,level
2026-03-30,17.79,level
2026-03-31,18.25,level
2026-04-01,18.35,level
2026-04-02,18.08,level
2026-04-03,17.9,level
2026-04-06,17.86,level
2026-04-07,17.64,level
2026-04-08,17.66,level
2026-04-09,18.04,level
2026-04-10,17.86,level
2026-04-13,18.04,level
2026-04-14,18.16,level
2026-04-15,18.56,level
2026-04-16,18.57,level
2026-04-17,18.06,level
2026-04-20,17.97,level
2026-04-21,17.81,level
2026-04-22,17.67,level
2026-04-23,17.67,level
2026-04-24,17.71,level
2026-04-27,17.87,level
2026-04-28,18.0,level
2026-04-29,18.41,level
2026-04-30,18.19,level
2026-05-04,17.83,level
2026-05-05,17.64,level
2026-05-06,17.48,level
2026-05-08,17.64,level
2026-05-12,17.56,level
2026-05-13,17.64,level
2026-05-14,17.63,level
2026-05-15,17.52,level
2026-05-18,17.61,level
2026-05-19,17.62,level
2026-05-20,17.48,level
2026-05-21,17.45,level
2026-05-22,17.58,level
2026-05-25,17.72,level
2026-05-26,18.12,level
2026-05-28,18.42,level
2026-05-29,18.71,level
2026-06-01,18.47,level
2026-06-02,18.21,level
2026-06-03,18.18,level
2026-06-04,18.03,level
2026-06-05,17.79,level
2026-06-08,16.56,level
2026-06-09,16.53,level
2026-06-10,16.84,level
2026-06-11,17.11,level
2026-06-12,17.18,level
2026-06-15,16.88,level
2026-06-16,16.9,level
2026-06-17,16.64,level
2026-06-18,16.5,level
2026-06-19,16.59,level
2026-06-22,16.67,level
2026-06-23,16.69,level
2026-06-24,16.72,level
2026-06-25,16.72,level
2026-06-26,16.83,level
2026-06-29,16.8,level
2026-06-30,16.24,level
2026-07-01,16.36,level
2026-07-02,16.59,level
2026-07-03,16.9,level
2026-07-07,16.55,level
2026-07-08,16.41,level
2026-07-09,16.47,level
2026-07-10,16.61,level
2026-07-13,16.73,level
2026-07-14,16.79,level
2026-07-15,16.79,level
2026-07-16,16.76,level
2026-07-17,16.72,level
2026-07-20,16.67,level
2026-07-21,16.72,level
2026-07-22,16.64,level
2026-07-23,16.51,level
2026-07-24,16.29,level
2026-07-27,16.56,level
2026-07-28,16.43,level
2026-07-29,16.15,level
2026-07-30,16.21,level
2026-07-31,15.72,level
2026-08-03,15.62,level
2026-08-04,15.86,level
2026-08-05,15.84,level
2026-08-06,15.81,level
2026-08-07,15.77,level
2026-08-10,15.8,level
2026-08-11,15.77,level
2026-08-12,15.76,level
2026-08-13,15.8,level
2026-08-14,15.85,level
2026-08-17,15.83,level
2026-08-18,15.95,level
2026-08-19,16.03,level
2026-08-20,16.01,level
2026-08-21,16.04,level
2026-08-24,16.13,level
2026-08-25,16.69,level
2026-08-26,17.26,level
2026-08-27,17.33,level
2026-08-28,16.91,level
2026-08-31,16.27,level
2026-09-01,16.12,level
2026-09-02,16.17,level
2026-09-03,16.25,level
2026-09-04,16.06,level
2026-09-07,15.89,level
2026-09-08,15.84,level
2026-09-09,15.93,level
2026-09-10,15.83,level
2026-09-11,15.87,level
2026-09-14,15.96,level
2026-09-15,15.87,level
2026-09-16,15.96,level
2026-09-17,15.9,level
2026-09-18,15.9,level
2026-09-21,15.86,level
2026-09-22,15.95,level
2026-09-23,16.05,level
2026-09-24,16.13,level
2026-09-25,16.15,level
