date,region,item_code,item_name,value,transformation
2010-01-01,national,A,"Сельское, лесное и рыбное хозяйство — 1 квартал к 1 кварталу прошлого года",102.3,level
2010-01-01,national,B,Горнодобывающая промышленность и разработка карьеров — 1 квартал к 1 кварталу прошлого года,107.2,level
2010-01-01,national,C,Обрабатывающая промышленность — 1 квартал к 1 кварталу прошлого года,121.4,level
2010-01-01,national,D,"Снабжение электроэнергией, газом, паром, горячей водой и кондиционированным воздухом — 1 квартал к 1 кварталу прошлого года",108.3,level
2010-01-01,national,E,"Водоснабжение; водоотведение; сбор, обработка и удаление отходов, деятельность по ликвидации загрязнений — 1 квартал к 1 кварталу прошлого года",110.1,level
2010-01-01,national,F,Строительство — 1 квартал к 1 кварталу прошлого года,91.3,level
2010-01-01,national,FISIM,Косвенно измеряемые услуги финансового посредничества — 1 квартал к 1 кварталу прошлого года,76.9,level
2010-01-01,national,G,Оптовая и розничная торговля; ремонт автомобилей и мотоциклов — 1 квартал к 1 кварталу прошлого года,111.5,level
2010-01-01,national,GDP,Валовой внутренний продукт — 1 квартал к 1 кварталу прошлого года,107.1,level
2010-01-01,national,GOODS,Производство товаров — 1 квартал к 1 кварталу прошлого года,107.6,level
2010-01-01,national,GVA,Валовая добавленная стоимость — 1 квартал к 1 кварталу прошлого года,107.4,level
2010-01-01,national,H,Транспорт и складирование — 1 квартал к 1 кварталу прошлого года,105.2,level
2010-01-01,national,I,Предоставление услуг по проживанию и питанию — 1 квартал к 1 кварталу прошлого года,104.8,level
2010-01-01,national,IND,Промышленность — 1 квартал к 1 кварталу прошлого года,112.5,level
2010-01-01,national,J,Информация и связь — 1 квартал к 1 кварталу прошлого года,105.9,level
2010-01-01,national,K,Финансовая и страховая деятельность — 1 квартал к 1 кварталу прошлого года,77.8,level
2010-01-01,national,L,Операции с недвижимым имуществом — 1 квартал к 1 кварталу прошлого года,104.1,level
2010-01-01,national,M,"Профессиональная, научная и техническая деятельность — 1 квартал к 1 кварталу прошлого года",109.5,level
2010-01-01,national,N,Деятельность в области административного и вспомогательного обслуживания — 1 квартал к 1 кварталу прошлого года,107.9,level
2010-01-01,national,O,Государственное управление и оборона; обязательное социальное обеспечение — 1 квартал к 1 кварталу прошлого года,102.7,level
2010-01-01,national,P,Образование — 1 квартал к 1 кварталу прошлого года,103.1,level
2010-01-01,national,Q,Здравоохранение и социальное обслуживание населения — 1 квартал к 1 кварталу прошлого года,104.8,level
2010-01-01,national,R,"Искусство, развлечения и отдых — 1 квартал к 1 кварталу прошлого года",108.4,level
2010-01-01,national,S,Предоставление прочих видов услуг — 1 квартал к 1 кварталу прошлого года,104.9,level
2010-01-01,national,SERVICES,Производство услуг — 1 квартал к 1 кварталу прошлого года,104.1,level
2010-01-01,national,T,"Деятельность домашних хозяйств, нанимающих домашнюю прислугу и производящих товары и услуги для собственного потребления — 1 квартал к 1 кварталу прошлого года",100.0,level
2010-01-01,national,TAXES,Налоги на продукты — 1 квартал к 1 кварталу прошлого года,102.2,level
2010-01-01,national,TOTAL,Итого по отраслям — 1 квартал к 1 кварталу прошлого года,105.4,level
2011-01-01,national,A,"Сельское, лесное и рыбное хозяйство — 1 квартал к 1 кварталу прошлого года",101.7,level
2011-01-01,national,B,Горнодобывающая промышленность и разработка карьеров — 1 квартал к 1 кварталу прошлого года,104.8,level
2011-01-01,national,C,Обрабатывающая промышленность — 1 квартал к 1 кварталу прошлого года,109.2,level
2011-01-01,national,D,"Снабжение электроэнергией, газом, паром, горячей водой и кондиционированным воздухом — 1 квартал к 1 кварталу прошлого года",106.2,level
2011-01-01,national,E,"Водоснабжение; водоотведение; сбор, обработка и удаление отходов, деятельность по ликвидации загрязнений — 1 квартал к 1 кварталу прошлого года",103.0,level
2011-01-01,national,F,Строительство — 1 квартал к 1 кварталу прошлого года,103.1,level
2011-01-01,national,FISIM,Косвенно измеряемые услуги финансового посредничества — 1 квартал к 1 кварталу прошлого года,89.6,level
2011-01-01,national,G,Оптовая и розничная торговля; ремонт автомобилей и мотоциклов — 1 квартал к 1 кварталу прошлого года,114.3,level
2011-01-01,national,GDP,Валовой внутренний продукт — 1 квартал к 1 кварталу прошлого года,106.6,level
2011-01-01,national,GOODS,Производство товаров — 1 квартал к 1 кварталу прошлого года,105.6,level
2011-01-01,national,GVA,Валовая добавленная стоимость — 1 квартал к 1 кварталу прошлого года,106.5,level
2011-01-01,national,H,Транспорт и складирование — 1 квартал к 1 кварталу прошлого года,106.9,level
2011-01-01,national,I,Предоставление услуг по проживанию и питанию — 1 квартал к 1 кварталу прошлого года,111.9,level
2011-01-01,national,IND,Промышленность — 1 квартал к 1 кварталу прошлого года,106.3,level
2011-01-01,national,J,Информация и связь — 1 квартал к 1 кварталу прошлого года,118.8,level
2011-01-01,national,K,Финансовая и страховая деятельность — 1 квартал к 1 кварталу прошлого года,97.4,level
2011-01-01,national,L,Операции с недвижимым имуществом — 1 квартал к 1 кварталу прошлого года,100.8,level
2011-01-01,national,M,"Профессиональная, научная и техническая деятельность — 1 квартал к 1 кварталу прошлого года",102.8,level
2011-01-01,national,N,Деятельность в области административного и вспомогательного обслуживания — 1 квартал к 1 кварталу прошлого года,103.0,level
2011-01-01,national,O,Государственное управление и оборона; обязательное социальное обеспечение — 1 квартал к 1 кварталу прошлого года,100.8,level
2011-01-01,national,P,Образование — 1 квартал к 1 кварталу прошлого года,104.7,level
2011-01-01,national,Q,Здравоохранение и социальное обслуживание населения — 1 квартал к 1 кварталу прошлого года,104.9,level
2011-01-01,national,R,"Искусство, развлечения и отдых — 1 квартал к 1 кварталу прошлого года",103.9,level
2011-01-01,national,S,Предоставление прочих видов услуг — 1 квартал к 1 кварталу прошлого года,105.0,level
2011-01-01,national,SERVICES,Производство услуг — 1 квартал к 1 кварталу прошлого года,106.6,level
2011-01-01,national,T,"Деятельность домашних хозяйств, нанимающих домашнюю прислугу и производящих товары и услуги для собственного потребления — 1 квартал к 1 кварталу прошлого года",121.6,level
2011-01-01,national,TAXES,Налоги на продукты — 1 квартал к 1 кварталу прошлого года,108.7,level
2011-01-01,national,TOTAL,Итого по отраслям — 1 квартал к 1 кварталу прошлого года,106.2,level
2011-04-01,national,A,"Сельское, лесное и рыбное хозяйство — 2 квартал к 2 кварталу прошлого года",101.202,level
2011-04-01,national,B,Горнодобывающая промышленность и разработка карьеров — 2 квартал к 2 кварталу прошлого года,103.455,level
2011-04-01,national,C,Обрабатывающая промышленность — 2 квартал к 2 кварталу прошлого года,108.35,level
2011-04-01,national,D,"Снабжение электроэнергией, газом, паром, горячей водой и кондиционированным воздухом — 2 квартал к 2 кварталу прошлого года",107.709,level
2011-04-01,national,E,"Водоснабжение; водоотведение; сбор, обработка и удаление отходов, деятельность по ликвидации загрязнений — 2 квартал к 2 кварталу прошлого года",93.89,level
2011-04-01,national,F,Строительство — 2 квартал к 2 кварталу прошлого года,100.815,level
2011-04-01,national,G,Оптовая и розничная торговля; ремонт автомобилей и мотоциклов — 2 квартал к 2 кварталу прошлого года,114.3,level
2011-04-01,national,GDP,Валовой внутренний продукт — 2 квартал к 2 кварталу прошлого года,107.343,level
2011-04-01,national,GOODS,Производство товаров — 2 квартал к 2 кварталу прошлого года,104.515,level
2011-04-01,national,GVA,Валовая добавленная стоимость — 2 квартал к 2 кварталу прошлого года,107.429,level
2011-04-01,national,H,Транспорт и складирование — 2 квартал к 2 кварталу прошлого года,105.985,level
2011-04-01,national,I,Предоставление услуг по проживанию и питанию — 2 квартал к 2 кварталу прошлого года,109.048,level
2011-04-01,national,IND,Промышленность — 2 квартал к 2 кварталу прошлого года,105.371,level
2011-04-01,national,J,Информация и связь — 2 квартал к 2 кварталу прошлого года,113.222,level
2011-04-01,national,K,Финансовая и страховая деятельность — 2 квартал к 2 кварталу прошлого года,99.693,level
2011-04-01,national,L,Операции с недвижимым имуществом — 2 квартал к 2 кварталу прошлого года,101.362,level
2011-04-01,national,M,"Профессиональная, научная и техническая деятельность — 2 квартал к 2 кварталу прошлого года",108.958,level
2011-04-01,national,N,Деятельность в области административного и вспомогательного обслуживания — 2 квартал к 2 кварталу прошлого года,123.208,level
2011-04-01,national,O,Государственное управление и оборона; обязательное социальное обеспечение — 2 квартал к 2 кварталу прошлого года,99.94,level
2011-04-01,national,P,Образование — 2 квартал к 2 кварталу прошлого года,104.131,level
2011-04-01,national,Q,Здравоохранение и социальное обслуживание населения — 2 квартал к 2 кварталу прошлого года,104.537,level
2011-04-01,national,R,"Искусство, развлечения и отдых — 2 квартал к 2 кварталу прошлого года",120.124,level
2011-04-01,national,S,Предоставление прочих видов услуг — 2 квартал к 2 кварталу прошлого года,197.985,level
2011-04-01,national,SERVICES,Производство услуг — 2 квартал к 2 кварталу прошлого года,108.861,level
2011-04-01,national,T,"Деятельность домашних хозяйств, нанимающих домашнюю прислугу и производящих товары и услуги для собственного потребления — 2 квартал к 2 кварталу прошлого года",82.434,level
2011-04-01,national,TAXES,Налоги на продукты — 2 квартал к 2 кварталу прошлого года,103.924,level
2011-04-01,national,TOTAL,Итого по отраслям — 2 квартал к 2 кварталу прошлого года,106.755,level
2011-07-01,national,A,"Сельское, лесное и рыбное хозяйство — 3 квартал к 3 кварталу прошлого года",116.038,level
2011-07-01,national,B,Горнодобывающая промышленность и разработка карьеров — 3 квартал к 3 кварталу прошлого года,98.364,level
2011-07-01,national,C,Обрабатывающая промышленность — 3 квартал к 3 кварталу прошлого года,110.307,level
2011-07-01,national,D,"Снабжение электроэнергией, газом, паром, горячей водой и кондиционированным воздухом — 3 квартал к 3 кварталу прошлого года",109.008,level
2011-07-01,national,E,"Водоснабжение; водоотведение; сбор, обработка и удаление отходов, деятельность по ликвидации загрязнений — 3 квартал к 3 кварталу прошлого года",105.714,level
2011-07-01,national,F,Строительство — 3 квартал к 3 кварталу прошлого года,104.188,level
2011-07-01,national,G,Оптовая и розничная торговля; ремонт автомобилей и мотоциклов — 3 квартал к 3 кварталу прошлого года,115.58,level
2011-07-01,national,GDP,Валовой внутренний продукт — 3 квартал к 3 кварталу прошлого года,108.825,level
2011-07-01,national,GOODS,Производство товаров — 3 квартал к 3 кварталу прошлого года,105.752,level
2011-07-01,national,GVA,Валовая добавленная стоимость — 3 квартал к 3 кварталу прошлого года,107.262,level
2011-07-01,national,H,Транспорт и складирование — 3 квартал к 3 кварталу прошлого года,106.636,level
2011-07-01,national,I,Предоставление услуг по проживанию и питанию — 3 квартал к 3 кварталу прошлого года,115.275,level
2011-07-01,national,IND,Промышленность — 3 квартал к 3 кварталу прошлого года,103.776,level
2011-07-01,national,J,Информация и связь — 3 квартал к 3 кварталу прошлого года,119.952,level
2011-07-01,national,K,Финансовая и страховая деятельность — 3 квартал к 3 кварталу прошлого года,94.484,level
2011-07-01,national,L,Операции с недвижимым имуществом — 3 квартал к 3 кварталу прошлого года,102.052,level
2011-07-01,national,M,"Профессиональная, научная и техническая деятельность — 3 квартал к 3 кварталу прошлого года",93.767,level
2011-07-01,national,N,Деятельность в области административного и вспомогательного обслуживания — 3 квартал к 3 кварталу прошлого года,108.022,level
2011-07-01,national,O,Государственное управление и оборона; обязательное социальное обеспечение — 3 квартал к 3 кварталу прошлого года,105.225,level
2011-07-01,national,P,Образование — 3 квартал к 3 кварталу прошлого года,104.4,level
2011-07-01,national,Q,Здравоохранение и социальное обслуживание населения — 3 квартал к 3 кварталу прошлого года,105.447,level
2011-07-01,national,R,"Искусство, развлечения и отдых — 3 квартал к 3 кварталу прошлого года",114.835,level
2011-07-01,national,S,Предоставление прочих видов услуг — 3 квартал к 3 кварталу прошлого года,108.574,level
2011-07-01,national,SERVICES,Производство услуг — 3 квартал к 3 кварталу прошлого года,107.528,level
2011-07-01,national,T,"Деятельность домашних хозяйств, нанимающих домашнюю прислугу и производящих товары и услуги для собственного потребления — 3 квартал к 3 кварталу прошлого года",137.475,level
2011-07-01,national,TAXES,Налоги на продукты — 3 квартал к 3 кварталу прошлого года,130.71,level
2011-07-01,national,TOTAL,Итого по отраслям — 3 квартал к 3 кварталу прошлого года,106.762,level
2011-10-01,national,A,"Сельское, лесное и рыбное хозяйство — 4 квартал к 4 кварталу прошлого года (IV квартал = год − 9 месяцев, с годовой досчётной поправкой)",154.88,level
2011-10-01,national,B,"Горнодобывающая промышленность и разработка карьеров — 4 квартал к 4 кварталу прошлого года (IV квартал = год − 9 месяцев, с годовой досчётной поправкой)",99.125,level
2011-10-01,national,C,"Обрабатывающая промышленность — 4 квартал к 4 кварталу прошлого года (IV квартал = год − 9 месяцев, с годовой досчётной поправкой)",103.475,level
2011-10-01,national,D,"Снабжение электроэнергией, газом, паром, горячей водой и кондиционированным воздухом — 4 квартал к 4 кварталу прошлого года (IV квартал = год − 9 месяцев, с годовой досчётной поправкой)",111.457,level
2011-10-01,national,E,"Водоснабжение; водоотведение; сбор, обработка и удаление отходов, деятельность по ликвидации загрязнений — 4 квартал к 4 кварталу прошлого года (IV квартал = год − 9 месяцев, с годовой досчётной поправкой)",107.68,level
2011-10-01,national,F,"Строительство — 4 квартал к 4 кварталу прошлого года (IV квартал = год − 9 месяцев, с годовой досчётной поправкой)",102.624,level
2011-10-01,national,G,"Оптовая и розничная торговля; ремонт автомобилей и мотоциклов — 4 квартал к 4 кварталу прошлого года (IV квартал = год − 9 месяцев, с годовой досчётной поправкой)",112.539,level
2011-10-01,national,GDP,"Валовой внутренний продукт — 4 квартал к 4 кварталу прошлого года (IV квартал = год − 9 месяцев, с годовой досчётной поправкой)",106.848,level
2011-10-01,national,GOODS,"Производство товаров — 4 квартал к 4 кварталу прошлого года (IV квартал = год − 9 месяцев, с годовой досчётной поправкой)",106.416,level
2011-10-01,national,GVA,"Валовая добавленная стоимость — 4 квартал к 4 кварталу прошлого года (IV квартал = год − 9 месяцев, с годовой досчётной поправкой)",108.239,level
2011-10-01,national,H,"Транспорт и складирование — 4 квартал к 4 кварталу прошлого года (IV квартал = год − 9 месяцев, с годовой досчётной поправкой)",105.674,level
2011-10-01,national,I,"Предоставление услуг по проживанию и питанию — 4 квартал к 4 кварталу прошлого года (IV квартал = год − 9 месяцев, с годовой досчётной поправкой)",94.124,level
2011-10-01,national,IND,"Промышленность — 4 квартал к 4 кварталу прошлого года (IV квартал = год − 9 месяцев, с годовой досчётной поправкой)",101.191,level
2011-10-01,national,J,"Информация и связь — 4 квартал к 4 кварталу прошлого года (IV квартал = год − 9 месяцев, с годовой досчётной поправкой)",126.041,level
2011-10-01,national,K,"Финансовая и страховая деятельность — 4 квартал к 4 кварталу прошлого года (IV квартал = год − 9 месяцев, с годовой досчётной поправкой)",108.9,level
2011-10-01,national,L,"Операции с недвижимым имуществом — 4 квартал к 4 кварталу прошлого года (IV квартал = год − 9 месяцев, с годовой досчётной поправкой)",113.82,level
2011-10-01,national,M,"Профессиональная, научная и техническая деятельность — 4 квартал к 4 кварталу прошлого года (IV квартал = год − 9 месяцев, с годовой досчётной поправкой)",107.097,level
2011-10-01,national,N,"Деятельность в области административного и вспомогательного обслуживания — 4 квартал к 4 кварталу прошлого года (IV квартал = год − 9 месяцев, с годовой досчётной поправкой)",105.593,level
2011-10-01,national,O,"Государственное управление и оборона; обязательное социальное обеспечение — 4 квартал к 4 кварталу прошлого года (IV квартал = год − 9 месяцев, с годовой досчётной поправкой)",107.856,level
2011-10-01,national,P,"Образование — 4 квартал к 4 кварталу прошлого года (IV квартал = год − 9 месяцев, с годовой досчётной поправкой)",104.088,level
2011-10-01,national,Q,"Здравоохранение и социальное обслуживание населения — 4 квартал к 4 кварталу прошлого года (IV квартал = год − 9 месяцев, с годовой досчётной поправкой)",107.346,level
2011-10-01,national,R,"Искусство, развлечения и отдых — 4 квартал к 4 кварталу прошлого года (IV квартал = год − 9 месяцев, с годовой досчётной поправкой)",126.998,level
2011-10-01,national,S,"Предоставление прочих видов услуг — 4 квартал к 4 кварталу прошлого года (IV квартал = год − 9 месяцев, с годовой досчётной поправкой)",111.976,level
2011-10-01,national,SERVICES,"Производство услуг — 4 квартал к 4 кварталу прошлого года (IV квартал = год − 9 месяцев, с годовой досчётной поправкой)",111.479,level
2011-10-01,national,T,"Деятельность домашних хозяйств, нанимающих домашнюю прислугу и производящих товары и услуги для собственного потребления — 4 квартал к 4 кварталу прошлого года (IV квартал = год − 9 месяцев, с годовой досчётной поправкой)",92.746,level
2011-10-01,national,TAXES,"Налоги на продукты — 4 квартал к 4 кварталу прошлого года (IV квартал = год − 9 месяцев, с годовой досчётной поправкой)",94.617,level
2011-10-01,national,TOTAL,"Итого по отраслям — 4 квартал к 4 кварталу прошлого года (IV квартал = год − 9 месяцев, с годовой досчётной поправкой)",109.166,level
2012-01-01,national,A,"Сельское, лесное и рыбное хозяйство — 1 квартал к 1 кварталу прошлого года",95.0,level
2012-01-01,national,B,Горнодобывающая промышленность и разработка карьеров — 1 квартал к 1 кварталу прошлого года,99.6,level
2012-01-01,national,C,Обрабатывающая промышленность — 1 квартал к 1 кварталу прошлого года,108.8,level
2012-01-01,national,D,"Снабжение электроэнергией, газом, паром, горячей водой и кондиционированным воздухом — 1 квартал к 1 кварталу прошлого года",107.5,level
2012-01-01,national,E,"Водоснабжение; водоотведение; сбор, обработка и удаление отходов, деятельность по ликвидации загрязнений — 1 квартал к 1 кварталу прошлого года",92.6,level
2012-01-01,national,F,Строительство — 1 квартал к 1 кварталу прошлого года,99.3,level
2012-01-01,national,G,Оптовая и розничная торговля; ремонт автомобилей и мотоциклов — 1 квартал к 1 кварталу прошлого года,113.7,level
2012-01-01,national,GDP,Валовой внутренний продукт — 1 квартал к 1 кварталу прошлого года,105.7,level
2012-01-01,national,GOODS,Производство товаров — 1 квартал к 1 кварталу прошлого года,102.1,level
2012-01-01,national,GVA,Валовая добавленная стоимость — 1 квартал к 1 кварталу прошлого года,105.3,level
2012-01-01,national,H,Транспорт и складирование — 1 квартал к 1 кварталу прошлого года,107.0,level
2012-01-01,national,I,Предоставление услуг по проживанию и питанию — 1 квартал к 1 кварталу прошлого года,107.6,level
2012-01-01,national,IND,Промышленность — 1 квартал к 1 кварталу прошлого года,103.0,level
2012-01-01,national,J,Информация и связь — 1 квартал к 1 кварталу прошлого года,113.9,level
2012-01-01,national,K,Финансовая и страховая деятельность — 1 квартал к 1 кварталу прошлого года,101.4,level
2012-01-01,national,L,Операции с недвижимым имуществом — 1 квартал к 1 кварталу прошлого года,101.8,level
2012-01-01,national,M,"Профессиональная, научная и техническая деятельность — 1 квартал к 1 кварталу прошлого года",115.4,level
2012-01-01,national,N,Деятельность в области административного и вспомогательного обслуживания — 1 квартал к 1 кварталу прошлого года,107.4,level
2012-01-01,national,O,Государственное управление и оборона; обязательное социальное обеспечение — 1 квартал к 1 кварталу прошлого года,101.6,level
2012-01-01,national,P,Образование — 1 квартал к 1 кварталу прошлого года,104.0,level
2012-01-01,national,Q,Здравоохранение и социальное обслуживание населения — 1 квартал к 1 кварталу прошлого года,105.1,level
2012-01-01,national,R,"Искусство, развлечения и отдых — 1 квартал к 1 кварталу прошлого года",107.8,level
2012-01-01,national,S,Предоставление прочих видов услуг — 1 квартал к 1 кварталу прошлого года,113.3,level
2012-01-01,national,SERVICES,Производство услуг — 1 квартал к 1 кварталу прошлого года,108.0,level
2012-01-01,national,T,"Деятельность домашних хозяйств, нанимающих домашнюю прислугу и производящих товары и услуги для собственного потребления — 1 квартал к 1 кварталу прошлого года",192.7,level
2012-01-01,national,TAXES,Налоги на продукты — 1 квартал к 1 кварталу прошлого года,109.3,level
2012-01-01,national,TOTAL,Итого по отраслям — 1 квартал к 1 кварталу прошлого года,105.3,level
2012-04-01,national,A,"Сельское, лесное и рыбное хозяйство — 2 квартал к 2 кварталу прошлого года",93.164,level
2012-04-01,national,B,Горнодобывающая промышленность и разработка карьеров — 2 квартал к 2 кварталу прошлого года,99.414,level
2012-04-01,national,C,Обрабатывающая промышленность — 2 квартал к 2 кварталу прошлого года,104.342,level
2012-04-01,national,D,"Снабжение электроэнергией, газом, паром, горячей водой и кондиционированным воздухом — 2 квартал к 2 кварталу прошлого года",104.782,level
2012-04-01,national,E,"Водоснабжение; водоотведение; сбор, обработка и удаление отходов, деятельность по ликвидации загрязнений — 2 квартал к 2 кварталу прошлого года",105.369,level
2012-04-01,national,F,Строительство — 2 квартал к 2 кварталу прошлого года,101.349,level
2012-04-01,national,G,Оптовая и розничная торговля; ремонт автомобилей и мотоциклов — 2 квартал к 2 кварталу прошлого года,114.843,level
2012-04-01,national,GDP,Валовой внутренний продукт — 2 квартал к 2 кварталу прошлого года,104.951,level
2012-04-01,national,GOODS,Производство товаров — 2 квартал к 2 кварталу прошлого года,101.008,level
2012-04-01,national,GVA,Валовая добавленная стоимость — 2 квартал к 2 кварталу прошлого года,105.678,level
2012-04-01,national,H,Транспорт и складирование — 2 квартал к 2 кварталу прошлого года,107.801,level
2012-04-01,national,I,Предоставление услуг по проживанию и питанию — 2 квартал к 2 кварталу прошлого года,110.255,level
2012-04-01,national,IND,Промышленность — 2 квартал к 2 кварталу прошлого года,101.348,level
2012-04-01,national,J,Информация и связь — 2 квартал к 2 кварталу прошлого года,111.196,level
2012-04-01,national,K,Финансовая и страховая деятельность — 2 квартал к 2 кварталу прошлого года,101.933,level
2012-04-01,national,L,Операции с недвижимым имуществом — 2 квартал к 2 кварталу прошлого года,108.814,level
2012-04-01,national,M,"Профессиональная, научная и техническая деятельность — 2 квартал к 2 кварталу прошлого года",109.16,level
2012-04-01,national,N,Деятельность в области административного и вспомогательного обслуживания — 2 квартал к 2 кварталу прошлого года,109.694,level
2012-04-01,national,O,Государственное управление и оборона; обязательное социальное обеспечение — 2 квартал к 2 кварталу прошлого года,101.806,level
2012-04-01,national,P,Образование — 2 квартал к 2 кварталу прошлого года,104.412,level
2012-04-01,national,Q,Здравоохранение и социальное обслуживание населения — 2 квартал к 2 кварталу прошлого года,104.319,level
2012-04-01,national,R,"Искусство, развлечения и отдых — 2 квартал к 2 кварталу прошлого года",105.853,level
2012-04-01,national,S,Предоставление прочих видов услуг — 2 квартал к 2 кварталу прошлого года,116.521,level
2012-04-01,national,SERVICES,Производство услуг — 2 квартал к 2 кварталу прошлого года,110.153,level
2012-04-01,national,T,"Деятельность домашних хозяйств, нанимающих домашнюю прислугу и производящих товары и услуги для собственного потребления — 2 квартал к 2 кварталу прошлого года",294.346,level
2012-04-01,national,TAXES,Налоги на продукты — 2 квартал к 2 кварталу прошлого года,99.109,level
2012-04-01,national,TOTAL,Итого по отраслям — 2 квартал к 2 кварталу прошлого года,105.678,level
2012-07-01,national,A,"Сельское, лесное и рыбное хозяйство — 3 квартал к 3 кварталу прошлого года",90.678,level
2012-07-01,national,B,Горнодобывающая промышленность и разработка карьеров — 3 квартал к 3 кварталу прошлого года,98.308,level
2012-07-01,national,C,Обрабатывающая промышленность — 3 квартал к 3 кварталу прошлого года,96.32,level
2012-07-01,national,D,"Снабжение электроэнергией, газом, паром, горячей водой и кондиционированным воздухом — 3 квартал к 3 кварталу прошлого года",100.205,level
2012-07-01,national,E,"Водоснабжение; водоотведение; сбор, обработка и удаление отходов, деятельность по ликвидации загрязнений — 3 квартал к 3 кварталу прошлого года",84.5,level
2012-07-01,national,F,Строительство — 3 квартал к 3 кварталу прошлого года,104.372,level
2012-07-01,national,G,Оптовая и розничная торговля; ремонт автомобилей и мотоциклов — 3 квартал к 3 кварталу прошлого года,114.077,level
2012-07-01,national,GDP,Валовой внутренний продукт — 3 квартал к 3 кварталу прошлого года,104.546,level
2012-07-01,national,GOODS,Производство товаров — 3 квартал к 3 кварталу прошлого года,97.558,level
2012-07-01,national,GVA,Валовая добавленная стоимость — 3 квартал к 3 кварталу прошлого года,104.249,level
2012-07-01,national,H,Транспорт и складирование — 3 квартал к 3 кварталу прошлого года,107.175,level
2012-07-01,national,I,Предоставление услуг по проживанию и питанию — 3 квартал к 3 кварталу прошлого года,111.786,level
2012-07-01,national,IND,Промышленность — 3 квартал к 3 кварталу прошлого года,97.442,level
2012-07-01,national,J,Информация и связь — 3 квартал к 3 кварталу прошлого года,107.72,level
2012-07-01,national,K,Финансовая и страховая деятельность — 3 квартал к 3 кварталу прошлого года,101.055,level
2012-07-01,national,L,Операции с недвижимым имуществом — 3 квартал к 3 кварталу прошлого года,107.674,level
2012-07-01,national,M,"Профессиональная, научная и техническая деятельность — 3 квартал к 3 кварталу прошлого года",124.05,level
2012-07-01,national,N,Деятельность в области административного и вспомогательного обслуживания — 3 квартал к 3 кварталу прошлого года,120.257,level
2012-07-01,national,O,Государственное управление и оборона; обязательное социальное обеспечение — 3 квартал к 3 кварталу прошлого года,107.839,level
2012-07-01,national,P,Образование — 3 квартал к 3 кварталу прошлого года,103.369,level
2012-07-01,national,Q,Здравоохранение и социальное обслуживание населения — 3 квартал к 3 кварталу прошлого года,103.304,level
2012-07-01,national,R,"Искусство, развлечения и отдых — 3 квартал к 3 кварталу прошлого года",112.178,level
2012-07-01,national,S,Предоставление прочих видов услуг — 3 квартал к 3 кварталу прошлого года,115.218,level
2012-07-01,national,SERVICES,Производство услуг — 3 квартал к 3 кварталу прошлого года,110.889,level
2012-07-01,national,T,"Деятельность домашних хозяйств, нанимающих домашнюю прислугу и производящих товары и услуги для собственного потребления — 3 квартал к 3 кварталу прошлого года",159.227,level
2012-07-01,national,TAXES,Налоги на продукты — 3 квартал к 3 кварталу прошлого года,106.646,level
2012-07-01,national,TOTAL,Итого по отраслям — 3 квартал к 3 кварталу прошлого года,104.244,level
2012-10-01,national,A,"Сельское, лесное и рыбное хозяйство — 4 квартал к 4 кварталу прошлого года (IV квартал = год − 9 месяцев, с годовой досчётной поправкой)",72.112,level
2012-10-01,national,B,"Горнодобывающая промышленность и разработка карьеров — 4 квартал к 4 кварталу прошлого года (IV квартал = год − 9 месяцев, с годовой досчётной поправкой)",103.612,level
2012-10-01,national,C,"Обрабатывающая промышленность — 4 квартал к 4 кварталу прошлого года (IV квартал = год − 9 месяцев, с годовой досчётной поправкой)",105.62,level
2012-10-01,national,D,"Снабжение электроэнергией, газом, паром, горячей водой и кондиционированным воздухом — 4 квартал к 4 кварталу прошлого года (IV квартал = год − 9 месяцев, с годовой досчётной поправкой)",102.332,level
2012-10-01,national,E,"Водоснабжение; водоотведение; сбор, обработка и удаление отходов, деятельность по ликвидации загрязнений — 4 квартал к 4 кварталу прошлого года (IV квартал = год − 9 месяцев, с годовой досчётной поправкой)",101.185,level
2012-10-01,national,F,"Строительство — 4 квартал к 4 кварталу прошлого года (IV квартал = год − 9 месяцев, с годовой досчётной поправкой)",104.284,level
2012-10-01,national,G,"Оптовая и розничная торговля; ремонт автомобилей и мотоциклов — 4 квартал к 4 кварталу прошлого года (IV квартал = год − 9 месяцев, с годовой досчётной поправкой)",115.364,level
2012-10-01,national,GDP,"Валовой внутренний продукт — 4 квартал к 4 кварталу прошлого года (IV квартал = год − 9 месяцев, с годовой досчётной поправкой)",104.41,level
2012-10-01,national,GOODS,"Производство товаров — 4 квартал к 4 кварталу прошлого года (IV квартал = год − 9 месяцев, с годовой досчётной поправкой)",98.654,level
2012-10-01,national,GVA,"Валовая добавленная стоимость — 4 квартал к 4 кварталу прошлого года (IV квартал = год − 9 месяцев, с годовой досчётной поправкой)",106.15,level
2012-10-01,national,H,"Транспорт и складирование — 4 квартал к 4 кварталу прошлого года (IV квартал = год − 9 месяцев, с годовой досчётной поправкой)",109.099,level
2012-10-01,national,I,"Предоставление услуг по проживанию и питанию — 4 квартал к 4 кварталу прошлого года (IV квартал = год − 9 месяцев, с годовой досчётной поправкой)",113.527,level
2012-10-01,national,IND,"Промышленность — 4 квартал к 4 кварталу прошлого года (IV квартал = год − 9 месяцев, с годовой досчётной поправкой)",104.327,level
2012-10-01,national,J,"Информация и связь — 4 квартал к 4 кварталу прошлого года (IV квартал = год − 9 месяцев, с годовой досчётной поправкой)",140.312,level
2012-10-01,national,L,"Операции с недвижимым имуществом — 4 квартал к 4 кварталу прошлого года (IV квартал = год − 9 месяцев, с годовой досчётной поправкой)",109.766,level
2012-10-01,national,M,"Профессиональная, научная и техническая деятельность — 4 квартал к 4 кварталу прошлого года (IV квартал = год − 9 месяцев, с годовой досчётной поправкой)",99.335,level
2012-10-01,national,N,"Деятельность в области административного и вспомогательного обслуживания — 4 квартал к 4 кварталу прошлого года (IV квартал = год − 9 месяцев, с годовой досчётной поправкой)",111.019,level
2012-10-01,national,O,"Государственное управление и оборона; обязательное социальное обеспечение — 4 квартал к 4 кварталу прошлого года (IV квартал = год − 9 месяцев, с годовой досчётной поправкой)",102.826,level
2012-10-01,national,P,"Образование — 4 квартал к 4 кварталу прошлого года (IV квартал = год − 9 месяцев, с годовой досчётной поправкой)",103.608,level
2012-10-01,national,Q,"Здравоохранение и социальное обслуживание населения — 4 квартал к 4 кварталу прошлого года (IV квартал = год − 9 месяцев, с годовой досчётной поправкой)",100.302,level
2012-10-01,national,R,"Искусство, развлечения и отдых — 4 квартал к 4 кварталу прошлого года (IV квартал = год − 9 месяцев, с годовой досчётной поправкой)",108.8,level
2012-10-01,national,S,"Предоставление прочих видов услуг — 4 квартал к 4 кварталу прошлого года (IV квартал = год − 9 месяцев, с годовой досчётной поправкой)",135.255,level
2012-10-01,national,SERVICES,"Производство услуг — 4 квартал к 4 кварталу прошлого года (IV квартал = год − 9 месяцев, с годовой досчётной поправкой)",111.557,level
2012-10-01,national,T,"Деятельность домашних хозяйств, нанимающих домашнюю прислугу и производящих товары и услуги для собственного потребления — 4 квартал к 4 кварталу прошлого года (IV квартал = год − 9 месяцев, с годовой досчётной поправкой)",-90.413,level
2012-10-01,national,TAXES,"Налоги на продукты — 4 квартал к 4 кварталу прошлого года (IV квартал = год − 9 месяцев, с годовой досчётной поправкой)",82.04,level
2012-10-01,national,TOTAL,"Итого по отраслям — 4 квартал к 4 кварталу прошлого года (IV квартал = год − 9 месяцев, с годовой досчётной поправкой)",106.205,level
2013-01-01,national,A,"Сельское, лесное и рыбное хозяйство — 1 квартал к 1 кварталу прошлого года",100.4,level
2013-01-01,national,B,Горнодобывающая промышленность и разработка карьеров — 1 квартал к 1 кварталу прошлого года,103.3,level
2013-01-01,national,C,Обрабатывающая промышленность — 1 квартал к 1 кварталу прошлого года,101.0,level
2013-01-01,national,D,"Снабжение электроэнергией, газом, паром, горячей водой и кондиционированным воздухом — 1 квартал к 1 кварталу прошлого года",98.1,level
2013-01-01,national,E,"Водоснабжение; водоотведение; сбор, обработка и удаление отходов, деятельность по ликвидации загрязнений — 1 квартал к 1 кварталу прошлого года",93.0,level
2013-01-01,national,F,Строительство — 1 квартал к 1 кварталу прошлого года,95.1,level
2013-01-01,national,G,Оптовая и розничная торговля; ремонт автомобилей и мотоциклов — 1 квартал к 1 кварталу прошлого года,113.0,level
2013-01-01,national,GDP,Валовой внутренний продукт — 1 квартал к 1 кварталу прошлого года,104.6,level
2013-01-01,national,GOODS,Производство товаров — 1 квартал к 1 кварталу прошлого года,101.2,level
2013-01-01,national,GVA,Валовая добавленная стоимость — 1 квартал к 1 кварталу прошлого года,104.8,level
2013-01-01,national,H,Транспорт и складирование — 1 квартал к 1 кварталу прошлого года,107.1,level
2013-01-01,national,I,Предоставление услуг по проживанию и питанию — 1 квартал к 1 кварталу прошлого года,105.0,level
2013-01-01,national,IND,Промышленность — 1 квартал к 1 кварталу прошлого года,102.0,level
2013-01-01,national,J,Информация и связь — 1 квартал к 1 кварталу прошлого года,110.1,level
2013-01-01,national,K,Финансовая и страховая деятельность — 1 квартал к 1 кварталу прошлого года,106.5,level
2013-01-01,national,L,Операции с недвижимым имуществом — 1 квартал к 1 кварталу прошлого года,102.3,level
2013-01-01,national,M,"Профессиональная, научная и техническая деятельность — 1 квартал к 1 кварталу прошлого года",109.7,level
2013-01-01,national,N,Деятельность в области административного и вспомогательного обслуживания — 1 квартал к 1 кварталу прошлого года,108.9,level
2013-01-01,national,O,Государственное управление и оборона; обязательное социальное обеспечение — 1 квартал к 1 кварталу прошлого года,103.3,level
2013-01-01,national,P,Образование — 1 квартал к 1 кварталу прошлого года,103.1,level
2013-01-01,national,Q,Здравоохранение и социальное обслуживание населения — 1 квартал к 1 кварталу прошлого года,101.9,level
2013-01-01,national,R,"Искусство, развлечения и отдых — 1 квартал к 1 кварталу прошлого года",106.7,level
2013-01-01,national,S,Предоставление прочих видов услуг — 1 квартал к 1 кварталу прошлого года,112.1,level
2013-01-01,national,SERVICES,Производство услуг — 1 квартал к 1 кварталу прошлого года,107.5,level
2013-01-01,national,T,"Деятельность домашних хозяйств, нанимающих домашнюю прислугу и производящих товары и услуги для собственного потребления — 1 квартал к 1 кварталу прошлого года",126.3,level
2013-01-01,national,TAXES,Налоги на продукты — 1 квартал к 1 кварталу прошлого года,102.9,level
2013-01-01,national,TOTAL,Итого по отраслям — 1 квартал к 1 кварталу прошлого года,104.8,level
2013-04-01,national,A,"Сельское, лесное и рыбное хозяйство — 2 квартал к 2 кварталу прошлого года",102.055,level
2013-04-01,national,B,Горнодобывающая промышленность и разработка карьеров — 2 квартал к 2 кварталу прошлого года,101.58,level
2013-04-01,national,C,Обрабатывающая промышленность — 2 квартал к 2 кварталу прошлого года,101.365,level
2013-04-01,national,D,"Снабжение электроэнергией, газом, паром, горячей водой и кондиционированным воздухом — 2 квартал к 2 кварталу прошлого года",104.124,level
2013-04-01,national,E,"Водоснабжение; водоотведение; сбор, обработка и удаление отходов, деятельность по ликвидации загрязнений — 2 квартал к 2 кварталу прошлого года",84.05,level
2013-04-01,national,F,Строительство — 2 квартал к 2 кварталу прошлого года,104.127,level
2013-04-01,national,G,Оптовая и розничная торговля; ремонт автомобилей и мотоциклов — 2 квартал к 2 кварталу прошлого года,111.745,level
2013-04-01,national,GDP,Валовой внутренний продукт — 2 квартал к 2 кварталу прошлого года,105.552,level
2013-04-01,national,GOODS,Производство товаров — 2 квартал к 2 кварталу прошлого года,101.943,level
2013-04-01,national,GVA,Валовая добавленная стоимость — 2 квартал к 2 кварталу прошлого года,104.991,level
2013-04-01,national,H,Транспорт и складирование — 2 квартал к 2 кварталу прошлого года,108.449,level
2013-04-01,national,I,Предоставление услуг по проживанию и питанию — 2 квартал к 2 кварталу прошлого года,108.991,level
2013-04-01,national,IND,Промышленность — 2 квартал к 2 кварталу прошлого года,101.428,level
2013-04-01,national,J,Информация и связь — 2 квартал к 2 кварталу прошлого года,114.85,level
2013-04-01,national,K,Финансовая и страховая деятельность — 2 квартал к 2 кварталу прошлого года,106.309,level
2013-04-01,national,L,Операции с недвижимым имуществом — 2 квартал к 2 кварталу прошлого года,103.52,level
2013-04-01,national,M,"Профессиональная, научная и техническая деятельность — 2 квартал к 2 кварталу прошлого года",100.79,level
2013-04-01,national,N,Деятельность в области административного и вспомогательного обслуживания — 2 квартал к 2 кварталу прошлого года,107.618,level
2013-04-01,national,O,Государственное управление и оборона; обязательное социальное обеспечение — 2 квартал к 2 кварталу прошлого года,106.635,level
2013-04-01,national,P,Образование — 2 квартал к 2 кварталу прошлого года,103.519,level
2013-04-01,national,Q,Здравоохранение и социальное обслуживание населения — 2 квартал к 2 кварталу прошлого года,100.5,level
2013-04-01,national,R,"Искусство, развлечения и отдых — 2 квартал к 2 кварталу прошлого года",106.162,level
2013-04-01,national,S,Предоставление прочих видов услуг — 2 квартал к 2 кварталу прошлого года,106.422,level
2013-04-01,national,SERVICES,Производство услуг — 2 квартал к 2 кварталу прошлого года,107.306,level
2013-04-01,national,T,"Деятельность домашних хозяйств, нанимающих домашнюю прислугу и производящих товары и услуги для собственного потребления — 2 квартал к 2 кварталу прошлого года",113.838,level
2013-04-01,national,TAXES,Налоги на продукты — 2 квартал к 2 кварталу прошлого года,110.994,level
2013-04-01,national,TOTAL,Итого по отраслям — 2 квартал к 2 кварталу прошлого года,104.991,level
2013-07-01,national,A,"Сельское, лесное и рыбное хозяйство — 3 квартал к 3 кварталу прошлого года",107.588,level
2013-07-01,national,B,Горнодобывающая промышленность и разработка карьеров — 3 квартал к 3 кварталу прошлого года,105.239,level
2013-07-01,national,C,Обрабатывающая промышленность — 3 квартал к 3 кварталу прошлого года,99.676,level
2013-07-01,national,D,"Снабжение электроэнергией, газом, паром, горячей водой и кондиционированным воздухом — 3 квартал к 3 кварталу прошлого года",102.723,level
2013-07-01,national,E,"Водоснабжение; водоотведение; сбор, обработка и удаление отходов, деятельность по ликвидации загрязнений — 3 квартал к 3 кварталу прошлого года",83.004,level
2013-07-01,national,F,Строительство — 3 квартал к 3 кварталу прошлого года,104.594,level
2013-07-01,national,G,Оптовая и розничная торговля; ремонт автомобилей и мотоциклов — 3 квартал к 3 кварталу прошлого года,113.02,level
2013-07-01,national,GDP,Валовой внутренний продукт — 3 квартал к 3 кварталу прошлого года,106.403,level
2013-07-01,national,GOODS,Производство товаров — 3 квартал к 3 кварталу прошлого года,103.817,level
2013-07-01,national,GVA,Валовая добавленная стоимость — 3 квартал к 3 кварталу прошлого года,105.933,level
2013-07-01,national,H,Транспорт и складирование — 3 квартал к 3 кварталу прошлого года,107.8,level
2013-07-01,national,I,Предоставление услуг по проживанию и питанию — 3 квартал к 3 кварталу прошлого года,104.826,level
2013-07-01,national,IND,Промышленность — 3 квартал к 3 кварталу прошлого года,102.801,level
2013-07-01,national,J,Информация и связь — 3 квартал к 3 кварталу прошлого года,112.7,level
2013-07-01,national,K,Финансовая и страховая деятельность — 3 квартал к 3 кварталу прошлого года,107.476,level
2013-07-01,national,L,Операции с недвижимым имуществом — 3 квартал к 3 кварталу прошлого года,100.843,level
2013-07-01,national,M,"Профессиональная, научная и техническая деятельность — 3 квартал к 3 кварталу прошлого года",106.573,level
2013-07-01,national,N,Деятельность в области административного и вспомогательного обслуживания — 3 квартал к 3 кварталу прошлого года,108.3,level
2013-07-01,national,O,Государственное управление и оборона; обязательное социальное обеспечение — 3 квартал к 3 кварталу прошлого года,99.244,level
2013-07-01,national,P,Образование — 3 квартал к 3 кварталу прошлого года,103.3,level
2013-07-01,national,Q,Здравоохранение и социальное обслуживание населения — 3 квартал к 3 кварталу прошлого года,101.988,level
2013-07-01,national,R,"Искусство, развлечения и отдых — 3 квартал к 3 кварталу прошлого года",106.4,level
2013-07-01,national,S,Предоставление прочих видов услуг — 3 квартал к 3 кварталу прошлого года,111.806,level
2013-07-01,national,SERVICES,Производство услуг — 3 квартал к 3 кварталу прошлого года,108.207,level
2013-07-01,national,T,"Деятельность домашних хозяйств, нанимающих домашнюю прислугу и производящих товары и услуги для собственного потребления — 3 квартал к 3 кварталу прошлого года",76.868,level
2013-07-01,national,TAXES,Налоги на продукты — 3 квартал к 3 кварталу прошлого года,110.647,level
2013-07-01,national,TOTAL,Итого по отраслям — 3 квартал к 3 кварталу прошлого года,105.933,level
2013-10-01,national,A,"Сельское, лесное и рыбное хозяйство — 4 квартал к 4 кварталу прошлого года (IV квартал = год − 9 месяцев, с годовой досчётной поправкой)",121.202,level
2013-10-01,national,B,"Горнодобывающая промышленность и разработка карьеров — 4 квартал к 4 кварталу прошлого года (IV квартал = год − 9 месяцев, с годовой досчётной поправкой)",103.733,level
2013-10-01,national,C,"Обрабатывающая промышленность — 4 квартал к 4 кварталу прошлого года (IV квартал = год − 9 месяцев, с годовой досчётной поправкой)",108.02,level
2013-10-01,national,D,"Снабжение электроэнергией, газом, паром, горячей водой и кондиционированным воздухом — 4 квартал к 4 кварталу прошлого года (IV квартал = год − 9 месяцев, с годовой досчётной поправкой)",100.493,level
2013-10-01,national,E,"Водоснабжение; водоотведение; сбор, обработка и удаление отходов, деятельность по ликвидации загрязнений — 4 квартал к 4 кварталу прошлого года (IV квартал = год − 9 месяцев, с годовой досчётной поправкой)",96.602,level
2013-10-01,national,F,"Строительство — 4 квартал к 4 кварталу прошлого года (IV квартал = год − 9 месяцев, с годовой досчётной поправкой)",105.416,level
2013-10-01,national,G,"Оптовая и розничная торговля; ремонт автомобилей и мотоциклов — 4 квартал к 4 кварталу прошлого года (IV квартал = год − 9 месяцев, с годовой досчётной поправкой)",111.186,level
2013-10-01,national,GDP,"Валовой внутренний продукт — 4 квартал к 4 кварталу прошлого года (IV квартал = год − 9 месяцев, с годовой досчётной поправкой)",106.82,level
2013-10-01,national,GOODS,"Производство товаров — 4 квартал к 4 кварталу прошлого года (IV квартал = год − 9 месяцев, с годовой досчётной поправкой)",106.912,level
2013-10-01,national,GVA,"Валовая добавленная стоимость — 4 квартал к 4 кварталу прошлого года (IV квартал = год − 9 месяцев, с годовой досчётной поправкой)",106.199,level
2013-10-01,national,H,"Транспорт и складирование — 4 квартал к 4 кварталу прошлого года (IV квартал = год − 9 месяцев, с годовой досчётной поправкой)",107.533,level
2013-10-01,national,I,"Предоставление услуг по проживанию и питанию — 4 квартал к 4 кварталу прошлого года (IV квартал = год − 9 месяцев, с годовой досчётной поправкой)",100.425,level
2013-10-01,national,IND,"Промышленность — 4 квартал к 4 кварталу прошлого года (IV квартал = год − 9 месяцев, с годовой досчётной поправкой)",105.051,level
2013-10-01,national,J,"Информация и связь — 4 квартал к 4 кварталу прошлого года (IV квартал = год − 9 месяцев, с годовой досчётной поправкой)",112.962,level
2013-10-01,national,K,"Финансовая и страховая деятельность — 4 квартал к 4 кварталу прошлого года (IV квартал = год − 9 месяцев, с годовой досчётной поправкой)",125.51,level
2013-10-01,national,L,"Операции с недвижимым имуществом — 4 квартал к 4 кварталу прошлого года (IV квартал = год − 9 месяцев, с годовой досчётной поправкой)",101.593,level
2013-10-01,national,M,"Профессиональная, научная и техническая деятельность — 4 квартал к 4 кварталу прошлого года (IV квартал = год − 9 месяцев, с годовой досчётной поправкой)",97.034,level
2013-10-01,national,N,"Деятельность в области административного и вспомогательного обслуживания — 4 квартал к 4 кварталу прошлого года (IV квартал = год − 9 месяцев, с годовой досчётной поправкой)",87.721,level
2013-10-01,national,O,"Государственное управление и оборона; обязательное социальное обеспечение — 4 квартал к 4 кварталу прошлого года (IV квартал = год − 9 месяцев, с годовой досчётной поправкой)",100.97,level
2013-10-01,national,P,"Образование — 4 квартал к 4 кварталу прошлого года (IV квартал = год − 9 месяцев, с годовой досчётной поправкой)",102.48,level
2013-10-01,national,Q,"Здравоохранение и социальное обслуживание населения — 4 квартал к 4 кварталу прошлого года (IV квартал = год − 9 месяцев, с годовой досчётной поправкой)",99.571,level
2013-10-01,national,R,"Искусство, развлечения и отдых — 4 квартал к 4 кварталу прошлого года (IV квартал = год − 9 месяцев, с годовой досчётной поправкой)",117.053,level
2013-10-01,national,S,"Предоставление прочих видов услуг — 4 квартал к 4 кварталу прошлого года (IV квартал = год − 9 месяцев, с годовой досчётной поправкой)",64.026,level
2013-10-01,national,SERVICES,"Производство услуг — 4 квартал к 4 кварталу прошлого года (IV квартал = год − 9 месяцев, с годовой досчётной поправкой)",105.391,level
2013-10-01,national,T,"Деятельность домашних хозяйств, нанимающих домашнюю прислугу и производящих товары и услуги для собственного потребления — 4 квартал к 4 кварталу прошлого года (IV квартал = год − 9 месяцев, с годовой досчётной поправкой)",63.596,level
2013-10-01,national,TAXES,"Налоги на продукты — 4 квартал к 4 кварталу прошлого года (IV квартал = год − 9 месяцев, с годовой досчётной поправкой)",114.971,level
2013-10-01,national,TOTAL,"Итого по отраслям — 4 квартал к 4 кварталу прошлого года (IV квартал = год − 9 месяцев, с годовой досчётной поправкой)",106.199,level
2014-01-01,national,A,"Сельское, лесное и рыбное хозяйство — 1 квартал к 1 кварталу прошлого года",103.1,level
2014-01-01,national,B,Горнодобывающая промышленность и разработка карьеров — 1 квартал к 1 кварталу прошлого года,99.0,level
2014-01-01,national,C,Обрабатывающая промышленность — 1 квартал к 1 кварталу прошлого года,97.0,level
2014-01-01,national,D,"Снабжение электроэнергией, газом, паром, горячей водой и кондиционированным воздухом — 1 квартал к 1 кварталу прошлого года",101.6,level
2014-01-01,national,E,"Водоснабжение; водоотведение; сбор, обработка и удаление отходов, деятельность по ликвидации загрязнений — 1 квартал к 1 кварталу прошлого года",100.0,level
2014-01-01,national,F,Строительство — 1 квартал к 1 кварталу прошлого года,103.9,level
2014-01-01,national,G,Оптовая и розничная торговля; ремонт автомобилей и мотоциклов — 1 квартал к 1 кварталу прошлого года,112.4,level
2014-01-01,national,GDP,Валовой внутренний продукт — 1 квартал к 1 кварталу прошлого года,103.9,level
2014-01-01,national,GOODS,Производство товаров — 1 квартал к 1 кварталу прошлого года,99.3,level
2014-01-01,national,GVA,Валовая добавленная стоимость — 1 квартал к 1 кварталу прошлого года,103.0,level
2014-01-01,national,H,Транспорт и складирование — 1 квартал к 1 кварталу прошлого года,106.3,level
2014-01-01,national,I,Предоставление услуг по проживанию и питанию — 1 квартал к 1 кварталу прошлого года,100.7,level
2014-01-01,national,IND,Промышленность — 1 квартал к 1 кварталу прошлого года,98.5,level
2014-01-01,national,J,Информация и связь — 1 квартал к 1 кварталу прошлого года,111.2,level
2014-01-01,national,K,Финансовая и страховая деятельность — 1 квартал к 1 кварталу прошлого года,106.0,level
2014-01-01,national,L,Операции с недвижимым имуществом — 1 квартал к 1 кварталу прошлого года,99.7,level
2014-01-01,national,M,"Профессиональная, научная и техническая деятельность — 1 квартал к 1 кварталу прошлого года",101.4,level
2014-01-01,national,N,Деятельность в области административного и вспомогательного обслуживания — 1 квартал к 1 кварталу прошлого года,105.6,level
2014-01-01,national,O,Государственное управление и оборона; обязательное социальное обеспечение — 1 квартал к 1 кварталу прошлого года,99.3,level
2014-01-01,national,P,Образование — 1 квартал к 1 кварталу прошлого года,101.4,level
2014-01-01,national,Q,Здравоохранение и социальное обслуживание населения — 1 квартал к 1 кварталу прошлого года,101.7,level
2014-01-01,national,R,"Искусство, развлечения и отдых — 1 квартал к 1 кварталу прошлого года",112.6,level
2014-01-01,national,S,Предоставление прочих видов услуг — 1 квартал к 1 кварталу прошлого года,113.4,level
2014-01-01,national,SERVICES,Производство услуг — 1 квартал к 1 кварталу прошлого года,105.8,level
2014-01-01,national,T,"Деятельность домашних хозяйств, нанимающих домашнюю прислугу и производящих товары и услуги для собственного потребления — 1 квартал к 1 кварталу прошлого года",83.8,level
2014-01-01,national,TAXES,Налоги на продукты — 1 квартал к 1 кварталу прошлого года,112.4,level
2014-01-01,national,TOTAL,Итого по отраслям — 1 квартал к 1 кварталу прошлого года,103.0,level
2014-04-01,national,A,"Сельское, лесное и рыбное хозяйство — 2 квартал к 2 кварталу прошлого года",102.766,level
2014-04-01,national,B,Горнодобывающая промышленность и разработка карьеров — 2 квартал к 2 кварталу прошлого года,99.847,level
2014-04-01,national,C,Обрабатывающая промышленность — 2 квартал к 2 кварталу прошлого года,99.428,level
2014-04-01,national,D,"Снабжение электроэнергией, газом, паром, горячей водой и кондиционированным воздухом — 2 квартал к 2 кварталу прошлого года",101.6,level
2014-04-01,national,E,"Водоснабжение; водоотведение; сбор, обработка и удаление отходов, деятельность по ликвидации загрязнений — 2 квартал к 2 кварталу прошлого года",90.727,level
2014-04-01,national,F,Строительство — 2 квартал к 2 кварталу прошлого года,104.361,level
2014-04-01,national,G,Оптовая и розничная торговля; ремонт автомобилей и мотоциклов — 2 квартал к 2 кварталу прошлого года,107.431,level
2014-04-01,national,GDP,Валовой внутренний продукт — 2 квартал к 2 кварталу прошлого года,104.862,level
2014-04-01,national,GOODS,Производство товаров — 2 квартал к 2 кварталу прошлого года,100.679,level
2014-04-01,national,GVA,Валовая добавленная стоимость — 2 квартал к 2 кварталу прошлого года,103.581,level
2014-04-01,national,H,Транспорт и складирование — 2 квартал к 2 кварталу прошлого года,107.259,level
2014-04-01,national,I,Предоставление услуг по проживанию и питанию — 2 квартал к 2 кварталу прошлого года,101.679,level
2014-04-01,national,IND,Промышленность — 2 квартал к 2 кварталу прошлого года,99.758,level
2014-04-01,national,J,Информация и связь — 2 квартал к 2 кварталу прошлого года,107.316,level
2014-04-01,national,K,Финансовая и страховая деятельность — 2 квартал к 2 кварталу прошлого года,106.322,level
2014-04-01,national,L,Операции с недвижимым имуществом — 2 квартал к 2 кварталу прошлого года,102.558,level
2014-04-01,national,M,"Профессиональная, научная и техническая деятельность — 2 квартал к 2 кварталу прошлого года",103.354,level
2014-04-01,national,N,Деятельность в области административного и вспомогательного обслуживания — 2 квартал к 2 кварталу прошлого года,104.108,level
2014-04-01,national,O,Государственное управление и оборона; обязательное социальное обеспечение — 2 квартал к 2 кварталу прошлого года,105.544,level
2014-04-01,national,P,Образование — 2 квартал к 2 кварталу прошлого года,102.664,level
2014-04-01,national,Q,Здравоохранение и социальное обслуживание населения — 2 квартал к 2 кварталу прошлого года,103.479,level
2014-04-01,national,R,"Искусство, развлечения и отдых — 2 квартал к 2 кварталу прошлого года",95.216,level
2014-04-01,national,S,Предоставление прочих видов услуг — 2 квартал к 2 кварталу прошлого года,108.558,level
2014-04-01,national,SERVICES,Производство услуг — 2 квартал к 2 кварталу прошлого года,105.609,level
2014-04-01,national,T,"Деятельность домашних хозяйств, нанимающих домашнюю прислугу и производящих товары и услуги для собственного потребления — 2 квартал к 2 кварталу прошлого года",108.666,level
2014-04-01,national,TAXES,Налоги на продукты — 2 квартал к 2 кварталу прошлого года,111.128,level
2014-04-01,national,TOTAL,Итого по отраслям — 2 квартал к 2 кварталу прошлого года,103.581,level
2014-07-01,national,A,"Сельское, лесное и рыбное хозяйство — 3 квартал к 3 кварталу прошлого года",100.722,level
2014-07-01,national,B,Горнодобывающая промышленность и разработка карьеров — 3 квартал к 3 кварталу прошлого года,100.84,level
2014-07-01,national,C,Обрабатывающая промышленность — 3 квартал к 3 кварталу прошлого года,103.721,level
2014-07-01,national,D,"Снабжение электроэнергией, газом, паром, горячей водой и кондиционированным воздухом — 3 квартал к 3 кварталу прошлого года",102.325,level
2014-07-01,national,E,"Водоснабжение; водоотведение; сбор, обработка и удаление отходов, деятельность по ликвидации загрязнений — 3 квартал к 3 кварталу прошлого года",91.731,level
2014-07-01,national,F,Строительство — 3 квартал к 3 кварталу прошлого года,104.421,level
2014-07-01,national,G,Оптовая и розничная торговля; ремонт автомобилей и мотоциклов — 3 квартал к 3 кварталу прошлого года,108.708,level
2014-07-01,national,GDP,Валовой внутренний продукт — 3 квартал к 3 кварталу прошлого года,103.631,level
2014-07-01,national,GOODS,Производство товаров — 3 квартал к 3 кварталу прошлого года,102.207,level
2014-07-01,national,GVA,Валовая добавленная стоимость — 3 квартал к 3 кварталу прошлого года,104.315,level
2014-07-01,national,H,Транспорт и складирование — 3 квартал к 3 кварталу прошлого года,106.8,level
2014-07-01,national,I,Предоставление услуг по проживанию и питанию — 3 квартал к 3 кварталу прошлого года,107.209,level
2014-07-01,national,IND,Промышленность — 3 квартал к 3 кварталу прошлого года,101.917,level
2014-07-01,national,J,Информация и связь — 3 квартал к 3 кварталу прошлого года,105.752,level
2014-07-01,national,K,Финансовая и страховая деятельность — 3 квартал к 3 кварталу прошлого года,99.354,level
2014-07-01,national,L,Операции с недвижимым имуществом — 3 квартал к 3 кварталу прошлого года,108.009,level
2014-07-01,national,M,"Профессиональная, научная и техническая деятельность — 3 квартал к 3 кварталу прошлого года",104.566,level
2014-07-01,national,N,Деятельность в области административного и вспомогательного обслуживания — 3 квартал к 3 кварталу прошлого года,107.517,level
2014-07-01,national,O,Государственное управление и оборона; обязательное социальное обеспечение — 3 квартал к 3 кварталу прошлого года,100.091,level
2014-07-01,national,P,Образование — 3 квартал к 3 кварталу прошлого года,102.573,level
2014-07-01,national,Q,Здравоохранение и социальное обслуживание населения — 3 квартал к 3 кварталу прошлого года,100.514,level
2014-07-01,national,R,"Искусство, развлечения и отдых — 3 квартал к 3 кварталу прошлого года",122.836,level
2014-07-01,national,S,Предоставление прочих видов услуг — 3 квартал к 3 кварталу прошлого года,102.057,level
2014-07-01,national,SERVICES,Производство услуг — 3 квартал к 3 кварталу прошлого года,105.961,level
2014-07-01,national,T,"Деятельность домашних хозяйств, нанимающих домашнюю прислугу и производящих товары и услуги для собственного потребления — 3 квартал к 3 кварталу прошлого года",107.349,level
2014-07-01,national,TAXES,Налоги на продукты — 3 квартал к 3 кварталу прошлого года,101.163,level
2014-07-01,national,TOTAL,Итого по отраслям — 3 квартал к 3 кварталу прошлого года,104.315,level
2014-10-01,national,A,"Сельское, лесное и рыбное хозяйство — 4 квартал к 4 кварталу прошлого года (IV квартал = год − 9 месяцев, с годовой досчётной поправкой)",101.101,level
2014-10-01,national,B,"Горнодобывающая промышленность и разработка карьеров — 4 квартал к 4 кварталу прошлого года (IV квартал = год − 9 месяцев, с годовой досчётной поправкой)",100.6,level
2014-10-01,national,C,"Обрабатывающая промышленность — 4 квартал к 4 кварталу прошлого года (IV квартал = год − 9 месяцев, с годовой досчётной поправкой)",103.996,level
2014-10-01,national,D,"Снабжение электроэнергией, газом, паром, горячей водой и кондиционированным воздухом — 4 квартал к 4 кварталу прошлого года (IV квартал = год − 9 месяцев, с годовой досчётной поправкой)",104.464,level
2014-10-01,national,E,"Водоснабжение; водоотведение; сбор, обработка и удаление отходов, деятельность по ликвидации загрязнений — 4 квартал к 4 кварталу прошлого года (IV квартал = год − 9 месяцев, с годовой досчётной поправкой)",96.027,level
2014-10-01,national,F,"Строительство — 4 квартал к 4 кварталу прошлого года (IV квартал = год − 9 месяцев, с годовой досчётной поправкой)",105.1,level
2014-10-01,national,G,"Оптовая и розничная торговля; ремонт автомобилей и мотоциклов — 4 квартал к 4 кварталу прошлого года (IV квартал = год − 9 месяцев, с годовой досчётной поправкой)",105.712,level
2014-10-01,national,GDP,"Валовой внутренний продукт — 4 квартал к 4 кварталу прошлого года (IV квартал = год − 9 месяцев, с годовой досчётной поправкой)",104.394,level
2014-10-01,national,GOODS,"Производство товаров — 4 квартал к 4 кварталу прошлого года (IV квартал = год − 9 месяцев, с годовой досчётной поправкой)",102.44,level
2014-10-01,national,GVA,"Валовая добавленная стоимость — 4 квартал к 4 кварталу прошлого года (IV квартал = год − 9 месяцев, с годовой досчётной поправкой)",104.28,level
2014-10-01,national,H,"Транспорт и складирование — 4 квартал к 4 кварталу прошлого года (IV квартал = год − 9 месяцев, с годовой досчётной поправкой)",107.855,level
2014-10-01,national,I,"Предоставление услуг по проживанию и питанию — 4 квартал к 4 кварталу прошлого года (IV квартал = год − 9 месяцев, с годовой досчётной поправкой)",111.135,level
2014-10-01,national,IND,"Промышленность — 4 квартал к 4 кварталу прошлого года (IV квартал = год − 9 месяцев, с годовой досчётной поправкой)",102.342,level
2014-10-01,national,J,"Информация и связь — 4 квартал к 4 кварталу прошлого года (IV квартал = год − 9 месяцев, с годовой досчётной поправкой)",108.667,level
2014-10-01,national,K,"Финансовая и страховая деятельность — 4 квартал к 4 кварталу прошлого года (IV квартал = год − 9 месяцев, с годовой досчётной поправкой)",107.165,level
2014-10-01,national,L,"Операции с недвижимым имуществом — 4 квартал к 4 кварталу прошлого года (IV квартал = год − 9 месяцев, с годовой досчётной поправкой)",105.94,level
2014-10-01,national,M,"Профессиональная, научная и техническая деятельность — 4 квартал к 4 кварталу прошлого года (IV квартал = год − 9 месяцев, с годовой досчётной поправкой)",101.542,level
2014-10-01,national,N,"Деятельность в области административного и вспомогательного обслуживания — 4 квартал к 4 кварталу прошлого года (IV квартал = год − 9 месяцев, с годовой досчётной поправкой)",110.188,level
2014-10-01,national,O,"Государственное управление и оборона; обязательное социальное обеспечение — 4 квартал к 4 кварталу прошлого года (IV квартал = год − 9 месяцев, с годовой досчётной поправкой)",105.253,level
2014-10-01,national,P,"Образование — 4 квартал к 4 кварталу прошлого года (IV квартал = год − 9 месяцев, с годовой досчётной поправкой)",104.202,level
2014-10-01,national,Q,"Здравоохранение и социальное обслуживание населения — 4 квартал к 4 кварталу прошлого года (IV квартал = год − 9 месяцев, с годовой досчётной поправкой)",105.867,level
2014-10-01,national,R,"Искусство, развлечения и отдых — 4 квартал к 4 кварталу прошлого года (IV квартал = год − 9 месяцев, с годовой досчётной поправкой)",101.542,level
2014-10-01,national,S,"Предоставление прочих видов услуг — 4 квартал к 4 кварталу прошлого года (IV квартал = год − 9 месяцев, с годовой досчётной поправкой)",100.672,level
2014-10-01,national,SERVICES,"Производство услуг — 4 квартал к 4 кварталу прошлого года (IV квартал = год − 9 месяцев, с годовой досчётной поправкой)",105.522,level
2014-10-01,national,T,"Деятельность домашних хозяйств, нанимающих домашнюю прислугу и производящих товары и услуги для собственного потребления — 4 квартал к 4 кварталу прошлого года (IV квартал = год − 9 месяцев, с годовой досчётной поправкой)",105.998,level
2014-10-01,national,TAXES,"Налоги на продукты — 4 квартал к 4 кварталу прошлого года (IV квартал = год − 9 месяцев, с годовой досчётной поправкой)",104.714,level
2014-10-01,national,TOTAL,"Итого по отраслям — 4 квартал к 4 кварталу прошлого года (IV квартал = год − 9 месяцев, с годовой досчётной поправкой)",104.28,level
2015-01-01,national,A,"Сельское, лесное и рыбное хозяйство — 1 квартал к 1 кварталу прошлого года",102.6,level
2015-01-01,national,B,Горнодобывающая промышленность и разработка карьеров — 1 квартал к 1 кварталу прошлого года,101.3,level
2015-01-01,national,C,Обрабатывающая промышленность — 1 квартал к 1 кварталу прошлого года,101.1,level
2015-01-01,national,D,"Снабжение электроэнергией, газом, паром, горячей водой и кондиционированным воздухом — 1 квартал к 1 кварталу прошлого года",97.9,level
2015-01-01,national,E,"Водоснабжение; водоотведение; сбор, обработка и удаление отходов, деятельность по ликвидации загрязнений — 1 квартал к 1 кварталу прошлого года",89.5,level
2015-01-01,national,F,Строительство — 1 квартал к 1 кварталу прошлого года,101.9,level
2015-01-01,national,G,Оптовая и розничная торговля; ремонт автомобилей и мотоциклов — 1 квартал к 1 кварталу прошлого года,102.8,level
2015-01-01,national,GDP,Валовой внутренний продукт — 1 квартал к 1 кварталу прошлого года,102.3,level
2015-01-01,national,GOODS,Производство товаров — 1 квартал к 1 кварталу прошлого года,101.1,level
2015-01-01,national,GVA,Валовая добавленная стоимость — 1 квартал к 1 кварталу прошлого года,103.0,level
2015-01-01,national,H,Транспорт и складирование — 1 квартал к 1 кварталу прошлого года,107.7,level
2015-01-01,national,I,Предоставление услуг по проживанию и питанию — 1 квартал к 1 кварталу прошлого года,107.1,level
2015-01-01,national,IND,Промышленность — 1 квартал к 1 кварталу прошлого года,100.9,level
2015-01-01,national,J,Информация и связь — 1 квартал к 1 кварталу прошлого года,104.9,level
2015-01-01,national,K,Финансовая и страховая деятельность — 1 квартал к 1 кварталу прошлого года,103.9,level
2015-01-01,national,L,Операции с недвижимым имуществом — 1 квартал к 1 кварталу прошлого года,102.5,level
2015-01-01,national,M,"Профессиональная, научная и техническая деятельность — 1 квартал к 1 кварталу прошлого года",103.7,level
2015-01-01,national,N,Деятельность в области административного и вспомогательного обслуживания — 1 квартал к 1 кварталу прошлого года,100.8,level
2015-01-01,national,O,Государственное управление и оборона; обязательное социальное обеспечение — 1 квартал к 1 кварталу прошлого года,103.5,level
2015-01-01,national,P,Образование — 1 квартал к 1 кварталу прошлого года,103.0,level
2015-01-01,national,Q,Здравоохранение и социальное обслуживание населения — 1 квартал к 1 кварталу прошлого года,102.2,level
2015-01-01,national,R,"Искусство, развлечения и отдых — 1 квартал к 1 кварталу прошлого года",103.3,level
2015-01-01,national,S,Предоставление прочих видов услуг — 1 квартал к 1 кварталу прошлого года,122.9,level
2015-01-01,national,SERVICES,Производство услуг — 1 квартал к 1 кварталу прошлого года,104.5,level
2015-01-01,national,T,"Деятельность домашних хозяйств, нанимающих домашнюю прислугу и производящих товары и услуги для собственного потребления — 1 квартал к 1 кварталу прошлого года",100.0,level
2015-01-01,national,TAXES,Налоги на продукты — 1 квартал к 1 кварталу прошлого года,94.5,level
2015-01-01,national,TOTAL,Итого по отраслям — 1 квартал к 1 кварталу прошлого года,103.0,level
2015-04-01,national,A,"Сельское, лесное и рыбное хозяйство — 2 квартал к 2 кварталу прошлого года",102.77,level
2015-04-01,national,B,Горнодобывающая промышленность и разработка карьеров — 2 квартал к 2 кварталу прошлого года,101.3,level
2015-04-01,national,C,Обрабатывающая промышленность — 2 квартал к 2 кварталу прошлого года,100.897,level
2015-04-01,national,D,"Снабжение электроэнергией, газом, паром, горячей водой и кондиционированным воздухом — 2 квартал к 2 кварталу прошлого года",99.33,level
2015-04-01,national,E,"Водоснабжение; водоотведение; сбор, обработка и удаление отходов, деятельность по ликвидации загрязнений — 2 квартал к 2 кварталу прошлого года",88.242,level
2015-04-01,national,F,Строительство — 2 квартал к 2 кварталу прошлого года,106.741,level
2015-04-01,national,G,Оптовая и розничная торговля; ремонт автомобилей и мотоциклов — 2 квартал к 2 кварталу прошлого года,103.325,level
2015-04-01,national,GDP,Валовой внутренний продукт — 2 квартал к 2 кварталу прошлого года,100.95,level
2015-04-01,national,GOODS,Производство товаров — 2 квартал к 2 кварталу прошлого года,102.072,level
2015-04-01,national,GVA,Валовая добавленная стоимость — 2 квартал к 2 кварталу прошлого года,102.04,level
2015-04-01,national,H,Транспорт и складирование — 2 квартал к 2 кварталу прошлого года,105.952,level
2015-04-01,national,I,Предоставление услуг по проживанию и питанию — 2 квартал к 2 кварталу прошлого года,97.721,level
2015-04-01,national,IND,Промышленность — 2 квартал к 2 кварталу прошлого года,100.9,level
2015-04-01,national,J,Информация и связь — 2 квартал к 2 кварталу прошлого года,100.975,level
2015-04-01,national,K,Финансовая и страховая деятельность — 2 квартал к 2 кварталу прошлого года,102.28,level
2015-04-01,national,L,Операции с недвижимым имуществом — 2 квартал к 2 кварталу прошлого года,101.488,level
2015-04-01,national,M,"Профессиональная, научная и техническая деятельность — 2 квартал к 2 кварталу прошлого года",100.192,level
2015-04-01,national,N,Деятельность в области административного и вспомогательного обслуживания — 2 квартал к 2 кварталу прошлого года,102.321,level
2015-04-01,national,O,Государственное управление и оборона; обязательное социальное обеспечение — 2 квартал к 2 кварталу прошлого года,104.817,level
2015-04-01,national,P,Образование — 2 квартал к 2 кварталу прошлого года,102.173,level
2015-04-01,national,Q,Здравоохранение и социальное обслуживание населения — 2 квартал к 2 кварталу прошлого года,101.625,level
2015-04-01,national,R,"Искусство, развлечения и отдых — 2 квартал к 2 кварталу прошлого года",103.122,level
2015-04-01,national,S,Предоставление прочих видов услуг — 2 квартал к 2 кварталу прошлого года,89.94,level
2015-04-01,national,SERVICES,Производство услуг — 2 квартал к 2 кварталу прошлого года,102.023,level
2015-04-01,national,T,"Деятельность домашних хозяйств, нанимающих домашнюю прислугу и производящих товары и услуги для собственного потребления — 2 квартал к 2 кварталу прошлого года",98.054,level
2015-04-01,national,TAXES,Налоги на продукты — 2 квартал к 2 кварталу прошлого года,89.275,level
2015-04-01,national,TOTAL,Итого по отраслям — 2 квартал к 2 кварталу прошлого года,102.04,level
2015-07-01,national,A,"Сельское, лесное и рыбное хозяйство — 3 квартал к 3 кварталу прошлого года",103.004,level
2015-07-01,national,B,Горнодобывающая промышленность и разработка карьеров — 3 квартал к 3 кварталу прошлого года,93.826,level
2015-07-01,national,C,Обрабатывающая промышленность — 3 квартал к 3 кварталу прошлого года,100.742,level
2015-07-01,national,D,"Снабжение электроэнергией, газом, паром, горячей водой и кондиционированным воздухом — 3 квартал к 3 кварталу прошлого года",97.793,level
2015-07-01,national,E,"Водоснабжение; водоотведение; сбор, обработка и удаление отходов, деятельность по ликвидации загрязнений — 3 квартал к 3 кварталу прошлого года",91.141,level
2015-07-01,national,F,Строительство — 3 квартал к 3 кварталу прошлого года,103.739,level
2015-07-01,national,G,Оптовая и розничная торговля; ремонт автомобилей и мотоциклов — 3 квартал к 3 кварталу прошлого года,98.124,level
2015-07-01,national,GDP,Валовой внутренний продукт — 3 квартал к 3 кварталу прошлого года,100.319,level
2015-07-01,national,GOODS,Производство товаров — 3 квартал к 3 кварталу прошлого года,98.872,level
2015-07-01,national,GVA,Валовая добавленная стоимость — 3 квартал к 3 кварталу прошлого года,100.207,level
2015-07-01,national,H,Транспорт и складирование — 3 квартал к 3 кварталу прошлого года,104.682,level
2015-07-01,national,I,Предоставление услуг по проживанию и питанию — 3 квартал к 3 кварталу прошлого года,104.949,level
2015-07-01,national,IND,Промышленность — 3 квартал к 3 кварталу прошлого года,96.719,level
2015-07-01,national,J,Информация и связь — 3 квартал к 3 кварталу прошлого года,102.197,level
2015-07-01,national,K,Финансовая и страховая деятельность — 3 квартал к 3 кварталу прошлого года,103.1,level
2015-07-01,national,L,Операции с недвижимым имуществом — 3 квартал к 3 кварталу прошлого года,102.0,level
2015-07-01,national,M,"Профессиональная, научная и техническая деятельность — 3 квартал к 3 кварталу прошлого года",102.529,level
2015-07-01,national,N,Деятельность в области административного и вспомогательного обслуживания — 3 квартал к 3 кварталу прошлого года,98.098,level
2015-07-01,national,O,Государственное управление и оборона; обязательное социальное обеспечение — 3 квартал к 3 кварталу прошлого года,104.494,level
2015-07-01,national,P,Образование — 3 квартал к 3 кварталу прошлого года,103.461,level
2015-07-01,national,Q,Здравоохранение и социальное обслуживание населения — 3 квартал к 3 кварталу прошлого года,104.407,level
2015-07-01,national,R,"Искусство, развлечения и отдых — 3 квартал к 3 кварталу прошлого года",100.248,level
2015-07-01,national,S,Предоставление прочих видов услуг — 3 квартал к 3 кварталу прошлого года,101.0,level
2015-07-01,national,SERVICES,Производство услуг — 3 квартал к 3 кварталу прошлого года,101.121,level
2015-07-01,national,T,"Деятельность домашних хозяйств, нанимающих домашнюю прислугу и производящих товары и услуги для собственного потребления — 3 квартал к 3 кварталу прошлого года",103.011,level
2015-07-01,national,TAXES,Налоги на продукты — 3 квартал к 3 кварталу прошлого года,102.254,level
2015-07-01,national,TOTAL,Итого по отраслям — 3 квартал к 3 кварталу прошлого года,100.207,level
2015-10-01,national,A,"Сельское, лесное и рыбное хозяйство — 4 квартал к 4 кварталу прошлого года (IV квартал = год − 9 месяцев, с годовой досчётной поправкой)",104.726,level
2015-10-01,national,B,"Горнодобывающая промышленность и разработка карьеров — 4 квартал к 4 кварталу прошлого года (IV квартал = год − 9 месяцев, с годовой досчётной поправкой)",93.969,level
2015-10-01,national,C,"Обрабатывающая промышленность — 4 квартал к 4 кварталу прошлого года (IV квартал = год − 9 месяцев, с годовой досчётной поправкой)",98.581,level
2015-10-01,national,D,"Снабжение электроэнергией, газом, паром, горячей водой и кондиционированным воздухом — 4 квартал к 4 кварталу прошлого года (IV квартал = год − 9 месяцев, с годовой досчётной поправкой)",99.002,level
2015-10-01,national,E,"Водоснабжение; водоотведение; сбор, обработка и удаление отходов, деятельность по ликвидации загрязнений — 4 квартал к 4 кварталу прошлого года (IV квартал = год − 9 месяцев, с годовой досчётной поправкой)",91.177,level
2015-10-01,national,F,"Строительство — 4 квартал к 4 кварталу прошлого года (IV квартал = год − 9 месяцев, с годовой досчётной поправкой)",104.237,level
2015-10-01,national,G,"Оптовая и розничная торговля; ремонт автомобилей и мотоциклов — 4 квартал к 4 кварталу прошлого года (IV квартал = год − 9 месяцев, с годовой досчётной поправкой)",99.382,level
2015-10-01,national,GDP,"Валовой внутренний продукт — 4 квартал к 4 кварталу прошлого года (IV квартал = год − 9 месяцев, с годовой досчётной поправкой)",101.414,level
2015-10-01,national,GOODS,"Производство товаров — 4 квартал к 4 кварталу прошлого года (IV квартал = год − 9 месяцев, с годовой досчётной поправкой)",99.154,level
2015-10-01,national,GVA,"Валовая добавленная стоимость — 4 квартал к 4 кварталу прошлого года (IV квартал = год − 9 месяцев, с годовой досчётной поправкой)",102.529,level
2015-10-01,national,H,"Транспорт и складирование — 4 квартал к 4 кварталу прошлого года (IV квартал = год − 9 месяцев, с годовой досчётной поправкой)",105.218,level
2015-10-01,national,I,"Предоставление услуг по проживанию и питанию — 4 квартал к 4 кварталу прошлого года (IV квартал = год − 9 месяцев, с годовой досчётной поправкой)",106.015,level
2015-10-01,national,IND,"Промышленность — 4 квартал к 4 кварталу прошлого года (IV квартал = год − 9 месяцев, с годовой досчётной поправкой)",96.479,level
2015-10-01,national,J,"Информация и связь — 4 квартал к 4 кварталу прошлого года (IV квартал = год − 9 месяцев, с годовой досчётной поправкой)",106.744,level
2015-10-01,national,K,"Финансовая и страховая деятельность — 4 квартал к 4 кварталу прошлого года (IV квартал = год − 9 месяцев, с годовой досчётной поправкой)",100.166,level
2015-10-01,national,L,"Операции с недвижимым имуществом — 4 квартал к 4 кварталу прошлого года (IV квартал = год − 9 месяцев, с годовой досчётной поправкой)",104.058,level
2015-10-01,national,M,"Профессиональная, научная и техническая деятельность — 4 квартал к 4 кварталу прошлого года (IV квартал = год − 9 месяцев, с годовой досчётной поправкой)",109.039,level
2015-10-01,national,N,"Деятельность в области административного и вспомогательного обслуживания — 4 квартал к 4 кварталу прошлого года (IV квартал = год − 9 месяцев, с годовой досчётной поправкой)",110.903,level
2015-10-01,national,O,"Государственное управление и оборона; обязательное социальное обеспечение — 4 квартал к 4 кварталу прошлого года (IV квартал = год − 9 месяцев, с годовой досчётной поправкой)",103.935,level
2015-10-01,national,P,"Образование — 4 квартал к 4 кварталу прошлого года (IV квартал = год − 9 месяцев, с годовой досчётной поправкой)",100.531,level
2015-10-01,national,Q,"Здравоохранение и социальное обслуживание населения — 4 квартал к 4 кварталу прошлого года (IV квартал = год − 9 месяцев, с годовой досчётной поправкой)",102.332,level
2015-10-01,national,R,"Искусство, развлечения и отдых — 4 квартал к 4 кварталу прошлого года (IV квартал = год − 9 месяцев, с годовой досчётной поправкой)",118.444,level
2015-10-01,national,S,"Предоставление прочих видов услуг — 4 квартал к 4 кварталу прошлого года (IV квартал = год − 9 месяцев, с годовой досчётной поправкой)",127.948,level
2015-10-01,national,SERVICES,"Производство услуг — 4 квартал к 4 кварталу прошлого года (IV квартал = год − 9 месяцев, с годовой досчётной поправкой)",104.454,level
2015-10-01,national,T,"Деятельность домашних хозяйств, нанимающих домашнюю прислугу и производящих товары и услуги для собственного потребления — 4 квартал к 4 кварталу прошлого года (IV квартал = год − 9 месяцев, с годовой досчётной поправкой)",98.401,level
2015-10-01,national,TAXES,"Налоги на продукты — 4 квартал к 4 кварталу прошлого года (IV квартал = год − 9 месяцев, с годовой досчётной поправкой)",86.035,level
2015-10-01,national,TOTAL,"Итого по отраслям — 4 квартал к 4 кварталу прошлого года (IV квартал = год − 9 месяцев, с годовой досчётной поправкой)",102.529,level
2016-01-01,national,A,"Сельское, лесное и рыбное хозяйство — 1 квартал к 1 кварталу прошлого года",102.6,level
2016-01-01,national,B,Горнодобывающая промышленность и разработка карьеров — 1 квартал к 1 кварталу прошлого года,98.6,level
2016-01-01,national,C,Обрабатывающая промышленность — 1 квартал к 1 кварталу прошлого года,100.3,level
2016-01-01,national,D,"Снабжение электроэнергией, газом, паром, горячей водой и кондиционированным воздухом — 1 квартал к 1 кварталу прошлого года",99.3,level
2016-01-01,national,E,"Водоснабжение; водоотведение; сбор, обработка и удаление отходов, деятельность по ликвидации загрязнений — 1 квартал к 1 кварталу прошлого года",93.4,level
2016-01-01,national,F,Строительство — 1 квартал к 1 кварталу прошлого года,106.0,level
2016-01-01,national,G,Оптовая и розничная торговля; ремонт автомобилей и мотоциклов — 1 квартал к 1 кварталу прошлого года,93.9,level
2016-01-01,national,GDP,Валовой внутренний продукт — 1 квартал к 1 кварталу прошлого года,99.9,level
2016-01-01,national,GOODS,Производство товаров — 1 квартал к 1 кварталу прошлого года,100.1,level
2016-01-01,national,GVA,Валовая добавленная стоимость — 1 квартал к 1 кварталу прошлого года,99.8,level
2016-01-01,national,H,Транспорт и складирование — 1 квартал к 1 кварталу прошлого года,104.0,level
2016-01-01,national,I,Предоставление услуг по проживанию и питанию — 1 квартал к 1 кварталу прошлого года,99.7,level
2016-01-01,national,IND,Промышленность — 1 квартал к 1 кварталу прошлого года,99.3,level
2016-01-01,national,J,Информация и связь — 1 квартал к 1 кварталу прошлого года,96.4,level
2016-01-01,national,K,Финансовая и страховая деятельность — 1 квартал к 1 кварталу прошлого года,100.8,level
2016-01-01,national,L,Операции с недвижимым имуществом — 1 квартал к 1 кварталу прошлого года,101.5,level
2016-01-01,national,M,"Профессиональная, научная и техническая деятельность — 1 квартал к 1 кварталу прошлого года",100.2,level
2016-01-01,national,N,Деятельность в области административного и вспомогательного обслуживания — 1 квартал к 1 кварталу прошлого года,102.3,level
2016-01-01,national,O,Государственное управление и оборона; обязательное социальное обеспечение — 1 квартал к 1 кварталу прошлого года,102.6,level
2016-01-01,national,P,Образование — 1 квартал к 1 кварталу прошлого года,102.5,level
2016-01-01,national,Q,Здравоохранение и социальное обслуживание населения — 1 квартал к 1 кварталу прошлого года,101.3,level
2016-01-01,national,R,"Искусство, развлечения и отдых — 1 квартал к 1 кварталу прошлого года",101.2,level
2016-01-01,national,S,Предоставление прочих видов услуг — 1 квартал к 1 кварталу прошлого года,100.5,level
2016-01-01,national,SERVICES,Производство услуг — 1 квартал к 1 кварталу прошлого года,99.5,level
2016-01-01,national,T,"Деятельность домашних хозяйств, нанимающих домашнюю прислугу и производящих товары и услуги для собственного потребления — 1 квартал к 1 кварталу прошлого года",90.0,level
2016-01-01,national,TAXES,Налоги на продукты — 1 квартал к 1 кварталу прошлого года,103.8,level
2016-01-01,national,TOTAL,Итого по отраслям — 1 квартал к 1 кварталу прошлого года,99.8,level
2016-04-01,national,A,"Сельское, лесное и рыбное хозяйство — 2 квартал к 2 кварталу прошлого года",102.259,level
2016-04-01,national,B,Горнодобывающая промышленность и разработка карьеров — 2 квартал к 2 кварталу прошлого года,95.266,level
2016-04-01,national,C,Обрабатывающая промышленность — 2 квартал к 2 кварталу прошлого года,100.746,level
2016-04-01,national,D,"Снабжение электроэнергией, газом, паром, горячей водой и кондиционированным воздухом — 2 квартал к 2 кварталу прошлого года",99.066,level
2016-04-01,national,E,"Водоснабжение; водоотведение; сбор, обработка и удаление отходов, деятельность по ликвидации загрязнений — 2 квартал к 2 кварталу прошлого года",92.755,level
2016-04-01,national,F,Строительство — 2 квартал к 2 кварталу прошлого года,106.895,level
2016-04-01,national,G,Оптовая и розничная торговля; ремонт автомобилей и мотоциклов — 2 квартал к 2 кварталу прошлого года,96.75,level
2016-04-01,national,GDP,Валовой внутренний продукт — 2 квартал к 2 кварталу прошлого года,100.294,level
2016-04-01,national,GOODS,Производство товаров — 2 квартал к 2 кварталу прошлого года,99.712,level
2016-04-01,national,GVA,Валовая добавленная стоимость — 2 квартал к 2 кварталу прошлого года,99.997,level
2016-04-01,national,H,Транспорт и складирование — 2 квартал к 2 кварталу прошлого года,104.424,level
2016-04-01,national,I,Предоставление услуг по проживанию и питанию — 2 квартал к 2 кварталу прошлого года,104.211,level
2016-04-01,national,IND,Промышленность — 2 квартал к 2 кварталу прошлого года,97.426,level
2016-04-01,national,J,Информация и связь — 2 квартал к 2 кварталу прошлого года,95.689,level
2016-04-01,national,K,Финансовая и страховая деятельность — 2 квартал к 2 кварталу прошлого года,99.786,level
2016-04-01,national,L,Операции с недвижимым имуществом — 2 квартал к 2 кварталу прошлого года,102.074,level
2016-04-01,national,M,"Профессиональная, научная и техническая деятельность — 2 квартал к 2 кварталу прошлого года",101.664,level
2016-04-01,national,N,Деятельность в области административного и вспомогательного обслуживания — 2 квартал к 2 кварталу прошлого года,101.646,level
2016-04-01,national,O,Государственное управление и оборона; обязательное социальное обеспечение — 2 квартал к 2 кварталу прошлого года,101.062,level
2016-04-01,national,P,Образование — 2 квартал к 2 кварталу прошлого года,102.281,level
2016-04-01,national,Q,Здравоохранение и социальное обслуживание населения — 2 квартал к 2 кварталу прошлого года,103.444,level
2016-04-01,national,R,"Искусство, развлечения и отдых — 2 квартал к 2 кварталу прошлого года",100.63,level
2016-04-01,national,S,Предоставление прочих видов услуг — 2 квартал к 2 кварталу прошлого года,101.841,level
2016-04-01,national,SERVICES,Производство услуг — 2 квартал к 2 кварталу прошлого года,100.496,level
2016-04-01,national,T,"Деятельность домашних хозяйств, нанимающих домашнюю прислугу и производящих товары и услуги для собственного потребления — 2 квартал к 2 кварталу прошлого года",92.652,level
2016-04-01,national,TAXES,Налоги на продукты — 2 квартал к 2 кварталу прошлого года,102.846,level
2016-04-01,national,TOTAL,Итого по отраслям — 2 квартал к 2 кварталу прошлого года,99.997,level
2016-07-01,national,A,"Сельское, лесное и рыбное хозяйство — 3 квартал к 3 кварталу прошлого года",105.682,level
2016-07-01,national,B,Горнодобывающая промышленность и разработка карьеров — 3 квартал к 3 кварталу прошлого года,93.629,level
2016-07-01,national,C,Обрабатывающая промышленность — 3 квартал к 3 кварталу прошлого года,100.766,level
2016-07-01,national,D,"Снабжение электроэнергией, газом, паром, горячей водой и кондиционированным воздухом — 3 квартал к 3 кварталу прошлого года",102.737,level
2016-07-01,national,E,"Водоснабжение; водоотведение; сбор, обработка и удаление отходов, деятельность по ликвидации загрязнений — 3 квартал к 3 кварталу прошлого года",97.435,level
2016-07-01,national,F,Строительство — 3 квартал к 3 кварталу прошлого года,107.256,level
2016-07-01,national,G,Оптовая и розничная торговля; ремонт автомобилей и мотоциклов — 3 квартал к 3 кварталу прошлого года,99.795,level
2016-07-01,national,GDP,Валовой внутренний продукт — 3 квартал к 3 кварталу прошлого года,100.874,level
2016-07-01,national,GOODS,Производство товаров — 3 квартал к 3 кварталу прошлого года,100.637,level
2016-07-01,national,GVA,Валовая добавленная стоимость — 3 квартал к 3 кварталу прошлого года,100.937,level
2016-07-01,national,H,Транспорт и складирование — 3 квартал к 3 кварталу прошлого года,103.349,level
2016-07-01,national,I,Предоставление услуг по проживанию и питанию — 3 квартал к 3 кварталу прошлого года,98.988,level
2016-07-01,national,IND,Промышленность — 3 квартал к 3 кварталу прошлого года,97.25,level
2016-07-01,national,J,Информация и связь — 3 квартал к 3 кварталу прошлого года,96.75,level
2016-07-01,national,K,Финансовая и страховая деятельность — 3 квартал к 3 кварталу прошлого года,101.663,level
2016-07-01,national,L,Операции с недвижимым имуществом — 3 квартал к 3 кварталу прошлого года,102.423,level
2016-07-01,national,M,"Профессиональная, научная и техническая деятельность — 3 квартал к 3 кварталу прошлого года",99.787,level
2016-07-01,national,N,Деятельность в области административного и вспомогательного обслуживания — 3 квартал к 3 кварталу прошлого года,102.0,level
2016-07-01,national,O,Государственное управление и оборона; обязательное социальное обеспечение — 3 квартал к 3 кварталу прошлого года,100.505,level
2016-07-01,national,P,Образование — 3 квартал к 3 кварталу прошлого года,99.871,level
2016-07-01,national,Q,Здравоохранение и социальное обслуживание населения — 3 квартал к 3 кварталу прошлого года,101.635,level
2016-07-01,national,R,"Искусство, развлечения и отдых — 3 квартал к 3 кварталу прошлого года",100.9,level
2016-07-01,national,S,Предоставление прочих видов услуг — 3 квартал к 3 кварталу прошлого года,100.92,level
2016-07-01,national,SERVICES,Производство услуг — 3 квартал к 3 кварталу прошлого года,100.807,level
2016-07-01,national,T,"Деятельность домашних хозяйств, нанимающих домашнюю прислугу и производящих товары и услуги для собственного потребления — 3 квартал к 3 кварталу прошлого года",132.373,level
2016-07-01,national,TAXES,Налоги на продукты — 3 квартал к 3 кварталу прошлого года,103.538,level
2016-07-01,national,TOTAL,Итого по отраслям — 3 квартал к 3 кварталу прошлого года,100.937,level
2016-10-01,national,A,"Сельское, лесное и рыбное хозяйство — 4 квартал к 4 кварталу прошлого года (IV квартал = год − 9 месяцев, с годовой досчётной поправкой)",107.143,level
2016-10-01,national,B,"Горнодобывающая промышленность и разработка карьеров — 4 квартал к 4 кварталу прошлого года (IV квартал = год − 9 месяцев, с годовой досчётной поправкой)",103.856,level
2016-10-01,national,C,"Обрабатывающая промышленность — 4 квартал к 4 кварталу прошлого года (IV квартал = год − 9 месяцев, с годовой досчётной поправкой)",104.298,level
2016-10-01,national,D,"Снабжение электроэнергией, газом, паром, горячей водой и кондиционированным воздухом — 4 квартал к 4 кварталу прошлого года (IV квартал = год − 9 месяцев, с годовой досчётной поправкой)",101.266,level
2016-10-01,national,E,"Водоснабжение; водоотведение; сбор, обработка и удаление отходов, деятельность по ликвидации загрязнений — 4 квартал к 4 кварталу прошлого года (IV квартал = год − 9 месяцев, с годовой досчётной поправкой)",99.099,level
2016-10-01,national,F,"Строительство — 4 квартал к 4 кварталу прошлого года (IV квартал = год − 9 месяцев, с годовой досчётной поправкой)",108.427,level
2016-10-01,national,G,"Оптовая и розничная торговля; ремонт автомобилей и мотоциклов — 4 квартал к 4 кварталу прошлого года (IV квартал = год − 9 месяцев, с годовой досчётной поправкой)",100.238,level
2016-10-01,national,GDP,"Валовой внутренний продукт — 4 квартал к 4 кварталу прошлого года (IV квартал = год − 9 месяцев, с годовой досчётной поправкой)",102.528,level
2016-10-01,national,GOODS,"Производство товаров — 4 квартал к 4 кварталу прошлого года (IV квартал = год − 9 месяцев, с годовой досчётной поправкой)",105.303,level
2016-10-01,national,GVA,"Валовая добавленная стоимость — 4 квартал к 4 кварталу прошлого года (IV квартал = год − 9 месяцев, с годовой досчётной поправкой)",103.026,level
2016-10-01,national,H,"Транспорт и складирование — 4 квартал к 4 кварталу прошлого года (IV квартал = год − 9 месяцев, с годовой досчётной поправкой)",102.898,level
2016-10-01,national,I,"Предоставление услуг по проживанию и питанию — 4 квартал к 4 кварталу прошлого года (IV квартал = год − 9 месяцев, с годовой досчётной поправкой)",101.792,level
2016-10-01,national,IND,"Промышленность — 4 квартал к 4 кварталу прошлого года (IV квартал = год − 9 месяцев, с годовой досчётной поправкой)",103.674,level
2016-10-01,national,J,"Информация и связь — 4 квартал к 4 кварталу прошлого года (IV квартал = год − 9 месяцев, с годовой досчётной поправкой)",107.219,level
2016-10-01,national,K,"Финансовая и страховая деятельность — 4 квартал к 4 кварталу прошлого года (IV квартал = год − 9 месяцев, с годовой досчётной поправкой)",100.305,level
2016-10-01,national,L,"Операции с недвижимым имуществом — 4 квартал к 4 кварталу прошлого года (IV квартал = год − 9 месяцев, с годовой досчётной поправкой)",103.478,level
2016-10-01,national,M,"Профессиональная, научная и техническая деятельность — 4 квартал к 4 кварталу прошлого года (IV квартал = год − 9 месяцев, с годовой досчётной поправкой)",101.352,level
2016-10-01,national,N,"Деятельность в области административного и вспомогательного обслуживания — 4 квартал к 4 кварталу прошлого года (IV квартал = год − 9 месяцев, с годовой досчётной поправкой)",99.935,level
2016-10-01,national,O,"Государственное управление и оборона; обязательное социальное обеспечение — 4 квартал к 4 кварталу прошлого года (IV квартал = год − 9 месяцев, с годовой досчётной поправкой)",101.061,level
2016-10-01,national,P,"Образование — 4 квартал к 4 кварталу прошлого года (IV квартал = год − 9 месяцев, с годовой досчётной поправкой)",103.602,level
2016-10-01,national,Q,"Здравоохранение и социальное обслуживание населения — 4 квартал к 4 кварталу прошлого года (IV квартал = год − 9 месяцев, с годовой досчётной поправкой)",100.902,level
2016-10-01,national,R,"Искусство, развлечения и отдых — 4 квартал к 4 кварталу прошлого года (IV квартал = год − 9 месяцев, с годовой досчётной поправкой)",102.9,level
2016-10-01,national,S,"Предоставление прочих видов услуг — 4 квартал к 4 кварталу прошлого года (IV квартал = год − 9 месяцев, с годовой досчётной поправкой)",103.16,level
2016-10-01,national,SERVICES,"Производство услуг — 4 квартал к 4 кварталу прошлого года (IV квартал = год − 9 месяцев, с годовой досчётной поправкой)",102.006,level
2016-10-01,national,T,"Деятельность домашних хозяйств, нанимающих домашнюю прислугу и производящих товары и услуги для собственного потребления — 4 квартал к 4 кварталу прошлого года (IV квартал = год − 9 месяцев, с годовой досчётной поправкой)",56.256,level
2016-10-01,national,TAXES,"Налоги на продукты — 4 квартал к 4 кварталу прошлого года (IV квартал = год − 9 месяцев, с годовой досчётной поправкой)",92.978,level
2016-10-01,national,TOTAL,"Итого по отраслям — 4 квартал к 4 кварталу прошлого года (IV квартал = год − 9 месяцев, с годовой досчётной поправкой)",103.026,level
2017-01-01,national,A,"Сельское, лесное и рыбное хозяйство — 1 квартал к 1 кварталу прошлого года",102.6,level
2017-01-01,national,B,Горнодобывающая промышленность и разработка карьеров — 1 квартал к 1 кварталу прошлого года,106.0,level
2017-01-01,national,C,Обрабатывающая промышленность — 1 квартал к 1 кварталу прошлого года,107.3,level
2017-01-01,national,D,"Снабжение электроэнергией, газом, паром, горячей водой и кондиционированным воздухом — 1 квартал к 1 кварталу прошлого года",103.8,level
2017-01-01,national,E,"Водоснабжение; водоотведение; сбор, обработка и удаление отходов, деятельность по ликвидации загрязнений — 1 квартал к 1 кварталу прошлого года",99.5,level
2017-01-01,national,F,Строительство — 1 квартал к 1 кварталу прошлого года,107.1,level
2017-01-01,national,G,Оптовая и розничная торговля; ремонт автомобилей и мотоциклов — 1 квартал к 1 кварталу прошлого года,102.8,level
2017-01-01,national,GDP,Валовой внутренний продукт — 1 квартал к 1 кварталу прошлого года,103.6,level
2017-01-01,national,GOODS,Производство товаров — 1 квартал к 1 кварталу прошлого года,106.2,level
2017-01-01,national,GVA,Валовая добавленная стоимость — 1 квартал к 1 кварталу прошлого года,103.6,level
2017-01-01,national,H,Транспорт и складирование — 1 квартал к 1 кварталу прошлого года,103.5,level
2017-01-01,national,I,Предоставление услуг по проживанию и питанию — 1 квартал к 1 кварталу прошлого года,101.1,level
2017-01-01,national,IND,Промышленность — 1 квартал к 1 кварталу прошлого года,106.3,level
2017-01-01,national,J,Информация и связь — 1 квартал к 1 кварталу прошлого года,101.7,level
2017-01-01,national,K,Финансовая и страховая деятельность — 1 квартал к 1 кварталу прошлого года,100.2,level
2017-01-01,national,L,Операции с недвижимым имуществом — 1 квартал к 1 кварталу прошлого года,101.4,level
2017-01-01,national,M,"Профессиональная, научная и техническая деятельность — 1 квартал к 1 кварталу прошлого года",98.9,level
2017-01-01,national,N,Деятельность в области административного и вспомогательного обслуживания — 1 квартал к 1 кварталу прошлого года,100.5,level
2017-01-01,national,O,Государственное управление и оборона; обязательное социальное обеспечение — 1 квартал к 1 кварталу прошлого года,101.7,level
2017-01-01,national,P,Образование — 1 квартал к 1 кварталу прошлого года,102.9,level
2017-01-01,national,Q,Здравоохранение и социальное обслуживание населения — 1 квартал к 1 кварталу прошлого года,104.2,level
2017-01-01,national,R,"Искусство, развлечения и отдых — 1 квартал к 1 кварталу прошлого года",100.6,level
2017-01-01,national,S,Предоставление прочих видов услуг — 1 квартал к 1 кварталу прошлого года,105.9,level
2017-01-01,national,SERVICES,Производство услуг — 1 квартал к 1 кварталу прошлого года,102.1,level
2017-01-01,national,T,"Деятельность домашних хозяйств, нанимающих домашнюю прислугу и производящих товары и услуги для собственного потребления — 1 квартал к 1 кварталу прошлого года",104.3,level
2017-01-01,national,TAXES,Налоги на продукты — 1 квартал к 1 кварталу прошлого года,104.3,level
2017-01-01,national,TOTAL,Итого по отраслям — 1 квартал к 1 кварталу прошлого года,103.6,level
2017-04-01,national,A,"Сельское, лесное и рыбное хозяйство — 2 квартал к 2 кварталу прошлого года",102.935,level
2017-04-01,national,B,Горнодобывающая промышленность и разработка карьеров — 2 квартал к 2 кварталу прошлого года,113.187,level
2017-04-01,national,C,Обрабатывающая промышленность — 2 квартал к 2 кварталу прошлого года,106.268,level
2017-04-01,national,D,"Снабжение электроэнергией, газом, паром, горячей водой и кондиционированным воздухом — 2 квартал к 2 кварталу прошлого года",106.907,level
2017-04-01,national,E,"Водоснабжение; водоотведение; сбор, обработка и удаление отходов, деятельность по ликвидации загрязнений — 2 квартал к 2 кварталу прошлого года",102.0,level
2017-04-01,national,F,Строительство — 2 квартал к 2 кварталу прошлого года,105.32,level
2017-04-01,national,G,Оптовая и розничная торговля; ремонт автомобилей и мотоциклов — 2 квартал к 2 кварталу прошлого года,102.061,level
2017-04-01,national,GDP,Валовой внутренний продукт — 2 квартал к 2 кварталу прошлого года,104.949,level
2017-04-01,national,GOODS,Производство товаров — 2 квартал к 2 кварталу прошлого года,108.449,level
2017-04-01,national,GVA,Валовая добавленная стоимость — 2 квартал к 2 кварталу прошлого года,104.948,level
2017-04-01,national,H,Транспорт и складирование — 2 квартал к 2 кварталу прошлого года,104.305,level
2017-04-01,national,I,Предоставление услуг по проживанию и питанию — 2 квартал к 2 кварталу прошлого года,102.074,level
2017-04-01,national,IND,Промышленность — 2 квартал к 2 кварталу прошлого года,109.885,level
2017-04-01,national,J,Информация и связь — 2 квартал к 2 кварталу прошлого года,103.162,level
2017-04-01,national,K,Финансовая и страховая деятельность — 2 квартал к 2 кварталу прошлого года,101.363,level
2017-04-01,national,L,Операции с недвижимым имуществом — 2 квартал к 2 кварталу прошлого года,102.736,level
2017-04-01,national,M,"Профессиональная, научная и техническая деятельность — 2 квартал к 2 кварталу прошлого года",103.38,level
2017-04-01,national,N,Деятельность в области административного и вспомогательного обслуживания — 2 квартал к 2 кварталу прошлого года,101.985,level
2017-04-01,national,O,Государственное управление и оборона; обязательное социальное обеспечение — 2 квартал к 2 кварталу прошлого года,102.74,level
2017-04-01,national,P,Образование — 2 квартал к 2 кварталу прошлого года,103.106,level
2017-04-01,national,Q,Здравоохранение и социальное обслуживание населения — 2 квартал к 2 кварталу прошлого года,102.945,level
2017-04-01,national,R,"Искусство, развлечения и отдых — 2 квартал к 2 кварталу прошлого года",105.261,level
2017-04-01,national,S,Предоставление прочих видов услуг — 2 квартал к 2 кварталу прошлого года,100.546,level
2017-04-01,national,SERVICES,Производство услуг — 2 квартал к 2 кварталу прошлого года,102.687,level
2017-04-01,national,T,"Деятельность домашних хозяйств, нанимающих домашнюю прислугу и производящих товары и услуги для собственного потребления — 2 квартал к 2 кварталу прошлого года",102.738,level
2017-04-01,national,TAXES,Налоги на продукты — 2 квартал к 2 кварталу прошлого года,106.244,level
2017-04-01,national,TOTAL,Итого по отраслям — 2 квартал к 2 кварталу прошлого года,104.948,level
2017-07-01,national,A,"Сельское, лесное и рыбное хозяйство — 3 квартал к 3 кварталу прошлого года",101.307,level
2017-07-01,national,B,Горнодобывающая промышленность и разработка карьеров — 3 квартал к 3 кварталу прошлого года,114.343,level
2017-07-01,national,C,Обрабатывающая промышленность — 3 квартал к 3 кварталу прошлого года,104.618,level
2017-07-01,national,D,"Снабжение электроэнергией, газом, паром, горячей водой и кондиционированным воздухом — 3 квартал к 3 кварталу прошлого года",105.436,level
2017-07-01,national,E,"Водоснабжение; водоотведение; сбор, обработка и удаление отходов, деятельность по ликвидации загрязнений — 3 квартал к 3 кварталу прошлого года",100.42,level
2017-07-01,national,F,Строительство — 3 квартал к 3 кварталу прошлого года,100.724,level
2017-07-01,national,G,Оптовая и розничная торговля; ремонт автомобилей и мотоциклов — 3 квартал к 3 кварталу прошлого года,103.919,level
2017-07-01,national,GDP,Валовой внутренний продукт — 3 квартал к 3 кварталу прошлого года,104.3,level
2017-07-01,national,GOODS,Производство товаров — 3 квартал к 3 кварталу прошлого года,106.428,level
2017-07-01,national,GVA,Валовая добавленная стоимость — 3 квартал к 3 кварталу прошлого года,104.3,level
2017-07-01,national,H,Транспорт и складирование — 3 квартал к 3 кварталу прошлого года,106.3,level
2017-07-01,national,I,Предоставление услуг по проживанию и питанию — 3 квартал к 3 кварталу прошлого года,108.918,level
2017-07-01,national,IND,Промышленность — 3 квартал к 3 кварталу прошлого года,109.51,level
2017-07-01,national,J,Информация и связь — 3 квартал к 3 кварталу прошлого года,103.808,level
2017-07-01,national,K,Финансовая и страховая деятельность — 3 квартал к 3 кварталу прошлого года,98.522,level
2017-07-01,national,L,Операции с недвижимым имуществом — 3 квартал к 3 кварталу прошлого года,103.025,level
2017-07-01,national,M,"Профессиональная, научная и техническая деятельность — 3 квартал к 3 кварталу прошлого года",92.601,level
2017-07-01,national,N,Деятельность в области административного и вспомогательного обслуживания — 3 квартал к 3 кварталу прошлого года,101.801,level
2017-07-01,national,O,Государственное управление и оборона; обязательное социальное обеспечение — 3 квартал к 3 кварталу прошлого года,102.2,level
2017-07-01,national,P,Образование — 3 квартал к 3 кварталу прошлого года,102.467,level
2017-07-01,national,Q,Здравоохранение и социальное обслуживание населения — 3 квартал к 3 кварталу прошлого года,103.103,level
2017-07-01,national,R,"Искусство, развлечения и отдых — 3 квартал к 3 кварталу прошлого года",107.672,level
2017-07-01,national,S,Предоставление прочих видов услуг — 3 квартал к 3 кварталу прошлого года,102.279,level
2017-07-01,national,SERVICES,Производство услуг — 3 квартал к 3 кварталу прошлого года,102.674,level
2017-07-01,national,T,"Деятельность домашних хозяйств, нанимающих домашнюю прислугу и производящих товары и услуги для собственного потребления — 3 квартал к 3 кварталу прошлого года",104.763,level
2017-07-01,national,TAXES,Налоги на продукты — 3 квартал к 3 кварталу прошлого года,104.769,level
2017-07-01,national,TOTAL,Итого по отраслям — 3 квартал к 3 кварталу прошлого года,104.3,level
2017-10-01,national,A,"Сельское, лесное и рыбное хозяйство — 4 квартал к 4 кварталу прошлого года (IV квартал = год − 9 месяцев, с годовой досчётной поправкой)",106.184,level
2017-10-01,national,B,"Горнодобывающая промышленность и разработка карьеров — 4 квартал к 4 кварталу прошлого года (IV квартал = год − 9 месяцев, с годовой досчётной поправкой)",105.21,level
2017-10-01,national,C,"Обрабатывающая промышленность — 4 квартал к 4 кварталу прошлого года (IV квартал = год − 9 месяцев, с годовой досчётной поправкой)",106.293,level
2017-10-01,national,D,"Снабжение электроэнергией, газом, паром, горячей водой и кондиционированным воздухом — 4 квартал к 4 кварталу прошлого года (IV квартал = год − 9 месяцев, с годовой досчётной поправкой)",105.874,level
2017-10-01,national,E,"Водоснабжение; водоотведение; сбор, обработка и удаление отходов, деятельность по ликвидации загрязнений — 4 квартал к 4 кварталу прошлого года (IV квартал = год − 9 месяцев, с годовой досчётной поправкой)",105.293,level
2017-10-01,national,F,"Строительство — 4 квартал к 4 кварталу прошлого года (IV квартал = год − 9 месяцев, с годовой досчётной поправкой)",101.406,level
2017-10-01,national,G,"Оптовая и розничная торговля; ремонт автомобилей и мотоциклов — 4 квартал к 4 кварталу прошлого года (IV квартал = год − 9 месяцев, с годовой досчётной поправкой)",103.554,level
2017-10-01,national,GDP,"Валовой внутренний продукт — 4 квартал к 4 кварталу прошлого года (IV квартал = год − 9 месяцев, с годовой досчётной поправкой)",103.698,level
2017-10-01,national,GOODS,"Производство товаров — 4 квартал к 4 кварталу прошлого года (IV квартал = год − 9 месяцев, с годовой досчётной поправкой)",105.142,level
2017-10-01,national,GVA,"Валовая добавленная стоимость — 4 квартал к 4 кварталу прошлого года (IV квартал = год − 9 месяцев, с годовой досчётной поправкой)",103.411,level
2017-10-01,national,H,"Транспорт и складирование — 4 квартал к 4 кварталу прошлого года (IV квартал = год − 9 месяцев, с годовой досчётной поправкой)",104.969,level
2017-10-01,national,I,"Предоставление услуг по проживанию и питанию — 4 квартал к 4 кварталу прошлого года (IV квартал = год − 9 месяцев, с годовой досчётной поправкой)",102.02,level
2017-10-01,national,IND,"Промышленность — 4 квартал к 4 кварталу прошлого года (IV квартал = год − 9 месяцев, с годовой досчётной поправкой)",105.795,level
2017-10-01,national,J,"Информация и связь — 4 квартал к 4 кварталу прошлого года (IV квартал = год − 9 месяцев, с годовой досчётной поправкой)",103.515,level
2017-10-01,national,K,"Финансовая и страховая деятельность — 4 квартал к 4 кварталу прошлого года (IV квартал = год − 9 месяцев, с годовой досчётной поправкой)",102.641,level
2017-10-01,national,L,"Операции с недвижимым имуществом — 4 квартал к 4 кварталу прошлого года (IV квартал = год − 9 месяцев, с годовой досчётной поправкой)",101.417,level
2017-10-01,national,M,"Профессиональная, научная и техническая деятельность — 4 квартал к 4 кварталу прошлого года (IV квартал = год − 9 месяцев, с годовой досчётной поправкой)",97.171,level
2017-10-01,national,N,"Деятельность в области административного и вспомогательного обслуживания — 4 квартал к 4 кварталу прошлого года (IV квартал = год − 9 месяцев, с годовой досчётной поправкой)",101.145,level
2017-10-01,national,O,"Государственное управление и оборона; обязательное социальное обеспечение — 4 квартал к 4 кварталу прошлого года (IV квартал = год − 9 месяцев, с годовой досчётной поправкой)",101.051,level
2017-10-01,national,P,"Образование — 4 квартал к 4 кварталу прошлого года (IV квартал = год − 9 месяцев, с годовой досчётной поправкой)",105.811,level
2017-10-01,national,Q,"Здравоохранение и социальное обслуживание населения — 4 квартал к 4 кварталу прошлого года (IV квартал = год − 9 месяцев, с годовой досчётной поправкой)",101.347,level
2017-10-01,national,R,"Искусство, развлечения и отдых — 4 квартал к 4 кварталу прошлого года (IV квартал = год − 9 месяцев, с годовой досчётной поправкой)",104.273,level
2017-10-01,national,S,"Предоставление прочих видов услуг — 4 квартал к 4 кварталу прошлого года (IV квартал = год − 9 месяцев, с годовой досчётной поправкой)",99.054,level
2017-10-01,national,SERVICES,"Производство услуг — 4 квартал к 4 кварталу прошлого года (IV квартал = год − 9 месяцев, с годовой досчётной поправкой)",102.5,level
2017-10-01,national,T,"Деятельность домашних хозяйств, нанимающих домашнюю прислугу и производящих товары и услуги для собственного потребления — 4 квартал к 4 кварталу прошлого года (IV квартал = год − 9 месяцев, с годовой досчётной поправкой)",105.21,level
2017-10-01,national,TAXES,"Налоги на продукты — 4 квартал к 4 кварталу прошлого года (IV квартал = год − 9 месяцев, с годовой досчётной поправкой)",108.599,level
2017-10-01,national,TOTAL,"Итого по отраслям — 4 квартал к 4 кварталу прошлого года (IV квартал = год − 9 месяцев, с годовой досчётной поправкой)",103.411,level
2018-01-01,national,A,"Сельское, лесное и рыбное хозяйство — 1 квартал к 1 кварталу прошлого года",103.4,level
2018-01-01,national,B,Горнодобывающая промышленность и разработка карьеров — 1 квартал к 1 кварталу прошлого года,105.2,level
2018-01-01,national,C,Обрабатывающая промышленность — 1 квартал к 1 кварталу прошлого года,106.0,level
2018-01-01,national,D,"Снабжение электроэнергией, газом, паром, горячей водой и кондиционированным воздухом — 1 квартал к 1 кварталу прошлого года",104.1,level
2018-01-01,national,E,"Водоснабжение; водоотведение; сбор, обработка и удаление отходов, деятельность по ликвидации загрязнений — 1 квартал к 1 кварталу прошлого года",98.2,level
2018-01-01,national,F,Строительство — 1 квартал к 1 кварталу прошлого года,105.9,level
2018-01-01,national,G,Оптовая и розничная торговля; ремонт автомобилей и мотоциклов — 1 квартал к 1 кварталу прошлого года,106.1,level
2018-01-01,national,GDP,Валовой внутренний продукт — 1 квартал к 1 кварталу прошлого года,104.1,level
2018-01-01,national,GOODS,Производство товаров — 1 квартал к 1 кварталу прошлого года,105.3,level
2018-01-01,national,GVA,Валовая добавленная стоимость — 1 квартал к 1 кварталу прошлого года,104.4,level
2018-01-01,national,H,Транспорт и складирование — 1 квартал к 1 кварталу прошлого года,104.6,level
2018-01-01,national,I,Предоставление услуг по проживанию и питанию — 1 квартал к 1 кварталу прошлого года,104.2,level
2018-01-01,national,IND,Промышленность — 1 квартал к 1 кварталу прошлого года,105.4,level
2018-01-01,national,J,Информация и связь — 1 квартал к 1 кварталу прошлого года,106.3,level
2018-01-01,national,K,Финансовая и страховая деятельность — 1 квартал к 1 кварталу прошлого года,103.3,level
2018-01-01,national,L,Операции с недвижимым имуществом — 1 квартал к 1 кварталу прошлого года,102.3,level
2018-01-01,national,M,"Профессиональная, научная и техническая деятельность — 1 квартал к 1 кварталу прошлого года",102.9,level
2018-01-01,national,N,Деятельность в области административного и вспомогательного обслуживания — 1 квартал к 1 кварталу прошлого года,102.0,level
2018-01-01,national,O,Государственное управление и оборона; обязательное социальное обеспечение — 1 квартал к 1 кварталу прошлого года,100.8,level
2018-01-01,national,P,Образование — 1 квартал к 1 кварталу прошлого года,103.2,level
2018-01-01,national,Q,Здравоохранение и социальное обслуживание населения — 1 квартал к 1 кварталу прошлого года,101.9,level
2018-01-01,national,R,"Искусство, развлечения и отдых — 1 квартал к 1 кварталу прошлого года",103.5,level
2018-01-01,national,S,Предоставление прочих видов услуг — 1 квартал к 1 кварталу прошлого года,102.0,level
2018-01-01,national,SERVICES,Производство услуг — 1 квартал к 1 кварталу прошлого года,103.9,level
2018-01-01,national,T,"Деятельность домашних хозяйств, нанимающих домашнюю прислугу и производящих товары и услуги для собственного потребления — 1 квартал к 1 кварталу прошлого года",103.8,level
2018-01-01,national,TAXES,Налоги на продукты — 1 квартал к 1 кварталу прошлого года,100.3,level
2018-01-01,national,TOTAL,Итого по отраслям — 1 квартал к 1 кварталу прошлого года,104.4,level
2018-04-01,national,A,"Сельское, лесное и рыбное хозяйство — 2 квартал к 2 кварталу прошлого года",104.418,level
2018-04-01,national,B,Горнодобывающая промышленность и разработка карьеров — 2 квартал к 2 кварталу прошлого года,105.96,level
2018-04-01,national,C,Обрабатывающая промышленность — 2 квартал к 2 кварталу прошлого года,103.907,level
2018-04-01,national,D,"Снабжение электроэнергией, газом, паром, горячей водой и кондиционированным воздухом — 2 квартал к 2 кварталу прошлого года",106.887,level
2018-04-01,national,E,"Водоснабжение; водоотведение; сбор, обработка и удаление отходов, деятельность по ликвидации загрязнений — 2 квартал к 2 кварталу прошлого года",97.782,level
2018-04-01,national,F,Строительство — 2 квартал к 2 кварталу прошлого года,102.674,level
2018-04-01,national,G,Оптовая и розничная торговля; ремонт автомобилей и мотоциклов — 2 квартал к 2 кварталу прошлого года,105.724,level
2018-04-01,national,GDP,Валовой внутренний продукт — 2 квартал к 2 кварталу прошлого года,104.294,level
2018-04-01,national,GOODS,Производство товаров — 2 квартал к 2 кварталу прошлого года,104.727,level
2018-04-01,national,GVA,Валовая добавленная стоимость — 2 квартал к 2 кварталу прошлого года,104.013,level
2018-04-01,national,H,Транспорт и складирование — 2 квартал к 2 кварталу прошлого года,105.212,level
2018-04-01,national,I,Предоставление услуг по проживанию и питанию — 2 квартал к 2 кварталу прошлого года,103.163,level
2018-04-01,national,IND,Промышленность — 2 квартал к 2 кварталу прошлого года,104.998,level
2018-04-01,national,J,Информация и связь — 2 квартал к 2 кварталу прошлого года,105.933,level
2018-04-01,national,K,Финансовая и страховая деятельность — 2 квартал к 2 кварталу прошлого года,100.762,level
2018-04-01,national,L,Операции с недвижимым имуществом — 2 квартал к 2 кварталу прошлого года,101.532,level
2018-04-01,national,M,"Профессиональная, научная и техническая деятельность — 2 квартал к 2 кварталу прошлого года",101.752,level
2018-04-01,national,N,Деятельность в области административного и вспомогательного обслуживания — 2 квартал к 2 кварталу прошлого года,102.0,level
2018-04-01,national,O,Государственное управление и оборона; обязательное социальное обеспечение — 2 квартал к 2 кварталу прошлого года,104.673,level
2018-04-01,national,P,Образование — 2 квартал к 2 кварталу прошлого года,102.815,level
2018-04-01,national,Q,Здравоохранение и социальное обслуживание населения — 2 квартал к 2 кварталу прошлого года,101.9,level
2018-04-01,national,R,"Искусство, развлечения и отдых — 2 квартал к 2 кварталу прошлого года",103.855,level
2018-04-01,national,S,Предоставление прочих видов услуг — 2 квартал к 2 кварталу прошлого года,102.0,level
2018-04-01,national,SERVICES,Производство услуг — 2 квартал к 2 кварталу прошлого года,103.705,level
2018-04-01,national,T,"Деятельность домашних хозяйств, нанимающих домашнюю прислугу и производящих товары и услуги для собственного потребления — 2 квартал к 2 кварталу прошлого года",99.947,level
2018-04-01,national,TAXES,Налоги на продукты — 2 квартал к 2 кварталу прошлого года,107.078,level
2018-04-01,national,TOTAL,Итого по отраслям — 2 квартал к 2 кварталу прошлого года,104.013,level
2018-07-01,national,A,"Сельское, лесное и рыбное хозяйство — 3 квартал к 3 кварталу прошлого года",101.002,level
2018-07-01,national,B,Горнодобывающая промышленность и разработка карьеров — 3 квартал к 3 кварталу прошлого года,103.831,level
2018-07-01,national,C,Обрабатывающая промышленность — 3 квартал к 3 кварталу прошлого года,105.0,level
2018-07-01,national,D,"Снабжение электроэнергией, газом, паром, горячей водой и кондиционированным воздухом — 3 квартал к 3 кварталу прошлого года",101.524,level
2018-07-01,national,E,"Водоснабжение; водоотведение; сбор, обработка и удаление отходов, деятельность по ликвидации загрязнений — 3 квартал к 3 кварталу прошлого года",99.296,level
2018-07-01,national,F,Строительство — 3 квартал к 3 кварталу прошлого года,105.094,level
2018-07-01,national,G,Оптовая и розничная торговля; ремонт автомобилей и мотоциклов — 3 квартал к 3 кварталу прошлого года,107.952,level
2018-07-01,national,GDP,Валовой внутренний продукт — 3 квартал к 3 кварталу прошлого года,103.942,level
2018-07-01,national,GOODS,Производство товаров — 3 квартал к 3 кварталу прошлого года,103.517,level
2018-07-01,national,GVA,Валовая добавленная стоимость — 3 квартал к 3 кварталу прошлого года,103.944,level
2018-07-01,national,H,Транспорт и складирование — 3 квартал к 3 кварталу прошлого года,104.021,level
2018-07-01,national,I,Предоставление услуг по проживанию и питанию — 3 квартал к 3 кварталу прошлого года,83.718,level
2018-07-01,national,IND,Промышленность — 3 квартал к 3 кварталу прошлого года,104.057,level
2018-07-01,national,J,Информация и связь — 3 квартал к 3 кварталу прошлого года,101.675,level
2018-07-01,national,K,Финансовая и страховая деятельность — 3 квартал к 3 кварталу прошлого года,99.236,level
2018-07-01,national,L,Операции с недвижимым имуществом — 3 квартал к 3 кварталу прошлого года,104.265,level
2018-07-01,national,M,"Профессиональная, научная и техническая деятельность — 3 квартал к 3 кварталу прошлого года",104.462,level
2018-07-01,national,N,Деятельность в области административного и вспомогательного обслуживания — 3 квартал к 3 кварталу прошлого года,104.299,level
2018-07-01,national,O,Государственное управление и оборона; обязательное социальное обеспечение — 3 квартал к 3 кварталу прошлого года,101.291,level
2018-07-01,national,P,Образование — 3 квартал к 3 кварталу прошлого года,102.508,level
2018-07-01,national,Q,Здравоохранение и социальное обслуживание населения — 3 квартал к 3 кварталу прошлого года,100.839,level
2018-07-01,national,R,"Искусство, развлечения и отдых — 3 квартал к 3 кварталу прошлого года",104.222,level
2018-07-01,national,S,Предоставление прочих видов услуг — 3 квартал к 3 кварталу прошлого года,102.993,level
2018-07-01,national,SERVICES,Производство услуг — 3 квартал к 3 кварталу прошлого года,103.8,level
2018-07-01,national,T,"Деятельность домашних хозяйств, нанимающих домашнюю прислугу и производящих товары и услуги для собственного потребления — 3 квартал к 3 кварталу прошлого года",100.245,level
2018-07-01,national,TAXES,Налоги на продукты — 3 квартал к 3 кварталу прошлого года,104.298,level
2018-07-01,national,TOTAL,Итого по отраслям — 3 квартал к 3 кварталу прошлого года,103.944,level
2018-10-01,national,A,"Сельское, лесное и рыбное хозяйство — 4 квартал к 4 кварталу прошлого года (IV квартал = год − 9 месяцев, с годовой досчётной поправкой)",106.979,level
2018-10-01,national,B,"Горнодобывающая промышленность и разработка карьеров — 4 квартал к 4 кварталу прошлого года (IV квартал = год − 9 месяцев, с годовой досчётной поправкой)",103.822,level
2018-10-01,national,C,"Обрабатывающая промышленность — 4 квартал к 4 кварталу прошлого года (IV квартал = год − 9 месяцев, с годовой досчётной поправкой)",103.536,level
2018-10-01,national,D,"Снабжение электроэнергией, газом, паром, горячей водой и кондиционированным воздухом — 4 квартал к 4 кварталу прошлого года (IV квартал = год − 9 месяцев, с годовой досчётной поправкой)",98.399,level
2018-10-01,national,E,"Водоснабжение; водоотведение; сбор, обработка и удаление отходов, деятельность по ликвидации загрязнений — 4 квартал к 4 кварталу прошлого года (IV квартал = год − 9 месяцев, с годовой досчётной поправкой)",104.072,level
2018-10-01,national,F,"Строительство — 4 квартал к 4 кварталу прошлого года (IV квартал = год − 9 месяцев, с годовой досчётной поправкой)",104.981,level
2018-10-01,national,G,"Оптовая и розничная торговля; ремонт автомобилей и мотоциклов — 4 квартал к 4 кварталу прошлого года (IV квартал = год − 9 месяцев, с годовой досчётной поправкой)",108.427,level
2018-10-01,national,GDP,"Валовой внутренний продукт — 4 квартал к 4 кварталу прошлого года (IV квартал = год − 9 месяцев, с годовой досчётной поправкой)",104.1,level
2018-10-01,national,GOODS,"Производство товаров — 4 квартал к 4 кварталу прошлого года (IV квартал = год − 9 месяцев, с годовой досчётной поправкой)",104.107,level
2018-10-01,national,GVA,"Валовая добавленная стоимость — 4 квартал к 4 кварталу прошлого года (IV квартал = год − 9 месяцев, с годовой досчётной поправкой)",104.1,level
2018-10-01,national,H,"Транспорт и складирование — 4 квартал к 4 кварталу прошлого года (IV квартал = год − 9 месяцев, с годовой досчётной поправкой)",104.6,level
2018-10-01,national,I,"Предоставление услуг по проживанию и питанию — 4 квартал к 4 кварталу прошлого года (IV квартал = год − 9 месяцев, с годовой досчётной поправкой)",110.642,level
2018-10-01,national,IND,"Промышленность — 4 квартал к 4 кварталу прошлого года (IV квартал = год − 9 месяцев, с годовой досчётной поправкой)",103.616,level
2018-10-01,national,J,"Информация и связь — 4 квартал к 4 кварталу прошлого года (IV квартал = год − 9 месяцев, с годовой досчётной поправкой)",103.69,level
2018-10-01,national,K,"Финансовая и страховая деятельность — 4 квартал к 4 кварталу прошлого года (IV квартал = год − 9 месяцев, с годовой досчётной поправкой)",84.041,level
2018-10-01,national,L,"Операции с недвижимым имуществом — 4 квартал к 4 кварталу прошлого года (IV квартал = год − 9 месяцев, с годовой досчётной поправкой)",103.444,level
2018-10-01,national,M,"Профессиональная, научная и техническая деятельность — 4 квартал к 4 кварталу прошлого года (IV квартал = год − 9 месяцев, с годовой досчётной поправкой)",103.0,level
2018-10-01,national,N,"Деятельность в области административного и вспомогательного обслуживания — 4 квартал к 4 кварталу прошлого года (IV квартал = год − 9 месяцев, с годовой досчётной поправкой)",100.982,level
2018-10-01,national,O,"Государственное управление и оборона; обязательное социальное обеспечение — 4 квартал к 4 кварталу прошлого года (IV квартал = год − 9 месяцев, с годовой досчётной поправкой)",95.176,level
2018-10-01,national,P,"Образование — 4 квартал к 4 кварталу прошлого года (IV квартал = год − 9 месяцев, с годовой досчётной поправкой)",108.133,level
2018-10-01,national,Q,"Здравоохранение и социальное обслуживание населения — 4 квартал к 4 кварталу прошлого года (IV квартал = год − 9 месяцев, с годовой досчётной поправкой)",101.149,level
2018-10-01,national,R,"Искусство, развлечения и отдых — 4 квартал к 4 кварталу прошлого года (IV квартал = год − 9 месяцев, с годовой досчётной поправкой)",103.364,level
2018-10-01,national,S,"Предоставление прочих видов услуг — 4 квартал к 4 кварталу прошлого года (IV квартал = год − 9 месяцев, с годовой досчётной поправкой)",100.443,level
2018-10-01,national,SERVICES,"Производство услуг — 4 квартал к 4 кварталу прошлого года (IV квартал = год − 9 месяцев, с годовой досчётной поправкой)",104.072,level
2018-10-01,national,T,"Деятельность домашних хозяйств, нанимающих домашнюю прислугу и производящих товары и услуги для собственного потребления — 4 квартал к 4 кварталу прошлого года (IV квартал = год − 9 месяцев, с годовой досчётной поправкой)",102.665,level
2018-10-01,national,TAXES,"Налоги на продукты — 4 квартал к 4 кварталу прошлого года (IV квартал = год − 9 месяцев, с годовой досчётной поправкой)",105.116,level
2018-10-01,national,TOTAL,"Итого по отраслям — 4 квартал к 4 кварталу прошлого года (IV квартал = год − 9 месяцев, с годовой досчётной поправкой)",104.1,level
2019-01-01,national,A,"Сельское, лесное и рыбное хозяйство — 1 квартал к 1 кварталу прошлого года",103.5,level
2019-01-01,national,B,Горнодобывающая промышленность и разработка карьеров — 1 квартал к 1 кварталу прошлого года,104.6,level
2019-01-01,national,C,Обрабатывающая промышленность — 1 квартал к 1 кварталу прошлого года,101.9,level
2019-01-01,national,D,"Снабжение электроэнергией, газом, паром, горячей водой и кондиционированным воздухом — 1 квартал к 1 кварталу прошлого года",99.3,level
2019-01-01,national,E,"Водоснабжение; водоотведение; сбор, обработка и удаление отходов, деятельность по ликвидации загрязнений — 1 квартал к 1 кварталу прошлого года",114.9,level
2019-01-01,national,F,Строительство — 1 квартал к 1 кварталу прошлого года,108.9,level
2019-01-01,national,G,Оптовая и розничная торговля; ремонт автомобилей и мотоциклов — 1 квартал к 1 кварталу прошлого года,107.2,level
2019-01-01,national,GDP,Валовой внутренний продукт — 1 квартал к 1 кварталу прошлого года,103.8,level
2019-01-01,national,GOODS,Производство товаров — 1 квартал к 1 кварталу прошлого года,103.7,level
2019-01-01,national,GVA,Валовая добавленная стоимость — 1 квартал к 1 кварталу прошлого года,103.8,level
2019-01-01,national,H,Транспорт и складирование — 1 квартал к 1 кварталу прошлого года,104.4,level
2019-01-01,national,I,Предоставление услуг по проживанию и питанию — 1 квартал к 1 кварталу прошлого года,103.5,level
2019-01-01,national,IND,Промышленность — 1 квартал к 1 кварталу прошлого года,103.2,level
2019-01-01,national,J,Информация и связь — 1 квартал к 1 кварталу прошлого года,103.1,level
2019-01-01,national,K,Финансовая и страховая деятельность — 1 квартал к 1 кварталу прошлого года,102.2,level
2019-01-01,national,L,Операции с недвижимым имуществом — 1 квартал к 1 кварталу прошлого года,101.8,level
2019-01-01,national,M,"Профессиональная, научная и техническая деятельность — 1 квартал к 1 кварталу прошлого года",101.8,level
2019-01-01,national,N,Деятельность в области административного и вспомогательного обслуживания — 1 квартал к 1 кварталу прошлого года,102.5,level
2019-01-01,national,O,Государственное управление и оборона; обязательное социальное обеспечение — 1 квартал к 1 кварталу прошлого года,101.7,level
2019-01-01,national,P,Образование — 1 квартал к 1 кварталу прошлого года,103.7,level
2019-01-01,national,Q,Здравоохранение и социальное обслуживание населения — 1 квартал к 1 кварталу прошлого года,101.6,level
2019-01-01,national,R,"Искусство, развлечения и отдых — 1 квартал к 1 кварталу прошлого года",100.8,level
2019-01-01,national,S,Предоставление прочих видов услуг — 1 квартал к 1 кварталу прошлого года,101.4,level
2019-01-01,national,SERVICES,Производство услуг — 1 квартал к 1 кварталу прошлого года,103.8,level
2019-01-01,national,T,"Деятельность домашних хозяйств, нанимающих домашнюю прислугу и производящих товары и услуги для собственного потребления — 1 квартал к 1 кварталу прошлого года",104.4,level
2019-01-01,national,TAXES,Налоги на продукты — 1 квартал к 1 кварталу прошлого года,104.4,level
2019-01-01,national,TOTAL,Итого по отраслям — 1 квартал к 1 кварталу прошлого года,103.8,level
2019-04-01,national,A,"Сельское, лесное и рыбное хозяйство — 2 квартал к 2 кварталу прошлого года",103.335,level
2019-04-01,national,B,Горнодобывающая промышленность и разработка карьеров — 2 квартал к 2 кварталу прошлого года,99.878,level
2019-04-01,national,C,Обрабатывающая промышленность — 2 квартал к 2 кварталу прошлого года,104.946,level
2019-04-01,national,D,"Снабжение электроэнергией, газом, паром, горячей водой и кондиционированным воздухом — 2 квартал к 2 кварталу прошлого года",105.931,level
2019-04-01,national,E,"Водоснабжение; водоотведение; сбор, обработка и удаление отходов, деятельность по ликвидации загрязнений — 2 квартал к 2 кварталу прошлого года",102.097,level
2019-04-01,national,F,Строительство — 2 квартал к 2 кварталу прошлого года,112.254,level
2019-04-01,national,G,Оптовая и розничная торговля; ремонт автомобилей и мотоциклов — 2 квартал к 2 кварталу прошлого года,107.946,level
2019-04-01,national,GDP,Валовой внутренний продукт — 2 квартал к 2 кварталу прошлого года,104.371,level
2019-04-01,national,GOODS,Производство товаров — 2 квартал к 2 кварталу прошлого года,103.7,level
2019-04-01,national,GVA,Валовая добавленная стоимость — 2 квартал к 2 кварталу прошлого года,104.371,level
2019-04-01,national,H,Транспорт и складирование — 2 квартал к 2 кварталу прошлого года,106.151,level
2019-04-01,national,I,Предоставление услуг по проживанию и питанию — 2 квартал к 2 кварталу прошлого года,103.756,level
2019-04-01,national,IND,Промышленность — 2 квартал к 2 кварталу прошлого года,102.046,level
2019-04-01,national,J,Информация и связь — 2 квартал к 2 кварталу прошлого года,104.577,level
2019-04-01,national,K,Финансовая и страховая деятельность — 2 квартал к 2 кварталу прошлого года,101.633,level
2019-04-01,national,L,Операции с недвижимым имуществом — 2 квартал к 2 кварталу прошлого года,102.603,level
2019-04-01,national,M,"Профессиональная, научная и техническая деятельность — 2 квартал к 2 кварталу прошлого года",101.111,level
2019-04-01,national,N,Деятельность в области административного и вспомогательного обслуживания — 2 квартал к 2 кварталу прошлого года,103.516,level
2019-04-01,national,O,Государственное управление и оборона; обязательное социальное обеспечение — 2 квартал к 2 кварталу прошлого года,108.592,level
2019-04-01,national,P,Образование — 2 квартал к 2 кварталу прошлого года,104.471,level
2019-04-01,national,Q,Здравоохранение и социальное обслуживание населения — 2 квартал к 2 кварталу прошлого года,101.6,level
2019-04-01,national,R,"Искусство, развлечения и отдых — 2 квартал к 2 кварталу прошлого года",100.084,level
2019-04-01,national,S,Предоставление прочих видов услуг — 2 квартал к 2 кварталу прошлого года,104.531,level
2019-04-01,national,SERVICES,Производство услуг — 2 квартал к 2 кварталу прошлого года,104.968,level
2019-04-01,national,T,"Деятельность домашних хозяйств, нанимающих домашнюю прислугу и производящих товары и услуги для собственного потребления — 2 квартал к 2 кварталу прошлого года",101.012,level
2019-04-01,national,TAXES,Налоги на продукты — 2 квартал к 2 кварталу прошлого года,105.149,level
2019-04-01,national,TOTAL,Итого по отраслям — 2 квартал к 2 кварталу прошлого года,104.371,level
2019-07-01,national,A,"Сельское, лесное и рыбное хозяйство — 3 квартал к 3 кварталу прошлого года",97.255,level
2019-07-01,national,B,Горнодобывающая промышленность и разработка карьеров — 3 квартал к 3 кварталу прошлого года,104.951,level
2019-07-01,national,C,Обрабатывающая промышленность — 3 квартал к 3 кварталу прошлого года,103.951,level
2019-07-01,national,D,"Снабжение электроэнергией, газом, паром, горячей водой и кондиционированным воздухом — 3 квартал к 3 кварталу прошлого года",104.698,level
2019-07-01,national,E,"Водоснабжение; водоотведение; сбор, обработка и удаление отходов, деятельность по ликвидации загрязнений — 3 квартал к 3 кварталу прошлого года",97.604,level
2019-07-01,national,F,Строительство — 3 квартал к 3 кварталу прошлого года,116.301,level
2019-07-01,national,G,Оптовая и розничная торговля; ремонт автомобилей и мотоциклов — 3 квартал к 3 кварталу прошлого года,107.6,level
2019-07-01,national,GDP,Валовой внутренний продукт — 3 квартал к 3 кварталу прошлого года,104.633,level
2019-07-01,national,GOODS,Производство товаров — 3 квартал к 3 кварталу прошлого года,104.973,level
2019-07-01,national,GVA,Валовая добавленная стоимость — 3 квартал к 3 кварталу прошлого года,104.634,level
2019-07-01,national,H,Транспорт и складирование — 3 квартал к 3 кварталу прошлого года,105.869,level
2019-07-01,national,I,Предоставление услуг по проживанию и питанию — 3 квартал к 3 кварталу прошлого года,103.048,level
2019-07-01,national,IND,Промышленность — 3 квартал к 3 кварталу прошлого года,104.331,level
2019-07-01,national,J,Информация и связь — 3 квартал к 3 кварталу прошлого года,104.169,level
2019-07-01,national,K,Финансовая и страховая деятельность — 3 квартал к 3 кварталу прошлого года,98.301,level
2019-07-01,national,L,Операции с недвижимым имуществом — 3 квартал к 3 кварталу прошлого года,102.2,level
2019-07-01,national,M,"Профессиональная, научная и техническая деятельность — 3 квартал к 3 кварталу прошлого года",101.5,level
2019-07-01,national,N,Деятельность в области административного и вспомогательного обслуживания — 3 квартал к 3 кварталу прошлого года,102.403,level
2019-07-01,national,O,Государственное управление и оборона; обязательное социальное обеспечение — 3 квартал к 3 кварталу прошлого года,103.809,level
2019-07-01,national,P,Образование — 3 квартал к 3 кварталу прошлого года,105.331,level
2019-07-01,national,Q,Здравоохранение и социальное обслуживание населения — 3 квартал к 3 кварталу прошлого года,101.6,level
2019-07-01,national,R,"Искусство, развлечения и отдых — 3 квартал к 3 кварталу прошлого года",101.243,level
2019-07-01,national,S,Предоставление прочих видов услуг — 3 квартал к 3 кварталу прошлого года,102.544,level
2019-07-01,national,SERVICES,Производство услуг — 3 квартал к 3 кварталу прошлого года,104.4,level
2019-07-01,national,T,"Деятельность домашних хозяйств, нанимающих домашнюю прислугу и производящих товары и услуги для собственного потребления — 3 квартал к 3 кварталу прошлого года",98.935,level
2019-07-01,national,TAXES,Налоги на продукты — 3 квартал к 3 кварталу прошлого года,103.49,level
2019-07-01,national,TOTAL,Итого по отраслям — 3 квартал к 3 кварталу прошлого года,104.634,level
2019-10-01,national,A,"Сельское, лесное и рыбное хозяйство — 4 квартал к 4 кварталу прошлого года (IV квартал = год − 9 месяцев, с годовой досчётной поправкой)",100.527,level
2019-10-01,national,B,"Горнодобывающая промышленность и разработка карьеров — 4 квартал к 4 кварталу прошлого года (IV квартал = год − 9 месяцев, с годовой досчётной поправкой)",103.321,level
2019-10-01,national,C,"Обрабатывающая промышленность — 4 квартал к 4 кварталу прошлого года (IV квартал = год − 9 месяцев, с годовой досчётной поправкой)",110.168,level
2019-10-01,national,D,"Снабжение электроэнергией, газом, паром, горячей водой и кондиционированным воздухом — 4 квартал к 4 кварталу прошлого года (IV квартал = год − 9 месяцев, с годовой досчётной поправкой)",95.36,level
2019-10-01,national,E,"Водоснабжение; водоотведение; сбор, обработка и удаление отходов, деятельность по ликвидации загрязнений — 4 квартал к 4 кварталу прошлого года (IV квартал = год − 9 месяцев, с годовой досчётной поправкой)",111.288,level
2019-10-01,national,F,"Строительство — 4 квартал к 4 кварталу прошлого года (IV квартал = год − 9 месяцев, с годовой досчётной поправкой)",112.653,level
2019-10-01,national,G,"Оптовая и розничная торговля; ремонт автомобилей и мотоциклов — 4 квартал к 4 кварталу прошлого года (IV квартал = год − 9 месяцев, с годовой досчётной поправкой)",106.392,level
2019-10-01,national,GDP,"Валовой внутренний продукт — 4 квартал к 4 кварталу прошлого года (IV квартал = год − 9 месяцев, с годовой досчётной поправкой)",104.861,level
2019-10-01,national,GOODS,"Производство товаров — 4 квартал к 4 кварталу прошлого года (IV квартал = год − 9 месяцев, с годовой досчётной поправкой)",106.301,level
2019-10-01,national,GVA,"Валовая добавленная стоимость — 4 квартал к 4 кварталу прошлого года (IV квартал = год − 9 месяцев, с годовой досчётной поправкой)",105.127,level
2019-10-01,national,H,"Транспорт и складирование — 4 квартал к 4 кварталу прошлого года (IV квартал = год − 9 месяцев, с годовой досчётной поправкой)",105.248,level
2019-10-01,national,I,"Предоставление услуг по проживанию и питанию — 4 квартал к 4 кварталу прошлого года (IV квартал = год − 9 месяцев, с годовой досчётной поправкой)",102.827,level
2019-10-01,national,IND,"Промышленность — 4 квартал к 4 кварталу прошлого года (IV квартал = год − 9 месяцев, с годовой досчётной поправкой)",106.008,level
2019-10-01,national,J,"Информация и связь — 4 квартал к 4 кварталу прошлого года (IV квартал = год − 9 месяцев, с годовой досчётной поправкой)",105.135,level
2019-10-01,national,K,"Финансовая и страховая деятельность — 4 квартал к 4 кварталу прошлого года (IV квартал = год − 9 месяцев, с годовой досчётной поправкой)",101.034,level
2019-10-01,national,L,"Операции с недвижимым имуществом — 4 квартал к 4 кварталу прошлого года (IV квартал = год − 9 месяцев, с годовой досчётной поправкой)",101.724,level
2019-10-01,national,M,"Профессиональная, научная и техническая деятельность — 4 квартал к 4 кварталу прошлого года (IV квартал = год − 9 месяцев, с годовой досчётной поправкой)",101.26,level
2019-10-01,national,N,"Деятельность в области административного и вспомогательного обслуживания — 4 квартал к 4 кварталу прошлого года (IV квартал = год − 9 месяцев, с годовой досчётной поправкой)",101.193,level
2019-10-01,national,O,"Государственное управление и оборона; обязательное социальное обеспечение — 4 квартал к 4 кварталу прошлого года (IV квартал = год − 9 месяцев, с годовой досчётной поправкой)",117.385,level
2019-10-01,national,P,"Образование — 4 квартал к 4 кварталу прошлого года (IV квартал = год − 9 месяцев, с годовой досчётной поправкой)",114.28,level
2019-10-01,national,Q,"Здравоохранение и социальное обслуживание населения — 4 квартал к 4 кварталу прошлого года (IV квартал = год − 9 месяцев, с годовой досчётной поправкой)",102.496,level
2019-10-01,national,R,"Искусство, развлечения и отдых — 4 квартал к 4 кварталу прошлого года (IV квартал = год − 9 месяцев, с годовой досчётной поправкой)",99.635,level
2019-10-01,national,S,"Предоставление прочих видов услуг — 4 квартал к 4 кварталу прошлого года (IV квартал = год − 9 месяцев, с годовой досчётной поправкой)",97.26,level
2019-10-01,national,SERVICES,"Производство услуг — 4 квартал к 4 кварталу прошлого года (IV квартал = год − 9 месяцев, с годовой досчётной поправкой)",104.4,level
2019-10-01,national,T,"Деятельность домашних хозяйств, нанимающих домашнюю прислугу и производящих товары и услуги для собственного потребления — 4 квартал к 4 кварталу прошлого года (IV квартал = год − 9 месяцев, с годовой досчётной поправкой)",98.088,level
2019-10-01,national,TAXES,"Налоги на продукты — 4 квартал к 4 кварталу прошлого года (IV квартал = год − 9 месяцев, с годовой досчётной поправкой)",103.627,level
2019-10-01,national,TOTAL,"Итого по отраслям — 4 квартал к 4 кварталу прошлого года (IV квартал = год − 9 месяцев, с годовой досчётной поправкой)",105.127,level
2020-01-01,national,A,"Сельское, лесное и рыбное хозяйство — 1 квартал к 1 кварталу прошлого года",102.5,level
2020-01-01,national,B,Горнодобывающая промышленность и разработка карьеров — 1 квартал к 1 кварталу прошлого года,105.0,level
2020-01-01,national,C,Обрабатывающая промышленность — 1 квартал к 1 кварталу прошлого года,108.8,level
2020-01-01,national,D,"Снабжение электроэнергией, газом, паром, горячей водой и кондиционированным воздухом — 1 квартал к 1 кварталу прошлого года",98.9,level
2020-01-01,national,E,"Водоснабжение; водоотведение; сбор, обработка и удаление отходов, деятельность по ликвидации загрязнений — 1 квартал к 1 кварталу прошлого года",105.7,level
2020-01-01,national,F,Строительство — 1 квартал к 1 кварталу прошлого года,111.7,level
2020-01-01,national,G,Оптовая и розничная торговля; ремонт автомобилей и мотоциклов — 1 квартал к 1 кварталу прошлого года,101.0,level
2020-01-01,national,GDP,Валовой внутренний продукт — 1 квартал к 1 кварталу прошлого года,102.7,level
2020-01-01,national,GOODS,Производство товаров — 1 квартал к 1 кварталу прошлого года,106.5,level
2020-01-01,national,GVA,Валовая добавленная стоимость — 1 квартал к 1 кварталу прошлого года,103.1,level
2020-01-01,national,H,Транспорт и складирование — 1 квартал к 1 кварталу прошлого года,98.7,level
2020-01-01,national,I,Предоставление услуг по проживанию и питанию — 1 квартал к 1 кварталу прошлого года,97.5,level
2020-01-01,national,IND,Промышленность — 1 квартал к 1 кварталу прошлого года,106.2,level
2020-01-01,national,J,Информация и связь — 1 квартал к 1 кварталу прошлого года,110.7,level
2020-01-01,national,K,Финансовая и страховая деятельность — 1 квартал к 1 кварталу прошлого года,100.4,level
2020-01-01,national,L,Операции с недвижимым имуществом — 1 квартал к 1 кварталу прошлого года,100.5,level
2020-01-01,national,M,"Профессиональная, научная и техническая деятельность — 1 квартал к 1 кварталу прошлого года",100.3,level
2020-01-01,national,N,Деятельность в области административного и вспомогательного обслуживания — 1 квартал к 1 кварталу прошлого года,101.0,level
2020-01-01,national,O,Государственное управление и оборона; обязательное социальное обеспечение — 1 квартал к 1 кварталу прошлого года,102.6,level
2020-01-01,national,P,Образование — 1 квартал к 1 кварталу прошлого года,101.3,level
2020-01-01,national,Q,Здравоохранение и социальное обслуживание населения — 1 квартал к 1 кварталу прошлого года,101.7,level
2020-01-01,national,R,"Искусство, развлечения и отдых — 1 квартал к 1 кварталу прошлого года",100.2,level
2020-01-01,national,S,Предоставление прочих видов услуг — 1 квартал к 1 кварталу прошлого года,102.2,level
2020-01-01,national,SERVICES,Производство услуг — 1 квартал к 1 кварталу прошлого года,100.8,level
2020-01-01,national,T,"Деятельность домашних хозяйств, нанимающих домашнюю прислугу и производящих товары и услуги для собственного потребления — 1 квартал к 1 кварталу прошлого года",100.2,level
2020-01-01,national,TAXES,Налоги на продукты — 1 квартал к 1 кварталу прошлого года,98.1,level
2020-01-01,national,TOTAL,Итого по отраслям — 1 квартал к 1 кварталу прошлого года,103.1,level
2020-04-01,national,A,"Сельское, лесное и рыбное хозяйство — 2 квартал к 2 кварталу прошлого года",101.996,level
2020-04-01,national,B,Горнодобывающая промышленность и разработка карьеров — 2 квартал к 2 кварталу прошлого года,99.961,level
2020-04-01,national,C,Обрабатывающая промышленность — 2 квартал к 2 кварталу прошлого года,101.128,level
2020-04-01,national,D,"Снабжение электроэнергией, газом, паром, горячей водой и кондиционированным воздухом — 2 квартал к 2 кварталу прошлого года",107.198,level
2020-04-01,national,E,"Водоснабжение; водоотведение; сбор, обработка и удаление отходов, деятельность по ликвидации загрязнений — 2 квартал к 2 кварталу прошлого года",93.421,level
2020-04-01,national,F,Строительство — 2 квартал к 2 кварталу прошлого года,110.941,level
2020-04-01,national,G,Оптовая и розничная торговля; ремонт автомобилей и мотоциклов — 2 квартал к 2 кварталу прошлого года,79.761,level
2020-04-01,national,GDP,Валовой внутренний продукт — 2 квартал к 2 кварталу прошлого года,94.173,level
2020-04-01,national,GOODS,Производство товаров — 2 квартал к 2 кварталу прошлого года,102.137,level
2020-04-01,national,GVA,Валовая добавленная стоимость — 2 квартал к 2 кварталу прошлого года,94.391,level
2020-04-01,national,H,Транспорт и складирование — 2 квартал к 2 кварталу прошлого года,72.715,level
2020-04-01,national,I,Предоставление услуг по проживанию и питанию — 2 квартал к 2 кварталу прошлого года,98.488,level
2020-04-01,national,IND,Промышленность — 2 квартал к 2 кварталу прошлого года,100.542,level
2020-04-01,national,J,Информация и связь — 2 квартал к 2 кварталу прошлого года,112.561,level
2020-04-01,national,K,Финансовая и страховая деятельность — 2 квартал к 2 кварталу прошлого года,100.628,level
2020-04-01,national,L,Операции с недвижимым имуществом — 2 квартал к 2 кварталу прошлого года,90.726,level
2020-04-01,national,M,"Профессиональная, научная и техническая деятельность — 2 квартал к 2 кварталу прошлого года",90.322,level
2020-04-01,national,N,Деятельность в области административного и вспомогательного обслуживания — 2 квартал к 2 кварталу прошлого года,92.3,level
2020-04-01,national,O,Государственное управление и оборона; обязательное социальное обеспечение — 2 квартал к 2 кварталу прошлого года,101.854,level
2020-04-01,national,P,Образование — 2 квартал к 2 кварталу прошлого года,109.967,level
2020-04-01,national,Q,Здравоохранение и социальное обслуживание населения — 2 квартал к 2 кварталу прошлого года,109.079,level
2020-04-01,national,R,"Искусство, развлечения и отдых — 2 квартал к 2 кварталу прошлого года",96.133,level
2020-04-01,national,S,Предоставление прочих видов услуг — 2 квартал к 2 кварталу прошлого года,94.53,level
2020-04-01,national,SERVICES,Производство услуг — 2 квартал к 2 кварталу прошлого года,88.706,level
2020-04-01,national,T,"Деятельность домашних хозяйств, нанимающих домашнюю прислугу и производящих товары и услуги для собственного потребления — 2 квартал к 2 кварталу прошлого года",100.2,level
2020-04-01,national,TAXES,Налоги на продукты — 2 квартал к 2 кварталу прошлого года,91.972,level
2020-04-01,national,TOTAL,Итого по отраслям — 2 квартал к 2 кварталу прошлого года,94.391,level
2020-07-01,national,A,"Сельское, лесное и рыбное хозяйство — 3 квартал к 3 кварталу прошлого года",106.56,level
2020-07-01,national,B,Горнодобывающая промышленность и разработка карьеров — 3 квартал к 3 кварталу прошлого года,87.739,level
2020-07-01,national,C,Обрабатывающая промышленность — 3 квартал к 3 кварталу прошлого года,100.705,level
2020-07-01,national,D,"Снабжение электроэнергией, газом, паром, горячей водой и кондиционированным воздухом — 3 квартал к 3 кварталу прошлого года",99.547,level
2020-07-01,national,E,"Водоснабжение; водоотведение; сбор, обработка и удаление отходов, деятельность по ликвидации загрязнений — 3 квартал к 3 кварталу прошлого года",91.593,level
2020-07-01,national,F,Строительство — 3 квартал к 3 кварталу прошлого года,109.717,level
2020-07-01,national,G,Оптовая и розничная торговля; ремонт автомобилей и мотоциклов — 3 квартал к 3 кварталу прошлого года,92.096,level
2020-07-01,national,GDP,Валовой внутренний продукт — 3 квартал к 3 кварталу прошлого года,95.497,level
2020-07-01,national,GOODS,Производство товаров — 3 квартал к 3 кварталу прошлого года,99.171,level
2020-07-01,national,GVA,Валовая добавленная стоимость — 3 квартал к 3 кварталу прошлого года,95.531,level
2020-07-01,national,H,Транспорт и складирование — 3 квартал к 3 кварталу прошлого года,78.323,level
2020-07-01,national,I,Предоставление услуг по проживанию и питанию — 3 квартал к 3 кварталу прошлого года,72.291,level
2020-07-01,national,IND,Промышленность — 3 квартал к 3 кварталу прошлого года,94.146,level
2020-07-01,national,J,Информация и связь — 3 квартал к 3 кварталу прошлого года,100.957,level
2020-07-01,national,K,Финансовая и страховая деятельность — 3 квартал к 3 кварталу прошлого года,93.472,level
2020-07-01,national,L,Операции с недвижимым имуществом — 3 квартал к 3 кварталу прошлого года,112.709,level
2020-07-01,national,M,"Профессиональная, научная и техническая деятельность — 3 квартал к 3 кварталу прошлого года",88.114,level
2020-07-01,national,N,Деятельность в области административного и вспомогательного обслуживания — 3 квартал к 3 кварталу прошлого года,86.639,level
2020-07-01,national,O,Государственное управление и оборона; обязательное социальное обеспечение — 3 квартал к 3 кварталу прошлого года,102.771,level
2020-07-01,national,P,Образование — 3 квартал к 3 кварталу прошлого года,103.346,level
2020-07-01,national,Q,Здравоохранение и социальное обслуживание населения — 3 квартал к 3 кварталу прошлого года,102.806,level
2020-07-01,national,R,"Искусство, развлечения и отдых — 3 квартал к 3 кварталу прошлого года",115.576,level
2020-07-01,national,S,Предоставление прочих видов услуг — 3 квартал к 3 кварталу прошлого года,74.782,level
2020-07-01,national,SERVICES,Производство услуг — 3 квартал к 3 кварталу прошлого года,92.652,level
2020-07-01,national,T,"Деятельность домашних хозяйств, нанимающих домашнюю прислугу и производящих товары и услуги для собственного потребления — 3 квартал к 3 кварталу прошлого года",99.92,level
2020-07-01,national,TAXES,Налоги на продукты — 3 квартал к 3 кварталу прошлого года,95.724,level
2020-07-01,national,TOTAL,Итого по отраслям — 3 квартал к 3 кварталу прошлого года,95.531,level
2020-10-01,national,A,"Сельское, лесное и рыбное хозяйство — 4 квартал к 4 кварталу прошлого года (IV квартал = год − 9 месяцев, с годовой досчётной поправкой)",107.313,level
2020-10-01,national,B,"Горнодобывающая промышленность и разработка карьеров — 4 квартал к 4 кварталу прошлого года (IV квартал = год − 9 месяцев, с годовой досчётной поправкой)",92.176,level
2020-10-01,national,C,"Обрабатывающая промышленность — 4 квартал к 4 кварталу прошлого года (IV квартал = год − 9 месяцев, с годовой досчётной поправкой)",105.103,level
2020-10-01,national,D,"Снабжение электроэнергией, газом, паром, горячей водой и кондиционированным воздухом — 4 квартал к 4 кварталу прошлого года (IV квартал = год − 9 месяцев, с годовой досчётной поправкой)",95.743,level
2020-10-01,national,E,"Водоснабжение; водоотведение; сбор, обработка и удаление отходов, деятельность по ликвидации загрязнений — 4 квартал к 4 кварталу прошлого года (IV квартал = год − 9 месяцев, с годовой досчётной поправкой)",98.138,level
2020-10-01,national,F,"Строительство — 4 квартал к 4 кварталу прошлого года (IV квартал = год − 9 месяцев, с годовой досчётной поправкой)",113.618,level
2020-10-01,national,G,"Оптовая и розничная торговля; ремонт автомобилей и мотоциклов — 4 квартал к 4 кварталу прошлого года (IV квартал = год − 9 месяцев, с годовой досчётной поправкой)",105.417,level
2020-10-01,national,GDP,"Валовой внутренний продукт — 4 квартал к 4 кварталу прошлого года (IV квартал = год − 9 месяцев, с годовой досчётной поправкой)",98.027,level
2020-10-01,national,GOODS,"Производство товаров — 4 квартал к 4 кварталу прошлого года (IV квартал = год − 9 месяцев, с годовой досчётной поправкой)",101.605,level
2020-10-01,national,GVA,"Валовая добавленная стоимость — 4 квартал к 4 кварталу прошлого года (IV квартал = год − 9 месяцев, с годовой досчётной поправкой)",98.21,level
2020-10-01,national,H,"Транспорт и складирование — 4 квартал к 4 кварталу прошлого года (IV квартал = год − 9 месяцев, с годовой досчётной поправкой)",68.512,level
2020-10-01,national,I,"Предоставление услуг по проживанию и питанию — 4 квартал к 4 кварталу прошлого года (IV квартал = год − 9 месяцев, с годовой досчётной поправкой)",74.029,level
2020-10-01,national,IND,"Промышленность — 4 квартал к 4 кварталу прошлого года (IV квартал = год − 9 месяцев, с годовой досчётной поправкой)",98.043,level
2020-10-01,national,J,"Информация и связь — 4 квартал к 4 кварталу прошлого года (IV квартал = год − 9 месяцев, с годовой досчётной поправкой)",113.684,level
2020-10-01,national,K,"Финансовая и страховая деятельность — 4 квартал к 4 кварталу прошлого года (IV квартал = год − 9 месяцев, с годовой досчётной поправкой)",106.454,level
2020-10-01,national,L,"Операции с недвижимым имуществом — 4 квартал к 4 кварталу прошлого года (IV квартал = год − 9 месяцев, с годовой досчётной поправкой)",98.368,level
2020-10-01,national,M,"Профессиональная, научная и техническая деятельность — 4 квартал к 4 кварталу прошлого года (IV квартал = год − 9 месяцев, с годовой досчётной поправкой)",96.362,level
2020-10-01,national,N,"Деятельность в области административного и вспомогательного обслуживания — 4 квартал к 4 кварталу прошлого года (IV квартал = год − 9 месяцев, с годовой досчётной поправкой)",98.947,level
2020-10-01,national,O,"Государственное управление и оборона; обязательное социальное обеспечение — 4 квартал к 4 кварталу прошлого года (IV квартал = год − 9 месяцев, с годовой досчётной поправкой)",99.19,level
2020-10-01,national,P,"Образование — 4 квартал к 4 кварталу прошлого года (IV квартал = год − 9 месяцев, с годовой досчётной поправкой)",108.355,level
2020-10-01,national,Q,"Здравоохранение и социальное обслуживание населения — 4 квартал к 4 кварталу прошлого года (IV квартал = год − 9 месяцев, с годовой досчётной поправкой)",102.237,level
2020-10-01,national,R,"Искусство, развлечения и отдых — 4 квартал к 4 кварталу прошлого года (IV квартал = год − 9 месяцев, с годовой досчётной поправкой)",101.357,level
2020-10-01,national,S,"Предоставление прочих видов услуг — 4 квартал к 4 кварталу прошлого года (IV квартал = год − 9 месяцев, с годовой досчётной поправкой)",72.109,level
2020-10-01,national,SERVICES,"Производство услуг — 4 квартал к 4 кварталу прошлого года (IV квартал = год − 9 месяцев, с годовой досчётной поправкой)",95.934,level
2020-10-01,national,T,"Деятельность домашних хозяйств, нанимающих домашнюю прислугу и производящих товары и услуги для собственного потребления — 4 квартал к 4 кварталу прошлого года (IV квартал = год − 9 месяцев, с годовой досчётной поправкой)",99.702,level
2020-10-01,national,TAXES,"Налоги на продукты — 4 квартал к 4 кварталу прошлого года (IV квартал = год − 9 месяцев, с годовой досчётной поправкой)",95.88,level
2020-10-01,national,TOTAL,"Итого по отраслям — 4 квартал к 4 кварталу прошлого года (IV квартал = год − 9 месяцев, с годовой досчётной поправкой)",98.21,level
2021-01-01,national,A,"Сельское, лесное и рыбное хозяйство — 1 квартал к 1 кварталу прошлого года",102.8,level
2021-01-01,national,B,Горнодобывающая промышленность и разработка карьеров — 1 квартал к 1 кварталу прошлого года,93.0,level
2021-01-01,national,C,Обрабатывающая промышленность — 1 квартал к 1 кварталу прошлого года,107.5,level
2021-01-01,national,D,"Снабжение электроэнергией, газом, паром, горячей водой и кондиционированным воздухом — 1 квартал к 1 кварталу прошлого года",104.9,level
2021-01-01,national,E,"Водоснабжение; водоотведение; сбор, обработка и удаление отходов, деятельность по ликвидации загрязнений — 1 квартал к 1 кварталу прошлого года",108.6,level
2021-01-01,national,F,Строительство — 1 квартал к 1 кварталу прошлого года,113.1,level
2021-01-01,national,G,Оптовая и розничная торговля; ремонт автомобилей и мотоциклов — 1 квартал к 1 кварталу прошлого года,97.4,level
2021-01-01,national,GDP,Валовой внутренний продукт — 1 квартал к 1 кварталу прошлого года,98.6,level
2021-01-01,national,GOODS,Производство товаров — 1 квартал к 1 кварталу прошлого года,101.7,level
2021-01-01,national,GVA,Валовая добавленная стоимость — 1 квартал к 1 кварталу прошлого года,98.7,level
2021-01-01,national,H,Транспорт и складирование — 1 квартал к 1 кварталу прошлого года,82.6,level
2021-01-01,national,I,Предоставление услуг по проживанию и питанию — 1 квартал к 1 кварталу прошлого года,99.6,level
2021-01-01,national,IND,Промышленность — 1 квартал к 1 кварталу прошлого года,100.1,level
2021-01-01,national,J,Информация и связь — 1 квартал к 1 кварталу прошлого года,109.9,level
2021-01-01,national,K,Финансовая и страховая деятельность — 1 квартал к 1 кварталу прошлого года,99.1,level
2021-01-01,national,L,Операции с недвижимым имуществом — 1 квартал к 1 кварталу прошлого года,98.8,level
2021-01-01,national,M,"Профессиональная, научная и техническая деятельность — 1 квартал к 1 кварталу прошлого года",94.3,level
2021-01-01,national,N,Деятельность в области административного и вспомогательного обслуживания — 1 квартал к 1 кварталу прошлого года,88.8,level
2021-01-01,national,O,Государственное управление и оборона; обязательное социальное обеспечение — 1 квартал к 1 кварталу прошлого года,112.9,level
2021-01-01,national,P,Образование — 1 квартал к 1 кварталу прошлого года,106.4,level
2021-01-01,national,Q,Здравоохранение и социальное обслуживание населения — 1 квартал к 1 кварталу прошлого года,103.6,level
2021-01-01,national,R,"Искусство, развлечения и отдых — 1 квартал к 1 кварталу прошлого года",99.1,level
2021-01-01,national,S,Предоставление прочих видов услуг — 1 квартал к 1 кварталу прошлого года,98.3,level
2021-01-01,national,SERVICES,Производство услуг — 1 квартал к 1 кварталу прошлого года,96.8,level
2021-01-01,national,T,"Деятельность домашних хозяйств, нанимающих домашнюю прислугу и производящих товары и услуги для собственного потребления — 1 квартал к 1 кварталу прошлого года",100.2,level
2021-01-01,national,TAXES,Налоги на продукты — 1 квартал к 1 кварталу прошлого года,96.9,level
2021-01-01,national,TOTAL,Итого по отраслям — 1 квартал к 1 кварталу прошлого года,98.7,level
2021-04-01,national,A,"Сельское, лесное и рыбное хозяйство — 2 квартал к 2 кварталу прошлого года",103.316,level
2021-04-01,national,B,Горнодобывающая промышленность и разработка карьеров — 2 квартал к 2 кварталу прошлого года,101.256,level
2021-04-01,national,C,Обрабатывающая промышленность — 2 квартал к 2 кварталу прошлого года,103.33,level
2021-04-01,national,D,"Снабжение электроэнергией, газом, паром, горячей водой и кондиционированным воздухом — 2 квартал к 2 кварталу прошлого года",106.242,level
2021-04-01,national,E,"Водоснабжение; водоотведение; сбор, обработка и удаление отходов, деятельность по ликвидации загрязнений — 2 квартал к 2 кварталу прошлого года",107.105,level
2021-04-01,national,F,Строительство — 2 квартал к 2 кварталу прошлого года,111.13,level
2021-04-01,national,G,Оптовая и розничная торговля; ремонт автомобилей и мотоциклов — 2 квартал к 2 кварталу прошлого года,122.074,level
2021-04-01,national,GDP,Валовой внутренний продукт — 2 квартал к 2 кварталу прошлого года,106.71,level
2021-04-01,national,GOODS,Производство товаров — 2 квартал к 2 кварталу прошлого года,104.075,level
2021-04-01,national,GVA,Валовая добавленная стоимость — 2 квартал к 2 кварталу прошлого года,106.31,level
2021-04-01,national,H,Транспорт и складирование — 2 квартал к 2 кварталу прошлого года,111.484,level
2021-04-01,national,I,Предоставление услуг по проживанию и питанию — 2 квартал к 2 кварталу прошлого года,101.179,level
2021-04-01,national,IND,Промышленность — 2 квартал к 2 кварталу прошлого года,102.6,level
2021-04-01,national,J,Информация и связь — 2 квартал к 2 кварталу прошлого года,122.447,level
2021-04-01,national,K,Финансовая и страховая деятельность — 2 квартал к 2 кварталу прошлого года,103.223,level
2021-04-01,national,L,Операции с недвижимым имуществом — 2 квартал к 2 кварталу прошлого года,103.015,level
2021-04-01,national,M,"Профессиональная, научная и техническая деятельность — 2 квартал к 2 кварталу прошлого года",97.869,level
2021-04-01,national,N,Деятельность в области административного и вспомогательного обслуживания — 2 квартал к 2 кварталу прошлого года,90.713,level
2021-04-01,national,O,Государственное управление и оборона; обязательное социальное обеспечение — 2 квартал к 2 кварталу прошлого года,103.725,level
2021-04-01,national,P,Образование — 2 квартал к 2 кварталу прошлого года,105.656,level
2021-04-01,national,Q,Здравоохранение и социальное обслуживание населения — 2 квартал к 2 кварталу прошлого года,105.079,level
2021-04-01,national,R,"Искусство, развлечения и отдых — 2 квартал к 2 кварталу прошлого года",107.233,level
2021-04-01,national,S,Предоставление прочих видов услуг — 2 квартал к 2 кварталу прошлого года,82.107,level
2021-04-01,national,SERVICES,Производство услуг — 2 квартал к 2 кварталу прошлого года,108.129,level
2021-04-01,national,T,"Деятельность домашних хозяйств, нанимающих домашнюю прислугу и производящих товары и услуги для собственного потребления — 2 квартал к 2 кварталу прошлого года",100.2,level
2021-04-01,national,TAXES,Налоги на продукты — 2 квартал к 2 кварталу прошлого года,115.713,level
2021-04-01,national,TOTAL,Итого по отраслям — 2 квартал к 2 кварталу прошлого года,106.31,level
2021-07-01,national,A,"Сельское, лесное и рыбное хозяйство — 3 квартал к 3 кварталу прошлого года",100.503,level
2021-07-01,national,B,Горнодобывающая промышленность и разработка карьеров — 3 квартал к 3 кварталу прошлого года,103.912,level
2021-07-01,national,C,Обрабатывающая промышленность — 3 квартал к 3 кварталу прошлого года,106.052,level
2021-07-01,national,D,"Снабжение электроэнергией, газом, паром, горячей водой и кондиционированным воздухом — 3 квартал к 3 кварталу прошлого года",107.214,level
2021-07-01,national,E,"Водоснабжение; водоотведение; сбор, обработка и удаление отходов, деятельность по ликвидации загрязнений — 3 квартал к 3 кварталу прошлого года",109.657,level
2021-07-01,national,F,Строительство — 3 квартал к 3 кварталу прошлого года,106.961,level
2021-07-01,national,G,Оптовая и розничная торговля; ремонт автомобилей и мотоциклов — 3 квартал к 3 кварталу прошлого года,110.572,level
2021-07-01,national,GDP,Валовой внутренний продукт — 3 квартал к 3 кварталу прошлого года,105.558,level
2021-07-01,national,GOODS,Производство товаров — 3 квартал к 3 кварталу прошлого года,104.415,level
2021-07-01,national,GVA,Валовая добавленная стоимость — 3 квартал к 3 кварталу прошлого года,104.933,level
2021-07-01,national,H,Транспорт и складирование — 3 квартал к 3 кварталу прошлого года,110.935,level
2021-07-01,national,I,Предоставление услуг по проживанию и питанию — 3 квартал к 3 кварталу прошлого года,106.688,level
2021-07-01,national,IND,Промышленность — 3 квартал к 3 кварталу прошлого года,105.122,level
2021-07-01,national,J,Информация и связь — 3 квартал к 3 кварталу прошлого года,125.079,level
2021-07-01,national,K,Финансовая и страховая деятельность — 3 квартал к 3 кварталу прошлого года,100.542,level
2021-07-01,national,L,Операции с недвижимым имуществом — 3 квартал к 3 кварталу прошлого года,101.635,level
2021-07-01,national,M,"Профессиональная, научная и техническая деятельность — 3 квартал к 3 кварталу прошлого года",97.721,level
2021-07-01,national,N,Деятельность в области административного и вспомогательного обслуживания — 3 квартал к 3 кварталу прошлого года,97.232,level
2021-07-01,national,O,Государственное управление и оборона; обязательное социальное обеспечение — 3 квартал к 3 кварталу прошлого года,108.591,level
2021-07-01,national,P,Образование — 3 квартал к 3 кварталу прошлого года,95.669,level
2021-07-01,national,Q,Здравоохранение и социальное обслуживание населения — 3 квартал к 3 кварталу прошлого года,103.432,level
2021-07-01,national,R,"Искусство, развлечения и отдых — 3 квартал к 3 кварталу прошлого года",103.5,level
2021-07-01,national,S,Предоставление прочих видов услуг — 3 квартал к 3 кварталу прошлого года,99.103,level
2021-07-01,national,SERVICES,Производство услуг — 3 квартал к 3 кварталу прошлого года,105.162,level
2021-07-01,national,T,"Деятельность домашних хозяйств, нанимающих домашнюю прислугу и производящих товары и услуги для собственного потребления — 3 квартал к 3 кварталу прошлого года",101.037,level
2021-07-01,national,TAXES,Налоги на продукты — 3 квартал к 3 кварталу прошлого года,115.138,level
2021-07-01,national,TOTAL,Итого по отраслям — 3 квартал к 3 кварталу прошлого года,104.933,level
2021-10-01,national,A,"Сельское, лесное и рыбное хозяйство — 4 квартал к 4 кварталу прошлого года (IV квартал = год − 9 месяцев, с годовой досчётной поправкой)",92.145,level
2021-10-01,national,B,"Горнодобывающая промышленность и разработка карьеров — 4 квартал к 4 кварталу прошлого года (IV квартал = год − 9 месяцев, с годовой досчётной поправкой)",109.749,level
2021-10-01,national,C,"Обрабатывающая промышленность — 4 квартал к 4 кварталу прошлого года (IV квартал = год − 9 месяцев, с годовой досчётной поправкой)",102.94,level
2021-10-01,national,D,"Снабжение электроэнергией, газом, паром, горячей водой и кондиционированным воздухом — 4 квартал к 4 кварталу прошлого года (IV квартал = год − 9 месяцев, с годовой досчётной поправкой)",105.333,level
2021-10-01,national,E,"Водоснабжение; водоотведение; сбор, обработка и удаление отходов, деятельность по ликвидации загрязнений — 4 квартал к 4 кварталу прошлого года (IV квартал = год − 9 месяцев, с годовой досчётной поправкой)",120.605,level
2021-10-01,national,F,"Строительство — 4 квартал к 4 кварталу прошлого года (IV квартал = год − 9 месяцев, с годовой досчётной поправкой)",105.714,level
2021-10-01,national,G,"Оптовая и розничная торговля; ремонт автомобилей и мотоциклов — 4 квартал к 4 кварталу прошлого года (IV квартал = год − 9 месяцев, с годовой досчётной поправкой)",99.099,level
2021-10-01,national,GDP,"Валовой внутренний продукт — 4 квартал к 4 кварталу прошлого года (IV квартал = год − 9 месяцев, с годовой досчётной поправкой)",105.59,level
2021-10-01,national,GOODS,"Производство товаров — 4 квартал к 4 кварталу прошлого года (IV квартал = год − 9 месяцев, с годовой досчётной поправкой)",103.5,level
2021-10-01,national,GVA,"Валовая добавленная стоимость — 4 квартал к 4 кварталу прошлого года (IV квартал = год − 9 месяцев, с годовой досчётной поправкой)",105.544,level
2021-10-01,national,H,"Транспорт и складирование — 4 квартал к 4 кварталу прошлого года (IV квартал = год − 9 месяцев, с годовой досчётной поправкой)",126.934,level
2021-10-01,national,I,"Предоставление услуг по проживанию и питанию — 4 квартал к 4 кварталу прошлого года (IV квартал = год − 9 месяцев, с годовой досчётной поправкой)",108.495,level
2021-10-01,national,IND,"Промышленность — 4 квартал к 4 кварталу прошлого года (IV квартал = год − 9 месяцев, с годовой досчётной поправкой)",105.856,level
2021-10-01,national,J,"Информация и связь — 4 квартал к 4 кварталу прошлого года (IV квартал = год − 9 месяцев, с годовой досчётной поправкой)",105.048,level
2021-10-01,national,K,"Финансовая и страховая деятельность — 4 квартал к 4 кварталу прошлого года (IV квартал = год − 9 месяцев, с годовой досчётной поправкой)",101.111,level
2021-10-01,national,L,"Операции с недвижимым имуществом — 4 квартал к 4 кварталу прошлого года (IV квартал = год − 9 месяцев, с годовой досчётной поправкой)",106.751,level
2021-10-01,national,M,"Профессиональная, научная и техническая деятельность — 4 квартал к 4 кварталу прошлого года (IV квартал = год − 9 месяцев, с годовой досчётной поправкой)",110.753,level
2021-10-01,national,N,"Деятельность в области административного и вспомогательного обслуживания — 4 квартал к 4 кварталу прошлого года (IV квартал = год − 9 месяцев, с годовой досчётной поправкой)",112.92,level
2021-10-01,national,O,"Государственное управление и оборона; обязательное социальное обеспечение — 4 квартал к 4 кварталу прошлого года (IV квартал = год − 9 месяцев, с годовой досчётной поправкой)",96.783,level
2021-10-01,national,P,"Образование — 4 квартал к 4 кварталу прошлого года (IV квартал = год − 9 месяцев, с годовой досчётной поправкой)",105.236,level
2021-10-01,national,Q,"Здравоохранение и социальное обслуживание населения — 4 квартал к 4 кварталу прошлого года (IV квартал = год − 9 месяцев, с годовой досчётной поправкой)",102.165,level
2021-10-01,national,R,"Искусство, развлечения и отдых — 4 квартал к 4 кварталу прошлого года (IV квартал = год − 9 месяцев, с годовой досчётной поправкой)",107.769,level
2021-10-01,national,S,"Предоставление прочих видов услуг — 4 квартал к 4 кварталу прошлого года (IV квартал = год − 9 месяцев, с годовой досчётной поправкой)",132.435,level
2021-10-01,national,SERVICES,"Производство услуг — 4 квартал к 4 кварталу прошлого года (IV квартал = год − 9 месяцев, с годовой досчётной поправкой)",106.542,level
2021-10-01,national,T,"Деятельность домашних хозяйств, нанимающих домашнюю прислугу и производящих товары и услуги для собственного потребления — 4 квартал к 4 кварталу прошлого года (IV квартал = год − 9 месяцев, с годовой досчётной поправкой)",100.103,level
2021-10-01,national,TAXES,"Налоги на продукты — 4 квартал к 4 кварталу прошлого года (IV квартал = год − 9 месяцев, с годовой досчётной поправкой)",107.222,level
2021-10-01,national,TOTAL,"Итого по отраслям — 4 квартал к 4 кварталу прошлого года (IV квартал = год − 9 месяцев, с годовой досчётной поправкой)",105.544,level
2022-01-01,national,A,"Сельское, лесное и рыбное хозяйство — 1 квартал к 1 кварталу прошлого года",101.8,level
2022-01-01,national,B,Горнодобывающая промышленность и разработка карьеров — 1 квартал к 1 кварталу прошлого года,106.1,level
2022-01-01,national,C,Обрабатывающая промышленность — 1 квартал к 1 кварталу прошлого года,106.5,level
2022-01-01,national,D,"Снабжение электроэнергией, газом, паром, горячей водой и кондиционированным воздухом — 1 квартал к 1 кварталу прошлого года",99.3,level
2022-01-01,national,E,"Водоснабжение; водоотведение; сбор, обработка и удаление отходов, деятельность по ликвидации загрязнений — 1 квартал к 1 кварталу прошлого года",107.7,level
2022-01-01,national,F,Строительство — 1 квартал к 1 кварталу прошлого года,108.6,level
2022-01-01,national,G,Оптовая и розничная торговля; ремонт автомобилей и мотоциклов — 1 квартал к 1 кварталу прошлого года,108.0,level
2022-01-01,national,GDP,Валовой внутренний продукт — 1 квартал к 1 кварталу прошлого года,104.6,level
2022-01-01,national,GOODS,Производство товаров — 1 квартал к 1 кварталу прошлого года,105.9,level
2022-01-01,national,GVA,Валовая добавленная стоимость — 1 квартал к 1 кварталу прошлого года,104.3,level
2022-01-01,national,H,Транспорт и складирование — 1 квартал к 1 кварталу прошлого года,109.3,level
2022-01-01,national,I,Предоставление услуг по проживанию и питанию — 1 квартал к 1 кварталу прошлого года,96.4,level
2022-01-01,national,IND,Промышленность — 1 квартал к 1 кварталу прошлого года,105.9,level
2022-01-01,national,J,Информация и связь — 1 квартал к 1 кварталу прошлого года,115.7,level
2022-01-01,national,K,Финансовая и страховая деятельность — 1 квартал к 1 кварталу прошлого года,99.9,level
2022-01-01,national,L,Операции с недвижимым имуществом — 1 квартал к 1 кварталу прошлого года,98.8,level
2022-01-01,national,M,"Профессиональная, научная и техническая деятельность — 1 квартал к 1 кварталу прошлого года",95.1,level
2022-01-01,national,N,Деятельность в области административного и вспомогательного обслуживания — 1 квартал к 1 кварталу прошлого года,102.1,level
2022-01-01,national,O,Государственное управление и оборона; обязательное социальное обеспечение — 1 квартал к 1 кварталу прошлого года,96.7,level
2022-01-01,national,P,Образование — 1 квартал к 1 кварталу прошлого года,102.0,level
2022-01-01,national,Q,Здравоохранение и социальное обслуживание населения — 1 квартал к 1 кварталу прошлого года,102.0,level
2022-01-01,national,R,"Искусство, развлечения и отдых — 1 квартал к 1 кварталу прошлого года",102.6,level
2022-01-01,national,S,Предоставление прочих видов услуг — 1 квартал к 1 кварталу прошлого года,96.5,level
2022-01-01,national,SERVICES,Производство услуг — 1 квартал к 1 кварталу прошлого года,103.1,level
2022-01-01,national,T,"Деятельность домашних хозяйств, нанимающих домашнюю прислугу и производящих товары и услуги для собственного потребления — 1 квартал к 1 кварталу прошлого года",100.1,level
2022-01-01,national,TAXES,Налоги на продукты — 1 квартал к 1 кварталу прошлого года,110.1,level
2022-01-01,national,TOTAL,Итого по отраслям — 1 квартал к 1 кварталу прошлого года,104.3,level
2022-04-01,national,A,"Сельское, лесное и рыбное хозяйство — 2 квартал к 2 кварталу прошлого года",101.098,level
2022-04-01,national,B,Горнодобывающая промышленность и разработка карьеров — 2 квартал к 2 кварталу прошлого года,98.125,level
2022-04-01,national,C,Обрабатывающая промышленность — 2 квартал к 2 кварталу прошлого года,105.03,level
2022-04-01,national,D,"Снабжение электроэнергией, газом, паром, горячей водой и кондиционированным воздухом — 2 квартал к 2 кварталу прошлого года",99.973,level
2022-04-01,national,E,"Водоснабжение; водоотведение; сбор, обработка и удаление отходов, деятельность по ликвидации загрязнений — 2 квартал к 2 кварталу прошлого года",95.434,level
2022-04-01,national,F,Строительство — 2 квартал к 2 кварталу прошлого года,109.589,level
2022-04-01,national,G,Оптовая и розничная торговля; ремонт автомобилей и мотоциклов — 2 квартал к 2 кварталу прошлого года,104.421,level
2022-04-01,national,GDP,Валовой внутренний продукт — 2 квартал к 2 кварталу прошлого года,102.624,level
2022-04-01,national,GOODS,Производство товаров — 2 квартал к 2 кварталу прошлого года,102.43,level
2022-04-01,national,GVA,Валовая добавленная стоимость — 2 квартал к 2 кварталу прошлого года,102.289,level
2022-04-01,national,H,Транспорт и складирование — 2 квартал к 2 кварталу прошлого года,102.987,level
2022-04-01,national,I,Предоставление услуг по проживанию и питанию — 2 квартал к 2 кварталу прошлого года,110.078,level
2022-04-01,national,IND,Промышленность — 2 квартал к 2 кварталу прошлого года,101.091,level
2022-04-01,national,J,Информация и связь — 2 квартал к 2 кварталу прошлого года,110.089,level
2022-04-01,national,K,Финансовая и страховая деятельность — 2 квартал к 2 кварталу прошлого года,104.53,level
2022-04-01,national,L,Операции с недвижимым имуществом — 2 квартал к 2 кварталу прошлого года,96.424,level
2022-04-01,national,M,"Профессиональная, научная и техническая деятельность — 2 квартал к 2 кварталу прошлого года",89.375,level
2022-04-01,national,N,Деятельность в области административного и вспомогательного обслуживания — 2 квартал к 2 кварталу прошлого года,101.641,level
2022-04-01,national,O,Государственное управление и оборона; обязательное социальное обеспечение — 2 квартал к 2 кварталу прошлого года,100.738,level
2022-04-01,national,P,Образование — 2 квартал к 2 кварталу прошлого года,103.943,level
2022-04-01,national,Q,Здравоохранение и социальное обслуживание населения — 2 квартал к 2 кварталу прошлого года,104.522,level
2022-04-01,national,R,"Искусство, развлечения и отдых — 2 квартал к 2 кварталу прошлого года",102.778,level
2022-04-01,national,S,Предоставление прочих видов услуг — 2 квартал к 2 кварталу прошлого года,99.596,level
2022-04-01,national,SERVICES,Производство услуг — 2 квартал к 2 кварталу прошлого года,102.061,level
2022-04-01,national,T,"Деятельность домашних хозяйств, нанимающих домашнюю прислугу и производящих товары и услуги для собственного потребления — 2 квартал к 2 кварталу прошлого года",100.1,level
2022-04-01,national,TAXES,Налоги на продукты — 2 квартал к 2 кварталу прошлого года,107.364,level
2022-04-01,national,TOTAL,Итого по отраслям — 2 квартал к 2 кварталу прошлого года,102.289,level
2022-07-01,national,A,"Сельское, лесное и рыбное хозяйство — 3 квартал к 3 кварталу прошлого года",109.74,level
2022-07-01,national,B,Горнодобывающая промышленность и разработка карьеров — 3 квартал к 3 кварталу прошлого года,96.935,level
2022-07-01,national,C,Обрабатывающая промышленность — 3 квартал к 3 кварталу прошлого года,102.645,level
2022-07-01,national,D,"Снабжение электроэнергией, газом, паром, горячей водой и кондиционированным воздухом — 3 квартал к 3 кварталу прошлого года",99.6,level
2022-07-01,national,E,"Водоснабжение; водоотведение; сбор, обработка и удаление отходов, деятельность по ликвидации загрязнений — 3 квартал к 3 кварталу прошлого года",98.964,level
2022-07-01,national,F,Строительство — 3 квартал к 3 кварталу прошлого года,99.804,level
2022-07-01,national,G,Оптовая и розничная торговля; ремонт автомобилей и мотоциклов — 3 квартал к 3 кварталу прошлого года,101.372,level
2022-07-01,national,GDP,Валовой внутренний продукт — 3 квартал к 3 кварталу прошлого года,102.068,level
2022-07-01,national,GOODS,Производство товаров — 3 квартал к 3 кварталу прошлого года,101.687,level
2022-07-01,national,GVA,Валовая добавленная стоимость — 3 квартал к 3 кварталу прошлого года,101.768,level
2022-07-01,national,H,Транспорт и складирование — 3 квартал к 3 кварталу прошлого года,102.25,level
2022-07-01,national,I,Предоставление услуг по проживанию и питанию — 3 квартал к 3 кварталу прошлого года,103.815,level
2022-07-01,national,IND,Промышленность — 3 квартал к 3 кварталу прошлого года,99.709,level
2022-07-01,national,J,Информация и связь — 3 квартал к 3 кварталу прошлого года,107.408,level
2022-07-01,national,K,Финансовая и страховая деятельность — 3 квартал к 3 кварталу прошлого года,102.0,level
2022-07-01,national,L,Операции с недвижимым имуществом — 3 квартал к 3 кварталу прошлого года,106.014,level
2022-07-01,national,M,"Профессиональная, научная и техническая деятельность — 3 квартал к 3 кварталу прошлого года",95.828,level
2022-07-01,national,N,Деятельность в области административного и вспомогательного обслуживания — 3 квартал к 3 кварталу прошлого года,103.38,level
2022-07-01,national,O,Государственное управление и оборона; обязательное социальное обеспечение — 3 квартал к 3 кварталу прошлого года,103.58,level
2022-07-01,national,P,Образование — 3 квартал к 3 кварталу прошлого года,101.187,level
2022-07-01,national,Q,Здравоохранение и социальное обслуживание населения — 3 квартал к 3 кварталу прошлого года,102.256,level
2022-07-01,national,R,"Искусство, развлечения и отдых — 3 квартал к 3 кварталу прошлого года",102.937,level
2022-07-01,national,S,Предоставление прочих видов услуг — 3 квартал к 3 кварталу прошлого года,92.411,level
2022-07-01,national,SERVICES,Производство услуг — 3 квартал к 3 кварталу прошлого года,101.797,level
2022-07-01,national,T,"Деятельность домашних хозяйств, нанимающих домашнюю прислугу и производящих товары и услуги для собственного потребления — 3 квартал к 3 кварталу прошлого года",100.926,level
2022-07-01,national,TAXES,Налоги на продукты — 3 квартал к 3 кварталу прошлого года,106.859,level
2022-07-01,national,TOTAL,Итого по отраслям — 3 квартал к 3 кварталу прошлого года,101.768,level
2022-10-01,national,A,"Сельское, лесное и рыбное хозяйство — 4 квартал к 4 кварталу прошлого года (IV квартал = год − 9 месяцев, с годовой досчётной поправкой)",113.039,level
2022-10-01,national,B,"Горнодобывающая промышленность и разработка карьеров — 4 квартал к 4 кварталу прошлого года (IV квартал = год − 9 месяцев, с годовой досчётной поправкой)",97.145,level
2022-10-01,national,C,"Обрабатывающая промышленность — 4 квартал к 4 кварталу прошлого года (IV квартал = год − 9 месяцев, с годовой досчётной поправкой)",101.849,level
2022-10-01,national,D,"Снабжение электроэнергией, газом, паром, горячей водой и кондиционированным воздухом — 4 квартал к 4 кварталу прошлого года (IV квартал = год − 9 месяцев, с годовой досчётной поправкой)",102.12,level
2022-10-01,national,E,"Водоснабжение; водоотведение; сбор, обработка и удаление отходов, деятельность по ликвидации загрязнений — 4 квартал к 4 кварталу прошлого года (IV квартал = год − 9 месяцев, с годовой досчётной поправкой)",84.208,level
2022-10-01,national,F,"Строительство — 4 квартал к 4 кварталу прошлого года (IV квартал = год − 9 месяцев, с годовой досчётной поправкой)",119.532,level
2022-10-01,national,G,"Оптовая и розничная торговля; ремонт автомобилей и мотоциклов — 4 квартал к 4 кварталу прошлого года (IV квартал = год − 9 месяцев, с годовой досчётной поправкой)",104.978,level
2022-10-01,national,GDP,"Валовой внутренний продукт — 4 квартал к 4 кварталу прошлого года (IV квартал = год − 9 месяцев, с годовой досчётной поправкой)",103.543,level
2022-10-01,national,GOODS,"Производство товаров — 4 квартал к 4 кварталу прошлого года (IV квартал = год − 9 месяцев, с годовой досчётной поправкой)",104.241,level
2022-10-01,national,GVA,"Валовая добавленная стоимость — 4 квартал к 4 кварталу прошлого года (IV квартал = год − 9 месяцев, с годовой досчётной поправкой)",103.231,level
2022-10-01,national,H,"Транспорт и складирование — 4 квартал к 4 кварталу прошлого года (IV квартал = год − 9 месяцев, с годовой досчётной поправкой)",96.598,level
2022-10-01,national,I,"Предоставление услуг по проживанию и питанию — 4 квартал к 4 кварталу прошлого года (IV квартал = год − 9 месяцев, с годовой досчётной поправкой)",102.692,level
2022-10-01,national,IND,"Промышленность — 4 квартал к 4 кварталу прошлого года (IV квартал = год − 9 месяцев, с годовой досчётной поправкой)",99.518,level
2022-10-01,national,J,"Информация и связь — 4 квартал к 4 кварталу прошлого года (IV квартал = год − 9 месяцев, с годовой досчётной поправкой)",86.214,level
2022-10-01,national,K,"Финансовая и страховая деятельность — 4 квартал к 4 кварталу прошлого года (IV квартал = год − 9 месяцев, с годовой досчётной поправкой)",106.344,level
2022-10-01,national,L,"Операции с недвижимым имуществом — 4 квартал к 4 кварталу прошлого года (IV квартал = год − 9 месяцев, с годовой досчётной поправкой)",101.982,level
2022-10-01,national,M,"Профессиональная, научная и техническая деятельность — 4 квартал к 4 кварталу прошлого года (IV квартал = год − 9 месяцев, с годовой досчётной поправкой)",94.88,level
2022-10-01,national,N,"Деятельность в области административного и вспомогательного обслуживания — 4 квартал к 4 кварталу прошлого года (IV квартал = год − 9 месяцев, с годовой досчётной поправкой)",104.862,level
2022-10-01,national,O,"Государственное управление и оборона; обязательное социальное обеспечение — 4 квартал к 4 кварталу прошлого года (IV квартал = год − 9 месяцев, с годовой досчётной поправкой)",110.001,level
2022-10-01,national,P,"Образование — 4 квартал к 4 кварталу прошлого года (IV квартал = год − 9 месяцев, с годовой досчётной поправкой)",110.193,level
2022-10-01,national,Q,"Здравоохранение и социальное обслуживание населения — 4 квартал к 4 кварталу прошлого года (IV квартал = год − 9 месяцев, с годовой досчётной поправкой)",103.117,level
2022-10-01,national,R,"Искусство, развлечения и отдых — 4 квартал к 4 кварталу прошлого года (IV квартал = год − 9 месяцев, с годовой досчётной поправкой)",102.587,level
2022-10-01,national,S,"Предоставление прочих видов услуг — 4 квартал к 4 кварталу прошлого года (IV квартал = год − 9 месяцев, с годовой досчётной поправкой)",143.539,level
2022-10-01,national,SERVICES,"Производство услуг — 4 квартал к 4 кварталу прошлого года (IV квартал = год − 9 месяцев, с годовой досчётной поправкой)",102.804,level
2022-10-01,national,T,"Деятельность домашних хозяйств, нанимающих домашнюю прислугу и производящих товары и услуги для собственного потребления — 4 квартал к 4 кварталу прошлого года (IV квартал = год − 9 месяцев, с годовой досчётной поправкой)",104.76,level
2022-10-01,national,TAXES,"Налоги на продукты — 4 квартал к 4 кварталу прошлого года (IV квартал = год − 9 месяцев, с годовой досчётной поправкой)",108.162,level
2022-10-01,national,TOTAL,"Итого по отраслям — 4 квартал к 4 кварталу прошлого года (IV квартал = год − 9 месяцев, с годовой досчётной поправкой)",103.231,level
2023-01-01,national,A,"Сельское, лесное и рыбное хозяйство — 1 квартал к 1 кварталу прошлого года",103.5,level
2023-01-01,national,B,Горнодобывающая промышленность и разработка карьеров — 1 квартал к 1 кварталу прошлого года,100.2,level
2023-01-01,national,C,Обрабатывающая промышленность — 1 квартал к 1 кварталу прошлого года,105.4,level
2023-01-01,national,D,"Снабжение электроэнергией, газом, паром, горячей водой и кондиционированным воздухом — 1 квартал к 1 кварталу прошлого года",106.1,level
2023-01-01,national,E,"Водоснабжение; водоотведение; сбор, обработка и удаление отходов, деятельность по ликвидации загрязнений — 1 квартал к 1 кварталу прошлого года",106.7,level
2023-01-01,national,F,Строительство — 1 квартал к 1 кварталу прошлого года,115.7,level
2023-01-01,national,G,Оптовая и розничная торговля; ремонт автомобилей и мотоциклов — 1 квартал к 1 кварталу прошлого года,111.1,level
2023-01-01,national,GDP,Валовой внутренний продукт — 1 квартал к 1 кварталу прошлого года,105.0,level
2023-01-01,national,GOODS,Производство товаров — 1 квартал к 1 кварталу прошлого года,104.3,level
2023-01-01,national,GVA,Валовая добавленная стоимость — 1 квартал к 1 кварталу прошлого года,104.8,level
2023-01-01,national,H,Транспорт и складирование — 1 квартал к 1 кварталу прошлого года,107.6,level
2023-01-01,national,I,Предоставление услуг по проживанию и питанию — 1 квартал к 1 кварталу прошлого года,102.8,level
2023-01-01,national,IND,Промышленность — 1 квартал к 1 кварталу прошлого года,102.9,level
2023-01-01,national,J,Информация и связь — 1 квартал к 1 кварталу прошлого года,112.0,level
2023-01-01,national,K,Финансовая и страховая деятельность — 1 квартал к 1 кварталу прошлого года,101.5,level
2023-01-01,national,L,Операции с недвижимым имуществом — 1 квартал к 1 кварталу прошлого года,101.5,level
2023-01-01,national,M,"Профессиональная, научная и техническая деятельность — 1 квартал к 1 кварталу прошлого года",102.6,level
2023-01-01,national,N,Деятельность в области административного и вспомогательного обслуживания — 1 квартал к 1 кварталу прошлого года,101.0,level
2023-01-01,national,O,Государственное управление и оборона; обязательное социальное обеспечение — 1 квартал к 1 кварталу прошлого года,102.9,level
2023-01-01,national,P,Образование — 1 квартал к 1 кварталу прошлого года,102.4,level
2023-01-01,national,Q,Здравоохранение и социальное обслуживание населения — 1 квартал к 1 кварталу прошлого года,101.3,level
2023-01-01,national,R,"Искусство, развлечения и отдых — 1 квартал к 1 кварталу прошлого года",93.7,level
2023-01-01,national,S,Предоставление прочих видов услуг — 1 квартал к 1 кварталу прошлого года,102.2,level
2023-01-01,national,SERVICES,Производство услуг — 1 квартал к 1 кварталу прошлого года,105.3,level
2023-01-01,national,T,"Деятельность домашних хозяйств, нанимающих домашнюю прислугу и производящих товары и услуги для собственного потребления — 1 квартал к 1 кварталу прошлого года",102.0,level
2023-01-01,national,TAXES,Налоги на продукты — 1 квартал к 1 кварталу прошлого года,107.0,level
2023-01-01,national,TOTAL,Итого по отраслям — 1 квартал к 1 кварталу прошлого года,104.8,level
2023-04-01,national,A,"Сельское, лесное и рыбное хозяйство — 2 квартал к 2 кварталу прошлого года",102.981,level
2023-04-01,national,B,Горнодобывающая промышленность и разработка карьеров — 2 квартал к 2 кварталу прошлого года,106.554,level
2023-04-01,national,C,Обрабатывающая промышленность — 2 квартал к 2 кварталу прошлого года,101.195,level
2023-04-01,national,D,"Снабжение электроэнергией, газом, паром, горячей водой и кондиционированным воздухом — 2 квартал к 2 кварталу прошлого года",107.652,level
2023-04-01,national,E,"Водоснабжение; водоотведение; сбор, обработка и удаление отходов, деятельность по ликвидации загрязнений — 2 квартал к 2 кварталу прошлого года",106.072,level
2023-04-01,national,F,Строительство — 2 квартал к 2 кварталу прошлого года,110.129,level
2023-04-01,national,G,Оптовая и розничная торговля; ремонт автомобилей и мотоциклов — 2 квартал к 2 кварталу прошлого года,109.71,level
2023-04-01,national,GDP,Валовой внутренний продукт — 2 квартал к 2 кварталу прошлого года,105.591,level
2023-04-01,national,GOODS,Производство товаров — 2 квартал к 2 кварталу прошлого года,105.244,level
2023-04-01,national,GVA,Валовая добавленная стоимость — 2 квартал к 2 кварталу прошлого года,105.59,level
2023-04-01,national,H,Транспорт и складирование — 2 квартал к 2 кварталу прошлого года,107.187,level
2023-04-01,national,I,Предоставление услуг по проживанию и питанию — 2 квартал к 2 кварталу прошлого года,110.788,level
2023-04-01,national,IND,Промышленность — 2 квартал к 2 кварталу прошлого года,104.652,level
2023-04-01,national,J,Информация и связь — 2 квартал к 2 кварталу прошлого года,118.573,level
2023-04-01,national,K,Финансовая и страховая деятельность — 2 квартал к 2 кварталу прошлого года,101.102,level
2023-04-01,national,L,Операции с недвижимым имуществом — 2 квартал к 2 кварталу прошлого года,103.591,level
2023-04-01,national,M,"Профессиональная, научная и техническая деятельность — 2 квартал к 2 кварталу прошлого года",102.872,level
2023-04-01,national,N,Деятельность в области административного и вспомогательного обслуживания — 2 квартал к 2 кварталу прошлого года,99.709,level
2023-04-01,national,O,Государственное управление и оборона; обязательное социальное обеспечение — 2 квартал к 2 кварталу прошлого года,103.089,level
2023-04-01,national,P,Образование — 2 квартал к 2 кварталу прошлого года,101.876,level
2023-04-01,national,Q,Здравоохранение и социальное обслуживание населения — 2 квартал к 2 кварталу прошлого года,101.3,level
2023-04-01,national,R,"Искусство, развлечения и отдых — 2 квартал к 2 кварталу прошлого года",109.268,level
2023-04-01,national,S,Предоставление прочих видов услуг — 2 квартал к 2 кварталу прошлого года,99.844,level
2023-04-01,national,SERVICES,Производство услуг — 2 квартал к 2 кварталу прошлого года,105.71,level
2023-04-01,national,T,"Деятельность домашних хозяйств, нанимающих домашнюю прислугу и производящих товары и услуги для собственного потребления — 2 квартал к 2 кварталу прошлого года",100.924,level
2023-04-01,national,TAXES,Налоги на продукты — 2 квартал к 2 кварталу прошлого года,107.0,level
2023-04-01,national,TOTAL,Итого по отраслям — 2 квартал к 2 кварталу прошлого года,105.59,level
2023-07-01,national,A,"Сельское, лесное и рыбное хозяйство — 3 квартал к 3 кварталу прошлого года",83.744,level
2023-07-01,national,B,Горнодобывающая промышленность и разработка карьеров — 3 квартал к 3 кварталу прошлого года,108.655,level
2023-07-01,national,C,Обрабатывающая промышленность — 3 квартал к 3 кварталу прошлого года,102.872,level
2023-07-01,national,D,"Снабжение электроэнергией, газом, паром, горячей водой и кондиционированным воздухом — 3 квартал к 3 кварталу прошлого года",101.738,level
2023-07-01,national,E,"Водоснабжение; водоотведение; сбор, обработка и удаление отходов, деятельность по ликвидации загрязнений — 3 квартал к 3 кварталу прошлого года",104.063,level
2023-07-01,national,F,Строительство — 3 квартал к 3 кварталу прошлого года,113.013,level
2023-07-01,national,G,Оптовая и розничная торговля; ремонт автомобилей и мотоциклов — 3 квартал к 3 кварталу прошлого года,109.376,level
2023-07-01,national,GDP,Валовой внутренний продукт — 3 квартал к 3 кварталу прошлого года,104.271,level
2023-07-01,national,GOODS,Производство товаров — 3 квартал к 3 кварталу прошлого года,102.086,level
2023-07-01,national,GVA,Валовая добавленная стоимость — 3 квартал к 3 кварталу прошлого года,103.662,level
2023-07-01,national,H,Транспорт и складирование — 3 квартал к 3 кварталу прошлого года,106.23,level
2023-07-01,national,I,Предоставление услуг по проживанию и питанию — 3 квартал к 3 кварталу прошлого года,105.713,level
2023-07-01,national,IND,Промышленность — 3 квартал к 3 кварталу прошлого года,105.474,level
2023-07-01,national,J,Информация и связь — 3 квартал к 3 кварталу прошлого года,113.333,level
2023-07-01,national,K,Финансовая и страховая деятельность — 3 квартал к 3 кварталу прошлого года,102.351,level
2023-07-01,national,L,Операции с недвижимым имуществом — 3 квартал к 3 кварталу прошлого года,103.355,level
2023-07-01,national,M,"Профессиональная, научная и техническая деятельность — 3 квартал к 3 кварталу прошлого года",102.318,level
2023-07-01,national,N,Деятельность в области административного и вспомогательного обслуживания — 3 квартал к 3 кварталу прошлого года,101.713,level
2023-07-01,national,O,Государственное управление и оборона; обязательное социальное обеспечение — 3 квартал к 3 кварталу прошлого года,101.851,level
2023-07-01,national,P,Образование — 3 квартал к 3 кварталу прошлого года,102.1,level
2023-07-01,national,Q,Здравоохранение и социальное обслуживание населения — 3 квартал к 3 кварталу прошлого года,102.078,level
2023-07-01,national,R,"Искусство, развлечения и отдых — 3 квартал к 3 кварталу прошлого года",99.529,level
2023-07-01,national,S,Предоставление прочих видов услуг — 3 квартал к 3 кварталу прошлого года,103.09,level
2023-07-01,national,SERVICES,Производство услуг — 3 квартал к 3 кварталу прошлого года,105.235,level
2023-07-01,national,T,"Деятельность домашних хозяйств, нанимающих домашнюю прислугу и производящих товары и услуги для собственного потребления — 3 квартал к 3 кварталу прошлого года",100.43,level
2023-07-01,national,TAXES,Налоги на продукты — 3 квартал к 3 кварталу прошлого года,108.071,level
2023-07-01,national,TOTAL,Итого по отраслям — 3 квартал к 3 кварталу прошлого года,103.662,level
2023-10-01,national,A,"Сельское, лесное и рыбное хозяйство — 4 квартал к 4 кварталу прошлого года (IV квартал = год − 9 месяцев, с годовой досчётной поправкой)",96.744,level
2023-10-01,national,B,"Горнодобывающая промышленность и разработка карьеров — 4 квартал к 4 кварталу прошлого года (IV квартал = год − 9 месяцев, с годовой досчётной поправкой)",103.484,level
2023-10-01,national,C,"Обрабатывающая промышленность — 4 квартал к 4 кварталу прошлого года (IV квартал = год − 9 месяцев, с годовой досчётной поправкой)",105.429,level
2023-10-01,national,D,"Снабжение электроэнергией, газом, паром, горячей водой и кондиционированным воздухом — 4 квартал к 4 кварталу прошлого года (IV квартал = год − 9 месяцев, с годовой досчётной поправкой)",106.013,level
2023-10-01,national,E,"Водоснабжение; водоотведение; сбор, обработка и удаление отходов, деятельность по ликвидации загрязнений — 4 квартал к 4 кварталу прошлого года (IV квартал = год − 9 месяцев, с годовой досчётной поправкой)",90.301,level
2023-10-01,national,F,"Строительство — 4 квартал к 4 кварталу прошлого года (IV квартал = год − 9 месяцев, с годовой досчётной поправкой)",119.358,level
2023-10-01,national,G,"Оптовая и розничная торговля; ремонт автомобилей и мотоциклов — 4 квартал к 4 кварталу прошлого года (IV квартал = год − 9 месяцев, с годовой досчётной поправкой)",105.376,level
2023-10-01,national,GDP,"Валовой внутренний продукт — 4 квартал к 4 кварталу прошлого года (IV квартал = год − 9 месяцев, с годовой досчётной поправкой)",105.442,level
2023-10-01,national,GOODS,"Производство товаров — 4 квартал к 4 кварталу прошлого года (IV квартал = год − 9 месяцев, с годовой досчётной поправкой)",105.732,level
2023-10-01,national,GVA,"Валовая добавленная стоимость — 4 квартал к 4 кварталу прошлого года (IV квартал = год − 9 месяцев, с годовой досчётной поправкой)",105.392,level
2023-10-01,national,H,"Транспорт и складирование — 4 квартал к 4 кварталу прошлого года (IV квартал = год − 9 месяцев, с годовой досчётной поправкой)",130.974,level
2023-10-01,national,I,"Предоставление услуг по проживанию и питанию — 4 квартал к 4 кварталу прошлого года (IV квартал = год − 9 месяцев, с годовой досчётной поправкой)",102.006,level
2023-10-01,national,IND,"Промышленность — 4 квартал к 4 кварталу прошлого года (IV квартал = год − 9 месяцев, с годовой досчётной поправкой)",104.4,level
2023-10-01,national,J,"Информация и связь — 4 квартал к 4 кварталу прошлого года (IV квартал = год − 9 месяцев, с годовой досчётной поправкой)",100.8,level
2023-10-01,national,K,"Финансовая и страховая деятельность — 4 квартал к 4 кварталу прошлого года (IV квартал = год − 9 месяцев, с годовой досчётной поправкой)",100.627,level
2023-10-01,national,L,"Операции с недвижимым имуществом — 4 квартал к 4 кварталу прошлого года (IV квартал = год − 9 месяцев, с годовой досчётной поправкой)",102.8,level
2023-10-01,national,M,"Профессиональная, научная и техническая деятельность — 4 квартал к 4 кварталу прошлого года (IV квартал = год − 9 месяцев, с годовой досчётной поправкой)",94.098,level
2023-10-01,national,N,"Деятельность в области административного и вспомогательного обслуживания — 4 квартал к 4 кварталу прошлого года (IV квартал = год − 9 месяцев, с годовой досчётной поправкой)",104.941,level
2023-10-01,national,O,"Государственное управление и оборона; обязательное социальное обеспечение — 4 квартал к 4 кварталу прошлого года (IV квартал = год − 9 месяцев, с годовой досчётной поправкой)",103.865,level
2023-10-01,national,P,"Образование — 4 квартал к 4 кварталу прошлого года (IV квартал = год − 9 месяцев, с годовой досчётной поправкой)",102.719,level
2023-10-01,national,Q,"Здравоохранение и социальное обслуживание населения — 4 квартал к 4 кварталу прошлого года (IV квартал = год − 9 месяцев, с годовой досчётной поправкой)",102.022,level
2023-10-01,national,R,"Искусство, развлечения и отдых — 4 квартал к 4 кварталу прошлого года (IV квартал = год − 9 месяцев, с годовой досчётной поправкой)",90.402,level
2023-10-01,national,S,"Предоставление прочих видов услуг — 4 квартал к 4 кварталу прошлого года (IV квартал = год − 9 месяцев, с годовой досчётной поправкой)",85.328,level
2023-10-01,national,SERVICES,"Производство услуг — 4 квартал к 4 кварталу прошлого года (IV квартал = год − 9 месяцев, с годовой досчётной поправкой)",104.906,level
2023-10-01,national,T,"Деятельность домашних хозяйств, нанимающих домашнюю прислугу и производящих товары и услуги для собственного потребления — 4 квартал к 4 кварталу прошлого года (IV квартал = год − 9 месяцев, с годовой досчётной поправкой)",142.504,level
2023-10-01,national,TAXES,"Налоги на продукты — 4 квартал к 4 кварталу прошлого года (IV квартал = год − 9 месяцев, с годовой досчётной поправкой)",108.117,level
2023-10-01,national,TOTAL,"Итого по отраслям — 4 квартал к 4 кварталу прошлого года (IV квартал = год − 9 месяцев, с годовой досчётной поправкой)",105.392,level
2024-01-01,national,A,"Сельское, лесное и рыбное хозяйство — 1 квартал к 1 кварталу прошлого года",101.7,level
2024-01-01,national,B,Горнодобывающая промышленность и разработка карьеров — 1 квартал к 1 кварталу прошлого года,101.9,level
2024-01-01,national,C,Обрабатывающая промышленность — 1 квартал к 1 кварталу прошлого года,105.6,level
2024-01-01,national,D,"Снабжение электроэнергией, газом, паром, горячей водой и кондиционированным воздухом — 1 квартал к 1 кварталу прошлого года",105.5,level
2024-01-01,national,E,"Водоснабжение; водоотведение; сбор, обработка и удаление отходов, деятельность по ликвидации загрязнений — 1 квартал к 1 кварталу прошлого года",102.7,level
2024-01-01,national,F,Строительство — 1 квартал к 1 кварталу прошлого года,115.9,level
2024-01-01,national,G,Оптовая и розничная торговля; ремонт автомобилей и мотоциклов — 1 квартал к 1 кварталу прошлого года,103.4,level
2024-01-01,national,GDP,Валовой внутренний продукт — 1 квартал к 1 кварталу прошлого года,103.8,level
2024-01-01,national,GOODS,Производство товаров — 1 квартал к 1 кварталу прошлого года,105.1,level
2024-01-01,national,GVA,Валовая добавленная стоимость — 1 квартал к 1 кварталу прошлого года,103.8,level
2024-01-01,national,H,Транспорт и складирование — 1 квартал к 1 кварталу прошлого года,108.2,level
2024-01-01,national,I,Предоставление услуг по проживанию и питанию — 1 квартал к 1 кварталу прошлого года,95.3,level
2024-01-01,national,IND,Промышленность — 1 квартал к 1 кварталу прошлого года,103.9,level
2024-01-01,national,J,Информация и связь — 1 квартал к 1 кварталу прошлого года,110.1,level
2024-01-01,national,K,Финансовая и страховая деятельность — 1 квартал к 1 кварталу прошлого года,101.5,level
2024-01-01,national,L,Операции с недвижимым имуществом — 1 квартал к 1 кварталу прошлого года,101.6,level
2024-01-01,national,M,"Профессиональная, научная и техническая деятельность — 1 квартал к 1 кварталу прошлого года",100.2,level
2024-01-01,national,N,Деятельность в области административного и вспомогательного обслуживания — 1 квартал к 1 кварталу прошлого года,100.5,level
2024-01-01,national,O,Государственное управление и оборона; обязательное социальное обеспечение — 1 квартал к 1 кварталу прошлого года,97.7,level
2024-01-01,national,P,Образование — 1 квартал к 1 кварталу прошлого года,102.6,level
2024-01-01,national,Q,Здравоохранение и социальное обслуживание населения — 1 квартал к 1 кварталу прошлого года,101.6,level
2024-01-01,national,R,"Искусство, развлечения и отдых — 1 квартал к 1 кварталу прошлого года",98.5,level
2024-01-01,national,S,Предоставление прочих видов услуг — 1 квартал к 1 кварталу прошлого года,109.1,level
2024-01-01,national,SERVICES,Производство услуг — 1 квартал к 1 кварталу прошлого года,103.0,level
2024-01-01,national,T,"Деятельность домашних хозяйств, нанимающих домашнюю прислугу и производящих товары и услуги для собственного потребления — 1 квартал к 1 кварталу прошлого года",100.7,level
2024-01-01,national,TAXES,Налоги на продукты — 1 квартал к 1 кварталу прошлого года,103.7,level
2024-01-01,national,TOTAL,Итого по отраслям — 1 квартал к 1 кварталу прошлого года,103.8,level
2024-04-01,national,A,"Сельское, лесное и рыбное хозяйство — 2 квартал к 2 кварталу прошлого года",104.136,level
2024-04-01,national,B,Горнодобывающая промышленность и разработка карьеров — 2 квартал к 2 кварталу прошлого года,98.638,level
2024-04-01,national,C,Обрабатывающая промышленность — 2 квартал к 2 кварталу прошлого года,104.499,level
2024-04-01,national,D,"Снабжение электроэнергией, газом, паром, горячей водой и кондиционированным воздухом — 2 квартал к 2 кварталу прошлого года",106.786,level
2024-04-01,national,E,"Водоснабжение; водоотведение; сбор, обработка и удаление отходов, деятельность по ликвидации загрязнений — 2 квартал к 2 кварталу прошлого года",95.556,level
2024-04-01,national,F,Строительство — 2 квартал к 2 кварталу прошлого года,103.903,level
2024-04-01,national,G,Оптовая и розничная торговля; ремонт автомобилей и мотоциклов — 2 квартал к 2 кварталу прошлого года,105.461,level
2024-04-01,national,GDP,Валовой внутренний продукт — 2 квартал к 2 кварталу прошлого года,102.602,level
2024-04-01,national,GOODS,Производство товаров — 2 квартал к 2 кварталу прошлого года,102.036,level
2024-04-01,national,GVA,Валовая добавленная стоимость — 2 квартал к 2 кварталу прошлого года,103.001,level
2024-04-01,national,H,Транспорт и складирование — 2 квартал к 2 кварталу прошлого года,106.259,level
2024-04-01,national,I,Предоставление услуг по проживанию и питанию — 2 квартал к 2 кварталу прошлого года,119.259,level
2024-04-01,national,IND,Промышленность — 2 квартал к 2 кварталу прошлого года,101.315,level
2024-04-01,national,J,Информация и связь — 2 квартал к 2 кварталу прошлого года,111.652,level
2024-04-01,national,K,Финансовая и страховая деятельность — 2 квартал к 2 кварталу прошлого года,101.311,level
2024-04-01,national,L,Операции с недвижимым имуществом — 2 квартал к 2 кварталу прошлого года,101.38,level
2024-04-01,national,M,"Профессиональная, научная и техническая деятельность — 2 квартал к 2 кварталу прошлого года",102.439,level
2024-04-01,national,N,Деятельность в области административного и вспомогательного обслуживания — 2 квартал к 2 кварталу прошлого года,100.286,level
2024-04-01,national,O,Государственное управление и оборона; обязательное социальное обеспечение — 2 квартал к 2 кварталу прошлого года,105.633,level
2024-04-01,national,P,Образование — 2 квартал к 2 кварталу прошлого года,101.546,level
2024-04-01,national,Q,Здравоохранение и социальное обслуживание населения — 2 квартал к 2 кварталу прошлого года,100.51,level
2024-04-01,national,R,"Искусство, развлечения и отдых — 2 квартал к 2 кварталу прошлого года",108.076,level
2024-04-01,national,S,Предоставление прочих видов услуг — 2 квартал к 2 кварталу прошлого года,94.803,level
2024-04-01,national,SERVICES,Производство услуг — 2 квартал к 2 кварталу прошлого года,103.823,level
2024-04-01,national,T,"Деятельность домашних хозяйств, нанимающих домашнюю прислугу и производящих товары и услуги для собственного потребления — 2 квартал к 2 кварталу прошлого года",104.241,level
2024-04-01,national,TAXES,Налоги на продукты — 2 квартал к 2 кварталу прошлого года,98.521,level
2024-04-01,national,TOTAL,Итого по отраслям — 2 квартал к 2 кварталу прошлого года,103.001,level
2024-07-01,national,A,"Сельское, лесное и рыбное хозяйство — 3 квартал к 3 кварталу прошлого года",116.198,level
2024-07-01,national,B,Горнодобывающая промышленность и разработка карьеров — 3 квартал к 3 кварталу прошлого года,103.67,level
2024-07-01,national,C,Обрабатывающая промышленность — 3 квартал к 3 кварталу прошлого года,104.521,level
2024-07-01,national,D,"Снабжение электроэнергией, газом, паром, горячей водой и кондиционированным воздухом — 3 квартал к 3 кварталу прошлого года",104.279,level
2024-07-01,national,E,"Водоснабжение; водоотведение; сбор, обработка и удаление отходов, деятельность по ликвидации загрязнений — 3 квартал к 3 кварталу прошлого года",96.748,level
2024-07-01,national,F,Строительство — 3 квартал к 3 кварталу прошлого года,112.155,level
2024-07-01,national,G,Оптовая и розничная торговля; ремонт автомобилей и мотоциклов — 3 квартал к 3 кварталу прошлого года,109.923,level
2024-07-01,national,GDP,Валовой внутренний продукт — 3 квартал к 3 кварталу прошлого года,105.602,level
2024-07-01,national,GOODS,Производство товаров — 3 квартал к 3 кварталу прошлого года,107.193,level
2024-07-01,national,GVA,Валовая добавленная стоимость — 3 квартал к 3 кварталу прошлого года,106.32,level
2024-07-01,national,H,Транспорт и складирование — 3 квартал к 3 кварталу прошлого года,109.617,level
2024-07-01,national,I,Предоставление услуг по проживанию и питанию — 3 квартал к 3 кварталу прошлого года,95.28,level
2024-07-01,national,IND,Промышленность — 3 квартал к 3 кварталу прошлого года,104.07,level
2024-07-01,national,J,Информация и связь — 3 квартал к 3 кварталу прошлого года,110.715,level
2024-07-01,national,K,Финансовая и страховая деятельность — 3 квартал к 3 кварталу прошлого года,102.891,level
2024-07-01,national,L,Операции с недвижимым имуществом — 3 квартал к 3 кварталу прошлого года,104.728,level
2024-07-01,national,M,"Профессиональная, научная и техническая деятельность — 3 квартал к 3 кварталу прошлого года",102.077,level
2024-07-01,national,N,Деятельность в области административного и вспомогательного обслуживания — 3 квартал к 3 кварталу прошлого года,102.942,level
2024-07-01,national,O,Государственное управление и оборона; обязательное социальное обеспечение — 3 квартал к 3 кварталу прошлого года,103.93,level
2024-07-01,national,P,Образование — 3 квартал к 3 кварталу прошлого года,102.0,level
2024-07-01,national,Q,Здравоохранение и социальное обслуживание населения — 3 квартал к 3 кварталу прошлого года,101.817,level
2024-07-01,national,R,"Искусство, развлечения и отдых — 3 квартал к 3 кварталу прошлого года",100.533,level
2024-07-01,national,S,Предоставление прочих видов услуг — 3 квартал к 3 кварталу прошлого года,96.763,level
2024-07-01,national,SERVICES,Производство услуг — 3 квартал к 3 кварталу прошлого года,105.266,level
2024-07-01,national,T,"Деятельность домашних хозяйств, нанимающих домашнюю прислугу и производящих товары и услуги для собственного потребления — 3 квартал к 3 кварталу прошлого года",102.852,level
2024-07-01,national,TAXES,Налоги на продукты — 3 квартал к 3 кварталу прошлого года,99.964,level
2024-07-01,national,TOTAL,Итого по отраслям — 3 квартал к 3 кварталу прошлого года,106.32,level
2024-10-01,national,A,"Сельское, лесное и рыбное хозяйство — 4 квартал к 4 кварталу прошлого года (IV квартал = год − 9 месяцев, с годовой досчётной поправкой)",119.801,level
2024-10-01,national,B,"Горнодобывающая промышленность и разработка карьеров — 4 квартал к 4 кварталу прошлого года (IV квартал = год − 9 месяцев, с годовой досчётной поправкой)",98.013,level
2024-10-01,national,C,"Обрабатывающая промышленность — 4 квартал к 4 кварталу прошлого года (IV квартал = год − 9 месяцев, с годовой досчётной поправкой)",110.23,level
2024-10-01,national,D,"Снабжение электроэнергией, газом, паром, горячей водой и кондиционированным воздухом — 4 квартал к 4 кварталу прошлого года (IV квартал = год − 9 месяцев, с годовой досчётной поправкой)",93.511,level
2024-10-01,national,E,"Водоснабжение; водоотведение; сбор, обработка и удаление отходов, деятельность по ликвидации загрязнений — 4 квартал к 4 кварталу прошлого года (IV квартал = год − 9 месяцев, с годовой досчётной поправкой)",124.415,level
2024-10-01,national,F,"Строительство — 4 квартал к 4 кварталу прошлого года (IV квартал = год − 9 месяцев, с годовой досчётной поправкой)",123.051,level
2024-10-01,national,G,"Оптовая и розничная торговля; ремонт автомобилей и мотоциклов — 4 квартал к 4 кварталу прошлого года (IV квартал = год − 9 месяцев, с годовой досчётной поправкой)",111.784,level
2024-10-01,national,GDP,"Валовой внутренний продукт — 4 квартал к 4 кварталу прошлого года (IV квартал = год − 9 месяцев, с годовой досчётной поправкой)",106.549,level
2024-10-01,national,GOODS,"Производство товаров — 4 квартал к 4 кварталу прошлого года (IV квартал = год − 9 месяцев, с годовой досчётной поправкой)",108.892,level
2024-10-01,national,GVA,"Валовая добавленная стоимость — 4 квартал к 4 кварталу прошлого года (IV квартал = год − 9 месяцев, с годовой досчётной поправкой)",106.628,level
2024-10-01,national,H,"Транспорт и складирование — 4 квартал к 4 кварталу прошлого года (IV квартал = год − 9 месяцев, с годовой досчётной поправкой)",111.646,level
2024-10-01,national,I,"Предоставление услуг по проживанию и питанию — 4 квартал к 4 кварталу прошлого года (IV квартал = год − 9 месяцев, с годовой досчётной поправкой)",103.294,level
2024-10-01,national,IND,"Промышленность — 4 квартал к 4 кварталу прошлого года (IV квартал = год − 9 месяцев, с годовой досчётной поправкой)",103.681,level
2024-10-01,national,J,"Информация и связь — 4 квартал к 4 кварталу прошлого года (IV квартал = год − 9 месяцев, с годовой досчётной поправкой)",98.016,level
2024-10-01,national,K,"Финансовая и страховая деятельность — 4 квартал к 4 кварталу прошлого года (IV квартал = год − 9 месяцев, с годовой досчётной поправкой)",100.107,level
2024-10-01,national,L,"Операции с недвижимым имуществом — 4 квартал к 4 кварталу прошлого года (IV квартал = год − 9 месяцев, с годовой досчётной поправкой)",102.212,level
2024-10-01,national,M,"Профессиональная, научная и техническая деятельность — 4 квартал к 4 кварталу прошлого года (IV квартал = год − 9 месяцев, с годовой досчётной поправкой)",97.523,level
2024-10-01,national,N,"Деятельность в области административного и вспомогательного обслуживания — 4 квартал к 4 кварталу прошлого года (IV квартал = год − 9 месяцев, с годовой досчётной поправкой)",97.036,level
2024-10-01,national,O,"Государственное управление и оборона; обязательное социальное обеспечение — 4 квартал к 4 кварталу прошлого года (IV квартал = год − 9 месяцев, с годовой досчётной поправкой)",101.407,level
2024-10-01,national,P,"Образование — 4 квартал к 4 кварталу прошлого года (IV квартал = год − 9 месяцев, с годовой досчётной поправкой)",99.861,level
2024-10-01,national,Q,"Здравоохранение и социальное обслуживание населения — 4 квартал к 4 кварталу прошлого года (IV квартал = год − 9 месяцев, с годовой досчётной поправкой)",101.4,level
2024-10-01,national,R,"Искусство, развлечения и отдых — 4 квартал к 4 кварталу прошлого года (IV квартал = год − 9 месяцев, с годовой досчётной поправкой)",81.483,level
2024-10-01,national,S,"Предоставление прочих видов услуг — 4 квартал к 4 кварталу прошлого года (IV квартал = год − 9 месяцев, с годовой досчётной поправкой)",93.974,level
2024-10-01,national,SERVICES,"Производство услуг — 4 квартал к 4 кварталу прошлого года (IV квартал = год − 9 месяцев, с годовой досчётной поправкой)",105.375,level
2024-10-01,national,T,"Деятельность домашних хозяйств, нанимающих домашнюю прислугу и производящих товары и услуги для собственного потребления — 4 квартал к 4 кварталу прошлого года (IV квартал = год − 9 месяцев, с годовой досчётной поправкой)",108.366,level
2024-10-01,national,TAXES,"Налоги на продукты — 4 квартал к 4 кварталу прошлого года (IV квартал = год − 9 месяцев, с годовой досчётной поправкой)",106.913,level
2024-10-01,national,TOTAL,"Итого по отраслям — 4 квартал к 4 кварталу прошлого года (IV квартал = год − 9 месяцев, с годовой досчётной поправкой)",106.628,level
2025-01-01,national,A,"Сельское, лесное и рыбное хозяйство — 1 квартал к 1 кварталу прошлого года",103.4,level
2025-01-01,national,B,Горнодобывающая промышленность и разработка карьеров — 1 квартал к 1 кварталу прошлого года,106.2,level
2025-01-01,national,C,Обрабатывающая промышленность — 1 квартал к 1 кварталу прошлого года,108.8,level
2025-01-01,national,D,"Снабжение электроэнергией, газом, паром, горячей водой и кондиционированным воздухом — 1 квартал к 1 кварталу прошлого года",97.2,level
2025-01-01,national,E,"Водоснабжение; водоотведение; сбор, обработка и удаление отходов, деятельность по ликвидации загрязнений — 1 квартал к 1 кварталу прошлого года",93.9,level
2025-01-01,national,F,Строительство — 1 квартал к 1 кварталу прошлого года,116.9,level
2025-01-01,national,G,Оптовая и розничная торговля; ремонт автомобилей и мотоциклов — 1 квартал к 1 кварталу прошлого года,106.3,level
2025-01-01,national,GDP,Валовой внутренний продукт — 1 квартал к 1 кварталу прошлого года,105.6,level
2025-01-01,national,GOODS,Производство товаров — 1 квартал к 1 кварталу прошлого года,107.8,level
2025-01-01,national,GVA,Валовая добавленная стоимость — 1 квартал к 1 кварталу прошлого года,105.7,level
2025-01-01,national,H,Транспорт и складирование — 1 квартал к 1 кварталу прошлого года,121.2,level
2025-01-01,national,I,Предоставление услуг по проживанию и питанию — 1 квартал к 1 кварталу прошлого года,102.5,level
2025-01-01,national,IND,Промышленность — 1 квартал к 1 кварталу прошлого года,106.7,level
2025-01-01,national,J,Информация и связь — 1 квартал к 1 кварталу прошлого года,105.2,level
2025-01-01,national,K,Финансовая и страховая деятельность — 1 квартал к 1 кварталу прошлого года,101.7,level
2025-01-01,national,L,Операции с недвижимым имуществом — 1 квартал к 1 кварталу прошлого года,103.3,level
2025-01-01,national,M,"Профессиональная, научная и техническая деятельность — 1 квартал к 1 кварталу прошлого года",96.6,level
2025-01-01,national,N,Деятельность в области административного и вспомогательного обслуживания — 1 квартал к 1 кварталу прошлого года,95.2,level
2025-01-01,national,O,Государственное управление и оборона; обязательное социальное обеспечение — 1 квартал к 1 кварталу прошлого года,102.2,level
2025-01-01,national,P,Образование — 1 квартал к 1 кварталу прошлого года,102.2,level
2025-01-01,national,Q,Здравоохранение и социальное обслуживание населения — 1 квартал к 1 кварталу прошлого года,102.9,level
2025-01-01,national,R,"Искусство, развлечения и отдых — 1 квартал к 1 кварталу прошлого года",102.1,level
2025-01-01,national,S,Предоставление прочих видов услуг — 1 квартал к 1 кварталу прошлого года,95.3,level
2025-01-01,national,SERVICES,Производство услуг — 1 квартал к 1 кварталу прошлого года,104.5,level
2025-01-01,national,T,"Деятельность домашних хозяйств, нанимающих домашнюю прислугу и производящих товары и услуги для собственного потребления — 1 квартал к 1 кварталу прошлого года",100.2,level
2025-01-01,national,TAXES,Налоги на продукты — 1 квартал к 1 кварталу прошлого года,104.0,level
2025-01-01,national,TOTAL,Итого по отраслям — 1 квартал к 1 кварталу прошлого года,105.7,level
2025-04-01,national,A,"Сельское, лесное и рыбное хозяйство — 2 квартал к 2 кварталу прошлого года",103.4,level
2025-04-01,national,B,Горнодобывающая промышленность и разработка карьеров — 2 квартал к 2 кварталу прошлого года,110.176,level
2025-04-01,national,C,Обрабатывающая промышленность — 2 квартал к 2 кварталу прошлого года,101.786,level
2025-04-01,national,D,"Снабжение электроэнергией, газом, паром, горячей водой и кондиционированным воздухом — 2 квартал к 2 кварталу прошлого года",104.577,level
2025-04-01,national,E,"Водоснабжение; водоотведение; сбор, обработка и удаление отходов, деятельность по ликвидации загрязнений — 2 квартал к 2 кварталу прошлого года",95.697,level
2025-04-01,national,F,Строительство — 2 квартал к 2 кварталу прошлого года,119.507,level
2025-04-01,national,G,Оптовая и розничная торговля; ремонт автомобилей и мотоциклов — 2 квартал к 2 кварталу прошлого года,110.395,level
2025-04-01,national,GDP,Валовой внутренний продукт — 2 квартал к 2 кварталу прошлого года,106.992,level
2025-04-01,national,GOODS,Производство товаров — 2 квартал к 2 кварталу прошлого года,108.187,level
2025-04-01,national,GVA,Валовая добавленная стоимость — 2 квартал к 2 кварталу прошлого года,106.893,level
2025-04-01,national,H,Транспорт и складирование — 2 квартал к 2 кварталу прошлого года,123.541,level
2025-04-01,national,I,Предоставление услуг по проживанию и питанию — 2 квартал к 2 кварталу прошлого года,101.452,level
2025-04-01,national,IND,Промышленность — 2 квартал к 2 кварталу прошлого года,106.303,level
2025-04-01,national,J,Информация и связь — 2 квартал к 2 кварталу прошлого года,104.51,level
2025-04-01,national,K,Финансовая и страховая деятельность — 2 квартал к 2 кварталу прошлого года,102.299,level
2025-04-01,national,L,Операции с недвижимым имуществом — 2 квартал к 2 кварталу прошлого года,100.551,level
2025-04-01,national,M,"Профессиональная, научная и техническая деятельность — 2 квартал к 2 кварталу прошлого года",92.415,level
2025-04-01,national,N,Деятельность в области административного и вспомогательного обслуживания — 2 квартал к 2 кварталу прошлого года,98.924,level
2025-04-01,national,O,Государственное управление и оборона; обязательное социальное обеспечение — 2 квартал к 2 кварталу прошлого года,100.926,level
2025-04-01,national,P,Образование — 2 квартал к 2 кварталу прошлого года,102.567,level
2025-04-01,national,Q,Здравоохранение и социальное обслуживание населения — 2 квартал к 2 кварталу прошлого года,102.288,level
2025-04-01,national,R,"Искусство, развлечения и отдых — 2 квартал к 2 кварталу прошлого года",102.374,level
2025-04-01,national,S,Предоставление прочих видов услуг — 2 квартал к 2 кварталу прошлого года,107.044,level
2025-04-01,national,SERVICES,Производство услуг — 2 квартал к 2 кварталу прошлого года,106.12,level
2025-04-01,national,T,"Деятельность домашних хозяйств, нанимающих домашнюю прислугу и производящих товары и услуги для собственного потребления — 2 квартал к 2 кварталу прошлого года",101.291,level
2025-04-01,national,TAXES,Налоги на продукты — 2 квартал к 2 кварталу прошлого года,106.981,level
2025-04-01,national,TOTAL,Итого по отраслям — 2 квартал к 2 кварталу прошлого года,106.893,level
2025-07-01,national,A,"Сельское, лесное и рыбное хозяйство — 3 квартал к 3 кварталу прошлого года",104.702,level
2025-07-01,national,B,Горнодобывающая промышленность и разработка карьеров — 3 квартал к 3 кварталу прошлого года,111.01,level
2025-07-01,national,C,Обрабатывающая промышленность — 3 квартал к 3 кварталу прошлого года,107.272,level
2025-07-01,national,D,"Снабжение электроэнергией, газом, паром, горячей водой и кондиционированным воздухом — 3 квартал к 3 кварталу прошлого года",105.47,level
2025-07-01,national,E,"Водоснабжение; водоотведение; сбор, обработка и удаление отходов, деятельность по ликвидации загрязнений — 3 квартал к 3 кварталу прошлого года",91.141,level
2025-07-01,national,F,Строительство — 3 квартал к 3 кварталу прошлого года,110.127,level
2025-07-01,national,G,Оптовая и розничная торговля; ремонт автомобилей и мотоциклов — 3 квартал к 3 кварталу прошлого года,108.812,level
2025-07-01,national,GDP,Валовой внутренний продукт — 3 квартал к 3 кварталу прошлого года,106.3,level
2025-07-01,national,GOODS,Производство товаров — 3 квартал к 3 кварталу прошлого года,108.256,level
2025-07-01,national,GVA,Валовая добавленная стоимость — 3 квартал к 3 кварталу прошлого года,106.561,level
2025-07-01,national,H,Транспорт и складирование — 3 квартал к 3 кварталу прошлого года,117.562,level
2025-07-01,national,I,Предоставление услуг по проживанию и питанию — 3 квартал к 3 кварталу прошлого года,104.981,level
2025-07-01,national,IND,Промышленность — 3 квартал к 3 кварталу прошлого года,109.072,level
2025-07-01,national,J,Информация и связь — 3 квартал к 3 кварталу прошлого года,102.476,level
2025-07-01,national,K,Финансовая и страховая деятельность — 3 квартал к 3 кварталу прошлого года,103.661,level
2025-07-01,national,L,Операции с недвижимым имуществом — 3 квартал к 3 кварталу прошлого года,104.73,level
2025-07-01,national,M,"Профессиональная, научная и техническая деятельность — 3 квартал к 3 кварталу прошлого года",87.222,level
2025-07-01,national,N,Деятельность в области административного и вспомогательного обслуживания — 3 квартал к 3 кварталу прошлого года,103.041,level
2025-07-01,national,O,Государственное управление и оборона; обязательное социальное обеспечение — 3 квартал к 3 кварталу прошлого года,102.085,level
2025-07-01,national,P,Образование — 3 квартал к 3 кварталу прошлого года,102.166,level
2025-07-01,national,Q,Здравоохранение и социальное обслуживание населения — 3 квартал к 3 кварталу прошлого года,99.978,level
2025-07-01,national,R,"Искусство, развлечения и отдых — 3 квартал к 3 кварталу прошлого года",102.2,level
2025-07-01,national,S,Предоставление прочих видов услуг — 3 квартал к 3 кварталу прошлого года,101.302,level
2025-07-01,national,SERVICES,Производство услуг — 3 квартал к 3 кварталу прошлого года,105.3,level
2025-07-01,national,T,"Деятельность домашних хозяйств, нанимающих домашнюю прислугу и производящих товары и услуги для собственного потребления — 3 квартал к 3 кварталу прошлого года",104.288,level
2025-07-01,national,TAXES,Налоги на продукты — 3 квартал к 3 кварталу прошлого года,105.5,level
2025-07-01,national,TOTAL,Итого по отраслям — 3 квартал к 3 кварталу прошлого года,106.561,level
2025-10-01,national,A,"Сельское, лесное и рыбное хозяйство — 4 квартал к 4 кварталу прошлого года (IV квартал = год − 9 месяцев, с годовой досчётной поправкой)",108.421,level
2025-10-01,national,B,"Горнодобывающая промышленность и разработка карьеров — 4 квартал к 4 кварталу прошлого года (IV квартал = год − 9 месяцев, с годовой досчётной поправкой)",109.928,level
2025-10-01,national,C,"Обрабатывающая промышленность — 4 квартал к 4 кварталу прошлого года (IV квартал = год − 9 месяцев, с годовой досчётной поправкой)",108.189,level
2025-10-01,national,D,"Снабжение электроэнергией, газом, паром, горячей водой и кондиционированным воздухом — 4 квартал к 4 кварталу прошлого года (IV квартал = год − 9 месяцев, с годовой досчётной поправкой)",101.804,level
2025-10-01,national,E,"Водоснабжение; водоотведение; сбор, обработка и удаление отходов, деятельность по ликвидации загрязнений — 4 квартал к 4 кварталу прошлого года (IV квартал = год − 9 месяцев, с годовой досчётной поправкой)",94.065,level
2025-10-01,national,F,"Строительство — 4 квартал к 4 кварталу прошлого года (IV квартал = год − 9 месяцев, с годовой досчётной поправкой)",120.818,level
2025-10-01,national,G,"Оптовая и розничная торговля; ремонт автомобилей и мотоциклов — 4 квартал к 4 кварталу прошлого года (IV квартал = год − 9 месяцев, с годовой досчётной поправкой)",107.65,level
2025-10-01,national,GDP,"Валовой внутренний продукт — 4 квартал к 4 кварталу прошлого года (IV квартал = год − 9 месяцев, с годовой досчётной поправкой)",106.828,level
2025-10-01,national,GOODS,"Производство товаров — 4 квартал к 4 кварталу прошлого года (IV квартал = год − 9 месяцев, с годовой досчётной поправкой)",110.788,level
2025-10-01,national,GVA,"Валовая добавленная стоимость — 4 квартал к 4 кварталу прошлого года (IV квартал = год − 9 месяцев, с годовой досчётной поправкой)",106.66,level
2025-10-01,national,H,"Транспорт и складирование — 4 квартал к 4 кварталу прошлого года (IV квартал = год − 9 месяцев, с годовой досчётной поправкой)",117.172,level
2025-10-01,national,I,"Предоставление услуг по проживанию и питанию — 4 квартал к 4 кварталу прошлого года (IV квартал = год − 9 месяцев, с годовой досчётной поправкой)",99.353,level
2025-10-01,national,IND,"Промышленность — 4 квартал к 4 кварталу прошлого года (IV квартал = год − 9 месяцев, с годовой досчётной поправкой)",108.235,level
2025-10-01,national,J,"Информация и связь — 4 квартал к 4 кварталу прошлого года (IV квартал = год − 9 месяцев, с годовой досчётной поправкой)",109.875,level
2025-10-01,national,K,"Финансовая и страховая деятельность — 4 квартал к 4 кварталу прошлого года (IV квартал = год − 9 месяцев, с годовой досчётной поправкой)",104.247,level
2025-10-01,national,L,"Операции с недвижимым имуществом — 4 квартал к 4 кварталу прошлого года (IV квартал = год − 9 месяцев, с годовой досчётной поправкой)",98.967,level
2025-10-01,national,M,"Профессиональная, научная и техническая деятельность — 4 квартал к 4 кварталу прошлого года (IV квартал = год − 9 месяцев, с годовой досчётной поправкой)",95.938,level
2025-10-01,national,N,"Деятельность в области административного и вспомогательного обслуживания — 4 квартал к 4 кварталу прошлого года (IV квартал = год − 9 месяцев, с годовой досчётной поправкой)",90.593,level
2025-10-01,national,O,"Государственное управление и оборона; обязательное социальное обеспечение — 4 квартал к 4 кварталу прошлого года (IV квартал = год − 9 месяцев, с годовой досчётной поправкой)",101.042,level
2025-10-01,national,P,"Образование — 4 квартал к 4 кварталу прошлого года (IV квартал = год − 9 месяцев, с годовой досчётной поправкой)",102.3,level
2025-10-01,national,Q,"Здравоохранение и социальное обслуживание населения — 4 квартал к 4 кварталу прошлого года (IV квартал = год − 9 месяцев, с годовой досчётной поправкой)",103.432,level
2025-10-01,national,R,"Искусство, развлечения и отдых — 4 квартал к 4 кварталу прошлого года (IV квартал = год − 9 месяцев, с годовой досчётной поправкой)",100.469,level
2025-10-01,national,S,"Предоставление прочих видов услуг — 4 квартал к 4 кварталу прошлого года (IV квартал = год − 9 месяцев, с годовой досчётной поправкой)",81.047,level
2025-10-01,national,SERVICES,"Производство услуг — 4 квартал к 4 кварталу прошлого года (IV квартал = год − 9 месяцев, с годовой досчётной поправкой)",104.283,level
2025-10-01,national,T,"Деятельность домашних хозяйств, нанимающих домашнюю прислугу и производящих товары и услуги для собственного потребления — 4 квартал к 4 кварталу прошлого года (IV квартал = год − 9 месяцев, с годовой досчётной поправкой)",87.675,level
2025-10-01,national,TAXES,"Налоги на продукты — 4 квартал к 4 кварталу прошлого года (IV квартал = год − 9 месяцев, с годовой досчётной поправкой)",105.5,level
2025-10-01,national,TOTAL,"Итого по отраслям — 4 квартал к 4 кварталу прошлого года (IV квартал = год − 9 месяцев, с годовой досчётной поправкой)",106.66,level
2026-01-01,national,A,"Сельское, лесное и рыбное хозяйство — 1 квартал к 1 кварталу прошлого года",103.2,level
2026-01-01,national,B,Горнодобывающая промышленность и разработка карьеров — 1 квартал к 1 кварталу прошлого года,88.5,level
2026-01-01,national,C,Обрабатывающая промышленность — 1 квартал к 1 кварталу прошлого года,108.7,level
2026-01-01,national,D,"Снабжение электроэнергией, газом, паром, горячей водой и кондиционированным воздухом — 1 квартал к 1 кварталу прошлого года",106.9,level
2026-01-01,national,E,"Водоснабжение; водоотведение; сбор, обработка и удаление отходов, деятельность по ликвидации загрязнений — 1 квартал к 1 кварталу прошлого года",116.2,level
2026-01-01,national,F,Строительство — 1 квартал к 1 кварталу прошлого года,114.8,level
2026-01-01,national,G,Оптовая и розничная торговля; ремонт автомобилей и мотоциклов — 1 квартал к 1 кварталу прошлого года,104.8,level
2026-01-01,national,GDP,Валовой внутренний продукт — 1 квартал к 1 кварталу прошлого года,103.0,level
2026-01-01,national,GOODS,Производство товаров — 1 квартал к 1 кварталу прошлого года,102.2,level
2026-01-01,national,GVA,Валовая добавленная стоимость — 1 квартал к 1 кварталу прошлого года,103.1,level
2026-01-01,national,H,Транспорт и складирование — 1 квартал к 1 кварталу прошлого года,112.5,level
2026-01-01,national,I,Предоставление услуг по проживанию и питанию — 1 квартал к 1 кварталу прошлого года,100.8,level
2026-01-01,national,IND,Промышленность — 1 квартал к 1 кварталу прошлого года,100.0,level
2026-01-01,national,J,Информация и связь — 1 квартал к 1 кварталу прошлого года,106.0,level
2026-01-01,national,K,Финансовая и страховая деятельность — 1 квартал к 1 кварталу прошлого года,101.9,level
2026-01-01,national,L,Операции с недвижимым имуществом — 1 квартал к 1 кварталу прошлого года,101.0,level
2026-01-01,national,M,"Профессиональная, научная и техническая деятельность — 1 квартал к 1 кварталу прошлого года",100.7,level
2026-01-01,national,N,Деятельность в области административного и вспомогательного обслуживания — 1 квартал к 1 кварталу прошлого года,99.8,level
2026-01-01,national,O,Государственное управление и оборона; обязательное социальное обеспечение — 1 квартал к 1 кварталу прошлого года,102.1,level
2026-01-01,national,P,Образование — 1 квартал к 1 кварталу прошлого года,102.0,level
2026-01-01,national,Q,Здравоохранение и социальное обслуживание населения — 1 квартал к 1 кварталу прошлого года,101.0,level
2026-01-01,national,R,"Искусство, развлечения и отдых — 1 квартал к 1 кварталу прошлого года",97.7,level
2026-01-01,national,S,Предоставление прочих видов услуг — 1 квартал к 1 кварталу прошлого года,101.0,level
2026-01-01,national,SERVICES,Производство услуг — 1 квартал к 1 кварталу прошлого года,103.6,level
2026-01-01,national,T,"Деятельность домашних хозяйств, нанимающих домашнюю прислугу и производящих товары и услуги для собственного потребления — 1 квартал к 1 кварталу прошлого года",101.0,level
2026-01-01,national,TAXES,Налоги на продукты — 1 квартал к 1 кварталу прошлого года,102.3,level
2026-01-01,national,TOTAL,Итого по отраслям — 1 квартал к 1 кварталу прошлого года,103.1,level
2026-04-01,national,A,"Сельское, лесное и рыбное хозяйство — 2 квартал к 2 кварталу прошлого года",105.318,level
2026-04-01,national,B,Горнодобывающая промышленность и разработка карьеров — 2 квартал к 2 кварталу прошлого года,102.148,level
2026-04-01,national,C,Обрабатывающая промышленность — 2 квартал к 2 кварталу прошлого года,111.101,level
2026-04-01,national,D,"Снабжение электроэнергией, газом, паром, горячей водой и кондиционированным воздухом — 2 квартал к 2 кварталу прошлого года",114.489,level
2026-04-01,national,E,"Водоснабжение; водоотведение; сбор, обработка и удаление отходов, деятельность по ликвидации загрязнений — 2 квартал к 2 кварталу прошлого года",101.962,level
2026-04-01,national,F,Строительство — 2 квартал к 2 кварталу прошлого года,115.541,level
2026-04-01,national,G,Оптовая и розничная торговля; ремонт автомобилей и мотоциклов — 2 квартал к 2 кварталу прошлого года,106.604,level
2026-04-01,national,GDP,Валовой внутренний продукт — 2 квартал к 2 кварталу прошлого года,105.184,level
2026-04-01,national,GOODS,Производство товаров — 2 квартал к 2 кварталу прошлого года,107.864,level
2026-04-01,national,GVA,Валовая добавленная стоимость — 2 квартал к 2 кварталу прошлого года,105.297,level
2026-04-01,national,H,Транспорт и складирование — 2 квартал к 2 кварталу прошлого года,102.163,level
2026-04-01,national,I,Предоставление услуг по проживанию и питанию — 2 квартал к 2 кварталу прошлого года,100.8,level
2026-04-01,national,IND,Промышленность — 2 квартал к 2 кварталу прошлого года,106.567,level
2026-04-01,national,J,Информация и связь — 2 квартал к 2 кварталу прошлого года,102.999,level
2026-04-01,national,K,Финансовая и страховая деятельность — 2 квартал к 2 кварталу прошлого года,103.88,level
2026-04-01,national,L,Операции с недвижимым имуществом — 2 квартал к 2 кварталу прошлого года,101.0,level
2026-04-01,national,M,"Профессиональная, научная и техническая деятельность — 2 квартал к 2 кварталу прошлого года",102.758,level
2026-04-01,national,N,Деятельность в области административного и вспомогательного обслуживания — 2 квартал к 2 кварталу прошлого года,104.408,level
2026-04-01,national,O,Государственное управление и оборона; обязательное социальное обеспечение — 2 квартал к 2 кварталу прошлого года,101.717,level
2026-04-01,national,P,Образование — 2 квартал к 2 кварталу прошлого года,101.265,level
2026-04-01,national,Q,Здравоохранение и социальное обслуживание населения — 2 квартал к 2 кварталу прошлого года,102.18,level
2026-04-01,national,R,"Искусство, развлечения и отдых — 2 квартал к 2 кварталу прошлого года",114.694,level
2026-04-01,national,S,Предоставление прочих видов услуг — 2 квартал к 2 кварталу прошлого года,101.624,level
2026-04-01,national,SERVICES,Производство услуг — 2 квартал к 2 кварталу прошлого года,103.6,level
2026-04-01,national,T,"Деятельность домашних хозяйств, нанимающих домашнюю прислугу и производящих товары и услуги для собственного потребления — 2 квартал к 2 кварталу прошлого года",101.0,level
2026-04-01,national,TAXES,Налоги на продукты — 2 квартал к 2 кварталу прошлого года,104.149,level
2026-04-01,national,TOTAL,Итого по отраслям — 2 квартал к 2 кварталу прошлого года,105.297,level
