date,region,item_code,item_name,value,transformation
1996-12-31,national,CONSUMER.BYN,"Вес BYN в NEER по структуре потребительского импорта (BEC 112, 122, 522, 61, 62, 63) 1995 г., %",4.8793,level
1996-12-31,national,CONSUMER.CNY,"Вес CNY в NEER по структуре потребительского импорта (BEC 112, 122, 522, 61, 62, 63) 1995 г., %",3.9404,level
1996-12-31,national,CONSUMER.CZK,"Вес CZK в NEER по структуре потребительского импорта (BEC 112, 122, 522, 61, 62, 63) 1995 г., %",0.8054,level
1996-12-31,national,CONSUMER.USD,"Вес USD в NEER по структуре потребительского импорта (BEC 112, 122, 522, 61, 62, 63) 1995 г., %",5.9511,level
1996-12-31,national,CONSUMER.AZN,"Вес AZN в NEER по структуре потребительского импорта (BEC 112, 122, 522, 61, 62, 63) 1995 г., %",0.5898,level
1996-12-31,national,CONSUMER.JPY,"Вес JPY в NEER по структуре потребительского импорта (BEC 112, 122, 522, 61, 62, 63) 1995 г., %",0.8119,level
1996-12-31,national,CONSUMER.KRW,"Вес KRW в NEER по структуре потребительского импорта (BEC 112, 122, 522, 61, 62, 63) 1995 г., %",5.8871,level
1996-12-31,national,CONSUMER.KGS,"Вес KGS в NEER по структуре потребительского импорта (BEC 112, 122, 522, 61, 62, 63) 1995 г., %",1.1697,level
1996-12-31,national,CONSUMER.PLN,"Вес PLN в NEER по структуре потребительского импорта (BEC 112, 122, 522, 61, 62, 63) 1995 г., %",1.3641,level
1996-12-31,national,CONSUMER.RUB,"Вес RUB в NEER по структуре потребительского импорта (BEC 112, 122, 522, 61, 62, 63) 1995 г., %",48.7726,level
1996-12-31,national,CONSUMER.INR,"Вес INR в NEER по структуре потребительского импорта (BEC 112, 122, 522, 61, 62, 63) 1995 г., %",2.8993,level
1996-12-31,national,CONSUMER.TJS,"Вес TJS в NEER по структуре потребительского импорта (BEC 112, 122, 522, 61, 62, 63) 1995 г., %",0.2482,level
1996-12-31,national,CONSUMER.AED,"Вес AED в NEER по структуре потребительского импорта (BEC 112, 122, 522, 61, 62, 63) 1995 г., %",0.7387,level
1996-12-31,national,CONSUMER.TRY,"Вес TRY в NEER по структуре потребительского импорта (BEC 112, 122, 522, 61, 62, 63) 1995 г., %",16.1526,level
1996-12-31,national,CONSUMER.GBP,"Вес GBP в NEER по структуре потребительского импорта (BEC 112, 122, 522, 61, 62, 63) 1995 г., %",3.1239,level
1996-12-31,national,CONSUMER.UZS,"Вес UZS в NEER по структуре потребительского импорта (BEC 112, 122, 522, 61, 62, 63) 1995 г., %",2.666,level
1996-12-31,national,COVERAGE_CONSUMER,"Доля потребительского импорта (BEC 112, 122, 522, 61, 62, 63) 1995 г., отнесённая к валютам с курсом НБК, %",65.957,level
1997-12-31,national,CONSUMER.BYN,"Вес BYN в NEER по структуре потребительского импорта (BEC 112, 122, 522, 61, 62, 63) 1996 г., %",5.5473,level
1997-12-31,national,CONSUMER.CNY,"Вес CNY в NEER по структуре потребительского импорта (BEC 112, 122, 522, 61, 62, 63) 1996 г., %",2.4195,level
1997-12-31,national,CONSUMER.CZK,"Вес CZK в NEER по структуре потребительского импорта (BEC 112, 122, 522, 61, 62, 63) 1996 г., %",1.4645,level
1997-12-31,national,CONSUMER.USD,"Вес USD в NEER по структуре потребительского импорта (BEC 112, 122, 522, 61, 62, 63) 1996 г., %",4.4574,level
1997-12-31,national,CONSUMER.AZN,"Вес AZN в NEER по структуре потребительского импорта (BEC 112, 122, 522, 61, 62, 63) 1996 г., %",0.6016,level
1997-12-31,national,CONSUMER.JPY,"Вес JPY в NEER по структуре потребительского импорта (BEC 112, 122, 522, 61, 62, 63) 1996 г., %",0.5956,level
1997-12-31,national,CONSUMER.KRW,"Вес KRW в NEER по структуре потребительского импорта (BEC 112, 122, 522, 61, 62, 63) 1996 г., %",12.5427,level
1997-12-31,national,CONSUMER.KGS,"Вес KGS в NEER по структуре потребительского импорта (BEC 112, 122, 522, 61, 62, 63) 1996 г., %",2.4187,level
1997-12-31,national,CONSUMER.PLN,"Вес PLN в NEER по структуре потребительского импорта (BEC 112, 122, 522, 61, 62, 63) 1996 г., %",2.566,level
1997-12-31,national,CONSUMER.RUB,"Вес RUB в NEER по структуре потребительского импорта (BEC 112, 122, 522, 61, 62, 63) 1996 г., %",47.25,level
1997-12-31,national,CONSUMER.INR,"Вес INR в NEER по структуре потребительского импорта (BEC 112, 122, 522, 61, 62, 63) 1996 г., %",3.0952,level
1997-12-31,national,CONSUMER.TJS,"Вес TJS в NEER по структуре потребительского импорта (BEC 112, 122, 522, 61, 62, 63) 1996 г., %",0.0915,level
1997-12-31,national,CONSUMER.AED,"Вес AED в NEER по структуре потребительского импорта (BEC 112, 122, 522, 61, 62, 63) 1996 г., %",2.6616,level
1997-12-31,national,CONSUMER.TRY,"Вес TRY в NEER по структуре потребительского импорта (BEC 112, 122, 522, 61, 62, 63) 1996 г., %",8.3882,level
1997-12-31,national,CONSUMER.GBP,"Вес GBP в NEER по структуре потребительского импорта (BEC 112, 122, 522, 61, 62, 63) 1996 г., %",4.4758,level
1997-12-31,national,CONSUMER.UZS,"Вес UZS в NEER по структуре потребительского импорта (BEC 112, 122, 522, 61, 62, 63) 1996 г., %",1.4243,level
1997-12-31,national,COVERAGE_CONSUMER,"Доля потребительского импорта (BEC 112, 122, 522, 61, 62, 63) 1996 г., отнесённая к валютам с курсом НБК, %",66.2181,level
1998-12-31,national,CONSUMER.BYN,"Вес BYN в NEER по структуре потребительского импорта (BEC 112, 122, 522, 61, 62, 63) 1997 г., %",2.5811,level
1998-12-31,national,CONSUMER.CNY,"Вес CNY в NEER по структуре потребительского импорта (BEC 112, 122, 522, 61, 62, 63) 1997 г., %",1.375,level
1998-12-31,national,CONSUMER.CZK,"Вес CZK в NEER по структуре потребительского импорта (BEC 112, 122, 522, 61, 62, 63) 1997 г., %",2.261,level
1998-12-31,national,CONSUMER.USD,"Вес USD в NEER по структуре потребительского импорта (BEC 112, 122, 522, 61, 62, 63) 1997 г., %",10.9281,level
1998-12-31,national,CONSUMER.AZN,"Вес AZN в NEER по структуре потребительского импорта (BEC 112, 122, 522, 61, 62, 63) 1997 г., %",0.4905,level
1998-12-31,national,CONSUMER.JPY,"Вес JPY в NEER по структуре потребительского импорта (BEC 112, 122, 522, 61, 62, 63) 1997 г., %",1.5694,level
1998-12-31,national,CONSUMER.KRW,"Вес KRW в NEER по структуре потребительского импорта (BEC 112, 122, 522, 61, 62, 63) 1997 г., %",18.5326,level
1998-12-31,national,CONSUMER.KGS,"Вес KGS в NEER по структуре потребительского импорта (BEC 112, 122, 522, 61, 62, 63) 1997 г., %",1.3721,level
1998-12-31,national,CONSUMER.PLN,"Вес PLN в NEER по структуре потребительского импорта (BEC 112, 122, 522, 61, 62, 63) 1997 г., %",2.0651,level
1998-12-31,national,CONSUMER.RUB,"Вес RUB в NEER по структуре потребительского импорта (BEC 112, 122, 522, 61, 62, 63) 1997 г., %",30.928,level
1998-12-31,national,CONSUMER.INR,"Вес INR в NEER по структуре потребительского импорта (BEC 112, 122, 522, 61, 62, 63) 1997 г., %",1.336,level
1998-12-31,national,CONSUMER.TJS,"Вес TJS в NEER по структуре потребительского импорта (BEC 112, 122, 522, 61, 62, 63) 1997 г., %",0.1066,level
1998-12-31,national,CONSUMER.AED,"Вес AED в NEER по структуре потребительского импорта (BEC 112, 122, 522, 61, 62, 63) 1997 г., %",8.294,level
1998-12-31,national,CONSUMER.TRY,"Вес TRY в NEER по структуре потребительского импорта (BEC 112, 122, 522, 61, 62, 63) 1997 г., %",12.474,level
1998-12-31,national,CONSUMER.GBP,"Вес GBP в NEER по структуре потребительского импорта (BEC 112, 122, 522, 61, 62, 63) 1997 г., %",4.8282,level
1998-12-31,national,CONSUMER.UZS,"Вес UZS в NEER по структуре потребительского импорта (BEC 112, 122, 522, 61, 62, 63) 1997 г., %",0.8582,level
1998-12-31,national,COVERAGE_CONSUMER,"Доля потребительского импорта (BEC 112, 122, 522, 61, 62, 63) 1997 г., отнесённая к валютам с курсом НБК, %",59.1132,level
1999-12-31,national,CONSUMER.BYN,"Вес BYN в NEER по структуре потребительского импорта (BEC 112, 122, 522, 61, 62, 63) 1998 г., %",2.7406,level
1999-12-31,national,CONSUMER.CNY,"Вес CNY в NEER по структуре потребительского импорта (BEC 112, 122, 522, 61, 62, 63) 1998 г., %",3.8316,level
1999-12-31,national,CONSUMER.CZK,"Вес CZK в NEER по структуре потребительского импорта (BEC 112, 122, 522, 61, 62, 63) 1998 г., %",3.2022,level
1999-12-31,national,CONSUMER.USD,"Вес USD в NEER по структуре потребительского импорта (BEC 112, 122, 522, 61, 62, 63) 1998 г., %",14.9031,level
1999-12-31,national,CONSUMER.AZN,"Вес AZN в NEER по структуре потребительского импорта (BEC 112, 122, 522, 61, 62, 63) 1998 г., %",0.1761,level
1999-12-31,national,CONSUMER.JPY,"Вес JPY в NEER по структуре потребительского импорта (BEC 112, 122, 522, 61, 62, 63) 1998 г., %",3.914,level
1999-12-31,national,CONSUMER.KRW,"Вес KRW в NEER по структуре потребительского импорта (BEC 112, 122, 522, 61, 62, 63) 1998 г., %",6.7539,level
1999-12-31,national,CONSUMER.KGS,"Вес KGS в NEER по структуре потребительского импорта (BEC 112, 122, 522, 61, 62, 63) 1998 г., %",1.3264,level
1999-12-31,national,CONSUMER.PLN,"Вес PLN в NEER по структуре потребительского импорта (BEC 112, 122, 522, 61, 62, 63) 1998 г., %",3.0222,level
1999-12-31,national,CONSUMER.RUB,"Вес RUB в NEER по структуре потребительского импорта (BEC 112, 122, 522, 61, 62, 63) 1998 г., %",38.6765,level
1999-12-31,national,CONSUMER.INR,"Вес INR в NEER по структуре потребительского импорта (BEC 112, 122, 522, 61, 62, 63) 1998 г., %",4.6564,level
1999-12-31,national,CONSUMER.CHF,"Вес CHF в NEER по структуре потребительского импорта (BEC 112, 122, 522, 61, 62, 63) 1998 г., %",1.5092,level
1999-12-31,national,CONSUMER.TJS,"Вес TJS в NEER по структуре потребительского импорта (BEC 112, 122, 522, 61, 62, 63) 1998 г., %",0.0685,level
1999-12-31,national,CONSUMER.AED,"Вес AED в NEER по структуре потребительского импорта (BEC 112, 122, 522, 61, 62, 63) 1998 г., %",0.5382,level
1999-12-31,national,CONSUMER.TRY,"Вес TRY в NEER по структуре потребительского импорта (BEC 112, 122, 522, 61, 62, 63) 1998 г., %",8.076,level
1999-12-31,national,CONSUMER.GBP,"Вес GBP в NEER по структуре потребительского импорта (BEC 112, 122, 522, 61, 62, 63) 1998 г., %",5.747,level
1999-12-31,national,CONSUMER.UZS,"Вес UZS в NEER по структуре потребительского импорта (BEC 112, 122, 522, 61, 62, 63) 1998 г., %",0.858,level
1999-12-31,national,COVERAGE_CONSUMER,"Доля потребительского импорта (BEC 112, 122, 522, 61, 62, 63) 1998 г., отнесённая к валютам с курсом НБК, %",67.1393,level
2000-12-31,national,CONSUMER.BYN,"Вес BYN в NEER по структуре потребительского импорта (BEC 112, 122, 522, 61, 62, 63) 1999 г., %",1.189,level
2000-12-31,national,CONSUMER.CNY,"Вес CNY в NEER по структуре потребительского импорта (BEC 112, 122, 522, 61, 62, 63) 1999 г., %",5.1002,level
2000-12-31,national,CONSUMER.CZK,"Вес CZK в NEER по структуре потребительского импорта (BEC 112, 122, 522, 61, 62, 63) 1999 г., %",1.633,level
2000-12-31,national,CONSUMER.USD,"Вес USD в NEER по структуре потребительского импорта (BEC 112, 122, 522, 61, 62, 63) 1999 г., %",6.4774,level
2000-12-31,national,CONSUMER.EUR,"Вес EUR в NEER по структуре потребительского импорта (BEC 112, 122, 522, 61, 62, 63) 1999 г., %",17.7229,level
2000-12-31,national,CONSUMER.AZN,"Вес AZN в NEER по структуре потребительского импорта (BEC 112, 122, 522, 61, 62, 63) 1999 г., %",0.0458,level
2000-12-31,national,CONSUMER.JPY,"Вес JPY в NEER по структуре потребительского импорта (BEC 112, 122, 522, 61, 62, 63) 1999 г., %",4.349,level
2000-12-31,national,CONSUMER.KRW,"Вес KRW в NEER по структуре потребительского импорта (BEC 112, 122, 522, 61, 62, 63) 1999 г., %",1.5675,level
2000-12-31,national,CONSUMER.KGS,"Вес KGS в NEER по структуре потребительского импорта (BEC 112, 122, 522, 61, 62, 63) 1999 г., %",0.6796,level
2000-12-31,national,CONSUMER.PLN,"Вес PLN в NEER по структуре потребительского импорта (BEC 112, 122, 522, 61, 62, 63) 1999 г., %",1.8721,level
2000-12-31,national,CONSUMER.RUB,"Вес RUB в NEER по структуре потребительского импорта (BEC 112, 122, 522, 61, 62, 63) 1999 г., %",48.757,level
2000-12-31,national,CONSUMER.INR,"Вес INR в NEER по структуре потребительского импорта (BEC 112, 122, 522, 61, 62, 63) 1999 г., %",3.0722,level
2000-12-31,national,CONSUMER.TJS,"Вес TJS в NEER по структуре потребительского импорта (BEC 112, 122, 522, 61, 62, 63) 1999 г., %",0.114,level
2000-12-31,national,CONSUMER.AED,"Вес AED в NEER по структуре потребительского импорта (BEC 112, 122, 522, 61, 62, 63) 1999 г., %",0.5484,level
2000-12-31,national,CONSUMER.TRY,"Вес TRY в NEER по структуре потребительского импорта (BEC 112, 122, 522, 61, 62, 63) 1999 г., %",2.7375,level
2000-12-31,national,CONSUMER.GBP,"Вес GBP в NEER по структуре потребительского импорта (BEC 112, 122, 522, 61, 62, 63) 1999 г., %",2.9879,level
2000-12-31,national,CONSUMER.UZS,"Вес UZS в NEER по структуре потребительского импорта (BEC 112, 122, 522, 61, 62, 63) 1999 г., %",1.1464,level
2000-12-31,national,COVERAGE_CONSUMER,"Доля потребительского импорта (BEC 112, 122, 522, 61, 62, 63) 1999 г., отнесённая к валютам с курсом НБК, %",91.7434,level
2001-12-31,national,CONSUMER.BYN,"Вес BYN в NEER по структуре потребительского импорта (BEC 112, 122, 522, 61, 62, 63) 1999 г., %",1.189,level
2001-12-31,national,CONSUMER.CNY,"Вес CNY в NEER по структуре потребительского импорта (BEC 112, 122, 522, 61, 62, 63) 1999 г., %",5.1002,level
2001-12-31,national,CONSUMER.CZK,"Вес CZK в NEER по структуре потребительского импорта (BEC 112, 122, 522, 61, 62, 63) 1999 г., %",1.633,level
2001-12-31,national,CONSUMER.USD,"Вес USD в NEER по структуре потребительского импорта (BEC 112, 122, 522, 61, 62, 63) 1999 г., %",6.4774,level
2001-12-31,national,CONSUMER.EUR,"Вес EUR в NEER по структуре потребительского импорта (BEC 112, 122, 522, 61, 62, 63) 1999 г., %",17.7229,level
2001-12-31,national,CONSUMER.AZN,"Вес AZN в NEER по структуре потребительского импорта (BEC 112, 122, 522, 61, 62, 63) 1999 г., %",0.0458,level
2001-12-31,national,CONSUMER.JPY,"Вес JPY в NEER по структуре потребительского импорта (BEC 112, 122, 522, 61, 62, 63) 1999 г., %",4.349,level
2001-12-31,national,CONSUMER.KRW,"Вес KRW в NEER по структуре потребительского импорта (BEC 112, 122, 522, 61, 62, 63) 1999 г., %",1.5675,level
2001-12-31,national,CONSUMER.KGS,"Вес KGS в NEER по структуре потребительского импорта (BEC 112, 122, 522, 61, 62, 63) 1999 г., %",0.6796,level
2001-12-31,national,CONSUMER.PLN,"Вес PLN в NEER по структуре потребительского импорта (BEC 112, 122, 522, 61, 62, 63) 1999 г., %",1.8721,level
2001-12-31,national,CONSUMER.RUB,"Вес RUB в NEER по структуре потребительского импорта (BEC 112, 122, 522, 61, 62, 63) 1999 г., %",48.757,level
2001-12-31,national,CONSUMER.INR,"Вес INR в NEER по структуре потребительского импорта (BEC 112, 122, 522, 61, 62, 63) 1999 г., %",3.0722,level
2001-12-31,national,CONSUMER.TJS,"Вес TJS в NEER по структуре потребительского импорта (BEC 112, 122, 522, 61, 62, 63) 1999 г., %",0.114,level
2001-12-31,national,CONSUMER.AED,"Вес AED в NEER по структуре потребительского импорта (BEC 112, 122, 522, 61, 62, 63) 1999 г., %",0.5484,level
2001-12-31,national,CONSUMER.TRY,"Вес TRY в NEER по структуре потребительского импорта (BEC 112, 122, 522, 61, 62, 63) 1999 г., %",2.7375,level
2001-12-31,national,CONSUMER.GBP,"Вес GBP в NEER по структуре потребительского импорта (BEC 112, 122, 522, 61, 62, 63) 1999 г., %",2.9879,level
2001-12-31,national,CONSUMER.UZS,"Вес UZS в NEER по структуре потребительского импорта (BEC 112, 122, 522, 61, 62, 63) 1999 г., %",1.1464,level
2001-12-31,national,COVERAGE_CONSUMER,"Доля потребительского импорта (BEC 112, 122, 522, 61, 62, 63) 1999 г., отнесённая к валютам с курсом НБК, %",91.7434,level
2002-12-31,national,CONSUMER.BYN,"Вес BYN в NEER по структуре потребительского импорта (BEC 112, 122, 522, 61, 62, 63) 2001 г., %",1.6518,level
2002-12-31,national,CONSUMER.CNY,"Вес CNY в NEER по структуре потребительского импорта (BEC 112, 122, 522, 61, 62, 63) 2001 г., %",2.2822,level
2002-12-31,national,CONSUMER.CZK,"Вес CZK в NEER по структуре потребительского импорта (BEC 112, 122, 522, 61, 62, 63) 2001 г., %",1.0005,level
2002-12-31,national,CONSUMER.USD,"Вес USD в NEER по структуре потребительского импорта (BEC 112, 122, 522, 61, 62, 63) 2001 г., %",6.512,level
2002-12-31,national,CONSUMER.EUR,"Вес EUR в NEER по структуре потребительского импорта (BEC 112, 122, 522, 61, 62, 63) 2001 г., %",21.601,level
2002-12-31,national,CONSUMER.AZN,"Вес AZN в NEER по структуре потребительского импорта (BEC 112, 122, 522, 61, 62, 63) 2001 г., %",0.0295,level
2002-12-31,national,CONSUMER.JPY,"Вес JPY в NEER по структуре потребительского импорта (BEC 112, 122, 522, 61, 62, 63) 2001 г., %",0.5402,level
2002-12-31,national,CONSUMER.KRW,"Вес KRW в NEER по структуре потребительского импорта (BEC 112, 122, 522, 61, 62, 63) 2001 г., %",1.8244,level
2002-12-31,national,CONSUMER.KGS,"Вес KGS в NEER по структуре потребительского импорта (BEC 112, 122, 522, 61, 62, 63) 2001 г., %",1.0171,level
2002-12-31,national,CONSUMER.PLN,"Вес PLN в NEER по структуре потребительского импорта (BEC 112, 122, 522, 61, 62, 63) 2001 г., %",3.0059,level
2002-12-31,national,CONSUMER.RUB,"Вес RUB в NEER по структуре потребительского импорта (BEC 112, 122, 522, 61, 62, 63) 2001 г., %",46.8119,level
2002-12-31,national,CONSUMER.INR,"Вес INR в NEER по структуре потребительского импорта (BEC 112, 122, 522, 61, 62, 63) 2001 г., %",4.1991,level
2002-12-31,national,CONSUMER.CHF,"Вес CHF в NEER по структуре потребительского импорта (BEC 112, 122, 522, 61, 62, 63) 2001 г., %",1.5775,level
2002-12-31,national,CONSUMER.TJS,"Вес TJS в NEER по структуре потребительского импорта (BEC 112, 122, 522, 61, 62, 63) 2001 г., %",0.1045,level
2002-12-31,national,CONSUMER.AED,"Вес AED в NEER по структуре потребительского импорта (BEC 112, 122, 522, 61, 62, 63) 2001 г., %",0.5458,level
2002-12-31,national,CONSUMER.TRY,"Вес TRY в NEER по структуре потребительского импорта (BEC 112, 122, 522, 61, 62, 63) 2001 г., %",2.771,level
2002-12-31,national,CONSUMER.GBP,"Вес GBP в NEER по структуре потребительского импорта (BEC 112, 122, 522, 61, 62, 63) 2001 г., %",4.1178,level
2002-12-31,national,CONSUMER.UZS,"Вес UZS в NEER по структуре потребительского импорта (BEC 112, 122, 522, 61, 62, 63) 2001 г., %",0.4077,level
2002-12-31,national,COVERAGE_CONSUMER,"Доля потребительского импорта (BEC 112, 122, 522, 61, 62, 63) 2001 г., отнесённая к валютам с курсом НБК, %",87.7833,level
2003-12-31,national,CONSUMER.BYN,"Вес BYN в NEER по структуре потребительского импорта (BEC 112, 122, 522, 61, 62, 63) 2002 г., %",1.9927,level
2003-12-31,national,CONSUMER.CNY,"Вес CNY в NEER по структуре потребительского импорта (BEC 112, 122, 522, 61, 62, 63) 2002 г., %",10.0154,level
2003-12-31,national,CONSUMER.CZK,"Вес CZK в NEER по структуре потребительского импорта (BEC 112, 122, 522, 61, 62, 63) 2002 г., %",0.8385,level
2003-12-31,national,CONSUMER.USD,"Вес USD в NEER по структуре потребительского импорта (BEC 112, 122, 522, 61, 62, 63) 2002 г., %",5.5343,level
2003-12-31,national,CONSUMER.EUR,"Вес EUR в NEER по структуре потребительского импорта (BEC 112, 122, 522, 61, 62, 63) 2002 г., %",23.6965,level
2003-12-31,national,CONSUMER.AZN,"Вес AZN в NEER по структуре потребительского импорта (BEC 112, 122, 522, 61, 62, 63) 2002 г., %",0.0663,level
2003-12-31,national,CONSUMER.JPY,"Вес JPY в NEER по структуре потребительского импорта (BEC 112, 122, 522, 61, 62, 63) 2002 г., %",0.3602,level
2003-12-31,national,CONSUMER.KRW,"Вес KRW в NEER по структуре потребительского импорта (BEC 112, 122, 522, 61, 62, 63) 2002 г., %",1.4975,level
2003-12-31,national,CONSUMER.KGS,"Вес KGS в NEER по структуре потребительского импорта (BEC 112, 122, 522, 61, 62, 63) 2002 г., %",1.1352,level
2003-12-31,national,CONSUMER.PLN,"Вес PLN в NEER по структуре потребительского импорта (BEC 112, 122, 522, 61, 62, 63) 2002 г., %",3.3377,level
2003-12-31,national,CONSUMER.RUB,"Вес RUB в NEER по структуре потребительского импорта (BEC 112, 122, 522, 61, 62, 63) 2002 г., %",36.7264,level
2003-12-31,national,CONSUMER.INR,"Вес INR в NEER по структуре потребительского импорта (BEC 112, 122, 522, 61, 62, 63) 2002 г., %",4.2305,level
2003-12-31,national,CONSUMER.CHF,"Вес CHF в NEER по структуре потребительского импорта (BEC 112, 122, 522, 61, 62, 63) 2002 г., %",2.6784,level
2003-12-31,national,CONSUMER.TJS,"Вес TJS в NEER по структуре потребительского импорта (BEC 112, 122, 522, 61, 62, 63) 2002 г., %",0.1266,level
2003-12-31,national,CONSUMER.AED,"Вес AED в NEER по структуре потребительского импорта (BEC 112, 122, 522, 61, 62, 63) 2002 г., %",0.423,level
2003-12-31,national,CONSUMER.TRY,"Вес TRY в NEER по структуре потребительского импорта (BEC 112, 122, 522, 61, 62, 63) 2002 г., %",2.9347,level
2003-12-31,national,CONSUMER.GBP,"Вес GBP в NEER по структуре потребительского импорта (BEC 112, 122, 522, 61, 62, 63) 2002 г., %",3.9323,level
2003-12-31,national,CONSUMER.UZS,"Вес UZS в NEER по структуре потребительского импорта (BEC 112, 122, 522, 61, 62, 63) 2002 г., %",0.4738,level
2003-12-31,national,COVERAGE_CONSUMER,"Доля потребительского импорта (BEC 112, 122, 522, 61, 62, 63) 2002 г., отнесённая к валютам с курсом НБК, %",83.8219,level
2004-12-31,national,CONSUMER.BYN,"Вес BYN в NEER по структуре потребительского импорта (BEC 112, 122, 522, 61, 62, 63) 2003 г., %",2.0889,level
2004-12-31,national,CONSUMER.CNY,"Вес CNY в NEER по структуре потребительского импорта (BEC 112, 122, 522, 61, 62, 63) 2003 г., %",11.235,level
2004-12-31,national,CONSUMER.CZK,"Вес CZK в NEER по структуре потребительского импорта (BEC 112, 122, 522, 61, 62, 63) 2003 г., %",0.68,level
2004-12-31,national,CONSUMER.USD,"Вес USD в NEER по структуре потребительского импорта (BEC 112, 122, 522, 61, 62, 63) 2003 г., %",4.4147,level
2004-12-31,national,CONSUMER.EUR,"Вес EUR в NEER по структуре потребительского импорта (BEC 112, 122, 522, 61, 62, 63) 2003 г., %",22.9521,level
2004-12-31,national,CONSUMER.AZN,"Вес AZN в NEER по структуре потребительского импорта (BEC 112, 122, 522, 61, 62, 63) 2003 г., %",0.0647,level
2004-12-31,national,CONSUMER.JPY,"Вес JPY в NEER по структуре потребительского импорта (BEC 112, 122, 522, 61, 62, 63) 2003 г., %",0.1937,level
2004-12-31,national,CONSUMER.KRW,"Вес KRW в NEER по структуре потребительского импорта (BEC 112, 122, 522, 61, 62, 63) 2003 г., %",2.1705,level
2004-12-31,national,CONSUMER.KGS,"Вес KGS в NEER по структуре потребительского импорта (BEC 112, 122, 522, 61, 62, 63) 2003 г., %",1.3074,level
2004-12-31,national,CONSUMER.PLN,"Вес PLN в NEER по структуре потребительского импорта (BEC 112, 122, 522, 61, 62, 63) 2003 г., %",4.0504,level
2004-12-31,national,CONSUMER.RUB,"Вес RUB в NEER по структуре потребительского импорта (BEC 112, 122, 522, 61, 62, 63) 2003 г., %",37.2679,level
2004-12-31,national,CONSUMER.INR,"Вес INR в NEER по структуре потребительского импорта (BEC 112, 122, 522, 61, 62, 63) 2003 г., %",4.1632,level
2004-12-31,national,CONSUMER.CHF,"Вес CHF в NEER по структуре потребительского импорта (BEC 112, 122, 522, 61, 62, 63) 2003 г., %",2.0691,level
2004-12-31,national,CONSUMER.TJS,"Вес TJS в NEER по структуре потребительского импорта (BEC 112, 122, 522, 61, 62, 63) 2003 г., %",0.2143,level
2004-12-31,national,CONSUMER.AED,"Вес AED в NEER по структуре потребительского импорта (BEC 112, 122, 522, 61, 62, 63) 2003 г., %",0.4569,level
2004-12-31,national,CONSUMER.TRY,"Вес TRY в NEER по структуре потребительского импорта (BEC 112, 122, 522, 61, 62, 63) 2003 г., %",3.21,level
2004-12-31,national,CONSUMER.GBP,"Вес GBP в NEER по структуре потребительского импорта (BEC 112, 122, 522, 61, 62, 63) 2003 г., %",3.0185,level
2004-12-31,national,CONSUMER.UZS,"Вес UZS в NEER по структуре потребительского импорта (BEC 112, 122, 522, 61, 62, 63) 2003 г., %",0.4427,level
2004-12-31,national,COVERAGE_CONSUMER,"Доля потребительского импорта (BEC 112, 122, 522, 61, 62, 63) 2003 г., отнесённая к валютам с курсом НБК, %",83.6553,level
2005-12-31,national,CONSUMER.BYN,"Вес BYN в NEER по структуре потребительского импорта (BEC 112, 122, 522, 61, 62, 63) 2004 г., %",2.1174,level
2005-12-31,national,CONSUMER.CNY,"Вес CNY в NEER по структуре потребительского импорта (BEC 112, 122, 522, 61, 62, 63) 2004 г., %",8.4481,level
2005-12-31,national,CONSUMER.CZK,"Вес CZK в NEER по структуре потребительского импорта (BEC 112, 122, 522, 61, 62, 63) 2004 г., %",0.7135,level
2005-12-31,national,CONSUMER.USD,"Вес USD в NEER по структуре потребительского импорта (BEC 112, 122, 522, 61, 62, 63) 2004 г., %",5.4889,level
2005-12-31,national,CONSUMER.EUR,"Вес EUR в NEER по структуре потребительского импорта (BEC 112, 122, 522, 61, 62, 63) 2004 г., %",22.8487,level
2005-12-31,national,CONSUMER.AZN,"Вес AZN в NEER по структуре потребительского импорта (BEC 112, 122, 522, 61, 62, 63) 2004 г., %",0.1027,level
2005-12-31,national,CONSUMER.JPY,"Вес JPY в NEER по структуре потребительского импорта (BEC 112, 122, 522, 61, 62, 63) 2004 г., %",0.3077,level
2005-12-31,national,CONSUMER.KRW,"Вес KRW в NEER по структуре потребительского импорта (BEC 112, 122, 522, 61, 62, 63) 2004 г., %",3.8865,level
2005-12-31,national,CONSUMER.KGS,"Вес KGS в NEER по структуре потребительского импорта (BEC 112, 122, 522, 61, 62, 63) 2004 г., %",1.4078,level
2005-12-31,national,CONSUMER.PLN,"Вес PLN в NEER по структуре потребительского импорта (BEC 112, 122, 522, 61, 62, 63) 2004 г., %",4.5122,level
2005-12-31,national,CONSUMER.RUB,"Вес RUB в NEER по структуре потребительского импорта (BEC 112, 122, 522, 61, 62, 63) 2004 г., %",39.1114,level
2005-12-31,national,CONSUMER.INR,"Вес INR в NEER по структуре потребительского импорта (BEC 112, 122, 522, 61, 62, 63) 2004 г., %",3.1871,level
2005-12-31,national,CONSUMER.CHF,"Вес CHF в NEER по структуре потребительского импорта (BEC 112, 122, 522, 61, 62, 63) 2004 г., %",1.7049,level
2005-12-31,national,CONSUMER.TJS,"Вес TJS в NEER по структуре потребительского импорта (BEC 112, 122, 522, 61, 62, 63) 2004 г., %",0.1562,level
2005-12-31,national,CONSUMER.AED,"Вес AED в NEER по структуре потребительского импорта (BEC 112, 122, 522, 61, 62, 63) 2004 г., %",0.1954,level
2005-12-31,national,CONSUMER.TRY,"Вес TRY в NEER по структуре потребительского импорта (BEC 112, 122, 522, 61, 62, 63) 2004 г., %",2.9445,level
2005-12-31,national,CONSUMER.GBP,"Вес GBP в NEER по структуре потребительского импорта (BEC 112, 122, 522, 61, 62, 63) 2004 г., %",2.2841,level
2005-12-31,national,CONSUMER.UZS,"Вес UZS в NEER по структуре потребительского импорта (BEC 112, 122, 522, 61, 62, 63) 2004 г., %",0.5829,level
2005-12-31,national,COVERAGE_CONSUMER,"Доля потребительского импорта (BEC 112, 122, 522, 61, 62, 63) 2004 г., отнесённая к валютам с курсом НБК, %",81.2038,level
2006-12-31,national,CONSUMER.BYN,"Вес BYN в NEER по структуре потребительского импорта (BEC 112, 122, 522, 61, 62, 63) 2005 г., %",2.382,level
2006-12-31,national,CONSUMER.CNY,"Вес CNY в NEER по структуре потребительского импорта (BEC 112, 122, 522, 61, 62, 63) 2005 г., %",11.0408,level
2006-12-31,national,CONSUMER.EUR,"Вес EUR в NEER по структуре потребительского импорта (BEC 112, 122, 522, 61, 62, 63) 2005 г., %",21.9793,level
2006-12-31,national,CONSUMER.CZK,"Вес CZK в NEER по структуре потребительского импорта (BEC 112, 122, 522, 61, 62, 63) 2005 г., %",0.5637,level
2006-12-31,national,CONSUMER.USD,"Вес USD в NEER по структуре потребительского импорта (BEC 112, 122, 522, 61, 62, 63) 2005 г., %",5.5079,level
2006-12-31,national,CONSUMER.AZN,"Вес AZN в NEER по структуре потребительского импорта (BEC 112, 122, 522, 61, 62, 63) 2005 г., %",0.0959,level
2006-12-31,national,CONSUMER.JPY,"Вес JPY в NEER по структуре потребительского импорта (BEC 112, 122, 522, 61, 62, 63) 2005 г., %",0.2648,level
2006-12-31,national,CONSUMER.KRW,"Вес KRW в NEER по структуре потребительского импорта (BEC 112, 122, 522, 61, 62, 63) 2005 г., %",2.0314,level
2006-12-31,national,CONSUMER.KGS,"Вес KGS в NEER по структуре потребительского импорта (BEC 112, 122, 522, 61, 62, 63) 2005 г., %",1.567,level
2006-12-31,national,CONSUMER.PLN,"Вес PLN в NEER по структуре потребительского импорта (BEC 112, 122, 522, 61, 62, 63) 2005 г., %",3.9397,level
2006-12-31,national,CONSUMER.RUB,"Вес RUB в NEER по структуре потребительского импорта (BEC 112, 122, 522, 61, 62, 63) 2005 г., %",40.8706,level
2006-12-31,national,CONSUMER.INR,"Вес INR в NEER по структуре потребительского импорта (BEC 112, 122, 522, 61, 62, 63) 2005 г., %",2.8721,level
2006-12-31,national,CONSUMER.CHF,"Вес CHF в NEER по структуре потребительского импорта (BEC 112, 122, 522, 61, 62, 63) 2005 г., %",1.266,level
2006-12-31,national,CONSUMER.TJS,"Вес TJS в NEER по структуре потребительского импорта (BEC 112, 122, 522, 61, 62, 63) 2005 г., %",0.1839,level
2006-12-31,national,CONSUMER.AED,"Вес AED в NEER по структуре потребительского импорта (BEC 112, 122, 522, 61, 62, 63) 2005 г., %",0.4508,level
2006-12-31,national,CONSUMER.TRY,"Вес TRY в NEER по структуре потребительского импорта (BEC 112, 122, 522, 61, 62, 63) 2005 г., %",2.6025,level
2006-12-31,national,CONSUMER.GBP,"Вес GBP в NEER по структуре потребительского импорта (BEC 112, 122, 522, 61, 62, 63) 2005 г., %",2.1437,level
2006-12-31,national,CONSUMER.UZS,"Вес UZS в NEER по структуре потребительского импорта (BEC 112, 122, 522, 61, 62, 63) 2005 г., %",0.2379,level
2006-12-31,national,COVERAGE_CONSUMER,"Доля потребительского импорта (BEC 112, 122, 522, 61, 62, 63) 2005 г., отнесённая к валютам с курсом НБК, %",83.318,level
2007-12-31,national,CONSUMER.BYN,"Вес BYN в NEER по структуре потребительского импорта (BEC 112, 122, 522, 61, 62, 63) 2006 г., %",2.5976,level
2007-12-31,national,CONSUMER.CNY,"Вес CNY в NEER по структуре потребительского импорта (BEC 112, 122, 522, 61, 62, 63) 2006 г., %",12.4782,level
2007-12-31,national,CONSUMER.EUR,"Вес EUR в NEER по структуре потребительского импорта (BEC 112, 122, 522, 61, 62, 63) 2006 г., %",20.4582,level
2007-12-31,national,CONSUMER.CZK,"Вес CZK в NEER по структуре потребительского импорта (BEC 112, 122, 522, 61, 62, 63) 2006 г., %",0.7792,level
2007-12-31,national,CONSUMER.USD,"Вес USD в NEER по структуре потребительского импорта (BEC 112, 122, 522, 61, 62, 63) 2006 г., %",5.2683,level
2007-12-31,national,CONSUMER.AZN,"Вес AZN в NEER по структуре потребительского импорта (BEC 112, 122, 522, 61, 62, 63) 2006 г., %",0.1141,level
2007-12-31,national,CONSUMER.JPY,"Вес JPY в NEER по структуре потребительского импорта (BEC 112, 122, 522, 61, 62, 63) 2006 г., %",0.3157,level
2007-12-31,national,CONSUMER.KRW,"Вес KRW в NEER по структуре потребительского импорта (BEC 112, 122, 522, 61, 62, 63) 2006 г., %",1.822,level
2007-12-31,national,CONSUMER.KGS,"Вес KGS в NEER по структуре потребительского импорта (BEC 112, 122, 522, 61, 62, 63) 2006 г., %",1.5502,level
2007-12-31,national,CONSUMER.PLN,"Вес PLN в NEER по структуре потребительского импорта (BEC 112, 122, 522, 61, 62, 63) 2006 г., %",4.0711,level
2007-12-31,national,CONSUMER.RUB,"Вес RUB в NEER по структуре потребительского импорта (BEC 112, 122, 522, 61, 62, 63) 2006 г., %",41.9254,level
2007-12-31,national,CONSUMER.INR,"Вес INR в NEER по структуре потребительского импорта (BEC 112, 122, 522, 61, 62, 63) 2006 г., %",2.4554,level
2007-12-31,national,CONSUMER.CHF,"Вес CHF в NEER по структуре потребительского импорта (BEC 112, 122, 522, 61, 62, 63) 2006 г., %",1.0503,level
2007-12-31,national,CONSUMER.TJS,"Вес TJS в NEER по структуре потребительского импорта (BEC 112, 122, 522, 61, 62, 63) 2006 г., %",0.1352,level
2007-12-31,national,CONSUMER.AED,"Вес AED в NEER по структуре потребительского импорта (BEC 112, 122, 522, 61, 62, 63) 2006 г., %",0.2246,level
2007-12-31,national,CONSUMER.TRY,"Вес TRY в NEER по структуре потребительского импорта (BEC 112, 122, 522, 61, 62, 63) 2006 г., %",2.949,level
2007-12-31,national,CONSUMER.GBP,"Вес GBP в NEER по структуре потребительского импорта (BEC 112, 122, 522, 61, 62, 63) 2006 г., %",1.6096,level
2007-12-31,national,CONSUMER.UZS,"Вес UZS в NEER по структуре потребительского импорта (BEC 112, 122, 522, 61, 62, 63) 2006 г., %",0.196,level
2007-12-31,national,COVERAGE_CONSUMER,"Доля потребительского импорта (BEC 112, 122, 522, 61, 62, 63) 2006 г., отнесённая к валютам с курсом НБК, %",82.8397,level
2008-12-31,national,CONSUMER.BYN,"Вес BYN в NEER по структуре потребительского импорта (BEC 112, 122, 522, 61, 62, 63) 2007 г., %",2.4652,level
2008-12-31,national,CONSUMER.CNY,"Вес CNY в NEER по структуре потребительского импорта (BEC 112, 122, 522, 61, 62, 63) 2007 г., %",9.7232,level
2008-12-31,national,CONSUMER.CZK,"Вес CZK в NEER по структуре потребительского импорта (BEC 112, 122, 522, 61, 62, 63) 2007 г., %",0.82,level
2008-12-31,national,CONSUMER.USD,"Вес USD в NEER по структуре потребительского импорта (BEC 112, 122, 522, 61, 62, 63) 2007 г., %",4.7169,level
2008-12-31,national,CONSUMER.EUR,"Вес EUR в NEER по структуре потребительского импорта (BEC 112, 122, 522, 61, 62, 63) 2007 г., %",22.9152,level
2008-12-31,national,CONSUMER.AZN,"Вес AZN в NEER по структуре потребительского импорта (BEC 112, 122, 522, 61, 62, 63) 2007 г., %",0.1483,level
2008-12-31,national,CONSUMER.JPY,"Вес JPY в NEER по структуре потребительского импорта (BEC 112, 122, 522, 61, 62, 63) 2007 г., %",0.4389,level
2008-12-31,national,CONSUMER.KRW,"Вес KRW в NEER по структуре потребительского импорта (BEC 112, 122, 522, 61, 62, 63) 2007 г., %",1.8308,level
2008-12-31,national,CONSUMER.KGS,"Вес KGS в NEER по структуре потребительского импорта (BEC 112, 122, 522, 61, 62, 63) 2007 г., %",1.2542,level
2008-12-31,national,CONSUMER.PLN,"Вес PLN в NEER по структуре потребительского импорта (BEC 112, 122, 522, 61, 62, 63) 2007 г., %",4.0267,level
2008-12-31,national,CONSUMER.RUB,"Вес RUB в NEER по структуре потребительского импорта (BEC 112, 122, 522, 61, 62, 63) 2007 г., %",42.8367,level
2008-12-31,national,CONSUMER.INR,"Вес INR в NEER по структуре потребительского импорта (BEC 112, 122, 522, 61, 62, 63) 2007 г., %",2.1651,level
2008-12-31,national,CONSUMER.CHF,"Вес CHF в NEER по структуре потребительского импорта (BEC 112, 122, 522, 61, 62, 63) 2007 г., %",1.2255,level
2008-12-31,national,CONSUMER.TJS,"Вес TJS в NEER по структуре потребительского импорта (BEC 112, 122, 522, 61, 62, 63) 2007 г., %",0.1095,level
2008-12-31,national,CONSUMER.AED,"Вес AED в NEER по структуре потребительского импорта (BEC 112, 122, 522, 61, 62, 63) 2007 г., %",0.1795,level
2008-12-31,national,CONSUMER.TRY,"Вес TRY в NEER по структуре потребительского импорта (BEC 112, 122, 522, 61, 62, 63) 2007 г., %",2.9353,level
2008-12-31,national,CONSUMER.GBP,"Вес GBP в NEER по структуре потребительского импорта (BEC 112, 122, 522, 61, 62, 63) 2007 г., %",1.9457,level
2008-12-31,national,CONSUMER.UZS,"Вес UZS в NEER по структуре потребительского импорта (BEC 112, 122, 522, 61, 62, 63) 2007 г., %",0.2633,level
2008-12-31,national,COVERAGE_CONSUMER,"Доля потребительского импорта (BEC 112, 122, 522, 61, 62, 63) 2007 г., отнесённая к валютам с курсом НБК, %",83.0152,level
2009-12-31,national,CONSUMER.BYN,"Вес BYN в NEER по структуре потребительского импорта (BEC 112, 122, 522, 61, 62, 63) 2008 г., %",2.6828,level
2009-12-31,national,CONSUMER.CNY,"Вес CNY в NEER по структуре потребительского импорта (BEC 112, 122, 522, 61, 62, 63) 2008 г., %",12.7947,level
2009-12-31,national,CONSUMER.EUR,"Вес EUR в NEER по структуре потребительского импорта (BEC 112, 122, 522, 61, 62, 63) 2008 г., %",21.5227,level
2009-12-31,national,CONSUMER.CZK,"Вес CZK в NEER по структуре потребительского импорта (BEC 112, 122, 522, 61, 62, 63) 2008 г., %",0.8714,level
2009-12-31,national,CONSUMER.USD,"Вес USD в NEER по структуре потребительского импорта (BEC 112, 122, 522, 61, 62, 63) 2008 г., %",4.4532,level
2009-12-31,national,CONSUMER.AZN,"Вес AZN в NEER по структуре потребительского импорта (BEC 112, 122, 522, 61, 62, 63) 2008 г., %",0.1499,level
2009-12-31,national,CONSUMER.JPY,"Вес JPY в NEER по структуре потребительского импорта (BEC 112, 122, 522, 61, 62, 63) 2008 г., %",0.6259,level
2009-12-31,national,CONSUMER.KRW,"Вес KRW в NEER по структуре потребительского импорта (BEC 112, 122, 522, 61, 62, 63) 2008 г., %",1.2713,level
2009-12-31,national,CONSUMER.KGS,"Вес KGS в NEER по структуре потребительского импорта (BEC 112, 122, 522, 61, 62, 63) 2008 г., %",1.2328,level
2009-12-31,national,CONSUMER.PLN,"Вес PLN в NEER по структуре потребительского импорта (BEC 112, 122, 522, 61, 62, 63) 2008 г., %",4.0194,level
2009-12-31,national,CONSUMER.RUB,"Вес RUB в NEER по структуре потребительского импорта (BEC 112, 122, 522, 61, 62, 63) 2008 г., %",42.2724,level
2009-12-31,national,CONSUMER.INR,"Вес INR в NEER по структуре потребительского импорта (BEC 112, 122, 522, 61, 62, 63) 2008 г., %",2.1717,level
2009-12-31,national,CONSUMER.CHF,"Вес CHF в NEER по структуре потребительского импорта (BEC 112, 122, 522, 61, 62, 63) 2008 г., %",1.1667,level
2009-12-31,national,CONSUMER.TJS,"Вес TJS в NEER по структуре потребительского импорта (BEC 112, 122, 522, 61, 62, 63) 2008 г., %",0.0951,level
2009-12-31,national,CONSUMER.AED,"Вес AED в NEER по структуре потребительского импорта (BEC 112, 122, 522, 61, 62, 63) 2008 г., %",0.1386,level
2009-12-31,national,CONSUMER.TRY,"Вес TRY в NEER по структуре потребительского импорта (BEC 112, 122, 522, 61, 62, 63) 2008 г., %",2.7686,level
2009-12-31,national,CONSUMER.GBP,"Вес GBP в NEER по структуре потребительского импорта (BEC 112, 122, 522, 61, 62, 63) 2008 г., %",1.4753,level
2009-12-31,national,CONSUMER.UZS,"Вес UZS в NEER по структуре потребительского импорта (BEC 112, 122, 522, 61, 62, 63) 2008 г., %",0.2877,level
2009-12-31,national,COVERAGE_CONSUMER,"Доля потребительского импорта (BEC 112, 122, 522, 61, 62, 63) 2008 г., отнесённая к валютам с курсом НБК, %",82.4264,level
2010-12-31,national,CONSUMER.BYN,"Вес BYN в NEER по структуре потребительского импорта (BEC 112, 122, 522, 61, 62, 63) 2009 г., %",3.5759,level
2010-12-31,national,CONSUMER.CNY,"Вес CNY в NEER по структуре потребительского импорта (BEC 112, 122, 522, 61, 62, 63) 2009 г., %",13.2833,level
2010-12-31,national,CONSUMER.EUR,"Вес EUR в NEER по структуре потребительского импорта (BEC 112, 122, 522, 61, 62, 63) 2009 г., %",21.6774,level
2010-12-31,national,CONSUMER.CZK,"Вес CZK в NEER по структуре потребительского импорта (BEC 112, 122, 522, 61, 62, 63) 2009 г., %",0.8001,level
2010-12-31,national,CONSUMER.USD,"Вес USD в NEER по структуре потребительского импорта (BEC 112, 122, 522, 61, 62, 63) 2009 г., %",4.6857,level
2010-12-31,national,CONSUMER.AZN,"Вес AZN в NEER по структуре потребительского импорта (BEC 112, 122, 522, 61, 62, 63) 2009 г., %",0.1728,level
2010-12-31,national,CONSUMER.JPY,"Вес JPY в NEER по структуре потребительского импорта (BEC 112, 122, 522, 61, 62, 63) 2009 г., %",0.3966,level
2010-12-31,national,CONSUMER.KRW,"Вес KRW в NEER по структуре потребительского импорта (BEC 112, 122, 522, 61, 62, 63) 2009 г., %",1.4317,level
2010-12-31,national,CONSUMER.KGS,"Вес KGS в NEER по структуре потребительского импорта (BEC 112, 122, 522, 61, 62, 63) 2009 г., %",1.1042,level
2010-12-31,national,CONSUMER.PLN,"Вес PLN в NEER по структуре потребительского импорта (BEC 112, 122, 522, 61, 62, 63) 2009 г., %",3.8547,level
2010-12-31,national,CONSUMER.RUB,"Вес RUB в NEER по структуре потребительского импорта (BEC 112, 122, 522, 61, 62, 63) 2009 г., %",39.7115,level
2010-12-31,national,CONSUMER.INR,"Вес INR в NEER по структуре потребительского импорта (BEC 112, 122, 522, 61, 62, 63) 2009 г., %",2.4419,level
2010-12-31,national,CONSUMER.CHF,"Вес CHF в NEER по структуре потребительского импорта (BEC 112, 122, 522, 61, 62, 63) 2009 г., %",1.6086,level
2010-12-31,national,CONSUMER.TJS,"Вес TJS в NEER по структуре потребительского импорта (BEC 112, 122, 522, 61, 62, 63) 2009 г., %",0.087,level
2010-12-31,national,CONSUMER.AED,"Вес AED в NEER по структуре потребительского импорта (BEC 112, 122, 522, 61, 62, 63) 2009 г., %",0.4923,level
2010-12-31,national,CONSUMER.TRY,"Вес TRY в NEER по структуре потребительского импорта (BEC 112, 122, 522, 61, 62, 63) 2009 г., %",2.7817,level
2010-12-31,national,CONSUMER.GBP,"Вес GBP в NEER по структуре потребительского импорта (BEC 112, 122, 522, 61, 62, 63) 2009 г., %",1.6242,level
2010-12-31,national,CONSUMER.UZS,"Вес UZS в NEER по структуре потребительского импорта (BEC 112, 122, 522, 61, 62, 63) 2009 г., %",0.2702,level
2010-12-31,national,COVERAGE_CONSUMER,"Доля потребительского импорта (BEC 112, 122, 522, 61, 62, 63) 2009 г., отнесённая к валютам с курсом НБК, %",82.8371,level
2011-12-31,national,CONSUMER.BYN,"Вес BYN в NEER по структуре потребительского импорта (BEC 112, 122, 522, 61, 62, 63) 2010 г., %",2.7891,level
2011-12-31,national,CONSUMER.CNY,"Вес CNY в NEER по структуре потребительского импорта (BEC 112, 122, 522, 61, 62, 63) 2010 г., %",16.9754,level
2011-12-31,national,CONSUMER.EUR,"Вес EUR в NEER по структуре потребительского импорта (BEC 112, 122, 522, 61, 62, 63) 2010 г., %",25.3749,level
2011-12-31,national,CONSUMER.CZK,"Вес CZK в NEER по структуре потребительского импорта (BEC 112, 122, 522, 61, 62, 63) 2010 г., %",1.0191,level
2011-12-31,national,CONSUMER.USD,"Вес USD в NEER по структуре потребительского импорта (BEC 112, 122, 522, 61, 62, 63) 2010 г., %",6.2906,level
2011-12-31,national,CONSUMER.AZN,"Вес AZN в NEER по структуре потребительского импорта (BEC 112, 122, 522, 61, 62, 63) 2010 г., %",0.6472,level
2011-12-31,national,CONSUMER.JPY,"Вес JPY в NEER по структуре потребительского импорта (BEC 112, 122, 522, 61, 62, 63) 2010 г., %",0.6268,level
2011-12-31,national,CONSUMER.KRW,"Вес KRW в NEER по структуре потребительского импорта (BEC 112, 122, 522, 61, 62, 63) 2010 г., %",1.5963,level
2011-12-31,national,CONSUMER.KGS,"Вес KGS в NEER по структуре потребительского импорта (BEC 112, 122, 522, 61, 62, 63) 2010 г., %",1.9242,level
2011-12-31,national,CONSUMER.PLN,"Вес PLN в NEER по структуре потребительского импорта (BEC 112, 122, 522, 61, 62, 63) 2010 г., %",5.5668,level
2011-12-31,national,CONSUMER.RUB,"Вес RUB в NEER по структуре потребительского импорта (BEC 112, 122, 522, 61, 62, 63) 2010 г., %",22.8822,level
2011-12-31,national,CONSUMER.INR,"Вес INR в NEER по структуре потребительского импорта (BEC 112, 122, 522, 61, 62, 63) 2010 г., %",3.5074,level
2011-12-31,national,CONSUMER.CHF,"Вес CHF в NEER по структуре потребительского импорта (BEC 112, 122, 522, 61, 62, 63) 2010 г., %",2.3214,level
2011-12-31,national,CONSUMER.TJS,"Вес TJS в NEER по структуре потребительского импорта (BEC 112, 122, 522, 61, 62, 63) 2010 г., %",0.1847,level
2011-12-31,national,CONSUMER.AED,"Вес AED в NEER по структуре потребительского импорта (BEC 112, 122, 522, 61, 62, 63) 2010 г., %",0.1407,level
2011-12-31,national,CONSUMER.TRY,"Вес TRY в NEER по структуре потребительского импорта (BEC 112, 122, 522, 61, 62, 63) 2010 г., %",3.9168,level
2011-12-31,national,CONSUMER.GBP,"Вес GBP в NEER по структуре потребительского импорта (BEC 112, 122, 522, 61, 62, 63) 2010 г., %",1.5929,level
2011-12-31,national,CONSUMER.UZS,"Вес UZS в NEER по структуре потребительского импорта (BEC 112, 122, 522, 61, 62, 63) 2010 г., %",2.6435,level
2011-12-31,national,COVERAGE_CONSUMER,"Доля потребительского импорта (BEC 112, 122, 522, 61, 62, 63) 2010 г., отнесённая к валютам с курсом НБК, %",79.1175,level
2012-12-31,national,CONSUMER.BYN,"Вес BYN в NEER по структуре потребительского импорта (BEC 112, 122, 522, 61, 62, 63) 2011 г., %",3.0685,level
2012-12-31,national,CONSUMER.CNY,"Вес CNY в NEER по структуре потребительского импорта (BEC 112, 122, 522, 61, 62, 63) 2011 г., %",13.9697,level
2012-12-31,national,CONSUMER.EUR,"Вес EUR в NEER по структуре потребительского импорта (BEC 112, 122, 522, 61, 62, 63) 2011 г., %",15.4167,level
2012-12-31,national,CONSUMER.CZK,"Вес CZK в NEER по структуре потребительского импорта (BEC 112, 122, 522, 61, 62, 63) 2011 г., %",0.6323,level
2012-12-31,national,CONSUMER.USD,"Вес USD в NEER по структуре потребительского импорта (BEC 112, 122, 522, 61, 62, 63) 2011 г., %",3.8238,level
2012-12-31,national,CONSUMER.AZN,"Вес AZN в NEER по структуре потребительского импорта (BEC 112, 122, 522, 61, 62, 63) 2011 г., %",0.5776,level
2012-12-31,national,CONSUMER.JPY,"Вес JPY в NEER по структуре потребительского импорта (BEC 112, 122, 522, 61, 62, 63) 2011 г., %",0.3952,level
2012-12-31,national,CONSUMER.KRW,"Вес KRW в NEER по структуре потребительского импорта (BEC 112, 122, 522, 61, 62, 63) 2011 г., %",1.2577,level
2012-12-31,national,CONSUMER.KGS,"Вес KGS в NEER по структуре потребительского импорта (BEC 112, 122, 522, 61, 62, 63) 2011 г., %",1.7107,level
2012-12-31,national,CONSUMER.PLN,"Вес PLN в NEER по структуре потребительского импорта (BEC 112, 122, 522, 61, 62, 63) 2011 г., %",3.0884,level
2012-12-31,national,CONSUMER.RUB,"Вес RUB в NEER по структуре потребительского импорта (BEC 112, 122, 522, 61, 62, 63) 2011 г., %",42.394,level
2012-12-31,national,CONSUMER.INR,"Вес INR в NEER по структуре потребительского импорта (BEC 112, 122, 522, 61, 62, 63) 2011 г., %",1.9937,level
2012-12-31,national,CONSUMER.CHF,"Вес CHF в NEER по структуре потребительского импорта (BEC 112, 122, 522, 61, 62, 63) 2011 г., %",1.0479,level
2012-12-31,national,CONSUMER.TJS,"Вес TJS в NEER по структуре потребительского импорта (BEC 112, 122, 522, 61, 62, 63) 2011 г., %",0.4946,level
2012-12-31,national,CONSUMER.AED,"Вес AED в NEER по структуре потребительского импорта (BEC 112, 122, 522, 61, 62, 63) 2011 г., %",0.2026,level
2012-12-31,national,CONSUMER.TRY,"Вес TRY в NEER по структуре потребительского импорта (BEC 112, 122, 522, 61, 62, 63) 2011 г., %",3.2865,level
2012-12-31,national,CONSUMER.GBP,"Вес GBP в NEER по структуре потребительского импорта (BEC 112, 122, 522, 61, 62, 63) 2011 г., %",1.052,level
2012-12-31,national,CONSUMER.UZS,"Вес UZS в NEER по структуре потребительского импорта (BEC 112, 122, 522, 61, 62, 63) 2011 г., %",5.588,level
2012-12-31,national,COVERAGE_CONSUMER,"Доля потребительского импорта (BEC 112, 122, 522, 61, 62, 63) 2011 г., отнесённая к валютам с курсом НБК, %",85.8679,level
2013-12-31,national,CONSUMER.BYN,"Вес BYN в NEER по структуре потребительского импорта (BEC 112, 122, 522, 61, 62, 63) 2012 г., %",2.612,level
2013-12-31,national,CONSUMER.CNY,"Вес CNY в NEER по структуре потребительского импорта (BEC 112, 122, 522, 61, 62, 63) 2012 г., %",19.3627,level
2013-12-31,national,CONSUMER.EUR,"Вес EUR в NEER по структуре потребительского импорта (BEC 112, 122, 522, 61, 62, 63) 2012 г., %",15.942,level
2013-12-31,national,CONSUMER.CZK,"Вес CZK в NEER по структуре потребительского импорта (BEC 112, 122, 522, 61, 62, 63) 2012 г., %",0.4533,level
2013-12-31,national,CONSUMER.USD,"Вес USD в NEER по структуре потребительского импорта (BEC 112, 122, 522, 61, 62, 63) 2012 г., %",3.8753,level
2013-12-31,national,CONSUMER.AZN,"Вес AZN в NEER по структуре потребительского импорта (BEC 112, 122, 522, 61, 62, 63) 2012 г., %",0.1983,level
2013-12-31,national,CONSUMER.JPY,"Вес JPY в NEER по структуре потребительского импорта (BEC 112, 122, 522, 61, 62, 63) 2012 г., %",0.3731,level
2013-12-31,national,CONSUMER.KRW,"Вес KRW в NEER по структуре потребительского импорта (BEC 112, 122, 522, 61, 62, 63) 2012 г., %",1.2883,level
2013-12-31,national,CONSUMER.KGS,"Вес KGS в NEER по структуре потребительского импорта (BEC 112, 122, 522, 61, 62, 63) 2012 г., %",2.6167,level
2013-12-31,national,CONSUMER.PLN,"Вес PLN в NEER по структуре потребительского импорта (BEC 112, 122, 522, 61, 62, 63) 2012 г., %",3.0509,level
2013-12-31,national,CONSUMER.RUB,"Вес RUB в NEER по структуре потребительского импорта (BEC 112, 122, 522, 61, 62, 63) 2012 г., %",37.5556,level
2013-12-31,national,CONSUMER.INR,"Вес INR в NEER по структуре потребительского импорта (BEC 112, 122, 522, 61, 62, 63) 2012 г., %",2.2071,level
2013-12-31,national,CONSUMER.CHF,"Вес CHF в NEER по структуре потребительского импорта (BEC 112, 122, 522, 61, 62, 63) 2012 г., %",1.1893,level
2013-12-31,national,CONSUMER.TJS,"Вес TJS в NEER по структуре потребительского импорта (BEC 112, 122, 522, 61, 62, 63) 2012 г., %",0.5253,level
2013-12-31,national,CONSUMER.AED,"Вес AED в NEER по структуре потребительского импорта (BEC 112, 122, 522, 61, 62, 63) 2012 г., %",0.1127,level
2013-12-31,national,CONSUMER.TRY,"Вес TRY в NEER по структуре потребительского импорта (BEC 112, 122, 522, 61, 62, 63) 2012 г., %",3.2824,level
2013-12-31,national,CONSUMER.GBP,"Вес GBP в NEER по структуре потребительского импорта (BEC 112, 122, 522, 61, 62, 63) 2012 г., %",1.1278,level
2013-12-31,national,CONSUMER.UZS,"Вес UZS в NEER по структуре потребительского импорта (BEC 112, 122, 522, 61, 62, 63) 2012 г., %",4.2274,level
2013-12-31,national,COVERAGE_CONSUMER,"Доля потребительского импорта (BEC 112, 122, 522, 61, 62, 63) 2012 г., отнесённая к валютам с курсом НБК, %",85.5387,level
2014-12-31,national,CONSUMER.BYN,"Вес BYN в NEER по структуре потребительского импорта (BEC 112, 122, 522, 61, 62, 63) 2013 г., %",2.511,level
2014-12-31,national,CONSUMER.CNY,"Вес CNY в NEER по структуре потребительского импорта (BEC 112, 122, 522, 61, 62, 63) 2013 г., %",20.5867,level
2014-12-31,national,CONSUMER.EUR,"Вес EUR в NEER по структуре потребительского импорта (BEC 112, 122, 522, 61, 62, 63) 2013 г., %",16.7201,level
2014-12-31,national,CONSUMER.CZK,"Вес CZK в NEER по структуре потребительского импорта (BEC 112, 122, 522, 61, 62, 63) 2013 г., %",0.4685,level
2014-12-31,national,CONSUMER.USD,"Вес USD в NEER по структуре потребительского импорта (BEC 112, 122, 522, 61, 62, 63) 2013 г., %",3.8859,level
2014-12-31,national,CONSUMER.AZN,"Вес AZN в NEER по структуре потребительского импорта (BEC 112, 122, 522, 61, 62, 63) 2013 г., %",0.3103,level
2014-12-31,national,CONSUMER.JPY,"Вес JPY в NEER по структуре потребительского импорта (BEC 112, 122, 522, 61, 62, 63) 2013 г., %",0.2488,level
2014-12-31,national,CONSUMER.KRW,"Вес KRW в NEER по структуре потребительского импорта (BEC 112, 122, 522, 61, 62, 63) 2013 г., %",1.243,level
2014-12-31,national,CONSUMER.KGS,"Вес KGS в NEER по структуре потребительского импорта (BEC 112, 122, 522, 61, 62, 63) 2013 г., %",2.193,level
2014-12-31,national,CONSUMER.PLN,"Вес PLN в NEER по структуре потребительского импорта (BEC 112, 122, 522, 61, 62, 63) 2013 г., %",3.0547,level
2014-12-31,national,CONSUMER.RUB,"Вес RUB в NEER по структуре потребительского импорта (BEC 112, 122, 522, 61, 62, 63) 2013 г., %",34.7634,level
2014-12-31,national,CONSUMER.INR,"Вес INR в NEER по структуре потребительского импорта (BEC 112, 122, 522, 61, 62, 63) 2013 г., %",2.132,level
2014-12-31,national,CONSUMER.CHF,"Вес CHF в NEER по структуре потребительского импорта (BEC 112, 122, 522, 61, 62, 63) 2013 г., %",1.1266,level
2014-12-31,national,CONSUMER.TJS,"Вес TJS в NEER по структуре потребительского импорта (BEC 112, 122, 522, 61, 62, 63) 2013 г., %",0.5745,level
2014-12-31,national,CONSUMER.AED,"Вес AED в NEER по структуре потребительского импорта (BEC 112, 122, 522, 61, 62, 63) 2013 г., %",0.2328,level
2014-12-31,national,CONSUMER.TRY,"Вес TRY в NEER по структуре потребительского импорта (BEC 112, 122, 522, 61, 62, 63) 2013 г., %",3.4559,level
2014-12-31,national,CONSUMER.GBP,"Вес GBP в NEER по структуре потребительского импорта (BEC 112, 122, 522, 61, 62, 63) 2013 г., %",1.1065,level
2014-12-31,national,CONSUMER.UZS,"Вес UZS в NEER по структуре потребительского импорта (BEC 112, 122, 522, 61, 62, 63) 2013 г., %",5.3863,level
2014-12-31,national,COVERAGE_CONSUMER,"Доля потребительского импорта (BEC 112, 122, 522, 61, 62, 63) 2013 г., отнесённая к валютам с курсом НБК, %",86.4413,level
2015-12-31,national,CONSUMER.BYN,"Вес BYN в NEER по структуре потребительского импорта (BEC 112, 122, 522, 61, 62, 63) 2014 г., %",2.5651,level
2015-12-31,national,CONSUMER.CNY,"Вес CNY в NEER по структуре потребительского импорта (BEC 112, 122, 522, 61, 62, 63) 2014 г., %",21.0078,level
2015-12-31,national,CONSUMER.EUR,"Вес EUR в NEER по структуре потребительского импорта (BEC 112, 122, 522, 61, 62, 63) 2014 г., %",16.4572,level
2015-12-31,national,CONSUMER.CZK,"Вес CZK в NEER по структуре потребительского импорта (BEC 112, 122, 522, 61, 62, 63) 2014 г., %",0.4781,level
2015-12-31,national,CONSUMER.USD,"Вес USD в NEER по структуре потребительского импорта (BEC 112, 122, 522, 61, 62, 63) 2014 г., %",3.5939,level
2015-12-31,national,CONSUMER.AZN,"Вес AZN в NEER по структуре потребительского импорта (BEC 112, 122, 522, 61, 62, 63) 2014 г., %",0.1564,level
2015-12-31,national,CONSUMER.JPY,"Вес JPY в NEER по структуре потребительского импорта (BEC 112, 122, 522, 61, 62, 63) 2014 г., %",0.2652,level
2015-12-31,national,CONSUMER.KRW,"Вес KRW в NEER по структуре потребительского импорта (BEC 112, 122, 522, 61, 62, 63) 2014 г., %",1.1726,level
2015-12-31,national,CONSUMER.KGS,"Вес KGS в NEER по структуре потребительского импорта (BEC 112, 122, 522, 61, 62, 63) 2014 г., %",2.2139,level
2015-12-31,national,CONSUMER.PLN,"Вес PLN в NEER по структуре потребительского импорта (BEC 112, 122, 522, 61, 62, 63) 2014 г., %",2.6112,level
2015-12-31,national,CONSUMER.RUB,"Вес RUB в NEER по структуре потребительского импорта (BEC 112, 122, 522, 61, 62, 63) 2014 г., %",35.3293,level
2015-12-31,national,CONSUMER.INR,"Вес INR в NEER по структуре потребительского импорта (BEC 112, 122, 522, 61, 62, 63) 2014 г., %",1.9505,level
2015-12-31,national,CONSUMER.CHF,"Вес CHF в NEER по структуре потребительского импорта (BEC 112, 122, 522, 61, 62, 63) 2014 г., %",1.1985,level
2015-12-31,national,CONSUMER.TJS,"Вес TJS в NEER по структуре потребительского импорта (BEC 112, 122, 522, 61, 62, 63) 2014 г., %",0.5129,level
2015-12-31,national,CONSUMER.AED,"Вес AED в NEER по структуре потребительского импорта (BEC 112, 122, 522, 61, 62, 63) 2014 г., %",0.1376,level
2015-12-31,national,CONSUMER.TRY,"Вес TRY в NEER по структуре потребительского импорта (BEC 112, 122, 522, 61, 62, 63) 2014 г., %",3.8397,level
2015-12-31,national,CONSUMER.GBP,"Вес GBP в NEER по структуре потребительского импорта (BEC 112, 122, 522, 61, 62, 63) 2014 г., %",0.9052,level
2015-12-31,national,CONSUMER.UZS,"Вес UZS в NEER по структуре потребительского импорта (BEC 112, 122, 522, 61, 62, 63) 2014 г., %",5.6051,level
2015-12-31,national,COVERAGE_CONSUMER,"Доля потребительского импорта (BEC 112, 122, 522, 61, 62, 63) 2014 г., отнесённая к валютам с курсом НБК, %",87.1133,level
2016-12-31,national,CONSUMER.BYN,"Вес BYN в NEER по структуре потребительского импорта (BEC 112, 122, 522, 61, 62, 63) 2015 г., %",2.4333,level
2016-12-31,national,CONSUMER.CNY,"Вес CNY в NEER по структуре потребительского импорта (BEC 112, 122, 522, 61, 62, 63) 2015 г., %",17.592,level
2016-12-31,national,CONSUMER.EUR,"Вес EUR в NEER по структуре потребительского импорта (BEC 112, 122, 522, 61, 62, 63) 2015 г., %",17.1958,level
2016-12-31,national,CONSUMER.CZK,"Вес CZK в NEER по структуре потребительского импорта (BEC 112, 122, 522, 61, 62, 63) 2015 г., %",0.5054,level
2016-12-31,national,CONSUMER.USD,"Вес USD в NEER по структуре потребительского импорта (BEC 112, 122, 522, 61, 62, 63) 2015 г., %",4.1656,level
2016-12-31,national,CONSUMER.AZN,"Вес AZN в NEER по структуре потребительского импорта (BEC 112, 122, 522, 61, 62, 63) 2015 г., %",0.1268,level
2016-12-31,national,CONSUMER.JPY,"Вес JPY в NEER по структуре потребительского импорта (BEC 112, 122, 522, 61, 62, 63) 2015 г., %",0.2734,level
2016-12-31,national,CONSUMER.KRW,"Вес KRW в NEER по структуре потребительского импорта (BEC 112, 122, 522, 61, 62, 63) 2015 г., %",1.3229,level
2016-12-31,national,CONSUMER.KGS,"Вес KGS в NEER по структуре потребительского импорта (BEC 112, 122, 522, 61, 62, 63) 2015 г., %",1.3592,level
2016-12-31,national,CONSUMER.PLN,"Вес PLN в NEER по структуре потребительского импорта (BEC 112, 122, 522, 61, 62, 63) 2015 г., %",2.7686,level
2016-12-31,national,CONSUMER.RUB,"Вес RUB в NEER по структуре потребительского импорта (BEC 112, 122, 522, 61, 62, 63) 2015 г., %",37.5108,level
2016-12-31,national,CONSUMER.INR,"Вес INR в NEER по структуре потребительского импорта (BEC 112, 122, 522, 61, 62, 63) 2015 г., %",2.5743,level
2016-12-31,national,CONSUMER.CHF,"Вес CHF в NEER по структуре потребительского импорта (BEC 112, 122, 522, 61, 62, 63) 2015 г., %",1.0508,level
2016-12-31,national,CONSUMER.TJS,"Вес TJS в NEER по структуре потребительского импорта (BEC 112, 122, 522, 61, 62, 63) 2015 г., %",0.6231,level
2016-12-31,national,CONSUMER.AED,"Вес AED в NEER по структуре потребительского импорта (BEC 112, 122, 522, 61, 62, 63) 2015 г., %",0.1526,level
2016-12-31,national,CONSUMER.TRY,"Вес TRY в NEER по структуре потребительского импорта (BEC 112, 122, 522, 61, 62, 63) 2015 г., %",4.1088,level
2016-12-31,national,CONSUMER.GBP,"Вес GBP в NEER по структуре потребительского импорта (BEC 112, 122, 522, 61, 62, 63) 2015 г., %",0.9818,level
2016-12-31,national,CONSUMER.UZS,"Вес UZS в NEER по структуре потребительского импорта (BEC 112, 122, 522, 61, 62, 63) 2015 г., %",5.2547,level
2016-12-31,national,COVERAGE_CONSUMER,"Доля потребительского импорта (BEC 112, 122, 522, 61, 62, 63) 2015 г., отнесённая к валютам с курсом НБК, %",86.9982,level
2017-12-31,national,CONSUMER.BYN,"Вес BYN в NEER по структуре потребительского импорта (BEC 112, 122, 522, 61, 62, 63) 2016 г., %",1.9288,level
2017-12-31,national,CONSUMER.CNY,"Вес CNY в NEER по структуре потребительского импорта (BEC 112, 122, 522, 61, 62, 63) 2016 г., %",14.2764,level
2017-12-31,national,CONSUMER.EUR,"Вес EUR в NEER по структуре потребительского импорта (BEC 112, 122, 522, 61, 62, 63) 2016 г., %",15.9704,level
2017-12-31,national,CONSUMER.CZK,"Вес CZK в NEER по структуре потребительского импорта (BEC 112, 122, 522, 61, 62, 63) 2016 г., %",0.4668,level
2017-12-31,national,CONSUMER.USD,"Вес USD в NEER по структуре потребительского импорта (BEC 112, 122, 522, 61, 62, 63) 2016 г., %",4.351,level
2017-12-31,national,CONSUMER.AZN,"Вес AZN в NEER по структуре потребительского импорта (BEC 112, 122, 522, 61, 62, 63) 2016 г., %",0.2678,level
2017-12-31,national,CONSUMER.JPY,"Вес JPY в NEER по структуре потребительского импорта (BEC 112, 122, 522, 61, 62, 63) 2016 г., %",0.223,level
2017-12-31,national,CONSUMER.KRW,"Вес KRW в NEER по структуре потребительского импорта (BEC 112, 122, 522, 61, 62, 63) 2016 г., %",0.9943,level
2017-12-31,national,CONSUMER.KGS,"Вес KGS в NEER по структуре потребительского импорта (BEC 112, 122, 522, 61, 62, 63) 2016 г., %",0.604,level
2017-12-31,national,CONSUMER.PLN,"Вес PLN в NEER по структуре потребительского импорта (BEC 112, 122, 522, 61, 62, 63) 2016 г., %",2.5699,level
2017-12-31,national,CONSUMER.RUB,"Вес RUB в NEER по структуре потребительского импорта (BEC 112, 122, 522, 61, 62, 63) 2016 г., %",42.4087,level
2017-12-31,national,CONSUMER.INR,"Вес INR в NEER по структуре потребительского импорта (BEC 112, 122, 522, 61, 62, 63) 2016 г., %",2.2758,level
2017-12-31,national,CONSUMER.CHF,"Вес CHF в NEER по структуре потребительского импорта (BEC 112, 122, 522, 61, 62, 63) 2016 г., %",1.0028,level
2017-12-31,national,CONSUMER.TJS,"Вес TJS в NEER по структуре потребительского импорта (BEC 112, 122, 522, 61, 62, 63) 2016 г., %",0.4137,level
2017-12-31,national,CONSUMER.AED,"Вес AED в NEER по структуре потребительского импорта (BEC 112, 122, 522, 61, 62, 63) 2016 г., %",0.1188,level
2017-12-31,national,CONSUMER.TRY,"Вес TRY в NEER по структуре потребительского импорта (BEC 112, 122, 522, 61, 62, 63) 2016 г., %",4.2696,level
2017-12-31,national,CONSUMER.GBP,"Вес GBP в NEER по структуре потребительского импорта (BEC 112, 122, 522, 61, 62, 63) 2016 г., %",0.9761,level
2017-12-31,national,CONSUMER.UZS,"Вес UZS в NEER по структуре потребительского импорта (BEC 112, 122, 522, 61, 62, 63) 2016 г., %",6.882,level
2017-12-31,national,COVERAGE_CONSUMER,"Доля потребительского импорта (BEC 112, 122, 522, 61, 62, 63) 2016 г., отнесённая к валютам с курсом НБК, %",87.7809,level
2018-12-31,national,CONSUMER.BYN,"Вес BYN в NEER по структуре потребительского импорта (BEC 112, 122, 522, 61, 62, 63) 2017 г., %",2.8848,level
2018-12-31,national,CONSUMER.CNY,"Вес CNY в NEER по структуре потребительского импорта (BEC 112, 122, 522, 61, 62, 63) 2017 г., %",13.7115,level
2018-12-31,national,CONSUMER.EUR,"Вес EUR в NEER по структуре потребительского импорта (BEC 112, 122, 522, 61, 62, 63) 2017 г., %",16.4662,level
2018-12-31,national,CONSUMER.CZK,"Вес CZK в NEER по структуре потребительского импорта (BEC 112, 122, 522, 61, 62, 63) 2017 г., %",0.2972,level
2018-12-31,national,CONSUMER.USD,"Вес USD в NEER по структуре потребительского импорта (BEC 112, 122, 522, 61, 62, 63) 2017 г., %",3.8604,level
2018-12-31,national,CONSUMER.AZN,"Вес AZN в NEER по структуре потребительского импорта (BEC 112, 122, 522, 61, 62, 63) 2017 г., %",0.0852,level
2018-12-31,national,CONSUMER.JPY,"Вес JPY в NEER по структуре потребительского импорта (BEC 112, 122, 522, 61, 62, 63) 2017 г., %",0.2442,level
2018-12-31,national,CONSUMER.KRW,"Вес KRW в NEER по структуре потребительского импорта (BEC 112, 122, 522, 61, 62, 63) 2017 г., %",0.7061,level
2018-12-31,national,CONSUMER.KGS,"Вес KGS в NEER по структуре потребительского импорта (BEC 112, 122, 522, 61, 62, 63) 2017 г., %",1.4654,level
2018-12-31,national,CONSUMER.PLN,"Вес PLN в NEER по структуре потребительского импорта (BEC 112, 122, 522, 61, 62, 63) 2017 г., %",2.5143,level
2018-12-31,national,CONSUMER.RUB,"Вес RUB в NEER по структуре потребительского импорта (BEC 112, 122, 522, 61, 62, 63) 2017 г., %",43.2762,level
2018-12-31,national,CONSUMER.INR,"Вес INR в NEER по структуре потребительского импорта (BEC 112, 122, 522, 61, 62, 63) 2017 г., %",2.0383,level
2018-12-31,national,CONSUMER.CHF,"Вес CHF в NEER по структуре потребительского импорта (BEC 112, 122, 522, 61, 62, 63) 2017 г., %",0.9262,level
2018-12-31,national,CONSUMER.TJS,"Вес TJS в NEER по структуре потребительского импорта (BEC 112, 122, 522, 61, 62, 63) 2017 г., %",0.2837,level
2018-12-31,national,CONSUMER.AED,"Вес AED в NEER по структуре потребительского импорта (BEC 112, 122, 522, 61, 62, 63) 2017 г., %",0.1055,level
2018-12-31,national,CONSUMER.TRY,"Вес TRY в NEER по структуре потребительского импорта (BEC 112, 122, 522, 61, 62, 63) 2017 г., %",3.8078,level
2018-12-31,national,CONSUMER.GBP,"Вес GBP в NEER по структуре потребительского импорта (BEC 112, 122, 522, 61, 62, 63) 2017 г., %",0.9465,level
2018-12-31,national,CONSUMER.UZS,"Вес UZS в NEER по структуре потребительского импорта (BEC 112, 122, 522, 61, 62, 63) 2017 г., %",6.3806,level
2018-12-31,national,COVERAGE_CONSUMER,"Доля потребительского импорта (BEC 112, 122, 522, 61, 62, 63) 2017 г., отнесённая к валютам с курсом НБК, %",89.0672,level
2019-12-31,national,CONSUMER.BYN,"Вес BYN в NEER по структуре потребительского импорта (BEC 112, 122, 522, 61, 62, 63) 2018 г., %",3.3709,level
2019-12-31,national,CONSUMER.CNY,"Вес CNY в NEER по структуре потребительского импорта (BEC 112, 122, 522, 61, 62, 63) 2018 г., %",13.8828,level
2019-12-31,national,CONSUMER.EUR,"Вес EUR в NEER по структуре потребительского импорта (BEC 112, 122, 522, 61, 62, 63) 2018 г., %",15.6026,level
2019-12-31,national,CONSUMER.CZK,"Вес CZK в NEER по структуре потребительского импорта (BEC 112, 122, 522, 61, 62, 63) 2018 г., %",0.3337,level
2019-12-31,national,CONSUMER.USD,"Вес USD в NEER по структуре потребительского импорта (BEC 112, 122, 522, 61, 62, 63) 2018 г., %",3.9096,level
2019-12-31,national,CONSUMER.AZN,"Вес AZN в NEER по структуре потребительского импорта (BEC 112, 122, 522, 61, 62, 63) 2018 г., %",0.0576,level
2019-12-31,national,CONSUMER.JPY,"Вес JPY в NEER по структуре потребительского импорта (BEC 112, 122, 522, 61, 62, 63) 2018 г., %",0.2961,level
2019-12-31,national,CONSUMER.KRW,"Вес KRW в NEER по структуре потребительского импорта (BEC 112, 122, 522, 61, 62, 63) 2018 г., %",0.774,level
2019-12-31,national,CONSUMER.KGS,"Вес KGS в NEER по структуре потребительского импорта (BEC 112, 122, 522, 61, 62, 63) 2018 г., %",1.0454,level
2019-12-31,national,CONSUMER.PLN,"Вес PLN в NEER по структуре потребительского импорта (BEC 112, 122, 522, 61, 62, 63) 2018 г., %",2.1006,level
2019-12-31,national,CONSUMER.RUB,"Вес RUB в NEER по структуре потребительского импорта (BEC 112, 122, 522, 61, 62, 63) 2018 г., %",43.6026,level
2019-12-31,national,CONSUMER.INR,"Вес INR в NEER по структуре потребительского импорта (BEC 112, 122, 522, 61, 62, 63) 2018 г., %",1.8943,level
2019-12-31,national,CONSUMER.CHF,"Вес CHF в NEER по структуре потребительского импорта (BEC 112, 122, 522, 61, 62, 63) 2018 г., %",1.0121,level
2019-12-31,national,CONSUMER.TJS,"Вес TJS в NEER по структуре потребительского импорта (BEC 112, 122, 522, 61, 62, 63) 2018 г., %",0.2349,level
2019-12-31,national,CONSUMER.AED,"Вес AED в NEER по структуре потребительского импорта (BEC 112, 122, 522, 61, 62, 63) 2018 г., %",0.0987,level
2019-12-31,national,CONSUMER.TRY,"Вес TRY в NEER по структуре потребительского импорта (BEC 112, 122, 522, 61, 62, 63) 2018 г., %",3.9139,level
2019-12-31,national,CONSUMER.GBP,"Вес GBP в NEER по структуре потребительского импорта (BEC 112, 122, 522, 61, 62, 63) 2018 г., %",0.9316,level
2019-12-31,national,CONSUMER.UZS,"Вес UZS в NEER по структуре потребительского импорта (BEC 112, 122, 522, 61, 62, 63) 2018 г., %",6.9386,level
2019-12-31,national,COVERAGE_CONSUMER,"Доля потребительского импорта (BEC 112, 122, 522, 61, 62, 63) 2018 г., отнесённая к валютам с курсом НБК, %",89.1394,level
2020-12-31,national,CONSUMER.BYN,"Вес BYN в NEER по структуре потребительского импорта (BEC 112, 122, 522, 61, 62, 63) 2019 г., %",3.2289,level
2020-12-31,national,CONSUMER.CNY,"Вес CNY в NEER по структуре потребительского импорта (BEC 112, 122, 522, 61, 62, 63) 2019 г., %",18.6611,level
2020-12-31,national,CONSUMER.EUR,"Вес EUR в NEER по структуре потребительского импорта (BEC 112, 122, 522, 61, 62, 63) 2019 г., %",13.3981,level
2020-12-31,national,CONSUMER.CZK,"Вес CZK в NEER по структуре потребительского импорта (BEC 112, 122, 522, 61, 62, 63) 2019 г., %",0.3437,level
2020-12-31,national,CONSUMER.USD,"Вес USD в NEER по структуре потребительского импорта (BEC 112, 122, 522, 61, 62, 63) 2019 г., %",3.9167,level
2020-12-31,national,CONSUMER.AZN,"Вес AZN в NEER по структуре потребительского импорта (BEC 112, 122, 522, 61, 62, 63) 2019 г., %",0.0628,level
2020-12-31,national,CONSUMER.JPY,"Вес JPY в NEER по структуре потребительского импорта (BEC 112, 122, 522, 61, 62, 63) 2019 г., %",0.2543,level
2020-12-31,national,CONSUMER.KRW,"Вес KRW в NEER по структуре потребительского импорта (BEC 112, 122, 522, 61, 62, 63) 2019 г., %",0.6392,level
2020-12-31,national,CONSUMER.KGS,"Вес KGS в NEER по структуре потребительского импорта (BEC 112, 122, 522, 61, 62, 63) 2019 г., %",1.4628,level
2020-12-31,national,CONSUMER.PLN,"Вес PLN в NEER по структуре потребительского импорта (BEC 112, 122, 522, 61, 62, 63) 2019 г., %",2.199,level
2020-12-31,national,CONSUMER.RUB,"Вес RUB в NEER по структуре потребительского импорта (BEC 112, 122, 522, 61, 62, 63) 2019 г., %",43.1131,level
2020-12-31,national,CONSUMER.INR,"Вес INR в NEER по структуре потребительского импорта (BEC 112, 122, 522, 61, 62, 63) 2019 г., %",1.6682,level
2020-12-31,national,CONSUMER.CHF,"Вес CHF в NEER по структуре потребительского импорта (BEC 112, 122, 522, 61, 62, 63) 2019 г., %",0.8439,level
2020-12-31,national,CONSUMER.TJS,"Вес TJS в NEER по структуре потребительского импорта (BEC 112, 122, 522, 61, 62, 63) 2019 г., %",0.1804,level
2020-12-31,national,CONSUMER.AED,"Вес AED в NEER по структуре потребительского импорта (BEC 112, 122, 522, 61, 62, 63) 2019 г., %",0.1221,level
2020-12-31,national,CONSUMER.TRY,"Вес TRY в NEER по структуре потребительского импорта (BEC 112, 122, 522, 61, 62, 63) 2019 г., %",4.436,level
2020-12-31,national,CONSUMER.GBP,"Вес GBP в NEER по структуре потребительского импорта (BEC 112, 122, 522, 61, 62, 63) 2019 г., %",0.8129,level
2020-12-31,national,CONSUMER.UZS,"Вес UZS в NEER по структуре потребительского импорта (BEC 112, 122, 522, 61, 62, 63) 2019 г., %",4.6568,level
2020-12-31,national,COVERAGE_CONSUMER,"Доля потребительского импорта (BEC 112, 122, 522, 61, 62, 63) 2019 г., отнесённая к валютам с курсом НБК, %",90.3386,level
2021-12-31,national,CONSUMER.BYN,"Вес BYN в NEER по структуре потребительского импорта (BEC 112, 122, 522, 61, 62, 63) 2020 г., %",4.0118,level
2021-12-31,national,CONSUMER.CNY,"Вес CNY в NEER по структуре потребительского импорта (BEC 112, 122, 522, 61, 62, 63) 2020 г., %",13.6213,level
2021-12-31,national,CONSUMER.EUR,"Вес EUR в NEER по структуре потребительского импорта (BEC 112, 122, 522, 61, 62, 63) 2020 г., %",13.7275,level
2021-12-31,national,CONSUMER.CZK,"Вес CZK в NEER по структуре потребительского импорта (BEC 112, 122, 522, 61, 62, 63) 2020 г., %",0.3926,level
2021-12-31,national,CONSUMER.USD,"Вес USD в NEER по структуре потребительского импорта (BEC 112, 122, 522, 61, 62, 63) 2020 г., %",3.8492,level
2021-12-31,national,CONSUMER.AZN,"Вес AZN в NEER по структуре потребительского импорта (BEC 112, 122, 522, 61, 62, 63) 2020 г., %",0.1064,level
2021-12-31,national,CONSUMER.JPY,"Вес JPY в NEER по структуре потребительского импорта (BEC 112, 122, 522, 61, 62, 63) 2020 г., %",0.1445,level
2021-12-31,national,CONSUMER.KRW,"Вес KRW в NEER по структуре потребительского импорта (BEC 112, 122, 522, 61, 62, 63) 2020 г., %",0.4529,level
2021-12-31,national,CONSUMER.KGS,"Вес KGS в NEER по структуре потребительского импорта (BEC 112, 122, 522, 61, 62, 63) 2020 г., %",1.0208,level
2021-12-31,national,CONSUMER.PLN,"Вес PLN в NEER по структуре потребительского импорта (BEC 112, 122, 522, 61, 62, 63) 2020 г., %",1.5635,level
2021-12-31,national,CONSUMER.RUB,"Вес RUB в NEER по структуре потребительского импорта (BEC 112, 122, 522, 61, 62, 63) 2020 г., %",47.8541,level
2021-12-31,national,CONSUMER.INR,"Вес INR в NEER по структуре потребительского импорта (BEC 112, 122, 522, 61, 62, 63) 2020 г., %",2.5043,level
2021-12-31,national,CONSUMER.CHF,"Вес CHF в NEER по структуре потребительского импорта (BEC 112, 122, 522, 61, 62, 63) 2020 г., %",0.7518,level
2021-12-31,national,CONSUMER.TJS,"Вес TJS в NEER по структуре потребительского импорта (BEC 112, 122, 522, 61, 62, 63) 2020 г., %",0.2019,level
2021-12-31,national,CONSUMER.AED,"Вес AED в NEER по структуре потребительского импорта (BEC 112, 122, 522, 61, 62, 63) 2020 г., %",0.1215,level
2021-12-31,national,CONSUMER.TRY,"Вес TRY в NEER по структуре потребительского импорта (BEC 112, 122, 522, 61, 62, 63) 2020 г., %",4.2407,level
2021-12-31,national,CONSUMER.GBP,"Вес GBP в NEER по структуре потребительского импорта (BEC 112, 122, 522, 61, 62, 63) 2020 г., %",0.9558,level
2021-12-31,national,CONSUMER.UZS,"Вес UZS в NEER по структуре потребительского импорта (BEC 112, 122, 522, 61, 62, 63) 2020 г., %",4.4795,level
2021-12-31,national,COVERAGE_CONSUMER,"Доля потребительского импорта (BEC 112, 122, 522, 61, 62, 63) 2020 г., отнесённая к валютам с курсом НБК, %",90.0373,level
2022-12-31,national,CONSUMER.BYN,"Вес BYN в NEER по структуре потребительского импорта (BEC 112, 122, 522, 61, 62, 63) 2021 г., %",3.5218,level
2022-12-31,national,CONSUMER.CNY,"Вес CNY в NEER по структуре потребительского импорта (BEC 112, 122, 522, 61, 62, 63) 2021 г., %",16.0137,level
2022-12-31,national,CONSUMER.EUR,"Вес EUR в NEER по структуре потребительского импорта (BEC 112, 122, 522, 61, 62, 63) 2021 г., %",12.5073,level
2022-12-31,national,CONSUMER.CZK,"Вес CZK в NEER по структуре потребительского импорта (BEC 112, 122, 522, 61, 62, 63) 2021 г., %",0.3175,level
2022-12-31,national,CONSUMER.USD,"Вес USD в NEER по структуре потребительского импорта (BEC 112, 122, 522, 61, 62, 63) 2021 г., %",3.1984,level
2022-12-31,national,CONSUMER.AZN,"Вес AZN в NEER по структуре потребительского импорта (BEC 112, 122, 522, 61, 62, 63) 2021 г., %",0.1052,level
2022-12-31,national,CONSUMER.JPY,"Вес JPY в NEER по структуре потребительского импорта (BEC 112, 122, 522, 61, 62, 63) 2021 г., %",0.1661,level
2022-12-31,national,CONSUMER.KRW,"Вес KRW в NEER по структуре потребительского импорта (BEC 112, 122, 522, 61, 62, 63) 2021 г., %",0.5369,level
2022-12-31,national,CONSUMER.KGS,"Вес KGS в NEER по структуре потребительского импорта (BEC 112, 122, 522, 61, 62, 63) 2021 г., %",1.0459,level
2022-12-31,national,CONSUMER.PLN,"Вес PLN в NEER по структуре потребительского импорта (BEC 112, 122, 522, 61, 62, 63) 2021 г., %",1.4454,level
2022-12-31,national,CONSUMER.RUB,"Вес RUB в NEER по структуре потребительского импорта (BEC 112, 122, 522, 61, 62, 63) 2021 г., %",49.1593,level
2022-12-31,national,CONSUMER.INR,"Вес INR в NEER по структуре потребительского импорта (BEC 112, 122, 522, 61, 62, 63) 2021 г., %",1.6043,level
2022-12-31,national,CONSUMER.CHF,"Вес CHF в NEER по структуре потребительского импорта (BEC 112, 122, 522, 61, 62, 63) 2021 г., %",0.6783,level
2022-12-31,national,CONSUMER.TJS,"Вес TJS в NEER по структуре потребительского импорта (BEC 112, 122, 522, 61, 62, 63) 2021 г., %",0.4068,level
2022-12-31,national,CONSUMER.AED,"Вес AED в NEER по структуре потребительского импорта (BEC 112, 122, 522, 61, 62, 63) 2021 г., %",0.0739,level
2022-12-31,national,CONSUMER.TRY,"Вес TRY в NEER по структуре потребительского импорта (BEC 112, 122, 522, 61, 62, 63) 2021 г., %",4.5065,level
2022-12-31,national,CONSUMER.GBP,"Вес GBP в NEER по структуре потребительского импорта (BEC 112, 122, 522, 61, 62, 63) 2021 г., %",0.9578,level
2022-12-31,national,CONSUMER.UZS,"Вес UZS в NEER по структуре потребительского импорта (BEC 112, 122, 522, 61, 62, 63) 2021 г., %",3.755,level
2022-12-31,national,COVERAGE_CONSUMER,"Доля потребительского импорта (BEC 112, 122, 522, 61, 62, 63) 2021 г., отнесённая к валютам с курсом НБК, %",90.8854,level
2023-12-31,national,CONSUMER.BYN,"Вес BYN в NEER по структуре потребительского импорта (BEC 112, 122, 522, 61, 62, 63) 2022 г., %",3.2303,level
2023-12-31,national,CONSUMER.CNY,"Вес CNY в NEER по структуре потребительского импорта (BEC 112, 122, 522, 61, 62, 63) 2022 г., %",18.4842,level
2023-12-31,national,CONSUMER.EUR,"Вес EUR в NEER по структуре потребительского импорта (BEC 112, 122, 522, 61, 62, 63) 2022 г., %",13.0032,level
2023-12-31,national,CONSUMER.CZK,"Вес CZK в NEER по структуре потребительского импорта (BEC 112, 122, 522, 61, 62, 63) 2022 г., %",0.2598,level
2023-12-31,national,CONSUMER.USD,"Вес USD в NEER по структуре потребительского импорта (BEC 112, 122, 522, 61, 62, 63) 2022 г., %",3.5686,level
2023-12-31,national,CONSUMER.AZN,"Вес AZN в NEER по структуре потребительского импорта (BEC 112, 122, 522, 61, 62, 63) 2022 г., %",0.3228,level
2023-12-31,national,CONSUMER.JPY,"Вес JPY в NEER по структуре потребительского импорта (BEC 112, 122, 522, 61, 62, 63) 2022 г., %",0.1486,level
2023-12-31,national,CONSUMER.KRW,"Вес KRW в NEER по структуре потребительского импорта (BEC 112, 122, 522, 61, 62, 63) 2022 г., %",0.5492,level
2023-12-31,national,CONSUMER.KGS,"Вес KGS в NEER по структуре потребительского импорта (BEC 112, 122, 522, 61, 62, 63) 2022 г., %",0.9337,level
2023-12-31,national,CONSUMER.PLN,"Вес PLN в NEER по структуре потребительского импорта (BEC 112, 122, 522, 61, 62, 63) 2022 г., %",1.6279,level
2023-12-31,national,CONSUMER.RUB,"Вес RUB в NEER по структуре потребительского импорта (BEC 112, 122, 522, 61, 62, 63) 2022 г., %",42.528,level
2023-12-31,national,CONSUMER.INR,"Вес INR в NEER по структуре потребительского импорта (BEC 112, 122, 522, 61, 62, 63) 2022 г., %",1.9879,level
2023-12-31,national,CONSUMER.CHF,"Вес CHF в NEER по структуре потребительского импорта (BEC 112, 122, 522, 61, 62, 63) 2022 г., %",0.8597,level
2023-12-31,national,CONSUMER.TJS,"Вес TJS в NEER по структуре потребительского импорта (BEC 112, 122, 522, 61, 62, 63) 2022 г., %",0.7094,level
2023-12-31,national,CONSUMER.AED,"Вес AED в NEER по структуре потребительского импорта (BEC 112, 122, 522, 61, 62, 63) 2022 г., %",0.1341,level
2023-12-31,national,CONSUMER.TRY,"Вес TRY в NEER по структуре потребительского импорта (BEC 112, 122, 522, 61, 62, 63) 2022 г., %",7.5318,level
2023-12-31,national,CONSUMER.GBP,"Вес GBP в NEER по структуре потребительского импорта (BEC 112, 122, 522, 61, 62, 63) 2022 г., %",0.6912,level
2023-12-31,national,CONSUMER.UZS,"Вес UZS в NEER по структуре потребительского импорта (BEC 112, 122, 522, 61, 62, 63) 2022 г., %",3.4296,level
2023-12-31,national,COVERAGE_CONSUMER,"Доля потребительского импорта (BEC 112, 122, 522, 61, 62, 63) 2022 г., отнесённая к валютам с курсом НБК, %",91.1131,level
2024-12-31,national,CONSUMER.BYN,"Вес BYN в NEER по структуре потребительского импорта (BEC 112, 122, 522, 61, 62, 63) 2023 г., %",2.1568,level
2024-12-31,national,CONSUMER.CNY,"Вес CNY в NEER по структуре потребительского импорта (BEC 112, 122, 522, 61, 62, 63) 2023 г., %",37.8788,level
2024-12-31,national,CONSUMER.EUR,"Вес EUR в NEER по структуре потребительского импорта (BEC 112, 122, 522, 61, 62, 63) 2023 г., %",13.2214,level
2024-12-31,national,CONSUMER.CZK,"Вес CZK в NEER по структуре потребительского импорта (BEC 112, 122, 522, 61, 62, 63) 2023 г., %",0.3146,level
2024-12-31,national,CONSUMER.USD,"Вес USD в NEER по структуре потребительского импорта (BEC 112, 122, 522, 61, 62, 63) 2023 г., %",3.1283,level
2024-12-31,national,CONSUMER.AZN,"Вес AZN в NEER по структуре потребительского импорта (BEC 112, 122, 522, 61, 62, 63) 2023 г., %",0.1582,level
2024-12-31,national,CONSUMER.JPY,"Вес JPY в NEER по структуре потребительского импорта (BEC 112, 122, 522, 61, 62, 63) 2023 г., %",0.1841,level
2024-12-31,national,CONSUMER.KRW,"Вес KRW в NEER по структуре потребительского импорта (BEC 112, 122, 522, 61, 62, 63) 2023 г., %",0.7954,level
2024-12-31,national,CONSUMER.KGS,"Вес KGS в NEER по структуре потребительского импорта (BEC 112, 122, 522, 61, 62, 63) 2023 г., %",0.6665,level
2024-12-31,national,CONSUMER.PLN,"Вес PLN в NEER по структуре потребительского импорта (BEC 112, 122, 522, 61, 62, 63) 2023 г., %",1.583,level
2024-12-31,national,CONSUMER.RUB,"Вес RUB в NEER по структуре потребительского импорта (BEC 112, 122, 522, 61, 62, 63) 2023 г., %",27.2744,level
2024-12-31,national,CONSUMER.INR,"Вес INR в NEER по структуре потребительского импорта (BEC 112, 122, 522, 61, 62, 63) 2023 г., %",1.3988,level
2024-12-31,national,CONSUMER.CHF,"Вес CHF в NEER по структуре потребительского импорта (BEC 112, 122, 522, 61, 62, 63) 2023 г., %",1.0576,level
2024-12-31,national,CONSUMER.TJS,"Вес TJS в NEER по структуре потребительского импорта (BEC 112, 122, 522, 61, 62, 63) 2023 г., %",0.4369,level
2024-12-31,national,CONSUMER.AED,"Вес AED в NEER по структуре потребительского импорта (BEC 112, 122, 522, 61, 62, 63) 2023 г., %",0.1273,level
2024-12-31,national,CONSUMER.TRY,"Вес TRY в NEER по структуре потребительского импорта (BEC 112, 122, 522, 61, 62, 63) 2023 г., %",6.5962,level
2024-12-31,national,CONSUMER.GBP,"Вес GBP в NEER по структуре потребительского импорта (BEC 112, 122, 522, 61, 62, 63) 2023 г., %",0.7176,level
2024-12-31,national,CONSUMER.UZS,"Вес UZS в NEER по структуре потребительского импорта (BEC 112, 122, 522, 61, 62, 63) 2023 г., %",2.304,level
2024-12-31,national,COVERAGE_CONSUMER,"Доля потребительского импорта (BEC 112, 122, 522, 61, 62, 63) 2023 г., отнесённая к валютам с курсом НБК, %",89.8048,level
2025-12-31,national,CONSUMER.BYN,"Вес BYN в NEER по структуре потребительского импорта (BEC 112, 122, 522, 61, 62, 63) 2024 г., %",2.3049,level
2025-12-31,national,CONSUMER.CNY,"Вес CNY в NEER по структуре потребительского импорта (BEC 112, 122, 522, 61, 62, 63) 2024 г., %",27.3531,level
2025-12-31,national,CONSUMER.EUR,"Вес EUR в NEER по структуре потребительского импорта (BEC 112, 122, 522, 61, 62, 63) 2024 г., %",15.5787,level
2025-12-31,national,CONSUMER.CZK,"Вес CZK в NEER по структуре потребительского импорта (BEC 112, 122, 522, 61, 62, 63) 2024 г., %",0.3809,level
2025-12-31,national,CONSUMER.USD,"Вес USD в NEER по структуре потребительского импорта (BEC 112, 122, 522, 61, 62, 63) 2024 г., %",3.4249,level
2025-12-31,national,CONSUMER.AZN,"Вес AZN в NEER по структуре потребительского импорта (BEC 112, 122, 522, 61, 62, 63) 2024 г., %",0.1013,level
2025-12-31,national,CONSUMER.JPY,"Вес JPY в NEER по структуре потребительского импорта (BEC 112, 122, 522, 61, 62, 63) 2024 г., %",0.2246,level
2025-12-31,national,CONSUMER.KRW,"Вес KRW в NEER по структуре потребительского импорта (BEC 112, 122, 522, 61, 62, 63) 2024 г., %",0.8845,level
2025-12-31,national,CONSUMER.KGS,"Вес KGS в NEER по структуре потребительского импорта (BEC 112, 122, 522, 61, 62, 63) 2024 г., %",0.696,level
2025-12-31,national,CONSUMER.PLN,"Вес PLN в NEER по структуре потребительского импорта (BEC 112, 122, 522, 61, 62, 63) 2024 г., %",2.0072,level
2025-12-31,national,CONSUMER.RUB,"Вес RUB в NEER по структуре потребительского импорта (BEC 112, 122, 522, 61, 62, 63) 2024 г., %",34.8648,level
2025-12-31,national,CONSUMER.INR,"Вес INR в NEER по структуре потребительского импорта (BEC 112, 122, 522, 61, 62, 63) 2024 г., %",1.5231,level
2025-12-31,national,CONSUMER.CHF,"Вес CHF в NEER по структуре потребительского импорта (BEC 112, 122, 522, 61, 62, 63) 2024 г., %",1.3847,level
2025-12-31,national,CONSUMER.TJS,"Вес TJS в NEER по структуре потребительского импорта (BEC 112, 122, 522, 61, 62, 63) 2024 г., %",0.3355,level
2025-12-31,national,CONSUMER.AED,"Вес AED в NEER по структуре потребительского импорта (BEC 112, 122, 522, 61, 62, 63) 2024 г., %",0.1676,level
2025-12-31,national,CONSUMER.TRY,"Вес TRY в NEER по структуре потребительского импорта (BEC 112, 122, 522, 61, 62, 63) 2024 г., %",5.3431,level
2025-12-31,national,CONSUMER.GBP,"Вес GBP в NEER по структуре потребительского импорта (BEC 112, 122, 522, 61, 62, 63) 2024 г., %",0.7522,level
2025-12-31,national,CONSUMER.UZS,"Вес UZS в NEER по структуре потребительского импорта (BEC 112, 122, 522, 61, 62, 63) 2024 г., %",2.6729,level
2025-12-31,national,COVERAGE_CONSUMER,"Доля потребительского импорта (BEC 112, 122, 522, 61, 62, 63) 2024 г., отнесённая к валютам с курсом НБК, %",88.6289,level
2026-12-31,national,CONSUMER.BYN,"Вес BYN в NEER по структуре потребительского импорта (BEC 112, 122, 522, 61, 62, 63) 2025 г., %",2.812,level
2026-12-31,national,CONSUMER.CNY,"Вес CNY в NEER по структуре потребительского импорта (BEC 112, 122, 522, 61, 62, 63) 2025 г., %",21.7097,level
2026-12-31,national,CONSUMER.EUR,"Вес EUR в NEER по структуре потребительского импорта (BEC 112, 122, 522, 61, 62, 63) 2025 г., %",16.8637,level
2026-12-31,national,CONSUMER.CZK,"Вес CZK в NEER по структуре потребительского импорта (BEC 112, 122, 522, 61, 62, 63) 2025 г., %",0.4185,level
2026-12-31,national,CONSUMER.USD,"Вес USD в NEER по структуре потребительского импорта (BEC 112, 122, 522, 61, 62, 63) 2025 г., %",3.0671,level
2026-12-31,national,CONSUMER.AZN,"Вес AZN в NEER по структуре потребительского импорта (BEC 112, 122, 522, 61, 62, 63) 2025 г., %",0.0846,level
2026-12-31,national,CONSUMER.JPY,"Вес JPY в NEER по структуре потребительского импорта (BEC 112, 122, 522, 61, 62, 63) 2025 г., %",0.2018,level
2026-12-31,national,CONSUMER.KRW,"Вес KRW в NEER по структуре потребительского импорта (BEC 112, 122, 522, 61, 62, 63) 2025 г., %",1.063,level
2026-12-31,national,CONSUMER.KGS,"Вес KGS в NEER по структуре потребительского импорта (BEC 112, 122, 522, 61, 62, 63) 2025 г., %",0.8793,level
2026-12-31,national,CONSUMER.PLN,"Вес PLN в NEER по структуре потребительского импорта (BEC 112, 122, 522, 61, 62, 63) 2025 г., %",2.056,level
2026-12-31,national,CONSUMER.RUB,"Вес RUB в NEER по структуре потребительского импорта (BEC 112, 122, 522, 61, 62, 63) 2025 г., %",39.2968,level
2026-12-31,national,CONSUMER.INR,"Вес INR в NEER по структуре потребительского импорта (BEC 112, 122, 522, 61, 62, 63) 2025 г., %",1.5967,level
2026-12-31,national,CONSUMER.CHF,"Вес CHF в NEER по структуре потребительского импорта (BEC 112, 122, 522, 61, 62, 63) 2025 г., %",1.2985,level
2026-12-31,national,CONSUMER.TJS,"Вес TJS в NEER по структуре потребительского импорта (BEC 112, 122, 522, 61, 62, 63) 2025 г., %",0.3226,level
2026-12-31,national,CONSUMER.AED,"Вес AED в NEER по структуре потребительского импорта (BEC 112, 122, 522, 61, 62, 63) 2025 г., %",0.1367,level
2026-12-31,national,CONSUMER.TRY,"Вес TRY в NEER по структуре потребительского импорта (BEC 112, 122, 522, 61, 62, 63) 2025 г., %",4.6676,level
2026-12-31,national,CONSUMER.GBP,"Вес GBP в NEER по структуре потребительского импорта (BEC 112, 122, 522, 61, 62, 63) 2025 г., %",0.8482,level
2026-12-31,national,CONSUMER.UZS,"Вес UZS в NEER по структуре потребительского импорта (BEC 112, 122, 522, 61, 62, 63) 2025 г., %",2.6772,level
2026-12-31,national,COVERAGE_CONSUMER,"Доля потребительского импорта (BEC 112, 122, 522, 61, 62, 63) 2025 г., отнесённая к валютам с курсом НБК, %",87.7245,level
1996-12-31,national,TOTAL.BYN,"Вес BYN в NEER по структуре всего импорта товаров 1995 г., %",2.7816,level
1996-12-31,national,TOTAL.CNY,"Вес CNY в NEER по структуре всего импорта товаров 1995 г., %",1.2404,level
1996-12-31,national,TOTAL.CZK,"Вес CZK в NEER по структуре всего импорта товаров 1995 г., %",0.7981,level
1996-12-31,national,TOTAL.USD,"Вес USD в NEER по структуре всего импорта товаров 1995 г., %",2.4986,level
1996-12-31,national,TOTAL.AZN,"Вес AZN в NEER по структуре всего импорта товаров 1995 г., %",0.9031,level
1996-12-31,national,TOTAL.JPY,"Вес JPY в NEER по структуре всего импорта товаров 1995 г., %",0.2996,level
1996-12-31,national,TOTAL.KRW,"Вес KRW в NEER по структуре всего импорта товаров 1995 г., %",1.5456,level
1996-12-31,national,TOTAL.KGS,"Вес KGS в NEER по структуре всего импорта товаров 1995 г., %",1.1073,level
1996-12-31,national,TOTAL.PLN,"Вес PLN в NEER по структуре всего импорта товаров 1995 г., %",0.7088,level
1996-12-31,national,TOTAL.RUB,"Вес RUB в NEER по структуре всего импорта товаров 1995 г., %",67.9347,level
1996-12-31,national,TOTAL.INR,"Вес INR в NEER по структуре всего импорта товаров 1995 г., %",0.5065,level
1996-12-31,national,TOTAL.CHF,"Вес CHF в NEER по структуре всего импорта товаров 1995 г., %",2.0049,level
1996-12-31,national,TOTAL.TJS,"Вес TJS в NEER по структуре всего импорта товаров 1995 г., %",0.4342,level
1996-12-31,national,TOTAL.AED,"Вес AED в NEER по структуре всего импорта товаров 1995 г., %",0.1841,level
1996-12-31,national,TOTAL.TRY,"Вес TRY в NEER по структуре всего импорта товаров 1995 г., %",4.4176,level
1996-12-31,national,TOTAL.GBP,"Вес GBP в NEER по структуре всего импорта товаров 1995 г., %",2.9924,level
1996-12-31,national,TOTAL.UZS,"Вес UZS в NEER по структуре всего импорта товаров 1995 г., %",9.6423,level
1996-12-31,national,COVERAGE_TOTAL,"Доля всего импорта товаров 1995 г., отнесённая к валютам с курсом НБК, %",73.448,level
1997-12-31,national,TOTAL.BYN,"Вес BYN в NEER по структуре всего импорта товаров 1996 г., %",3.7079,level
1997-12-31,national,TOTAL.CNY,"Вес CNY в NEER по структуре всего импорта товаров 1996 г., %",1.1025,level
1997-12-31,national,TOTAL.CZK,"Вес CZK в NEER по структуре всего импорта товаров 1996 г., %",0.8098,level
1997-12-31,national,TOTAL.USD,"Вес USD в NEER по структуре всего импорта товаров 1996 г., %",2.0974,level
1997-12-31,national,TOTAL.AZN,"Вес AZN в NEER по структуре всего импорта товаров 1996 г., %",0.6941,level
1997-12-31,national,TOTAL.JPY,"Вес JPY в NEER по структуре всего импорта товаров 1996 г., %",0.5561,level
1997-12-31,national,TOTAL.KRW,"Вес KRW в NEER по структуре всего импорта товаров 1996 г., %",2.7029,level
1997-12-31,national,TOTAL.KGS,"Вес KGS в NEER по структуре всего импорта товаров 1996 г., %",2.794,level
1997-12-31,national,TOTAL.PLN,"Вес PLN в NEER по структуре всего импорта товаров 1996 г., %",1.2885,level
1997-12-31,national,TOTAL.RUB,"Вес RUB в NEER по структуре всего импорта товаров 1996 г., %",71.4975,level
1997-12-31,national,TOTAL.INR,"Вес INR в NEER по структуре всего импорта товаров 1996 г., %",0.5343,level
1997-12-31,national,TOTAL.CHF,"Вес CHF в NEER по структуре всего импорта товаров 1996 г., %",1.434,level
1997-12-31,national,TOTAL.TJS,"Вес TJS в NEER по структуре всего импорта товаров 1996 г., %",0.539,level
1997-12-31,national,TOTAL.AED,"Вес AED в NEER по структуре всего импорта товаров 1996 г., %",0.4858,level
1997-12-31,national,TOTAL.TRY,"Вес TRY в NEER по структуре всего импорта товаров 1996 г., %",4.6538,level
1997-12-31,national,TOTAL.GBP,"Вес GBP в NEER по структуре всего импорта товаров 1996 г., %",2.3553,level
1997-12-31,national,TOTAL.UZS,"Вес UZS в NEER по структуре всего импорта товаров 1996 г., %",2.7472,level
1997-12-31,national,COVERAGE_TOTAL,"Доля всего импорта товаров 1996 г., отнесённая к валютам с курсом НБК, %",76.6454,level
1998-12-31,national,TOTAL.BYN,"Вес BYN в NEER по структуре всего импорта товаров 1997 г., %",1.8748,level
1998-12-31,national,TOTAL.CNY,"Вес CNY в NEER по структуре всего импорта товаров 1997 г., %",1.5006,level
1998-12-31,national,TOTAL.CZK,"Вес CZK в NEER по структуре всего импорта товаров 1997 г., %",1.0114,level
1998-12-31,national,TOTAL.USD,"Вес USD в NEER по структуре всего импорта товаров 1997 г., %",6.5626,level
1998-12-31,national,TOTAL.AZN,"Вес AZN в NEER по структуре всего импорта товаров 1997 г., %",0.6241,level
1998-12-31,national,TOTAL.JPY,"Вес JPY в NEER по структуре всего импорта товаров 1997 г., %",0.9311,level
1998-12-31,national,TOTAL.KRW,"Вес KRW в NEER по структуре всего импорта товаров 1997 г., %",4.1716,level
1998-12-31,national,TOTAL.KGS,"Вес KGS в NEER по структуре всего импорта товаров 1997 г., %",2.0436,level
1998-12-31,national,TOTAL.PLN,"Вес PLN в NEER по структуре всего импорта товаров 1997 г., %",1.3164,level
1998-12-31,national,TOTAL.RUB,"Вес RUB в NEER по структуре всего импорта товаров 1997 г., %",63.3846,level
1998-12-31,national,TOTAL.INR,"Вес INR в NEER по структуре всего импорта товаров 1997 г., %",0.6398,level
1998-12-31,national,TOTAL.CHF,"Вес CHF в NEER по структуре всего импорта товаров 1997 г., %",1.7233,level
1998-12-31,national,TOTAL.TJS,"Вес TJS в NEER по структуре всего импорта товаров 1997 г., %",0.2036,level
1998-12-31,national,TOTAL.AED,"Вес AED в NEER по структуре всего импорта товаров 1997 г., %",1.634,level
1998-12-31,national,TOTAL.TRY,"Вес TRY в NEER по структуре всего импорта товаров 1997 г., %",5.7015,level
1998-12-31,national,TOTAL.GBP,"Вес GBP в NEER по структуре всего импорта товаров 1997 г., %",4.5527,level
1998-12-31,national,TOTAL.UZS,"Вес UZS в NEER по структуре всего импорта товаров 1997 г., %",2.1244,level
1998-12-31,national,COVERAGE_TOTAL,"Доля всего импорта товаров 1997 г., отнесённая к валютам с курсом НБК, %",72.2236,level
1999-12-31,national,TOTAL.BYN,"Вес BYN в NEER по структуре всего импорта товаров 1998 г., %",2.0264,level
1999-12-31,national,TOTAL.CNY,"Вес CNY в NEER по структуре всего импорта товаров 1998 г., %",1.6788,level
1999-12-31,national,TOTAL.CZK,"Вес CZK в NEER по структуре всего импорта товаров 1998 г., %",1.7404,level
1999-12-31,national,TOTAL.USD,"Вес USD в NEER по структуре всего импорта товаров 1998 г., %",8.9601,level
1999-12-31,national,TOTAL.AZN,"Вес AZN в NEER по структуре всего импорта товаров 1998 г., %",0.3013,level
1999-12-31,national,TOTAL.JPY,"Вес JPY в NEER по структуре всего импорта товаров 1998 г., %",2.2579,level
1999-12-31,national,TOTAL.KRW,"Вес KRW в NEER по структуре всего импорта товаров 1998 г., %",3.3377,level
1999-12-31,national,TOTAL.KGS,"Вес KGS в NEER по структуре всего импорта товаров 1998 г., %",1.606,level
1999-12-31,national,TOTAL.PLN,"Вес PLN в NEER по структуре всего импорта товаров 1998 г., %",1.5525,level
1999-12-31,national,TOTAL.RUB,"Вес RUB в NEER по структуре всего импорта товаров 1998 г., %",55.4973,level
1999-12-31,national,TOTAL.INR,"Вес INR в NEER по структуре всего импорта товаров 1998 г., %",1.1975,level
1999-12-31,national,TOTAL.CHF,"Вес CHF в NEER по структуре всего импорта товаров 1998 г., %",2.2193,level
1999-12-31,national,TOTAL.TJS,"Вес TJS в NEER по структуре всего импорта товаров 1998 г., %",0.128,level
1999-12-31,national,TOTAL.AED,"Вес AED в NEER по структуре всего импорта товаров 1998 г., %",0.4877,level
1999-12-31,national,TOTAL.TRY,"Вес TRY в NEER по структуре всего импорта товаров 1998 г., %",6.7094,level
1999-12-31,national,TOTAL.GBP,"Вес GBP в NEER по структуре всего импорта товаров 1998 г., %",7.1005,level
1999-12-31,national,TOTAL.UZS,"Вес UZS в NEER по структуре всего импорта товаров 1998 г., %",3.1994,level
1999-12-31,national,COVERAGE_TOTAL,"Доля всего импорта товаров 1998 г., отнесённая к валютам с курсом НБК, %",70.7254,level
2000-12-31,national,TOTAL.BYN,"Вес BYN в NEER по структуре всего импорта товаров 1999 г., %",1.1719,level
2000-12-31,national,TOTAL.CNY,"Вес CNY в NEER по структуре всего импорта товаров 1999 г., %",2.5331,level
2000-12-31,national,TOTAL.CZK,"Вес CZK в NEER по структуре всего импорта товаров 1999 г., %",0.8271,level
2000-12-31,national,TOTAL.USD,"Вес USD в NEER по структуре всего импорта товаров 1999 г., %",10.5929,level
2000-12-31,national,TOTAL.EUR,"Вес EUR в NEER по структуре всего импорта товаров 1999 г., %",19.8499,level
2000-12-31,national,TOTAL.AZN,"Вес AZN в NEER по структуре всего импорта товаров 1999 г., %",0.1268,level
2000-12-31,national,TOTAL.JPY,"Вес JPY в NEER по структуре всего импорта товаров 1999 г., %",3.619,level
2000-12-31,national,TOTAL.KRW,"Вес KRW в NEER по структуре всего импорта товаров 1999 г., %",1.4997,level
2000-12-31,national,TOTAL.KGS,"Вес KGS в NEER по структуре всего импорта товаров 1999 г., %",0.9951,level
2000-12-31,national,TOTAL.PLN,"Вес PLN в NEER по структуре всего импорта товаров 1999 г., %",1.9173,level
2000-12-31,national,TOTAL.RUB,"Вес RUB в NEER по структуре всего импорта товаров 1999 г., %",41.2022,level
2000-12-31,national,TOTAL.INR,"Вес INR в NEER по структуре всего импорта товаров 1999 г., %",0.9358,level
2000-12-31,national,TOTAL.CHF,"Вес CHF в NEER по структуре всего импорта товаров 1999 г., %",1.2735,level
2000-12-31,national,TOTAL.TJS,"Вес TJS в NEER по структуре всего импорта товаров 1999 г., %",0.0906,level
2000-12-31,national,TOTAL.AED,"Вес AED в NEER по структуре всего импорта товаров 1999 г., %",0.4027,level
2000-12-31,national,TOTAL.TRY,"Вес TRY в NEER по структуре всего импорта товаров 1999 г., %",3.2419,level
2000-12-31,national,TOTAL.GBP,"Вес GBP в NEER по структуре всего импорта товаров 1999 г., %",6.8794,level
2000-12-31,national,TOTAL.UZS,"Вес UZS в NEER по структуре всего импорта товаров 1999 г., %",2.8412,level
2000-12-31,national,COVERAGE_TOTAL,"Доля всего импорта товаров 1999 г., отнесённая к валютам с курсом НБК, %",89.7233,level
2001-12-31,national,TOTAL.BYN,"Вес BYN в NEER по структуре всего импорта товаров 2000 г., %",0.8857,level
2001-12-31,national,TOTAL.CNY,"Вес CNY в NEER по структуре всего импорта товаров 2000 г., %",3.3818,level
2001-12-31,national,TOTAL.EUR,"Вес EUR в NEER по структуре всего импорта товаров 2000 г., %",17.1469,level
2001-12-31,national,TOTAL.CZK,"Вес CZK в NEER по структуре всего импорта товаров 2000 г., %",0.7593,level
2001-12-31,national,TOTAL.USD,"Вес USD в NEER по структуре всего импорта товаров 2000 г., %",6.3387,level
2001-12-31,national,TOTAL.AZN,"Вес AZN в NEER по структуре всего импорта товаров 2000 г., %",0.2224,level
2001-12-31,national,TOTAL.JPY,"Вес JPY в NEER по структуре всего импорта товаров 2000 г., %",2.3545,level
2001-12-31,national,TOTAL.KRW,"Вес KRW в NEER по структуре всего импорта товаров 2000 г., %",1.8728,level
2001-12-31,national,TOTAL.KGS,"Вес KGS в NEER по структуре всего импорта товаров 2000 г., %",0.674,level
2001-12-31,national,TOTAL.PLN,"Вес PLN в NEER по структуре всего импорта товаров 2000 г., %",1.3133,level
2001-12-31,national,TOTAL.RUB,"Вес RUB в NEER по структуре всего импорта товаров 2000 г., %",52.4062,level
2001-12-31,national,TOTAL.INR,"Вес INR в NEER по структуре всего импорта товаров 2000 г., %",1.0279,level
2001-12-31,national,TOTAL.CHF,"Вес CHF в NEER по структуре всего импорта товаров 2000 г., %",1.221,level
2001-12-31,national,TOTAL.TJS,"Вес TJS в NEER по структуре всего импорта товаров 2000 г., %",0.0979,level
2001-12-31,national,TOTAL.AED,"Вес AED в NEER по структуре всего импорта товаров 2000 г., %",0.494,level
2001-12-31,national,TOTAL.TRY,"Вес TRY в NEER по структуре всего импорта товаров 2000 г., %",3.2257,level
2001-12-31,national,TOTAL.GBP,"Вес GBP в NEER по структуре всего импорта товаров 2000 г., %",4.9982,level
2001-12-31,national,TOTAL.UZS,"Вес UZS в NEER по структуре всего импорта товаров 2000 г., %",1.5798,level
2001-12-31,national,COVERAGE_TOTAL,"Доля всего импорта товаров 2000 г., отнесённая к валютам с курсом НБК, %",89.487,level
2002-12-31,national,TOTAL.BYN,"Вес BYN в NEER по структуре всего импорта товаров 2001 г., %",0.8304,level
2002-12-31,national,TOTAL.CNY,"Вес CNY в NEER по структуре всего импорта товаров 2001 г., %",3.0813,level
2002-12-31,national,TOTAL.CZK,"Вес CZK в NEER по структуре всего импорта товаров 2001 г., %",0.8243,level
2002-12-31,national,TOTAL.USD,"Вес USD в NEER по структуре всего импорта товаров 2001 г., %",6.3777,level
2002-12-31,national,TOTAL.EUR,"Вес EUR в NEER по структуре всего импорта товаров 2001 г., %",22.2541,level
2002-12-31,national,TOTAL.AZN,"Вес AZN в NEER по структуре всего импорта товаров 2001 г., %",0.1923,level
2002-12-31,national,TOTAL.JPY,"Вес JPY в NEER по структуре всего импорта товаров 2001 г., %",2.5433,level
2002-12-31,national,TOTAL.KRW,"Вес KRW в NEER по структуре всего импорта товаров 2001 г., %",1.9811,level
2002-12-31,national,TOTAL.KGS,"Вес KGS в NEER по структуре всего импорта товаров 2001 г., %",0.5994,level
2002-12-31,national,TOTAL.PLN,"Вес PLN в NEER по структуре всего импорта товаров 2001 г., %",1.0992,level
2002-12-31,national,TOTAL.RUB,"Вес RUB в NEER по структуре всего импорта товаров 2001 г., %",49.3037,level
2002-12-31,national,TOTAL.INR,"Вес INR в NEER по структуре всего импорта товаров 2001 г., %",0.8053,level
2002-12-31,national,TOTAL.CHF,"Вес CHF в NEER по структуре всего импорта товаров 2001 г., %",1.0903,level
2002-12-31,national,TOTAL.TJS,"Вес TJS в NEER по структуре всего импорта товаров 2001 г., %",0.0404,level
2002-12-31,national,TOTAL.AED,"Вес AED в NEER по структуре всего импорта товаров 2001 г., %",0.603,level
2002-12-31,national,TOTAL.TRY,"Вес TRY в NEER по структуре всего импорта товаров 2001 г., %",2.4525,level
2002-12-31,national,TOTAL.GBP,"Вес GBP в NEER по структуре всего импорта товаров 2001 г., %",4.4689,level
2002-12-31,national,TOTAL.UZS,"Вес UZS в NEER по структуре всего импорта товаров 2001 г., %",1.4527,level
2002-12-31,national,COVERAGE_TOTAL,"Доля всего импорта товаров 2001 г., отнесённая к валютам с курсом НБК, %",88.8756,level
2003-12-31,national,TOTAL.BYN,"Вес BYN в NEER по структуре всего импорта товаров 2002 г., %",0.9552,level
2003-12-31,national,TOTAL.CNY,"Вес CNY в NEER по структуре всего импорта товаров 2002 г., %",5.456,level
2003-12-31,national,TOTAL.CZK,"Вес CZK в NEER по структуре всего импорта товаров 2002 г., %",0.9278,level
2003-12-31,national,TOTAL.USD,"Вес USD в NEER по структуре всего импорта товаров 2002 г., %",8.0784,level
2003-12-31,national,TOTAL.EUR,"Вес EUR в NEER по структуре всего импорта товаров 2002 г., %",21.4554,level
2003-12-31,national,TOTAL.AZN,"Вес AZN в NEER по структуре всего импорта товаров 2002 г., %",0.2697,level
2003-12-31,national,TOTAL.JPY,"Вес JPY в NEER по структуре всего импорта товаров 2002 г., %",2.8692,level
2003-12-31,national,TOTAL.KRW,"Вес KRW в NEER по структуре всего импорта товаров 2002 г., %",1.9209,level
2003-12-31,national,TOTAL.KGS,"Вес KGS в NEER по структуре всего импорта товаров 2002 г., %",0.5543,level
2003-12-31,national,TOTAL.PLN,"Вес PLN в NEER по структуре всего импорта товаров 2002 г., %",1.3012,level
2003-12-31,national,TOTAL.RUB,"Вес RUB в NEER по структуре всего импорта товаров 2002 г., %",44.3941,level
2003-12-31,national,TOTAL.INR,"Вес INR в NEER по структуре всего импорта товаров 2002 г., %",0.9611,level
2003-12-31,national,TOTAL.CHF,"Вес CHF в NEER по структуре всего импорта товаров 2002 г., %",1.0552,level
2003-12-31,national,TOTAL.TJS,"Вес TJS в NEER по структуре всего импорта товаров 2002 г., %",0.0522,level
2003-12-31,national,TOTAL.AED,"Вес AED в NEER по структуре всего импорта товаров 2002 г., %",0.6885,level
2003-12-31,national,TOTAL.TRY,"Вес TRY в NEER по структуре всего импорта товаров 2002 г., %",3.0262,level
2003-12-31,national,TOTAL.GBP,"Вес GBP в NEER по структуре всего импорта товаров 2002 г., %",4.5269,level
2003-12-31,national,TOTAL.UZS,"Вес UZS в NEER по структуре всего импорта товаров 2002 г., %",1.5081,level
2003-12-31,national,COVERAGE_TOTAL,"Доля всего импорта товаров 2002 г., отнесённая к валютам с курсом НБК, %",87.1783,level
2004-12-31,national,TOTAL.BYN,"Вес BYN в NEER по структуре всего импорта товаров 2003 г., %",1.3012,level
2004-12-31,national,TOTAL.CNY,"Вес CNY в NEER по структуре всего импорта товаров 2003 г., %",7.1807,level
2004-12-31,national,TOTAL.CZK,"Вес CZK в NEER по структуре всего импорта товаров 2003 г., %",0.5141,level
2004-12-31,national,TOTAL.USD,"Вес USD в NEER по структуре всего импорта товаров 2003 г., %",6.715,level
2004-12-31,national,TOTAL.EUR,"Вес EUR в NEER по структуре всего импорта товаров 2003 г., %",22.5201,level
2004-12-31,national,TOTAL.AZN,"Вес AZN в NEER по структуре всего импорта товаров 2003 г., %",0.1877,level
2004-12-31,national,TOTAL.JPY,"Вес JPY в NEER по структуре всего импорта товаров 2003 г., %",2.9074,level
2004-12-31,national,TOTAL.KRW,"Вес KRW в NEER по структуре всего импорта товаров 2003 г., %",1.5711,level
2004-12-31,national,TOTAL.KGS,"Вес KGS в NEER по структуре всего импорта товаров 2003 г., %",0.7507,level
2004-12-31,national,TOTAL.PLN,"Вес PLN в NEER по структуре всего импорта товаров 2003 г., %",1.6064,level
2004-12-31,national,TOTAL.RUB,"Вес RUB в NEER по структуре всего импорта товаров 2003 г., %",44.9425,level
2004-12-31,national,TOTAL.INR,"Вес INR в NEER по структуре всего импорта товаров 2003 г., %",1.0014,level
2004-12-31,national,TOTAL.CHF,"Вес CHF в NEER по структуре всего импорта товаров 2003 г., %",0.8519,level
2004-12-31,national,TOTAL.TJS,"Вес TJS в NEER по структуре всего импорта товаров 2003 г., %",0.0995,level
2004-12-31,national,TOTAL.AED,"Вес AED в NEER по структуре всего импорта товаров 2003 г., %",0.3461,level
2004-12-31,national,TOTAL.TRY,"Вес TRY в NEER по структуре всего импорта товаров 2003 г., %",2.8653,level
2004-12-31,national,TOTAL.GBP,"Вес GBP в NEER по структуре всего импорта товаров 2003 г., %",3.4087,level
2004-12-31,national,TOTAL.UZS,"Вес UZS в NEER по структуре всего импорта товаров 2003 г., %",1.2301,level
2004-12-31,national,COVERAGE_TOTAL,"Доля всего импорта товаров 2003 г., отнесённая к валютам с курсом НБК, %",86.8033,level
2005-12-31,national,TOTAL.BYN,"Вес BYN в NEER по структуре всего импорта товаров 2004 г., %",1.3215,level
2005-12-31,national,TOTAL.CNY,"Вес CNY в NEER по структуре всего импорта товаров 2004 г., %",6.9672,level
2005-12-31,national,TOTAL.CZK,"Вес CZK в NEER по структуре всего импорта товаров 2004 г., %",0.9102,level
2005-12-31,national,TOTAL.USD,"Вес USD в NEER по структуре всего импорта товаров 2004 г., %",5.3445,level
2005-12-31,national,TOTAL.EUR,"Вес EUR в NEER по структуре всего импорта товаров 2004 г., %",22.8013,level
2005-12-31,national,TOTAL.AZN,"Вес AZN в NEER по структуре всего импорта товаров 2004 г., %",0.148,level
2005-12-31,national,TOTAL.JPY,"Вес JPY в NEER по структуре всего импорта товаров 2004 г., %",3.6588,level
2005-12-31,national,TOTAL.KRW,"Вес KRW в NEER по структуре всего импорта товаров 2004 г., %",2.276,level
2005-12-31,national,TOTAL.KGS,"Вес KGS в NEER по структуре всего импорта товаров 2004 г., %",0.8375,level
2005-12-31,national,TOTAL.PLN,"Вес PLN в NEER по структуре всего импорта товаров 2004 г., %",1.5598,level
2005-12-31,national,TOTAL.RUB,"Вес RUB в NEER по структуре всего импорта товаров 2004 г., %",44.1775,level
2005-12-31,national,TOTAL.INR,"Вес INR в NEER по структуре всего импорта товаров 2004 г., %",0.7904,level
2005-12-31,national,TOTAL.CHF,"Вес CHF в NEER по структуре всего импорта товаров 2004 г., %",0.9854,level
2005-12-31,national,TOTAL.TJS,"Вес TJS в NEER по структуре всего импорта товаров 2004 г., %",0.032,level
2005-12-31,national,TOTAL.AED,"Вес AED в NEER по структуре всего импорта товаров 2004 г., %",0.1859,level
2005-12-31,national,TOTAL.TRY,"Вес TRY в NEER по структуре всего импорта товаров 2004 г., %",3.1457,level
2005-12-31,national,TOTAL.GBP,"Вес GBP в NEER по структуре всего импорта товаров 2004 г., %",2.7669,level
2005-12-31,national,TOTAL.UZS,"Вес UZS в NEER по структуре всего импорта товаров 2004 г., %",2.0914,level
2005-12-31,national,COVERAGE_TOTAL,"Доля всего импорта товаров 2004 г., отнесённая к валютам с курсом НБК, %",85.1989,level
2006-12-31,national,TOTAL.BYN,"Вес BYN в NEER по структуре всего импорта товаров 2005 г., %",1.3848,level
2006-12-31,national,TOTAL.CNY,"Вес CNY в NEER по структуре всего импорта товаров 2005 г., %",8.3347,level
2006-12-31,national,TOTAL.EUR,"Вес EUR в NEER по структуре всего импорта товаров 2005 г., %",20.2506,level
2006-12-31,national,TOTAL.CZK,"Вес CZK в NEER по структуре всего импорта товаров 2005 г., %",0.6372,level
2006-12-31,national,TOTAL.USD,"Вес USD в NEER по структуре всего импорта товаров 2005 г., %",8.1382,level
2006-12-31,national,TOTAL.AZN,"Вес AZN в NEER по структуре всего импорта товаров 2005 г., %",0.1418,level
2006-12-31,national,TOTAL.JPY,"Вес JPY в NEER по структуре всего импорта товаров 2005 г., %",3.9854,level
2006-12-31,national,TOTAL.KRW,"Вес KRW в NEER по структуре всего импорта товаров 2005 г., %",1.7052,level
2006-12-31,national,TOTAL.KGS,"Вес KGS в NEER по структуре всего импорта товаров 2005 г., %",0.7895,level
2006-12-31,national,TOTAL.PLN,"Вес PLN в NEER по структуре всего импорта товаров 2005 г., %",1.3124,level
2006-12-31,national,TOTAL.RUB,"Вес RUB в NEER по структуре всего импорта товаров 2005 г., %",43.8212,level
2006-12-31,national,TOTAL.INR,"Вес INR в NEER по структуре всего импорта товаров 2005 г., %",0.6721,level
2006-12-31,national,TOTAL.CHF,"Вес CHF в NEER по структуре всего импорта товаров 2005 г., %",1.3398,level
2006-12-31,national,TOTAL.TJS,"Вес TJS в NEER по структуре всего импорта товаров 2005 г., %",0.1129,level
2006-12-31,national,TOTAL.AED,"Вес AED в NEER по структуре всего импорта товаров 2005 г., %",0.2004,level
2006-12-31,national,TOTAL.TRY,"Вес TRY в NEER по структуре всего импорта товаров 2005 г., %",2.6614,level
2006-12-31,national,TOTAL.GBP,"Вес GBP в NEER по структуре всего импорта товаров 2005 г., %",2.8183,level
2006-12-31,national,TOTAL.UZS,"Вес UZS в NEER по структуре всего импорта товаров 2005 г., %",1.6942,level
2006-12-31,national,COVERAGE_TOTAL,"Доля всего импорта товаров 2005 г., отнесённая к валютам с курсом НБК, %",86.6526,level
2007-12-31,national,TOTAL.BYN,"Вес BYN в NEER по структуре всего импорта товаров 2006 г., %",1.3736,level
2007-12-31,national,TOTAL.CNY,"Вес CNY в NEER по структуре всего импорта товаров 2006 г., %",9.2986,level
2007-12-31,national,TOTAL.EUR,"Вес EUR в NEER по структуре всего импорта товаров 2006 г., %",22.4901,level
2007-12-31,national,TOTAL.CZK,"Вес CZK в NEER по структуре всего импорта товаров 2006 г., %",0.6065,level
2007-12-31,national,TOTAL.USD,"Вес USD в NEER по структуре всего импорта товаров 2006 г., %",5.4507,level
2007-12-31,national,TOTAL.AZN,"Вес AZN в NEER по структуре всего импорта товаров 2006 г., %",0.3421,level
2007-12-31,national,TOTAL.JPY,"Вес JPY в NEER по структуре всего импорта товаров 2006 г., %",4.4159,level
2007-12-31,national,TOTAL.KRW,"Вес KRW в NEER по структуре всего импорта товаров 2006 г., %",1.7336,level
2007-12-31,national,TOTAL.KGS,"Вес KGS в NEER по структуре всего импорта товаров 2006 г., %",0.6709,level
2007-12-31,national,TOTAL.PLN,"Вес PLN в NEER по структуре всего импорта товаров 2006 г., %",1.4656,level
2007-12-31,national,TOTAL.RUB,"Вес RUB в NEER по структуре всего импорта товаров 2006 г., %",43.7851,level
2007-12-31,national,TOTAL.INR,"Вес INR в NEER по структуре всего импорта товаров 2006 г., %",0.7273,level
2007-12-31,national,TOTAL.CHF,"Вес CHF в NEER по структуре всего импорта товаров 2006 г., %",0.47,level
2007-12-31,national,TOTAL.TJS,"Вес TJS в NEER по структуре всего импорта товаров 2006 г., %",0.1339,level
2007-12-31,national,TOTAL.AED,"Вес AED в NEER по структуре всего импорта товаров 2006 г., %",0.3526,level
2007-12-31,national,TOTAL.TRY,"Вес TRY в NEER по структуре всего импорта товаров 2006 г., %",2.6968,level
2007-12-31,national,TOTAL.GBP,"Вес GBP в NEER по структуре всего импорта товаров 2006 г., %",2.4453,level
2007-12-31,national,TOTAL.UZS,"Вес UZS в NEER по структуре всего импорта товаров 2006 г., %",1.5414,level
2007-12-31,national,COVERAGE_TOTAL,"Доля всего импорта товаров 2006 г., отнесённая к валютам с курсом НБК, %",87.4914,level
2008-12-31,national,TOTAL.BYN,"Вес BYN в NEER по структуре всего импорта товаров 2007 г., %",1.3773,level
2008-12-31,national,TOTAL.CNY,"Вес CNY в NEER по структуре всего импорта товаров 2007 г., %",12.1997,level
2008-12-31,national,TOTAL.CZK,"Вес CZK в NEER по структуре всего импорта товаров 2007 г., %",0.6003,level
2008-12-31,national,TOTAL.USD,"Вес USD в NEER по структуре всего импорта товаров 2007 г., %",5.7454,level
2008-12-31,national,TOTAL.EUR,"Вес EUR в NEER по структуре всего импорта товаров 2007 г., %",20.4851,level
2008-12-31,national,TOTAL.AZN,"Вес AZN в NEER по структуре всего импорта товаров 2007 г., %",0.3012,level
2008-12-31,national,TOTAL.JPY,"Вес JPY в NEER по структуре всего импорта товаров 2007 г., %",4.7642,level
2008-12-31,national,TOTAL.KRW,"Вес KRW в NEER по структуре всего импорта товаров 2007 г., %",2.1772,level
2008-12-31,national,TOTAL.KGS,"Вес KGS в NEER по структуре всего импорта товаров 2007 г., %",0.6117,level
2008-12-31,national,TOTAL.PLN,"Вес PLN в NEER по структуре всего импорта товаров 2007 г., %",1.3809,level
2008-12-31,national,TOTAL.RUB,"Вес RUB в NEER по структуре всего импорта товаров 2007 г., %",40.2582,level
2008-12-31,national,TOTAL.INR,"Вес INR в NEER по структуре всего импорта товаров 2007 г., %",0.5136,level
2008-12-31,national,TOTAL.CHF,"Вес CHF в NEER по структуре всего импорта товаров 2007 г., %",0.8643,level
2008-12-31,national,TOTAL.TJS,"Вес TJS в NEER по структуре всего импорта товаров 2007 г., %",0.087,level
2008-12-31,national,TOTAL.AED,"Вес AED в NEER по структуре всего импорта товаров 2007 г., %",0.8622,level
2008-12-31,national,TOTAL.TRY,"Вес TRY в NEER по структуре всего импорта товаров 2007 г., %",3.3351,level
2008-12-31,national,TOTAL.GBP,"Вес GBP в NEER по структуре всего импорта товаров 2007 г., %",2.5635,level
2008-12-31,national,TOTAL.UZS,"Вес UZS в NEER по структуре всего импорта товаров 2007 г., %",1.873,level
2008-12-31,national,COVERAGE_TOTAL,"Доля всего импорта товаров 2007 г., отнесённая к валютам с курсом НБК, %",87.9529,level
2009-12-31,national,TOTAL.BYN,"Вес BYN в NEER по структуре всего импорта товаров 2008 г., %",1.2322,level
2009-12-31,national,TOTAL.CNY,"Вес CNY в NEER по структуре всего импорта товаров 2008 г., %",14.1977,level
2009-12-31,national,TOTAL.EUR,"Вес EUR в NEER по структуре всего импорта товаров 2008 г., %",19.5006,level
2009-12-31,national,TOTAL.CZK,"Вес CZK в NEER по структуре всего импорта товаров 2008 г., %",0.5771,level
2009-12-31,national,TOTAL.USD,"Вес USD в NEER по структуре всего импорта товаров 2008 г., %",6.1223,level
2009-12-31,national,TOTAL.AZN,"Вес AZN в NEER по структуре всего импорта товаров 2008 г., %",0.7984,level
2009-12-31,national,TOTAL.JPY,"Вес JPY в NEER по структуре всего импорта товаров 2008 г., %",3.0458,level
2009-12-31,national,TOTAL.KRW,"Вес KRW в NEER по структуре всего импорта товаров 2008 г., %",1.3162,level
2009-12-31,national,TOTAL.KGS,"Вес KGS в NEER по структуре всего импорта товаров 2008 г., %",0.5323,level
2009-12-31,national,TOTAL.PLN,"Вес PLN в NEER по структуре всего импорта товаров 2008 г., %",1.3262,level
2009-12-31,national,TOTAL.RUB,"Вес RUB в NEER по структуре всего импорта товаров 2008 г., %",42.7754,level
2009-12-31,national,TOTAL.INR,"Вес INR в NEER по структуре всего импорта товаров 2008 г., %",0.6339,level
2009-12-31,national,TOTAL.CHF,"Вес CHF в NEER по структуре всего импорта товаров 2008 г., %",0.512,level
2009-12-31,national,TOTAL.TJS,"Вес TJS в NEER по структуре всего импорта товаров 2008 г., %",0.0269,level
2009-12-31,national,TOTAL.AED,"Вес AED в NEER по структуре всего импорта товаров 2008 г., %",0.6363,level
2009-12-31,national,TOTAL.TRY,"Вес TRY в NEER по структуре всего импорта товаров 2008 г., %",3.0191,level
2009-12-31,national,TOTAL.GBP,"Вес GBP в NEER по структуре всего импорта товаров 2008 г., %",2.1426,level
2009-12-31,national,TOTAL.UZS,"Вес UZS в NEER по структуре всего импорта товаров 2008 г., %",1.605,level
2009-12-31,national,COVERAGE_TOTAL,"Доля всего импорта товаров 2008 г., отнесённая к валютам с курсом НБК, %",85.0278,level
2010-12-31,national,TOTAL.BYN,"Вес BYN в NEER по структуре всего импорта товаров 2009 г., %",1.5306,level
2010-12-31,national,TOTAL.CNY,"Вес CNY в NEER по структуре всего импорта товаров 2009 г., %",14.8846,level
2010-12-31,national,TOTAL.EUR,"Вес EUR в NEER по структуре всего импорта товаров 2009 г., %",24.182,level
2010-12-31,national,TOTAL.CZK,"Вес CZK в NEER по структуре всего импорта товаров 2009 г., %",0.7473,level
2010-12-31,national,TOTAL.USD,"Вес USD в NEER по структуре всего импорта товаров 2009 г., %",5.9597,level
2010-12-31,national,TOTAL.AZN,"Вес AZN в NEER по структуре всего импорта товаров 2009 г., %",0.6065,level
2010-12-31,national,TOTAL.JPY,"Вес JPY в NEER по структуре всего импорта товаров 2009 г., %",2.6484,level
2010-12-31,national,TOTAL.KRW,"Вес KRW в NEER по структуре всего импорта товаров 2009 г., %",1.5591,level
2010-12-31,national,TOTAL.KGS,"Вес KGS в NEER по структуре всего импорта товаров 2009 г., %",0.4857,level
2010-12-31,national,TOTAL.PLN,"Вес PLN в NEER по структуре всего импорта товаров 2009 г., %",1.758,level
2010-12-31,national,TOTAL.RUB,"Вес RUB в NEER по структуре всего импорта товаров 2009 г., %",37.0979,level
2010-12-31,national,TOTAL.INR,"Вес INR в NEER по структуре всего импорта товаров 2009 г., %",0.6559,level
2010-12-31,national,TOTAL.CHF,"Вес CHF в NEER по структуре всего импорта товаров 2009 г., %",0.6513,level
2010-12-31,national,TOTAL.TJS,"Вес TJS в NEER по структуре всего импорта товаров 2009 г., %",0.0617,level
2010-12-31,national,TOTAL.AED,"Вес AED в NEER по структуре всего импорта товаров 2009 г., %",0.593,level
2010-12-31,national,TOTAL.TRY,"Вес TRY в NEER по структуре всего импорта товаров 2009 г., %",2.3805,level
2010-12-31,national,TOTAL.GBP,"Вес GBP в NEER по структуре всего импорта товаров 2009 г., %",2.9286,level
2010-12-31,national,TOTAL.UZS,"Вес UZS в NEER по структуре всего импорта товаров 2009 г., %",1.2694,level
2010-12-31,national,COVERAGE_TOTAL,"Доля всего импорта товаров 2009 г., отнесённая к валютам с курсом НБК, %",84.4156,level
2011-12-31,national,TOTAL.BYN,"Вес BYN в NEER по структуре всего импорта товаров 2010 г., %",1.23,level
2011-12-31,national,TOTAL.CNY,"Вес CNY в NEER по структуре всего импорта товаров 2010 г., %",19.418,level
2011-12-31,national,TOTAL.EUR,"Вес EUR в NEER по структуре всего импорта товаров 2010 г., %",25.2767,level
2011-12-31,national,TOTAL.CZK,"Вес CZK в NEER по структуре всего импорта товаров 2010 г., %",0.817,level
2011-12-31,national,TOTAL.USD,"Вес USD в NEER по структуре всего импорта товаров 2010 г., %",6.6238,level
2011-12-31,national,TOTAL.AZN,"Вес AZN в NEER по структуре всего импорта товаров 2010 г., %",0.5027,level
2011-12-31,national,TOTAL.JPY,"Вес JPY в NEER по структуре всего импорта товаров 2010 г., %",2.7173,level
2011-12-31,national,TOTAL.KRW,"Вес KRW в NEER по структуре всего импорта товаров 2010 г., %",2.5825,level
2011-12-31,national,TOTAL.KGS,"Вес KGS в NEER по структуре всего импорта товаров 2010 г., %",0.8117,level
2011-12-31,national,TOTAL.PLN,"Вес PLN в NEER по структуре всего импорта товаров 2010 г., %",1.8446,level
2011-12-31,national,TOTAL.RUB,"Вес RUB в NEER по структуре всего импорта товаров 2010 г., %",26.8199,level
2011-12-31,national,TOTAL.INR,"Вес INR в NEER по структуре всего импорта товаров 2010 г., %",0.9639,level
2011-12-31,national,TOTAL.CHF,"Вес CHF в NEER по структуре всего импорта товаров 2010 г., %",0.8828,level
2011-12-31,national,TOTAL.TJS,"Вес TJS в NEER по структуре всего импорта товаров 2010 г., %",0.0814,level
2011-12-31,national,TOTAL.AED,"Вес AED в NEER по структуре всего импорта товаров 2010 г., %",0.5417,level
2011-12-31,national,TOTAL.TRY,"Вес TRY в NEER по структуре всего импорта товаров 2010 г., %",3.0184,level
2011-12-31,national,TOTAL.GBP,"Вес GBP в NEER по структуре всего импорта товаров 2010 г., %",3.5494,level
2011-12-31,national,TOTAL.UZS,"Вес UZS в NEER по структуре всего импорта товаров 2010 г., %",2.3183,level
2011-12-31,national,COVERAGE_TOTAL,"Доля всего импорта товаров 2010 г., отнесённая к валютам с курсом НБК, %",84.986,level
2012-12-31,national,TOTAL.BYN,"Вес BYN в NEER по структуре всего импорта товаров 2011 г., %",1.854,level
2012-12-31,national,TOTAL.CNY,"Вес CNY в NEER по структуре всего импорта товаров 2011 г., %",14.934,level
2012-12-31,national,TOTAL.EUR,"Вес EUR в NEER по структуре всего импорта товаров 2011 г., %",15.7546,level
2012-12-31,national,TOTAL.CZK,"Вес CZK в NEER по структуре всего импорта товаров 2011 г., %",0.4856,level
2012-12-31,national,TOTAL.USD,"Вес USD в NEER по структуре всего импорта товаров 2011 г., %",5.1924,level
2012-12-31,national,TOTAL.AZN,"Вес AZN в NEER по структуре всего импорта товаров 2011 г., %",0.1838,level
2012-12-31,national,TOTAL.JPY,"Вес JPY в NEER по структуре всего импорта товаров 2011 г., %",1.9185,level
2012-12-31,national,TOTAL.KRW,"Вес KRW в NEER по структуре всего импорта товаров 2011 г., %",1.8514,level
2012-12-31,national,TOTAL.KGS,"Вес KGS в NEER по структуре всего импорта товаров 2011 г., %",0.7197,level
2012-12-31,national,TOTAL.PLN,"Вес PLN в NEER по структуре всего импорта товаров 2011 г., %",1.1638,level
2012-12-31,national,TOTAL.RUB,"Вес RUB в NEER по структуре всего импорта товаров 2011 г., %",48.3881,level
2012-12-31,national,TOTAL.INR,"Вес INR в NEER по структуре всего импорта товаров 2011 г., %",0.7232,level
2012-12-31,national,TOTAL.CHF,"Вес CHF в NEER по структуре всего импорта товаров 2011 г., %",0.4353,level
2012-12-31,national,TOTAL.TJS,"Вес TJS в NEER по структуре всего импорта товаров 2011 г., %",0.1422,level
2012-12-31,national,TOTAL.AED,"Вес AED в NEER по структуре всего импорта товаров 2011 г., %",0.2281,level
2012-12-31,national,TOTAL.TRY,"Вес TRY в NEER по структуре всего импорта товаров 2011 г., %",2.1691,level
2012-12-31,national,TOTAL.GBP,"Вес GBP в NEER по структуре всего импорта товаров 2011 г., %",1.5645,level
2012-12-31,national,TOTAL.UZS,"Вес UZS в NEER по структуре всего импорта товаров 2011 г., %",2.2918,level
2012-12-31,national,COVERAGE_TOTAL,"Доля всего импорта товаров 2011 г., отнесённая к валютам с курсом НБК, %",88.4552,level
2013-12-31,national,TOTAL.BYN,"Вес BYN в NEER по структуре всего импорта товаров 2012 г., %",1.7477,level
2013-12-31,national,TOTAL.CNY,"Вес CNY в NEER по структуре всего импорта товаров 2012 г., %",19.3983,level
2013-12-31,national,TOTAL.EUR,"Вес EUR в NEER по структуре всего импорта товаров 2012 г., %",13.9537,level
2013-12-31,national,TOTAL.CZK,"Вес CZK в NEER по структуре всего импорта товаров 2012 г., %",0.644,level
2013-12-31,national,TOTAL.USD,"Вес USD в NEER по структуре всего импорта товаров 2012 г., %",5.5661,level
2013-12-31,national,TOTAL.AZN,"Вес AZN в NEER по структуре всего импорта товаров 2012 г., %",0.1076,level
2013-12-31,national,TOTAL.JPY,"Вес JPY в NEER по структуре всего импорта товаров 2012 г., %",2.341,level
2013-12-31,national,TOTAL.KRW,"Вес KRW в NEER по структуре всего импорта товаров 2012 г., %",2.4752,level
2013-12-31,national,TOTAL.KGS,"Вес KGS в NEER по структуре всего импорта товаров 2012 г., %",0.8617,level
2013-12-31,national,TOTAL.PLN,"Вес PLN в NEER по структуре всего импорта товаров 2012 г., %",1.217,level
2013-12-31,national,TOTAL.RUB,"Вес RUB в NEER по структуре всего импорта товаров 2012 г., %",44.2686,level
2013-12-31,national,TOTAL.INR,"Вес INR в NEER по структуре всего импорта товаров 2012 г., %",0.8697,level
2013-12-31,national,TOTAL.CHF,"Вес CHF в NEER по структуре всего импорта товаров 2012 г., %",0.5594,level
2013-12-31,national,TOTAL.TJS,"Вес TJS в NEER по структуре всего импорта товаров 2012 г., %",0.1766,level
2013-12-31,national,TOTAL.AED,"Вес AED в NEER по структуре всего импорта товаров 2012 г., %",0.1673,level
2013-12-31,national,TOTAL.TRY,"Вес TRY в NEER по структуре всего импорта товаров 2012 г., %",2.0339,level
2013-12-31,national,TOTAL.GBP,"Вес GBP в NEER по структуре всего импорта товаров 2012 г., %",1.498,level
2013-12-31,national,TOTAL.UZS,"Вес UZS в NEER по структуре всего импорта товаров 2012 г., %",2.1143,level
2013-12-31,national,COVERAGE_TOTAL,"Доля всего импорта товаров 2012 г., отнесённая к валютам с курсом НБК, %",86.783,level
2014-12-31,national,TOTAL.BYN,"Вес BYN в NEER по структуре всего импорта товаров 2013 г., %",1.6326,level
2014-12-31,national,TOTAL.CNY,"Вес CNY в NEER по структуре всего импорта товаров 2013 г., %",19.5548,level
2014-12-31,national,TOTAL.EUR,"Вес EUR в NEER по структуре всего импорта товаров 2013 г., %",15.6799,level
2014-12-31,national,TOTAL.CZK,"Вес CZK в NEER по структуре всего импорта товаров 2013 г., %",0.8379,level
2014-12-31,national,TOTAL.USD,"Вес USD в NEER по структуре всего импорта товаров 2013 г., %",5.15,level
2014-12-31,national,TOTAL.AZN,"Вес AZN в NEER по структуре всего импорта товаров 2013 г., %",0.1722,level
2014-12-31,national,TOTAL.JPY,"Вес JPY в NEER по структуре всего импорта товаров 2013 г., %",2.5213,level
2014-12-31,national,TOTAL.KRW,"Вес KRW в NEER по структуре всего импорта товаров 2013 г., %",2.9577,level
2014-12-31,national,TOTAL.KGS,"Вес KGS в NEER по структуре всего импорта товаров 2013 г., %",0.8209,level
2014-12-31,national,TOTAL.PLN,"Вес PLN в NEER по структуре всего импорта товаров 2013 г., %",1.1874,level
2014-12-31,national,TOTAL.RUB,"Вес RUB в NEER по структуре всего импорта товаров 2013 г., %",42.0152,level
2014-12-31,national,TOTAL.INR,"Вес INR в NEER по структуре всего импорта товаров 2013 г., %",0.8221,level
2014-12-31,national,TOTAL.CHF,"Вес CHF в NEER по структуре всего импорта товаров 2013 г., %",0.4499,level
2014-12-31,national,TOTAL.TJS,"Вес TJS в NEER по структуре всего импорта товаров 2013 г., %",0.1698,level
2014-12-31,national,TOTAL.AED,"Вес AED в NEER по структуре всего импорта товаров 2013 г., %",0.1475,level
2014-12-31,national,TOTAL.TRY,"Вес TRY в NEER по структуре всего импорта товаров 2013 г., %",2.1651,level
2014-12-31,national,TOTAL.GBP,"Вес GBP в NEER по структуре всего импорта товаров 2013 г., %",1.4477,level
2014-12-31,national,TOTAL.UZS,"Вес UZS в NEER по структуре всего импорта товаров 2013 г., %",2.2679,level
2014-12-31,national,COVERAGE_TOTAL,"Доля всего импорта товаров 2013 г., отнесённая к валютам с курсом НБК, %",87.6442,level
2015-12-31,national,TOTAL.BYN,"Вес BYN в NEER по структуре всего импорта товаров 2014 г., %",2.0938,level
2015-12-31,national,TOTAL.CNY,"Вес CNY в NEER по структуре всего импорта товаров 2014 г., %",19.9069,level
2015-12-31,national,TOTAL.EUR,"Вес EUR в NEER по структуре всего импорта товаров 2014 г., %",17.6096,level
2015-12-31,national,TOTAL.CZK,"Вес CZK в NEER по структуре всего импорта товаров 2014 г., %",0.9668,level
2015-12-31,national,TOTAL.USD,"Вес USD в NEER по структуре всего импорта товаров 2014 г., %",5.5224,level
2015-12-31,national,TOTAL.AZN,"Вес AZN в NEER по структуре всего импорта товаров 2014 г., %",0.0866,level
2015-12-31,national,TOTAL.JPY,"Вес JPY в NEER по структуре всего импорта товаров 2014 г., %",2.5022,level
2015-12-31,national,TOTAL.KRW,"Вес KRW в NEER по структуре всего импорта товаров 2014 г., %",2.887,level
2015-12-31,national,TOTAL.KGS,"Вес KGS в NEER по структуре всего импорта товаров 2014 г., %",0.9502,level
2015-12-31,national,TOTAL.PLN,"Вес PLN в NEER по структуре всего импорта товаров 2014 г., %",1.1617,level
2015-12-31,national,TOTAL.RUB,"Вес RUB в NEER по структуре всего импорта товаров 2014 г., %",37.3604,level
2015-12-31,national,TOTAL.INR,"Вес INR в NEER по структуре всего импорта товаров 2014 г., %",0.7032,level
2015-12-31,national,TOTAL.CHF,"Вес CHF в NEER по структуре всего импорта товаров 2014 г., %",0.4944,level
2015-12-31,national,TOTAL.TJS,"Вес TJS в NEER по структуре всего импорта товаров 2014 г., %",0.4896,level
2015-12-31,national,TOTAL.AED,"Вес AED в NEER по структуре всего импорта товаров 2014 г., %",0.1871,level
2015-12-31,national,TOTAL.TRY,"Вес TRY в NEER по структуре всего импорта товаров 2014 г., %",2.7582,level
2015-12-31,national,TOTAL.GBP,"Вес GBP в NEER по структуре всего импорта товаров 2014 г., %",1.5663,level
2015-12-31,national,TOTAL.UZS,"Вес UZS в NEER по структуре всего импорта товаров 2014 г., %",2.7536,level
2015-12-31,national,COVERAGE_TOTAL,"Доля всего импорта товаров 2014 г., отнесённая к валютам с курсом НБК, %",89.4967,level
2016-12-31,national,TOTAL.BYN,"Вес BYN в NEER по структуре всего импорта товаров 2015 г., %",1.7693,level
2016-12-31,national,TOTAL.CNY,"Вес CNY в NEER по структуре всего импорта товаров 2015 г., %",18.4448,level
2016-12-31,national,TOTAL.EUR,"Вес EUR в NEER по структуре всего импорта товаров 2015 г., %",20.1899,level
2016-12-31,national,TOTAL.CZK,"Вес CZK в NEER по структуре всего импорта товаров 2015 г., %",0.6567,level
2016-12-31,national,TOTAL.USD,"Вес USD в NEER по структуре всего импорта товаров 2015 г., %",5.5288,level
2016-12-31,national,TOTAL.AZN,"Вес AZN в NEER по структуре всего импорта товаров 2015 г., %",0.057,level
2016-12-31,national,TOTAL.JPY,"Вес JPY в NEER по структуре всего импорта товаров 2015 г., %",2.1191,level
2016-12-31,national,TOTAL.KRW,"Вес KRW в NEER по структуре всего импорта товаров 2015 г., %",2.2007,level
2016-12-31,national,TOTAL.KGS,"Вес KGS в NEER по структуре всего импорта товаров 2015 г., %",0.6599,level
2016-12-31,national,TOTAL.PLN,"Вес PLN в NEER по структуре всего импорта товаров 2015 г., %",1.2346,level
2016-12-31,national,TOTAL.RUB,"Вес RUB в NEER по структуре всего импорта товаров 2015 г., %",38.1717,level
2016-12-31,national,TOTAL.INR,"Вес INR в NEER по структуре всего импорта товаров 2015 г., %",0.8765,level
2016-12-31,national,TOTAL.CHF,"Вес CHF в NEER по структуре всего импорта товаров 2015 г., %",0.4694,level
2016-12-31,national,TOTAL.TJS,"Вес TJS в NEER по структуре всего импорта товаров 2015 г., %",0.5977,level
2016-12-31,national,TOTAL.AED,"Вес AED в NEER по структуре всего импорта товаров 2015 г., %",0.2432,level
2016-12-31,national,TOTAL.TRY,"Вес TRY в NEER по структуре всего импорта товаров 2015 г., %",2.6897,level
2016-12-31,national,TOTAL.GBP,"Вес GBP в NEER по структуре всего импорта товаров 2015 г., %",1.4603,level
2016-12-31,national,TOTAL.UZS,"Вес UZS в NEER по структуре всего импорта товаров 2015 г., %",2.6308,level
2016-12-31,national,COVERAGE_TOTAL,"Доля всего импорта товаров 2015 г., отнесённая к валютам с курсом НБК, %",90.2406,level
2017-12-31,national,TOTAL.BYN,"Вес BYN в NEER по структуре всего импорта товаров 2016 г., %",1.4619,level
2017-12-31,national,TOTAL.CNY,"Вес CNY в NEER по структуре всего импорта товаров 2016 г., %",16.1114,level
2017-12-31,national,TOTAL.EUR,"Вес EUR в NEER по структуре всего импорта товаров 2016 г., %",19.5486,level
2017-12-31,national,TOTAL.CZK,"Вес CZK в NEER по структуре всего импорта товаров 2016 г., %",0.8194,level
2017-12-31,national,TOTAL.USD,"Вес USD в NEER по структуре всего импорта товаров 2016 г., %",5.7967,level
2017-12-31,national,TOTAL.AZN,"Вес AZN в NEER по структуре всего импорта товаров 2016 г., %",0.1335,level
2017-12-31,national,TOTAL.JPY,"Вес JPY в NEER по структуре всего импорта товаров 2016 г., %",2.4301,level
2017-12-31,national,TOTAL.KRW,"Вес KRW в NEER по структуре всего импорта товаров 2016 г., %",1.9916,level
2017-12-31,national,TOTAL.KGS,"Вес KGS в NEER по структуре всего импорта товаров 2016 г., %",0.8816,level
2017-12-31,national,TOTAL.PLN,"Вес PLN в NEER по структуре всего импорта товаров 2016 г., %",1.1178,level
2017-12-31,national,TOTAL.RUB,"Вес RUB в NEER по структуре всего импорта товаров 2016 г., %",40.1276,level
2017-12-31,national,TOTAL.INR,"Вес INR в NEER по структуре всего импорта товаров 2016 г., %",0.8958,level
2017-12-31,national,TOTAL.CHF,"Вес CHF в NEER по структуре всего импорта товаров 2016 г., %",0.4837,level
2017-12-31,national,TOTAL.TJS,"Вес TJS в NEER по структуре всего импорта товаров 2016 г., %",0.96,level
2017-12-31,national,TOTAL.AED,"Вес AED в NEER по структуре всего импорта товаров 2016 г., %",0.3031,level
2017-12-31,national,TOTAL.TRY,"Вес TRY в NEER по структуре всего импорта товаров 2016 г., %",2.7169,level
2017-12-31,national,TOTAL.GBP,"Вес GBP в NEER по структуре всего импорта товаров 2016 г., %",1.6367,level
2017-12-31,national,TOTAL.UZS,"Вес UZS в NEER по структуре всего импорта товаров 2016 г., %",2.5835,level
2017-12-31,national,COVERAGE_TOTAL,"Доля всего импорта товаров 2016 г., отнесённая к валютам с курсом НБК, %",90.3756,level
2018-12-31,national,TOTAL.BYN,"Вес BYN в NEER по структуре всего импорта товаров 2017 г., %",1.9674,level
2018-12-31,national,TOTAL.CNY,"Вес CNY в NEER по структуре всего импорта товаров 2017 г., %",17.3724,level
2018-12-31,national,TOTAL.EUR,"Вес EUR в NEER по структуре всего импорта товаров 2017 г., %",16.3353,level
2018-12-31,national,TOTAL.CZK,"Вес CZK в NEER по структуре всего импорта товаров 2017 г., %",0.7033,level
2018-12-31,national,TOTAL.USD,"Вес USD в NEER по структуре всего импорта товаров 2017 г., %",4.7638,level
2018-12-31,national,TOTAL.AZN,"Вес AZN в NEER по структуре всего импорта товаров 2017 г., %",0.1252,level
2018-12-31,national,TOTAL.JPY,"Вес JPY в NEER по структуре всего импорта товаров 2017 г., %",1.5317,level
2018-12-31,national,TOTAL.KRW,"Вес KRW в NEER по структуре всего импорта товаров 2017 г., %",2.0993,level
2018-12-31,national,TOTAL.KGS,"Вес KGS в NEER по структуре всего импорта товаров 2017 г., %",0.9193,level
2018-12-31,national,TOTAL.PLN,"Вес PLN в NEER по структуре всего импорта товаров 2017 г., %",1.2113,level
2018-12-31,national,TOTAL.RUB,"Вес RUB в NEER по структуре всего импорта товаров 2017 г., %",43.4143,level
2018-12-31,national,TOTAL.INR,"Вес INR в NEER по структуре всего импорта товаров 2017 г., %",0.7863,level
2018-12-31,national,TOTAL.CHF,"Вес CHF в NEER по структуре всего импорта товаров 2017 г., %",0.5104,level
2018-12-31,national,TOTAL.TJS,"Вес TJS в NEER по структуре всего импорта товаров 2017 г., %",1.1954,level
2018-12-31,national,TOTAL.AED,"Вес AED в NEER по структуре всего импорта товаров 2017 г., %",0.3119,level
2018-12-31,national,TOTAL.TRY,"Вес TRY в NEER по структуре всего импорта товаров 2017 г., %",2.6998,level
2018-12-31,national,TOTAL.GBP,"Вес GBP в NEER по структуре всего импорта товаров 2017 г., %",1.3289,level
2018-12-31,national,TOTAL.UZS,"Вес UZS в NEER по структуре всего импорта товаров 2017 г., %",2.724,level
2018-12-31,national,COVERAGE_TOTAL,"Доля всего импорта товаров 2017 г., отнесённая к валютам с курсом НБК, %",91.3047,level
2019-12-31,national,TOTAL.BYN,"Вес BYN в NEER по структуре всего импорта товаров 2018 г., %",1.9803,level
2019-12-31,national,TOTAL.CNY,"Вес CNY в NEER по структуре всего импорта товаров 2018 г., %",17.5563,level
2019-12-31,national,TOTAL.EUR,"Вес EUR в NEER по структуре всего импорта товаров 2018 г., %",16.7616,level
2019-12-31,national,TOTAL.CZK,"Вес CZK в NEER по структуре всего импорта товаров 2018 г., %",0.6908,level
2019-12-31,national,TOTAL.USD,"Вес USD в NEER по структуре всего импорта товаров 2018 г., %",4.3093,level
2019-12-31,national,TOTAL.AZN,"Вес AZN в NEER по структуре всего импорта товаров 2018 г., %",0.1505,level
2019-12-31,national,TOTAL.JPY,"Вес JPY в NEER по структуре всего импорта товаров 2018 г., %",1.637,level
2019-12-31,national,TOTAL.KRW,"Вес KRW в NEER по структуре всего импорта товаров 2018 г., %",3.0042,level
2019-12-31,national,TOTAL.KGS,"Вес KGS в NEER по структуре всего импорта товаров 2018 г., %",0.7944,level
2019-12-31,national,TOTAL.PLN,"Вес PLN в NEER по структуре всего импорта товаров 2018 г., %",0.9245,level
2019-12-31,national,TOTAL.RUB,"Вес RUB в NEER по структуре всего импорта товаров 2018 г., %",43.1638,level
2019-12-31,national,TOTAL.INR,"Вес INR в NEER по структуре всего импорта товаров 2018 г., %",0.7919,level
2019-12-31,national,TOTAL.CHF,"Вес CHF в NEER по структуре всего импорта товаров 2018 г., %",0.5788,level
2019-12-31,national,TOTAL.TJS,"Вес TJS в NEER по структуре всего импорта товаров 2018 г., %",1.0367,level
2019-12-31,national,TOTAL.AED,"Вес AED в NEER по структуре всего импорта товаров 2018 г., %",0.2333,level
2019-12-31,national,TOTAL.TRY,"Вес TRY в NEER по структуре всего импорта товаров 2018 г., %",2.1367,level
2019-12-31,national,TOTAL.GBP,"Вес GBP в NEER по структуре всего импорта товаров 2018 г., %",1.4969,level
2019-12-31,national,TOTAL.UZS,"Вес UZS в NEER по структуре всего импорта товаров 2018 г., %",2.753,level
2019-12-31,national,COVERAGE_TOTAL,"Доля всего импорта товаров 2018 г., отнесённая к валютам с курсом НБК, %",91.9654,level
2020-12-31,national,TOTAL.BYN,"Вес BYN в NEER по структуре всего импорта товаров 2019 г., %",1.8065,level
2020-12-31,national,TOTAL.CNY,"Вес CNY в NEER по структуре всего импорта товаров 2019 г., %",18.5101,level
2020-12-31,national,TOTAL.EUR,"Вес EUR в NEER по структуре всего импорта товаров 2019 г., %",13.9966,level
2020-12-31,national,TOTAL.CZK,"Вес CZK в NEER по структуре всего импорта товаров 2019 г., %",0.8376,level
2020-12-31,national,TOTAL.USD,"Вес USD в NEER по структуре всего импорта товаров 2019 г., %",3.8097,level
2020-12-31,national,TOTAL.AZN,"Вес AZN в NEER по структуре всего импорта товаров 2019 г., %",0.0555,level
2020-12-31,national,TOTAL.JPY,"Вес JPY в NEER по структуре всего импорта товаров 2019 г., %",1.6264,level
2020-12-31,national,TOTAL.KRW,"Вес KRW в NEER по структуре всего импорта товаров 2019 г., %",9.4485,level
2020-12-31,national,TOTAL.KGS,"Вес KGS в NEER по структуре всего импорта товаров 2019 г., %",0.8608,level
2020-12-31,national,TOTAL.PLN,"Вес PLN в NEER по структуре всего импорта товаров 2019 г., %",0.9301,level
2020-12-31,national,TOTAL.RUB,"Вес RUB в NEER по структуре всего импорта товаров 2019 г., %",39.0238,level
2020-12-31,national,TOTAL.INR,"Вес INR в NEER по структуре всего импорта товаров 2019 г., %",0.7978,level
2020-12-31,national,TOTAL.CHF,"Вес CHF в NEER по структуре всего импорта товаров 2019 г., %",0.3723,level
2020-12-31,national,TOTAL.TJS,"Вес TJS в NEER по структуре всего импорта товаров 2019 г., %",0.2992,level
2020-12-31,national,TOTAL.AED,"Вес AED в NEER по структуре всего импорта товаров 2019 г., %",0.2417,level
2020-12-31,national,TOTAL.TRY,"Вес TRY в NEER по структуре всего импорта товаров 2019 г., %",2.228,level
2020-12-31,national,TOTAL.GBP,"Вес GBP в NEER по структуре всего импорта товаров 2019 г., %",1.2874,level
2020-12-31,national,TOTAL.UZS,"Вес UZS в NEER по структуре всего импорта товаров 2019 г., %",3.8679,level
2020-12-31,national,COVERAGE_TOTAL,"Доля всего импорта товаров 2019 г., отнесённая к валютам с курсом НБК, %",92.3605,level
2021-12-31,national,TOTAL.BYN,"Вес BYN в NEER по структуре всего импорта товаров 2020 г., %",3.1827,level
2021-12-31,national,TOTAL.CNY,"Вес CNY в NEER по структуре всего импорта товаров 2020 г., %",9.3599,level
2021-12-31,national,TOTAL.EUR,"Вес EUR в NEER по структуре всего импорта товаров 2020 г., %",8.3743,level
2021-12-31,national,TOTAL.CZK,"Вес CZK в NEER по структуре всего импорта товаров 2020 г., %",0.1993,level
2021-12-31,national,TOTAL.USD,"Вес USD в NEER по структуре всего импорта товаров 2020 г., %",2.0895,level
2021-12-31,national,TOTAL.AZN,"Вес AZN в NEER по структуре всего импорта товаров 2020 г., %",0.0933,level
2021-12-31,national,TOTAL.JPY,"Вес JPY в NEER по структуре всего импорта товаров 2020 г., %",0.2673,level
2021-12-31,national,TOTAL.KRW,"Вес KRW в NEER по структуре всего импорта товаров 2020 г., %",0.5839,level
2021-12-31,national,TOTAL.KGS,"Вес KGS в NEER по структуре всего импорта товаров 2020 г., %",1.2809,level
2021-12-31,national,TOTAL.PLN,"Вес PLN в NEER по структуре всего импорта товаров 2020 г., %",0.8892,level
2021-12-31,national,TOTAL.RUB,"Вес RUB в NEER по структуре всего импорта товаров 2020 г., %",65.9078,level
2021-12-31,national,TOTAL.INR,"Вес INR в NEER по структуре всего импорта товаров 2020 г., %",1.2312,level
2021-12-31,national,TOTAL.CHF,"Вес CHF в NEER по структуре всего импорта товаров 2020 г., %",0.5032,level
2021-12-31,national,TOTAL.TJS,"Вес TJS в NEER по структуре всего импорта товаров 2020 г., %",0.4691,level
2021-12-31,national,TOTAL.AED,"Вес AED в NEER по структуре всего импорта товаров 2020 г., %",0.0757,level
2021-12-31,national,TOTAL.TRY,"Вес TRY в NEER по структуре всего импорта товаров 2020 г., %",2.3707,level
2021-12-31,national,TOTAL.GBP,"Вес GBP в NEER по структуре всего импорта товаров 2020 г., %",0.5638,level
2021-12-31,national,TOTAL.UZS,"Вес UZS в NEER по структуре всего импорта товаров 2020 г., %",2.5582,level
2021-12-31,national,COVERAGE_TOTAL,"Доля всего импорта товаров 2020 г., отнесённая к валютам с курсом НБК, %",94.2784,level
2022-12-31,national,TOTAL.BYN,"Вес BYN в NEER по структуре всего импорта товаров 2021 г., %",2.9819,level
2022-12-31,national,TOTAL.CNY,"Вес CNY в NEER по структуре всего импорта товаров 2021 г., %",9.2583,level
2022-12-31,national,TOTAL.EUR,"Вес EUR в NEER по структуре всего импорта товаров 2021 г., %",7.4692,level
2022-12-31,national,TOTAL.CZK,"Вес CZK в NEER по структуре всего импорта товаров 2021 г., %",0.1623,level
2022-12-31,national,TOTAL.USD,"Вес USD в NEER по структуре всего импорта товаров 2021 г., %",1.8226,level
2022-12-31,national,TOTAL.AZN,"Вес AZN в NEER по структуре всего импорта товаров 2021 г., %",0.1363,level
2022-12-31,national,TOTAL.JPY,"Вес JPY в NEER по структуре всего импорта товаров 2021 г., %",0.2645,level
2022-12-31,national,TOTAL.KRW,"Вес KRW в NEER по структуре всего импорта товаров 2021 г., %",0.5198,level
2022-12-31,national,TOTAL.KGS,"Вес KGS в NEER по структуре всего импорта товаров 2021 г., %",1.4352,level
2022-12-31,national,TOTAL.PLN,"Вес PLN в NEER по структуре всего импорта товаров 2021 г., %",0.7783,level
2022-12-31,national,TOTAL.RUB,"Вес RUB в NEER по структуре всего импорта товаров 2021 г., %",67.2421,level
2022-12-31,national,TOTAL.INR,"Вес INR в NEER по структуре всего импорта товаров 2021 г., %",0.7576,level
2022-12-31,national,TOTAL.CHF,"Вес CHF в NEER по структуре всего импорта товаров 2021 г., %",0.4598,level
2022-12-31,national,TOTAL.TJS,"Вес TJS в NEER по структуре всего импорта товаров 2021 г., %",1.3818,level
2022-12-31,national,TOTAL.AED,"Вес AED в NEER по структуре всего импорта товаров 2021 г., %",0.1806,level
2022-12-31,national,TOTAL.TRY,"Вес TRY в NEER по структуре всего импорта товаров 2021 г., %",2.5268,level
2022-12-31,national,TOTAL.GBP,"Вес GBP в NEER по структуре всего импорта товаров 2021 г., %",0.4981,level
2022-12-31,national,TOTAL.UZS,"Вес UZS в NEER по структуре всего импорта товаров 2021 г., %",2.1248,level
2022-12-31,national,COVERAGE_TOTAL,"Доля всего импорта товаров 2021 г., отнесённая к валютам с курсом НБК, %",94.3449,level
2023-12-31,national,TOTAL.BYN,"Вес BYN в NEER по структуре всего импорта товаров 2022 г., %",2.9772,level
2023-12-31,national,TOTAL.CNY,"Вес CNY в NEER по структуре всего импорта товаров 2022 г., %",12.3742,level
2023-12-31,national,TOTAL.EUR,"Вес EUR в NEER по структуре всего импорта товаров 2022 г., %",9.1691,level
2023-12-31,national,TOTAL.CZK,"Вес CZK в NEER по структуре всего импорта товаров 2022 г., %",0.1693,level
2023-12-31,national,TOTAL.USD,"Вес USD в NEER по структуре всего импорта товаров 2022 г., %",2.103,level
2023-12-31,national,TOTAL.AZN,"Вес AZN в NEER по структуре всего импорта товаров 2022 г., %",0.1767,level
2023-12-31,national,TOTAL.JPY,"Вес JPY в NEER по структуре всего импорта товаров 2022 г., %",0.324,level
2023-12-31,national,TOTAL.KRW,"Вес KRW в NEER по структуре всего импорта товаров 2022 г., %",0.6825,level
2023-12-31,national,TOTAL.KGS,"Вес KGS в NEER по структуре всего импорта товаров 2022 г., %",1.3288,level
2023-12-31,national,TOTAL.PLN,"Вес PLN в NEER по структуре всего импорта товаров 2022 г., %",1.0677,level
2023-12-31,national,TOTAL.RUB,"Вес RUB в NEER по структуре всего импорта товаров 2022 г., %",60.0284,level
2023-12-31,national,TOTAL.INR,"Вес INR в NEER по структуре всего импорта товаров 2022 г., %",0.9733,level
2023-12-31,national,TOTAL.CHF,"Вес CHF в NEER по структуре всего импорта товаров 2022 г., %",0.5885,level
2023-12-31,national,TOTAL.TJS,"Вес TJS в NEER по структуре всего импорта товаров 2022 г., %",1.7417,level
2023-12-31,national,TOTAL.AED,"Вес AED в NEER по структуре всего импорта товаров 2022 г., %",0.0986,level
2023-12-31,national,TOTAL.TRY,"Вес TRY в NEER по структуре всего импорта товаров 2022 г., %",3.5285,level
2023-12-31,national,TOTAL.GBP,"Вес GBP в NEER по структуре всего импорта товаров 2022 г., %",0.4768,level
2023-12-31,national,TOTAL.UZS,"Вес UZS в NEER по структуре всего импорта товаров 2022 г., %",2.1916,level
2023-12-31,national,COVERAGE_TOTAL,"Доля всего импорта товаров 2022 г., отнесённая к валютам с курсом НБК, %",93.3402,level
2024-12-31,national,TOTAL.BYN,"Вес BYN в NEER по структуре всего импорта товаров 2023 г., %",1.3635,level
2024-12-31,national,TOTAL.CNY,"Вес CNY в NEER по структуре всего импорта товаров 2023 г., %",30.2219,level
2024-12-31,national,TOTAL.EUR,"Вес EUR в NEER по структуре всего импорта товаров 2023 г., %",15.0398,level
2024-12-31,national,TOTAL.CZK,"Вес CZK в NEER по структуре всего импорта товаров 2023 г., %",0.8638,level
2024-12-31,national,TOTAL.USD,"Вес USD в NEER по структуре всего импорта товаров 2023 г., %",4.8225,level
2024-12-31,national,TOTAL.AZN,"Вес AZN в NEER по структуре всего импорта товаров 2023 г., %",0.1317,level
2024-12-31,national,TOTAL.JPY,"Вес JPY в NEER по структуре всего импорта товаров 2023 г., %",2.8908,level
2024-12-31,national,TOTAL.KRW,"Вес KRW в NEER по структуре всего импорта товаров 2023 г., %",3.9795,level
2024-12-31,national,TOTAL.KGS,"Вес KGS в NEER по структуре всего импорта товаров 2023 г., %",0.8923,level
2024-12-31,national,TOTAL.PLN,"Вес PLN в NEER по структуре всего импорта товаров 2023 г., %",1.2592,level
2024-12-31,national,TOTAL.RUB,"Вес RUB в NEER по структуре всего импорта товаров 2023 г., %",29.1766,level
2024-12-31,national,TOTAL.INR,"Вес INR в NEER по структуре всего импорта товаров 2023 г., %",1.0463,level
2024-12-31,national,TOTAL.CHF,"Вес CHF в NEER по структуре всего импорта товаров 2023 г., %",0.7434,level
2024-12-31,national,TOTAL.TJS,"Вес TJS в NEER по структуре всего импорта товаров 2023 г., %",0.4887,level
2024-12-31,national,TOTAL.AED,"Вес AED в NEER по структуре всего импорта товаров 2023 г., %",0.2137,level
2024-12-31,national,TOTAL.TRY,"Вес TRY в NEER по структуре всего импорта товаров 2023 г., %",3.6776,level
2024-12-31,national,TOTAL.GBP,"Вес GBP в NEER по структуре всего импорта товаров 2023 г., %",0.8622,level
2024-12-31,national,TOTAL.UZS,"Вес UZS в NEER по структуре всего импорта товаров 2023 г., %",2.3264,level
2024-12-31,national,COVERAGE_TOTAL,"Доля всего импорта товаров 2023 г., отнесённая к валютам с курсом НБК, %",90.7399,level
2025-12-31,national,TOTAL.BYN,"Вес BYN в NEER по структуре всего импорта товаров 2024 г., %",1.3576,level
2025-12-31,national,TOTAL.CNY,"Вес CNY в NEER по структуре всего импорта товаров 2024 г., %",27.6099,level
2025-12-31,national,TOTAL.EUR,"Вес EUR в NEER по структуре всего импорта товаров 2024 г., %",15.8872,level
2025-12-31,national,TOTAL.CZK,"Вес CZK в NEER по структуре всего импорта товаров 2024 г., %",0.8508,level
2025-12-31,national,TOTAL.USD,"Вес USD в NEER по структуре всего импорта товаров 2024 г., %",4.4105,level
2025-12-31,national,TOTAL.AZN,"Вес AZN в NEER по структуре всего импорта товаров 2024 г., %",0.0884,level
2025-12-31,national,TOTAL.JPY,"Вес JPY в NEER по структуре всего импорта товаров 2024 г., %",2.329,level
2025-12-31,national,TOTAL.KRW,"Вес KRW в NEER по структуре всего импорта товаров 2024 г., %",3.4777,level
2025-12-31,national,TOTAL.KGS,"Вес KGS в NEER по структуре всего импорта товаров 2024 г., %",0.8308,level
2025-12-31,national,TOTAL.PLN,"Вес PLN в NEER по структуре всего импорта товаров 2024 г., %",1.1644,level
2025-12-31,national,TOTAL.RUB,"Вес RUB в NEER по структуре всего импорта товаров 2024 г., %",33.2556,level
2025-12-31,national,TOTAL.INR,"Вес INR в NEER по структуре всего импорта товаров 2024 г., %",0.9305,level
2025-12-31,national,TOTAL.CHF,"Вес CHF в NEER по структуре всего импорта товаров 2024 г., %",0.897,level
2025-12-31,national,TOTAL.TJS,"Вес TJS в NEER по структуре всего импорта товаров 2024 г., %",0.3963,level
2025-12-31,national,TOTAL.AED,"Вес AED в NEER по структуре всего импорта товаров 2024 г., %",0.2666,level
2025-12-31,national,TOTAL.TRY,"Вес TRY в NEER по структуре всего импорта товаров 2024 г., %",3.0221,level
2025-12-31,national,TOTAL.GBP,"Вес GBP в NEER по структуре всего импорта товаров 2024 г., %",0.8466,level
2025-12-31,national,TOTAL.UZS,"Вес UZS в NEER по структуре всего импорта товаров 2024 г., %",2.379,level
2025-12-31,national,COVERAGE_TOTAL,"Доля всего импорта товаров 2024 г., отнесённая к валютам с курсом НБК, %",91.7991,level
2026-12-31,national,TOTAL.BYN,"Вес BYN в NEER по структуре всего импорта товаров 2025 г., %",1.5947,level
2026-12-31,national,TOTAL.CNY,"Вес CNY в NEER по структуре всего импорта товаров 2025 г., %",31.4978,level
2026-12-31,national,TOTAL.EUR,"Вес EUR в NEER по структуре всего импорта товаров 2025 г., %",14.0547,level
2026-12-31,national,TOTAL.CZK,"Вес CZK в NEER по структуре всего импорта товаров 2025 г., %",0.9724,level
2026-12-31,national,TOTAL.USD,"Вес USD в NEER по структуре всего импорта товаров 2025 г., %",3.9065,level
2026-12-31,national,TOTAL.AZN,"Вес AZN в NEER по структуре всего импорта товаров 2025 г., %",0.1132,level
2026-12-31,national,TOTAL.JPY,"Вес JPY в NEER по структуре всего импорта товаров 2025 г., %",2.2435,level
2026-12-31,national,TOTAL.KRW,"Вес KRW в NEER по структуре всего импорта товаров 2025 г., %",3.7241,level
2026-12-31,national,TOTAL.KGS,"Вес KGS в NEER по структуре всего импорта товаров 2025 г., %",1.0005,level
2026-12-31,national,TOTAL.PLN,"Вес PLN в NEER по структуре всего импорта товаров 2025 г., %",1.1184,level
2026-12-31,national,TOTAL.RUB,"Вес RUB в NEER по структуре всего импорта товаров 2025 г., %",32.4424,level
2026-12-31,national,TOTAL.INR,"Вес INR в NEER по структуре всего импорта товаров 2025 г., %",0.8445,level
2026-12-31,national,TOTAL.CHF,"Вес CHF в NEER по структуре всего импорта товаров 2025 г., %",0.7298,level
2026-12-31,national,TOTAL.TJS,"Вес TJS в NEER по структуре всего импорта товаров 2025 г., %",0.1868,level
2026-12-31,national,TOTAL.AED,"Вес AED в NEER по структуре всего импорта товаров 2025 г., %",0.2595,level
2026-12-31,national,TOTAL.TRY,"Вес TRY в NEER по структуре всего импорта товаров 2025 г., %",2.5115,level
2026-12-31,national,TOTAL.GBP,"Вес GBP в NEER по структуре всего импорта товаров 2025 г., %",0.6763,level
2026-12-31,national,TOTAL.UZS,"Вес UZS в NEER по структуре всего импорта товаров 2025 г., %",2.1234,level
2026-12-31,national,COVERAGE_TOTAL,"Доля всего импорта товаров 2025 г., отнесённая к валютам с курсом НБК, %",92.047,level
