date,region,item_code,item_name,value,transformation
2009-12-31,ABY,ALL,ALL,654230.0,level
2010-12-31,ABY,ALL,ALL,654991.5,level
2011-12-31,ABY,ALL,ALL,654860.5,level
2012-12-31,ABY,ALL,ALL,654675.0,level
2013-12-31,ABY,ALL,ALL,654747.0,level
2014-12-31,ABY,ALL,ALL,655117.0,level
2015-12-31,ABY,ALL,ALL,655869.0,level
2016-12-31,ABY,ALL,ALL,653954.0,level
2017-12-31,ABY,ALL,ALL,649881.5,level
2018-12-31,ABY,ALL,ALL,647035.5,level
2019-12-31,ABY,ALL,ALL,644238.5,level
2020-12-31,ABY,ALL,ALL,640961.5,level
2021-12-31,ABY,ALL,ALL,638130.0,level
2022-12-31,ABY,ALL,ALL,611043.0,level
2023-12-31,ABY,ALL,ALL,608893.5,level
2024-12-31,ABY,ALL,ALL,605210.5,level
2025-12-31,ABY,ALL,ALL,599276.0,level
1991-12-31,AKM,ALL,ALL,1069877.0,level
1992-12-31,AKM,ALL,ALL,1067476.5,level
1993-12-31,AKM,ALL,ALL,1058752.5,level
1994-12-31,AKM,ALL,ALL,1031244.0,level
1995-12-31,AKM,ALL,ALL,990134.0,level
1996-12-31,AKM,ALL,ALL,954233.5,level
1997-12-31,AKM,ALL,ALL,908531.5,level
1998-12-31,AKM,ALL,ALL,854253.5,level
1999-12-31,AKM,ALL,ALL,814193.0,level
2000-12-31,AKM,ALL,ALL,787778.0,level
2001-12-31,AKM,ALL,ALL,765688.5,level
2002-12-31,AKM,ALL,ALL,751583.5,level
2003-12-31,AKM,ALL,ALL,748548.5,level
2004-12-31,AKM,ALL,ALL,748057.5,level
2005-12-31,AKM,ALL,ALL,746918.5,level
2006-12-31,AKM,ALL,ALL,747605.5,level
2007-12-31,AKM,ALL,ALL,748003.0,level
2008-12-31,AKM,ALL,ALL,738827.0,level
2009-12-31,AKM,ALL,ALL,735732.0,level
2010-12-31,AKM,ALL,ALL,732953.0,level
2011-12-31,AKM,ALL,ALL,731082.0,level
2012-12-31,AKM,ALL,ALL,730821.0,level
2013-12-31,AKM,ALL,ALL,732915.5,level
2014-12-31,AKM,ALL,ALL,734799.0,level
2015-12-31,AKM,ALL,ALL,739188.5,level
2016-12-31,AKM,ALL,ALL,738067.5,level
2017-12-31,AKM,ALL,ALL,735313.5,level
2018-12-31,AKM,ALL,ALL,737422.0,level
2019-12-31,AKM,ALL,ALL,736319.0,level
2020-12-31,AKM,ALL,ALL,734829.5,level
2021-12-31,AKM,ALL,ALL,733460.0,level
2022-12-31,AKM,ALL,ALL,786860.5,level
2023-12-31,AKM,ALL,ALL,787997.0,level
2024-12-31,AKM,ALL,ALL,787622.0,level
2025-12-31,AKM,ALL,ALL,788435.5,level
1991-12-31,AKT,ALL,ALL,739845.5,level
1992-12-31,AKT,ALL,ALL,738116.5,level
1993-12-31,AKT,ALL,ALL,735320.0,level
1994-12-31,AKT,ALL,ALL,727745.5,level
1995-12-31,AKT,ALL,ALL,716208.0,level
1996-12-31,AKT,ALL,ALL,708514.5,level
1997-12-31,AKT,ALL,ALL,699971.0,level
1998-12-31,AKT,ALL,ALL,688589.5,level
1999-12-31,AKT,ALL,ALL,680130.5,level
2000-12-31,AKT,ALL,ALL,673973.0,level
2001-12-31,AKT,ALL,ALL,669198.5,level
2002-12-31,AKT,ALL,ALL,668272.0,level
2003-12-31,AKT,ALL,ALL,670095.0,level
2004-12-31,AKT,ALL,ALL,675209.5,level
2005-12-31,AKT,ALL,ALL,682652.5,level
2006-12-31,AKT,ALL,ALL,691076.0,level
2007-12-31,AKT,ALL,ALL,699557.0,level
2008-12-31,AKT,ALL,ALL,756782.0,level
2009-12-31,AKT,ALL,ALL,759654.5,level
2010-12-31,AKT,ALL,ALL,769998.5,level
2011-12-31,AKT,ALL,ALL,781383.0,level
2012-12-31,AKT,ALL,ALL,790556.0,level
2013-12-31,AKT,ALL,ALL,801838.5,level
2014-12-31,AKT,ALL,ALL,815167.0,level
2015-12-31,AKT,ALL,ALL,828063.0,level
2016-12-31,AKT,ALL,ALL,839607.5,level
2017-12-31,AKT,ALL,ALL,851057.5,level
2018-12-31,AKT,ALL,ALL,863073.5,level
2019-12-31,AKT,ALL,ALL,875081.0,level
2020-12-31,AKT,ALL,ALL,887440.5,level
2021-12-31,AKT,ALL,ALL,899729.0,level
2022-12-31,AKT,ALL,ALL,922454.5,level
2023-12-31,AKT,ALL,ALL,933782.0,level
2024-12-31,AKT,ALL,ALL,944464.5,level
2025-12-31,AKT,ALL,ALL,952747.0,level
1991-12-31,ALA,ALL,ALL,1126552.5,level
1992-12-31,ALA,ALL,ALL,1134310.0,level
1993-12-31,ALA,ALL,ALL,1130012.0,level
1994-12-31,ALA,ALL,ALL,1120256.5,level
1995-12-31,ALA,ALL,ALL,1113238.5,level
1996-12-31,ALA,ALL,ALL,1114730.0,level
1997-12-31,ALA,ALL,ALL,1118902.5,level
1998-12-31,ALA,ALL,ALL,1124540.0,level
1999-12-31,ALA,ALL,ALL,1129714.0,level
2000-12-31,ALA,ALL,ALL,1129599.0,level
2001-12-31,ALA,ALL,ALL,1130591.5,level
2002-12-31,ALA,ALL,ALL,1141032.5,level
2003-12-31,ALA,ALL,ALL,1162424.5,level
2004-12-31,ALA,ALL,ALL,1192346.5,level
2005-12-31,ALA,ALL,ALL,1228690.5,level
2006-12-31,ALA,ALL,ALL,1267571.0,level
2007-12-31,ALA,ALL,ALL,1305993.0,level
2008-12-31,ALA,ALL,ALL,1361877.0,level
2009-12-31,ALA,ALL,ALL,1462853.0,level
2010-12-31,ALA,ALL,ALL,1490695.0,level
2011-12-31,ALA,ALL,ALL,1522575.0,level
2012-12-31,ALA,ALL,ALL,1556463.0,level
2013-12-31,ALA,ALL,ALL,1588241.5,level
2014-12-31,ALA,ALL,ALL,1625840.5,level
2015-12-31,ALA,ALL,ALL,1676791.5,level
2016-12-31,ALA,ALL,ALL,1731687.0,level
2017-12-31,ALA,ALL,ALL,1781272.0,level
2018-12-31,ALA,ALL,ALL,1832948.5,level
2019-12-31,ALA,ALL,ALL,1890393.5,level
2020-12-31,ALA,ALL,ALL,1951745.5,level
2021-12-31,ALA,ALL,ALL,2005788.0,level
2022-12-31,ALA,ALL,ALL,2131693.0,level
2023-12-31,ALA,ALL,ALL,2195288.0,level
2024-12-31,ALA,ALL,ALL,2260365.0,level
2025-12-31,ALA,ALL,ALL,2320079.0,level
1991-12-31,ALM,ALL,ALL,1658753.5,level
1992-12-31,ALM,ALL,ALL,1654992.0,level
1993-12-31,ALM,ALL,ALL,1645838.0,level
1994-12-31,ALM,ALL,ALL,1630047.0,level
1995-12-31,ALM,ALL,ALL,1606548.0,level
1996-12-31,ALM,ALL,ALL,1590773.0,level
1997-12-31,ALM,ALL,ALL,1576832.5,level
1998-12-31,ALM,ALL,ALL,1562798.5,level
1999-12-31,ALM,ALL,ALL,1556838.0,level
2000-12-31,ALM,ALL,ALL,1555730.5,level
2001-12-31,ALM,ALL,ALL,1554446.5,level
2002-12-31,ALM,ALL,ALL,1557420.0,level
2003-12-31,ALM,ALL,ALL,1565730.5,level
2004-12-31,ALM,ALL,ALL,1580472.5,level
2005-12-31,ALM,ALL,ALL,1596754.5,level
2006-12-31,ALM,ALL,ALL,1612227.0,level
2007-12-31,ALM,ALL,ALL,1631987.0,level
2008-12-31,ALM,ALL,ALL,1804005.0,level
2009-12-31,ALM,ALL,ALL,1112970.5,level
2010-12-31,ALM,ALL,ALL,1138756.0,level
2011-12-31,ALM,ALL,ALL,1166608.0,level
2012-12-31,ALM,ALL,ALL,1194878.0,level
2013-12-31,ALM,ALL,ALL,1223330.0,level
2014-12-31,ALM,ALL,ALL,1249707.0,level
2015-12-31,ALM,ALL,ALL,1272570.0,level
2016-12-31,ALM,ALL,ALL,1300224.5,level
2017-12-31,ALM,ALL,ALL,1334015.0,level
2018-12-31,ALM,ALL,ALL,1361944.0,level
2019-12-31,ALM,ALL,ALL,1382488.0,level
2020-12-31,ALM,ALL,ALL,1402320.0,level
2021-12-31,ALM,ALL,ALL,1426071.0,level
2022-12-31,ALM,ALL,ALL,1492196.0,level
2023-12-31,ALM,ALL,ALL,1518531.5,level
2024-12-31,ALM,ALL,ALL,1545645.5,level
2025-12-31,ALM,ALL,ALL,1578328.0,level
1991-12-31,AST,ALL,ALL,296231.0,level
1992-12-31,AST,ALL,ALL,295421.5,level
1993-12-31,AST,ALL,ALL,293364.0,level
1994-12-31,AST,ALL,ALL,293855.5,level
1995-12-31,AST,ALL,ALL,291435.0,level
1996-12-31,AST,ALL,ALL,288458.0,level
1997-12-31,AST,ALL,ALL,293853.0,level
1998-12-31,AST,ALL,ALL,313722.0,level
1999-12-31,AST,ALL,ALL,353964.5,level
2000-12-31,AST,ALL,ALL,410599.5,level
2001-12-31,AST,ALL,ALL,466635.5,level
2002-12-31,AST,ALL,ALL,497530.0,level
2003-12-31,AST,ALL,ALL,506265.5,level
2004-12-31,AST,ALL,ALL,519934.0,level
2005-12-31,AST,ALL,ALL,539886.5,level
2006-12-31,AST,ALL,ALL,562443.0,level
2007-12-31,AST,ALL,ALL,588567.0,level
2008-12-31,AST,ALL,ALL,605254.0,level
2009-12-31,AST,ALL,ALL,633526.0,level
2010-12-31,AST,ALL,ALL,679480.5,level
2011-12-31,AST,ALL,ALL,726338.5,level
2012-12-31,AST,ALL,ALL,766831.0,level
2013-12-31,AST,ALL,ALL,802607.5,level
2014-12-31,AST,ALL,ALL,839937.0,level
2015-12-31,AST,ALL,ALL,869021.0,level
2016-12-31,AST,ALL,ALL,928965.0,level
2017-12-31,AST,ALL,ALL,1007961.0,level
2018-12-31,AST,ALL,ALL,1060808.5,level
2019-12-31,AST,ALL,ALL,1113591.0,level
2020-12-31,AST,ALL,ALL,1166590.5,level
2021-12-31,AST,ALL,ALL,1218389.0,level
2022-12-31,AST,ALL,ALL,1325135.0,level
2023-12-31,AST,ALL,ALL,1392332.0,level
2024-12-31,AST,ALL,ALL,1479404.0,level
2025-12-31,AST,ALL,ALL,1583939.5,level
1991-12-31,ATY,ALL,ALL,429981.5,level
1992-12-31,ATY,ALL,ALL,433726.0,level
1993-12-31,ATY,ALL,ALL,435338.0,level
1994-12-31,ATY,ALL,ALL,435885.5,level
1995-12-31,ATY,ALL,ALL,435408.5,level
1996-12-31,ATY,ALL,ALL,435775.0,level
1997-12-31,ATY,ALL,ALL,437138.5,level
1998-12-31,ATY,ALL,ALL,438626.0,level
1999-12-31,ATY,ALL,ALL,440524.5,level
2000-12-31,ATY,ALL,ALL,442661.0,level
2001-12-31,ATY,ALL,ALL,445632.0,level
2002-12-31,ATY,ALL,ALL,449781.0,level
2003-12-31,ATY,ALL,ALL,454571.5,level
2004-12-31,ATY,ALL,ALL,460340.5,level
2005-12-31,ATY,ALL,ALL,467925.0,level
2006-12-31,ATY,ALL,ALL,476535.5,level
2007-12-31,ATY,ALL,ALL,485528.0,level
2008-12-31,ATY,ALL,ALL,509123.0,level
2009-12-31,ATY,ALL,ALL,515087.5,level
2010-12-31,ATY,ALL,ALL,526538.5,level
2011-12-31,ATY,ALL,ALL,537520.5,level
2012-12-31,ATY,ALL,ALL,549101.0,level
2013-12-31,ATY,ALL,ALL,561531.5,level
2014-12-31,ATY,ALL,ALL,574621.0,level
2015-12-31,ATY,ALL,ALL,587954.5,level
2016-12-31,ATY,ALL,ALL,601014.5,level
2017-12-31,ATY,ALL,ALL,614106.5,level
2018-12-31,ATY,ALL,ALL,627246.0,level
2019-12-31,ATY,ALL,ALL,639547.0,level
2020-12-31,ATY,ALL,ALL,651210.0,level
2021-12-31,ATY,ALL,ALL,662623.0,level
2022-12-31,ATY,ALL,ALL,687160.0,level
2023-12-31,ATY,ALL,ALL,698576.5,level
2024-12-31,ATY,ALL,ALL,707427.5,level
2025-12-31,ATY,ALL,ALL,713426.0,level
1991-12-31,KRG,ALL,ALL,1702293.5,level
1992-12-31,KRG,ALL,ALL,1685481.5,level
1993-12-31,KRG,ALL,ALL,1662125.5,level
1994-12-31,KRG,ALL,ALL,1615450.5,level
1995-12-31,KRG,ALL,ALL,1561028.5,level
1996-12-31,KRG,ALL,ALL,1519137.0,level
1997-12-31,KRG,ALL,ALL,1481086.5,level
1998-12-31,KRG,ALL,ALL,1436276.0,level
1999-12-31,KRG,ALL,ALL,1400929.5,level
2000-12-31,KRG,ALL,ALL,1377617.5,level
2001-12-31,KRG,ALL,ALL,1354512.5,level
2002-12-31,KRG,ALL,ALL,1338950.0,level
2003-12-31,KRG,ALL,ALL,1332291.5,level
2004-12-31,KRG,ALL,ALL,1331314.5,level
2005-12-31,KRG,ALL,ALL,1333070.0,level
2006-12-31,KRG,ALL,ALL,1336903.0,level
2007-12-31,KRG,ALL,ALL,1340724.0,level
2008-12-31,KRG,ALL,ALL,1341207.0,level
2009-12-31,KRG,ALL,ALL,1120122.0,level
2010-12-31,KRG,ALL,ALL,1125470.5,level
2011-12-31,KRG,ALL,ALL,1130855.5,level
2012-12-31,KRG,ALL,ALL,1135909.5,level
2013-12-31,KRG,ALL,ALL,1141291.0,level
2014-12-31,KRG,ALL,ALL,1148391.5,level
2015-12-31,KRG,ALL,ALL,1155212.5,level
2016-12-31,KRG,ALL,ALL,1157473.0,level
2017-12-31,KRG,ALL,ALL,1155734.0,level
2018-12-31,KRG,ALL,ALL,1152884.5,level
2019-12-31,KRG,ALL,ALL,1150134.0,level
2020-12-31,KRG,ALL,ALL,1148647.5,level
2021-12-31,KRG,ALL,ALL,1146507.0,level
2022-12-31,KRG,ALL,ALL,1134910.5,level
2023-12-31,KRG,ALL,ALL,1135103.0,level
2024-12-31,KRG,ALL,ALL,1134642.0,level
2025-12-31,KRG,ALL,ALL,1132643.0,level
1991-12-31,KST,ALL,ALL,1246307.0,level
1992-12-31,KST,ALL,ALL,1251102.0,level
1993-12-31,KST,ALL,ALL,1244010.0,level
1994-12-31,KST,ALL,ALL,1220437.0,level
1995-12-31,KST,ALL,ALL,1180501.0,level
1996-12-31,KST,ALL,ALL,1146223.5,level
1997-12-31,KST,ALL,ALL,1104731.5,level
1998-12-31,KST,ALL,ALL,1048491.5,level
1999-12-31,KST,ALL,ALL,1004645.5,level
2000-12-31,KST,ALL,ALL,974030.5,level
2001-12-31,KST,ALL,ALL,947495.5,level
2002-12-31,KST,ALL,ALL,927637.5,level
2003-12-31,KST,ALL,ALL,916496.5,level
2004-12-31,KST,ALL,ALL,910415.5,level
2005-12-31,KST,ALL,ALL,905287.0,level
2006-12-31,KST,ALL,ALL,901755.5,level
2007-12-31,KST,ALL,ALL,897262.0,level
2008-12-31,KST,ALL,ALL,886329.0,level
2009-12-31,KST,ALL,ALL,884261.5,level
2010-12-31,KST,ALL,ALL,881920.5,level
2011-12-31,KST,ALL,ALL,880041.5,level
2012-12-31,KST,ALL,ALL,879263.5,level
2013-12-31,KST,ALL,ALL,879917.0,level
2014-12-31,KST,ALL,ALL,880626.0,level
2015-12-31,KST,ALL,ALL,882020.5,level
2016-12-31,KST,ALL,ALL,880769.5,level
2017-12-31,KST,ALL,ALL,876659.5,level
2018-12-31,KST,ALL,ALL,873507.0,level
2019-12-31,KST,ALL,ALL,869990.0,level
2020-12-31,KST,ALL,ALL,865882.0,level
2021-12-31,KST,ALL,ALL,860580.0,level
2022-12-31,KST,ALL,ALL,833960.0,level
2023-12-31,KST,ALL,ALL,831109.0,level
2024-12-31,KST,ALL,ALL,827776.5,level
2025-12-31,KST,ALL,ALL,823521.0,level
1991-12-31,KZL,ALL,ALL,589283.5,level
1992-12-31,KZL,ALL,ALL,597006.0,level
1993-12-31,KZL,ALL,ALL,600430.5,level
1994-12-31,KZL,ALL,ALL,595092.5,level
1995-12-31,KZL,ALL,ALL,589145.0,level
1996-12-31,KZL,ALL,ALL,588270.0,level
1997-12-31,KZL,ALL,ALL,590659.5,level
1998-12-31,KZL,ALL,ALL,593823.0,level
1999-12-31,KZL,ALL,ALL,597014.5,level
2000-12-31,KZL,ALL,ALL,599132.0,level
2001-12-31,KZL,ALL,ALL,600355.0,level
2002-12-31,KZL,ALL,ALL,602388.0,level
2003-12-31,KZL,ALL,ALL,605647.5,level
2004-12-31,KZL,ALL,ALL,609769.5,level
2005-12-31,KZL,ALL,ALL,615148.5,level
2006-12-31,KZL,ALL,ALL,621659.5,level
2007-12-31,KZL,ALL,ALL,628652.0,level
2008-12-31,KZL,ALL,ALL,677734.0,level
2009-12-31,KZL,ALL,ALL,682730.5,level
2010-12-31,KZL,ALL,ALL,694114.5,level
2011-12-31,KZL,ALL,ALL,706052.0,level
2012-12-31,KZL,ALL,ALL,719136.5,level
2013-12-31,KZL,ALL,ALL,732542.0,level
2014-12-31,KZL,ALL,ALL,745684.0,level
2015-12-31,KZL,ALL,ALL,758338.5,level
2016-12-31,KZL,ALL,ALL,768392.5,level
2017-12-31,KZL,ALL,ALL,777417.0,level
2018-12-31,KZL,ALL,ALL,788016.5,level
2019-12-31,KZL,ALL,ALL,798228.0,level
2020-12-31,KZL,ALL,ALL,808367.0,level
2021-12-31,KZL,ALL,ALL,820591.0,level
2022-12-31,KZL,ALL,ALL,828458.5,level
2023-12-31,KZL,ALL,ALL,837798.5,level
2024-12-31,KZL,ALL,ALL,844017.5,level
2025-12-31,KZL,ALL,ALL,846208.0,level
1991-12-31,MNG,ALL,ALL,337246.5,level
1992-12-31,MNG,ALL,ALL,339522.0,level
1993-12-31,MNG,ALL,ALL,331996.5,level
1994-12-31,MNG,ALL,ALL,315162.0,level
1995-12-31,MNG,ALL,ALL,305736.0,level
1996-12-31,MNG,ALL,ALL,308112.5,level
1997-12-31,MNG,ALL,ALL,312306.0,level
1998-12-31,MNG,ALL,ALL,314382.0,level
1999-12-31,MNG,ALL,ALL,314619.0,level
2000-12-31,MNG,ALL,ALL,317197.0,level
2001-12-31,MNG,ALL,ALL,323728.0,level
2002-12-31,MNG,ALL,ALL,333438.5,level
2003-12-31,MNG,ALL,ALL,344140.0,level
2004-12-31,MNG,ALL,ALL,355711.0,level
2005-12-31,MNG,ALL,ALL,368092.0,level
2006-12-31,MNG,ALL,ALL,382480.5,level
2007-12-31,MNG,ALL,ALL,398967.0,level
2008-12-31,MNG,ALL,ALL,482631.0,level
2009-12-31,MNG,ALL,ALL,493509.0,level
2010-12-31,MNG,ALL,ALL,514283.0,level
2011-12-31,MNG,ALL,ALL,535553.0,level
2012-12-31,MNG,ALL,ALL,557343.0,level
2013-12-31,MNG,ALL,ALL,578159.5,level
2014-12-31,MNG,ALL,ALL,597691.0,level
2015-12-31,MNG,ALL,ALL,617358.0,level
2016-12-31,MNG,ALL,ALL,635350.0,level
2017-12-31,MNG,ALL,ALL,652126.5,level
2018-12-31,MNG,ALL,ALL,669820.0,level
2019-12-31,MNG,ALL,ALL,689054.5,level
2020-12-31,MNG,ALL,ALL,709740.0,level
2021-12-31,MNG,ALL,ALL,730802.0,level
2022-12-31,MNG,ALL,ALL,756507.5,level
2023-12-31,MNG,ALL,ALL,776973.5,level
2024-12-31,MNG,ALL,ALL,795998.5,level
2025-12-31,MNG,ALL,ALL,812490.0,level
1991-12-31,PVL,ALL,ALL,951777.0,level
1992-12-31,PVL,ALL,ALL,953831.0,level
1993-12-31,PVL,ALL,ALL,946791.5,level
1994-12-31,PVL,ALL,ALL,926955.0,level
1995-12-31,PVL,ALL,ALL,898655.0,level
1996-12-31,PVL,ALL,ALL,875564.5,level
1997-12-31,PVL,ALL,ALL,851789.5,level
1998-12-31,PVL,ALL,ALL,823059.5,level
1999-12-31,PVL,ALL,ALL,799568.5,level
2000-12-31,PVL,ALL,ALL,781613.5,level
2001-12-31,PVL,ALL,ALL,765303.5,level
2002-12-31,PVL,ALL,ALL,753402.5,level
2003-12-31,PVL,ALL,ALL,746944.5,level
2004-12-31,PVL,ALL,ALL,744532.0,level
2005-12-31,PVL,ALL,ALL,743368.5,level
2006-12-31,PVL,ALL,ALL,743885.5,level
2007-12-31,PVL,ALL,ALL,745657.0,level
2008-12-31,PVL,ALL,ALL,742276.0,level
2009-12-31,PVL,ALL,ALL,743042.5,level
2010-12-31,PVL,ALL,ALL,745008.0,level
2011-12-31,PVL,ALL,ALL,746385.0,level
2012-12-31,PVL,ALL,ALL,747860.0,level
2013-12-31,PVL,ALL,ALL,750720.0,level
2014-12-31,PVL,ALL,ALL,754003.0,level
2015-12-31,PVL,ALL,ALL,756822.0,level
2016-12-31,PVL,ALL,ALL,757404.0,level
2017-12-31,PVL,ALL,ALL,755533.5,level
2018-12-31,PVL,ALL,ALL,753980.5,level
2019-12-31,PVL,ALL,ALL,752656.0,level
2020-12-31,PVL,ALL,ALL,751247.5,level
2021-12-31,PVL,ALL,ALL,748722.0,level
2022-12-31,PVL,ALL,ALL,755727.5,level
2023-12-31,PVL,ALL,ALL,754439.0,level
2024-12-31,PVL,ALL,ALL,752476.0,level
2025-12-31,PVL,ALL,ALL,748130.5,level
2009-12-31,SHM,ALL,ALL,736722.5,level
2010-12-31,SHM,ALL,ALL,753750.5,level
2011-12-31,SHM,ALL,ALL,771309.5,level
2012-12-31,SHM,ALL,ALL,791903.0,level
2013-12-31,SHM,ALL,ALL,816372.0,level
2014-12-31,SHM,ALL,ALL,843290.5,level
2015-12-31,SHM,ALL,ALL,871989.0,level
2016-12-31,SHM,ALL,ALL,899107.5,level
2017-12-31,SHM,ALL,ALL,932047.0,level
2018-12-31,SHM,ALL,ALL,980434.0,level
2019-12-31,SHM,ALL,ALL,1023409.0,level
2020-12-31,SHM,ALL,ALL,1056072.5,level
2021-12-31,SHM,ALL,ALL,1093246.0,level
2022-12-31,SHM,ALL,ALL,1177253.5,level
2023-12-31,SHM,ALL,ALL,1207132.5,level
2024-12-31,SHM,ALL,ALL,1239115.0,level
2025-12-31,SHM,ALL,ALL,1275107.0,level
1991-12-31,SKO,ALL,ALL,915018.0,level
1992-12-31,SKO,ALL,ALL,917618.5,level
1993-12-31,SKO,ALL,ALL,917026.0,level
1994-12-31,SKO,ALL,ALL,898641.5,level
1995-12-31,SKO,ALL,ALL,861896.5,level
1996-12-31,SKO,ALL,ALL,823752.0,level
1997-12-31,SKO,ALL,ALL,780506.5,level
1998-12-31,SKO,ALL,ALL,741861.5,level
1999-12-31,SKO,ALL,ALL,720314.5,level
2000-12-31,SKO,ALL,ALL,708125.5,level
2001-12-31,SKO,ALL,ALL,696943.0,level
2002-12-31,SKO,ALL,ALL,686705.5,level
2003-12-31,SKO,ALL,ALL,678322.5,level
2004-12-31,SKO,ALL,ALL,670216.5,level
2005-12-31,SKO,ALL,ALL,664531.0,level
2006-12-31,SKO,ALL,ALL,662038.0,level
2007-12-31,SKO,ALL,ALL,657435.0,level
2008-12-31,SKO,ALL,ALL,597534.0,level
2009-12-31,SKO,ALL,ALL,594556.0,level
2010-12-31,SKO,ALL,ALL,590499.0,level
2011-12-31,SKO,ALL,ALL,585989.5,level
2012-12-31,SKO,ALL,ALL,581122.5,level
2013-12-31,SKO,ALL,ALL,577197.0,level
2014-12-31,SKO,ALL,ALL,573251.5,level
2015-12-31,SKO,ALL,ALL,570054.5,level
2016-12-31,SKO,ALL,ALL,565751.5,level
2017-12-31,SKO,ALL,ALL,560250.0,level
2018-12-31,SKO,ALL,ALL,555885.0,level
2019-12-31,SKO,ALL,ALL,550972.5,level
2020-12-31,SKO,ALL,ALL,545590.0,level
2021-12-31,SKO,ALL,ALL,539765.0,level
2022-12-31,SKO,ALL,ALL,536607.5,level
2023-12-31,SKO,ALL,ALL,532096.5,level
2024-12-31,SKO,ALL,ALL,526130.0,level
2025-12-31,SKO,ALL,ALL,518151.5,level
2009-12-31,TRK,ALL,ALL,1748056.5,level
2010-12-31,TRK,ALL,ALL,1783430.0,level
2011-12-31,TRK,ALL,ALL,1820809.0,level
2012-12-31,TRK,ALL,ALL,1855783.0,level
2013-12-31,TRK,ALL,ALL,1887102.5,level
2014-12-31,TRK,ALL,ALL,1914760.5,level
2015-12-31,TRK,ALL,ALL,1939958.0,level
2016-12-31,TRK,ALL,ALL,1958184.0,level
2017-12-31,TRK,ALL,ALL,1969390.0,level
2018-12-31,TRK,ALL,ALL,1978238.5,level
2019-12-31,TRK,ALL,ALL,1997746.0,level
2020-12-31,TRK,ALL,ALL,2028098.0,level
2021-12-31,TRK,ALL,ALL,2057690.0,level
2022-12-31,TRK,ALL,ALL,2103867.0,level
2023-12-31,TRK,ALL,ALL,2130697.5,level
2024-12-31,TRK,ALL,ALL,2148106.0,level
2025-12-31,TRK,ALL,ALL,2151623.0,level
2009-12-31,ULT,ALL,ALL,223427.0,level
2010-12-31,ULT,ALL,ALL,223575.5,level
2011-12-31,ULT,ALL,ALL,223757.5,level
2012-12-31,ULT,ALL,ALL,223965.5,level
2013-12-31,ULT,ALL,ALL,224400.0,level
2014-12-31,ULT,ALL,ALL,224942.5,level
2015-12-31,ULT,ALL,ALL,225659.5,level
2016-12-31,ULT,ALL,ALL,225664.5,level
2017-12-31,ULT,ALL,ALL,225251.0,level
2018-12-31,ULT,ALL,ALL,226029.5,level
2019-12-31,ULT,ALL,ALL,226994.0,level
2020-12-31,ULT,ALL,ALL,227216.0,level
2021-12-31,ULT,ALL,ALL,226925.0,level
2022-12-31,ULT,ALL,ALL,221167.0,level
2023-12-31,ULT,ALL,ALL,221502.5,level
2024-12-31,ULT,ALL,ALL,221437.0,level
2025-12-31,ULT,ALL,ALL,220169.5,level
1991-12-31,VKO,ALL,ALL,1775303.5,level
1992-12-31,VKO,ALL,ALL,1774993.0,level
1993-12-31,VKO,ALL,ALL,1762919.0,level
1994-12-31,VKO,ALL,ALL,1719102.5,level
1995-12-31,VKO,ALL,ALL,1661690.5,level
1996-12-31,VKO,ALL,ALL,1619289.0,level
1997-12-31,VKO,ALL,ALL,1581247.0,level
1998-12-31,VKO,ALL,ALL,1547600.5,level
1999-12-31,VKO,ALL,ALL,1524864.0,level
2000-12-31,VKO,ALL,ALL,1507941.0,level
2001-12-31,VKO,ALL,ALL,1490823.5,level
2002-12-31,VKO,ALL,ALL,1474240.5,level
2003-12-31,VKO,ALL,ALL,1460671.5,level
2004-12-31,VKO,ALL,ALL,1448754.5,level
2005-12-31,VKO,ALL,ALL,1436638.5,level
2006-12-31,VKO,ALL,ALL,1427846.5,level
2007-12-31,VKO,ALL,ALL,1420949.0,level
2008-12-31,VKO,ALL,ALL,1396871.0,level
2009-12-31,VKO,ALL,ALL,742264.0,level
2010-12-31,VKO,ALL,ALL,742116.5,level
2011-12-31,VKO,ALL,ALL,740758.5,level
2012-12-31,VKO,ALL,ALL,738953.5,level
2013-12-31,VKO,ALL,ALL,738562.0,level
2014-12-31,VKO,ALL,ALL,738903.0,level
2015-12-31,VKO,ALL,ALL,738961.5,level
2016-12-31,VKO,ALL,ALL,737891.0,level
2017-12-31,VKO,ALL,ALL,735749.5,level
2018-12-31,VKO,ALL,ALL,733096.5,level
2019-12-31,VKO,ALL,ALL,728885.0,level
2020-12-31,VKO,ALL,ALL,724803.5,level
2021-12-31,VKO,ALL,ALL,721014.0,level
2022-12-31,VKO,ALL,ALL,731602.0,level
2023-12-31,VKO,ALL,ALL,728645.5,level
2024-12-31,VKO,ALL,ALL,725510.0,level
2025-12-31,VKO,ALL,ALL,721481.0,level
1991-12-31,YKO,ALL,ALL,1876682.5,level
1992-12-31,YKO,ALL,ALL,1901024.0,level
1993-12-31,YKO,ALL,ALL,1922698.0,level
1994-12-31,YKO,ALL,ALL,1936674.5,level
1995-12-31,YKO,ALL,ALL,1947095.0,level
1996-12-31,YKO,ALL,ALL,1961469.0,level
1997-12-31,YKO,ALL,ALL,1967914.0,level
1998-12-31,YKO,ALL,ALL,1970982.0,level
1999-12-31,YKO,ALL,ALL,1990288.0,level
2000-12-31,YKO,ALL,ALL,2028187.0,level
2001-12-31,YKO,ALL,ALL,2065428.5,level
2002-12-31,YKO,ALL,ALL,2095699.5,level
2003-12-31,YKO,ALL,ALL,2131074.5,level
2004-12-31,YKO,ALL,ALL,2171906.0,level
2005-12-31,YKO,ALL,ALL,2213562.0,level
2006-12-31,YKO,ALL,ALL,2258021.0,level
2007-12-31,YKO,ALL,ALL,2306989.0,level
2008-12-31,YKO,ALL,ALL,2462782.0,level
1991-12-31,ZHM,ALL,ALL,1042978.0,level
1992-12-31,ZHM,ALL,ALL,1040003.0,level
1993-12-31,ZHM,ALL,ALL,1034695.5,level
1994-12-31,ZHM,ALL,ALL,1022445.0,level
1995-12-31,ZHM,ALL,ALL,1007669.0,level
1996-12-31,ZHM,ALL,ALL,1000273.0,level
1997-12-31,ZHM,ALL,ALL,994116.5,level
1998-12-31,ZHM,ALL,ALL,989281.5,level
1999-12-31,ZHM,ALL,ALL,987500.0,level
2000-12-31,ZHM,ALL,ALL,984036.0,level
2001-12-31,ZHM,ALL,ALL,980563.5,level
2002-12-31,ZHM,ALL,ALL,979635.5,level
2003-12-31,ZHM,ALL,ALL,982812.0,level
2004-12-31,ZHM,ALL,ALL,988820.5,level
2005-12-31,ZHM,ALL,ALL,996591.5,level
2006-12-31,ZHM,ALL,ALL,1005152.0,level
2007-12-31,ZHM,ALL,ALL,1014027.0,level
2008-12-31,ZHM,ALL,ALL,1020796.0,level
2009-12-31,ZHM,ALL,ALL,1026463.5,level
2010-12-31,ZHM,ALL,ALL,1039186.5,level
2011-12-31,ZHM,ALL,ALL,1049840.0,level
2012-12-31,ZHM,ALL,ALL,1061581.5,level
2013-12-31,ZHM,ALL,ALL,1075829.0,level
2014-12-31,ZHM,ALL,ALL,1090155.0,level
2015-12-31,ZHM,ALL,ALL,1103314.5,level
2016-12-31,ZHM,ALL,ALL,1111691.5,level
2017-12-31,ZHM,ALL,ALL,1114921.0,level
2018-12-31,ZHM,ALL,ALL,1120020.0,level
2019-12-31,ZHM,ALL,ALL,1126500.0,level
2020-12-31,ZHM,ALL,ALL,1133402.5,level
2021-12-31,ZHM,ALL,ALL,1143351.0,level
2022-12-31,ZHM,ALL,ALL,1213911.5,level
2023-12-31,ZHM,ALL,ALL,1220375.5,level
2024-12-31,ZHM,ALL,ALL,1222492.0,level
2025-12-31,ZHM,ALL,ALL,1219023.5,level
2009-12-31,ZHT,ALL,ALL,622600.5,level
2010-12-31,ZHT,ALL,ALL,629003.5,level
2011-12-31,ZHT,ALL,ALL,634934.5,level
2012-12-31,ZHT,ALL,ALL,640586.0,level
2013-12-31,ZHT,ALL,ALL,646974.5,level
2014-12-31,ZHT,ALL,ALL,653785.5,level
2015-12-31,ZHT,ALL,ALL,659342.5,level
2016-12-31,ZHT,ALL,ALL,662445.5,level
2017-12-31,ZHT,ALL,ALL,663542.0,level
2018-12-31,ZHT,ALL,ALL,663418.0,level
2019-12-31,ZHT,ALL,ALL,662151.0,level
2020-12-31,ZHT,ALL,ALL,661875.5,level
2021-12-31,ZHT,ALL,ALL,663876.0,level
2022-12-31,ZHT,ALL,ALL,698741.5,level
2023-12-31,ZHT,ALL,ALL,698356.5,level
2024-12-31,ZHT,ALL,ALL,696156.0,level
2025-12-31,ZHT,ALL,ALL,691013.0,level
1991-12-31,ZKO,ALL,ALL,646836.0,level
1992-12-31,ZKO,ALL,ALL,654471.0,level
1993-12-31,ZKO,ALL,ALL,659354.5,level
1994-12-31,ZKO,ALL,ALL,656771.5,level
1995-12-31,ZKO,ALL,ALL,649854.5,level
1996-12-31,ZKO,ALL,ALL,643652.5,level
1997-12-31,ZKO,ALL,ALL,634818.5,level
1998-12-31,ZKO,ALL,ALL,623353.0,level
1999-12-31,ZKO,ALL,ALL,613265.5,level
2000-12-31,ZKO,ALL,ALL,605404.5,level
2001-12-31,ZKO,ALL,ALL,600989.0,level
2002-12-31,ZKO,ALL,ALL,601231.5,level
2003-12-31,ZKO,ALL,ALL,602982.5,level
2004-12-31,ZKO,ALL,ALL,605183.0,level
2005-12-31,ZKO,ALL,ALL,607912.5,level
2006-12-31,ZKO,ALL,ALL,610885.0,level
2007-12-31,ZKO,ALL,ALL,613895.0,level
2008-12-31,ZKO,ALL,ALL,598342.0,level
2009-12-31,ZKO,ALL,ALL,600953.5,level
2010-12-31,ZKO,ALL,ALL,605942.5,level
2011-12-31,ZKO,ALL,ALL,610295.5,level
2012-12-31,ZKO,ALL,ALL,614988.5,level
2013-12-31,ZKO,ALL,ALL,620731.5,level
2014-12-31,ZKO,ALL,ALL,626881.0,level
2015-12-31,ZKO,ALL,ALL,633315.0,level
2016-12-31,ZKO,ALL,ALL,639027.0,level
2017-12-31,ZKO,ALL,ALL,643996.0,level
2018-12-31,ZKO,ALL,ALL,649425.5,level
2019-12-31,ZKO,ALL,ALL,654403.0,level
2020-12-31,ZKO,ALL,ALL,658903.5,level
2021-12-31,ZKO,ALL,ALL,663428.0,level
2022-12-31,ZKO,ALL,ALL,685727.0,level
2023-12-31,ZKO,ALL,ALL,690694.5,level
2024-12-31,ZKO,ALL,ALL,694625.0,level
2025-12-31,ZKO,ALL,ALL,695818.5,level
1991-12-31,national,ALL,ALL,16404966.5,level
1992-12-31,national,ALL,ALL,16439094.5,level
1993-12-31,national,ALL,ALL,16380671.5,level
1994-12-31,national,ALL,ALL,16145766.0,level
1995-12-31,national,ALL,ALL,15816243.0,level
1996-12-31,national,ALL,ALL,15578227.0,level
1997-12-31,national,ALL,ALL,15334404.5,level
1998-12-31,national,ALL,ALL,15071640.0,level
1999-12-31,national,ALL,ALL,14928373.5,level
2000-12-31,national,ALL,ALL,14883625.5,level
2001-12-31,national,ALL,ALL,14858334.5,level
2002-12-31,national,ALL,ALL,14858948.0,level
2003-12-31,national,ALL,ALL,14909018.5,level
2004-12-31,national,ALL,ALL,15012983.5,level
2005-12-31,national,ALL,ALL,15147029.0,level
2006-12-31,national,ALL,ALL,15308084.5,level
2007-12-31,national,ALL,ALL,15484192.0,level
2008-12-31,national,ALL,ALL,15982370.0,level
2009-12-31,national,ALL,ALL,16092762.5,level
2010-12-31,national,ALL,ALL,16321713.5,level
2011-12-31,national,ALL,ALL,16556948.5,level
2012-12-31,national,ALL,ALL,16791721.0,level
2013-12-31,national,ALL,ALL,17035009.5,level
2014-12-31,national,ALL,ALL,17287553.5,level
2015-12-31,national,ALL,ALL,17541803.5,level
2016-12-31,national,ALL,ALL,17792671.5,level
2017-12-31,national,ALL,ALL,18036224.0,level
2018-12-31,national,ALL,ALL,18275233.5,level
2019-12-31,national,ALL,ALL,18512781.0,level
2020-12-31,national,ALL,ALL,18754943.0,level
2021-12-31,national,ALL,ALL,19000687.0,level
2022-12-31,national,ALL,ALL,19634983.0,level
2023-12-31,national,ALL,ALL,19900324.5,level
2024-12-31,national,ALL,ALL,20158620.5,level
2025-12-31,national,ALL,ALL,20391610.5,level
2009-12-31,ABY,ALL_MEN,ALL_MEN,313960.5,level
2010-12-31,ABY,ALL_MEN,ALL_MEN,314549.0,level
2011-12-31,ABY,ALL_MEN,ALL_MEN,314721.5,level
2012-12-31,ABY,ALL_MEN,ALL_MEN,314874.0,level
2013-12-31,ABY,ALL_MEN,ALL_MEN,315143.5,level
2014-12-31,ABY,ALL_MEN,ALL_MEN,315601.0,level
2015-12-31,ABY,ALL_MEN,ALL_MEN,316115.5,level
2016-12-31,ABY,ALL_MEN,ALL_MEN,315370.5,level
2017-12-31,ABY,ALL_MEN,ALL_MEN,313631.0,level
2018-12-31,ABY,ALL_MEN,ALL_MEN,312504.0,level
2019-12-31,ABY,ALL_MEN,ALL_MEN,311527.0,level
2020-12-31,ABY,ALL_MEN,ALL_MEN,310360.5,level
2021-12-31,ABY,ALL_MEN,ALL_MEN,309348.0,level
2022-12-31,ABY,ALL_MEN,ALL_MEN,299005.0,level
2023-12-31,ABY,ALL_MEN,ALL_MEN,298356.5,level
2024-12-31,ABY,ALL_MEN,ALL_MEN,296784.0,level
2025-12-31,ABY,ALL_MEN,ALL_MEN,294141.0,level
1991-12-31,AKM,ALL_MEN,ALL_MEN,522764.5,level
1992-12-31,AKM,ALL_MEN,ALL_MEN,521287.0,level
1993-12-31,AKM,ALL_MEN,ALL_MEN,516825.0,level
1994-12-31,AKM,ALL_MEN,ALL_MEN,503232.5,level
1995-12-31,AKM,ALL_MEN,ALL_MEN,482918.5,level
1996-12-31,AKM,ALL_MEN,ALL_MEN,465042.5,level
1997-12-31,AKM,ALL_MEN,ALL_MEN,442460.5,level
1998-12-31,AKM,ALL_MEN,ALL_MEN,415224.0,level
1999-12-31,AKM,ALL_MEN,ALL_MEN,394905.5,level
2000-12-31,AKM,ALL_MEN,ALL_MEN,381632.5,level
2001-12-31,AKM,ALL_MEN,ALL_MEN,370405.5,level
2002-12-31,AKM,ALL_MEN,ALL_MEN,363175.5,level
2003-12-31,AKM,ALL_MEN,ALL_MEN,361390.5,level
2004-12-31,AKM,ALL_MEN,ALL_MEN,360791.0,level
2005-12-31,AKM,ALL_MEN,ALL_MEN,359766.5,level
2006-12-31,AKM,ALL_MEN,ALL_MEN,359340.0,level
2007-12-31,AKM,ALL_MEN,ALL_MEN,359026.0,level
2008-12-31,AKM,ALL_MEN,ALL_MEN,355632.0,level
2009-12-31,AKM,ALL_MEN,ALL_MEN,354337.0,level
2010-12-31,AKM,ALL_MEN,ALL_MEN,353299.0,level
2011-12-31,AKM,ALL_MEN,ALL_MEN,352838.0,level
2012-12-31,AKM,ALL_MEN,ALL_MEN,353017.0,level
2013-12-31,AKM,ALL_MEN,ALL_MEN,354062.5,level
2014-12-31,AKM,ALL_MEN,ALL_MEN,354948.0,level
2015-12-31,AKM,ALL_MEN,ALL_MEN,357184.0,level
2016-12-31,AKM,ALL_MEN,ALL_MEN,356935.0,level
2017-12-31,AKM,ALL_MEN,ALL_MEN,356157.5,level
2018-12-31,AKM,ALL_MEN,ALL_MEN,357790.5,level
2019-12-31,AKM,ALL_MEN,ALL_MEN,357499.0,level
2020-12-31,AKM,ALL_MEN,ALL_MEN,357001.0,level
2021-12-31,AKM,ALL_MEN,ALL_MEN,356845.0,level
2022-12-31,AKM,ALL_MEN,ALL_MEN,384347.5,level
2023-12-31,AKM,ALL_MEN,ALL_MEN,385553.0,level
2024-12-31,AKM,ALL_MEN,ALL_MEN,386283.5,level
2025-12-31,AKM,ALL_MEN,ALL_MEN,387580.5,level
1991-12-31,AKT,ALL_MEN,ALL_MEN,358369.0,level
1992-12-31,AKT,ALL_MEN,ALL_MEN,357613.0,level
1993-12-31,AKT,ALL_MEN,ALL_MEN,356376.0,level
1994-12-31,AKT,ALL_MEN,ALL_MEN,352801.0,level
1995-12-31,AKT,ALL_MEN,ALL_MEN,347221.5,level
1996-12-31,AKT,ALL_MEN,ALL_MEN,343445.5,level
1997-12-31,AKT,ALL_MEN,ALL_MEN,339257.0,level
1998-12-31,AKT,ALL_MEN,ALL_MEN,333651.0,level
1999-12-31,AKT,ALL_MEN,ALL_MEN,329409.0,level
2000-12-31,AKT,ALL_MEN,ALL_MEN,326275.0,level
2001-12-31,AKT,ALL_MEN,ALL_MEN,323820.5,level
2002-12-31,AKT,ALL_MEN,ALL_MEN,323250.0,level
2003-12-31,AKT,ALL_MEN,ALL_MEN,324068.5,level
2004-12-31,AKT,ALL_MEN,ALL_MEN,326478.5,level
2005-12-31,AKT,ALL_MEN,ALL_MEN,329931.5,level
2006-12-31,AKT,ALL_MEN,ALL_MEN,333732.5,level
2007-12-31,AKT,ALL_MEN,ALL_MEN,337567.0,level
2008-12-31,AKT,ALL_MEN,ALL_MEN,364032.0,level
2009-12-31,AKT,ALL_MEN,ALL_MEN,365555.0,level
2010-12-31,AKT,ALL_MEN,ALL_MEN,370499.5,level
2011-12-31,AKT,ALL_MEN,ALL_MEN,375998.0,level
2012-12-31,AKT,ALL_MEN,ALL_MEN,380787.5,level
2013-12-31,AKT,ALL_MEN,ALL_MEN,386621.0,level
2014-12-31,AKT,ALL_MEN,ALL_MEN,393463.0,level
2015-12-31,AKT,ALL_MEN,ALL_MEN,400078.5,level
2016-12-31,AKT,ALL_MEN,ALL_MEN,405963.0,level
2017-12-31,AKT,ALL_MEN,ALL_MEN,411781.5,level
2018-12-31,AKT,ALL_MEN,ALL_MEN,417894.5,level
2019-12-31,AKT,ALL_MEN,ALL_MEN,424117.0,level
2020-12-31,AKT,ALL_MEN,ALL_MEN,430586.0,level
2021-12-31,AKT,ALL_MEN,ALL_MEN,437020.0,level
2022-12-31,AKT,ALL_MEN,ALL_MEN,452137.0,level
2023-12-31,AKT,ALL_MEN,ALL_MEN,458123.0,level
2024-12-31,AKT,ALL_MEN,ALL_MEN,463680.0,level
2025-12-31,AKT,ALL_MEN,ALL_MEN,468007.5,level
1991-12-31,ALA,ALL_MEN,ALL_MEN,517584.5,level
1992-12-31,ALA,ALL_MEN,ALL_MEN,520388.5,level
1993-12-31,ALA,ALL_MEN,ALL_MEN,517726.5,level
1994-12-31,ALA,ALL_MEN,ALL_MEN,512587.0,level
1995-12-31,ALA,ALL_MEN,ALL_MEN,508640.5,level
1996-12-31,ALA,ALL_MEN,ALL_MEN,508561.0,level
1997-12-31,ALA,ALL_MEN,ALL_MEN,509697.0,level
1998-12-31,ALA,ALL_MEN,ALL_MEN,510833.5,level
1999-12-31,ALA,ALL_MEN,ALL_MEN,512037.5,level
2000-12-31,ALA,ALL_MEN,ALL_MEN,511800.5,level
2001-12-31,ALA,ALL_MEN,ALL_MEN,512325.0,level
2002-12-31,ALA,ALL_MEN,ALL_MEN,517427.0,level
2003-12-31,ALA,ALL_MEN,ALL_MEN,527506.5,level
2004-12-31,ALA,ALL_MEN,ALL_MEN,541254.5,level
2005-12-31,ALA,ALL_MEN,ALL_MEN,557614.0,level
2006-12-31,ALA,ALL_MEN,ALL_MEN,575700.5,level
2007-12-31,ALA,ALL_MEN,ALL_MEN,593957.0,level
2008-12-31,ALA,ALL_MEN,ALL_MEN,625644.0,level
2009-12-31,ALA,ALL_MEN,ALL_MEN,673990.5,level
2010-12-31,ALA,ALL_MEN,ALL_MEN,685584.5,level
2011-12-31,ALA,ALL_MEN,ALL_MEN,698149.0,level
2012-12-31,ALA,ALL_MEN,ALL_MEN,711987.5,level
2013-12-31,ALA,ALL_MEN,ALL_MEN,726278.0,level
2014-12-31,ALA,ALL_MEN,ALL_MEN,743339.5,level
2015-12-31,ALA,ALL_MEN,ALL_MEN,766657.5,level
2016-12-31,ALA,ALL_MEN,ALL_MEN,791638.0,level
2017-12-31,ALA,ALL_MEN,ALL_MEN,813504.0,level
2018-12-31,ALA,ALL_MEN,ALL_MEN,836933.5,level
2019-12-31,ALA,ALL_MEN,ALL_MEN,865500.5,level
2020-12-31,ALA,ALL_MEN,ALL_MEN,895418.0,level
2021-12-31,ALA,ALL_MEN,ALL_MEN,919543.0,level
2022-12-31,ALA,ALL_MEN,ALL_MEN,990299.0,level
2023-12-31,ALA,ALL_MEN,ALL_MEN,1019872.0,level
2024-12-31,ALA,ALL_MEN,ALL_MEN,1051100.0,level
2025-12-31,ALA,ALL_MEN,ALL_MEN,1079632.5,level
1991-12-31,ALM,ALL_MEN,ALL_MEN,810414.5,level
1992-12-31,ALM,ALL_MEN,ALL_MEN,808606.0,level
1993-12-31,ALM,ALL_MEN,ALL_MEN,804139.0,level
1994-12-31,ALM,ALL_MEN,ALL_MEN,796573.5,level
1995-12-31,ALM,ALL_MEN,ALL_MEN,785288.5,level
1996-12-31,ALM,ALL_MEN,ALL_MEN,777616.5,level
1997-12-31,ALM,ALL_MEN,ALL_MEN,770817.0,level
1998-12-31,ALM,ALL_MEN,ALL_MEN,763162.0,level
1999-12-31,ALM,ALL_MEN,ALL_MEN,759842.5,level
2000-12-31,ALM,ALL_MEN,ALL_MEN,759915.5,level
2001-12-31,ALM,ALL_MEN,ALL_MEN,759868.5,level
2002-12-31,ALM,ALL_MEN,ALL_MEN,762103.0,level
2003-12-31,ALM,ALL_MEN,ALL_MEN,766994.5,level
2004-12-31,ALM,ALL_MEN,ALL_MEN,775199.0,level
2005-12-31,ALM,ALL_MEN,ALL_MEN,784158.0,level
2006-12-31,ALM,ALL_MEN,ALL_MEN,792288.0,level
2007-12-31,ALM,ALL_MEN,ALL_MEN,802368.0,level
2008-12-31,ALM,ALL_MEN,ALL_MEN,884493.0,level
2009-12-31,ALM,ALL_MEN,ALL_MEN,546982.5,level
2010-12-31,ALM,ALL_MEN,ALL_MEN,559759.0,level
2011-12-31,ALM,ALL_MEN,ALL_MEN,573574.0,level
2012-12-31,ALM,ALL_MEN,ALL_MEN,587418.0,level
2013-12-31,ALM,ALL_MEN,ALL_MEN,601295.0,level
2014-12-31,ALM,ALL_MEN,ALL_MEN,614613.0,level
2015-12-31,ALM,ALL_MEN,ALL_MEN,626415.5,level
2016-12-31,ALM,ALL_MEN,ALL_MEN,640645.0,level
2017-12-31,ALM,ALL_MEN,ALL_MEN,659297.5,level
2018-12-31,ALM,ALL_MEN,ALL_MEN,675198.5,level
2019-12-31,ALM,ALL_MEN,ALL_MEN,684991.5,level
2020-12-31,ALM,ALL_MEN,ALL_MEN,694147.0,level
2021-12-31,ALM,ALL_MEN,ALL_MEN,706622.0,level
2022-12-31,ALM,ALL_MEN,ALL_MEN,745074.5,level
2023-12-31,ALM,ALL_MEN,ALL_MEN,759122.5,level
2024-12-31,ALM,ALL_MEN,ALL_MEN,773689.5,level
2025-12-31,ALM,ALL_MEN,ALL_MEN,791353.5,level
1991-12-31,AST,ALL_MEN,ALL_MEN,140529.5,level
1992-12-31,AST,ALL_MEN,ALL_MEN,139748.0,level
1993-12-31,AST,ALL_MEN,ALL_MEN,138391.5,level
1994-12-31,AST,ALL_MEN,ALL_MEN,138247.5,level
1995-12-31,AST,ALL_MEN,ALL_MEN,136717.5,level
1996-12-31,AST,ALL_MEN,ALL_MEN,134926.0,level
1997-12-31,AST,ALL_MEN,ALL_MEN,137040.5,level
1998-12-31,AST,ALL_MEN,ALL_MEN,146184.0,level
1999-12-31,AST,ALL_MEN,ALL_MEN,166726.5,level
2000-12-31,AST,ALL_MEN,ALL_MEN,196487.0,level
2001-12-31,AST,ALL_MEN,ALL_MEN,225562.0,level
2002-12-31,AST,ALL_MEN,ALL_MEN,241504.5,level
2003-12-31,AST,ALL_MEN,ALL_MEN,245938.5,level
2004-12-31,AST,ALL_MEN,ALL_MEN,252603.0,level
2005-12-31,AST,ALL_MEN,ALL_MEN,262515.5,level
2006-12-31,AST,ALL_MEN,ALL_MEN,275064.0,level
2007-12-31,AST,ALL_MEN,ALL_MEN,288807.0,level
2008-12-31,AST,ALL_MEN,ALL_MEN,296558.0,level
2009-12-31,AST,ALL_MEN,ALL_MEN,309508.5,level
2010-12-31,AST,ALL_MEN,ALL_MEN,330600.5,level
2011-12-31,AST,ALL_MEN,ALL_MEN,351838.0,level
2012-12-31,AST,ALL_MEN,ALL_MEN,370298.5,level
2013-12-31,AST,ALL_MEN,ALL_MEN,387175.5,level
2014-12-31,AST,ALL_MEN,ALL_MEN,405109.5,level
2015-12-31,AST,ALL_MEN,ALL_MEN,418885.5,level
2016-12-31,AST,ALL_MEN,ALL_MEN,447551.0,level
2017-12-31,AST,ALL_MEN,ALL_MEN,485176.0,level
2018-12-31,AST,ALL_MEN,ALL_MEN,509553.0,level
2019-12-31,AST,ALL_MEN,ALL_MEN,534144.5,level
2020-12-31,AST,ALL_MEN,ALL_MEN,559515.5,level
2021-12-31,AST,ALL_MEN,ALL_MEN,584323.0,level
2022-12-31,AST,ALL_MEN,ALL_MEN,632710.5,level
2023-12-31,AST,ALL_MEN,ALL_MEN,662905.0,level
2024-12-31,AST,ALL_MEN,ALL_MEN,702597.0,level
2025-12-31,AST,ALL_MEN,ALL_MEN,749873.0,level
1991-12-31,ATY,ALL_MEN,ALL_MEN,210079.0,level
1992-12-31,ATY,ALL_MEN,ALL_MEN,211955.5,level
1993-12-31,ATY,ALL_MEN,ALL_MEN,212891.0,level
1994-12-31,ATY,ALL_MEN,ALL_MEN,213295.5,level
1995-12-31,ATY,ALL_MEN,ALL_MEN,213111.5,level
1996-12-31,ATY,ALL_MEN,ALL_MEN,213321.0,level
1997-12-31,ATY,ALL_MEN,ALL_MEN,214009.5,level
1998-12-31,ATY,ALL_MEN,ALL_MEN,214669.0,level
1999-12-31,ATY,ALL_MEN,ALL_MEN,215480.0,level
2000-12-31,ATY,ALL_MEN,ALL_MEN,216470.0,level
2001-12-31,ATY,ALL_MEN,ALL_MEN,217934.5,level
2002-12-31,ATY,ALL_MEN,ALL_MEN,219928.5,level
2003-12-31,ATY,ALL_MEN,ALL_MEN,222210.0,level
2004-12-31,ATY,ALL_MEN,ALL_MEN,224961.0,level
2005-12-31,ATY,ALL_MEN,ALL_MEN,228640.5,level
2006-12-31,ATY,ALL_MEN,ALL_MEN,232876.5,level
2007-12-31,ATY,ALL_MEN,ALL_MEN,237140.0,level
2008-12-31,ATY,ALL_MEN,ALL_MEN,249057.0,level
2009-12-31,ATY,ALL_MEN,ALL_MEN,252058.5,level
2010-12-31,ATY,ALL_MEN,ALL_MEN,257807.5,level
2011-12-31,ATY,ALL_MEN,ALL_MEN,263386.5,level
2012-12-31,ATY,ALL_MEN,ALL_MEN,269227.5,level
2013-12-31,ATY,ALL_MEN,ALL_MEN,275445.5,level
2014-12-31,ATY,ALL_MEN,ALL_MEN,282033.0,level
2015-12-31,ATY,ALL_MEN,ALL_MEN,288853.0,level
2016-12-31,ATY,ALL_MEN,ALL_MEN,295581.5,level
2017-12-31,ATY,ALL_MEN,ALL_MEN,302302.5,level
2018-12-31,ATY,ALL_MEN,ALL_MEN,309104.0,level
2019-12-31,ATY,ALL_MEN,ALL_MEN,315356.5,level
2020-12-31,ATY,ALL_MEN,ALL_MEN,321096.0,level
2021-12-31,ATY,ALL_MEN,ALL_MEN,326842.0,level
2022-12-31,ATY,ALL_MEN,ALL_MEN,339100.5,level
2023-12-31,ATY,ALL_MEN,ALL_MEN,345016.0,level
2024-12-31,ATY,ALL_MEN,ALL_MEN,349740.0,level
2025-12-31,ATY,ALL_MEN,ALL_MEN,353108.0,level
1991-12-31,KRG,ALL_MEN,ALL_MEN,820406.0,level
1992-12-31,KRG,ALL_MEN,ALL_MEN,810830.5,level
1993-12-31,KRG,ALL_MEN,ALL_MEN,798305.0,level
1994-12-31,KRG,ALL_MEN,ALL_MEN,774688.5,level
1995-12-31,KRG,ALL_MEN,ALL_MEN,747308.5,level
1996-12-31,KRG,ALL_MEN,ALL_MEN,725974.0,level
1997-12-31,KRG,ALL_MEN,ALL_MEN,706539.5,level
1998-12-31,KRG,ALL_MEN,ALL_MEN,683285.0,level
1999-12-31,KRG,ALL_MEN,ALL_MEN,664841.0,level
2000-12-31,KRG,ALL_MEN,ALL_MEN,652751.5,level
2001-12-31,KRG,ALL_MEN,ALL_MEN,640865.5,level
2002-12-31,KRG,ALL_MEN,ALL_MEN,632940.0,level
2003-12-31,KRG,ALL_MEN,ALL_MEN,629144.5,level
2004-12-31,KRG,ALL_MEN,ALL_MEN,628079.0,level
2005-12-31,KRG,ALL_MEN,ALL_MEN,628439.5,level
2006-12-31,KRG,ALL_MEN,ALL_MEN,629426.5,level
2007-12-31,KRG,ALL_MEN,ALL_MEN,630290.0,level
2008-12-31,KRG,ALL_MEN,ALL_MEN,633284.0,level
2009-12-31,KRG,ALL_MEN,ALL_MEN,526581.5,level
2010-12-31,KRG,ALL_MEN,ALL_MEN,529079.5,level
2011-12-31,KRG,ALL_MEN,ALL_MEN,531495.5,level
2012-12-31,KRG,ALL_MEN,ALL_MEN,533899.0,level
2013-12-31,KRG,ALL_MEN,ALL_MEN,536693.0,level
2014-12-31,KRG,ALL_MEN,ALL_MEN,540269.5,level
2015-12-31,KRG,ALL_MEN,ALL_MEN,543918.0,level
2016-12-31,KRG,ALL_MEN,ALL_MEN,545595.0,level
2017-12-31,KRG,ALL_MEN,ALL_MEN,545181.0,level
2018-12-31,KRG,ALL_MEN,ALL_MEN,544297.5,level
2019-12-31,KRG,ALL_MEN,ALL_MEN,543545.0,level
2020-12-31,KRG,ALL_MEN,ALL_MEN,543314.0,level
2021-12-31,KRG,ALL_MEN,ALL_MEN,542969.0,level
2022-12-31,KRG,ALL_MEN,ALL_MEN,542662.5,level
2023-12-31,KRG,ALL_MEN,ALL_MEN,543419.5,level
2024-12-31,KRG,ALL_MEN,ALL_MEN,543672.0,level
2025-12-31,KRG,ALL_MEN,ALL_MEN,543181.0,level
1991-12-31,KST,ALL_MEN,ALL_MEN,601242.5,level
1992-12-31,KST,ALL_MEN,ALL_MEN,602999.5,level
1993-12-31,KST,ALL_MEN,ALL_MEN,599138.5,level
1994-12-31,KST,ALL_MEN,ALL_MEN,587385.0,level
1995-12-31,KST,ALL_MEN,ALL_MEN,567551.5,level
1996-12-31,KST,ALL_MEN,ALL_MEN,550363.0,level
1997-12-31,KST,ALL_MEN,ALL_MEN,529629.0,level
1998-12-31,KST,ALL_MEN,ALL_MEN,501413.5,level
1999-12-31,KST,ALL_MEN,ALL_MEN,479191.5,level
2000-12-31,KST,ALL_MEN,ALL_MEN,463870.5,level
2001-12-31,KST,ALL_MEN,ALL_MEN,450669.0,level
2002-12-31,KST,ALL_MEN,ALL_MEN,440767.0,level
2003-12-31,KST,ALL_MEN,ALL_MEN,435155.0,level
2004-12-31,KST,ALL_MEN,ALL_MEN,431889.0,level
2005-12-31,KST,ALL_MEN,ALL_MEN,429141.0,level
2006-12-31,KST,ALL_MEN,ALL_MEN,427005.0,level
2007-12-31,KST,ALL_MEN,ALL_MEN,424320.0,level
2008-12-31,KST,ALL_MEN,ALL_MEN,417955.0,level
2009-12-31,KST,ALL_MEN,ALL_MEN,417037.5,level
2010-12-31,KST,ALL_MEN,ALL_MEN,416001.0,level
2011-12-31,KST,ALL_MEN,ALL_MEN,415290.5,level
2012-12-31,KST,ALL_MEN,ALL_MEN,415084.5,level
2013-12-31,KST,ALL_MEN,ALL_MEN,415507.0,level
2014-12-31,KST,ALL_MEN,ALL_MEN,416029.5,level
2015-12-31,KST,ALL_MEN,ALL_MEN,416984.5,level
2016-12-31,KST,ALL_MEN,ALL_MEN,416918.5,level
2017-12-31,KST,ALL_MEN,ALL_MEN,415517.5,level
2018-12-31,KST,ALL_MEN,ALL_MEN,414472.0,level
2019-12-31,KST,ALL_MEN,ALL_MEN,413136.5,level
2020-12-31,KST,ALL_MEN,ALL_MEN,411327.0,level
2021-12-31,KST,ALL_MEN,ALL_MEN,409073.0,level
2022-12-31,KST,ALL_MEN,ALL_MEN,402806.5,level
2023-12-31,KST,ALL_MEN,ALL_MEN,401939.5,level
2024-12-31,KST,ALL_MEN,ALL_MEN,400539.0,level
2025-12-31,KST,ALL_MEN,ALL_MEN,398613.5,level
1991-12-31,KZL,ALL_MEN,ALL_MEN,291895.0,level
1992-12-31,KZL,ALL_MEN,ALL_MEN,295979.5,level
1993-12-31,KZL,ALL_MEN,ALL_MEN,298005.5,level
1994-12-31,KZL,ALL_MEN,ALL_MEN,295684.5,level
1995-12-31,KZL,ALL_MEN,ALL_MEN,293040.5,level
1996-12-31,KZL,ALL_MEN,ALL_MEN,292934.5,level
1997-12-31,KZL,ALL_MEN,ALL_MEN,294416.5,level
1998-12-31,KZL,ALL_MEN,ALL_MEN,296247.5,level
1999-12-31,KZL,ALL_MEN,ALL_MEN,297968.0,level
2000-12-31,KZL,ALL_MEN,ALL_MEN,298860.0,level
2001-12-31,KZL,ALL_MEN,ALL_MEN,299153.0,level
2002-12-31,KZL,ALL_MEN,ALL_MEN,299992.0,level
2003-12-31,KZL,ALL_MEN,ALL_MEN,301551.5,level
2004-12-31,KZL,ALL_MEN,ALL_MEN,303626.5,level
2005-12-31,KZL,ALL_MEN,ALL_MEN,306359.5,level
2006-12-31,KZL,ALL_MEN,ALL_MEN,309544.5,level
2007-12-31,KZL,ALL_MEN,ALL_MEN,313040.0,level
2008-12-31,KZL,ALL_MEN,ALL_MEN,337198.0,level
2009-12-31,KZL,ALL_MEN,ALL_MEN,339833.0,level
2010-12-31,KZL,ALL_MEN,ALL_MEN,345867.0,level
2011-12-31,KZL,ALL_MEN,ALL_MEN,352304.0,level
2012-12-31,KZL,ALL_MEN,ALL_MEN,359147.0,level
2013-12-31,KZL,ALL_MEN,ALL_MEN,365941.0,level
2014-12-31,KZL,ALL_MEN,ALL_MEN,372548.5,level
2015-12-31,KZL,ALL_MEN,ALL_MEN,379000.0,level
2016-12-31,KZL,ALL_MEN,ALL_MEN,384373.0,level
2017-12-31,KZL,ALL_MEN,ALL_MEN,389292.5,level
2018-12-31,KZL,ALL_MEN,ALL_MEN,395009.0,level
2019-12-31,KZL,ALL_MEN,ALL_MEN,400487.0,level
2020-12-31,KZL,ALL_MEN,ALL_MEN,405791.0,level
2021-12-31,KZL,ALL_MEN,ALL_MEN,412262.0,level
2022-12-31,KZL,ALL_MEN,ALL_MEN,415535.0,level
2023-12-31,KZL,ALL_MEN,ALL_MEN,420758.0,level
2024-12-31,KZL,ALL_MEN,ALL_MEN,424508.0,level
2025-12-31,KZL,ALL_MEN,ALL_MEN,426129.5,level
1991-12-31,MNG,ALL_MEN,ALL_MEN,168644.0,level
1992-12-31,MNG,ALL_MEN,ALL_MEN,169464.5,level
1993-12-31,MNG,ALL_MEN,ALL_MEN,165541.0,level
1994-12-31,MNG,ALL_MEN,ALL_MEN,157008.5,level
1995-12-31,MNG,ALL_MEN,ALL_MEN,152033.0,level
1996-12-31,MNG,ALL_MEN,ALL_MEN,152910.5,level
1997-12-31,MNG,ALL_MEN,ALL_MEN,154680.5,level
1998-12-31,MNG,ALL_MEN,ALL_MEN,155210.5,level
1999-12-31,MNG,ALL_MEN,ALL_MEN,154990.5,level
2000-12-31,MNG,ALL_MEN,ALL_MEN,156372.0,level
2001-12-31,MNG,ALL_MEN,ALL_MEN,159935.5,level
2002-12-31,MNG,ALL_MEN,ALL_MEN,165084.0,level
2003-12-31,MNG,ALL_MEN,ALL_MEN,170495.5,level
2004-12-31,MNG,ALL_MEN,ALL_MEN,176168.5,level
2005-12-31,MNG,ALL_MEN,ALL_MEN,182183.0,level
2006-12-31,MNG,ALL_MEN,ALL_MEN,189113.5,level
2007-12-31,MNG,ALL_MEN,ALL_MEN,197059.0,level
2008-12-31,MNG,ALL_MEN,ALL_MEN,238839.0,level
2009-12-31,MNG,ALL_MEN,ALL_MEN,244270.0,level
2010-12-31,MNG,ALL_MEN,ALL_MEN,254744.0,level
2011-12-31,MNG,ALL_MEN,ALL_MEN,265660.0,level
2012-12-31,MNG,ALL_MEN,ALL_MEN,276672.5,level
2013-12-31,MNG,ALL_MEN,ALL_MEN,287049.0,level
2014-12-31,MNG,ALL_MEN,ALL_MEN,296979.0,level
2015-12-31,MNG,ALL_MEN,ALL_MEN,307078.0,level
2016-12-31,MNG,ALL_MEN,ALL_MEN,316289.0,level
2017-12-31,MNG,ALL_MEN,ALL_MEN,324805.5,level
2018-12-31,MNG,ALL_MEN,ALL_MEN,333718.0,level
2019-12-31,MNG,ALL_MEN,ALL_MEN,343360.5,level
2020-12-31,MNG,ALL_MEN,ALL_MEN,353763.5,level
2021-12-31,MNG,ALL_MEN,ALL_MEN,364330.0,level
2022-12-31,MNG,ALL_MEN,ALL_MEN,376070.5,level
2023-12-31,MNG,ALL_MEN,ALL_MEN,386376.0,level
2024-12-31,MNG,ALL_MEN,ALL_MEN,396082.5,level
2025-12-31,MNG,ALL_MEN,ALL_MEN,404609.0,level
1991-12-31,PVL,ALL_MEN,ALL_MEN,458903.5,level
1992-12-31,PVL,ALL_MEN,ALL_MEN,459400.0,level
1993-12-31,PVL,ALL_MEN,ALL_MEN,455864.0,level
1994-12-31,PVL,ALL_MEN,ALL_MEN,446055.5,level
1995-12-31,PVL,ALL_MEN,ALL_MEN,431752.0,level
1996-12-31,PVL,ALL_MEN,ALL_MEN,419941.5,level
1997-12-31,PVL,ALL_MEN,ALL_MEN,407865.0,level
1998-12-31,PVL,ALL_MEN,ALL_MEN,393127.0,level
1999-12-31,PVL,ALL_MEN,ALL_MEN,380929.5,level
2000-12-31,PVL,ALL_MEN,ALL_MEN,371653.5,level
2001-12-31,PVL,ALL_MEN,ALL_MEN,363288.0,level
2002-12-31,PVL,ALL_MEN,ALL_MEN,357182.5,level
2003-12-31,PVL,ALL_MEN,ALL_MEN,353632.5,level
2004-12-31,PVL,ALL_MEN,ALL_MEN,352126.0,level
2005-12-31,PVL,ALL_MEN,ALL_MEN,351202.0,level
2006-12-31,PVL,ALL_MEN,ALL_MEN,350951.5,level
2007-12-31,PVL,ALL_MEN,ALL_MEN,351282.0,level
2008-12-31,PVL,ALL_MEN,ALL_MEN,349071.0,level
2009-12-31,PVL,ALL_MEN,ALL_MEN,349474.5,level
2010-12-31,PVL,ALL_MEN,ALL_MEN,350437.5,level
2011-12-31,PVL,ALL_MEN,ALL_MEN,351153.0,level
2012-12-31,PVL,ALL_MEN,ALL_MEN,351973.5,level
2013-12-31,PVL,ALL_MEN,ALL_MEN,353551.0,level
2014-12-31,PVL,ALL_MEN,ALL_MEN,355424.5,level
2015-12-31,PVL,ALL_MEN,ALL_MEN,357024.5,level
2016-12-31,PVL,ALL_MEN,ALL_MEN,357628.0,level
2017-12-31,PVL,ALL_MEN,ALL_MEN,357197.5,level
2018-12-31,PVL,ALL_MEN,ALL_MEN,356795.0,level
2019-12-31,PVL,ALL_MEN,ALL_MEN,356405.0,level
2020-12-31,PVL,ALL_MEN,ALL_MEN,355984.5,level
2021-12-31,PVL,ALL_MEN,ALL_MEN,355129.0,level
2022-12-31,PVL,ALL_MEN,ALL_MEN,362761.5,level
2023-12-31,PVL,ALL_MEN,ALL_MEN,362454.5,level
2024-12-31,PVL,ALL_MEN,ALL_MEN,361877.5,level
2025-12-31,PVL,ALL_MEN,ALL_MEN,360178.5,level
2009-12-31,SHM,ALL_MEN,ALL_MEN,352409.5,level
2010-12-31,SHM,ALL_MEN,ALL_MEN,360549.0,level
2011-12-31,SHM,ALL_MEN,ALL_MEN,369221.0,level
2012-12-31,SHM,ALL_MEN,ALL_MEN,379249.0,level
2013-12-31,SHM,ALL_MEN,ALL_MEN,390889.0,level
2014-12-31,SHM,ALL_MEN,ALL_MEN,403897.5,level
2015-12-31,SHM,ALL_MEN,ALL_MEN,418244.5,level
2016-12-31,SHM,ALL_MEN,ALL_MEN,431961.0,level
2017-12-31,SHM,ALL_MEN,ALL_MEN,448370.5,level
2018-12-31,SHM,ALL_MEN,ALL_MEN,471333.5,level
2019-12-31,SHM,ALL_MEN,ALL_MEN,492323.5,level
2020-12-31,SHM,ALL_MEN,ALL_MEN,509798.0,level
2021-12-31,SHM,ALL_MEN,ALL_MEN,529164.0,level
2022-12-31,SHM,ALL_MEN,ALL_MEN,568083.5,level
2023-12-31,SHM,ALL_MEN,ALL_MEN,583072.5,level
2024-12-31,SHM,ALL_MEN,ALL_MEN,599341.0,level
2025-12-31,SHM,ALL_MEN,ALL_MEN,617417.5,level
1991-12-31,SKO,ALL_MEN,ALL_MEN,443450.5,level
1992-12-31,SKO,ALL_MEN,ALL_MEN,444779.0,level
1993-12-31,SKO,ALL_MEN,ALL_MEN,444609.5,level
1994-12-31,SKO,ALL_MEN,ALL_MEN,435756.0,level
1995-12-31,SKO,ALL_MEN,ALL_MEN,417881.0,level
1996-12-31,SKO,ALL_MEN,ALL_MEN,399273.5,level
1997-12-31,SKO,ALL_MEN,ALL_MEN,378183.5,level
1998-12-31,SKO,ALL_MEN,ALL_MEN,358671.5,level
1999-12-31,SKO,ALL_MEN,ALL_MEN,347352.5,level
2000-12-31,SKO,ALL_MEN,ALL_MEN,341119.0,level
2001-12-31,SKO,ALL_MEN,ALL_MEN,335423.0,level
2002-12-31,SKO,ALL_MEN,ALL_MEN,330230.0,level
2003-12-31,SKO,ALL_MEN,ALL_MEN,325954.0,level
2004-12-31,SKO,ALL_MEN,ALL_MEN,321902.0,level
2005-12-31,SKO,ALL_MEN,ALL_MEN,319059.0,level
2006-12-31,SKO,ALL_MEN,ALL_MEN,318098.5,level
2007-12-31,SKO,ALL_MEN,ALL_MEN,316023.0,level
2008-12-31,SKO,ALL_MEN,ALL_MEN,284385.0,level
2009-12-31,SKO,ALL_MEN,ALL_MEN,283023.5,level
2010-12-31,SKO,ALL_MEN,ALL_MEN,281127.5,level
2011-12-31,SKO,ALL_MEN,ALL_MEN,279070.5,level
2012-12-31,SKO,ALL_MEN,ALL_MEN,276828.0,level
2013-12-31,SKO,ALL_MEN,ALL_MEN,274953.5,level
2014-12-31,SKO,ALL_MEN,ALL_MEN,273141.0,level
2015-12-31,SKO,ALL_MEN,ALL_MEN,271807.0,level
2016-12-31,SKO,ALL_MEN,ALL_MEN,270011.5,level
2017-12-31,SKO,ALL_MEN,ALL_MEN,267617.0,level
2018-12-31,SKO,ALL_MEN,ALL_MEN,265761.0,level
2019-12-31,SKO,ALL_MEN,ALL_MEN,263585.5,level
2020-12-31,SKO,ALL_MEN,ALL_MEN,261016.0,level
2021-12-31,SKO,ALL_MEN,ALL_MEN,258333.0,level
2022-12-31,SKO,ALL_MEN,ALL_MEN,259098.5,level
2023-12-31,SKO,ALL_MEN,ALL_MEN,257072.0,level
2024-12-31,SKO,ALL_MEN,ALL_MEN,254223.5,level
2025-12-31,SKO,ALL_MEN,ALL_MEN,250484.0,level
2009-12-31,TRK,ALL_MEN,ALL_MEN,874057.5,level
2010-12-31,TRK,ALL_MEN,ALL_MEN,893135.0,level
2011-12-31,TRK,ALL_MEN,ALL_MEN,913440.0,level
2012-12-31,TRK,ALL_MEN,ALL_MEN,932822.5,level
2013-12-31,TRK,ALL_MEN,ALL_MEN,950223.5,level
2014-12-31,TRK,ALL_MEN,ALL_MEN,965448.0,level
2015-12-31,TRK,ALL_MEN,ALL_MEN,979053.0,level
2016-12-31,TRK,ALL_MEN,ALL_MEN,988979.5,level
2017-12-31,TRK,ALL_MEN,ALL_MEN,995350.5,level
2018-12-31,TRK,ALL_MEN,ALL_MEN,1001712.0,level
2019-12-31,TRK,ALL_MEN,ALL_MEN,1013218.0,level
2020-12-31,TRK,ALL_MEN,ALL_MEN,1029052.5,level
2021-12-31,TRK,ALL_MEN,ALL_MEN,1044874.0,level
2022-12-31,TRK,ALL_MEN,ALL_MEN,1070752.5,level
2023-12-31,TRK,ALL_MEN,ALL_MEN,1085574.0,level
2024-12-31,TRK,ALL_MEN,ALL_MEN,1095459.0,level
2025-12-31,TRK,ALL_MEN,ALL_MEN,1098476.5,level
2009-12-31,ULT,ALL_MEN,ALL_MEN,107925.5,level
2010-12-31,ULT,ALL_MEN,ALL_MEN,108078.0,level
2011-12-31,ULT,ALL_MEN,ALL_MEN,108288.5,level
2012-12-31,ULT,ALL_MEN,ALL_MEN,108499.0,level
2013-12-31,ULT,ALL_MEN,ALL_MEN,108764.0,level
2014-12-31,ULT,ALL_MEN,ALL_MEN,109062.0,level
2015-12-31,ULT,ALL_MEN,ALL_MEN,109449.5,level
2016-12-31,ULT,ALL_MEN,ALL_MEN,109507.0,level
2017-12-31,ULT,ALL_MEN,ALL_MEN,109394.5,level
2018-12-31,ULT,ALL_MEN,ALL_MEN,109836.0,level
2019-12-31,ULT,ALL_MEN,ALL_MEN,110346.0,level
2020-12-31,ULT,ALL_MEN,ALL_MEN,110534.5,level
2021-12-31,ULT,ALL_MEN,ALL_MEN,110514.0,level
2022-12-31,ULT,ALL_MEN,ALL_MEN,108206.0,level
2023-12-31,ULT,ALL_MEN,ALL_MEN,108514.0,level
2024-12-31,ULT,ALL_MEN,ALL_MEN,108590.0,level
2025-12-31,ULT,ALL_MEN,ALL_MEN,108119.0,level
1991-12-31,VKO,ALL_MEN,ALL_MEN,854968.5,level
1992-12-31,VKO,ALL_MEN,ALL_MEN,854253.5,level
1993-12-31,VKO,ALL_MEN,ALL_MEN,848030.5,level
1994-12-31,VKO,ALL_MEN,ALL_MEN,826642.5,level
1995-12-31,VKO,ALL_MEN,ALL_MEN,798526.5,level
1996-12-31,VKO,ALL_MEN,ALL_MEN,777439.0,level
1997-12-31,VKO,ALL_MEN,ALL_MEN,758431.5,level
1998-12-31,VKO,ALL_MEN,ALL_MEN,740918.5,level
1999-12-31,VKO,ALL_MEN,ALL_MEN,728839.5,level
2000-12-31,VKO,ALL_MEN,ALL_MEN,720205.5,level
2001-12-31,VKO,ALL_MEN,ALL_MEN,711282.0,level
2002-12-31,VKO,ALL_MEN,ALL_MEN,702517.0,level
2003-12-31,VKO,ALL_MEN,ALL_MEN,695304.0,level
2004-12-31,VKO,ALL_MEN,ALL_MEN,689087.0,level
2005-12-31,VKO,ALL_MEN,ALL_MEN,682819.0,level
2006-12-31,VKO,ALL_MEN,ALL_MEN,677937.0,level
2007-12-31,VKO,ALL_MEN,ALL_MEN,673939.0,level
2008-12-31,VKO,ALL_MEN,ALL_MEN,662850.0,level
2009-12-31,VKO,ALL_MEN,ALL_MEN,348951.5,level
2010-12-31,VKO,ALL_MEN,ALL_MEN,348937.0,level
2011-12-31,VKO,ALL_MEN,ALL_MEN,348450.5,level
2012-12-31,VKO,ALL_MEN,ALL_MEN,347721.0,level
2013-12-31,VKO,ALL_MEN,ALL_MEN,347566.5,level
2014-12-31,VKO,ALL_MEN,ALL_MEN,347854.5,level
2015-12-31,VKO,ALL_MEN,ALL_MEN,348080.5,level
2016-12-31,VKO,ALL_MEN,ALL_MEN,347759.0,level
2017-12-31,VKO,ALL_MEN,ALL_MEN,346884.5,level
2018-12-31,VKO,ALL_MEN,ALL_MEN,345829.5,level
2019-12-31,VKO,ALL_MEN,ALL_MEN,343942.5,level
2020-12-31,VKO,ALL_MEN,ALL_MEN,341932.0,level
2021-12-31,VKO,ALL_MEN,ALL_MEN,340182.0,level
2022-12-31,VKO,ALL_MEN,ALL_MEN,350014.0,level
2023-12-31,VKO,ALL_MEN,ALL_MEN,348902.5,level
2024-12-31,VKO,ALL_MEN,ALL_MEN,347627.0,level
2025-12-31,VKO,ALL_MEN,ALL_MEN,345909.5,level
1991-12-31,YKO,ALL_MEN,ALL_MEN,917713.5,level
1992-12-31,YKO,ALL_MEN,ALL_MEN,930680.0,level
1993-12-31,YKO,ALL_MEN,ALL_MEN,942477.0,level
1994-12-31,YKO,ALL_MEN,ALL_MEN,950582.5,level
1995-12-31,YKO,ALL_MEN,ALL_MEN,956927.5,level
1996-12-31,YKO,ALL_MEN,ALL_MEN,965167.5,level
1997-12-31,YKO,ALL_MEN,ALL_MEN,969480.5,level
1998-12-31,YKO,ALL_MEN,ALL_MEN,971588.0,level
1999-12-31,YKO,ALL_MEN,ALL_MEN,981315.5,level
2000-12-31,YKO,ALL_MEN,ALL_MEN,1000564.0,level
2001-12-31,YKO,ALL_MEN,ALL_MEN,1019389.0,level
2002-12-31,YKO,ALL_MEN,ALL_MEN,1034277.0,level
2003-12-31,YKO,ALL_MEN,ALL_MEN,1051524.0,level
2004-12-31,YKO,ALL_MEN,ALL_MEN,1071517.0,level
2005-12-31,YKO,ALL_MEN,ALL_MEN,1091885.5,level
2006-12-31,YKO,ALL_MEN,ALL_MEN,1113530.5,level
2007-12-31,YKO,ALL_MEN,ALL_MEN,1137766.0,level
2008-12-31,YKO,ALL_MEN,ALL_MEN,1214877.0,level
1991-12-31,ZHM,ALL_MEN,ALL_MEN,503009.0,level
1992-12-31,ZHM,ALL_MEN,ALL_MEN,500496.0,level
1993-12-31,ZHM,ALL_MEN,ALL_MEN,497006.5,level
1994-12-31,ZHM,ALL_MEN,ALL_MEN,490452.5,level
1995-12-31,ZHM,ALL_MEN,ALL_MEN,482639.0,level
1996-12-31,ZHM,ALL_MEN,ALL_MEN,478171.5,level
1997-12-31,ZHM,ALL_MEN,ALL_MEN,474358.0,level
1998-12-31,ZHM,ALL_MEN,ALL_MEN,476436.0,level
1999-12-31,ZHM,ALL_MEN,ALL_MEN,480284.0,level
2000-12-31,ZHM,ALL_MEN,ALL_MEN,478354.0,level
2001-12-31,ZHM,ALL_MEN,ALL_MEN,476424.5,level
2002-12-31,ZHM,ALL_MEN,ALL_MEN,475850.5,level
2003-12-31,ZHM,ALL_MEN,ALL_MEN,477218.5,level
2004-12-31,ZHM,ALL_MEN,ALL_MEN,479932.0,level
2005-12-31,ZHM,ALL_MEN,ALL_MEN,483645.5,level
2006-12-31,ZHM,ALL_MEN,ALL_MEN,487580.0,level
2007-12-31,ZHM,ALL_MEN,ALL_MEN,491642.0,level
2008-12-31,ZHM,ALL_MEN,ALL_MEN,496533.0,level
2009-12-31,ZHM,ALL_MEN,ALL_MEN,499640.0,level
2010-12-31,ZHM,ALL_MEN,ALL_MEN,506480.0,level
2011-12-31,ZHM,ALL_MEN,ALL_MEN,512718.0,level
2012-12-31,ZHM,ALL_MEN,ALL_MEN,519329.0,level
2013-12-31,ZHM,ALL_MEN,ALL_MEN,526786.0,level
2014-12-31,ZHM,ALL_MEN,ALL_MEN,534402.5,level
2015-12-31,ZHM,ALL_MEN,ALL_MEN,541417.0,level
2016-12-31,ZHM,ALL_MEN,ALL_MEN,546021.0,level
2017-12-31,ZHM,ALL_MEN,ALL_MEN,548162.5,level
2018-12-31,ZHM,ALL_MEN,ALL_MEN,551298.5,level
2019-12-31,ZHM,ALL_MEN,ALL_MEN,555116.0,level
2020-12-31,ZHM,ALL_MEN,ALL_MEN,559342.5,level
2021-12-31,ZHM,ALL_MEN,ALL_MEN,565358.0,level
2022-12-31,ZHM,ALL_MEN,ALL_MEN,601731.5,level
2023-12-31,ZHM,ALL_MEN,ALL_MEN,605765.5,level
2024-12-31,ZHM,ALL_MEN,ALL_MEN,607355.0,level
2025-12-31,ZHM,ALL_MEN,ALL_MEN,606187.0,level
2009-12-31,ZHT,ALL_MEN,ALL_MEN,304051.0,level
2010-12-31,ZHT,ALL_MEN,ALL_MEN,307558.0,level
2011-12-31,ZHT,ALL_MEN,ALL_MEN,311088.0,level
2012-12-31,ZHT,ALL_MEN,ALL_MEN,314376.0,level
2013-12-31,ZHT,ALL_MEN,ALL_MEN,317667.0,level
2014-12-31,ZHT,ALL_MEN,ALL_MEN,321264.5,level
2015-12-31,ZHT,ALL_MEN,ALL_MEN,324367.5,level
2016-12-31,ZHT,ALL_MEN,ALL_MEN,326373.0,level
2017-12-31,ZHT,ALL_MEN,ALL_MEN,327322.0,level
2018-12-31,ZHT,ALL_MEN,ALL_MEN,327535.5,level
2019-12-31,ZHT,ALL_MEN,ALL_MEN,326922.0,level
2020-12-31,ZHT,ALL_MEN,ALL_MEN,326766.5,level
2021-12-31,ZHT,ALL_MEN,ALL_MEN,328099.0,level
2022-12-31,ZHT,ALL_MEN,ALL_MEN,345360.0,level
2023-12-31,ZHT,ALL_MEN,ALL_MEN,345218.0,level
2024-12-31,ZHT,ALL_MEN,ALL_MEN,344277.5,level
2025-12-31,ZHT,ALL_MEN,ALL_MEN,342085.0,level
1991-12-31,ZKO,ALL_MEN,ALL_MEN,312582.5,level
1992-12-31,ZKO,ALL_MEN,ALL_MEN,316468.0,level
1993-12-31,ZKO,ALL_MEN,ALL_MEN,318837.0,level
1994-12-31,ZKO,ALL_MEN,ALL_MEN,317634.0,level
1995-12-31,ZKO,ALL_MEN,ALL_MEN,314318.0,level
1996-12-31,ZKO,ALL_MEN,ALL_MEN,311270.0,level
1997-12-31,ZKO,ALL_MEN,ALL_MEN,306920.5,level
1998-12-31,ZKO,ALL_MEN,ALL_MEN,301201.0,level
1999-12-31,ZKO,ALL_MEN,ALL_MEN,296125.5,level
2000-12-31,ZKO,ALL_MEN,ALL_MEN,292282.5,level
2001-12-31,ZKO,ALL_MEN,ALL_MEN,290236.0,level
2002-12-31,ZKO,ALL_MEN,ALL_MEN,290588.0,level
2003-12-31,ZKO,ALL_MEN,ALL_MEN,291495.5,level
2004-12-31,ZKO,ALL_MEN,ALL_MEN,292345.0,level
2005-12-31,ZKO,ALL_MEN,ALL_MEN,293492.0,level
2006-12-31,ZKO,ALL_MEN,ALL_MEN,294843.5,level
2007-12-31,ZKO,ALL_MEN,ALL_MEN,296192.0,level
2008-12-31,ZKO,ALL_MEN,ALL_MEN,288467.0,level
2009-12-31,ZKO,ALL_MEN,ALL_MEN,289730.0,level
2010-12-31,ZKO,ALL_MEN,ALL_MEN,292245.0,level
2011-12-31,ZKO,ALL_MEN,ALL_MEN,294469.0,level
2012-12-31,ZKO,ALL_MEN,ALL_MEN,296801.5,level
2013-12-31,ZKO,ALL_MEN,ALL_MEN,299668.0,level
2014-12-31,ZKO,ALL_MEN,ALL_MEN,302786.5,level
2015-12-31,ZKO,ALL_MEN,ALL_MEN,305980.0,level
2016-12-31,ZKO,ALL_MEN,ALL_MEN,308890.0,level
2017-12-31,ZKO,ALL_MEN,ALL_MEN,311646.0,level
2018-12-31,ZKO,ALL_MEN,ALL_MEN,314651.0,level
2019-12-31,ZKO,ALL_MEN,ALL_MEN,317437.0,level
2020-12-31,ZKO,ALL_MEN,ALL_MEN,319973.0,level
2021-12-31,ZKO,ALL_MEN,ALL_MEN,322535.0,level
2022-12-31,ZKO,ALL_MEN,ALL_MEN,334986.5,level
2023-12-31,ZKO,ALL_MEN,ALL_MEN,337743.5,level
2024-12-31,ZKO,ALL_MEN,ALL_MEN,339899.5,level
2025-12-31,ZKO,ALL_MEN,ALL_MEN,340674.0,level
1991-12-31,national,ALL_MEN,ALL_MEN,7932556.0,level
1992-12-31,national,ALL_MEN,ALL_MEN,7944948.5,level
1993-12-31,national,ALL_MEN,ALL_MEN,7914163.5,level
1994-12-31,national,ALL_MEN,ALL_MEN,7798626.5,level
1995-12-31,national,ALL_MEN,ALL_MEN,7635875.5,level
1996-12-31,national,ALL_MEN,ALL_MEN,7516357.5,level
1997-12-31,national,ALL_MEN,ALL_MEN,7393786.0,level
1998-12-31,national,ALL_MEN,ALL_MEN,7261822.0,level
1999-12-31,national,ALL_MEN,ALL_MEN,7190238.5,level
2000-12-31,national,ALL_MEN,ALL_MEN,7168613.0,level
2001-12-31,national,ALL_MEN,ALL_MEN,7156581.5,level
2002-12-31,national,ALL_MEN,ALL_MEN,7156816.5,level
2003-12-31,national,ALL_MEN,ALL_MEN,7179583.5,level
2004-12-31,national,ALL_MEN,ALL_MEN,7227959.0,level
2005-12-31,national,ALL_MEN,ALL_MEN,7290852.0,level
2006-12-31,national,ALL_MEN,ALL_MEN,7367032.0,level
2007-12-31,national,ALL_MEN,ALL_MEN,7450418.0,level
2008-12-31,national,ALL_MEN,ALL_MEN,7698875.0,level
2009-12-31,national,ALL_MEN,ALL_MEN,7753377.5,level
2010-12-31,national,ALL_MEN,ALL_MEN,7866337.5,level
2011-12-31,national,ALL_MEN,ALL_MEN,7983153.5,level
2012-12-31,national,ALL_MEN,ALL_MEN,8100012.5,level
2013-12-31,national,ALL_MEN,ALL_MEN,8221279.5,level
2014-12-31,national,ALL_MEN,ALL_MEN,8348214.5,level
2015-12-31,national,ALL_MEN,ALL_MEN,8476593.5,level
2016-12-31,national,ALL_MEN,ALL_MEN,8603989.5,level
2017-12-31,national,ALL_MEN,ALL_MEN,8728591.5,level
2018-12-31,national,ALL_MEN,ALL_MEN,8851226.5,level
2019-12-31,national,ALL_MEN,ALL_MEN,8972960.5,level
2020-12-31,national,ALL_MEN,ALL_MEN,9096719.0,level
2021-12-31,national,ALL_MEN,ALL_MEN,9223365.0,level
2022-12-31,national,ALL_MEN,ALL_MEN,9580742.5,level
2023-12-31,national,ALL_MEN,ALL_MEN,9715757.5,level
2024-12-31,national,ALL_MEN,ALL_MEN,9847325.5,level
2025-12-31,national,ALL_MEN,ALL_MEN,9965760.0,level
2009-12-31,ABY,ALL_WOMEN,ALL_WOMEN,340269.5,level
2010-12-31,ABY,ALL_WOMEN,ALL_WOMEN,340442.5,level
2011-12-31,ABY,ALL_WOMEN,ALL_WOMEN,340139.0,level
2012-12-31,ABY,ALL_WOMEN,ALL_WOMEN,339801.0,level
2013-12-31,ABY,ALL_WOMEN,ALL_WOMEN,339603.5,level
2014-12-31,ABY,ALL_WOMEN,ALL_WOMEN,339516.0,level
2015-12-31,ABY,ALL_WOMEN,ALL_WOMEN,339753.5,level
2016-12-31,ABY,ALL_WOMEN,ALL_WOMEN,338583.5,level
2017-12-31,ABY,ALL_WOMEN,ALL_WOMEN,336250.5,level
2018-12-31,ABY,ALL_WOMEN,ALL_WOMEN,334531.5,level
2019-12-31,ABY,ALL_WOMEN,ALL_WOMEN,332711.5,level
2020-12-31,ABY,ALL_WOMEN,ALL_WOMEN,330601.0,level
2021-12-31,ABY,ALL_WOMEN,ALL_WOMEN,328782.0,level
2022-12-31,ABY,ALL_WOMEN,ALL_WOMEN,312038.0,level
2023-12-31,ABY,ALL_WOMEN,ALL_WOMEN,310537.0,level
2024-12-31,ABY,ALL_WOMEN,ALL_WOMEN,308426.5,level
2025-12-31,ABY,ALL_WOMEN,ALL_WOMEN,305135.0,level
1991-12-31,AKM,ALL_WOMEN,ALL_WOMEN,547112.5,level
1992-12-31,AKM,ALL_WOMEN,ALL_WOMEN,546189.5,level
1993-12-31,AKM,ALL_WOMEN,ALL_WOMEN,541927.5,level
1994-12-31,AKM,ALL_WOMEN,ALL_WOMEN,528011.5,level
1995-12-31,AKM,ALL_WOMEN,ALL_WOMEN,507215.5,level
1996-12-31,AKM,ALL_WOMEN,ALL_WOMEN,489191.0,level
1997-12-31,AKM,ALL_WOMEN,ALL_WOMEN,466071.0,level
1998-12-31,AKM,ALL_WOMEN,ALL_WOMEN,439029.5,level
1999-12-31,AKM,ALL_WOMEN,ALL_WOMEN,419287.5,level
2000-12-31,AKM,ALL_WOMEN,ALL_WOMEN,406145.5,level
2001-12-31,AKM,ALL_WOMEN,ALL_WOMEN,395283.0,level
2002-12-31,AKM,ALL_WOMEN,ALL_WOMEN,388408.0,level
2003-12-31,AKM,ALL_WOMEN,ALL_WOMEN,387158.0,level
2004-12-31,AKM,ALL_WOMEN,ALL_WOMEN,387266.5,level
2005-12-31,AKM,ALL_WOMEN,ALL_WOMEN,387152.0,level
2006-12-31,AKM,ALL_WOMEN,ALL_WOMEN,388265.5,level
2007-12-31,AKM,ALL_WOMEN,ALL_WOMEN,388977.0,level
2008-12-31,AKM,ALL_WOMEN,ALL_WOMEN,383195.0,level
2009-12-31,AKM,ALL_WOMEN,ALL_WOMEN,381395.0,level
2010-12-31,AKM,ALL_WOMEN,ALL_WOMEN,379654.0,level
2011-12-31,AKM,ALL_WOMEN,ALL_WOMEN,378244.0,level
2012-12-31,AKM,ALL_WOMEN,ALL_WOMEN,377804.0,level
2013-12-31,AKM,ALL_WOMEN,ALL_WOMEN,378853.0,level
2014-12-31,AKM,ALL_WOMEN,ALL_WOMEN,379851.0,level
2015-12-31,AKM,ALL_WOMEN,ALL_WOMEN,382004.5,level
2016-12-31,AKM,ALL_WOMEN,ALL_WOMEN,381132.5,level
2017-12-31,AKM,ALL_WOMEN,ALL_WOMEN,379156.0,level
2018-12-31,AKM,ALL_WOMEN,ALL_WOMEN,379631.5,level
2019-12-31,AKM,ALL_WOMEN,ALL_WOMEN,378820.0,level
2020-12-31,AKM,ALL_WOMEN,ALL_WOMEN,377828.5,level
2021-12-31,AKM,ALL_WOMEN,ALL_WOMEN,376615.0,level
2022-12-31,AKM,ALL_WOMEN,ALL_WOMEN,402513.0,level
2023-12-31,AKM,ALL_WOMEN,ALL_WOMEN,402444.0,level
2024-12-31,AKM,ALL_WOMEN,ALL_WOMEN,401338.5,level
2025-12-31,AKM,ALL_WOMEN,ALL_WOMEN,400855.0,level
1991-12-31,AKT,ALL_WOMEN,ALL_WOMEN,381476.5,level
1992-12-31,AKT,ALL_WOMEN,ALL_WOMEN,380503.5,level
1993-12-31,AKT,ALL_WOMEN,ALL_WOMEN,378944.0,level
1994-12-31,AKT,ALL_WOMEN,ALL_WOMEN,374944.5,level
1995-12-31,AKT,ALL_WOMEN,ALL_WOMEN,368986.5,level
1996-12-31,AKT,ALL_WOMEN,ALL_WOMEN,365069.0,level
1997-12-31,AKT,ALL_WOMEN,ALL_WOMEN,360714.0,level
1998-12-31,AKT,ALL_WOMEN,ALL_WOMEN,354938.5,level
1999-12-31,AKT,ALL_WOMEN,ALL_WOMEN,350721.5,level
2000-12-31,AKT,ALL_WOMEN,ALL_WOMEN,347698.0,level
2001-12-31,AKT,ALL_WOMEN,ALL_WOMEN,345378.0,level
2002-12-31,AKT,ALL_WOMEN,ALL_WOMEN,345022.0,level
2003-12-31,AKT,ALL_WOMEN,ALL_WOMEN,346026.5,level
2004-12-31,AKT,ALL_WOMEN,ALL_WOMEN,348731.0,level
2005-12-31,AKT,ALL_WOMEN,ALL_WOMEN,352721.0,level
2006-12-31,AKT,ALL_WOMEN,ALL_WOMEN,357343.5,level
2007-12-31,AKT,ALL_WOMEN,ALL_WOMEN,361990.0,level
2008-12-31,AKT,ALL_WOMEN,ALL_WOMEN,392750.0,level
2009-12-31,AKT,ALL_WOMEN,ALL_WOMEN,394099.5,level
2010-12-31,AKT,ALL_WOMEN,ALL_WOMEN,399499.0,level
2011-12-31,AKT,ALL_WOMEN,ALL_WOMEN,405385.0,level
2012-12-31,AKT,ALL_WOMEN,ALL_WOMEN,409768.5,level
2013-12-31,AKT,ALL_WOMEN,ALL_WOMEN,415217.5,level
2014-12-31,AKT,ALL_WOMEN,ALL_WOMEN,421704.0,level
2015-12-31,AKT,ALL_WOMEN,ALL_WOMEN,427984.5,level
2016-12-31,AKT,ALL_WOMEN,ALL_WOMEN,433644.5,level
2017-12-31,AKT,ALL_WOMEN,ALL_WOMEN,439276.0,level
2018-12-31,AKT,ALL_WOMEN,ALL_WOMEN,445179.0,level
2019-12-31,AKT,ALL_WOMEN,ALL_WOMEN,450964.0,level
2020-12-31,AKT,ALL_WOMEN,ALL_WOMEN,456854.5,level
2021-12-31,AKT,ALL_WOMEN,ALL_WOMEN,462709.0,level
2022-12-31,AKT,ALL_WOMEN,ALL_WOMEN,470317.5,level
2023-12-31,AKT,ALL_WOMEN,ALL_WOMEN,475659.0,level
2024-12-31,AKT,ALL_WOMEN,ALL_WOMEN,480784.5,level
2025-12-31,AKT,ALL_WOMEN,ALL_WOMEN,484739.5,level
1991-12-31,ALA,ALL_WOMEN,ALL_WOMEN,608968.0,level
1992-12-31,ALA,ALL_WOMEN,ALL_WOMEN,613921.5,level
1993-12-31,ALA,ALL_WOMEN,ALL_WOMEN,612285.5,level
1994-12-31,ALA,ALL_WOMEN,ALL_WOMEN,607669.5,level
1995-12-31,ALA,ALL_WOMEN,ALL_WOMEN,604598.0,level
1996-12-31,ALA,ALL_WOMEN,ALL_WOMEN,606169.0,level
1997-12-31,ALA,ALL_WOMEN,ALL_WOMEN,609205.5,level
1998-12-31,ALA,ALL_WOMEN,ALL_WOMEN,613706.5,level
1999-12-31,ALA,ALL_WOMEN,ALL_WOMEN,617676.5,level
2000-12-31,ALA,ALL_WOMEN,ALL_WOMEN,617798.5,level
2001-12-31,ALA,ALL_WOMEN,ALL_WOMEN,618266.5,level
2002-12-31,ALA,ALL_WOMEN,ALL_WOMEN,623605.5,level
2003-12-31,ALA,ALL_WOMEN,ALL_WOMEN,634918.0,level
2004-12-31,ALA,ALL_WOMEN,ALL_WOMEN,651092.0,level
2005-12-31,ALA,ALL_WOMEN,ALL_WOMEN,671076.5,level
2006-12-31,ALA,ALL_WOMEN,ALL_WOMEN,691870.5,level
2007-12-31,ALA,ALL_WOMEN,ALL_WOMEN,712036.0,level
2008-12-31,ALA,ALL_WOMEN,ALL_WOMEN,736233.0,level
2009-12-31,ALA,ALL_WOMEN,ALL_WOMEN,788862.5,level
2010-12-31,ALA,ALL_WOMEN,ALL_WOMEN,805110.5,level
2011-12-31,ALA,ALL_WOMEN,ALL_WOMEN,824426.0,level
2012-12-31,ALA,ALL_WOMEN,ALL_WOMEN,844475.5,level
2013-12-31,ALA,ALL_WOMEN,ALL_WOMEN,861963.5,level
2014-12-31,ALA,ALL_WOMEN,ALL_WOMEN,882501.0,level
2015-12-31,ALA,ALL_WOMEN,ALL_WOMEN,910134.0,level
2016-12-31,ALA,ALL_WOMEN,ALL_WOMEN,940049.0,level
2017-12-31,ALA,ALL_WOMEN,ALL_WOMEN,967768.0,level
2018-12-31,ALA,ALL_WOMEN,ALL_WOMEN,996015.0,level
2019-12-31,ALA,ALL_WOMEN,ALL_WOMEN,1024893.0,level
2020-12-31,ALA,ALL_WOMEN,ALL_WOMEN,1056327.5,level
2021-12-31,ALA,ALL_WOMEN,ALL_WOMEN,1086245.0,level
2022-12-31,ALA,ALL_WOMEN,ALL_WOMEN,1141394.0,level
2023-12-31,ALA,ALL_WOMEN,ALL_WOMEN,1175416.0,level
2024-12-31,ALA,ALL_WOMEN,ALL_WOMEN,1209265.0,level
2025-12-31,ALA,ALL_WOMEN,ALL_WOMEN,1240446.5,level
1991-12-31,ALM,ALL_WOMEN,ALL_WOMEN,848339.0,level
1992-12-31,ALM,ALL_WOMEN,ALL_WOMEN,846386.0,level
1993-12-31,ALM,ALL_WOMEN,ALL_WOMEN,841699.0,level
1994-12-31,ALM,ALL_WOMEN,ALL_WOMEN,833473.5,level
1995-12-31,ALM,ALL_WOMEN,ALL_WOMEN,821259.5,level
1996-12-31,ALM,ALL_WOMEN,ALL_WOMEN,813156.5,level
1997-12-31,ALM,ALL_WOMEN,ALL_WOMEN,806015.5,level
1998-12-31,ALM,ALL_WOMEN,ALL_WOMEN,799636.5,level
1999-12-31,ALM,ALL_WOMEN,ALL_WOMEN,796995.5,level
2000-12-31,ALM,ALL_WOMEN,ALL_WOMEN,795815.0,level
2001-12-31,ALM,ALL_WOMEN,ALL_WOMEN,794578.0,level
2002-12-31,ALM,ALL_WOMEN,ALL_WOMEN,795317.0,level
2003-12-31,ALM,ALL_WOMEN,ALL_WOMEN,798736.0,level
2004-12-31,ALM,ALL_WOMEN,ALL_WOMEN,805273.5,level
2005-12-31,ALM,ALL_WOMEN,ALL_WOMEN,812596.5,level
2006-12-31,ALM,ALL_WOMEN,ALL_WOMEN,819939.0,level
2007-12-31,ALM,ALL_WOMEN,ALL_WOMEN,829619.0,level
2008-12-31,ALM,ALL_WOMEN,ALL_WOMEN,919512.0,level
2009-12-31,ALM,ALL_WOMEN,ALL_WOMEN,565988.0,level
2010-12-31,ALM,ALL_WOMEN,ALL_WOMEN,578997.0,level
2011-12-31,ALM,ALL_WOMEN,ALL_WOMEN,593034.0,level
2012-12-31,ALM,ALL_WOMEN,ALL_WOMEN,607460.0,level
2013-12-31,ALM,ALL_WOMEN,ALL_WOMEN,622035.0,level
2014-12-31,ALM,ALL_WOMEN,ALL_WOMEN,635094.0,level
2015-12-31,ALM,ALL_WOMEN,ALL_WOMEN,646154.5,level
2016-12-31,ALM,ALL_WOMEN,ALL_WOMEN,659579.5,level
2017-12-31,ALM,ALL_WOMEN,ALL_WOMEN,674717.5,level
2018-12-31,ALM,ALL_WOMEN,ALL_WOMEN,686745.5,level
2019-12-31,ALM,ALL_WOMEN,ALL_WOMEN,697496.5,level
2020-12-31,ALM,ALL_WOMEN,ALL_WOMEN,708173.0,level
2021-12-31,ALM,ALL_WOMEN,ALL_WOMEN,719449.0,level
2022-12-31,ALM,ALL_WOMEN,ALL_WOMEN,747121.5,level
2023-12-31,ALM,ALL_WOMEN,ALL_WOMEN,759409.0,level
2024-12-31,ALM,ALL_WOMEN,ALL_WOMEN,771956.0,level
2025-12-31,ALM,ALL_WOMEN,ALL_WOMEN,786974.5,level
1991-12-31,AST,ALL_WOMEN,ALL_WOMEN,155701.5,level
1992-12-31,AST,ALL_WOMEN,ALL_WOMEN,155673.5,level
1993-12-31,AST,ALL_WOMEN,ALL_WOMEN,154972.5,level
1994-12-31,AST,ALL_WOMEN,ALL_WOMEN,155608.0,level
1995-12-31,AST,ALL_WOMEN,ALL_WOMEN,154717.5,level
1996-12-31,AST,ALL_WOMEN,ALL_WOMEN,153532.0,level
1997-12-31,AST,ALL_WOMEN,ALL_WOMEN,156812.5,level
1998-12-31,AST,ALL_WOMEN,ALL_WOMEN,167538.0,level
1999-12-31,AST,ALL_WOMEN,ALL_WOMEN,187238.0,level
2000-12-31,AST,ALL_WOMEN,ALL_WOMEN,214112.5,level
2001-12-31,AST,ALL_WOMEN,ALL_WOMEN,241073.5,level
2002-12-31,AST,ALL_WOMEN,ALL_WOMEN,256025.5,level
2003-12-31,AST,ALL_WOMEN,ALL_WOMEN,260327.0,level
2004-12-31,AST,ALL_WOMEN,ALL_WOMEN,267331.0,level
2005-12-31,AST,ALL_WOMEN,ALL_WOMEN,277371.0,level
2006-12-31,AST,ALL_WOMEN,ALL_WOMEN,287379.0,level
2007-12-31,AST,ALL_WOMEN,ALL_WOMEN,299760.0,level
2008-12-31,AST,ALL_WOMEN,ALL_WOMEN,308696.0,level
2009-12-31,AST,ALL_WOMEN,ALL_WOMEN,324017.5,level
2010-12-31,AST,ALL_WOMEN,ALL_WOMEN,348880.0,level
2011-12-31,AST,ALL_WOMEN,ALL_WOMEN,374500.5,level
2012-12-31,AST,ALL_WOMEN,ALL_WOMEN,396532.5,level
2013-12-31,AST,ALL_WOMEN,ALL_WOMEN,415432.0,level
2014-12-31,AST,ALL_WOMEN,ALL_WOMEN,434827.5,level
2015-12-31,AST,ALL_WOMEN,ALL_WOMEN,450135.5,level
2016-12-31,AST,ALL_WOMEN,ALL_WOMEN,481414.0,level
2017-12-31,AST,ALL_WOMEN,ALL_WOMEN,522785.0,level
2018-12-31,AST,ALL_WOMEN,ALL_WOMEN,551255.5,level
2019-12-31,AST,ALL_WOMEN,ALL_WOMEN,579446.5,level
2020-12-31,AST,ALL_WOMEN,ALL_WOMEN,607075.0,level
2021-12-31,AST,ALL_WOMEN,ALL_WOMEN,634066.0,level
2022-12-31,AST,ALL_WOMEN,ALL_WOMEN,692424.5,level
2023-12-31,AST,ALL_WOMEN,ALL_WOMEN,729427.0,level
2024-12-31,AST,ALL_WOMEN,ALL_WOMEN,776807.0,level
2025-12-31,AST,ALL_WOMEN,ALL_WOMEN,834066.5,level
1991-12-31,ATY,ALL_WOMEN,ALL_WOMEN,219902.5,level
1992-12-31,ATY,ALL_WOMEN,ALL_WOMEN,221770.5,level
1993-12-31,ATY,ALL_WOMEN,ALL_WOMEN,222447.0,level
1994-12-31,ATY,ALL_WOMEN,ALL_WOMEN,222590.0,level
1995-12-31,ATY,ALL_WOMEN,ALL_WOMEN,222297.0,level
1996-12-31,ATY,ALL_WOMEN,ALL_WOMEN,222454.0,level
1997-12-31,ATY,ALL_WOMEN,ALL_WOMEN,223129.0,level
1998-12-31,ATY,ALL_WOMEN,ALL_WOMEN,223957.0,level
1999-12-31,ATY,ALL_WOMEN,ALL_WOMEN,225044.5,level
2000-12-31,ATY,ALL_WOMEN,ALL_WOMEN,226191.0,level
2001-12-31,ATY,ALL_WOMEN,ALL_WOMEN,227697.5,level
2002-12-31,ATY,ALL_WOMEN,ALL_WOMEN,229852.5,level
2003-12-31,ATY,ALL_WOMEN,ALL_WOMEN,232361.5,level
2004-12-31,ATY,ALL_WOMEN,ALL_WOMEN,235379.5,level
2005-12-31,ATY,ALL_WOMEN,ALL_WOMEN,239284.5,level
2006-12-31,ATY,ALL_WOMEN,ALL_WOMEN,243659.0,level
2007-12-31,ATY,ALL_WOMEN,ALL_WOMEN,248388.0,level
2008-12-31,ATY,ALL_WOMEN,ALL_WOMEN,260066.0,level
2009-12-31,ATY,ALL_WOMEN,ALL_WOMEN,263029.0,level
2010-12-31,ATY,ALL_WOMEN,ALL_WOMEN,268731.0,level
2011-12-31,ATY,ALL_WOMEN,ALL_WOMEN,274134.0,level
2012-12-31,ATY,ALL_WOMEN,ALL_WOMEN,279873.5,level
2013-12-31,ATY,ALL_WOMEN,ALL_WOMEN,286086.0,level
2014-12-31,ATY,ALL_WOMEN,ALL_WOMEN,292588.0,level
2015-12-31,ATY,ALL_WOMEN,ALL_WOMEN,299101.5,level
2016-12-31,ATY,ALL_WOMEN,ALL_WOMEN,305433.0,level
2017-12-31,ATY,ALL_WOMEN,ALL_WOMEN,311804.0,level
2018-12-31,ATY,ALL_WOMEN,ALL_WOMEN,318142.0,level
2019-12-31,ATY,ALL_WOMEN,ALL_WOMEN,324190.5,level
2020-12-31,ATY,ALL_WOMEN,ALL_WOMEN,330114.0,level
2021-12-31,ATY,ALL_WOMEN,ALL_WOMEN,335781.0,level
2022-12-31,ATY,ALL_WOMEN,ALL_WOMEN,348059.5,level
2023-12-31,ATY,ALL_WOMEN,ALL_WOMEN,353560.5,level
2024-12-31,ATY,ALL_WOMEN,ALL_WOMEN,357687.5,level
2025-12-31,ATY,ALL_WOMEN,ALL_WOMEN,360318.0,level
1991-12-31,KRG,ALL_WOMEN,ALL_WOMEN,881887.5,level
1992-12-31,KRG,ALL_WOMEN,ALL_WOMEN,874651.0,level
1993-12-31,KRG,ALL_WOMEN,ALL_WOMEN,863820.5,level
1994-12-31,KRG,ALL_WOMEN,ALL_WOMEN,840762.0,level
1995-12-31,KRG,ALL_WOMEN,ALL_WOMEN,813720.0,level
1996-12-31,KRG,ALL_WOMEN,ALL_WOMEN,793163.0,level
1997-12-31,KRG,ALL_WOMEN,ALL_WOMEN,774547.0,level
1998-12-31,KRG,ALL_WOMEN,ALL_WOMEN,752991.0,level
1999-12-31,KRG,ALL_WOMEN,ALL_WOMEN,736088.5,level
2000-12-31,KRG,ALL_WOMEN,ALL_WOMEN,724866.0,level
2001-12-31,KRG,ALL_WOMEN,ALL_WOMEN,713647.0,level
2002-12-31,KRG,ALL_WOMEN,ALL_WOMEN,706010.0,level
2003-12-31,KRG,ALL_WOMEN,ALL_WOMEN,703147.0,level
2004-12-31,KRG,ALL_WOMEN,ALL_WOMEN,703235.5,level
2005-12-31,KRG,ALL_WOMEN,ALL_WOMEN,704630.5,level
2006-12-31,KRG,ALL_WOMEN,ALL_WOMEN,707476.5,level
2007-12-31,KRG,ALL_WOMEN,ALL_WOMEN,710434.0,level
2008-12-31,KRG,ALL_WOMEN,ALL_WOMEN,707923.0,level
2009-12-31,KRG,ALL_WOMEN,ALL_WOMEN,593540.5,level
2010-12-31,KRG,ALL_WOMEN,ALL_WOMEN,596391.0,level
2011-12-31,KRG,ALL_WOMEN,ALL_WOMEN,599360.0,level
2012-12-31,KRG,ALL_WOMEN,ALL_WOMEN,602010.5,level
2013-12-31,KRG,ALL_WOMEN,ALL_WOMEN,604598.0,level
2014-12-31,KRG,ALL_WOMEN,ALL_WOMEN,608122.0,level
2015-12-31,KRG,ALL_WOMEN,ALL_WOMEN,611294.5,level
2016-12-31,KRG,ALL_WOMEN,ALL_WOMEN,611878.0,level
2017-12-31,KRG,ALL_WOMEN,ALL_WOMEN,610553.0,level
2018-12-31,KRG,ALL_WOMEN,ALL_WOMEN,608587.0,level
2019-12-31,KRG,ALL_WOMEN,ALL_WOMEN,606589.0,level
2020-12-31,KRG,ALL_WOMEN,ALL_WOMEN,605333.5,level
2021-12-31,KRG,ALL_WOMEN,ALL_WOMEN,603538.0,level
2022-12-31,KRG,ALL_WOMEN,ALL_WOMEN,592248.0,level
2023-12-31,KRG,ALL_WOMEN,ALL_WOMEN,591683.5,level
2024-12-31,KRG,ALL_WOMEN,ALL_WOMEN,590970.0,level
2025-12-31,KRG,ALL_WOMEN,ALL_WOMEN,589462.0,level
1991-12-31,KST,ALL_WOMEN,ALL_WOMEN,645064.5,level
1992-12-31,KST,ALL_WOMEN,ALL_WOMEN,648102.5,level
1993-12-31,KST,ALL_WOMEN,ALL_WOMEN,644871.5,level
1994-12-31,KST,ALL_WOMEN,ALL_WOMEN,633052.0,level
1995-12-31,KST,ALL_WOMEN,ALL_WOMEN,612949.5,level
1996-12-31,KST,ALL_WOMEN,ALL_WOMEN,595860.5,level
1997-12-31,KST,ALL_WOMEN,ALL_WOMEN,575102.5,level
1998-12-31,KST,ALL_WOMEN,ALL_WOMEN,547078.0,level
1999-12-31,KST,ALL_WOMEN,ALL_WOMEN,525454.0,level
2000-12-31,KST,ALL_WOMEN,ALL_WOMEN,510160.0,level
2001-12-31,KST,ALL_WOMEN,ALL_WOMEN,496826.5,level
2002-12-31,KST,ALL_WOMEN,ALL_WOMEN,486870.5,level
2003-12-31,KST,ALL_WOMEN,ALL_WOMEN,481341.5,level
2004-12-31,KST,ALL_WOMEN,ALL_WOMEN,478526.5,level
2005-12-31,KST,ALL_WOMEN,ALL_WOMEN,476146.0,level
2006-12-31,KST,ALL_WOMEN,ALL_WOMEN,474750.5,level
2007-12-31,KST,ALL_WOMEN,ALL_WOMEN,472942.0,level
2008-12-31,KST,ALL_WOMEN,ALL_WOMEN,468374.0,level
2009-12-31,KST,ALL_WOMEN,ALL_WOMEN,467224.0,level
2010-12-31,KST,ALL_WOMEN,ALL_WOMEN,465919.5,level
2011-12-31,KST,ALL_WOMEN,ALL_WOMEN,464751.0,level
2012-12-31,KST,ALL_WOMEN,ALL_WOMEN,464179.0,level
2013-12-31,KST,ALL_WOMEN,ALL_WOMEN,464410.0,level
2014-12-31,KST,ALL_WOMEN,ALL_WOMEN,464596.5,level
2015-12-31,KST,ALL_WOMEN,ALL_WOMEN,465036.0,level
2016-12-31,KST,ALL_WOMEN,ALL_WOMEN,463851.0,level
2017-12-31,KST,ALL_WOMEN,ALL_WOMEN,461142.0,level
2018-12-31,KST,ALL_WOMEN,ALL_WOMEN,459035.0,level
2019-12-31,KST,ALL_WOMEN,ALL_WOMEN,456853.5,level
2020-12-31,KST,ALL_WOMEN,ALL_WOMEN,454555.0,level
2021-12-31,KST,ALL_WOMEN,ALL_WOMEN,451507.0,level
2022-12-31,KST,ALL_WOMEN,ALL_WOMEN,431153.5,level
2023-12-31,KST,ALL_WOMEN,ALL_WOMEN,429169.5,level
2024-12-31,KST,ALL_WOMEN,ALL_WOMEN,427237.5,level
2025-12-31,KST,ALL_WOMEN,ALL_WOMEN,424907.5,level
1991-12-31,KZL,ALL_WOMEN,ALL_WOMEN,297388.5,level
1992-12-31,KZL,ALL_WOMEN,ALL_WOMEN,301026.5,level
1993-12-31,KZL,ALL_WOMEN,ALL_WOMEN,302425.0,level
1994-12-31,KZL,ALL_WOMEN,ALL_WOMEN,299408.0,level
1995-12-31,KZL,ALL_WOMEN,ALL_WOMEN,296104.5,level
1996-12-31,KZL,ALL_WOMEN,ALL_WOMEN,295335.5,level
1997-12-31,KZL,ALL_WOMEN,ALL_WOMEN,296243.0,level
1998-12-31,KZL,ALL_WOMEN,ALL_WOMEN,297575.5,level
1999-12-31,KZL,ALL_WOMEN,ALL_WOMEN,299046.5,level
2000-12-31,KZL,ALL_WOMEN,ALL_WOMEN,300272.0,level
2001-12-31,KZL,ALL_WOMEN,ALL_WOMEN,301202.0,level
2002-12-31,KZL,ALL_WOMEN,ALL_WOMEN,302396.0,level
2003-12-31,KZL,ALL_WOMEN,ALL_WOMEN,304096.0,level
2004-12-31,KZL,ALL_WOMEN,ALL_WOMEN,306143.0,level
2005-12-31,KZL,ALL_WOMEN,ALL_WOMEN,308789.0,level
2006-12-31,KZL,ALL_WOMEN,ALL_WOMEN,312115.0,level
2007-12-31,KZL,ALL_WOMEN,ALL_WOMEN,315612.0,level
2008-12-31,KZL,ALL_WOMEN,ALL_WOMEN,340536.0,level
2009-12-31,KZL,ALL_WOMEN,ALL_WOMEN,342897.5,level
2010-12-31,KZL,ALL_WOMEN,ALL_WOMEN,348247.5,level
2011-12-31,KZL,ALL_WOMEN,ALL_WOMEN,353748.0,level
2012-12-31,KZL,ALL_WOMEN,ALL_WOMEN,359989.5,level
2013-12-31,KZL,ALL_WOMEN,ALL_WOMEN,366601.0,level
2014-12-31,KZL,ALL_WOMEN,ALL_WOMEN,373135.5,level
2015-12-31,KZL,ALL_WOMEN,ALL_WOMEN,379338.5,level
2016-12-31,KZL,ALL_WOMEN,ALL_WOMEN,384019.5,level
2017-12-31,KZL,ALL_WOMEN,ALL_WOMEN,388124.5,level
2018-12-31,KZL,ALL_WOMEN,ALL_WOMEN,393007.5,level
2019-12-31,KZL,ALL_WOMEN,ALL_WOMEN,397741.0,level
2020-12-31,KZL,ALL_WOMEN,ALL_WOMEN,402576.0,level
2021-12-31,KZL,ALL_WOMEN,ALL_WOMEN,408329.0,level
2022-12-31,KZL,ALL_WOMEN,ALL_WOMEN,412923.5,level
2023-12-31,KZL,ALL_WOMEN,ALL_WOMEN,417040.5,level
2024-12-31,KZL,ALL_WOMEN,ALL_WOMEN,419509.5,level
2025-12-31,KZL,ALL_WOMEN,ALL_WOMEN,420078.5,level
1991-12-31,MNG,ALL_WOMEN,ALL_WOMEN,168602.5,level
1992-12-31,MNG,ALL_WOMEN,ALL_WOMEN,170057.5,level
1993-12-31,MNG,ALL_WOMEN,ALL_WOMEN,166455.5,level
1994-12-31,MNG,ALL_WOMEN,ALL_WOMEN,158153.5,level
1995-12-31,MNG,ALL_WOMEN,ALL_WOMEN,153703.0,level
1996-12-31,MNG,ALL_WOMEN,ALL_WOMEN,155202.0,level
1997-12-31,MNG,ALL_WOMEN,ALL_WOMEN,157625.5,level
1998-12-31,MNG,ALL_WOMEN,ALL_WOMEN,159171.5,level
1999-12-31,MNG,ALL_WOMEN,ALL_WOMEN,159628.5,level
2000-12-31,MNG,ALL_WOMEN,ALL_WOMEN,160825.0,level
2001-12-31,MNG,ALL_WOMEN,ALL_WOMEN,163792.5,level
2002-12-31,MNG,ALL_WOMEN,ALL_WOMEN,168354.5,level
2003-12-31,MNG,ALL_WOMEN,ALL_WOMEN,173644.5,level
2004-12-31,MNG,ALL_WOMEN,ALL_WOMEN,179542.5,level
2005-12-31,MNG,ALL_WOMEN,ALL_WOMEN,185909.0,level
2006-12-31,MNG,ALL_WOMEN,ALL_WOMEN,193367.0,level
2007-12-31,MNG,ALL_WOMEN,ALL_WOMEN,201908.0,level
2008-12-31,MNG,ALL_WOMEN,ALL_WOMEN,243792.0,level
2009-12-31,MNG,ALL_WOMEN,ALL_WOMEN,249239.0,level
2010-12-31,MNG,ALL_WOMEN,ALL_WOMEN,259539.0,level
2011-12-31,MNG,ALL_WOMEN,ALL_WOMEN,269893.0,level
2012-12-31,MNG,ALL_WOMEN,ALL_WOMEN,280670.5,level
2013-12-31,MNG,ALL_WOMEN,ALL_WOMEN,291110.5,level
2014-12-31,MNG,ALL_WOMEN,ALL_WOMEN,300712.0,level
2015-12-31,MNG,ALL_WOMEN,ALL_WOMEN,310280.0,level
2016-12-31,MNG,ALL_WOMEN,ALL_WOMEN,319061.0,level
2017-12-31,MNG,ALL_WOMEN,ALL_WOMEN,327321.0,level
2018-12-31,MNG,ALL_WOMEN,ALL_WOMEN,336102.0,level
2019-12-31,MNG,ALL_WOMEN,ALL_WOMEN,345694.0,level
2020-12-31,MNG,ALL_WOMEN,ALL_WOMEN,355976.5,level
2021-12-31,MNG,ALL_WOMEN,ALL_WOMEN,366471.0,level
2022-12-31,MNG,ALL_WOMEN,ALL_WOMEN,380437.0,level
2023-12-31,MNG,ALL_WOMEN,ALL_WOMEN,390597.5,level
2024-12-31,MNG,ALL_WOMEN,ALL_WOMEN,399916.0,level
2025-12-31,MNG,ALL_WOMEN,ALL_WOMEN,407881.0,level
1991-12-31,PVL,ALL_WOMEN,ALL_WOMEN,492873.5,level
1992-12-31,PVL,ALL_WOMEN,ALL_WOMEN,494431.0,level
1993-12-31,PVL,ALL_WOMEN,ALL_WOMEN,490927.5,level
1994-12-31,PVL,ALL_WOMEN,ALL_WOMEN,480899.5,level
1995-12-31,PVL,ALL_WOMEN,ALL_WOMEN,466903.0,level
1996-12-31,PVL,ALL_WOMEN,ALL_WOMEN,455623.0,level
1997-12-31,PVL,ALL_WOMEN,ALL_WOMEN,443924.5,level
1998-12-31,PVL,ALL_WOMEN,ALL_WOMEN,429932.5,level
1999-12-31,PVL,ALL_WOMEN,ALL_WOMEN,418639.0,level
2000-12-31,PVL,ALL_WOMEN,ALL_WOMEN,409960.0,level
2001-12-31,PVL,ALL_WOMEN,ALL_WOMEN,402015.5,level
2002-12-31,PVL,ALL_WOMEN,ALL_WOMEN,396220.0,level
2003-12-31,PVL,ALL_WOMEN,ALL_WOMEN,393312.0,level
2004-12-31,PVL,ALL_WOMEN,ALL_WOMEN,392406.0,level
2005-12-31,PVL,ALL_WOMEN,ALL_WOMEN,392166.5,level
2006-12-31,PVL,ALL_WOMEN,ALL_WOMEN,392934.0,level
2007-12-31,PVL,ALL_WOMEN,ALL_WOMEN,394375.0,level
2008-12-31,PVL,ALL_WOMEN,ALL_WOMEN,393205.0,level
2009-12-31,PVL,ALL_WOMEN,ALL_WOMEN,393568.0,level
2010-12-31,PVL,ALL_WOMEN,ALL_WOMEN,394570.5,level
2011-12-31,PVL,ALL_WOMEN,ALL_WOMEN,395232.0,level
2012-12-31,PVL,ALL_WOMEN,ALL_WOMEN,395886.5,level
2013-12-31,PVL,ALL_WOMEN,ALL_WOMEN,397169.0,level
2014-12-31,PVL,ALL_WOMEN,ALL_WOMEN,398578.5,level
2015-12-31,PVL,ALL_WOMEN,ALL_WOMEN,399797.5,level
2016-12-31,PVL,ALL_WOMEN,ALL_WOMEN,399776.0,level
2017-12-31,PVL,ALL_WOMEN,ALL_WOMEN,398336.0,level
2018-12-31,PVL,ALL_WOMEN,ALL_WOMEN,397185.5,level
2019-12-31,PVL,ALL_WOMEN,ALL_WOMEN,396251.0,level
2020-12-31,PVL,ALL_WOMEN,ALL_WOMEN,395263.0,level
2021-12-31,PVL,ALL_WOMEN,ALL_WOMEN,393593.0,level
2022-12-31,PVL,ALL_WOMEN,ALL_WOMEN,392966.0,level
2023-12-31,PVL,ALL_WOMEN,ALL_WOMEN,391984.5,level
2024-12-31,PVL,ALL_WOMEN,ALL_WOMEN,390598.5,level
2025-12-31,PVL,ALL_WOMEN,ALL_WOMEN,387952.0,level
2009-12-31,SHM,ALL_WOMEN,ALL_WOMEN,384313.0,level
2010-12-31,SHM,ALL_WOMEN,ALL_WOMEN,393201.5,level
2011-12-31,SHM,ALL_WOMEN,ALL_WOMEN,402088.5,level
2012-12-31,SHM,ALL_WOMEN,ALL_WOMEN,412654.0,level
2013-12-31,SHM,ALL_WOMEN,ALL_WOMEN,425483.0,level
2014-12-31,SHM,ALL_WOMEN,ALL_WOMEN,439393.0,level
2015-12-31,SHM,ALL_WOMEN,ALL_WOMEN,453744.5,level
2016-12-31,SHM,ALL_WOMEN,ALL_WOMEN,467146.5,level
2017-12-31,SHM,ALL_WOMEN,ALL_WOMEN,483676.5,level
2018-12-31,SHM,ALL_WOMEN,ALL_WOMEN,509100.5,level
2019-12-31,SHM,ALL_WOMEN,ALL_WOMEN,531085.5,level
2020-12-31,SHM,ALL_WOMEN,ALL_WOMEN,546274.5,level
2021-12-31,SHM,ALL_WOMEN,ALL_WOMEN,564082.0,level
2022-12-31,SHM,ALL_WOMEN,ALL_WOMEN,609170.0,level
2023-12-31,SHM,ALL_WOMEN,ALL_WOMEN,624060.0,level
2024-12-31,SHM,ALL_WOMEN,ALL_WOMEN,639774.0,level
2025-12-31,SHM,ALL_WOMEN,ALL_WOMEN,657689.5,level
1991-12-31,SKO,ALL_WOMEN,ALL_WOMEN,471567.5,level
1992-12-31,SKO,ALL_WOMEN,ALL_WOMEN,472839.5,level
1993-12-31,SKO,ALL_WOMEN,ALL_WOMEN,472416.5,level
1994-12-31,SKO,ALL_WOMEN,ALL_WOMEN,462885.5,level
1995-12-31,SKO,ALL_WOMEN,ALL_WOMEN,444015.5,level
1996-12-31,SKO,ALL_WOMEN,ALL_WOMEN,424478.5,level
1997-12-31,SKO,ALL_WOMEN,ALL_WOMEN,402323.0,level
1998-12-31,SKO,ALL_WOMEN,ALL_WOMEN,383190.0,level
1999-12-31,SKO,ALL_WOMEN,ALL_WOMEN,372962.0,level
2000-12-31,SKO,ALL_WOMEN,ALL_WOMEN,367006.5,level
2001-12-31,SKO,ALL_WOMEN,ALL_WOMEN,361520.0,level
2002-12-31,SKO,ALL_WOMEN,ALL_WOMEN,356475.5,level
2003-12-31,SKO,ALL_WOMEN,ALL_WOMEN,352368.5,level
2004-12-31,SKO,ALL_WOMEN,ALL_WOMEN,348314.5,level
2005-12-31,SKO,ALL_WOMEN,ALL_WOMEN,345472.0,level
2006-12-31,SKO,ALL_WOMEN,ALL_WOMEN,343939.5,level
2007-12-31,SKO,ALL_WOMEN,ALL_WOMEN,341412.0,level
2008-12-31,SKO,ALL_WOMEN,ALL_WOMEN,313149.0,level
2009-12-31,SKO,ALL_WOMEN,ALL_WOMEN,311532.5,level
2010-12-31,SKO,ALL_WOMEN,ALL_WOMEN,309371.5,level
2011-12-31,SKO,ALL_WOMEN,ALL_WOMEN,306919.0,level
2012-12-31,SKO,ALL_WOMEN,ALL_WOMEN,304294.5,level
2013-12-31,SKO,ALL_WOMEN,ALL_WOMEN,302243.5,level
2014-12-31,SKO,ALL_WOMEN,ALL_WOMEN,300110.5,level
2015-12-31,SKO,ALL_WOMEN,ALL_WOMEN,298247.5,level
2016-12-31,SKO,ALL_WOMEN,ALL_WOMEN,295740.0,level
2017-12-31,SKO,ALL_WOMEN,ALL_WOMEN,292633.0,level
2018-12-31,SKO,ALL_WOMEN,ALL_WOMEN,290124.0,level
2019-12-31,SKO,ALL_WOMEN,ALL_WOMEN,287387.0,level
2020-12-31,SKO,ALL_WOMEN,ALL_WOMEN,284574.0,level
2021-12-31,SKO,ALL_WOMEN,ALL_WOMEN,281432.0,level
2022-12-31,SKO,ALL_WOMEN,ALL_WOMEN,277509.0,level
2023-12-31,SKO,ALL_WOMEN,ALL_WOMEN,275024.5,level
2024-12-31,SKO,ALL_WOMEN,ALL_WOMEN,271906.5,level
2025-12-31,SKO,ALL_WOMEN,ALL_WOMEN,267667.5,level
2009-12-31,TRK,ALL_WOMEN,ALL_WOMEN,873999.0,level
2010-12-31,TRK,ALL_WOMEN,ALL_WOMEN,890295.0,level
2011-12-31,TRK,ALL_WOMEN,ALL_WOMEN,907369.0,level
2012-12-31,TRK,ALL_WOMEN,ALL_WOMEN,922960.5,level
2013-12-31,TRK,ALL_WOMEN,ALL_WOMEN,936879.0,level
2014-12-31,TRK,ALL_WOMEN,ALL_WOMEN,949312.5,level
2015-12-31,TRK,ALL_WOMEN,ALL_WOMEN,960905.0,level
2016-12-31,TRK,ALL_WOMEN,ALL_WOMEN,969204.5,level
2017-12-31,TRK,ALL_WOMEN,ALL_WOMEN,974039.5,level
2018-12-31,TRK,ALL_WOMEN,ALL_WOMEN,976526.5,level
2019-12-31,TRK,ALL_WOMEN,ALL_WOMEN,984528.0,level
2020-12-31,TRK,ALL_WOMEN,ALL_WOMEN,999045.5,level
2021-12-31,TRK,ALL_WOMEN,ALL_WOMEN,1012815.0,level
2022-12-31,TRK,ALL_WOMEN,ALL_WOMEN,1033114.5,level
2023-12-31,TRK,ALL_WOMEN,ALL_WOMEN,1045123.5,level
2024-12-31,TRK,ALL_WOMEN,ALL_WOMEN,1052647.0,level
2025-12-31,TRK,ALL_WOMEN,ALL_WOMEN,1053146.5,level
2009-12-31,ULT,ALL_WOMEN,ALL_WOMEN,115501.5,level
2010-12-31,ULT,ALL_WOMEN,ALL_WOMEN,115497.5,level
2011-12-31,ULT,ALL_WOMEN,ALL_WOMEN,115469.0,level
2012-12-31,ULT,ALL_WOMEN,ALL_WOMEN,115466.5,level
2013-12-31,ULT,ALL_WOMEN,ALL_WOMEN,115636.0,level
2014-12-31,ULT,ALL_WOMEN,ALL_WOMEN,115880.5,level
2015-12-31,ULT,ALL_WOMEN,ALL_WOMEN,116210.0,level
2016-12-31,ULT,ALL_WOMEN,ALL_WOMEN,116157.5,level
2017-12-31,ULT,ALL_WOMEN,ALL_WOMEN,115856.5,level
2018-12-31,ULT,ALL_WOMEN,ALL_WOMEN,116193.5,level
2019-12-31,ULT,ALL_WOMEN,ALL_WOMEN,116648.0,level
2020-12-31,ULT,ALL_WOMEN,ALL_WOMEN,116681.5,level
2021-12-31,ULT,ALL_WOMEN,ALL_WOMEN,116412.0,level
2022-12-31,ULT,ALL_WOMEN,ALL_WOMEN,112961.0,level
2023-12-31,ULT,ALL_WOMEN,ALL_WOMEN,112988.5,level
2024-12-31,ULT,ALL_WOMEN,ALL_WOMEN,112847.0,level
2025-12-31,ULT,ALL_WOMEN,ALL_WOMEN,112050.5,level
1991-12-31,VKO,ALL_WOMEN,ALL_WOMEN,920335.0,level
1992-12-31,VKO,ALL_WOMEN,ALL_WOMEN,920739.5,level
1993-12-31,VKO,ALL_WOMEN,ALL_WOMEN,914888.5,level
1994-12-31,VKO,ALL_WOMEN,ALL_WOMEN,892460.0,level
1995-12-31,VKO,ALL_WOMEN,ALL_WOMEN,863164.0,level
1996-12-31,VKO,ALL_WOMEN,ALL_WOMEN,841850.0,level
1997-12-31,VKO,ALL_WOMEN,ALL_WOMEN,822815.5,level
1998-12-31,VKO,ALL_WOMEN,ALL_WOMEN,806682.0,level
1999-12-31,VKO,ALL_WOMEN,ALL_WOMEN,796024.5,level
2000-12-31,VKO,ALL_WOMEN,ALL_WOMEN,787735.5,level
2001-12-31,VKO,ALL_WOMEN,ALL_WOMEN,779541.5,level
2002-12-31,VKO,ALL_WOMEN,ALL_WOMEN,771723.5,level
2003-12-31,VKO,ALL_WOMEN,ALL_WOMEN,765367.5,level
2004-12-31,VKO,ALL_WOMEN,ALL_WOMEN,759667.5,level
2005-12-31,VKO,ALL_WOMEN,ALL_WOMEN,753819.5,level
2006-12-31,VKO,ALL_WOMEN,ALL_WOMEN,749909.5,level
2007-12-31,VKO,ALL_WOMEN,ALL_WOMEN,747010.0,level
2008-12-31,VKO,ALL_WOMEN,ALL_WOMEN,734021.0,level
2009-12-31,VKO,ALL_WOMEN,ALL_WOMEN,393312.5,level
2010-12-31,VKO,ALL_WOMEN,ALL_WOMEN,393179.5,level
2011-12-31,VKO,ALL_WOMEN,ALL_WOMEN,392308.0,level
2012-12-31,VKO,ALL_WOMEN,ALL_WOMEN,391232.5,level
2013-12-31,VKO,ALL_WOMEN,ALL_WOMEN,390995.5,level
2014-12-31,VKO,ALL_WOMEN,ALL_WOMEN,391048.5,level
2015-12-31,VKO,ALL_WOMEN,ALL_WOMEN,390881.0,level
2016-12-31,VKO,ALL_WOMEN,ALL_WOMEN,390132.0,level
2017-12-31,VKO,ALL_WOMEN,ALL_WOMEN,388865.0,level
2018-12-31,VKO,ALL_WOMEN,ALL_WOMEN,387267.0,level
2019-12-31,VKO,ALL_WOMEN,ALL_WOMEN,384942.5,level
2020-12-31,VKO,ALL_WOMEN,ALL_WOMEN,382871.5,level
2021-12-31,VKO,ALL_WOMEN,ALL_WOMEN,380833.0,level
2022-12-31,VKO,ALL_WOMEN,ALL_WOMEN,381588.0,level
2023-12-31,VKO,ALL_WOMEN,ALL_WOMEN,379743.0,level
2024-12-31,VKO,ALL_WOMEN,ALL_WOMEN,377883.0,level
2025-12-31,VKO,ALL_WOMEN,ALL_WOMEN,375571.5,level
1991-12-31,YKO,ALL_WOMEN,ALL_WOMEN,958969.0,level
1992-12-31,YKO,ALL_WOMEN,ALL_WOMEN,970344.0,level
1993-12-31,YKO,ALL_WOMEN,ALL_WOMEN,980221.0,level
1994-12-31,YKO,ALL_WOMEN,ALL_WOMEN,986092.0,level
1995-12-31,YKO,ALL_WOMEN,ALL_WOMEN,990167.5,level
1996-12-31,YKO,ALL_WOMEN,ALL_WOMEN,996301.5,level
1997-12-31,YKO,ALL_WOMEN,ALL_WOMEN,998433.5,level
1998-12-31,YKO,ALL_WOMEN,ALL_WOMEN,999394.0,level
1999-12-31,YKO,ALL_WOMEN,ALL_WOMEN,1008972.5,level
2000-12-31,YKO,ALL_WOMEN,ALL_WOMEN,1027623.0,level
2001-12-31,YKO,ALL_WOMEN,ALL_WOMEN,1046039.5,level
2002-12-31,YKO,ALL_WOMEN,ALL_WOMEN,1061422.5,level
2003-12-31,YKO,ALL_WOMEN,ALL_WOMEN,1079550.5,level
2004-12-31,YKO,ALL_WOMEN,ALL_WOMEN,1100389.0,level
2005-12-31,YKO,ALL_WOMEN,ALL_WOMEN,1121676.5,level
2006-12-31,YKO,ALL_WOMEN,ALL_WOMEN,1144490.5,level
2007-12-31,YKO,ALL_WOMEN,ALL_WOMEN,1169223.0,level
2008-12-31,YKO,ALL_WOMEN,ALL_WOMEN,1247905.0,level
1991-12-31,ZHM,ALL_WOMEN,ALL_WOMEN,539969.0,level
1992-12-31,ZHM,ALL_WOMEN,ALL_WOMEN,539507.0,level
1993-12-31,ZHM,ALL_WOMEN,ALL_WOMEN,537689.0,level
1994-12-31,ZHM,ALL_WOMEN,ALL_WOMEN,531992.5,level
1995-12-31,ZHM,ALL_WOMEN,ALL_WOMEN,525030.0,level
1996-12-31,ZHM,ALL_WOMEN,ALL_WOMEN,522101.5,level
1997-12-31,ZHM,ALL_WOMEN,ALL_WOMEN,519758.5,level
1998-12-31,ZHM,ALL_WOMEN,ALL_WOMEN,512845.5,level
1999-12-31,ZHM,ALL_WOMEN,ALL_WOMEN,507216.0,level
2000-12-31,ZHM,ALL_WOMEN,ALL_WOMEN,505682.0,level
2001-12-31,ZHM,ALL_WOMEN,ALL_WOMEN,504139.0,level
2002-12-31,ZHM,ALL_WOMEN,ALL_WOMEN,503785.0,level
2003-12-31,ZHM,ALL_WOMEN,ALL_WOMEN,505593.5,level
2004-12-31,ZHM,ALL_WOMEN,ALL_WOMEN,508888.5,level
2005-12-31,ZHM,ALL_WOMEN,ALL_WOMEN,512946.0,level
2006-12-31,ZHM,ALL_WOMEN,ALL_WOMEN,517572.0,level
2007-12-31,ZHM,ALL_WOMEN,ALL_WOMEN,522385.0,level
2008-12-31,ZHM,ALL_WOMEN,ALL_WOMEN,524263.0,level
2009-12-31,ZHM,ALL_WOMEN,ALL_WOMEN,526823.5,level
2010-12-31,ZHM,ALL_WOMEN,ALL_WOMEN,532706.5,level
2011-12-31,ZHM,ALL_WOMEN,ALL_WOMEN,537122.0,level
2012-12-31,ZHM,ALL_WOMEN,ALL_WOMEN,542252.5,level
2013-12-31,ZHM,ALL_WOMEN,ALL_WOMEN,549043.0,level
2014-12-31,ZHM,ALL_WOMEN,ALL_WOMEN,555752.5,level
2015-12-31,ZHM,ALL_WOMEN,ALL_WOMEN,561897.5,level
2016-12-31,ZHM,ALL_WOMEN,ALL_WOMEN,565670.5,level
2017-12-31,ZHM,ALL_WOMEN,ALL_WOMEN,566758.5,level
2018-12-31,ZHM,ALL_WOMEN,ALL_WOMEN,568721.5,level
2019-12-31,ZHM,ALL_WOMEN,ALL_WOMEN,571384.0,level
2020-12-31,ZHM,ALL_WOMEN,ALL_WOMEN,574060.0,level
2021-12-31,ZHM,ALL_WOMEN,ALL_WOMEN,577993.0,level
2022-12-31,ZHM,ALL_WOMEN,ALL_WOMEN,612180.0,level
2023-12-31,ZHM,ALL_WOMEN,ALL_WOMEN,614610.0,level
2024-12-31,ZHM,ALL_WOMEN,ALL_WOMEN,615137.0,level
2025-12-31,ZHM,ALL_WOMEN,ALL_WOMEN,612836.5,level
2009-12-31,ZHT,ALL_WOMEN,ALL_WOMEN,318549.5,level
2010-12-31,ZHT,ALL_WOMEN,ALL_WOMEN,321445.5,level
2011-12-31,ZHT,ALL_WOMEN,ALL_WOMEN,323846.5,level
2012-12-31,ZHT,ALL_WOMEN,ALL_WOMEN,326210.0,level
2013-12-31,ZHT,ALL_WOMEN,ALL_WOMEN,329307.5,level
2014-12-31,ZHT,ALL_WOMEN,ALL_WOMEN,332521.0,level
2015-12-31,ZHT,ALL_WOMEN,ALL_WOMEN,334975.0,level
2016-12-31,ZHT,ALL_WOMEN,ALL_WOMEN,336072.5,level
2017-12-31,ZHT,ALL_WOMEN,ALL_WOMEN,336220.0,level
2018-12-31,ZHT,ALL_WOMEN,ALL_WOMEN,335882.5,level
2019-12-31,ZHT,ALL_WOMEN,ALL_WOMEN,335229.0,level
2020-12-31,ZHT,ALL_WOMEN,ALL_WOMEN,335109.0,level
2021-12-31,ZHT,ALL_WOMEN,ALL_WOMEN,335777.0,level
2022-12-31,ZHT,ALL_WOMEN,ALL_WOMEN,353381.5,level
2023-12-31,ZHT,ALL_WOMEN,ALL_WOMEN,353138.5,level
2024-12-31,ZHT,ALL_WOMEN,ALL_WOMEN,351878.5,level
2025-12-31,ZHT,ALL_WOMEN,ALL_WOMEN,348928.0,level
1991-12-31,ZKO,ALL_WOMEN,ALL_WOMEN,334253.5,level
1992-12-31,ZKO,ALL_WOMEN,ALL_WOMEN,338003.0,level
1993-12-31,ZKO,ALL_WOMEN,ALL_WOMEN,340517.5,level
1994-12-31,ZKO,ALL_WOMEN,ALL_WOMEN,339137.5,level
1995-12-31,ZKO,ALL_WOMEN,ALL_WOMEN,335536.5,level
1996-12-31,ZKO,ALL_WOMEN,ALL_WOMEN,332382.5,level
1997-12-31,ZKO,ALL_WOMEN,ALL_WOMEN,327898.0,level
1998-12-31,ZKO,ALL_WOMEN,ALL_WOMEN,322152.0,level
1999-12-31,ZKO,ALL_WOMEN,ALL_WOMEN,317140.0,level
2000-12-31,ZKO,ALL_WOMEN,ALL_WOMEN,313122.0,level
2001-12-31,ZKO,ALL_WOMEN,ALL_WOMEN,310753.0,level
2002-12-31,ZKO,ALL_WOMEN,ALL_WOMEN,310643.5,level
2003-12-31,ZKO,ALL_WOMEN,ALL_WOMEN,311487.0,level
2004-12-31,ZKO,ALL_WOMEN,ALL_WOMEN,312838.0,level
2005-12-31,ZKO,ALL_WOMEN,ALL_WOMEN,314420.5,level
2006-12-31,ZKO,ALL_WOMEN,ALL_WOMEN,316041.5,level
2007-12-31,ZKO,ALL_WOMEN,ALL_WOMEN,317703.0,level
2008-12-31,ZKO,ALL_WOMEN,ALL_WOMEN,309875.0,level
2009-12-31,ZKO,ALL_WOMEN,ALL_WOMEN,311223.5,level
2010-12-31,ZKO,ALL_WOMEN,ALL_WOMEN,313697.5,level
2011-12-31,ZKO,ALL_WOMEN,ALL_WOMEN,315826.5,level
2012-12-31,ZKO,ALL_WOMEN,ALL_WOMEN,318187.0,level
2013-12-31,ZKO,ALL_WOMEN,ALL_WOMEN,321063.5,level
2014-12-31,ZKO,ALL_WOMEN,ALL_WOMEN,324094.5,level
2015-12-31,ZKO,ALL_WOMEN,ALL_WOMEN,327335.0,level
2016-12-31,ZKO,ALL_WOMEN,ALL_WOMEN,330137.0,level
2017-12-31,ZKO,ALL_WOMEN,ALL_WOMEN,332350.0,level
2018-12-31,ZKO,ALL_WOMEN,ALL_WOMEN,334774.5,level
2019-12-31,ZKO,ALL_WOMEN,ALL_WOMEN,336966.0,level
2020-12-31,ZKO,ALL_WOMEN,ALL_WOMEN,338930.5,level
2021-12-31,ZKO,ALL_WOMEN,ALL_WOMEN,340893.0,level
2022-12-31,ZKO,ALL_WOMEN,ALL_WOMEN,350740.5,level
2023-12-31,ZKO,ALL_WOMEN,ALL_WOMEN,352951.0,level
2024-12-31,ZKO,ALL_WOMEN,ALL_WOMEN,354725.5,level
2025-12-31,ZKO,ALL_WOMEN,ALL_WOMEN,355144.5,level
1991-12-31,national,ALL_WOMEN,ALL_WOMEN,8472410.5,level
1992-12-31,national,ALL_WOMEN,ALL_WOMEN,8494146.0,level
1993-12-31,national,ALL_WOMEN,ALL_WOMEN,8466508.0,level
1994-12-31,national,ALL_WOMEN,ALL_WOMEN,8347139.5,level
1995-12-31,national,ALL_WOMEN,ALL_WOMEN,8180367.5,level
1996-12-31,national,ALL_WOMEN,ALL_WOMEN,8061869.5,level
1997-12-31,national,ALL_WOMEN,ALL_WOMEN,7940618.5,level
1998-12-31,national,ALL_WOMEN,ALL_WOMEN,7809818.0,level
1999-12-31,national,ALL_WOMEN,ALL_WOMEN,7738135.0,level
2000-12-31,national,ALL_WOMEN,ALL_WOMEN,7715012.5,level
2001-12-31,national,ALL_WOMEN,ALL_WOMEN,7701753.0,level
2002-12-31,national,ALL_WOMEN,ALL_WOMEN,7702131.5,level
2003-12-31,national,ALL_WOMEN,ALL_WOMEN,7729435.0,level
2004-12-31,national,ALL_WOMEN,ALL_WOMEN,7785024.5,level
2005-12-31,national,ALL_WOMEN,ALL_WOMEN,7856177.0,level
2006-12-31,national,ALL_WOMEN,ALL_WOMEN,7941052.5,level
2007-12-31,national,ALL_WOMEN,ALL_WOMEN,8033774.0,level
2008-12-31,national,ALL_WOMEN,ALL_WOMEN,8283495.0,level
2009-12-31,national,ALL_WOMEN,ALL_WOMEN,8339385.0,level
2010-12-31,national,ALL_WOMEN,ALL_WOMEN,8455376.0,level
2011-12-31,national,ALL_WOMEN,ALL_WOMEN,8573795.0,level
2012-12-31,national,ALL_WOMEN,ALL_WOMEN,8691708.5,level
2013-12-31,national,ALL_WOMEN,ALL_WOMEN,8813730.0,level
2014-12-31,national,ALL_WOMEN,ALL_WOMEN,8939339.0,level
2015-12-31,national,ALL_WOMEN,ALL_WOMEN,9065210.0,level
2016-12-31,national,ALL_WOMEN,ALL_WOMEN,9188682.0,level
2017-12-31,national,ALL_WOMEN,ALL_WOMEN,9307632.5,level
2018-12-31,national,ALL_WOMEN,ALL_WOMEN,9424007.0,level
2019-12-31,national,ALL_WOMEN,ALL_WOMEN,9539820.5,level
2020-12-31,national,ALL_WOMEN,ALL_WOMEN,9658224.0,level
2021-12-31,national,ALL_WOMEN,ALL_WOMEN,9777322.0,level
2022-12-31,national,ALL_WOMEN,ALL_WOMEN,10054240.5,level
2023-12-31,national,ALL_WOMEN,ALL_WOMEN,10184567.0,level
2024-12-31,national,ALL_WOMEN,ALL_WOMEN,10311295.0,level
2025-12-31,national,ALL_WOMEN,ALL_WOMEN,10425850.5,level
2009-12-31,ABY,RURAL,RURAL,294061.5,level
2010-12-31,ABY,RURAL,RURAL,292193.0,level
2011-12-31,ABY,RURAL,RURAL,289672.5,level
2012-12-31,ABY,RURAL,RURAL,286367.0,level
2013-12-31,ABY,RURAL,RURAL,283260.0,level
2014-12-31,ABY,RURAL,RURAL,281243.5,level
2015-12-31,ABY,RURAL,RURAL,278423.0,level
2016-12-31,ABY,RURAL,RURAL,273731.0,level
2017-12-31,ABY,RURAL,RURAL,267911.0,level
2018-12-31,ABY,RURAL,RURAL,262935.0,level
2019-12-31,ABY,RURAL,RURAL,259147.0,level
2020-12-31,ABY,RURAL,RURAL,255351.5,level
2021-12-31,ABY,RURAL,RURAL,251732.0,level
2022-12-31,ABY,RURAL,RURAL,241388.0,level
2023-12-31,ABY,RURAL,RURAL,237242.5,level
2024-12-31,ABY,RURAL,RURAL,231818.0,level
2025-12-31,ABY,RURAL,RURAL,224911.5,level
1991-12-31,AKM,RURAL,RURAL,561078.5,level
1992-12-31,AKM,RURAL,RURAL,563116.0,level
1993-12-31,AKM,RURAL,RURAL,565792.5,level
1994-12-31,AKM,RURAL,RURAL,558893.0,level
1995-12-31,AKM,RURAL,RURAL,540930.5,level
1996-12-31,AKM,RURAL,RURAL,520261.5,level
1997-12-31,AKM,RURAL,RURAL,496428.5,level
1998-12-31,AKM,RURAL,RURAL,465409.0,level
1999-12-31,AKM,RURAL,RURAL,440024.0,level
2000-12-31,AKM,RURAL,RURAL,425006.5,level
2001-12-31,AKM,RURAL,RURAL,412781.5,level
2002-12-31,AKM,RURAL,RURAL,404453.0,level
2003-12-31,AKM,RURAL,RURAL,400819.0,level
2004-12-31,AKM,RURAL,RURAL,397379.0,level
2005-12-31,AKM,RURAL,RURAL,393526.5,level
2006-12-31,AKM,RURAL,RURAL,391180.5,level
2007-12-31,AKM,RURAL,RURAL,415584.0,level
2008-12-31,AKM,RURAL,RURAL,396639.0,level
2009-12-31,AKM,RURAL,RURAL,388789.0,level
2010-12-31,AKM,RURAL,RURAL,385813.0,level
2011-12-31,AKM,RURAL,RURAL,384057.0,level
2012-12-31,AKM,RURAL,RURAL,382620.5,level
2013-12-31,AKM,RURAL,RURAL,381681.0,level
2014-12-31,AKM,RURAL,RURAL,380888.5,level
2015-12-31,AKM,RURAL,RURAL,381551.5,level
2016-12-31,AKM,RURAL,RURAL,378939.0,level
2017-12-31,AKM,RURAL,RURAL,376066.0,level
2018-12-31,AKM,RURAL,RURAL,376749.0,level
2019-12-31,AKM,RURAL,RURAL,374531.5,level
2020-12-31,AKM,RURAL,RURAL,370591.0,level
2021-12-31,AKM,RURAL,RURAL,366541.0,level
2022-12-31,AKM,RURAL,RURAL,346758.5,level
2023-12-31,AKM,RURAL,RURAL,344141.0,level
2024-12-31,AKM,RURAL,RURAL,339629.0,level
2025-12-31,AKM,RURAL,RURAL,334911.0,level
1991-12-31,AKT,RURAL,RURAL,330038.5,level
1992-12-31,AKT,RURAL,RURAL,330285.5,level
1993-12-31,AKT,RURAL,RURAL,330618.5,level
1994-12-31,AKT,RURAL,RURAL,327862.5,level
1995-12-31,AKT,RURAL,RURAL,321501.5,level
1996-12-31,AKT,RURAL,RURAL,315358.5,level
1997-12-31,AKT,RURAL,RURAL,309095.0,level
1998-12-31,AKT,RURAL,RURAL,305104.5,level
1999-12-31,AKT,RURAL,RURAL,304646.5,level
2000-12-31,AKT,RURAL,RURAL,303299.5,level
2001-12-31,AKT,RURAL,RURAL,303459.5,level
2002-12-31,AKT,RURAL,RURAL,303956.0,level
2003-12-31,AKT,RURAL,RURAL,302852.5,level
2004-12-31,AKT,RURAL,RURAL,303217.5,level
2005-12-31,AKT,RURAL,RURAL,305051.5,level
2006-12-31,AKT,RURAL,RURAL,307507.5,level
2007-12-31,AKT,RURAL,RURAL,324288.0,level
2008-12-31,AKT,RURAL,RURAL,296531.0,level
2009-12-31,AKT,RURAL,RURAL,250773.5,level
2010-12-31,AKT,RURAL,RURAL,251300.5,level
2011-12-31,AKT,RURAL,RURAL,251961.0,level
2012-12-31,AKT,RURAL,RURAL,254087.0,level
2013-12-31,AKT,RURAL,RURAL,257512.0,level
2014-12-31,AKT,RURAL,RURAL,259716.5,level
2015-12-31,AKT,RURAL,RURAL,260280.5,level
2016-12-31,AKT,RURAL,RURAL,259919.5,level
2017-12-31,AKT,RURAL,RURAL,257201.5,level
2018-12-31,AKT,RURAL,RURAL,254932.0,level
2019-12-31,AKT,RURAL,RURAL,253984.0,level
2020-12-31,AKT,RURAL,RURAL,253102.5,level
2021-12-31,AKT,RURAL,RURAL,253319.0,level
2022-12-31,AKT,RURAL,RURAL,235653.5,level
2023-12-31,AKT,RURAL,RURAL,235713.5,level
2024-12-31,AKT,RURAL,RURAL,233818.5,level
2025-12-31,AKT,RURAL,RURAL,229251.5,level
1991-12-31,ALM,RURAL,RURAL,1110673.5,level
1992-12-31,ALM,RURAL,RURAL,1113560.5,level
1993-12-31,ALM,RURAL,RURAL,1110766.5,level
1994-12-31,ALM,RURAL,RURAL,1108927.0,level
1995-12-31,ALM,RURAL,RURAL,1105184.0,level
1996-12-31,ALM,RURAL,RURAL,1100502.5,level
1997-12-31,ALM,RURAL,RURAL,1096322.0,level
1998-12-31,ALM,RURAL,RURAL,1092958.5,level
1999-12-31,ALM,RURAL,RURAL,1093134.5,level
2000-12-31,ALM,RURAL,RURAL,1095195.5,level
2001-12-31,ALM,RURAL,RURAL,1097054.0,level
2002-12-31,ALM,RURAL,RURAL,1099629.0,level
2003-12-31,ALM,RURAL,RURAL,1103797.0,level
2004-12-31,ALM,RURAL,RURAL,1111120.5,level
2005-12-31,ALM,RURAL,RURAL,1119799.0,level
2006-12-31,ALM,RURAL,RURAL,1128159.5,level
2007-12-31,ALM,RURAL,RURAL,1253136.0,level
2008-12-31,ALM,RURAL,RURAL,1379318.0,level
2009-12-31,ALM,RURAL,RURAL,933243.5,level
2010-12-31,ALM,RURAL,RURAL,955473.5,level
2011-12-31,ALM,RURAL,RURAL,980173.5,level
2012-12-31,ALM,RURAL,RURAL,1005378.5,level
2013-12-31,ALM,RURAL,RURAL,1030652.5,level
2014-12-31,ALM,RURAL,RURAL,1053806.5,level
2015-12-31,ALM,RURAL,RURAL,1074048.5,level
2016-12-31,ALM,RURAL,RURAL,1099819.5,level
2017-12-31,ALM,RURAL,RURAL,1136818.0,level
2018-12-31,ALM,RURAL,RURAL,1171379.0,level
2019-12-31,ALM,RURAL,RURAL,1197255.5,level
2020-12-31,ALM,RURAL,RURAL,1219375.0,level
2021-12-31,ALM,RURAL,RURAL,1241335.0,level
2022-12-31,ALM,RURAL,RURAL,1199007.0,level
2023-12-31,ALM,RURAL,RURAL,1220990.5,level
2024-12-31,ALM,RURAL,RURAL,1244267.0,level
2025-12-31,ALM,RURAL,RURAL,1272464.5,level
1991-12-31,ATY,RURAL,RURAL,171702.5,level
1992-12-31,ATY,RURAL,RURAL,173502.5,level
1993-12-31,ATY,RURAL,RURAL,178065.5,level
1994-12-31,ATY,RURAL,RURAL,181650.0,level
1995-12-31,ATY,RURAL,RURAL,181959.0,level
1996-12-31,ATY,RURAL,RURAL,182234.5,level
1997-12-31,ATY,RURAL,RURAL,182698.5,level
1998-12-31,ATY,RURAL,RURAL,183339.5,level
1999-12-31,ATY,RURAL,RURAL,184521.0,level
2000-12-31,ATY,RURAL,RURAL,185353.5,level
2001-12-31,ATY,RURAL,RURAL,185959.5,level
2002-12-31,ATY,RURAL,RURAL,187463.0,level
2003-12-31,ATY,RURAL,RURAL,192239.5,level
2004-12-31,ATY,RURAL,RURAL,198940.5,level
2005-12-31,ATY,RURAL,RURAL,202540.0,level
2006-12-31,ATY,RURAL,RURAL,204694.5,level
2007-12-31,ATY,RURAL,RURAL,254001.0,level
2008-12-31,ATY,RURAL,RURAL,270089.0,level
2009-12-31,ATY,RURAL,RURAL,246079.5,level
2010-12-31,ATY,RURAL,RURAL,249158.0,level
2011-12-31,ATY,RURAL,RURAL,252578.5,level
2012-12-31,ATY,RURAL,RURAL,256406.5,level
2013-12-31,ATY,RURAL,RURAL,260497.5,level
2014-12-31,ATY,RURAL,RURAL,264262.5,level
2015-12-31,ATY,RURAL,RURAL,267298.5,level
2016-12-31,ATY,RURAL,RURAL,269960.0,level
2017-12-31,ATY,RURAL,RURAL,273626.0,level
2018-12-31,ATY,RURAL,RURAL,279480.5,level
2019-12-31,ATY,RURAL,RURAL,286465.5,level
2020-12-31,ATY,RURAL,RURAL,293087.0,level
2021-12-31,ATY,RURAL,RURAL,299110.0,level
2022-12-31,ATY,RURAL,RURAL,307902.5,level
2023-12-31,ATY,RURAL,RURAL,312411.0,level
2024-12-31,ATY,RURAL,RURAL,317025.5,level
2025-12-31,ATY,RURAL,RURAL,321462.5,level
1991-12-31,KRG,RURAL,RURAL,301871.0,level
1992-12-31,KRG,RURAL,RURAL,296250.5,level
1993-12-31,KRG,RURAL,RURAL,292957.0,level
1994-12-31,KRG,RURAL,RURAL,286795.5,level
1995-12-31,KRG,RURAL,RURAL,277809.5,level
1996-12-31,KRG,RURAL,RURAL,270908.0,level
1997-12-31,KRG,RURAL,RURAL,264753.0,level
1998-12-31,KRG,RURAL,RURAL,256907.0,level
1999-12-31,KRG,RURAL,RURAL,249795.0,level
2000-12-31,KRG,RURAL,RURAL,243734.5,level
2001-12-31,KRG,RURAL,RURAL,236814.5,level
2002-12-31,KRG,RURAL,RURAL,230272.0,level
2003-12-31,KRG,RURAL,RURAL,224604.5,level
2004-12-31,KRG,RURAL,RURAL,218573.5,level
2005-12-31,KRG,RURAL,RURAL,212280.0,level
2006-12-31,KRG,RURAL,RURAL,207530.0,level
2007-12-31,KRG,RURAL,RURAL,302289.0,level
2008-12-31,KRG,RURAL,RURAL,302202.0,level
2009-12-31,KRG,RURAL,RURAL,249965.0,level
2010-12-31,KRG,RURAL,RURAL,247234.5,level
2011-12-31,KRG,RURAL,RURAL,244909.5,level
2012-12-31,KRG,RURAL,RURAL,243229.5,level
2013-12-31,KRG,RURAL,RURAL,241354.5,level
2014-12-31,KRG,RURAL,RURAL,238858.0,level
2015-12-31,KRG,RURAL,RURAL,236656.0,level
2016-12-31,KRG,RURAL,RURAL,233876.5,level
2017-12-31,KRG,RURAL,RURAL,230643.0,level
2018-12-31,KRG,RURAL,RURAL,228751.5,level
2019-12-31,KRG,RURAL,RURAL,227185.0,level
2020-12-31,KRG,RURAL,RURAL,224783.0,level
2021-12-31,KRG,RURAL,RURAL,222250.0,level
2022-12-31,KRG,RURAL,RURAL,213434.0,level
2023-12-31,KRG,RURAL,RURAL,210534.0,level
2024-12-31,KRG,RURAL,RURAL,206545.5,level
2025-12-31,KRG,RURAL,RURAL,201095.5,level
1991-12-31,KST,RURAL,RURAL,599120.0,level
1992-12-31,KST,RURAL,RURAL,601429.0,level
1993-12-31,KST,RURAL,RURAL,601501.5,level
1994-12-31,KST,RURAL,RURAL,594378.5,level
1995-12-31,KST,RURAL,RURAL,571596.0,level
1996-12-31,KST,RURAL,RURAL,548570.0,level
1997-12-31,KST,RURAL,RURAL,518796.0,level
1998-12-31,KST,RURAL,RURAL,483738.5,level
1999-12-31,KST,RURAL,RURAL,463045.5,level
2000-12-31,KST,RURAL,RURAL,451260.0,level
2001-12-31,KST,RURAL,RURAL,440379.0,level
2002-12-31,KST,RURAL,RURAL,429586.5,level
2003-12-31,KST,RURAL,RURAL,421208.5,level
2004-12-31,KST,RURAL,RURAL,413447.5,level
2005-12-31,KST,RURAL,RURAL,415808.5,level
2006-12-31,KST,RURAL,RURAL,419821.5,level
2007-12-31,KST,RURAL,RURAL,466841.0,level
2008-12-31,KST,RURAL,RURAL,446771.0,level
2009-12-31,KST,RURAL,RURAL,420644.0,level
2010-12-31,KST,RURAL,RURAL,416162.0,level
2011-12-31,KST,RURAL,RURAL,411428.0,level
2012-12-31,KST,RURAL,RURAL,406650.0,level
2013-12-31,KST,RURAL,RURAL,402802.5,level
2014-12-31,KST,RURAL,RURAL,398402.0,level
2015-12-31,KST,RURAL,RURAL,393435.0,level
2016-12-31,KST,RURAL,RURAL,388029.0,level
2017-12-31,KST,RURAL,RURAL,381144.5,level
2018-12-31,KST,RURAL,RURAL,374499.5,level
2019-12-31,KST,RURAL,RURAL,367938.5,level
2020-12-31,KST,RURAL,RURAL,361508.0,level
2021-12-31,KST,RURAL,RURAL,355578.0,level
2022-12-31,KST,RURAL,RURAL,319717.5,level
2023-12-31,KST,RURAL,RURAL,314631.5,level
2024-12-31,KST,RURAL,RURAL,308418.5,level
2025-12-31,KST,RURAL,RURAL,300826.5,level
1991-12-31,KZL,RURAL,RURAL,232534.0,level
1992-12-31,KZL,RURAL,RURAL,233468.5,level
1993-12-31,KZL,RURAL,RURAL,234652.5,level
1994-12-31,KZL,RURAL,RURAL,232318.5,level
1995-12-31,KZL,RURAL,RURAL,230199.0,level
1996-12-31,KZL,RURAL,RURAL,231332.5,level
1997-12-31,KZL,RURAL,RURAL,232439.0,level
1998-12-31,KZL,RURAL,RURAL,233939.0,level
1999-12-31,KZL,RURAL,RURAL,235894.5,level
2000-12-31,KZL,RURAL,RURAL,238212.0,level
2001-12-31,KZL,RURAL,RURAL,240483.0,level
2002-12-31,KZL,RURAL,RURAL,242403.5,level
2003-12-31,KZL,RURAL,RURAL,244222.5,level
2004-12-31,KZL,RURAL,RURAL,246484.0,level
2005-12-31,KZL,RURAL,RURAL,248965.5,level
2006-12-31,KZL,RURAL,RURAL,251552.0,level
2007-12-31,KZL,RURAL,RURAL,406953.0,level
2008-12-31,KZL,RURAL,RURAL,393763.0,level
2009-12-31,KZL,RURAL,RURAL,395885.0,level
2010-12-31,KZL,RURAL,RURAL,401383.0,level
2011-12-31,KZL,RURAL,RURAL,407523.0,level
2012-12-31,KZL,RURAL,RURAL,413511.0,level
2013-12-31,KZL,RURAL,RURAL,419601.5,level
2014-12-31,KZL,RURAL,RURAL,425226.0,level
2015-12-31,KZL,RURAL,RURAL,429402.0,level
2016-12-31,KZL,RURAL,RURAL,431538.5,level
2017-12-31,KZL,RURAL,RURAL,434325.0,level
2018-12-31,KZL,RURAL,RURAL,439332.5,level
2019-12-31,KZL,RURAL,RURAL,443572.5,level
2020-12-31,KZL,RURAL,RURAL,447249.5,level
2021-12-31,KZL,RURAL,RURAL,452455.0,level
2022-12-31,KZL,RURAL,RURAL,440073.0,level
2023-12-31,KZL,RURAL,RURAL,444613.5,level
2024-12-31,KZL,RURAL,RURAL,447268.0,level
2025-12-31,KZL,RURAL,RURAL,447344.5,level
1991-12-31,MNG,RURAL,RURAL,36550.0,level
1992-12-31,MNG,RURAL,RURAL,37415.5,level
1993-12-31,MNG,RURAL,RURAL,52427.5,level
1994-12-31,MNG,RURAL,RURAL,66807.0,level
1995-12-31,MNG,RURAL,RURAL,66522.5,level
1996-12-31,MNG,RURAL,RURAL,66260.0,level
1997-12-31,MNG,RURAL,RURAL,66273.5,level
1998-12-31,MNG,RURAL,RURAL,67043.5,level
1999-12-31,MNG,RURAL,RURAL,68028.0,level
2000-12-31,MNG,RURAL,RURAL,68316.5,level
2001-12-31,MNG,RURAL,RURAL,72114.0,level
2002-12-31,MNG,RURAL,RURAL,76922.5,level
2003-12-31,MNG,RURAL,RURAL,80922.5,level
2004-12-31,MNG,RURAL,RURAL,85516.5,level
2005-12-31,MNG,RURAL,RURAL,99272.0,level
2006-12-31,MNG,RURAL,RURAL,116410.5,level
2007-12-31,MNG,RURAL,RURAL,167684.0,level
2008-12-31,MNG,RURAL,RURAL,220394.0,level
2009-12-31,MNG,RURAL,RURAL,243555.5,level
2010-12-31,MNG,RURAL,RURAL,257528.0,level
2011-12-31,MNG,RURAL,RURAL,272562.5,level
2012-12-31,MNG,RURAL,RURAL,288392.5,level
2013-12-31,MNG,RURAL,RURAL,303610.5,level
2014-12-31,MNG,RURAL,RURAL,317660.0,level
2015-12-31,MNG,RURAL,RURAL,332790.0,level
2016-12-31,MNG,RURAL,RURAL,348063.5,level
2017-12-31,MNG,RURAL,RURAL,365138.5,level
2018-12-31,MNG,RURAL,RURAL,383211.5,level
2019-12-31,MNG,RURAL,RURAL,398751.5,level
2020-12-31,MNG,RURAL,RURAL,411110.5,level
2021-12-31,MNG,RURAL,RURAL,421138.0,level
2022-12-31,MNG,RURAL,RURAL,414974.5,level
2023-12-31,MNG,RURAL,RURAL,424377.0,level
2024-12-31,MNG,RURAL,RURAL,431545.5,level
2025-12-31,MNG,RURAL,RURAL,435264.5,level
1991-12-31,PVL,RURAL,RURAL,333453.5,level
1992-12-31,PVL,RURAL,RURAL,340414.5,level
1993-12-31,PVL,RURAL,RURAL,358568.0,level
1994-12-31,PVL,RURAL,RURAL,364479.5,level
1995-12-31,PVL,RURAL,RURAL,347572.0,level
1996-12-31,PVL,RURAL,RURAL,332100.5,level
1997-12-31,PVL,RURAL,RURAL,318343.0,level
1998-12-31,PVL,RURAL,RURAL,303764.0,level
1999-12-31,PVL,RURAL,RURAL,292977.0,level
2000-12-31,PVL,RURAL,RURAL,285663.0,level
2001-12-31,PVL,RURAL,RURAL,277346.0,level
2002-12-31,PVL,RURAL,RURAL,270536.0,level
2003-12-31,PVL,RURAL,RURAL,265006.0,level
2004-12-31,PVL,RURAL,RURAL,259013.5,level
2005-12-31,PVL,RURAL,RURAL,255082.5,level
2006-12-31,PVL,RURAL,RURAL,252766.0,level
2007-12-31,PVL,RURAL,RURAL,258016.0,level
2008-12-31,PVL,RURAL,RURAL,238272.0,level
2009-12-31,PVL,RURAL,RURAL,236374.5,level
2010-12-31,PVL,RURAL,RURAL,234400.0,level
2011-12-31,PVL,RURAL,RURAL,232919.5,level
2012-12-31,PVL,RURAL,RURAL,231176.0,level
2013-12-31,PVL,RURAL,RURAL,228800.5,level
2014-12-31,PVL,RURAL,RURAL,226274.5,level
2015-12-31,PVL,RURAL,RURAL,224321.5,level
2016-12-31,PVL,RURAL,RURAL,222562.5,level
2017-12-31,PVL,RURAL,RURAL,221226.5,level
2018-12-31,PVL,RURAL,RURAL,220995.5,level
2019-12-31,PVL,RURAL,RURAL,221027.0,level
2020-12-31,PVL,RURAL,RURAL,220507.0,level
2021-12-31,PVL,RURAL,RURAL,219210.0,level
2022-12-31,PVL,RURAL,RURAL,222685.0,level
2023-12-31,PVL,RURAL,RURAL,221390.0,level
2024-12-31,PVL,RURAL,RURAL,218729.0,level
2025-12-31,PVL,RURAL,RURAL,214636.5,level
1991-12-31,SKO,RURAL,RURAL,580887.0,level
1992-12-31,SKO,RURAL,RURAL,584371.0,level
1993-12-31,SKO,RURAL,RURAL,587143.0,level
1994-12-31,SKO,RURAL,RURAL,576281.5,level
1995-12-31,SKO,RURAL,RURAL,550428.0,level
1996-12-31,SKO,RURAL,RURAL,522605.5,level
1997-12-31,SKO,RURAL,RURAL,491670.5,level
1998-12-31,SKO,RURAL,RURAL,463609.0,level
1999-12-31,SKO,RURAL,RURAL,447794.5,level
2000-12-31,SKO,RURAL,RURAL,439901.5,level
2001-12-31,SKO,RURAL,RURAL,433047.5,level
2002-12-31,SKO,RURAL,RURAL,428260.0,level
2003-12-31,SKO,RURAL,RURAL,427269.5,level
2004-12-31,SKO,RURAL,RURAL,433085.0,level
2005-12-31,SKO,RURAL,RURAL,436937.5,level
2006-12-31,SKO,RURAL,RURAL,433097.5,level
2007-12-31,SKO,RURAL,RURAL,427253.0,level
2008-12-31,SKO,RURAL,RURAL,360092.0,level
2009-12-31,SKO,RURAL,RURAL,355613.5,level
2010-12-31,SKO,RURAL,RURAL,350848.0,level
2011-12-31,SKO,RURAL,RURAL,346121.5,level
2012-12-31,SKO,RURAL,RURAL,341060.0,level
2013-12-31,SKO,RURAL,RURAL,335722.5,level
2014-12-31,SKO,RURAL,RURAL,329822.5,level
2015-12-31,SKO,RURAL,RURAL,322850.5,level
2016-12-31,SKO,RURAL,RURAL,315543.0,level
2017-12-31,SKO,RURAL,RURAL,309105.5,level
2018-12-31,SKO,RURAL,RURAL,303504.0,level
2019-12-31,SKO,RURAL,RURAL,298044.5,level
2020-12-31,SKO,RURAL,RURAL,292391.0,level
2021-12-31,SKO,RURAL,RURAL,286728.0,level
2022-12-31,SKO,RURAL,RURAL,277568.5,level
2023-12-31,SKO,RURAL,RURAL,272959.0,level
2024-12-31,SKO,RURAL,RURAL,267348.0,level
2025-12-31,SKO,RURAL,RURAL,259992.5,level
2009-12-31,TRK,RURAL,RURAL,1376188.0,level
2010-12-31,TRK,RURAL,RURAL,1406112.0,level
2011-12-31,TRK,RURAL,RURAL,1438885.5,level
2012-12-31,TRK,RURAL,RURAL,1470164.0,level
2013-12-31,TRK,RURAL,RURAL,1499341.5,level
2014-12-31,TRK,RURAL,RURAL,1525393.5,level
2015-12-31,TRK,RURAL,RURAL,1548380.5,level
2016-12-31,TRK,RURAL,RURAL,1566315.0,level
2017-12-31,TRK,RURAL,RURAL,1578840.5,level
2018-12-31,TRK,RURAL,RURAL,1587848.5,level
2019-12-31,TRK,RURAL,RURAL,1599003.5,level
2020-12-31,TRK,RURAL,RURAL,1615229.0,level
2021-12-31,TRK,RURAL,RURAL,1630731.0,level
2022-12-31,TRK,RURAL,RURAL,1585883.0,level
2023-12-31,TRK,RURAL,RURAL,1602953.5,level
2024-12-31,TRK,RURAL,RURAL,1611318.0,level
2025-12-31,TRK,RURAL,RURAL,1608190.5,level
2009-12-31,ULT,RURAL,RURAL,49424.5,level
2010-12-31,ULT,RURAL,RURAL,49279.5,level
2011-12-31,ULT,RURAL,RURAL,49574.5,level
2012-12-31,ULT,RURAL,RURAL,50198.0,level
2013-12-31,ULT,RURAL,RURAL,50794.5,level
2014-12-31,ULT,RURAL,RURAL,51066.0,level
2015-12-31,ULT,RURAL,RURAL,51205.5,level
2016-12-31,ULT,RURAL,RURAL,51124.0,level
2017-12-31,ULT,RURAL,RURAL,51021.0,level
2018-12-31,ULT,RURAL,RURAL,51378.5,level
2019-12-31,ULT,RURAL,RURAL,51705.5,level
2020-12-31,ULT,RURAL,RURAL,51711.0,level
2021-12-31,ULT,RURAL,RURAL,51726.0,level
2022-12-31,ULT,RURAL,RURAL,46372.5,level
2023-12-31,ULT,RURAL,RURAL,46240.0,level
2024-12-31,ULT,RURAL,RURAL,45875.5,level
2025-12-31,ULT,RURAL,RURAL,45277.5,level
1991-12-31,VKO,RURAL,RURAL,726465.5,level
1992-12-31,VKO,RURAL,RURAL,729189.5,level
1993-12-31,VKO,RURAL,RURAL,729968.0,level
1994-12-31,VKO,RURAL,RURAL,719350.0,level
1995-12-31,VKO,RURAL,RURAL,698314.0,level
1996-12-31,VKO,RURAL,RURAL,677902.0,level
1997-12-31,VKO,RURAL,RURAL,658639.0,level
1998-12-31,VKO,RURAL,RURAL,640267.5,level
1999-12-31,VKO,RURAL,RURAL,629806.0,level
2000-12-31,VKO,RURAL,RURAL,623878.5,level
2001-12-31,VKO,RURAL,RURAL,616924.0,level
2002-12-31,VKO,RURAL,RURAL,608720.5,level
2003-12-31,VKO,RURAL,RURAL,601145.5,level
2004-12-31,VKO,RURAL,RURAL,593560.0,level
2005-12-31,VKO,RURAL,RURAL,584574.0,level
2006-12-31,VKO,RURAL,RURAL,577197.5,level
2007-12-31,VKO,RURAL,RURAL,655980.0,level
2008-12-31,VKO,RURAL,RURAL,595726.0,level
2009-12-31,VKO,RURAL,RURAL,299173.0,level
2010-12-31,VKO,RURAL,RURAL,298061.5,level
2011-12-31,VKO,RURAL,RURAL,295473.5,level
2012-12-31,VKO,RURAL,RURAL,293034.5,level
2013-12-31,VKO,RURAL,RURAL,290401.5,level
2014-12-31,VKO,RURAL,RURAL,287217.0,level
2015-12-31,VKO,RURAL,RURAL,284080.5,level
2016-12-31,VKO,RURAL,RURAL,280429.5,level
2017-12-31,VKO,RURAL,RURAL,275192.5,level
2018-12-31,VKO,RURAL,RURAL,269258.5,level
2019-12-31,VKO,RURAL,RURAL,264031.0,level
2020-12-31,VKO,RURAL,RURAL,259298.5,level
2021-12-31,VKO,RURAL,RURAL,254919.0,level
2022-12-31,VKO,RURAL,RURAL,248442.5,level
2023-12-31,VKO,RURAL,RURAL,244970.5,level
2024-12-31,VKO,RURAL,RURAL,240672.0,level
2025-12-31,VKO,RURAL,RURAL,235376.5,level
1991-12-31,YKO,RURAL,RURAL,1117428.5,level
1992-12-31,YKO,RURAL,RURAL,1136130.5,level
1993-12-31,YKO,RURAL,RURAL,1156907.5,level
1994-12-31,YKO,RURAL,RURAL,1175240.5,level
1995-12-31,YKO,RURAL,RURAL,1192383.0,level
1996-12-31,YKO,RURAL,RURAL,1210506.0,level
1997-12-31,YKO,RURAL,RURAL,1222864.0,level
1998-12-31,YKO,RURAL,RURAL,1215541.0,level
1999-12-31,YKO,RURAL,RURAL,1211656.5,level
2000-12-31,YKO,RURAL,RURAL,1220777.5,level
2001-12-31,YKO,RURAL,RURAL,1227781.5,level
2002-12-31,YKO,RURAL,RURAL,1244955.0,level
2003-12-31,YKO,RURAL,RURAL,1270332.0,level
2004-12-31,YKO,RURAL,RURAL,1298232.0,level
2005-12-31,YKO,RURAL,RURAL,1327317.5,level
2006-12-31,YKO,RURAL,RURAL,1357696.0,level
2007-12-31,YKO,RURAL,RURAL,1424435.0,level
2008-12-31,YKO,RURAL,RURAL,1492618.0,level
1991-12-31,ZHM,RURAL,RURAL,538753.0,level
1992-12-31,ZHM,RURAL,RURAL,536277.0,level
1993-12-31,ZHM,RURAL,RURAL,536003.0,level
1994-12-31,ZHM,RURAL,RURAL,537866.0,level
1995-12-31,ZHM,RURAL,RURAL,536491.0,level
1996-12-31,ZHM,RURAL,RURAL,533760.5,level
1997-12-31,ZHM,RURAL,RURAL,532562.5,level
1998-12-31,ZHM,RURAL,RURAL,534199.5,level
1999-12-31,ZHM,RURAL,RURAL,537331.0,level
2000-12-31,ZHM,RURAL,RURAL,538527.5,level
2001-12-31,ZHM,RURAL,RURAL,539351.5,level
2002-12-31,ZHM,RURAL,RURAL,540023.0,level
2003-12-31,ZHM,RURAL,RURAL,541637.0,level
2004-12-31,ZHM,RURAL,RURAL,543818.5,level
2005-12-31,ZHM,RURAL,RURAL,547277.0,level
2006-12-31,ZHM,RURAL,RURAL,552559.5,level
2007-12-31,ZHM,RURAL,RURAL,589108.0,level
2008-12-31,ZHM,RURAL,RURAL,605749.0,level
2009-12-31,ZHM,RURAL,RURAL,608841.5,level
2010-12-31,ZHM,RURAL,RURAL,617708.0,level
2011-12-31,ZHM,RURAL,RURAL,627404.0,level
2012-12-31,ZHM,RURAL,RURAL,636609.0,level
2013-12-31,ZHM,RURAL,RURAL,643745.5,level
2014-12-31,ZHM,RURAL,RURAL,650659.0,level
2015-12-31,ZHM,RURAL,RURAL,657297.0,level
2016-12-31,ZHM,RURAL,RURAL,662704.5,level
2017-12-31,ZHM,RURAL,RURAL,668754.5,level
2018-12-31,ZHM,RURAL,RURAL,674669.5,level
2019-12-31,ZHM,RURAL,RURAL,679007.5,level
2020-12-31,ZHM,RURAL,RURAL,682374.5,level
2021-12-31,ZHM,RURAL,RURAL,686284.0,level
2022-12-31,ZHM,RURAL,RURAL,689471.0,level
2023-12-31,ZHM,RURAL,RURAL,691498.0,level
2024-12-31,ZHM,RURAL,RURAL,689386.5,level
2025-12-31,ZHM,RURAL,RURAL,634455.0,level
2009-12-31,ZHT,RURAL,RURAL,374911.0,level
2010-12-31,ZHT,RURAL,RURAL,377958.5,level
2011-12-31,ZHT,RURAL,RURAL,380571.0,level
2012-12-31,ZHT,RURAL,RURAL,382552.5,level
2013-12-31,ZHT,RURAL,RURAL,385032.0,level
2014-12-31,ZHT,RURAL,RURAL,387669.0,level
2015-12-31,ZHT,RURAL,RURAL,389217.5,level
2016-12-31,ZHT,RURAL,RURAL,389730.5,level
2017-12-31,ZHT,RURAL,RURAL,390904.0,level
2018-12-31,ZHT,RURAL,RURAL,392789.0,level
2019-12-31,ZHT,RURAL,RURAL,392623.0,level
2020-12-31,ZHT,RURAL,RURAL,391206.5,level
2021-12-31,ZHT,RURAL,RURAL,391015.0,level
2022-12-31,ZHT,RURAL,RURAL,388821.5,level
2023-12-31,ZHT,RURAL,RURAL,387489.5,level
2024-12-31,ZHT,RURAL,RURAL,384888.5,level
2025-12-31,ZHT,RURAL,RURAL,374870.0,level
1991-12-31,ZKO,RURAL,RURAL,378959.5,level
1992-12-31,ZKO,RURAL,RURAL,390089.5,level
1993-12-31,ZKO,RURAL,RURAL,392431.0,level
1994-12-31,ZKO,RURAL,RURAL,391461.5,level
1995-12-31,ZKO,RURAL,RURAL,388004.0,level
1996-12-31,ZKO,RURAL,RURAL,383135.0,level
1997-12-31,ZKO,RURAL,RURAL,376191.0,level
1998-12-31,ZKO,RURAL,RURAL,368879.0,level
1999-12-31,ZKO,RURAL,RURAL,363700.5,level
2000-12-31,ZKO,RURAL,RURAL,359017.0,level
2001-12-31,ZKO,RURAL,RURAL,353474.0,level
2002-12-31,ZKO,RURAL,RURAL,348526.5,level
2003-12-31,ZKO,RURAL,RURAL,345265.5,level
2004-12-31,ZKO,RURAL,RURAL,344149.0,level
2005-12-31,ZKO,RURAL,RURAL,343012.0,level
2006-12-31,ZKO,RURAL,RURAL,343027.5,level
2007-12-31,ZKO,RURAL,RURAL,343235.0,level
2008-12-31,ZKO,RURAL,RURAL,321287.0,level
2009-12-31,ZKO,RURAL,RURAL,322230.0,level
2010-12-31,ZKO,RURAL,RURAL,320760.0,level
2011-12-31,ZKO,RURAL,RURAL,318409.5,level
2012-12-31,ZKO,RURAL,RURAL,316596.0,level
2013-12-31,ZKO,RURAL,RURAL,316287.0,level
2014-12-31,ZKO,RURAL,RURAL,316691.0,level
2015-12-31,ZKO,RURAL,RURAL,318004.0,level
2016-12-31,ZKO,RURAL,RURAL,317693.5,level
2017-12-31,ZKO,RURAL,RURAL,314701.5,level
2018-12-31,ZKO,RURAL,RURAL,312732.0,level
2019-12-31,ZKO,RURAL,RURAL,312145.0,level
2020-12-31,ZKO,RURAL,RURAL,312134.5,level
2021-12-31,ZKO,RURAL,RURAL,312846.0,level
2022-12-31,ZKO,RURAL,RURAL,301174.5,level
2023-12-31,ZKO,RURAL,RURAL,301412.5,level
2024-12-31,ZKO,RURAL,RURAL,299550.0,level
2025-12-31,ZKO,RURAL,RURAL,295847.0,level
1991-12-31,national,RURAL,RURAL,7019515.0,level
1992-12-31,national,RURAL,RURAL,7065500.0,level
1993-12-31,national,RURAL,RURAL,7127802.0,level
1994-12-31,national,RURAL,RURAL,7122311.0,level
1995-12-31,national,RURAL,RURAL,7008894.0,level
1996-12-31,national,RURAL,RURAL,6895437.0,level
1997-12-31,national,RURAL,RURAL,6767075.5,level
1998-12-31,national,RURAL,RURAL,6614699.5,level
1999-12-31,national,RURAL,RURAL,6522354.5,level
2000-12-31,national,RURAL,RURAL,6478143.0,level
2001-12-31,national,RURAL,RURAL,6436969.5,level
2002-12-31,national,RURAL,RURAL,6415706.5,level
2003-12-31,national,RURAL,RURAL,6421321.5,level
2004-12-31,national,RURAL,RURAL,6446537.0,level
2005-12-31,national,RURAL,RURAL,6491443.5,level
2006-12-31,national,RURAL,RURAL,6543200.0,level
2007-12-31,national,RURAL,RURAL,7288803.0,level
2008-12-31,national,RURAL,RURAL,7319451.0,level
2009-12-31,national,RURAL,RURAL,7045752.5,level
2010-12-31,national,RURAL,RURAL,7111373.0,level
2011-12-31,national,RURAL,RURAL,7184224.5,level
2012-12-31,national,RURAL,RURAL,7258032.5,level
2013-12-31,national,RURAL,RURAL,7331097.0,level
2014-12-31,national,RURAL,RURAL,7394856.0,level
2015-12-31,national,RURAL,RURAL,7449242.0,level
2016-12-31,national,RURAL,RURAL,7489979.0,level
2017-12-31,national,RURAL,RURAL,7532619.5,level
2018-12-31,national,RURAL,RURAL,7584446.0,level
2019-12-31,national,RURAL,RURAL,7626418.0,level
2020-12-31,national,RURAL,RURAL,7661010.0,level
2021-12-31,national,RURAL,RURAL,7696917.0,level
2022-12-31,national,RURAL,RURAL,7479327.0,level
2023-12-31,national,RURAL,RURAL,7513567.5,level
2024-12-31,national,RURAL,RURAL,7518103.0,level
2025-12-31,national,RURAL,RURAL,7436177.5,level
2009-12-31,ABY,RURAL_MEN,RURAL_MEN,146803.5,level
2010-12-31,ABY,RURAL_MEN,RURAL_MEN,146030.0,level
2011-12-31,ABY,RURAL_MEN,RURAL_MEN,145000.0,level
2012-12-31,ABY,RURAL_MEN,RURAL_MEN,143514.5,level
2013-12-31,ABY,RURAL_MEN,RURAL_MEN,142026.5,level
2014-12-31,ABY,RURAL_MEN,RURAL_MEN,141025.0,level
2015-12-31,ABY,RURAL_MEN,RURAL_MEN,139681.5,level
2016-12-31,ABY,RURAL_MEN,RURAL_MEN,137441.5,level
2017-12-31,ABY,RURAL_MEN,RURAL_MEN,134587.5,level
2018-12-31,ABY,RURAL_MEN,RURAL_MEN,132149.0,level
2019-12-31,ABY,RURAL_MEN,RURAL_MEN,130428.5,level
2020-12-31,ABY,RURAL_MEN,RURAL_MEN,128802.5,level
2021-12-31,ABY,RURAL_MEN,RURAL_MEN,127156.0,level
2022-12-31,ABY,RURAL_MEN,RURAL_MEN,121801.0,level
2023-12-31,ABY,RURAL_MEN,RURAL_MEN,119915.5,level
2024-12-31,ABY,RURAL_MEN,RURAL_MEN,117377.5,level
2025-12-31,ABY,RURAL_MEN,RURAL_MEN,114068.0,level
1991-12-31,AKM,RURAL_MEN,RURAL_MEN,278904.0,level
1992-12-31,AKM,RURAL_MEN,RURAL_MEN,279921.0,level
1993-12-31,AKM,RURAL_MEN,RURAL_MEN,281245.5,level
1994-12-31,AKM,RURAL_MEN,RURAL_MEN,277808.0,level
1995-12-31,AKM,RURAL_MEN,RURAL_MEN,268866.0,level
1996-12-31,AKM,RURAL_MEN,RURAL_MEN,258571.5,level
1997-12-31,AKM,RURAL_MEN,RURAL_MEN,246699.0,level
1998-12-31,AKM,RURAL_MEN,RURAL_MEN,231055.5,level
1999-12-31,AKM,RURAL_MEN,RURAL_MEN,218248.5,level
2000-12-31,AKM,RURAL_MEN,RURAL_MEN,210793.5,level
2001-12-31,AKM,RURAL_MEN,RURAL_MEN,204628.0,level
2002-12-31,AKM,RURAL_MEN,RURAL_MEN,200362.0,level
2003-12-31,AKM,RURAL_MEN,RURAL_MEN,198488.5,level
2004-12-31,AKM,RURAL_MEN,RURAL_MEN,196715.0,level
2005-12-31,AKM,RURAL_MEN,RURAL_MEN,194635.5,level
2006-12-31,AKM,RURAL_MEN,RURAL_MEN,193066.5,level
2007-12-31,AKM,RURAL_MEN,RURAL_MEN,204398.0,level
2008-12-31,AKM,RURAL_MEN,RURAL_MEN,196328.0,level
2009-12-31,AKM,RURAL_MEN,RURAL_MEN,192443.5,level
2010-12-31,AKM,RURAL_MEN,RURAL_MEN,191053.0,level
2011-12-31,AKM,RURAL_MEN,RURAL_MEN,190333.5,level
2012-12-31,AKM,RURAL_MEN,RURAL_MEN,189815.0,level
2013-12-31,AKM,RURAL_MEN,RURAL_MEN,189449.0,level
2014-12-31,AKM,RURAL_MEN,RURAL_MEN,189059.5,level
2015-12-31,AKM,RURAL_MEN,RURAL_MEN,189419.0,level
2016-12-31,AKM,RURAL_MEN,RURAL_MEN,188238.0,level
2017-12-31,AKM,RURAL_MEN,RURAL_MEN,187130.5,level
2018-12-31,AKM,RURAL_MEN,RURAL_MEN,187806.5,level
2019-12-31,AKM,RURAL_MEN,RURAL_MEN,186883.0,level
2020-12-31,AKM,RURAL_MEN,RURAL_MEN,185183.0,level
2021-12-31,AKM,RURAL_MEN,RURAL_MEN,183534.0,level
2022-12-31,AKM,RURAL_MEN,RURAL_MEN,174949.5,level
2023-12-31,AKM,RURAL_MEN,RURAL_MEN,174045.0,level
2024-12-31,AKM,RURAL_MEN,RURAL_MEN,172397.0,level
2025-12-31,AKM,RURAL_MEN,RURAL_MEN,170848.0,level
1991-12-31,AKT,RURAL_MEN,RURAL_MEN,164869.0,level
1992-12-31,AKT,RURAL_MEN,RURAL_MEN,165084.5,level
1993-12-31,AKT,RURAL_MEN,RURAL_MEN,165338.0,level
1994-12-31,AKT,RURAL_MEN,RURAL_MEN,164045.0,level
1995-12-31,AKT,RURAL_MEN,RURAL_MEN,160941.5,level
1996-12-31,AKT,RURAL_MEN,RURAL_MEN,157939.0,level
1997-12-31,AKT,RURAL_MEN,RURAL_MEN,154869.0,level
1998-12-31,AKT,RURAL_MEN,RURAL_MEN,152913.0,level
1999-12-31,AKT,RURAL_MEN,RURAL_MEN,152673.0,level
2000-12-31,AKT,RURAL_MEN,RURAL_MEN,151956.0,level
2001-12-31,AKT,RURAL_MEN,RURAL_MEN,151948.0,level
2002-12-31,AKT,RURAL_MEN,RURAL_MEN,152101.0,level
2003-12-31,AKT,RURAL_MEN,RURAL_MEN,151510.0,level
2004-12-31,AKT,RURAL_MEN,RURAL_MEN,151723.0,level
2005-12-31,AKT,RURAL_MEN,RURAL_MEN,152643.0,level
2006-12-31,AKT,RURAL_MEN,RURAL_MEN,153753.5,level
2007-12-31,AKT,RURAL_MEN,RURAL_MEN,161793.0,level
2008-12-31,AKT,RURAL_MEN,RURAL_MEN,147755.0,level
2009-12-31,AKT,RURAL_MEN,RURAL_MEN,125304.0,level
2010-12-31,AKT,RURAL_MEN,RURAL_MEN,125668.5,level
2011-12-31,AKT,RURAL_MEN,RURAL_MEN,126079.5,level
2012-12-31,AKT,RURAL_MEN,RURAL_MEN,127162.0,level
2013-12-31,AKT,RURAL_MEN,RURAL_MEN,128816.5,level
2014-12-31,AKT,RURAL_MEN,RURAL_MEN,129904.0,level
2015-12-31,AKT,RURAL_MEN,RURAL_MEN,130256.5,level
2016-12-31,AKT,RURAL_MEN,RURAL_MEN,130240.0,level
2017-12-31,AKT,RURAL_MEN,RURAL_MEN,129128.5,level
2018-12-31,AKT,RURAL_MEN,RURAL_MEN,128176.0,level
2019-12-31,AKT,RURAL_MEN,RURAL_MEN,127923.5,level
2020-12-31,AKT,RURAL_MEN,RURAL_MEN,127716.0,level
2021-12-31,AKT,RURAL_MEN,RURAL_MEN,128023.0,level
2022-12-31,AKT,RURAL_MEN,RURAL_MEN,120673.0,level
2023-12-31,AKT,RURAL_MEN,RURAL_MEN,120975.5,level
2024-12-31,AKT,RURAL_MEN,RURAL_MEN,120251.0,level
2025-12-31,AKT,RURAL_MEN,RURAL_MEN,118165.5,level
1991-12-31,ALM,RURAL_MEN,RURAL_MEN,550320.0,level
1992-12-31,ALM,RURAL_MEN,RURAL_MEN,552025.5,level
1993-12-31,ALM,RURAL_MEN,RURAL_MEN,550896.0,level
1994-12-31,ALM,RURAL_MEN,RURAL_MEN,550236.5,level
1995-12-31,ALM,RURAL_MEN,RURAL_MEN,548618.5,level
1996-12-31,ALM,RURAL_MEN,RURAL_MEN,546514.5,level
1997-12-31,ALM,RURAL_MEN,RURAL_MEN,544641.5,level
1998-12-31,ALM,RURAL_MEN,RURAL_MEN,542747.0,level
1999-12-31,ALM,RURAL_MEN,RURAL_MEN,542706.0,level
2000-12-31,ALM,RURAL_MEN,RURAL_MEN,544114.0,level
2001-12-31,ALM,RURAL_MEN,RURAL_MEN,545477.0,level
2002-12-31,ALM,RURAL_MEN,RURAL_MEN,547350.0,level
2003-12-31,ALM,RURAL_MEN,RURAL_MEN,550096.0,level
2004-12-31,ALM,RURAL_MEN,RURAL_MEN,554528.0,level
2005-12-31,ALM,RURAL_MEN,RURAL_MEN,559628.0,level
2006-12-31,ALM,RURAL_MEN,RURAL_MEN,564302.5,level
2007-12-31,ALM,RURAL_MEN,RURAL_MEN,624945.0,level
2008-12-31,ALM,RURAL_MEN,RURAL_MEN,683291.0,level
2009-12-31,ALM,RURAL_MEN,RURAL_MEN,461025.0,level
2010-12-31,ALM,RURAL_MEN,RURAL_MEN,472144.0,level
2011-12-31,ALM,RURAL_MEN,RURAL_MEN,484415.0,level
2012-12-31,ALM,RURAL_MEN,RURAL_MEN,496760.0,level
2013-12-31,ALM,RURAL_MEN,RURAL_MEN,509100.0,level
2014-12-31,ALM,RURAL_MEN,RURAL_MEN,520833.5,level
2015-12-31,ALM,RURAL_MEN,RURAL_MEN,531348.0,level
2016-12-31,ALM,RURAL_MEN,RURAL_MEN,544596.0,level
2017-12-31,ALM,RURAL_MEN,RURAL_MEN,564697.5,level
2018-12-31,ALM,RURAL_MEN,RURAL_MEN,583805.5,level
2019-12-31,ALM,RURAL_MEN,RURAL_MEN,596482.5,level
2020-12-31,ALM,RURAL_MEN,RURAL_MEN,607107.5,level
2021-12-31,ALM,RURAL_MEN,RURAL_MEN,618854.0,level
2022-12-31,ALM,RURAL_MEN,RURAL_MEN,600528.0,level
2023-12-31,ALM,RURAL_MEN,RURAL_MEN,612434.0,level
2024-12-31,ALM,RURAL_MEN,RURAL_MEN,625267.5,level
2025-12-31,ALM,RURAL_MEN,RURAL_MEN,640935.5,level
1991-12-31,ATY,RURAL_MEN,RURAL_MEN,86413.0,level
1992-12-31,ATY,RURAL_MEN,RURAL_MEN,87325.0,level
1993-12-31,ATY,RURAL_MEN,RURAL_MEN,89624.5,level
1994-12-31,ATY,RURAL_MEN,RURAL_MEN,91431.0,level
1995-12-31,ATY,RURAL_MEN,RURAL_MEN,91587.0,level
1996-12-31,ATY,RURAL_MEN,RURAL_MEN,91723.0,level
1997-12-31,ATY,RURAL_MEN,RURAL_MEN,91951.0,level
1998-12-31,ATY,RURAL_MEN,RURAL_MEN,92230.5,level
1999-12-31,ATY,RURAL_MEN,RURAL_MEN,92759.0,level
2000-12-31,ATY,RURAL_MEN,RURAL_MEN,93125.0,level
2001-12-31,ATY,RURAL_MEN,RURAL_MEN,93402.5,level
2002-12-31,ATY,RURAL_MEN,RURAL_MEN,94130.5,level
2003-12-31,ATY,RURAL_MEN,RURAL_MEN,96562.5,level
2004-12-31,ATY,RURAL_MEN,RURAL_MEN,99957.0,level
2005-12-31,ATY,RURAL_MEN,RURAL_MEN,101776.5,level
2006-12-31,ATY,RURAL_MEN,RURAL_MEN,102849.5,level
2007-12-31,ATY,RURAL_MEN,RURAL_MEN,127175.0,level
2008-12-31,ATY,RURAL_MEN,RURAL_MEN,135248.0,level
2009-12-31,ATY,RURAL_MEN,RURAL_MEN,123427.5,level
2010-12-31,ATY,RURAL_MEN,RURAL_MEN,125043.5,level
2011-12-31,ATY,RURAL_MEN,RURAL_MEN,126920.5,level
2012-12-31,ATY,RURAL_MEN,RURAL_MEN,129010.0,level
2013-12-31,ATY,RURAL_MEN,RURAL_MEN,131131.5,level
2014-12-31,ATY,RURAL_MEN,RURAL_MEN,133051.5,level
2015-12-31,ATY,RURAL_MEN,RURAL_MEN,134718.5,level
2016-12-31,ATY,RURAL_MEN,RURAL_MEN,136191.0,level
2017-12-31,ATY,RURAL_MEN,RURAL_MEN,138174.5,level
2018-12-31,ATY,RURAL_MEN,RURAL_MEN,141220.0,level
2019-12-31,ATY,RURAL_MEN,RURAL_MEN,144603.0,level
2020-12-31,ATY,RURAL_MEN,RURAL_MEN,147787.0,level
2021-12-31,ATY,RURAL_MEN,RURAL_MEN,150819.0,level
2022-12-31,ATY,RURAL_MEN,RURAL_MEN,155665.0,level
2023-12-31,ATY,RURAL_MEN,RURAL_MEN,158202.0,level
2024-12-31,ATY,RURAL_MEN,RURAL_MEN,160828.0,level
2025-12-31,ATY,RURAL_MEN,RURAL_MEN,163352.5,level
1991-12-31,KRG,RURAL_MEN,RURAL_MEN,150993.5,level
1992-12-31,KRG,RURAL_MEN,RURAL_MEN,148365.5,level
1993-12-31,KRG,RURAL_MEN,RURAL_MEN,146892.0,level
1994-12-31,KRG,RURAL_MEN,RURAL_MEN,143971.5,level
1995-12-31,KRG,RURAL_MEN,RURAL_MEN,139622.0,level
1996-12-31,KRG,RURAL_MEN,RURAL_MEN,136307.5,level
1997-12-31,KRG,RURAL_MEN,RURAL_MEN,133357.0,level
1998-12-31,KRG,RURAL_MEN,RURAL_MEN,129269.5,level
1999-12-31,KRG,RURAL_MEN,RURAL_MEN,125470.5,level
2000-12-31,KRG,RURAL_MEN,RURAL_MEN,122291.5,level
2001-12-31,KRG,RURAL_MEN,RURAL_MEN,118810.0,level
2002-12-31,KRG,RURAL_MEN,RURAL_MEN,115705.5,level
2003-12-31,KRG,RURAL_MEN,RURAL_MEN,113013.5,level
2004-12-31,KRG,RURAL_MEN,RURAL_MEN,110305.5,level
2005-12-31,KRG,RURAL_MEN,RURAL_MEN,107408.0,level
2006-12-31,KRG,RURAL_MEN,RURAL_MEN,105124.0,level
2007-12-31,KRG,RURAL_MEN,RURAL_MEN,150571.0,level
2008-12-31,KRG,RURAL_MEN,RURAL_MEN,150783.0,level
2009-12-31,KRG,RURAL_MEN,RURAL_MEN,124395.0,level
2010-12-31,KRG,RURAL_MEN,RURAL_MEN,123321.0,level
2011-12-31,KRG,RURAL_MEN,RURAL_MEN,122408.5,level
2012-12-31,KRG,RURAL_MEN,RURAL_MEN,121761.5,level
2013-12-31,KRG,RURAL_MEN,RURAL_MEN,120968.5,level
2014-12-31,KRG,RURAL_MEN,RURAL_MEN,119859.5,level
2015-12-31,KRG,RURAL_MEN,RURAL_MEN,118928.0,level
2016-12-31,KRG,RURAL_MEN,RURAL_MEN,117733.0,level
2017-12-31,KRG,RURAL_MEN,RURAL_MEN,116213.0,level
2018-12-31,KRG,RURAL_MEN,RURAL_MEN,115293.0,level
2019-12-31,KRG,RURAL_MEN,RURAL_MEN,114587.5,level
2020-12-31,KRG,RURAL_MEN,RURAL_MEN,113586.5,level
2021-12-31,KRG,RURAL_MEN,RURAL_MEN,112608.0,level
2022-12-31,KRG,RURAL_MEN,RURAL_MEN,108637.5,level
2023-12-31,KRG,RURAL_MEN,RURAL_MEN,107416.5,level
2024-12-31,KRG,RURAL_MEN,RURAL_MEN,105638.0,level
2025-12-31,KRG,RURAL_MEN,RURAL_MEN,103192.5,level
1991-12-31,KST,RURAL_MEN,RURAL_MEN,295265.5,level
1992-12-31,KST,RURAL_MEN,RURAL_MEN,296555.0,level
1993-12-31,KST,RURAL_MEN,RURAL_MEN,296733.0,level
1994-12-31,KST,RURAL_MEN,RURAL_MEN,293356.5,level
1995-12-31,KST,RURAL_MEN,RURAL_MEN,282238.5,level
1996-12-31,KST,RURAL_MEN,RURAL_MEN,270982.5,level
1997-12-31,KST,RURAL_MEN,RURAL_MEN,256373.5,level
1998-12-31,KST,RURAL_MEN,RURAL_MEN,239047.0,level
1999-12-31,KST,RURAL_MEN,RURAL_MEN,228674.5,level
2000-12-31,KST,RURAL_MEN,RURAL_MEN,222680.5,level
2001-12-31,KST,RURAL_MEN,RURAL_MEN,217233.5,level
2002-12-31,KST,RURAL_MEN,RURAL_MEN,211908.5,level
2003-12-31,KST,RURAL_MEN,RURAL_MEN,207732.5,level
2004-12-31,KST,RURAL_MEN,RURAL_MEN,203860.0,level
2005-12-31,KST,RURAL_MEN,RURAL_MEN,204832.0,level
2006-12-31,KST,RURAL_MEN,RURAL_MEN,206486.5,level
2007-12-31,KST,RURAL_MEN,RURAL_MEN,228750.0,level
2008-12-31,KST,RURAL_MEN,RURAL_MEN,217486.0,level
2009-12-31,KST,RURAL_MEN,RURAL_MEN,205224.0,level
2010-12-31,KST,RURAL_MEN,RURAL_MEN,203153.0,level
2011-12-31,KST,RURAL_MEN,RURAL_MEN,200924.0,level
2012-12-31,KST,RURAL_MEN,RURAL_MEN,198744.0,level
2013-12-31,KST,RURAL_MEN,RURAL_MEN,197082.5,level
2014-12-31,KST,RURAL_MEN,RURAL_MEN,195129.0,level
2015-12-31,KST,RURAL_MEN,RURAL_MEN,192916.0,level
2016-12-31,KST,RURAL_MEN,RURAL_MEN,190685.0,level
2017-12-31,KST,RURAL_MEN,RURAL_MEN,187787.5,level
2018-12-31,KST,RURAL_MEN,RURAL_MEN,184912.0,level
2019-12-31,KST,RURAL_MEN,RURAL_MEN,182062.5,level
2020-12-31,KST,RURAL_MEN,RURAL_MEN,179125.5,level
2021-12-31,KST,RURAL_MEN,RURAL_MEN,176413.0,level
2022-12-31,KST,RURAL_MEN,RURAL_MEN,161731.0,level
2023-12-31,KST,RURAL_MEN,RURAL_MEN,159513.5,level
2024-12-31,KST,RURAL_MEN,RURAL_MEN,156624.0,level
2025-12-31,KST,RURAL_MEN,RURAL_MEN,153028.0,level
1991-12-31,KZL,RURAL_MEN,RURAL_MEN,118725.0,level
1992-12-31,KZL,RURAL_MEN,RURAL_MEN,119317.0,level
1993-12-31,KZL,RURAL_MEN,RURAL_MEN,120033.5,level
1994-12-31,KZL,RURAL_MEN,RURAL_MEN,118948.5,level
1995-12-31,KZL,RURAL_MEN,RURAL_MEN,117970.0,level
1996-12-31,KZL,RURAL_MEN,RURAL_MEN,118653.0,level
1997-12-31,KZL,RURAL_MEN,RURAL_MEN,119320.0,level
1998-12-31,KZL,RURAL_MEN,RURAL_MEN,120166.5,level
1999-12-31,KZL,RURAL_MEN,RURAL_MEN,121199.5,level
2000-12-31,KZL,RURAL_MEN,RURAL_MEN,122340.5,level
2001-12-31,KZL,RURAL_MEN,RURAL_MEN,123401.0,level
2002-12-31,KZL,RURAL_MEN,RURAL_MEN,124267.5,level
2003-12-31,KZL,RURAL_MEN,RURAL_MEN,125091.0,level
2004-12-31,KZL,RURAL_MEN,RURAL_MEN,126208.5,level
2005-12-31,KZL,RURAL_MEN,RURAL_MEN,127456.5,level
2006-12-31,KZL,RURAL_MEN,RURAL_MEN,128697.5,level
2007-12-31,KZL,RURAL_MEN,RURAL_MEN,206243.0,level
2008-12-31,KZL,RURAL_MEN,RURAL_MEN,199322.0,level
2009-12-31,KZL,RURAL_MEN,RURAL_MEN,200554.0,level
2010-12-31,KZL,RURAL_MEN,RURAL_MEN,203608.0,level
2011-12-31,KZL,RURAL_MEN,RURAL_MEN,206965.0,level
2012-12-31,KZL,RURAL_MEN,RURAL_MEN,210127.5,level
2013-12-31,KZL,RURAL_MEN,RURAL_MEN,213233.0,level
2014-12-31,KZL,RURAL_MEN,RURAL_MEN,216005.0,level
2015-12-31,KZL,RURAL_MEN,RURAL_MEN,218178.5,level
2016-12-31,KZL,RURAL_MEN,RURAL_MEN,219647.5,level
2017-12-31,KZL,RURAL_MEN,RURAL_MEN,221416.0,level
2018-12-31,KZL,RURAL_MEN,RURAL_MEN,224140.0,level
2019-12-31,KZL,RURAL_MEN,RURAL_MEN,226362.5,level
2020-12-31,KZL,RURAL_MEN,RURAL_MEN,228286.5,level
2021-12-31,KZL,RURAL_MEN,RURAL_MEN,231137.0,level
2022-12-31,KZL,RURAL_MEN,RURAL_MEN,225273.5,level
2023-12-31,KZL,RURAL_MEN,RURAL_MEN,227962.0,level
2024-12-31,KZL,RURAL_MEN,RURAL_MEN,229709.5,level
2025-12-31,KZL,RURAL_MEN,RURAL_MEN,230067.5,level
1991-12-31,MNG,RURAL_MEN,RURAL_MEN,18541.5,level
1992-12-31,MNG,RURAL_MEN,RURAL_MEN,18946.5,level
1993-12-31,MNG,RURAL_MEN,RURAL_MEN,26494.0,level
1994-12-31,MNG,RURAL_MEN,RURAL_MEN,33708.0,level
1995-12-31,MNG,RURAL_MEN,RURAL_MEN,33502.5,level
1996-12-31,MNG,RURAL_MEN,RURAL_MEN,33308.0,level
1997-12-31,MNG,RURAL_MEN,RURAL_MEN,33251.0,level
1998-12-31,MNG,RURAL_MEN,RURAL_MEN,33543.5,level
1999-12-31,MNG,RURAL_MEN,RURAL_MEN,33996.0,level
2000-12-31,MNG,RURAL_MEN,RURAL_MEN,34201.0,level
2001-12-31,MNG,RURAL_MEN,RURAL_MEN,36275.0,level
2002-12-31,MNG,RURAL_MEN,RURAL_MEN,38890.5,level
2003-12-31,MNG,RURAL_MEN,RURAL_MEN,41102.0,level
2004-12-31,MNG,RURAL_MEN,RURAL_MEN,43544.0,level
2005-12-31,MNG,RURAL_MEN,RURAL_MEN,50533.0,level
2006-12-31,MNG,RURAL_MEN,RURAL_MEN,59121.5,level
2007-12-31,MNG,RURAL_MEN,RURAL_MEN,83931.0,level
2008-12-31,MNG,RURAL_MEN,RURAL_MEN,111875.0,level
2009-12-31,MNG,RURAL_MEN,RURAL_MEN,123461.5,level
2010-12-31,MNG,RURAL_MEN,RURAL_MEN,130401.5,level
2011-12-31,MNG,RURAL_MEN,RURAL_MEN,138015.0,level
2012-12-31,MNG,RURAL_MEN,RURAL_MEN,145977.0,level
2013-12-31,MNG,RURAL_MEN,RURAL_MEN,153576.0,level
2014-12-31,MNG,RURAL_MEN,RURAL_MEN,160657.0,level
2015-12-31,MNG,RURAL_MEN,RURAL_MEN,168268.0,level
2016-12-31,MNG,RURAL_MEN,RURAL_MEN,175981.0,level
2017-12-31,MNG,RURAL_MEN,RURAL_MEN,184827.5,level
2018-12-31,MNG,RURAL_MEN,RURAL_MEN,194302.0,level
2019-12-31,MNG,RURAL_MEN,RURAL_MEN,202461.0,level
2020-12-31,MNG,RURAL_MEN,RURAL_MEN,208991.5,level
2021-12-31,MNG,RURAL_MEN,RURAL_MEN,214283.0,level
2022-12-31,MNG,RURAL_MEN,RURAL_MEN,210334.0,level
2023-12-31,MNG,RURAL_MEN,RURAL_MEN,215531.5,level
2024-12-31,MNG,RURAL_MEN,RURAL_MEN,219710.5,level
2025-12-31,MNG,RURAL_MEN,RURAL_MEN,222295.0,level
1991-12-31,PVL,RURAL_MEN,RURAL_MEN,164892.5,level
1992-12-31,PVL,RURAL_MEN,RURAL_MEN,168319.5,level
1993-12-31,PVL,RURAL_MEN,RURAL_MEN,177273.0,level
1994-12-31,PVL,RURAL_MEN,RURAL_MEN,180173.0,level
1995-12-31,PVL,RURAL_MEN,RURAL_MEN,171789.0,level
1996-12-31,PVL,RURAL_MEN,RURAL_MEN,164111.5,level
1997-12-31,PVL,RURAL_MEN,RURAL_MEN,157279.0,level
1998-12-31,PVL,RURAL_MEN,RURAL_MEN,149927.0,level
1999-12-31,PVL,RURAL_MEN,RURAL_MEN,144382.5,level
2000-12-31,PVL,RURAL_MEN,RURAL_MEN,140615.0,level
2001-12-31,PVL,RURAL_MEN,RURAL_MEN,136481.5,level
2002-12-31,PVL,RURAL_MEN,RURAL_MEN,133239.0,level
2003-12-31,PVL,RURAL_MEN,RURAL_MEN,130615.5,level
2004-12-31,PVL,RURAL_MEN,RURAL_MEN,127806.0,level
2005-12-31,PVL,RURAL_MEN,RURAL_MEN,125925.5,level
2006-12-31,PVL,RURAL_MEN,RURAL_MEN,124716.5,level
2007-12-31,PVL,RURAL_MEN,RURAL_MEN,127293.0,level
2008-12-31,PVL,RURAL_MEN,RURAL_MEN,117286.0,level
2009-12-31,PVL,RURAL_MEN,RURAL_MEN,116522.5,level
2010-12-31,PVL,RURAL_MEN,RURAL_MEN,115706.5,level
2011-12-31,PVL,RURAL_MEN,RURAL_MEN,115052.0,level
2012-12-31,PVL,RURAL_MEN,RURAL_MEN,114358.5,level
2013-12-31,PVL,RURAL_MEN,RURAL_MEN,113463.5,level
2014-12-31,PVL,RURAL_MEN,RURAL_MEN,112507.0,level
2015-12-31,PVL,RURAL_MEN,RURAL_MEN,111746.0,level
2016-12-31,PVL,RURAL_MEN,RURAL_MEN,111059.5,level
2017-12-31,PVL,RURAL_MEN,RURAL_MEN,110640.0,level
2018-12-31,PVL,RURAL_MEN,RURAL_MEN,110782.5,level
2019-12-31,PVL,RURAL_MEN,RURAL_MEN,111047.5,level
2020-12-31,PVL,RURAL_MEN,RURAL_MEN,111040.0,level
2021-12-31,PVL,RURAL_MEN,RURAL_MEN,110703.0,level
2022-12-31,PVL,RURAL_MEN,RURAL_MEN,113195.5,level
2023-12-31,PVL,RURAL_MEN,RURAL_MEN,112800.0,level
2024-12-31,PVL,RURAL_MEN,RURAL_MEN,111707.0,level
2025-12-31,PVL,RURAL_MEN,RURAL_MEN,109905.5,level
1991-12-31,SKO,RURAL_MEN,RURAL_MEN,286934.5,level
1992-12-31,SKO,RURAL_MEN,RURAL_MEN,288885.5,level
1993-12-31,SKO,RURAL_MEN,RURAL_MEN,290477.0,level
1994-12-31,SKO,RURAL_MEN,RURAL_MEN,285316.5,level
1995-12-31,SKO,RURAL_MEN,RURAL_MEN,272716.0,level
1996-12-31,SKO,RURAL_MEN,RURAL_MEN,259111.5,level
1997-12-31,SKO,RURAL_MEN,RURAL_MEN,243936.5,level
1998-12-31,SKO,RURAL_MEN,RURAL_MEN,229575.0,level
1999-12-31,SKO,RURAL_MEN,RURAL_MEN,221189.5,level
2000-12-31,SKO,RURAL_MEN,RURAL_MEN,217202.5,level
2001-12-31,SKO,RURAL_MEN,RURAL_MEN,213767.0,level
2002-12-31,SKO,RURAL_MEN,RURAL_MEN,211371.0,level
2003-12-31,SKO,RURAL_MEN,RURAL_MEN,210848.0,level
2004-12-31,SKO,RURAL_MEN,RURAL_MEN,213702.0,level
2005-12-31,SKO,RURAL_MEN,RURAL_MEN,215602.5,level
2006-12-31,SKO,RURAL_MEN,RURAL_MEN,213852.5,level
2007-12-31,SKO,RURAL_MEN,RURAL_MEN,211020.0,level
2008-12-31,SKO,RURAL_MEN,RURAL_MEN,176955.0,level
2009-12-31,SKO,RURAL_MEN,RURAL_MEN,174867.5,level
2010-12-31,SKO,RURAL_MEN,RURAL_MEN,172689.0,level
2011-12-31,SKO,RURAL_MEN,RURAL_MEN,170532.0,level
2012-12-31,SKO,RURAL_MEN,RURAL_MEN,168188.5,level
2013-12-31,SKO,RURAL_MEN,RURAL_MEN,165713.0,level
2014-12-31,SKO,RURAL_MEN,RURAL_MEN,162956.5,level
2015-12-31,SKO,RURAL_MEN,RURAL_MEN,159744.0,level
2016-12-31,SKO,RURAL_MEN,RURAL_MEN,156457.5,level
2017-12-31,SKO,RURAL_MEN,RURAL_MEN,153557.5,level
2018-12-31,SKO,RURAL_MEN,RURAL_MEN,151019.0,level
2019-12-31,SKO,RURAL_MEN,RURAL_MEN,148510.0,level
2020-12-31,SKO,RURAL_MEN,RURAL_MEN,145822.5,level
2021-12-31,SKO,RURAL_MEN,RURAL_MEN,143096.0,level
2022-12-31,SKO,RURAL_MEN,RURAL_MEN,138836.5,level
2023-12-31,SKO,RURAL_MEN,RURAL_MEN,136614.0,level
2024-12-31,SKO,RURAL_MEN,RURAL_MEN,133795.0,level
2025-12-31,SKO,RURAL_MEN,RURAL_MEN,130216.5,level
2009-12-31,TRK,RURAL_MEN,RURAL_MEN,692140.5,level
2010-12-31,TRK,RURAL_MEN,RURAL_MEN,707972.0,level
2011-12-31,TRK,RURAL_MEN,RURAL_MEN,725338.0,level
2012-12-31,TRK,RURAL_MEN,RURAL_MEN,742059.0,level
2013-12-31,TRK,RURAL_MEN,RURAL_MEN,757519.5,level
2014-12-31,TRK,RURAL_MEN,RURAL_MEN,771087.5,level
2015-12-31,TRK,RURAL_MEN,RURAL_MEN,782914.5,level
2016-12-31,TRK,RURAL_MEN,RURAL_MEN,792375.0,level
2017-12-31,TRK,RURAL_MEN,RURAL_MEN,799222.0,level
2018-12-31,TRK,RURAL_MEN,RURAL_MEN,805195.0,level
2019-12-31,TRK,RURAL_MEN,RURAL_MEN,812292.5,level
2020-12-31,TRK,RURAL_MEN,RURAL_MEN,821078.0,level
2021-12-31,TRK,RURAL_MEN,RURAL_MEN,829560.0,level
2022-12-31,TRK,RURAL_MEN,RURAL_MEN,811061.5,level
2023-12-31,TRK,RURAL_MEN,RURAL_MEN,820935.0,level
2024-12-31,TRK,RURAL_MEN,RURAL_MEN,826235.0,level
2025-12-31,TRK,RURAL_MEN,RURAL_MEN,825935.5,level
2009-12-31,ULT,RURAL_MEN,RURAL_MEN,25250.5,level
2010-12-31,ULT,RURAL_MEN,RURAL_MEN,25213.5,level
2011-12-31,ULT,RURAL_MEN,RURAL_MEN,25391.5,level
2012-12-31,ULT,RURAL_MEN,RURAL_MEN,25719.0,level
2013-12-31,ULT,RURAL_MEN,RURAL_MEN,26009.5,level
2014-12-31,ULT,RURAL_MEN,RURAL_MEN,26166.0,level
2015-12-31,ULT,RURAL_MEN,RURAL_MEN,26278.0,level
2016-12-31,ULT,RURAL_MEN,RURAL_MEN,26267.0,level
2017-12-31,ULT,RURAL_MEN,RURAL_MEN,26255.5,level
2018-12-31,ULT,RURAL_MEN,RURAL_MEN,26489.0,level
2019-12-31,ULT,RURAL_MEN,RURAL_MEN,26655.5,level
2020-12-31,ULT,RURAL_MEN,RURAL_MEN,26670.5,level
2021-12-31,ULT,RURAL_MEN,RURAL_MEN,26747.0,level
2022-12-31,ULT,RURAL_MEN,RURAL_MEN,24004.5,level
2023-12-31,ULT,RURAL_MEN,RURAL_MEN,23951.0,level
2024-12-31,ULT,RURAL_MEN,RURAL_MEN,23812.0,level
2025-12-31,ULT,RURAL_MEN,RURAL_MEN,23612.5,level
1991-12-31,VKO,RURAL_MEN,RURAL_MEN,362618.5,level
1992-12-31,VKO,RURAL_MEN,RURAL_MEN,364183.5,level
1993-12-31,VKO,RURAL_MEN,RURAL_MEN,364764.5,level
1994-12-31,VKO,RURAL_MEN,RURAL_MEN,359645.5,level
1995-12-31,VKO,RURAL_MEN,RURAL_MEN,349302.5,level
1996-12-31,VKO,RURAL_MEN,RURAL_MEN,339250.0,level
1997-12-31,VKO,RURAL_MEN,RURAL_MEN,329753.5,level
1998-12-31,VKO,RURAL_MEN,RURAL_MEN,320509.0,level
1999-12-31,VKO,RURAL_MEN,RURAL_MEN,315148.0,level
2000-12-31,VKO,RURAL_MEN,RURAL_MEN,312218.0,level
2001-12-31,VKO,RURAL_MEN,RURAL_MEN,308816.0,level
2002-12-31,VKO,RURAL_MEN,RURAL_MEN,304766.5,level
2003-12-31,VKO,RURAL_MEN,RURAL_MEN,301085.0,level
2004-12-31,VKO,RURAL_MEN,RURAL_MEN,297643.5,level
2005-12-31,VKO,RURAL_MEN,RURAL_MEN,293555.0,level
2006-12-31,VKO,RURAL_MEN,RURAL_MEN,289924.5,level
2007-12-31,VKO,RURAL_MEN,RURAL_MEN,327765.0,level
2008-12-31,VKO,RURAL_MEN,RURAL_MEN,295200.0,level
2009-12-31,VKO,RURAL_MEN,RURAL_MEN,147420.0,level
2010-12-31,VKO,RURAL_MEN,RURAL_MEN,147060.5,level
2011-12-31,VKO,RURAL_MEN,RURAL_MEN,145908.5,level
2012-12-31,VKO,RURAL_MEN,RURAL_MEN,144782.0,level
2013-12-31,VKO,RURAL_MEN,RURAL_MEN,143582.5,level
2014-12-31,VKO,RURAL_MEN,RURAL_MEN,142211.0,level
2015-12-31,VKO,RURAL_MEN,RURAL_MEN,140907.5,level
2016-12-31,VKO,RURAL_MEN,RURAL_MEN,139324.0,level
2017-12-31,VKO,RURAL_MEN,RURAL_MEN,136952.5,level
2018-12-31,VKO,RURAL_MEN,RURAL_MEN,134237.0,level
2019-12-31,VKO,RURAL_MEN,RURAL_MEN,131859.0,level
2020-12-31,VKO,RURAL_MEN,RURAL_MEN,129625.5,level
2021-12-31,VKO,RURAL_MEN,RURAL_MEN,127555.0,level
2022-12-31,VKO,RURAL_MEN,RURAL_MEN,124621.5,level
2023-12-31,VKO,RURAL_MEN,RURAL_MEN,123041.5,level
2024-12-31,VKO,RURAL_MEN,RURAL_MEN,121016.5,level
2025-12-31,VKO,RURAL_MEN,RURAL_MEN,118515.0,level
1991-12-31,YKO,RURAL_MEN,RURAL_MEN,555786.5,level
1992-12-31,YKO,RURAL_MEN,RURAL_MEN,565934.5,level
1993-12-31,YKO,RURAL_MEN,RURAL_MEN,577125.5,level
1994-12-31,YKO,RURAL_MEN,RURAL_MEN,587122.0,level
1995-12-31,YKO,RURAL_MEN,RURAL_MEN,596536.5,level
1996-12-31,YKO,RURAL_MEN,RURAL_MEN,606445.5,level
1997-12-31,YKO,RURAL_MEN,RURAL_MEN,613468.0,level
1998-12-31,YKO,RURAL_MEN,RURAL_MEN,610695.5,level
1999-12-31,YKO,RURAL_MEN,RURAL_MEN,609261.5,level
2000-12-31,YKO,RURAL_MEN,RURAL_MEN,613867.0,level
2001-12-31,YKO,RURAL_MEN,RURAL_MEN,617371.5,level
2002-12-31,YKO,RURAL_MEN,RURAL_MEN,625788.0,level
2003-12-31,YKO,RURAL_MEN,RURAL_MEN,638342.0,level
2004-12-31,YKO,RURAL_MEN,RURAL_MEN,652304.0,level
2005-12-31,YKO,RURAL_MEN,RURAL_MEN,666751.0,level
2006-12-31,YKO,RURAL_MEN,RURAL_MEN,681768.0,level
2007-12-31,YKO,RURAL_MEN,RURAL_MEN,714339.0,level
2008-12-31,YKO,RURAL_MEN,RURAL_MEN,749707.0,level
1991-12-31,ZHM,RURAL_MEN,RURAL_MEN,267111.0,level
1992-12-31,ZHM,RURAL_MEN,RURAL_MEN,266338.0,level
1993-12-31,ZHM,RURAL_MEN,RURAL_MEN,266647.5,level
1994-12-31,ZHM,RURAL_MEN,RURAL_MEN,268019.0,level
1995-12-31,ZHM,RURAL_MEN,RURAL_MEN,267771.0,level
1996-12-31,ZHM,RURAL_MEN,RURAL_MEN,266836.0,level
1997-12-31,ZHM,RURAL_MEN,RURAL_MEN,266654.5,level
1998-12-31,ZHM,RURAL_MEN,RURAL_MEN,267567.0,level
1999-12-31,ZHM,RURAL_MEN,RURAL_MEN,269077.5,level
2000-12-31,ZHM,RURAL_MEN,RURAL_MEN,269717.0,level
2001-12-31,ZHM,RURAL_MEN,RURAL_MEN,270150.5,level
2002-12-31,ZHM,RURAL_MEN,RURAL_MEN,270629.0,level
2003-12-31,ZHM,RURAL_MEN,RURAL_MEN,271601.0,level
2004-12-31,ZHM,RURAL_MEN,RURAL_MEN,272901.0,level
2005-12-31,ZHM,RURAL_MEN,RURAL_MEN,274812.5,level
2006-12-31,ZHM,RURAL_MEN,RURAL_MEN,277418.0,level
2007-12-31,ZHM,RURAL_MEN,RURAL_MEN,295182.0,level
2008-12-31,ZHM,RURAL_MEN,RURAL_MEN,301580.0,level
2009-12-31,ZHM,RURAL_MEN,RURAL_MEN,303441.0,level
2010-12-31,ZHM,RURAL_MEN,RURAL_MEN,308309.0,level
2011-12-31,ZHM,RURAL_MEN,RURAL_MEN,313623.5,level
2012-12-31,ZHM,RURAL_MEN,RURAL_MEN,318651.0,level
2013-12-31,ZHM,RURAL_MEN,RURAL_MEN,322683.5,level
2014-12-31,ZHM,RURAL_MEN,RURAL_MEN,326590.0,level
2015-12-31,ZHM,RURAL_MEN,RURAL_MEN,330210.0,level
2016-12-31,ZHM,RURAL_MEN,RURAL_MEN,333158.0,level
2017-12-31,ZHM,RURAL_MEN,RURAL_MEN,336370.0,level
2018-12-31,ZHM,RURAL_MEN,RURAL_MEN,339708.5,level
2019-12-31,ZHM,RURAL_MEN,RURAL_MEN,342423.5,level
2020-12-31,ZHM,RURAL_MEN,RURAL_MEN,344890.0,level
2021-12-31,ZHM,RURAL_MEN,RURAL_MEN,347818.0,level
2022-12-31,ZHM,RURAL_MEN,RURAL_MEN,349283.0,level
2023-12-31,ZHM,RURAL_MEN,RURAL_MEN,350997.5,level
2024-12-31,ZHM,RURAL_MEN,RURAL_MEN,350485.5,level
2025-12-31,ZHM,RURAL_MEN,RURAL_MEN,323171.5,level
2009-12-31,ZHT,RURAL_MEN,RURAL_MEN,187497.0,level
2010-12-31,ZHT,RURAL_MEN,RURAL_MEN,189188.5,level
2011-12-31,ZHT,RURAL_MEN,RURAL_MEN,190916.0,level
2012-12-31,ZHT,RURAL_MEN,RURAL_MEN,192285.0,level
2013-12-31,ZHT,RURAL_MEN,RURAL_MEN,193614.0,level
2014-12-31,ZHT,RURAL_MEN,RURAL_MEN,195032.5,level
2015-12-31,ZHT,RURAL_MEN,RURAL_MEN,196007.0,level
2016-12-31,ZHT,RURAL_MEN,RURAL_MEN,196554.0,level
2017-12-31,ZHT,RURAL_MEN,RURAL_MEN,197268.5,level
2018-12-31,ZHT,RURAL_MEN,RURAL_MEN,198235.5,level
2019-12-31,ZHT,RURAL_MEN,RURAL_MEN,198142.0,level
2020-12-31,ZHT,RURAL_MEN,RURAL_MEN,197514.0,level
2021-12-31,ZHT,RURAL_MEN,RURAL_MEN,197700.0,level
2022-12-31,ZHT,RURAL_MEN,RURAL_MEN,196884.5,level
2023-12-31,ZHT,RURAL_MEN,RURAL_MEN,196386.0,level
2024-12-31,ZHT,RURAL_MEN,RURAL_MEN,195308.5,level
2025-12-31,ZHT,RURAL_MEN,RURAL_MEN,190580.0,level
1991-12-31,ZKO,RURAL_MEN,RURAL_MEN,187523.0,level
1992-12-31,ZKO,RURAL_MEN,RURAL_MEN,193314.0,level
1993-12-31,ZKO,RURAL_MEN,RURAL_MEN,194755.0,level
1994-12-31,ZKO,RURAL_MEN,RURAL_MEN,194552.5,level
1995-12-31,ZKO,RURAL_MEN,RURAL_MEN,193107.0,level
1996-12-31,ZKO,RURAL_MEN,RURAL_MEN,190946.0,level
1997-12-31,ZKO,RURAL_MEN,RURAL_MEN,187737.5,level
1998-12-31,ZKO,RURAL_MEN,RURAL_MEN,184275.5,level
1999-12-31,ZKO,RURAL_MEN,RURAL_MEN,181830.5,level
2000-12-31,ZKO,RURAL_MEN,RURAL_MEN,179495.0,level
2001-12-31,ZKO,RURAL_MEN,RURAL_MEN,176467.5,level
2002-12-31,ZKO,RURAL_MEN,RURAL_MEN,173658.5,level
2003-12-31,ZKO,RURAL_MEN,RURAL_MEN,171975.5,level
2004-12-31,ZKO,RURAL_MEN,RURAL_MEN,171563.0,level
2005-12-31,ZKO,RURAL_MEN,RURAL_MEN,171201.0,level
2006-12-31,ZKO,RURAL_MEN,RURAL_MEN,171379.0,level
2007-12-31,ZKO,RURAL_MEN,RURAL_MEN,171591.0,level
2008-12-31,ZKO,RURAL_MEN,RURAL_MEN,160018.0,level
2009-12-31,ZKO,RURAL_MEN,RURAL_MEN,160540.0,level
2010-12-31,ZKO,RURAL_MEN,RURAL_MEN,160069.0,level
2011-12-31,ZKO,RURAL_MEN,RURAL_MEN,159388.0,level
2012-12-31,ZKO,RURAL_MEN,RURAL_MEN,158916.0,level
2013-12-31,ZKO,RURAL_MEN,RURAL_MEN,158915.5,level
2014-12-31,ZKO,RURAL_MEN,RURAL_MEN,159146.0,level
2015-12-31,ZKO,RURAL_MEN,RURAL_MEN,159992.5,level
2016-12-31,ZKO,RURAL_MEN,RURAL_MEN,160154.5,level
2017-12-31,ZKO,RURAL_MEN,RURAL_MEN,158902.0,level
2018-12-31,ZKO,RURAL_MEN,RURAL_MEN,158068.0,level
2019-12-31,ZKO,RURAL_MEN,RURAL_MEN,157837.0,level
2020-12-31,ZKO,RURAL_MEN,RURAL_MEN,157930.0,level
2021-12-31,ZKO,RURAL_MEN,RURAL_MEN,158500.0,level
2022-12-31,ZKO,RURAL_MEN,RURAL_MEN,152395.0,level
2023-12-31,ZKO,RURAL_MEN,RURAL_MEN,152770.0,level
2024-12-31,ZKO,RURAL_MEN,RURAL_MEN,152103.5,level
2025-12-31,ZKO,RURAL_MEN,RURAL_MEN,150501.0,level
1991-12-31,national,RURAL_MEN,RURAL_MEN,3488897.5,level
1992-12-31,national,RURAL_MEN,RURAL_MEN,3514515.0,level
1993-12-31,national,RURAL_MEN,RURAL_MEN,3548299.0,level
1994-12-31,national,RURAL_MEN,RURAL_MEN,3548333.5,level
1995-12-31,national,RURAL_MEN,RURAL_MEN,3494568.0,level
1996-12-31,national,RURAL_MEN,RURAL_MEN,3440699.5,level
1997-12-31,national,RURAL_MEN,RURAL_MEN,3379291.0,level
1998-12-31,national,RURAL_MEN,RURAL_MEN,3303521.5,level
1999-12-31,national,RURAL_MEN,RURAL_MEN,3256616.5,level
2000-12-31,national,RURAL_MEN,RURAL_MEN,3234616.5,level
2001-12-31,national,RURAL_MEN,RURAL_MEN,3214229.0,level
2002-12-31,national,RURAL_MEN,RURAL_MEN,3204167.5,level
2003-12-31,national,RURAL_MEN,RURAL_MEN,3208063.0,level
2004-12-31,national,RURAL_MEN,RURAL_MEN,3222760.5,level
2005-12-31,national,RURAL_MEN,RURAL_MEN,3246760.0,level
2006-12-31,national,RURAL_MEN,RURAL_MEN,3272460.0,level
2007-12-31,national,RURAL_MEN,RURAL_MEN,3634996.0,level
2008-12-31,national,RURAL_MEN,RURAL_MEN,3642834.0,level
2009-12-31,national,RURAL_MEN,RURAL_MEN,3510317.0,level
2010-12-31,national,RURAL_MEN,RURAL_MEN,3546630.5,level
2011-12-31,national,RURAL_MEN,RURAL_MEN,3587210.5,level
2012-12-31,national,RURAL_MEN,RURAL_MEN,3627830.5,level
2013-12-31,national,RURAL_MEN,RURAL_MEN,3666884.5,level
2014-12-31,national,RURAL_MEN,RURAL_MEN,3701220.5,level
2015-12-31,national,RURAL_MEN,RURAL_MEN,3731513.5,level
2016-12-31,national,RURAL_MEN,RURAL_MEN,3756102.5,level
2017-12-31,national,RURAL_MEN,RURAL_MEN,3783130.5,level
2018-12-31,national,RURAL_MEN,RURAL_MEN,3815538.5,level
2019-12-31,national,RURAL_MEN,RURAL_MEN,3840561.0,level
2020-12-31,national,RURAL_MEN,RURAL_MEN,3861156.5,level
2021-12-31,national,RURAL_MEN,RURAL_MEN,3884506.0,level
2022-12-31,national,RURAL_MEN,RURAL_MEN,3789874.5,level
2023-12-31,national,RURAL_MEN,RURAL_MEN,3813490.5,level
2024-12-31,national,RURAL_MEN,RURAL_MEN,3822266.0,level
2025-12-31,national,RURAL_MEN,RURAL_MEN,3788390.0,level
2009-12-31,ABY,RURAL_WOMEN,RURAL_WOMEN,147258.0,level
2010-12-31,ABY,RURAL_WOMEN,RURAL_WOMEN,146163.0,level
2011-12-31,ABY,RURAL_WOMEN,RURAL_WOMEN,144672.5,level
2012-12-31,ABY,RURAL_WOMEN,RURAL_WOMEN,142852.5,level
2013-12-31,ABY,RURAL_WOMEN,RURAL_WOMEN,141233.5,level
2014-12-31,ABY,RURAL_WOMEN,RURAL_WOMEN,140218.5,level
2015-12-31,ABY,RURAL_WOMEN,RURAL_WOMEN,138741.5,level
2016-12-31,ABY,RURAL_WOMEN,RURAL_WOMEN,136289.5,level
2017-12-31,ABY,RURAL_WOMEN,RURAL_WOMEN,133323.5,level
2018-12-31,ABY,RURAL_WOMEN,RURAL_WOMEN,130786.0,level
2019-12-31,ABY,RURAL_WOMEN,RURAL_WOMEN,128718.5,level
2020-12-31,ABY,RURAL_WOMEN,RURAL_WOMEN,126549.0,level
2021-12-31,ABY,RURAL_WOMEN,RURAL_WOMEN,124576.0,level
2022-12-31,ABY,RURAL_WOMEN,RURAL_WOMEN,119587.0,level
2023-12-31,ABY,RURAL_WOMEN,RURAL_WOMEN,117327.0,level
2024-12-31,ABY,RURAL_WOMEN,RURAL_WOMEN,114440.5,level
2025-12-31,ABY,RURAL_WOMEN,RURAL_WOMEN,110843.5,level
1991-12-31,AKM,RURAL_WOMEN,RURAL_WOMEN,282174.5,level
1992-12-31,AKM,RURAL_WOMEN,RURAL_WOMEN,283195.0,level
1993-12-31,AKM,RURAL_WOMEN,RURAL_WOMEN,284547.0,level
1994-12-31,AKM,RURAL_WOMEN,RURAL_WOMEN,281085.0,level
1995-12-31,AKM,RURAL_WOMEN,RURAL_WOMEN,272064.5,level
1996-12-31,AKM,RURAL_WOMEN,RURAL_WOMEN,261690.0,level
1997-12-31,AKM,RURAL_WOMEN,RURAL_WOMEN,249729.5,level
1998-12-31,AKM,RURAL_WOMEN,RURAL_WOMEN,234353.5,level
1999-12-31,AKM,RURAL_WOMEN,RURAL_WOMEN,221775.5,level
2000-12-31,AKM,RURAL_WOMEN,RURAL_WOMEN,214213.0,level
2001-12-31,AKM,RURAL_WOMEN,RURAL_WOMEN,208153.5,level
2002-12-31,AKM,RURAL_WOMEN,RURAL_WOMEN,204091.0,level
2003-12-31,AKM,RURAL_WOMEN,RURAL_WOMEN,202330.5,level
2004-12-31,AKM,RURAL_WOMEN,RURAL_WOMEN,200664.0,level
2005-12-31,AKM,RURAL_WOMEN,RURAL_WOMEN,198891.0,level
2006-12-31,AKM,RURAL_WOMEN,RURAL_WOMEN,198114.0,level
2007-12-31,AKM,RURAL_WOMEN,RURAL_WOMEN,211186.0,level
2008-12-31,AKM,RURAL_WOMEN,RURAL_WOMEN,200311.0,level
2009-12-31,AKM,RURAL_WOMEN,RURAL_WOMEN,196345.5,level
2010-12-31,AKM,RURAL_WOMEN,RURAL_WOMEN,194760.0,level
2011-12-31,AKM,RURAL_WOMEN,RURAL_WOMEN,193723.5,level
2012-12-31,AKM,RURAL_WOMEN,RURAL_WOMEN,192805.5,level
2013-12-31,AKM,RURAL_WOMEN,RURAL_WOMEN,192232.0,level
2014-12-31,AKM,RURAL_WOMEN,RURAL_WOMEN,191829.0,level
2015-12-31,AKM,RURAL_WOMEN,RURAL_WOMEN,192132.5,level
2016-12-31,AKM,RURAL_WOMEN,RURAL_WOMEN,190701.0,level
2017-12-31,AKM,RURAL_WOMEN,RURAL_WOMEN,188935.5,level
2018-12-31,AKM,RURAL_WOMEN,RURAL_WOMEN,188942.5,level
2019-12-31,AKM,RURAL_WOMEN,RURAL_WOMEN,187648.5,level
2020-12-31,AKM,RURAL_WOMEN,RURAL_WOMEN,185408.0,level
2021-12-31,AKM,RURAL_WOMEN,RURAL_WOMEN,183007.0,level
2022-12-31,AKM,RURAL_WOMEN,RURAL_WOMEN,171809.0,level
2023-12-31,AKM,RURAL_WOMEN,RURAL_WOMEN,170096.0,level
2024-12-31,AKM,RURAL_WOMEN,RURAL_WOMEN,167232.0,level
2025-12-31,AKM,RURAL_WOMEN,RURAL_WOMEN,164063.0,level
1991-12-31,AKT,RURAL_WOMEN,RURAL_WOMEN,165169.5,level
1992-12-31,AKT,RURAL_WOMEN,RURAL_WOMEN,165201.0,level
1993-12-31,AKT,RURAL_WOMEN,RURAL_WOMEN,165280.5,level
1994-12-31,AKT,RURAL_WOMEN,RURAL_WOMEN,163817.5,level
1995-12-31,AKT,RURAL_WOMEN,RURAL_WOMEN,160560.0,level
1996-12-31,AKT,RURAL_WOMEN,RURAL_WOMEN,157419.5,level
1997-12-31,AKT,RURAL_WOMEN,RURAL_WOMEN,154226.0,level
1998-12-31,AKT,RURAL_WOMEN,RURAL_WOMEN,152191.5,level
1999-12-31,AKT,RURAL_WOMEN,RURAL_WOMEN,151973.5,level
2000-12-31,AKT,RURAL_WOMEN,RURAL_WOMEN,151343.5,level
2001-12-31,AKT,RURAL_WOMEN,RURAL_WOMEN,151511.5,level
2002-12-31,AKT,RURAL_WOMEN,RURAL_WOMEN,151855.0,level
2003-12-31,AKT,RURAL_WOMEN,RURAL_WOMEN,151342.5,level
2004-12-31,AKT,RURAL_WOMEN,RURAL_WOMEN,151494.5,level
2005-12-31,AKT,RURAL_WOMEN,RURAL_WOMEN,152408.5,level
2006-12-31,AKT,RURAL_WOMEN,RURAL_WOMEN,153754.0,level
2007-12-31,AKT,RURAL_WOMEN,RURAL_WOMEN,162495.0,level
2008-12-31,AKT,RURAL_WOMEN,RURAL_WOMEN,148776.0,level
2009-12-31,AKT,RURAL_WOMEN,RURAL_WOMEN,125469.5,level
2010-12-31,AKT,RURAL_WOMEN,RURAL_WOMEN,125632.0,level
2011-12-31,AKT,RURAL_WOMEN,RURAL_WOMEN,125881.5,level
2012-12-31,AKT,RURAL_WOMEN,RURAL_WOMEN,126925.0,level
2013-12-31,AKT,RURAL_WOMEN,RURAL_WOMEN,128695.5,level
2014-12-31,AKT,RURAL_WOMEN,RURAL_WOMEN,129812.5,level
2015-12-31,AKT,RURAL_WOMEN,RURAL_WOMEN,130024.0,level
2016-12-31,AKT,RURAL_WOMEN,RURAL_WOMEN,129679.5,level
2017-12-31,AKT,RURAL_WOMEN,RURAL_WOMEN,128073.0,level
2018-12-31,AKT,RURAL_WOMEN,RURAL_WOMEN,126756.0,level
2019-12-31,AKT,RURAL_WOMEN,RURAL_WOMEN,126060.5,level
2020-12-31,AKT,RURAL_WOMEN,RURAL_WOMEN,125386.5,level
2021-12-31,AKT,RURAL_WOMEN,RURAL_WOMEN,125296.0,level
2022-12-31,AKT,RURAL_WOMEN,RURAL_WOMEN,114980.5,level
2023-12-31,AKT,RURAL_WOMEN,RURAL_WOMEN,114738.0,level
2024-12-31,AKT,RURAL_WOMEN,RURAL_WOMEN,113567.5,level
2025-12-31,AKT,RURAL_WOMEN,RURAL_WOMEN,111086.0,level
1991-12-31,ALM,RURAL_WOMEN,RURAL_WOMEN,560353.5,level
1992-12-31,ALM,RURAL_WOMEN,RURAL_WOMEN,561535.0,level
1993-12-31,ALM,RURAL_WOMEN,RURAL_WOMEN,559870.5,level
1994-12-31,ALM,RURAL_WOMEN,RURAL_WOMEN,558690.5,level
1995-12-31,ALM,RURAL_WOMEN,RURAL_WOMEN,556565.5,level
1996-12-31,ALM,RURAL_WOMEN,RURAL_WOMEN,553988.0,level
1997-12-31,ALM,RURAL_WOMEN,RURAL_WOMEN,551680.5,level
1998-12-31,ALM,RURAL_WOMEN,RURAL_WOMEN,550211.5,level
1999-12-31,ALM,RURAL_WOMEN,RURAL_WOMEN,550428.5,level
2000-12-31,ALM,RURAL_WOMEN,RURAL_WOMEN,551081.5,level
2001-12-31,ALM,RURAL_WOMEN,RURAL_WOMEN,551577.0,level
2002-12-31,ALM,RURAL_WOMEN,RURAL_WOMEN,552279.0,level
2003-12-31,ALM,RURAL_WOMEN,RURAL_WOMEN,553701.0,level
2004-12-31,ALM,RURAL_WOMEN,RURAL_WOMEN,556592.5,level
2005-12-31,ALM,RURAL_WOMEN,RURAL_WOMEN,560171.0,level
2006-12-31,ALM,RURAL_WOMEN,RURAL_WOMEN,563857.0,level
2007-12-31,ALM,RURAL_WOMEN,RURAL_WOMEN,628191.0,level
2008-12-31,ALM,RURAL_WOMEN,RURAL_WOMEN,696027.0,level
2009-12-31,ALM,RURAL_WOMEN,RURAL_WOMEN,472218.5,level
2010-12-31,ALM,RURAL_WOMEN,RURAL_WOMEN,483329.5,level
2011-12-31,ALM,RURAL_WOMEN,RURAL_WOMEN,495758.5,level
2012-12-31,ALM,RURAL_WOMEN,RURAL_WOMEN,508618.5,level
2013-12-31,ALM,RURAL_WOMEN,RURAL_WOMEN,521552.5,level
2014-12-31,ALM,RURAL_WOMEN,RURAL_WOMEN,532973.0,level
2015-12-31,ALM,RURAL_WOMEN,RURAL_WOMEN,542700.5,level
2016-12-31,ALM,RURAL_WOMEN,RURAL_WOMEN,555223.5,level
2017-12-31,ALM,RURAL_WOMEN,RURAL_WOMEN,572120.5,level
2018-12-31,ALM,RURAL_WOMEN,RURAL_WOMEN,587573.5,level
2019-12-31,ALM,RURAL_WOMEN,RURAL_WOMEN,600773.0,level
2020-12-31,ALM,RURAL_WOMEN,RURAL_WOMEN,612267.5,level
2021-12-31,ALM,RURAL_WOMEN,RURAL_WOMEN,622481.0,level
2022-12-31,ALM,RURAL_WOMEN,RURAL_WOMEN,598479.0,level
2023-12-31,ALM,RURAL_WOMEN,RURAL_WOMEN,608556.5,level
2024-12-31,ALM,RURAL_WOMEN,RURAL_WOMEN,618999.5,level
2025-12-31,ALM,RURAL_WOMEN,RURAL_WOMEN,631529.0,level
1991-12-31,ATY,RURAL_WOMEN,RURAL_WOMEN,85289.5,level
1992-12-31,ATY,RURAL_WOMEN,RURAL_WOMEN,86177.5,level
1993-12-31,ATY,RURAL_WOMEN,RURAL_WOMEN,88441.0,level
1994-12-31,ATY,RURAL_WOMEN,RURAL_WOMEN,90219.0,level
1995-12-31,ATY,RURAL_WOMEN,RURAL_WOMEN,90372.0,level
1996-12-31,ATY,RURAL_WOMEN,RURAL_WOMEN,90511.5,level
1997-12-31,ATY,RURAL_WOMEN,RURAL_WOMEN,90747.5,level
1998-12-31,ATY,RURAL_WOMEN,RURAL_WOMEN,91109.0,level
1999-12-31,ATY,RURAL_WOMEN,RURAL_WOMEN,91762.0,level
2000-12-31,ATY,RURAL_WOMEN,RURAL_WOMEN,92228.5,level
2001-12-31,ATY,RURAL_WOMEN,RURAL_WOMEN,92557.0,level
2002-12-31,ATY,RURAL_WOMEN,RURAL_WOMEN,93332.5,level
2003-12-31,ATY,RURAL_WOMEN,RURAL_WOMEN,95677.0,level
2004-12-31,ATY,RURAL_WOMEN,RURAL_WOMEN,98983.5,level
2005-12-31,ATY,RURAL_WOMEN,RURAL_WOMEN,100763.5,level
2006-12-31,ATY,RURAL_WOMEN,RURAL_WOMEN,101845.0,level
2007-12-31,ATY,RURAL_WOMEN,RURAL_WOMEN,126826.0,level
2008-12-31,ATY,RURAL_WOMEN,RURAL_WOMEN,134841.0,level
2009-12-31,ATY,RURAL_WOMEN,RURAL_WOMEN,122652.0,level
2010-12-31,ATY,RURAL_WOMEN,RURAL_WOMEN,124114.5,level
2011-12-31,ATY,RURAL_WOMEN,RURAL_WOMEN,125658.0,level
2012-12-31,ATY,RURAL_WOMEN,RURAL_WOMEN,127396.5,level
2013-12-31,ATY,RURAL_WOMEN,RURAL_WOMEN,129366.0,level
2014-12-31,ATY,RURAL_WOMEN,RURAL_WOMEN,131211.0,level
2015-12-31,ATY,RURAL_WOMEN,RURAL_WOMEN,132580.0,level
2016-12-31,ATY,RURAL_WOMEN,RURAL_WOMEN,133769.0,level
2017-12-31,ATY,RURAL_WOMEN,RURAL_WOMEN,135451.5,level
2018-12-31,ATY,RURAL_WOMEN,RURAL_WOMEN,138260.5,level
2019-12-31,ATY,RURAL_WOMEN,RURAL_WOMEN,141862.5,level
2020-12-31,ATY,RURAL_WOMEN,RURAL_WOMEN,145300.0,level
2021-12-31,ATY,RURAL_WOMEN,RURAL_WOMEN,148291.0,level
2022-12-31,ATY,RURAL_WOMEN,RURAL_WOMEN,152237.5,level
2023-12-31,ATY,RURAL_WOMEN,RURAL_WOMEN,154209.0,level
2024-12-31,ATY,RURAL_WOMEN,RURAL_WOMEN,156197.5,level
2025-12-31,ATY,RURAL_WOMEN,RURAL_WOMEN,158110.0,level
1991-12-31,KRG,RURAL_WOMEN,RURAL_WOMEN,150877.5,level
1992-12-31,KRG,RURAL_WOMEN,RURAL_WOMEN,147885.0,level
1993-12-31,KRG,RURAL_WOMEN,RURAL_WOMEN,146065.0,level
1994-12-31,KRG,RURAL_WOMEN,RURAL_WOMEN,142824.0,level
1995-12-31,KRG,RURAL_WOMEN,RURAL_WOMEN,138187.5,level
1996-12-31,KRG,RURAL_WOMEN,RURAL_WOMEN,134600.5,level
1997-12-31,KRG,RURAL_WOMEN,RURAL_WOMEN,131396.0,level
1998-12-31,KRG,RURAL_WOMEN,RURAL_WOMEN,127637.5,level
1999-12-31,KRG,RURAL_WOMEN,RURAL_WOMEN,124324.5,level
2000-12-31,KRG,RURAL_WOMEN,RURAL_WOMEN,121443.0,level
2001-12-31,KRG,RURAL_WOMEN,RURAL_WOMEN,118004.5,level
2002-12-31,KRG,RURAL_WOMEN,RURAL_WOMEN,114566.5,level
2003-12-31,KRG,RURAL_WOMEN,RURAL_WOMEN,111591.0,level
2004-12-31,KRG,RURAL_WOMEN,RURAL_WOMEN,108268.0,level
2005-12-31,KRG,RURAL_WOMEN,RURAL_WOMEN,104872.0,level
2006-12-31,KRG,RURAL_WOMEN,RURAL_WOMEN,102406.0,level
2007-12-31,KRG,RURAL_WOMEN,RURAL_WOMEN,151718.0,level
2008-12-31,KRG,RURAL_WOMEN,RURAL_WOMEN,151419.0,level
2009-12-31,KRG,RURAL_WOMEN,RURAL_WOMEN,125570.0,level
2010-12-31,KRG,RURAL_WOMEN,RURAL_WOMEN,123913.5,level
2011-12-31,KRG,RURAL_WOMEN,RURAL_WOMEN,122501.0,level
2012-12-31,KRG,RURAL_WOMEN,RURAL_WOMEN,121468.0,level
2013-12-31,KRG,RURAL_WOMEN,RURAL_WOMEN,120386.0,level
2014-12-31,KRG,RURAL_WOMEN,RURAL_WOMEN,118998.5,level
2015-12-31,KRG,RURAL_WOMEN,RURAL_WOMEN,117728.0,level
2016-12-31,KRG,RURAL_WOMEN,RURAL_WOMEN,116143.5,level
2017-12-31,KRG,RURAL_WOMEN,RURAL_WOMEN,114430.0,level
2018-12-31,KRG,RURAL_WOMEN,RURAL_WOMEN,113458.5,level
2019-12-31,KRG,RURAL_WOMEN,RURAL_WOMEN,112597.5,level
2020-12-31,KRG,RURAL_WOMEN,RURAL_WOMEN,111196.5,level
2021-12-31,KRG,RURAL_WOMEN,RURAL_WOMEN,109642.0,level
2022-12-31,KRG,RURAL_WOMEN,RURAL_WOMEN,104796.5,level
2023-12-31,KRG,RURAL_WOMEN,RURAL_WOMEN,103117.5,level
2024-12-31,KRG,RURAL_WOMEN,RURAL_WOMEN,100907.5,level
2025-12-31,KRG,RURAL_WOMEN,RURAL_WOMEN,97903.0,level
1991-12-31,KST,RURAL_WOMEN,RURAL_WOMEN,303854.5,level
1992-12-31,KST,RURAL_WOMEN,RURAL_WOMEN,304874.0,level
1993-12-31,KST,RURAL_WOMEN,RURAL_WOMEN,304768.5,level
1994-12-31,KST,RURAL_WOMEN,RURAL_WOMEN,301022.0,level
1995-12-31,KST,RURAL_WOMEN,RURAL_WOMEN,289357.5,level
1996-12-31,KST,RURAL_WOMEN,RURAL_WOMEN,277587.5,level
1997-12-31,KST,RURAL_WOMEN,RURAL_WOMEN,262422.5,level
1998-12-31,KST,RURAL_WOMEN,RURAL_WOMEN,244691.5,level
1999-12-31,KST,RURAL_WOMEN,RURAL_WOMEN,234371.0,level
2000-12-31,KST,RURAL_WOMEN,RURAL_WOMEN,228579.5,level
2001-12-31,KST,RURAL_WOMEN,RURAL_WOMEN,223145.5,level
2002-12-31,KST,RURAL_WOMEN,RURAL_WOMEN,217678.0,level
2003-12-31,KST,RURAL_WOMEN,RURAL_WOMEN,213476.0,level
2004-12-31,KST,RURAL_WOMEN,RURAL_WOMEN,209587.5,level
2005-12-31,KST,RURAL_WOMEN,RURAL_WOMEN,210976.5,level
2006-12-31,KST,RURAL_WOMEN,RURAL_WOMEN,213335.0,level
2007-12-31,KST,RURAL_WOMEN,RURAL_WOMEN,238091.0,level
2008-12-31,KST,RURAL_WOMEN,RURAL_WOMEN,229285.0,level
2009-12-31,KST,RURAL_WOMEN,RURAL_WOMEN,215420.0,level
2010-12-31,KST,RURAL_WOMEN,RURAL_WOMEN,213009.0,level
2011-12-31,KST,RURAL_WOMEN,RURAL_WOMEN,210504.0,level
2012-12-31,KST,RURAL_WOMEN,RURAL_WOMEN,207906.0,level
2013-12-31,KST,RURAL_WOMEN,RURAL_WOMEN,205720.0,level
2014-12-31,KST,RURAL_WOMEN,RURAL_WOMEN,203273.0,level
2015-12-31,KST,RURAL_WOMEN,RURAL_WOMEN,200519.0,level
2016-12-31,KST,RURAL_WOMEN,RURAL_WOMEN,197344.0,level
2017-12-31,KST,RURAL_WOMEN,RURAL_WOMEN,193357.0,level
2018-12-31,KST,RURAL_WOMEN,RURAL_WOMEN,189587.5,level
2019-12-31,KST,RURAL_WOMEN,RURAL_WOMEN,185876.0,level
2020-12-31,KST,RURAL_WOMEN,RURAL_WOMEN,182382.5,level
2021-12-31,KST,RURAL_WOMEN,RURAL_WOMEN,179165.0,level
2022-12-31,KST,RURAL_WOMEN,RURAL_WOMEN,157986.5,level
2023-12-31,KST,RURAL_WOMEN,RURAL_WOMEN,155118.0,level
2024-12-31,KST,RURAL_WOMEN,RURAL_WOMEN,151794.5,level
2025-12-31,KST,RURAL_WOMEN,RURAL_WOMEN,147798.5,level
1991-12-31,KZL,RURAL_WOMEN,RURAL_WOMEN,113809.0,level
1992-12-31,KZL,RURAL_WOMEN,RURAL_WOMEN,114151.5,level
1993-12-31,KZL,RURAL_WOMEN,RURAL_WOMEN,114619.0,level
1994-12-31,KZL,RURAL_WOMEN,RURAL_WOMEN,113370.0,level
1995-12-31,KZL,RURAL_WOMEN,RURAL_WOMEN,112229.0,level
1996-12-31,KZL,RURAL_WOMEN,RURAL_WOMEN,112679.5,level
1997-12-31,KZL,RURAL_WOMEN,RURAL_WOMEN,113119.0,level
1998-12-31,KZL,RURAL_WOMEN,RURAL_WOMEN,113772.5,level
1999-12-31,KZL,RURAL_WOMEN,RURAL_WOMEN,114695.0,level
2000-12-31,KZL,RURAL_WOMEN,RURAL_WOMEN,115871.5,level
2001-12-31,KZL,RURAL_WOMEN,RURAL_WOMEN,117082.0,level
2002-12-31,KZL,RURAL_WOMEN,RURAL_WOMEN,118136.0,level
2003-12-31,KZL,RURAL_WOMEN,RURAL_WOMEN,119131.5,level
2004-12-31,KZL,RURAL_WOMEN,RURAL_WOMEN,120275.5,level
2005-12-31,KZL,RURAL_WOMEN,RURAL_WOMEN,121509.0,level
2006-12-31,KZL,RURAL_WOMEN,RURAL_WOMEN,122854.5,level
2007-12-31,KZL,RURAL_WOMEN,RURAL_WOMEN,200710.0,level
2008-12-31,KZL,RURAL_WOMEN,RURAL_WOMEN,194441.0,level
2009-12-31,KZL,RURAL_WOMEN,RURAL_WOMEN,195331.0,level
2010-12-31,KZL,RURAL_WOMEN,RURAL_WOMEN,197775.0,level
2011-12-31,KZL,RURAL_WOMEN,RURAL_WOMEN,200558.0,level
2012-12-31,KZL,RURAL_WOMEN,RURAL_WOMEN,203383.5,level
2013-12-31,KZL,RURAL_WOMEN,RURAL_WOMEN,206368.5,level
2014-12-31,KZL,RURAL_WOMEN,RURAL_WOMEN,209221.0,level
2015-12-31,KZL,RURAL_WOMEN,RURAL_WOMEN,211223.5,level
2016-12-31,KZL,RURAL_WOMEN,RURAL_WOMEN,211891.0,level
2017-12-31,KZL,RURAL_WOMEN,RURAL_WOMEN,212909.0,level
2018-12-31,KZL,RURAL_WOMEN,RURAL_WOMEN,215192.5,level
2019-12-31,KZL,RURAL_WOMEN,RURAL_WOMEN,217210.0,level
2020-12-31,KZL,RURAL_WOMEN,RURAL_WOMEN,218963.0,level
2021-12-31,KZL,RURAL_WOMEN,RURAL_WOMEN,221318.0,level
2022-12-31,KZL,RURAL_WOMEN,RURAL_WOMEN,214799.5,level
2023-12-31,KZL,RURAL_WOMEN,RURAL_WOMEN,216651.5,level
2024-12-31,KZL,RURAL_WOMEN,RURAL_WOMEN,217558.5,level
2025-12-31,KZL,RURAL_WOMEN,RURAL_WOMEN,217277.0,level
1991-12-31,MNG,RURAL_WOMEN,RURAL_WOMEN,18008.5,level
1992-12-31,MNG,RURAL_WOMEN,RURAL_WOMEN,18469.0,level
1993-12-31,MNG,RURAL_WOMEN,RURAL_WOMEN,25933.5,level
1994-12-31,MNG,RURAL_WOMEN,RURAL_WOMEN,33099.0,level
1995-12-31,MNG,RURAL_WOMEN,RURAL_WOMEN,33020.0,level
1996-12-31,MNG,RURAL_WOMEN,RURAL_WOMEN,32952.0,level
1997-12-31,MNG,RURAL_WOMEN,RURAL_WOMEN,33022.5,level
1998-12-31,MNG,RURAL_WOMEN,RURAL_WOMEN,33500.0,level
1999-12-31,MNG,RURAL_WOMEN,RURAL_WOMEN,34032.0,level
2000-12-31,MNG,RURAL_WOMEN,RURAL_WOMEN,34115.5,level
2001-12-31,MNG,RURAL_WOMEN,RURAL_WOMEN,35839.0,level
2002-12-31,MNG,RURAL_WOMEN,RURAL_WOMEN,38032.0,level
2003-12-31,MNG,RURAL_WOMEN,RURAL_WOMEN,39820.5,level
2004-12-31,MNG,RURAL_WOMEN,RURAL_WOMEN,41972.5,level
2005-12-31,MNG,RURAL_WOMEN,RURAL_WOMEN,48739.0,level
2006-12-31,MNG,RURAL_WOMEN,RURAL_WOMEN,57289.0,level
2007-12-31,MNG,RURAL_WOMEN,RURAL_WOMEN,83753.0,level
2008-12-31,MNG,RURAL_WOMEN,RURAL_WOMEN,108519.0,level
2009-12-31,MNG,RURAL_WOMEN,RURAL_WOMEN,120094.0,level
2010-12-31,MNG,RURAL_WOMEN,RURAL_WOMEN,127126.5,level
2011-12-31,MNG,RURAL_WOMEN,RURAL_WOMEN,134547.5,level
2012-12-31,MNG,RURAL_WOMEN,RURAL_WOMEN,142415.5,level
2013-12-31,MNG,RURAL_WOMEN,RURAL_WOMEN,150034.5,level
2014-12-31,MNG,RURAL_WOMEN,RURAL_WOMEN,157003.0,level
2015-12-31,MNG,RURAL_WOMEN,RURAL_WOMEN,164522.0,level
2016-12-31,MNG,RURAL_WOMEN,RURAL_WOMEN,172082.5,level
2017-12-31,MNG,RURAL_WOMEN,RURAL_WOMEN,180311.0,level
2018-12-31,MNG,RURAL_WOMEN,RURAL_WOMEN,188909.5,level
2019-12-31,MNG,RURAL_WOMEN,RURAL_WOMEN,196290.5,level
2020-12-31,MNG,RURAL_WOMEN,RURAL_WOMEN,202119.0,level
2021-12-31,MNG,RURAL_WOMEN,RURAL_WOMEN,206854.0,level
2022-12-31,MNG,RURAL_WOMEN,RURAL_WOMEN,204640.5,level
2023-12-31,MNG,RURAL_WOMEN,RURAL_WOMEN,208845.5,level
2024-12-31,MNG,RURAL_WOMEN,RURAL_WOMEN,211835.0,level
2025-12-31,MNG,RURAL_WOMEN,RURAL_WOMEN,212969.5,level
1991-12-31,PVL,RURAL_WOMEN,RURAL_WOMEN,168561.0,level
1992-12-31,PVL,RURAL_WOMEN,RURAL_WOMEN,172095.0,level
1993-12-31,PVL,RURAL_WOMEN,RURAL_WOMEN,181295.0,level
1994-12-31,PVL,RURAL_WOMEN,RURAL_WOMEN,184306.5,level
1995-12-31,PVL,RURAL_WOMEN,RURAL_WOMEN,175783.0,level
1996-12-31,PVL,RURAL_WOMEN,RURAL_WOMEN,167989.0,level
1997-12-31,PVL,RURAL_WOMEN,RURAL_WOMEN,161064.0,level
1998-12-31,PVL,RURAL_WOMEN,RURAL_WOMEN,153837.0,level
1999-12-31,PVL,RURAL_WOMEN,RURAL_WOMEN,148594.5,level
2000-12-31,PVL,RURAL_WOMEN,RURAL_WOMEN,145048.0,level
2001-12-31,PVL,RURAL_WOMEN,RURAL_WOMEN,140864.5,level
2002-12-31,PVL,RURAL_WOMEN,RURAL_WOMEN,137297.0,level
2003-12-31,PVL,RURAL_WOMEN,RURAL_WOMEN,134390.5,level
2004-12-31,PVL,RURAL_WOMEN,RURAL_WOMEN,131207.5,level
2005-12-31,PVL,RURAL_WOMEN,RURAL_WOMEN,129157.0,level
2006-12-31,PVL,RURAL_WOMEN,RURAL_WOMEN,128049.5,level
2007-12-31,PVL,RURAL_WOMEN,RURAL_WOMEN,130723.0,level
2008-12-31,PVL,RURAL_WOMEN,RURAL_WOMEN,120986.0,level
2009-12-31,PVL,RURAL_WOMEN,RURAL_WOMEN,119852.0,level
2010-12-31,PVL,RURAL_WOMEN,RURAL_WOMEN,118693.5,level
2011-12-31,PVL,RURAL_WOMEN,RURAL_WOMEN,117867.5,level
2012-12-31,PVL,RURAL_WOMEN,RURAL_WOMEN,116817.5,level
2013-12-31,PVL,RURAL_WOMEN,RURAL_WOMEN,115337.0,level
2014-12-31,PVL,RURAL_WOMEN,RURAL_WOMEN,113767.5,level
2015-12-31,PVL,RURAL_WOMEN,RURAL_WOMEN,112575.5,level
2016-12-31,PVL,RURAL_WOMEN,RURAL_WOMEN,111503.0,level
2017-12-31,PVL,RURAL_WOMEN,RURAL_WOMEN,110586.5,level
2018-12-31,PVL,RURAL_WOMEN,RURAL_WOMEN,110213.0,level
2019-12-31,PVL,RURAL_WOMEN,RURAL_WOMEN,109979.5,level
2020-12-31,PVL,RURAL_WOMEN,RURAL_WOMEN,109467.0,level
2021-12-31,PVL,RURAL_WOMEN,RURAL_WOMEN,108507.0,level
2022-12-31,PVL,RURAL_WOMEN,RURAL_WOMEN,109489.5,level
2023-12-31,PVL,RURAL_WOMEN,RURAL_WOMEN,108590.0,level
2024-12-31,PVL,RURAL_WOMEN,RURAL_WOMEN,107022.0,level
2025-12-31,PVL,RURAL_WOMEN,RURAL_WOMEN,104731.0,level
1991-12-31,SKO,RURAL_WOMEN,RURAL_WOMEN,293952.5,level
1992-12-31,SKO,RURAL_WOMEN,RURAL_WOMEN,295485.5,level
1993-12-31,SKO,RURAL_WOMEN,RURAL_WOMEN,296666.0,level
1994-12-31,SKO,RURAL_WOMEN,RURAL_WOMEN,290965.0,level
1995-12-31,SKO,RURAL_WOMEN,RURAL_WOMEN,277712.0,level
1996-12-31,SKO,RURAL_WOMEN,RURAL_WOMEN,263494.0,level
1997-12-31,SKO,RURAL_WOMEN,RURAL_WOMEN,247734.0,level
1998-12-31,SKO,RURAL_WOMEN,RURAL_WOMEN,234034.0,level
1999-12-31,SKO,RURAL_WOMEN,RURAL_WOMEN,226605.0,level
2000-12-31,SKO,RURAL_WOMEN,RURAL_WOMEN,222699.0,level
2001-12-31,SKO,RURAL_WOMEN,RURAL_WOMEN,219280.5,level
2002-12-31,SKO,RURAL_WOMEN,RURAL_WOMEN,216889.0,level
2003-12-31,SKO,RURAL_WOMEN,RURAL_WOMEN,216421.5,level
2004-12-31,SKO,RURAL_WOMEN,RURAL_WOMEN,219383.0,level
2005-12-31,SKO,RURAL_WOMEN,RURAL_WOMEN,221335.0,level
2006-12-31,SKO,RURAL_WOMEN,RURAL_WOMEN,219245.0,level
2007-12-31,SKO,RURAL_WOMEN,RURAL_WOMEN,216233.0,level
2008-12-31,SKO,RURAL_WOMEN,RURAL_WOMEN,183137.0,level
2009-12-31,SKO,RURAL_WOMEN,RURAL_WOMEN,180746.0,level
2010-12-31,SKO,RURAL_WOMEN,RURAL_WOMEN,178159.0,level
2011-12-31,SKO,RURAL_WOMEN,RURAL_WOMEN,175589.5,level
2012-12-31,SKO,RURAL_WOMEN,RURAL_WOMEN,172871.5,level
2013-12-31,SKO,RURAL_WOMEN,RURAL_WOMEN,170009.5,level
2014-12-31,SKO,RURAL_WOMEN,RURAL_WOMEN,166866.0,level
2015-12-31,SKO,RURAL_WOMEN,RURAL_WOMEN,163106.5,level
2016-12-31,SKO,RURAL_WOMEN,RURAL_WOMEN,159085.5,level
2017-12-31,SKO,RURAL_WOMEN,RURAL_WOMEN,155548.0,level
2018-12-31,SKO,RURAL_WOMEN,RURAL_WOMEN,152485.0,level
2019-12-31,SKO,RURAL_WOMEN,RURAL_WOMEN,149534.5,level
2020-12-31,SKO,RURAL_WOMEN,RURAL_WOMEN,146568.5,level
2021-12-31,SKO,RURAL_WOMEN,RURAL_WOMEN,143633.0,level
2022-12-31,SKO,RURAL_WOMEN,RURAL_WOMEN,138732.0,level
2023-12-31,SKO,RURAL_WOMEN,RURAL_WOMEN,136345.0,level
2024-12-31,SKO,RURAL_WOMEN,RURAL_WOMEN,133553.0,level
2025-12-31,SKO,RURAL_WOMEN,RURAL_WOMEN,129776.0,level
2009-12-31,TRK,RURAL_WOMEN,RURAL_WOMEN,684047.5,level
2010-12-31,TRK,RURAL_WOMEN,RURAL_WOMEN,698140.0,level
2011-12-31,TRK,RURAL_WOMEN,RURAL_WOMEN,713547.5,level
2012-12-31,TRK,RURAL_WOMEN,RURAL_WOMEN,728105.0,level
2013-12-31,TRK,RURAL_WOMEN,RURAL_WOMEN,741822.0,level
2014-12-31,TRK,RURAL_WOMEN,RURAL_WOMEN,754306.0,level
2015-12-31,TRK,RURAL_WOMEN,RURAL_WOMEN,765466.0,level
2016-12-31,TRK,RURAL_WOMEN,RURAL_WOMEN,773940.0,level
2017-12-31,TRK,RURAL_WOMEN,RURAL_WOMEN,779618.5,level
2018-12-31,TRK,RURAL_WOMEN,RURAL_WOMEN,782653.5,level
2019-12-31,TRK,RURAL_WOMEN,RURAL_WOMEN,786711.0,level
2020-12-31,TRK,RURAL_WOMEN,RURAL_WOMEN,794151.0,level
2021-12-31,TRK,RURAL_WOMEN,RURAL_WOMEN,801170.0,level
2022-12-31,TRK,RURAL_WOMEN,RURAL_WOMEN,774821.5,level
2023-12-31,TRK,RURAL_WOMEN,RURAL_WOMEN,782018.5,level
2024-12-31,TRK,RURAL_WOMEN,RURAL_WOMEN,785083.0,level
2025-12-31,TRK,RURAL_WOMEN,RURAL_WOMEN,782255.0,level
2009-12-31,ULT,RURAL_WOMEN,RURAL_WOMEN,24174.0,level
2010-12-31,ULT,RURAL_WOMEN,RURAL_WOMEN,24066.0,level
2011-12-31,ULT,RURAL_WOMEN,RURAL_WOMEN,24183.0,level
2012-12-31,ULT,RURAL_WOMEN,RURAL_WOMEN,24479.0,level
2013-12-31,ULT,RURAL_WOMEN,RURAL_WOMEN,24785.0,level
2014-12-31,ULT,RURAL_WOMEN,RURAL_WOMEN,24900.0,level
2015-12-31,ULT,RURAL_WOMEN,RURAL_WOMEN,24927.5,level
2016-12-31,ULT,RURAL_WOMEN,RURAL_WOMEN,24857.0,level
2017-12-31,ULT,RURAL_WOMEN,RURAL_WOMEN,24765.5,level
2018-12-31,ULT,RURAL_WOMEN,RURAL_WOMEN,24889.5,level
2019-12-31,ULT,RURAL_WOMEN,RURAL_WOMEN,25050.0,level
2020-12-31,ULT,RURAL_WOMEN,RURAL_WOMEN,25040.5,level
2021-12-31,ULT,RURAL_WOMEN,RURAL_WOMEN,24979.0,level
2022-12-31,ULT,RURAL_WOMEN,RURAL_WOMEN,22368.0,level
2023-12-31,ULT,RURAL_WOMEN,RURAL_WOMEN,22289.0,level
2024-12-31,ULT,RURAL_WOMEN,RURAL_WOMEN,22063.5,level
2025-12-31,ULT,RURAL_WOMEN,RURAL_WOMEN,21665.0,level
1991-12-31,VKO,RURAL_WOMEN,RURAL_WOMEN,363847.0,level
1992-12-31,VKO,RURAL_WOMEN,RURAL_WOMEN,365006.0,level
1993-12-31,VKO,RURAL_WOMEN,RURAL_WOMEN,365203.5,level
1994-12-31,VKO,RURAL_WOMEN,RURAL_WOMEN,359704.5,level
1995-12-31,VKO,RURAL_WOMEN,RURAL_WOMEN,349011.5,level
1996-12-31,VKO,RURAL_WOMEN,RURAL_WOMEN,338652.0,level
1997-12-31,VKO,RURAL_WOMEN,RURAL_WOMEN,328885.5,level
1998-12-31,VKO,RURAL_WOMEN,RURAL_WOMEN,319758.5,level
1999-12-31,VKO,RURAL_WOMEN,RURAL_WOMEN,314658.0,level
2000-12-31,VKO,RURAL_WOMEN,RURAL_WOMEN,311660.5,level
2001-12-31,VKO,RURAL_WOMEN,RURAL_WOMEN,308108.0,level
2002-12-31,VKO,RURAL_WOMEN,RURAL_WOMEN,303954.0,level
2003-12-31,VKO,RURAL_WOMEN,RURAL_WOMEN,300060.5,level
2004-12-31,VKO,RURAL_WOMEN,RURAL_WOMEN,295916.5,level
2005-12-31,VKO,RURAL_WOMEN,RURAL_WOMEN,291019.0,level
2006-12-31,VKO,RURAL_WOMEN,RURAL_WOMEN,287273.0,level
2007-12-31,VKO,RURAL_WOMEN,RURAL_WOMEN,328215.0,level
2008-12-31,VKO,RURAL_WOMEN,RURAL_WOMEN,300526.0,level
2009-12-31,VKO,RURAL_WOMEN,RURAL_WOMEN,151753.0,level
2010-12-31,VKO,RURAL_WOMEN,RURAL_WOMEN,151001.0,level
2011-12-31,VKO,RURAL_WOMEN,RURAL_WOMEN,149565.0,level
2012-12-31,VKO,RURAL_WOMEN,RURAL_WOMEN,148252.5,level
2013-12-31,VKO,RURAL_WOMEN,RURAL_WOMEN,146819.0,level
2014-12-31,VKO,RURAL_WOMEN,RURAL_WOMEN,145006.0,level
2015-12-31,VKO,RURAL_WOMEN,RURAL_WOMEN,143173.0,level
2016-12-31,VKO,RURAL_WOMEN,RURAL_WOMEN,141105.5,level
2017-12-31,VKO,RURAL_WOMEN,RURAL_WOMEN,138240.0,level
2018-12-31,VKO,RURAL_WOMEN,RURAL_WOMEN,135021.5,level
2019-12-31,VKO,RURAL_WOMEN,RURAL_WOMEN,132172.0,level
2020-12-31,VKO,RURAL_WOMEN,RURAL_WOMEN,129673.0,level
2021-12-31,VKO,RURAL_WOMEN,RURAL_WOMEN,127364.0,level
2022-12-31,VKO,RURAL_WOMEN,RURAL_WOMEN,123821.0,level
2023-12-31,VKO,RURAL_WOMEN,RURAL_WOMEN,121929.0,level
2024-12-31,VKO,RURAL_WOMEN,RURAL_WOMEN,119655.5,level
2025-12-31,VKO,RURAL_WOMEN,RURAL_WOMEN,116861.5,level
1991-12-31,YKO,RURAL_WOMEN,RURAL_WOMEN,561642.0,level
1992-12-31,YKO,RURAL_WOMEN,RURAL_WOMEN,570196.0,level
1993-12-31,YKO,RURAL_WOMEN,RURAL_WOMEN,579782.0,level
1994-12-31,YKO,RURAL_WOMEN,RURAL_WOMEN,588118.5,level
1995-12-31,YKO,RURAL_WOMEN,RURAL_WOMEN,595846.5,level
1996-12-31,YKO,RURAL_WOMEN,RURAL_WOMEN,604060.5,level
1997-12-31,YKO,RURAL_WOMEN,RURAL_WOMEN,609396.0,level
1998-12-31,YKO,RURAL_WOMEN,RURAL_WOMEN,604845.5,level
1999-12-31,YKO,RURAL_WOMEN,RURAL_WOMEN,602395.0,level
2000-12-31,YKO,RURAL_WOMEN,RURAL_WOMEN,606910.5,level
2001-12-31,YKO,RURAL_WOMEN,RURAL_WOMEN,610410.0,level
2002-12-31,YKO,RURAL_WOMEN,RURAL_WOMEN,619167.0,level
2003-12-31,YKO,RURAL_WOMEN,RURAL_WOMEN,631990.0,level
2004-12-31,YKO,RURAL_WOMEN,RURAL_WOMEN,645928.0,level
2005-12-31,YKO,RURAL_WOMEN,RURAL_WOMEN,660566.5,level
2006-12-31,YKO,RURAL_WOMEN,RURAL_WOMEN,675928.0,level
2007-12-31,YKO,RURAL_WOMEN,RURAL_WOMEN,710096.0,level
2008-12-31,YKO,RURAL_WOMEN,RURAL_WOMEN,742911.0,level
1991-12-31,ZHM,RURAL_WOMEN,RURAL_WOMEN,271642.0,level
1992-12-31,ZHM,RURAL_WOMEN,RURAL_WOMEN,269939.0,level
1993-12-31,ZHM,RURAL_WOMEN,RURAL_WOMEN,269355.5,level
1994-12-31,ZHM,RURAL_WOMEN,RURAL_WOMEN,269847.0,level
1995-12-31,ZHM,RURAL_WOMEN,RURAL_WOMEN,268720.0,level
1996-12-31,ZHM,RURAL_WOMEN,RURAL_WOMEN,266924.5,level
1997-12-31,ZHM,RURAL_WOMEN,RURAL_WOMEN,265908.0,level
1998-12-31,ZHM,RURAL_WOMEN,RURAL_WOMEN,266632.5,level
1999-12-31,ZHM,RURAL_WOMEN,RURAL_WOMEN,268253.5,level
2000-12-31,ZHM,RURAL_WOMEN,RURAL_WOMEN,268810.5,level
2001-12-31,ZHM,RURAL_WOMEN,RURAL_WOMEN,269201.0,level
2002-12-31,ZHM,RURAL_WOMEN,RURAL_WOMEN,269394.0,level
2003-12-31,ZHM,RURAL_WOMEN,RURAL_WOMEN,270036.0,level
2004-12-31,ZHM,RURAL_WOMEN,RURAL_WOMEN,270917.5,level
2005-12-31,ZHM,RURAL_WOMEN,RURAL_WOMEN,272464.5,level
2006-12-31,ZHM,RURAL_WOMEN,RURAL_WOMEN,275141.5,level
2007-12-31,ZHM,RURAL_WOMEN,RURAL_WOMEN,293926.0,level
2008-12-31,ZHM,RURAL_WOMEN,RURAL_WOMEN,304169.0,level
2009-12-31,ZHM,RURAL_WOMEN,RURAL_WOMEN,305400.5,level
2010-12-31,ZHM,RURAL_WOMEN,RURAL_WOMEN,309399.0,level
2011-12-31,ZHM,RURAL_WOMEN,RURAL_WOMEN,313780.5,level
2012-12-31,ZHM,RURAL_WOMEN,RURAL_WOMEN,317958.0,level
2013-12-31,ZHM,RURAL_WOMEN,RURAL_WOMEN,321062.0,level
2014-12-31,ZHM,RURAL_WOMEN,RURAL_WOMEN,324069.0,level
2015-12-31,ZHM,RURAL_WOMEN,RURAL_WOMEN,327087.0,level
2016-12-31,ZHM,RURAL_WOMEN,RURAL_WOMEN,329546.5,level
2017-12-31,ZHM,RURAL_WOMEN,RURAL_WOMEN,332384.5,level
2018-12-31,ZHM,RURAL_WOMEN,RURAL_WOMEN,334961.0,level
2019-12-31,ZHM,RURAL_WOMEN,RURAL_WOMEN,336584.0,level
2020-12-31,ZHM,RURAL_WOMEN,RURAL_WOMEN,337484.5,level
2021-12-31,ZHM,RURAL_WOMEN,RURAL_WOMEN,338466.0,level
2022-12-31,ZHM,RURAL_WOMEN,RURAL_WOMEN,340188.0,level
2023-12-31,ZHM,RURAL_WOMEN,RURAL_WOMEN,340500.5,level
2024-12-31,ZHM,RURAL_WOMEN,RURAL_WOMEN,338901.0,level
2025-12-31,ZHM,RURAL_WOMEN,RURAL_WOMEN,311283.5,level
2009-12-31,ZHT,RURAL_WOMEN,RURAL_WOMEN,187414.0,level
2010-12-31,ZHT,RURAL_WOMEN,RURAL_WOMEN,188770.0,level
2011-12-31,ZHT,RURAL_WOMEN,RURAL_WOMEN,189655.0,level
2012-12-31,ZHT,RURAL_WOMEN,RURAL_WOMEN,190267.5,level
2013-12-31,ZHT,RURAL_WOMEN,RURAL_WOMEN,191418.0,level
2014-12-31,ZHT,RURAL_WOMEN,RURAL_WOMEN,192636.5,level
2015-12-31,ZHT,RURAL_WOMEN,RURAL_WOMEN,193210.5,level
2016-12-31,ZHT,RURAL_WOMEN,RURAL_WOMEN,193176.5,level
2017-12-31,ZHT,RURAL_WOMEN,RURAL_WOMEN,193635.5,level
2018-12-31,ZHT,RURAL_WOMEN,RURAL_WOMEN,194553.5,level
2019-12-31,ZHT,RURAL_WOMEN,RURAL_WOMEN,194481.0,level
2020-12-31,ZHT,RURAL_WOMEN,RURAL_WOMEN,193692.5,level
2021-12-31,ZHT,RURAL_WOMEN,RURAL_WOMEN,193316.0,level
2022-12-31,ZHT,RURAL_WOMEN,RURAL_WOMEN,191937.0,level
2023-12-31,ZHT,RURAL_WOMEN,RURAL_WOMEN,191103.5,level
2024-12-31,ZHT,RURAL_WOMEN,RURAL_WOMEN,189580.0,level
2025-12-31,ZHT,RURAL_WOMEN,RURAL_WOMEN,184290.0,level
1991-12-31,ZKO,RURAL_WOMEN,RURAL_WOMEN,191436.5,level
1992-12-31,ZKO,RURAL_WOMEN,RURAL_WOMEN,196775.5,level
1993-12-31,ZKO,RURAL_WOMEN,RURAL_WOMEN,197676.0,level
1994-12-31,ZKO,RURAL_WOMEN,RURAL_WOMEN,196909.0,level
1995-12-31,ZKO,RURAL_WOMEN,RURAL_WOMEN,194897.0,level
1996-12-31,ZKO,RURAL_WOMEN,RURAL_WOMEN,192189.0,level
1997-12-31,ZKO,RURAL_WOMEN,RURAL_WOMEN,188453.5,level
1998-12-31,ZKO,RURAL_WOMEN,RURAL_WOMEN,184603.5,level
1999-12-31,ZKO,RURAL_WOMEN,RURAL_WOMEN,181870.0,level
2000-12-31,ZKO,RURAL_WOMEN,RURAL_WOMEN,179522.0,level
2001-12-31,ZKO,RURAL_WOMEN,RURAL_WOMEN,177006.5,level
2002-12-31,ZKO,RURAL_WOMEN,RURAL_WOMEN,174868.0,level
2003-12-31,ZKO,RURAL_WOMEN,RURAL_WOMEN,173290.0,level
2004-12-31,ZKO,RURAL_WOMEN,RURAL_WOMEN,172586.0,level
2005-12-31,ZKO,RURAL_WOMEN,RURAL_WOMEN,171811.0,level
2006-12-31,ZKO,RURAL_WOMEN,RURAL_WOMEN,171648.5,level
2007-12-31,ZKO,RURAL_WOMEN,RURAL_WOMEN,171644.0,level
2008-12-31,ZKO,RURAL_WOMEN,RURAL_WOMEN,161269.0,level
2009-12-31,ZKO,RURAL_WOMEN,RURAL_WOMEN,161690.0,level
2010-12-31,ZKO,RURAL_WOMEN,RURAL_WOMEN,160691.0,level
2011-12-31,ZKO,RURAL_WOMEN,RURAL_WOMEN,159021.5,level
2012-12-31,ZKO,RURAL_WOMEN,RURAL_WOMEN,157680.0,level
2013-12-31,ZKO,RURAL_WOMEN,RURAL_WOMEN,157371.5,level
2014-12-31,ZKO,RURAL_WOMEN,RURAL_WOMEN,157545.0,level
2015-12-31,ZKO,RURAL_WOMEN,RURAL_WOMEN,158011.5,level
2016-12-31,ZKO,RURAL_WOMEN,RURAL_WOMEN,157539.0,level
2017-12-31,ZKO,RURAL_WOMEN,RURAL_WOMEN,155799.5,level
2018-12-31,ZKO,RURAL_WOMEN,RURAL_WOMEN,154664.0,level
2019-12-31,ZKO,RURAL_WOMEN,RURAL_WOMEN,154308.0,level
2020-12-31,ZKO,RURAL_WOMEN,RURAL_WOMEN,154204.5,level
2021-12-31,ZKO,RURAL_WOMEN,RURAL_WOMEN,154346.0,level
2022-12-31,ZKO,RURAL_WOMEN,RURAL_WOMEN,148779.5,level
2023-12-31,ZKO,RURAL_WOMEN,RURAL_WOMEN,148642.5,level
2024-12-31,ZKO,RURAL_WOMEN,RURAL_WOMEN,147446.5,level
2025-12-31,ZKO,RURAL_WOMEN,RURAL_WOMEN,145346.0,level
1991-12-31,national,RURAL_WOMEN,RURAL_WOMEN,3530617.5,level
1992-12-31,national,RURAL_WOMEN,RURAL_WOMEN,3550985.0,level
1993-12-31,national,RURAL_WOMEN,RURAL_WOMEN,3579503.0,level
1994-12-31,national,RURAL_WOMEN,RURAL_WOMEN,3573977.5,level
1995-12-31,national,RURAL_WOMEN,RURAL_WOMEN,3514326.0,level
1996-12-31,national,RURAL_WOMEN,RURAL_WOMEN,3454737.5,level
1997-12-31,national,RURAL_WOMEN,RURAL_WOMEN,3387784.5,level
1998-12-31,national,RURAL_WOMEN,RURAL_WOMEN,3311178.0,level
1999-12-31,national,RURAL_WOMEN,RURAL_WOMEN,3265738.0,level
2000-12-31,national,RURAL_WOMEN,RURAL_WOMEN,3243526.5,level
2001-12-31,national,RURAL_WOMEN,RURAL_WOMEN,3222740.5,level
2002-12-31,national,RURAL_WOMEN,RURAL_WOMEN,3211539.0,level
2003-12-31,national,RURAL_WOMEN,RURAL_WOMEN,3213258.5,level
2004-12-31,national,RURAL_WOMEN,RURAL_WOMEN,3223776.5,level
2005-12-31,national,RURAL_WOMEN,RURAL_WOMEN,3244683.5,level
2006-12-31,national,RURAL_WOMEN,RURAL_WOMEN,3270740.0,level
2007-12-31,national,RURAL_WOMEN,RURAL_WOMEN,3653807.0,level
2008-12-31,national,RURAL_WOMEN,RURAL_WOMEN,3676617.0,level
2009-12-31,national,RURAL_WOMEN,RURAL_WOMEN,3535435.5,level
2010-12-31,national,RURAL_WOMEN,RURAL_WOMEN,3564742.5,level
2011-12-31,national,RURAL_WOMEN,RURAL_WOMEN,3597014.0,level
2012-12-31,national,RURAL_WOMEN,RURAL_WOMEN,3630202.0,level
2013-12-31,national,RURAL_WOMEN,RURAL_WOMEN,3664212.5,level
2014-12-31,national,RURAL_WOMEN,RURAL_WOMEN,3693635.5,level
2015-12-31,national,RURAL_WOMEN,RURAL_WOMEN,3717728.5,level
2016-12-31,national,RURAL_WOMEN,RURAL_WOMEN,3733876.5,level
2017-12-31,national,RURAL_WOMEN,RURAL_WOMEN,3749489.0,level
2018-12-31,national,RURAL_WOMEN,RURAL_WOMEN,3768907.5,level
2019-12-31,national,RURAL_WOMEN,RURAL_WOMEN,3785857.0,level
2020-12-31,national,RURAL_WOMEN,RURAL_WOMEN,3799853.5,level
2021-12-31,national,RURAL_WOMEN,RURAL_WOMEN,3812411.0,level
2022-12-31,national,RURAL_WOMEN,RURAL_WOMEN,3689452.5,level
2023-12-31,national,RURAL_WOMEN,RURAL_WOMEN,3700077.0,level
2024-12-31,national,RURAL_WOMEN,RURAL_WOMEN,3695837.0,level
2025-12-31,national,RURAL_WOMEN,RURAL_WOMEN,3647787.5,level
2009-12-31,ABY,URBAN,URBAN,360168.5,level
2010-12-31,ABY,URBAN,URBAN,362798.5,level
2011-12-31,ABY,URBAN,URBAN,365188.0,level
2012-12-31,ABY,URBAN,URBAN,368308.0,level
2013-12-31,ABY,URBAN,URBAN,371487.0,level
2014-12-31,ABY,URBAN,URBAN,373873.5,level
2015-12-31,ABY,URBAN,URBAN,377446.0,level
2016-12-31,ABY,URBAN,URBAN,380223.0,level
2017-12-31,ABY,URBAN,URBAN,381970.5,level
2018-12-31,ABY,URBAN,URBAN,384100.5,level
2019-12-31,ABY,URBAN,URBAN,385091.5,level
2020-12-31,ABY,URBAN,URBAN,385610.0,level
2021-12-31,ABY,URBAN,URBAN,386398.0,level
2022-12-31,ABY,URBAN,URBAN,369655.0,level
2023-12-31,ABY,URBAN,URBAN,371651.0,level
2024-12-31,ABY,URBAN,URBAN,373392.5,level
2025-12-31,ABY,URBAN,URBAN,374364.5,level
1991-12-31,AKM,URBAN,URBAN,508798.5,level
1992-12-31,AKM,URBAN,URBAN,504360.5,level
1993-12-31,AKM,URBAN,URBAN,492960.0,level
1994-12-31,AKM,URBAN,URBAN,472351.0,level
1995-12-31,AKM,URBAN,URBAN,449203.5,level
1996-12-31,AKM,URBAN,URBAN,433972.0,level
1997-12-31,AKM,URBAN,URBAN,412103.0,level
1998-12-31,AKM,URBAN,URBAN,388844.5,level
1999-12-31,AKM,URBAN,URBAN,374169.0,level
2000-12-31,AKM,URBAN,URBAN,362771.5,level
2001-12-31,AKM,URBAN,URBAN,352907.0,level
2002-12-31,AKM,URBAN,URBAN,347130.5,level
2003-12-31,AKM,URBAN,URBAN,347729.5,level
2004-12-31,AKM,URBAN,URBAN,350678.5,level
2005-12-31,AKM,URBAN,URBAN,353392.0,level
2006-12-31,AKM,URBAN,URBAN,356425.0,level
2007-12-31,AKM,URBAN,URBAN,332419.0,level
2008-12-31,AKM,URBAN,URBAN,342188.0,level
2009-12-31,AKM,URBAN,URBAN,346943.0,level
2010-12-31,AKM,URBAN,URBAN,347140.0,level
2011-12-31,AKM,URBAN,URBAN,347025.0,level
2012-12-31,AKM,URBAN,URBAN,348200.5,level
2013-12-31,AKM,URBAN,URBAN,351234.5,level
2014-12-31,AKM,URBAN,URBAN,353910.5,level
2015-12-31,AKM,URBAN,URBAN,357637.0,level
2016-12-31,AKM,URBAN,URBAN,359128.5,level
2017-12-31,AKM,URBAN,URBAN,359247.5,level
2018-12-31,AKM,URBAN,URBAN,360673.0,level
2019-12-31,AKM,URBAN,URBAN,361787.5,level
2020-12-31,AKM,URBAN,URBAN,364238.5,level
2021-12-31,AKM,URBAN,URBAN,366919.0,level
2022-12-31,AKM,URBAN,URBAN,440102.0,level
2023-12-31,AKM,URBAN,URBAN,443856.0,level
2024-12-31,AKM,URBAN,URBAN,447993.0,level
2025-12-31,AKM,URBAN,URBAN,453524.5,level
1991-12-31,AKT,URBAN,URBAN,409807.0,level
1992-12-31,AKT,URBAN,URBAN,407831.0,level
1993-12-31,AKT,URBAN,URBAN,404701.5,level
1994-12-31,AKT,URBAN,URBAN,399883.0,level
1995-12-31,AKT,URBAN,URBAN,394706.5,level
1996-12-31,AKT,URBAN,URBAN,393156.0,level
1997-12-31,AKT,URBAN,URBAN,390876.0,level
1998-12-31,AKT,URBAN,URBAN,383485.0,level
1999-12-31,AKT,URBAN,URBAN,375484.0,level
2000-12-31,AKT,URBAN,URBAN,370673.5,level
2001-12-31,AKT,URBAN,URBAN,365739.0,level
2002-12-31,AKT,URBAN,URBAN,364316.0,level
2003-12-31,AKT,URBAN,URBAN,367242.5,level
2004-12-31,AKT,URBAN,URBAN,371992.0,level
2005-12-31,AKT,URBAN,URBAN,377601.0,level
2006-12-31,AKT,URBAN,URBAN,383568.5,level
2007-12-31,AKT,URBAN,URBAN,375269.0,level
2008-12-31,AKT,URBAN,URBAN,460251.0,level
2009-12-31,AKT,URBAN,URBAN,508881.0,level
2010-12-31,AKT,URBAN,URBAN,518698.0,level
2011-12-31,AKT,URBAN,URBAN,529422.0,level
2012-12-31,AKT,URBAN,URBAN,536469.0,level
2013-12-31,AKT,URBAN,URBAN,544326.5,level
2014-12-31,AKT,URBAN,URBAN,555450.5,level
2015-12-31,AKT,URBAN,URBAN,567782.5,level
2016-12-31,AKT,URBAN,URBAN,579688.0,level
2017-12-31,AKT,URBAN,URBAN,593856.0,level
2018-12-31,AKT,URBAN,URBAN,608141.5,level
2019-12-31,AKT,URBAN,URBAN,621097.0,level
2020-12-31,AKT,URBAN,URBAN,634338.0,level
2021-12-31,AKT,URBAN,URBAN,646410.0,level
2022-12-31,AKT,URBAN,URBAN,686801.0,level
2023-12-31,AKT,URBAN,URBAN,698068.5,level
2024-12-31,AKT,URBAN,URBAN,710646.0,level
2025-12-31,AKT,URBAN,URBAN,723495.5,level
1991-12-31,ALA,URBAN,URBAN,1126552.5,level
1992-12-31,ALA,URBAN,URBAN,1134310.0,level
1993-12-31,ALA,URBAN,URBAN,1130012.0,level
1994-12-31,ALA,URBAN,URBAN,1120256.5,level
1995-12-31,ALA,URBAN,URBAN,1113238.5,level
1996-12-31,ALA,URBAN,URBAN,1114730.0,level
1997-12-31,ALA,URBAN,URBAN,1118902.5,level
1998-12-31,ALA,URBAN,URBAN,1124540.0,level
1999-12-31,ALA,URBAN,URBAN,1129714.0,level
2000-12-31,ALA,URBAN,URBAN,1129599.0,level
2001-12-31,ALA,URBAN,URBAN,1130591.5,level
2002-12-31,ALA,URBAN,URBAN,1141032.5,level
2003-12-31,ALA,URBAN,URBAN,1162424.5,level
2004-12-31,ALA,URBAN,URBAN,1192346.5,level
2005-12-31,ALA,URBAN,URBAN,1228690.5,level
2006-12-31,ALA,URBAN,URBAN,1267571.0,level
2007-12-31,ALA,URBAN,URBAN,1305993.0,level
2008-12-31,ALA,URBAN,URBAN,1361877.0,level
2009-12-31,ALA,URBAN,URBAN,1462853.0,level
2010-12-31,ALA,URBAN,URBAN,1490695.0,level
2011-12-31,ALA,URBAN,URBAN,1522575.0,level
2012-12-31,ALA,URBAN,URBAN,1556463.0,level
2013-12-31,ALA,URBAN,URBAN,1588241.5,level
2014-12-31,ALA,URBAN,URBAN,1625840.5,level
2015-12-31,ALA,URBAN,URBAN,1676791.5,level
2016-12-31,ALA,URBAN,URBAN,1731687.0,level
2017-12-31,ALA,URBAN,URBAN,1781272.0,level
2018-12-31,ALA,URBAN,URBAN,1832948.5,level
2019-12-31,ALA,URBAN,URBAN,1890393.5,level
2020-12-31,ALA,URBAN,URBAN,1951745.5,level
2021-12-31,ALA,URBAN,URBAN,2005788.0,level
2022-12-31,ALA,URBAN,URBAN,2131693.0,level
2023-12-31,ALA,URBAN,URBAN,2195288.0,level
2024-12-31,ALA,URBAN,URBAN,2260365.0,level
2025-12-31,ALA,URBAN,URBAN,2320079.0,level
1991-12-31,ALM,URBAN,URBAN,548080.0,level
1992-12-31,ALM,URBAN,URBAN,541431.5,level
1993-12-31,ALM,URBAN,URBAN,535071.5,level
1994-12-31,ALM,URBAN,URBAN,521120.0,level
1995-12-31,ALM,URBAN,URBAN,501364.0,level
1996-12-31,ALM,URBAN,URBAN,490270.5,level
1997-12-31,ALM,URBAN,URBAN,480510.5,level
1998-12-31,ALM,URBAN,URBAN,469840.0,level
1999-12-31,ALM,URBAN,URBAN,463703.5,level
2000-12-31,ALM,URBAN,URBAN,460535.0,level
2001-12-31,ALM,URBAN,URBAN,457392.5,level
2002-12-31,ALM,URBAN,URBAN,457791.0,level
2003-12-31,ALM,URBAN,URBAN,461933.5,level
2004-12-31,ALM,URBAN,URBAN,469352.0,level
2005-12-31,ALM,URBAN,URBAN,476955.5,level
2006-12-31,ALM,URBAN,URBAN,484067.5,level
2007-12-31,ALM,URBAN,URBAN,378851.0,level
2008-12-31,ALM,URBAN,URBAN,424687.0,level
2009-12-31,ALM,URBAN,URBAN,179727.0,level
2010-12-31,ALM,URBAN,URBAN,183282.5,level
2011-12-31,ALM,URBAN,URBAN,186434.5,level
2012-12-31,ALM,URBAN,URBAN,189499.5,level
2013-12-31,ALM,URBAN,URBAN,192677.5,level
2014-12-31,ALM,URBAN,URBAN,195900.5,level
2015-12-31,ALM,URBAN,URBAN,198521.5,level
2016-12-31,ALM,URBAN,URBAN,200405.0,level
2017-12-31,ALM,URBAN,URBAN,197197.0,level
2018-12-31,ALM,URBAN,URBAN,190565.0,level
2019-12-31,ALM,URBAN,URBAN,185232.5,level
2020-12-31,ALM,URBAN,URBAN,182945.0,level
2021-12-31,ALM,URBAN,URBAN,184736.0,level
2022-12-31,ALM,URBAN,URBAN,293189.0,level
2023-12-31,ALM,URBAN,URBAN,297541.0,level
2024-12-31,ALM,URBAN,URBAN,301378.5,level
2025-12-31,ALM,URBAN,URBAN,305863.5,level
1991-12-31,AST,URBAN,URBAN,296231.0,level
1992-12-31,AST,URBAN,URBAN,295421.5,level
1993-12-31,AST,URBAN,URBAN,293364.0,level
1994-12-31,AST,URBAN,URBAN,293855.5,level
1995-12-31,AST,URBAN,URBAN,291435.0,level
1996-12-31,AST,URBAN,URBAN,288458.0,level
1997-12-31,AST,URBAN,URBAN,293853.0,level
1998-12-31,AST,URBAN,URBAN,313722.0,level
1999-12-31,AST,URBAN,URBAN,353964.5,level
2000-12-31,AST,URBAN,URBAN,410599.5,level
2001-12-31,AST,URBAN,URBAN,466635.5,level
2002-12-31,AST,URBAN,URBAN,497530.0,level
2003-12-31,AST,URBAN,URBAN,506265.5,level
2004-12-31,AST,URBAN,URBAN,519934.0,level
2005-12-31,AST,URBAN,URBAN,539886.5,level
2006-12-31,AST,URBAN,URBAN,562443.0,level
2007-12-31,AST,URBAN,URBAN,588567.0,level
2008-12-31,AST,URBAN,URBAN,605254.0,level
2009-12-31,AST,URBAN,URBAN,633526.0,level
2010-12-31,AST,URBAN,URBAN,679480.5,level
2011-12-31,AST,URBAN,URBAN,726338.5,level
2012-12-31,AST,URBAN,URBAN,766831.0,level
2013-12-31,AST,URBAN,URBAN,802607.5,level
2014-12-31,AST,URBAN,URBAN,839937.0,level
2015-12-31,AST,URBAN,URBAN,869021.0,level
2016-12-31,AST,URBAN,URBAN,928965.0,level
2017-12-31,AST,URBAN,URBAN,1007961.0,level
2018-12-31,AST,URBAN,URBAN,1060808.5,level
2019-12-31,AST,URBAN,URBAN,1113591.0,level
2020-12-31,AST,URBAN,URBAN,1166590.5,level
2021-12-31,AST,URBAN,URBAN,1218389.0,level
2022-12-31,AST,URBAN,URBAN,1325135.0,level
2023-12-31,AST,URBAN,URBAN,1392332.0,level
2024-12-31,AST,URBAN,URBAN,1479404.0,level
2025-12-31,AST,URBAN,URBAN,1583939.5,level
1991-12-31,ATY,URBAN,URBAN,258279.0,level
1992-12-31,ATY,URBAN,URBAN,260223.5,level
1993-12-31,ATY,URBAN,URBAN,257272.5,level
1994-12-31,ATY,URBAN,URBAN,254235.5,level
1995-12-31,ATY,URBAN,URBAN,253449.5,level
1996-12-31,ATY,URBAN,URBAN,253540.5,level
1997-12-31,ATY,URBAN,URBAN,254440.0,level
1998-12-31,ATY,URBAN,URBAN,255286.5,level
1999-12-31,ATY,URBAN,URBAN,256003.5,level
2000-12-31,ATY,URBAN,URBAN,257307.5,level
2001-12-31,ATY,URBAN,URBAN,259672.5,level
2002-12-31,ATY,URBAN,URBAN,262318.0,level
2003-12-31,ATY,URBAN,URBAN,262332.0,level
2004-12-31,ATY,URBAN,URBAN,261400.0,level
2005-12-31,ATY,URBAN,URBAN,265385.0,level
2006-12-31,ATY,URBAN,URBAN,271841.0,level
2007-12-31,ATY,URBAN,URBAN,231527.0,level
2008-12-31,ATY,URBAN,URBAN,239034.0,level
2009-12-31,ATY,URBAN,URBAN,269008.0,level
2010-12-31,ATY,URBAN,URBAN,277380.5,level
2011-12-31,ATY,URBAN,URBAN,284942.0,level
2012-12-31,ATY,URBAN,URBAN,292694.5,level
2013-12-31,ATY,URBAN,URBAN,301034.0,level
2014-12-31,ATY,URBAN,URBAN,310358.5,level
2015-12-31,ATY,URBAN,URBAN,320656.0,level
2016-12-31,ATY,URBAN,URBAN,331054.5,level
2017-12-31,ATY,URBAN,URBAN,340480.5,level
2018-12-31,ATY,URBAN,URBAN,347765.5,level
2019-12-31,ATY,URBAN,URBAN,353081.5,level
2020-12-31,ATY,URBAN,URBAN,358123.0,level
2021-12-31,ATY,URBAN,URBAN,363513.0,level
2022-12-31,ATY,URBAN,URBAN,379257.5,level
2023-12-31,ATY,URBAN,URBAN,386165.5,level
2024-12-31,ATY,URBAN,URBAN,390402.0,level
2025-12-31,ATY,URBAN,URBAN,391963.5,level
1991-12-31,KRG,URBAN,URBAN,1400422.5,level
1992-12-31,KRG,URBAN,URBAN,1389231.0,level
1993-12-31,KRG,URBAN,URBAN,1369168.5,level
1994-12-31,KRG,URBAN,URBAN,1328655.0,level
1995-12-31,KRG,URBAN,URBAN,1283219.0,level
1996-12-31,KRG,URBAN,URBAN,1248229.0,level
1997-12-31,KRG,URBAN,URBAN,1216333.5,level
1998-12-31,KRG,URBAN,URBAN,1179369.0,level
1999-12-31,KRG,URBAN,URBAN,1151134.5,level
2000-12-31,KRG,URBAN,URBAN,1133883.0,level
2001-12-31,KRG,URBAN,URBAN,1117698.0,level
2002-12-31,KRG,URBAN,URBAN,1108678.0,level
2003-12-31,KRG,URBAN,URBAN,1107687.0,level
2004-12-31,KRG,URBAN,URBAN,1112741.0,level
2005-12-31,KRG,URBAN,URBAN,1120790.0,level
2006-12-31,KRG,URBAN,URBAN,1129373.0,level
2007-12-31,KRG,URBAN,URBAN,1038435.0,level
2008-12-31,KRG,URBAN,URBAN,1039005.0,level
2009-12-31,KRG,URBAN,URBAN,870157.0,level
2010-12-31,KRG,URBAN,URBAN,878236.0,level
2011-12-31,KRG,URBAN,URBAN,885946.0,level
2012-12-31,KRG,URBAN,URBAN,892680.0,level
2013-12-31,KRG,URBAN,URBAN,899936.5,level
2014-12-31,KRG,URBAN,URBAN,909533.5,level
2015-12-31,KRG,URBAN,URBAN,918556.5,level
2016-12-31,KRG,URBAN,URBAN,923596.5,level
2017-12-31,KRG,URBAN,URBAN,925091.0,level
2018-12-31,KRG,URBAN,URBAN,924133.0,level
2019-12-31,KRG,URBAN,URBAN,922949.0,level
2020-12-31,KRG,URBAN,URBAN,923864.5,level
2021-12-31,KRG,URBAN,URBAN,924257.0,level
2022-12-31,KRG,URBAN,URBAN,921476.5,level
2023-12-31,KRG,URBAN,URBAN,924569.0,level
2024-12-31,KRG,URBAN,URBAN,928096.5,level
2025-12-31,KRG,URBAN,URBAN,931547.5,level
1991-12-31,KST,URBAN,URBAN,647187.0,level
1992-12-31,KST,URBAN,URBAN,649673.0,level
1993-12-31,KST,URBAN,URBAN,642508.5,level
1994-12-31,KST,URBAN,URBAN,626058.5,level
1995-12-31,KST,URBAN,URBAN,608905.0,level
1996-12-31,KST,URBAN,URBAN,597653.5,level
1997-12-31,KST,URBAN,URBAN,585935.5,level
1998-12-31,KST,URBAN,URBAN,564753.0,level
1999-12-31,KST,URBAN,URBAN,541600.0,level
2000-12-31,KST,URBAN,URBAN,522770.5,level
2001-12-31,KST,URBAN,URBAN,507116.5,level
2002-12-31,KST,URBAN,URBAN,498051.0,level
2003-12-31,KST,URBAN,URBAN,495288.0,level
2004-12-31,KST,URBAN,URBAN,496968.0,level
2005-12-31,KST,URBAN,URBAN,489478.5,level
2006-12-31,KST,URBAN,URBAN,481934.0,level
2007-12-31,KST,URBAN,URBAN,430421.0,level
2008-12-31,KST,URBAN,URBAN,439558.0,level
2009-12-31,KST,URBAN,URBAN,463617.5,level
2010-12-31,KST,URBAN,URBAN,465758.5,level
2011-12-31,KST,URBAN,URBAN,468613.5,level
2012-12-31,KST,URBAN,URBAN,472613.5,level
2013-12-31,KST,URBAN,URBAN,477114.5,level
2014-12-31,KST,URBAN,URBAN,482224.0,level
2015-12-31,KST,URBAN,URBAN,488585.5,level
2016-12-31,KST,URBAN,URBAN,492740.5,level
2017-12-31,KST,URBAN,URBAN,495515.0,level
2018-12-31,KST,URBAN,URBAN,499007.5,level
2019-12-31,KST,URBAN,URBAN,502051.5,level
2020-12-31,KST,URBAN,URBAN,504374.0,level
2021-12-31,KST,URBAN,URBAN,505002.0,level
2022-12-31,KST,URBAN,URBAN,514242.5,level
2023-12-31,KST,URBAN,URBAN,516477.5,level
2024-12-31,KST,URBAN,URBAN,519358.0,level
2025-12-31,KST,URBAN,URBAN,522694.5,level
1991-12-31,KZL,URBAN,URBAN,356749.5,level
1992-12-31,KZL,URBAN,URBAN,363537.5,level
1993-12-31,KZL,URBAN,URBAN,365778.0,level
1994-12-31,KZL,URBAN,URBAN,362774.0,level
1995-12-31,KZL,URBAN,URBAN,358946.0,level
1996-12-31,KZL,URBAN,URBAN,356937.5,level
1997-12-31,KZL,URBAN,URBAN,358220.5,level
1998-12-31,KZL,URBAN,URBAN,359884.0,level
1999-12-31,KZL,URBAN,URBAN,361120.0,level
2000-12-31,KZL,URBAN,URBAN,360920.0,level
2001-12-31,KZL,URBAN,URBAN,359872.0,level
2002-12-31,KZL,URBAN,URBAN,359984.5,level
2003-12-31,KZL,URBAN,URBAN,361425.0,level
2004-12-31,KZL,URBAN,URBAN,363285.5,level
2005-12-31,KZL,URBAN,URBAN,366183.0,level
2006-12-31,KZL,URBAN,URBAN,370107.5,level
2007-12-31,KZL,URBAN,URBAN,221699.0,level
2008-12-31,KZL,URBAN,URBAN,283971.0,level
2009-12-31,KZL,URBAN,URBAN,286845.5,level
2010-12-31,KZL,URBAN,URBAN,292731.5,level
2011-12-31,KZL,URBAN,URBAN,298529.0,level
2012-12-31,KZL,URBAN,URBAN,305625.5,level
2013-12-31,KZL,URBAN,URBAN,312940.5,level
2014-12-31,KZL,URBAN,URBAN,320458.0,level
2015-12-31,KZL,URBAN,URBAN,328936.5,level
2016-12-31,KZL,URBAN,URBAN,336854.0,level
2017-12-31,KZL,URBAN,URBAN,343092.0,level
2018-12-31,KZL,URBAN,URBAN,348684.0,level
2019-12-31,KZL,URBAN,URBAN,354655.5,level
2020-12-31,KZL,URBAN,URBAN,361117.5,level
2021-12-31,KZL,URBAN,URBAN,368136.0,level
2022-12-31,KZL,URBAN,URBAN,388385.5,level
2023-12-31,KZL,URBAN,URBAN,393185.0,level
2024-12-31,KZL,URBAN,URBAN,396749.5,level
2025-12-31,KZL,URBAN,URBAN,398863.5,level
1991-12-31,MNG,URBAN,URBAN,300696.5,level
1992-12-31,MNG,URBAN,URBAN,302106.5,level
1993-12-31,MNG,URBAN,URBAN,279569.0,level
1994-12-31,MNG,URBAN,URBAN,248355.0,level
1995-12-31,MNG,URBAN,URBAN,239213.5,level
1996-12-31,MNG,URBAN,URBAN,241852.5,level
1997-12-31,MNG,URBAN,URBAN,246032.5,level
1998-12-31,MNG,URBAN,URBAN,247338.5,level
1999-12-31,MNG,URBAN,URBAN,246591.0,level
2000-12-31,MNG,URBAN,URBAN,248880.5,level
2001-12-31,MNG,URBAN,URBAN,251614.0,level
2002-12-31,MNG,URBAN,URBAN,256516.0,level
2003-12-31,MNG,URBAN,URBAN,263217.5,level
2004-12-31,MNG,URBAN,URBAN,270194.5,level
2005-12-31,MNG,URBAN,URBAN,268820.0,level
2006-12-31,MNG,URBAN,URBAN,266070.0,level
2007-12-31,MNG,URBAN,URBAN,231283.0,level
2008-12-31,MNG,URBAN,URBAN,262237.0,level
2009-12-31,MNG,URBAN,URBAN,249953.5,level
2010-12-31,MNG,URBAN,URBAN,256755.0,level
2011-12-31,MNG,URBAN,URBAN,262990.5,level
2012-12-31,MNG,URBAN,URBAN,268950.5,level
2013-12-31,MNG,URBAN,URBAN,274549.0,level
2014-12-31,MNG,URBAN,URBAN,280031.0,level
2015-12-31,MNG,URBAN,URBAN,284568.0,level
2016-12-31,MNG,URBAN,URBAN,287286.5,level
2017-12-31,MNG,URBAN,URBAN,286988.0,level
2018-12-31,MNG,URBAN,URBAN,286608.5,level
2019-12-31,MNG,URBAN,URBAN,290303.0,level
2020-12-31,MNG,URBAN,URBAN,298629.5,level
2021-12-31,MNG,URBAN,URBAN,309664.0,level
2022-12-31,MNG,URBAN,URBAN,341533.0,level
2023-12-31,MNG,URBAN,URBAN,352596.5,level
2024-12-31,MNG,URBAN,URBAN,364453.0,level
2025-12-31,MNG,URBAN,URBAN,377225.5,level
1991-12-31,PVL,URBAN,URBAN,618323.5,level
1992-12-31,PVL,URBAN,URBAN,613416.5,level
1993-12-31,PVL,URBAN,URBAN,588223.5,level
1994-12-31,PVL,URBAN,URBAN,562475.5,level
1995-12-31,PVL,URBAN,URBAN,551083.0,level
1996-12-31,PVL,URBAN,URBAN,543464.0,level
1997-12-31,PVL,URBAN,URBAN,533446.5,level
1998-12-31,PVL,URBAN,URBAN,519295.5,level
1999-12-31,PVL,URBAN,URBAN,506591.5,level
2000-12-31,PVL,URBAN,URBAN,495950.5,level
2001-12-31,PVL,URBAN,URBAN,487957.5,level
2002-12-31,PVL,URBAN,URBAN,482866.5,level
2003-12-31,PVL,URBAN,URBAN,481938.5,level
2004-12-31,PVL,URBAN,URBAN,485518.5,level
2005-12-31,PVL,URBAN,URBAN,488286.0,level
2006-12-31,PVL,URBAN,URBAN,491119.5,level
2007-12-31,PVL,URBAN,URBAN,487641.0,level
2008-12-31,PVL,URBAN,URBAN,504004.0,level
2009-12-31,PVL,URBAN,URBAN,506668.0,level
2010-12-31,PVL,URBAN,URBAN,510608.0,level
2011-12-31,PVL,URBAN,URBAN,513465.5,level
2012-12-31,PVL,URBAN,URBAN,516684.0,level
2013-12-31,PVL,URBAN,URBAN,521919.5,level
2014-12-31,PVL,URBAN,URBAN,527728.5,level
2015-12-31,PVL,URBAN,URBAN,532500.5,level
2016-12-31,PVL,URBAN,URBAN,534841.5,level
2017-12-31,PVL,URBAN,URBAN,534307.0,level
2018-12-31,PVL,URBAN,URBAN,532985.0,level
2019-12-31,PVL,URBAN,URBAN,531629.0,level
2020-12-31,PVL,URBAN,URBAN,530740.5,level
2021-12-31,PVL,URBAN,URBAN,529512.0,level
2022-12-31,PVL,URBAN,URBAN,533042.5,level
2023-12-31,PVL,URBAN,URBAN,533049.0,level
2024-12-31,PVL,URBAN,URBAN,533747.0,level
2025-12-31,PVL,URBAN,URBAN,533494.0,level
2009-12-31,SHM,URBAN,URBAN,736722.5,level
2010-12-31,SHM,URBAN,URBAN,753750.5,level
2011-12-31,SHM,URBAN,URBAN,771309.5,level
2012-12-31,SHM,URBAN,URBAN,791903.0,level
2013-12-31,SHM,URBAN,URBAN,816372.0,level
2014-12-31,SHM,URBAN,URBAN,843290.5,level
2015-12-31,SHM,URBAN,URBAN,871989.0,level
2016-12-31,SHM,URBAN,URBAN,899107.5,level
2017-12-31,SHM,URBAN,URBAN,932047.0,level
2018-12-31,SHM,URBAN,URBAN,980434.0,level
2019-12-31,SHM,URBAN,URBAN,1023409.0,level
2020-12-31,SHM,URBAN,URBAN,1056072.5,level
2021-12-31,SHM,URBAN,URBAN,1093246.0,level
2022-12-31,SHM,URBAN,URBAN,1177253.5,level
2023-12-31,SHM,URBAN,URBAN,1207132.5,level
2024-12-31,SHM,URBAN,URBAN,1239115.0,level
2025-12-31,SHM,URBAN,URBAN,1275107.0,level
1991-12-31,SKO,URBAN,URBAN,334131.0,level
1992-12-31,SKO,URBAN,URBAN,333247.5,level
1993-12-31,SKO,URBAN,URBAN,329883.0,level
1994-12-31,SKO,URBAN,URBAN,322360.0,level
1995-12-31,SKO,URBAN,URBAN,311468.5,level
1996-12-31,SKO,URBAN,URBAN,301146.5,level
1997-12-31,SKO,URBAN,URBAN,288836.0,level
1998-12-31,SKO,URBAN,URBAN,278252.5,level
1999-12-31,SKO,URBAN,URBAN,272520.0,level
2000-12-31,SKO,URBAN,URBAN,268224.0,level
2001-12-31,SKO,URBAN,URBAN,263895.5,level
2002-12-31,SKO,URBAN,URBAN,258445.5,level
2003-12-31,SKO,URBAN,URBAN,251053.0,level
2004-12-31,SKO,URBAN,URBAN,237131.5,level
2005-12-31,SKO,URBAN,URBAN,227593.5,level
2006-12-31,SKO,URBAN,URBAN,228940.5,level
2007-12-31,SKO,URBAN,URBAN,230182.0,level
2008-12-31,SKO,URBAN,URBAN,237442.0,level
2009-12-31,SKO,URBAN,URBAN,238942.5,level
2010-12-31,SKO,URBAN,URBAN,239651.0,level
2011-12-31,SKO,URBAN,URBAN,239868.0,level
2012-12-31,SKO,URBAN,URBAN,240062.5,level
2013-12-31,SKO,URBAN,URBAN,241474.5,level
2014-12-31,SKO,URBAN,URBAN,243429.0,level
2015-12-31,SKO,URBAN,URBAN,247204.0,level
2016-12-31,SKO,URBAN,URBAN,250208.5,level
2017-12-31,SKO,URBAN,URBAN,251144.5,level
2018-12-31,SKO,URBAN,URBAN,252381.0,level
2019-12-31,SKO,URBAN,URBAN,252928.0,level
2020-12-31,SKO,URBAN,URBAN,253199.0,level
2021-12-31,SKO,URBAN,URBAN,253037.0,level
2022-12-31,SKO,URBAN,URBAN,259039.0,level
2023-12-31,SKO,URBAN,URBAN,259137.5,level
2024-12-31,SKO,URBAN,URBAN,258782.0,level
2025-12-31,SKO,URBAN,URBAN,258159.0,level
2009-12-31,TRK,URBAN,URBAN,371868.5,level
2010-12-31,TRK,URBAN,URBAN,377318.0,level
2011-12-31,TRK,URBAN,URBAN,381923.5,level
2012-12-31,TRK,URBAN,URBAN,385619.0,level
2013-12-31,TRK,URBAN,URBAN,387761.0,level
2014-12-31,TRK,URBAN,URBAN,389367.0,level
2015-12-31,TRK,URBAN,URBAN,391577.5,level
2016-12-31,TRK,URBAN,URBAN,391869.0,level
2017-12-31,TRK,URBAN,URBAN,390549.5,level
2018-12-31,TRK,URBAN,URBAN,390390.0,level
2019-12-31,TRK,URBAN,URBAN,398742.5,level
2020-12-31,TRK,URBAN,URBAN,412869.0,level
2021-12-31,TRK,URBAN,URBAN,426959.0,level
2022-12-31,TRK,URBAN,URBAN,517984.0,level
2023-12-31,TRK,URBAN,URBAN,527744.0,level
2024-12-31,TRK,URBAN,URBAN,536788.0,level
2025-12-31,TRK,URBAN,URBAN,543432.5,level
2009-12-31,ULT,URBAN,URBAN,174002.5,level
2010-12-31,ULT,URBAN,URBAN,174296.0,level
2011-12-31,ULT,URBAN,URBAN,174183.0,level
2012-12-31,ULT,URBAN,URBAN,173767.5,level
2013-12-31,ULT,URBAN,URBAN,173605.5,level
2014-12-31,ULT,URBAN,URBAN,173876.5,level
2015-12-31,ULT,URBAN,URBAN,174454.0,level
2016-12-31,ULT,URBAN,URBAN,174540.5,level
2017-12-31,ULT,URBAN,URBAN,174230.0,level
2018-12-31,ULT,URBAN,URBAN,174651.0,level
2019-12-31,ULT,URBAN,URBAN,175288.5,level
2020-12-31,ULT,URBAN,URBAN,175505.0,level
2021-12-31,ULT,URBAN,URBAN,175199.0,level
2022-12-31,ULT,URBAN,URBAN,174794.5,level
2023-12-31,ULT,URBAN,URBAN,175262.5,level
2024-12-31,ULT,URBAN,URBAN,175561.5,level
2025-12-31,ULT,URBAN,URBAN,174892.0,level
1991-12-31,VKO,URBAN,URBAN,1048838.0,level
1992-12-31,VKO,URBAN,URBAN,1045803.5,level
1993-12-31,VKO,URBAN,URBAN,1032951.0,level
1994-12-31,VKO,URBAN,URBAN,999752.5,level
1995-12-31,VKO,URBAN,URBAN,963376.5,level
1996-12-31,VKO,URBAN,URBAN,941387.0,level
1997-12-31,VKO,URBAN,URBAN,922608.0,level
1998-12-31,VKO,URBAN,URBAN,907333.0,level
1999-12-31,VKO,URBAN,URBAN,895058.0,level
2000-12-31,VKO,URBAN,URBAN,884062.5,level
2001-12-31,VKO,URBAN,URBAN,873899.5,level
2002-12-31,VKO,URBAN,URBAN,865520.0,level
2003-12-31,VKO,URBAN,URBAN,859526.0,level
2004-12-31,VKO,URBAN,URBAN,855194.5,level
2005-12-31,VKO,URBAN,URBAN,852064.5,level
2006-12-31,VKO,URBAN,URBAN,850649.0,level
2007-12-31,VKO,URBAN,URBAN,764969.0,level
2008-12-31,VKO,URBAN,URBAN,801145.0,level
2009-12-31,VKO,URBAN,URBAN,443091.0,level
2010-12-31,VKO,URBAN,URBAN,444055.0,level
2011-12-31,VKO,URBAN,URBAN,445285.0,level
2012-12-31,VKO,URBAN,URBAN,445919.0,level
2013-12-31,VKO,URBAN,URBAN,448160.5,level
2014-12-31,VKO,URBAN,URBAN,451686.0,level
2015-12-31,VKO,URBAN,URBAN,454881.0,level
2016-12-31,VKO,URBAN,URBAN,457461.5,level
2017-12-31,VKO,URBAN,URBAN,460557.0,level
2018-12-31,VKO,URBAN,URBAN,463838.0,level
2019-12-31,VKO,URBAN,URBAN,464854.0,level
2020-12-31,VKO,URBAN,URBAN,465505.0,level
2021-12-31,VKO,URBAN,URBAN,466095.0,level
2022-12-31,VKO,URBAN,URBAN,483159.5,level
2023-12-31,VKO,URBAN,URBAN,483675.0,level
2024-12-31,VKO,URBAN,URBAN,484838.0,level
2025-12-31,VKO,URBAN,URBAN,486104.5,level
1991-12-31,YKO,URBAN,URBAN,759254.0,level
1992-12-31,YKO,URBAN,URBAN,764893.5,level
1993-12-31,YKO,URBAN,URBAN,765790.5,level
1994-12-31,YKO,URBAN,URBAN,761434.0,level
1995-12-31,YKO,URBAN,URBAN,754712.0,level
1996-12-31,YKO,URBAN,URBAN,750963.0,level
1997-12-31,YKO,URBAN,URBAN,745050.0,level
1998-12-31,YKO,URBAN,URBAN,755441.0,level
1999-12-31,YKO,URBAN,URBAN,778631.5,level
2000-12-31,YKO,URBAN,URBAN,807409.5,level
2001-12-31,YKO,URBAN,URBAN,837647.0,level
2002-12-31,YKO,URBAN,URBAN,850744.5,level
2003-12-31,YKO,URBAN,URBAN,860742.5,level
2004-12-31,YKO,URBAN,URBAN,873674.0,level
2005-12-31,YKO,URBAN,URBAN,886244.5,level
2006-12-31,YKO,URBAN,URBAN,900325.0,level
2007-12-31,YKO,URBAN,URBAN,882554.0,level
2008-12-31,YKO,URBAN,URBAN,970164.0,level
1991-12-31,ZHM,URBAN,URBAN,504225.0,level
1992-12-31,ZHM,URBAN,URBAN,503726.0,level
1993-12-31,ZHM,URBAN,URBAN,498692.5,level
1994-12-31,ZHM,URBAN,URBAN,484579.0,level
1995-12-31,ZHM,URBAN,URBAN,471178.0,level
1996-12-31,ZHM,URBAN,URBAN,466512.5,level
1997-12-31,ZHM,URBAN,URBAN,461554.0,level
1998-12-31,ZHM,URBAN,URBAN,455082.0,level
1999-12-31,ZHM,URBAN,URBAN,450169.0,level
2000-12-31,ZHM,URBAN,URBAN,445508.5,level
2001-12-31,ZHM,URBAN,URBAN,441212.0,level
2002-12-31,ZHM,URBAN,URBAN,439612.5,level
2003-12-31,ZHM,URBAN,URBAN,441175.0,level
2004-12-31,ZHM,URBAN,URBAN,445002.0,level
2005-12-31,ZHM,URBAN,URBAN,449314.5,level
2006-12-31,ZHM,URBAN,URBAN,452592.5,level
2007-12-31,ZHM,URBAN,URBAN,424919.0,level
2008-12-31,ZHM,URBAN,URBAN,415047.0,level
2009-12-31,ZHM,URBAN,URBAN,417622.0,level
2010-12-31,ZHM,URBAN,URBAN,421478.5,level
2011-12-31,ZHM,URBAN,URBAN,422436.0,level
2012-12-31,ZHM,URBAN,URBAN,424972.5,level
2013-12-31,ZHM,URBAN,URBAN,432083.5,level
2014-12-31,ZHM,URBAN,URBAN,439496.0,level
2015-12-31,ZHM,URBAN,URBAN,446017.5,level
2016-12-31,ZHM,URBAN,URBAN,448987.0,level
2017-12-31,ZHM,URBAN,URBAN,446166.5,level
2018-12-31,ZHM,URBAN,URBAN,445350.5,level
2019-12-31,ZHM,URBAN,URBAN,447492.5,level
2020-12-31,ZHM,URBAN,URBAN,451028.0,level
2021-12-31,ZHM,URBAN,URBAN,457067.0,level
2022-12-31,ZHM,URBAN,URBAN,524440.5,level
2023-12-31,ZHM,URBAN,URBAN,528877.5,level
2024-12-31,ZHM,URBAN,URBAN,533105.5,level
2025-12-31,ZHM,URBAN,URBAN,584568.5,level
2009-12-31,ZHT,URBAN,URBAN,247689.5,level
2010-12-31,ZHT,URBAN,URBAN,251045.0,level
2011-12-31,ZHT,URBAN,URBAN,254363.5,level
2012-12-31,ZHT,URBAN,URBAN,258033.5,level
2013-12-31,ZHT,URBAN,URBAN,261942.5,level
2014-12-31,ZHT,URBAN,URBAN,266116.5,level
2015-12-31,ZHT,URBAN,URBAN,270125.0,level
2016-12-31,ZHT,URBAN,URBAN,272715.0,level
2017-12-31,ZHT,URBAN,URBAN,272638.0,level
2018-12-31,ZHT,URBAN,URBAN,270629.0,level
2019-12-31,ZHT,URBAN,URBAN,269528.0,level
2020-12-31,ZHT,URBAN,URBAN,270669.0,level
2021-12-31,ZHT,URBAN,URBAN,272861.0,level
2022-12-31,ZHT,URBAN,URBAN,309920.0,level
2023-12-31,ZHT,URBAN,URBAN,310867.0,level
2024-12-31,ZHT,URBAN,URBAN,311267.5,level
2025-12-31,ZHT,URBAN,URBAN,316143.0,level
1991-12-31,ZKO,URBAN,URBAN,267876.5,level
1992-12-31,ZKO,URBAN,URBAN,264381.5,level
1993-12-31,ZKO,URBAN,URBAN,266923.5,level
1994-12-31,ZKO,URBAN,URBAN,265310.0,level
1995-12-31,ZKO,URBAN,URBAN,261850.5,level
1996-12-31,ZKO,URBAN,URBAN,260517.5,level
1997-12-31,ZKO,URBAN,URBAN,258627.5,level
1998-12-31,ZKO,URBAN,URBAN,254474.0,level
1999-12-31,ZKO,URBAN,URBAN,249565.0,level
2000-12-31,ZKO,URBAN,URBAN,246387.5,level
2001-12-31,ZKO,URBAN,URBAN,247515.0,level
2002-12-31,ZKO,URBAN,URBAN,252705.0,level
2003-12-31,ZKO,URBAN,URBAN,257717.0,level
2004-12-31,ZKO,URBAN,URBAN,261034.0,level
2005-12-31,ZKO,URBAN,URBAN,264900.5,level
2006-12-31,ZKO,URBAN,URBAN,267857.5,level
2007-12-31,ZKO,URBAN,URBAN,270660.0,level
2008-12-31,ZKO,URBAN,URBAN,277055.0,level
2009-12-31,ZKO,URBAN,URBAN,278723.5,level
2010-12-31,ZKO,URBAN,URBAN,285182.5,level
2011-12-31,ZKO,URBAN,URBAN,291886.0,level
2012-12-31,ZKO,URBAN,URBAN,298392.5,level
2013-12-31,ZKO,URBAN,URBAN,304444.5,level
2014-12-31,ZKO,URBAN,URBAN,310190.0,level
2015-12-31,ZKO,URBAN,URBAN,315311.0,level
2016-12-31,ZKO,URBAN,URBAN,321333.5,level
2017-12-31,ZKO,URBAN,URBAN,329294.5,level
2018-12-31,ZKO,URBAN,URBAN,336693.5,level
2019-12-31,ZKO,URBAN,URBAN,342258.0,level
2020-12-31,ZKO,URBAN,URBAN,346769.0,level
2021-12-31,ZKO,URBAN,URBAN,350582.0,level
2022-12-31,ZKO,URBAN,URBAN,384552.5,level
2023-12-31,ZKO,URBAN,URBAN,389282.0,level
2024-12-31,ZKO,URBAN,URBAN,395075.0,level
2025-12-31,ZKO,URBAN,URBAN,399971.5,level
1991-12-31,national,URBAN,URBAN,9385451.5,level
1992-12-31,national,URBAN,URBAN,9373594.5,level
1993-12-31,national,URBAN,URBAN,9252869.5,level
1994-12-31,national,URBAN,URBAN,9023455.0,level
1995-12-31,national,URBAN,URBAN,8807349.0,level
1996-12-31,national,URBAN,URBAN,8682790.0,level
1997-12-31,national,URBAN,URBAN,8567329.0,level
1998-12-31,national,URBAN,URBAN,8456940.5,level
1999-12-31,national,URBAN,URBAN,8406019.0,level
2000-12-31,national,URBAN,URBAN,8405482.5,level
2001-12-31,national,URBAN,URBAN,8421365.0,level
2002-12-31,national,URBAN,URBAN,8443241.5,level
2003-12-31,national,URBAN,URBAN,8487697.0,level
2004-12-31,national,URBAN,URBAN,8566446.5,level
2005-12-31,national,URBAN,URBAN,8655585.5,level
2006-12-31,national,URBAN,URBAN,8764884.5,level
2007-12-31,national,URBAN,URBAN,8195389.0,level
2008-12-31,national,URBAN,URBAN,8662919.0,level
2009-12-31,national,URBAN,URBAN,9047010.0,level
2010-12-31,national,URBAN,URBAN,9210340.5,level
2011-12-31,national,URBAN,URBAN,9372724.0,level
2012-12-31,national,URBAN,URBAN,9533688.5,level
2013-12-31,national,URBAN,URBAN,9703912.5,level
2014-12-31,national,URBAN,URBAN,9892697.5,level
2015-12-31,national,URBAN,URBAN,10092561.5,level
2016-12-31,national,URBAN,URBAN,10302692.5,level
2017-12-31,national,URBAN,URBAN,10503604.5,level
2018-12-31,national,URBAN,URBAN,10690787.5,level
2019-12-31,national,URBAN,URBAN,10886363.0,level
2020-12-31,national,URBAN,URBAN,11093933.0,level
2021-12-31,national,URBAN,URBAN,11303770.0,level
2022-12-31,national,URBAN,URBAN,12155656.0,level
2023-12-31,national,URBAN,URBAN,12386757.0,level
2024-12-31,national,URBAN,URBAN,12640517.5,level
2025-12-31,national,URBAN,URBAN,12955433.0,level
2009-12-31,ABY,URBAN_MEN,URBAN_MEN,167157.0,level
2010-12-31,ABY,URBAN_MEN,URBAN_MEN,168519.0,level
2011-12-31,ABY,URBAN_MEN,URBAN_MEN,169721.5,level
2012-12-31,ABY,URBAN_MEN,URBAN_MEN,171359.5,level
2013-12-31,ABY,URBAN_MEN,URBAN_MEN,173117.0,level
2014-12-31,ABY,URBAN_MEN,URBAN_MEN,174576.0,level
2015-12-31,ABY,URBAN_MEN,URBAN_MEN,176434.0,level
2016-12-31,ABY,URBAN_MEN,URBAN_MEN,177929.0,level
2017-12-31,ABY,URBAN_MEN,URBAN_MEN,179043.5,level
2018-12-31,ABY,URBAN_MEN,URBAN_MEN,180355.0,level
2019-12-31,ABY,URBAN_MEN,URBAN_MEN,181098.5,level
2020-12-31,ABY,URBAN_MEN,URBAN_MEN,181558.0,level
2021-12-31,ABY,URBAN_MEN,URBAN_MEN,182192.0,level
2022-12-31,ABY,URBAN_MEN,URBAN_MEN,177204.0,level
2023-12-31,ABY,URBAN_MEN,URBAN_MEN,178441.0,level
2024-12-31,ABY,URBAN_MEN,URBAN_MEN,179406.5,level
2025-12-31,ABY,URBAN_MEN,URBAN_MEN,180073.0,level
1991-12-31,AKM,URBAN_MEN,URBAN_MEN,243860.5,level
1992-12-31,AKM,URBAN_MEN,URBAN_MEN,241366.0,level
1993-12-31,AKM,URBAN_MEN,URBAN_MEN,235579.5,level
1994-12-31,AKM,URBAN_MEN,URBAN_MEN,225424.5,level
1995-12-31,AKM,URBAN_MEN,URBAN_MEN,214052.5,level
1996-12-31,AKM,URBAN_MEN,URBAN_MEN,206471.0,level
1997-12-31,AKM,URBAN_MEN,URBAN_MEN,195761.5,level
1998-12-31,AKM,URBAN_MEN,URBAN_MEN,184168.5,level
1999-12-31,AKM,URBAN_MEN,URBAN_MEN,176657.0,level
2000-12-31,AKM,URBAN_MEN,URBAN_MEN,170839.0,level
2001-12-31,AKM,URBAN_MEN,URBAN_MEN,165777.5,level
2002-12-31,AKM,URBAN_MEN,URBAN_MEN,162813.5,level
2003-12-31,AKM,URBAN_MEN,URBAN_MEN,162902.0,level
2004-12-31,AKM,URBAN_MEN,URBAN_MEN,164076.0,level
2005-12-31,AKM,URBAN_MEN,URBAN_MEN,165131.0,level
2006-12-31,AKM,URBAN_MEN,URBAN_MEN,166273.5,level
2007-12-31,AKM,URBAN_MEN,URBAN_MEN,154628.0,level
2008-12-31,AKM,URBAN_MEN,URBAN_MEN,159304.0,level
2009-12-31,AKM,URBAN_MEN,URBAN_MEN,161893.5,level
2010-12-31,AKM,URBAN_MEN,URBAN_MEN,162246.0,level
2011-12-31,AKM,URBAN_MEN,URBAN_MEN,162504.5,level
2012-12-31,AKM,URBAN_MEN,URBAN_MEN,163202.0,level
2013-12-31,AKM,URBAN_MEN,URBAN_MEN,164613.5,level
2014-12-31,AKM,URBAN_MEN,URBAN_MEN,165888.5,level
2015-12-31,AKM,URBAN_MEN,URBAN_MEN,167765.0,level
2016-12-31,AKM,URBAN_MEN,URBAN_MEN,168697.0,level
2017-12-31,AKM,URBAN_MEN,URBAN_MEN,169027.0,level
2018-12-31,AKM,URBAN_MEN,URBAN_MEN,169984.0,level
2019-12-31,AKM,URBAN_MEN,URBAN_MEN,170616.0,level
2020-12-31,AKM,URBAN_MEN,URBAN_MEN,171818.0,level
2021-12-31,AKM,URBAN_MEN,URBAN_MEN,173311.0,level
2022-12-31,AKM,URBAN_MEN,URBAN_MEN,209398.0,level
2023-12-31,AKM,URBAN_MEN,URBAN_MEN,211508.0,level
2024-12-31,AKM,URBAN_MEN,URBAN_MEN,213886.5,level
2025-12-31,AKM,URBAN_MEN,URBAN_MEN,216732.5,level
1991-12-31,AKT,URBAN_MEN,URBAN_MEN,193500.0,level
1992-12-31,AKT,URBAN_MEN,URBAN_MEN,192528.5,level
1993-12-31,AKT,URBAN_MEN,URBAN_MEN,191038.0,level
1994-12-31,AKT,URBAN_MEN,URBAN_MEN,188756.0,level
1995-12-31,AKT,URBAN_MEN,URBAN_MEN,186280.0,level
1996-12-31,AKT,URBAN_MEN,URBAN_MEN,185506.5,level
1997-12-31,AKT,URBAN_MEN,URBAN_MEN,184388.0,level
1998-12-31,AKT,URBAN_MEN,URBAN_MEN,180738.0,level
1999-12-31,AKT,URBAN_MEN,URBAN_MEN,176736.0,level
2000-12-31,AKT,URBAN_MEN,URBAN_MEN,174319.0,level
2001-12-31,AKT,URBAN_MEN,URBAN_MEN,171872.5,level
2002-12-31,AKT,URBAN_MEN,URBAN_MEN,171149.0,level
2003-12-31,AKT,URBAN_MEN,URBAN_MEN,172558.5,level
2004-12-31,AKT,URBAN_MEN,URBAN_MEN,174755.5,level
2005-12-31,AKT,URBAN_MEN,URBAN_MEN,177288.5,level
2006-12-31,AKT,URBAN_MEN,URBAN_MEN,179979.0,level
2007-12-31,AKT,URBAN_MEN,URBAN_MEN,175774.0,level
2008-12-31,AKT,URBAN_MEN,URBAN_MEN,216277.0,level
2009-12-31,AKT,URBAN_MEN,URBAN_MEN,240251.0,level
2010-12-31,AKT,URBAN_MEN,URBAN_MEN,244831.0,level
2011-12-31,AKT,URBAN_MEN,URBAN_MEN,249918.5,level
2012-12-31,AKT,URBAN_MEN,URBAN_MEN,253625.5,level
2013-12-31,AKT,URBAN_MEN,URBAN_MEN,257804.5,level
2014-12-31,AKT,URBAN_MEN,URBAN_MEN,263559.0,level
2015-12-31,AKT,URBAN_MEN,URBAN_MEN,269822.0,level
2016-12-31,AKT,URBAN_MEN,URBAN_MEN,275723.0,level
2017-12-31,AKT,URBAN_MEN,URBAN_MEN,282653.0,level
2018-12-31,AKT,URBAN_MEN,URBAN_MEN,289718.5,level
2019-12-31,AKT,URBAN_MEN,URBAN_MEN,296193.5,level
2020-12-31,AKT,URBAN_MEN,URBAN_MEN,302870.0,level
2021-12-31,AKT,URBAN_MEN,URBAN_MEN,308997.0,level
2022-12-31,AKT,URBAN_MEN,URBAN_MEN,331464.0,level
2023-12-31,AKT,URBAN_MEN,URBAN_MEN,337147.5,level
2024-12-31,AKT,URBAN_MEN,URBAN_MEN,343429.0,level
2025-12-31,AKT,URBAN_MEN,URBAN_MEN,349842.0,level
1991-12-31,ALA,URBAN_MEN,URBAN_MEN,517584.5,level
1992-12-31,ALA,URBAN_MEN,URBAN_MEN,520388.5,level
1993-12-31,ALA,URBAN_MEN,URBAN_MEN,517726.5,level
1994-12-31,ALA,URBAN_MEN,URBAN_MEN,512587.0,level
1995-12-31,ALA,URBAN_MEN,URBAN_MEN,508640.5,level
1996-12-31,ALA,URBAN_MEN,URBAN_MEN,508561.0,level
1997-12-31,ALA,URBAN_MEN,URBAN_MEN,509697.0,level
1998-12-31,ALA,URBAN_MEN,URBAN_MEN,510833.5,level
1999-12-31,ALA,URBAN_MEN,URBAN_MEN,512037.5,level
2000-12-31,ALA,URBAN_MEN,URBAN_MEN,511800.5,level
2001-12-31,ALA,URBAN_MEN,URBAN_MEN,512325.0,level
2002-12-31,ALA,URBAN_MEN,URBAN_MEN,517427.0,level
2003-12-31,ALA,URBAN_MEN,URBAN_MEN,527506.5,level
2004-12-31,ALA,URBAN_MEN,URBAN_MEN,541254.5,level
2005-12-31,ALA,URBAN_MEN,URBAN_MEN,557614.0,level
2006-12-31,ALA,URBAN_MEN,URBAN_MEN,575700.5,level
2007-12-31,ALA,URBAN_MEN,URBAN_MEN,593957.0,level
2008-12-31,ALA,URBAN_MEN,URBAN_MEN,625644.0,level
2009-12-31,ALA,URBAN_MEN,URBAN_MEN,673990.5,level
2010-12-31,ALA,URBAN_MEN,URBAN_MEN,685584.5,level
2011-12-31,ALA,URBAN_MEN,URBAN_MEN,698149.0,level
2012-12-31,ALA,URBAN_MEN,URBAN_MEN,711987.5,level
2013-12-31,ALA,URBAN_MEN,URBAN_MEN,726278.0,level
2014-12-31,ALA,URBAN_MEN,URBAN_MEN,743339.5,level
2015-12-31,ALA,URBAN_MEN,URBAN_MEN,766657.5,level
2016-12-31,ALA,URBAN_MEN,URBAN_MEN,791638.0,level
2017-12-31,ALA,URBAN_MEN,URBAN_MEN,813504.0,level
2018-12-31,ALA,URBAN_MEN,URBAN_MEN,836933.5,level
2019-12-31,ALA,URBAN_MEN,URBAN_MEN,865500.5,level
2020-12-31,ALA,URBAN_MEN,URBAN_MEN,895418.0,level
2021-12-31,ALA,URBAN_MEN,URBAN_MEN,919543.0,level
2022-12-31,ALA,URBAN_MEN,URBAN_MEN,990299.0,level
2023-12-31,ALA,URBAN_MEN,URBAN_MEN,1019872.0,level
2024-12-31,ALA,URBAN_MEN,URBAN_MEN,1051100.0,level
2025-12-31,ALA,URBAN_MEN,URBAN_MEN,1079632.5,level
1991-12-31,ALM,URBAN_MEN,URBAN_MEN,260094.5,level
1992-12-31,ALM,URBAN_MEN,URBAN_MEN,256580.5,level
1993-12-31,ALM,URBAN_MEN,URBAN_MEN,253243.0,level
1994-12-31,ALM,URBAN_MEN,URBAN_MEN,246337.0,level
1995-12-31,ALM,URBAN_MEN,URBAN_MEN,236670.0,level
1996-12-31,ALM,URBAN_MEN,URBAN_MEN,231102.0,level
1997-12-31,ALM,URBAN_MEN,URBAN_MEN,226175.5,level
1998-12-31,ALM,URBAN_MEN,URBAN_MEN,220415.0,level
1999-12-31,ALM,URBAN_MEN,URBAN_MEN,217136.5,level
2000-12-31,ALM,URBAN_MEN,URBAN_MEN,215801.5,level
2001-12-31,ALM,URBAN_MEN,URBAN_MEN,214391.5,level
2002-12-31,ALM,URBAN_MEN,URBAN_MEN,214753.0,level
2003-12-31,ALM,URBAN_MEN,URBAN_MEN,216898.5,level
2004-12-31,ALM,URBAN_MEN,URBAN_MEN,220671.0,level
2005-12-31,ALM,URBAN_MEN,URBAN_MEN,224530.0,level
2006-12-31,ALM,URBAN_MEN,URBAN_MEN,227985.5,level
2007-12-31,ALM,URBAN_MEN,URBAN_MEN,177423.0,level
2008-12-31,ALM,URBAN_MEN,URBAN_MEN,201202.0,level
2009-12-31,ALM,URBAN_MEN,URBAN_MEN,85957.5,level
2010-12-31,ALM,URBAN_MEN,URBAN_MEN,87615.0,level
2011-12-31,ALM,URBAN_MEN,URBAN_MEN,89159.0,level
2012-12-31,ALM,URBAN_MEN,URBAN_MEN,90658.0,level
2013-12-31,ALM,URBAN_MEN,URBAN_MEN,92195.0,level
2014-12-31,ALM,URBAN_MEN,URBAN_MEN,93779.5,level
2015-12-31,ALM,URBAN_MEN,URBAN_MEN,95067.5,level
2016-12-31,ALM,URBAN_MEN,URBAN_MEN,96049.0,level
2017-12-31,ALM,URBAN_MEN,URBAN_MEN,94600.0,level
2018-12-31,ALM,URBAN_MEN,URBAN_MEN,91393.0,level
2019-12-31,ALM,URBAN_MEN,URBAN_MEN,88509.0,level
2020-12-31,ALM,URBAN_MEN,URBAN_MEN,87039.5,level
2021-12-31,ALM,URBAN_MEN,URBAN_MEN,87768.0,level
2022-12-31,ALM,URBAN_MEN,URBAN_MEN,144546.5,level
2023-12-31,ALM,URBAN_MEN,URBAN_MEN,146688.5,level
2024-12-31,ALM,URBAN_MEN,URBAN_MEN,148422.0,level
2025-12-31,ALM,URBAN_MEN,URBAN_MEN,150418.0,level
1991-12-31,AST,URBAN_MEN,URBAN_MEN,140529.5,level
1992-12-31,AST,URBAN_MEN,URBAN_MEN,139748.0,level
1993-12-31,AST,URBAN_MEN,URBAN_MEN,138391.5,level
1994-12-31,AST,URBAN_MEN,URBAN_MEN,138247.5,level
1995-12-31,AST,URBAN_MEN,URBAN_MEN,136717.5,level
1996-12-31,AST,URBAN_MEN,URBAN_MEN,134926.0,level
1997-12-31,AST,URBAN_MEN,URBAN_MEN,137040.5,level
1998-12-31,AST,URBAN_MEN,URBAN_MEN,146184.0,level
1999-12-31,AST,URBAN_MEN,URBAN_MEN,166726.5,level
2000-12-31,AST,URBAN_MEN,URBAN_MEN,196487.0,level
2001-12-31,AST,URBAN_MEN,URBAN_MEN,225562.0,level
2002-12-31,AST,URBAN_MEN,URBAN_MEN,241504.5,level
2003-12-31,AST,URBAN_MEN,URBAN_MEN,245938.5,level
2004-12-31,AST,URBAN_MEN,URBAN_MEN,252603.0,level
2005-12-31,AST,URBAN_MEN,URBAN_MEN,262515.5,level
2006-12-31,AST,URBAN_MEN,URBAN_MEN,275064.0,level
2007-12-31,AST,URBAN_MEN,URBAN_MEN,288807.0,level
2008-12-31,AST,URBAN_MEN,URBAN_MEN,296558.0,level
2009-12-31,AST,URBAN_MEN,URBAN_MEN,309508.5,level
2010-12-31,AST,URBAN_MEN,URBAN_MEN,330600.5,level
2011-12-31,AST,URBAN_MEN,URBAN_MEN,351838.0,level
2012-12-31,AST,URBAN_MEN,URBAN_MEN,370298.5,level
2013-12-31,AST,URBAN_MEN,URBAN_MEN,387175.5,level
2014-12-31,AST,URBAN_MEN,URBAN_MEN,405109.5,level
2015-12-31,AST,URBAN_MEN,URBAN_MEN,418885.5,level
2016-12-31,AST,URBAN_MEN,URBAN_MEN,447551.0,level
2017-12-31,AST,URBAN_MEN,URBAN_MEN,485176.0,level
2018-12-31,AST,URBAN_MEN,URBAN_MEN,509553.0,level
2019-12-31,AST,URBAN_MEN,URBAN_MEN,534144.5,level
2020-12-31,AST,URBAN_MEN,URBAN_MEN,559515.5,level
2021-12-31,AST,URBAN_MEN,URBAN_MEN,584323.0,level
2022-12-31,AST,URBAN_MEN,URBAN_MEN,632710.5,level
2023-12-31,AST,URBAN_MEN,URBAN_MEN,662905.0,level
2024-12-31,AST,URBAN_MEN,URBAN_MEN,702597.0,level
2025-12-31,AST,URBAN_MEN,URBAN_MEN,749873.0,level
1991-12-31,ATY,URBAN_MEN,URBAN_MEN,123666.0,level
1992-12-31,ATY,URBAN_MEN,URBAN_MEN,124630.5,level
1993-12-31,ATY,URBAN_MEN,URBAN_MEN,123266.5,level
1994-12-31,ATY,URBAN_MEN,URBAN_MEN,121864.5,level
1995-12-31,ATY,URBAN_MEN,URBAN_MEN,121524.5,level
1996-12-31,ATY,URBAN_MEN,URBAN_MEN,121598.0,level
1997-12-31,ATY,URBAN_MEN,URBAN_MEN,122058.5,level
1998-12-31,ATY,URBAN_MEN,URBAN_MEN,122438.5,level
1999-12-31,ATY,URBAN_MEN,URBAN_MEN,122721.0,level
2000-12-31,ATY,URBAN_MEN,URBAN_MEN,123345.0,level
2001-12-31,ATY,URBAN_MEN,URBAN_MEN,124532.0,level
2002-12-31,ATY,URBAN_MEN,URBAN_MEN,125798.0,level
2003-12-31,ATY,URBAN_MEN,URBAN_MEN,125647.5,level
2004-12-31,ATY,URBAN_MEN,URBAN_MEN,125004.0,level
2005-12-31,ATY,URBAN_MEN,URBAN_MEN,126864.0,level
2006-12-31,ATY,URBAN_MEN,URBAN_MEN,130027.0,level
2007-12-31,ATY,URBAN_MEN,URBAN_MEN,109965.0,level
2008-12-31,ATY,URBAN_MEN,URBAN_MEN,113809.0,level
2009-12-31,ATY,URBAN_MEN,URBAN_MEN,128631.0,level
2010-12-31,ATY,URBAN_MEN,URBAN_MEN,132764.0,level
2011-12-31,ATY,URBAN_MEN,URBAN_MEN,136466.0,level
2012-12-31,ATY,URBAN_MEN,URBAN_MEN,140217.5,level
2013-12-31,ATY,URBAN_MEN,URBAN_MEN,144314.0,level
2014-12-31,ATY,URBAN_MEN,URBAN_MEN,148981.5,level
2015-12-31,ATY,URBAN_MEN,URBAN_MEN,154134.5,level
2016-12-31,ATY,URBAN_MEN,URBAN_MEN,159390.5,level
2017-12-31,ATY,URBAN_MEN,URBAN_MEN,164128.0,level
2018-12-31,ATY,URBAN_MEN,URBAN_MEN,167884.0,level
2019-12-31,ATY,URBAN_MEN,URBAN_MEN,170753.5,level
2020-12-31,ATY,URBAN_MEN,URBAN_MEN,173309.0,level
2021-12-31,ATY,URBAN_MEN,URBAN_MEN,176023.0,level
2022-12-31,ATY,URBAN_MEN,URBAN_MEN,183435.5,level
2023-12-31,ATY,URBAN_MEN,URBAN_MEN,186814.0,level
2024-12-31,ATY,URBAN_MEN,URBAN_MEN,188912.0,level
2025-12-31,ATY,URBAN_MEN,URBAN_MEN,189755.5,level
1991-12-31,KRG,URBAN_MEN,URBAN_MEN,669412.5,level
1992-12-31,KRG,URBAN_MEN,URBAN_MEN,662465.0,level
1993-12-31,KRG,URBAN_MEN,URBAN_MEN,651413.0,level
1994-12-31,KRG,URBAN_MEN,URBAN_MEN,630717.0,level
1995-12-31,KRG,URBAN_MEN,URBAN_MEN,607686.5,level
1996-12-31,KRG,URBAN_MEN,URBAN_MEN,589666.5,level
1997-12-31,KRG,URBAN_MEN,URBAN_MEN,573182.5,level
1998-12-31,KRG,URBAN_MEN,URBAN_MEN,554015.5,level
1999-12-31,KRG,URBAN_MEN,URBAN_MEN,539370.5,level
2000-12-31,KRG,URBAN_MEN,URBAN_MEN,530460.0,level
2001-12-31,KRG,URBAN_MEN,URBAN_MEN,522055.5,level
2002-12-31,KRG,URBAN_MEN,URBAN_MEN,517234.5,level
2003-12-31,KRG,URBAN_MEN,URBAN_MEN,516131.0,level
2004-12-31,KRG,URBAN_MEN,URBAN_MEN,517773.5,level
2005-12-31,KRG,URBAN_MEN,URBAN_MEN,521031.5,level
2006-12-31,KRG,URBAN_MEN,URBAN_MEN,524302.5,level
2007-12-31,KRG,URBAN_MEN,URBAN_MEN,479719.0,level
2008-12-31,KRG,URBAN_MEN,URBAN_MEN,482501.0,level
2009-12-31,KRG,URBAN_MEN,URBAN_MEN,402186.5,level
2010-12-31,KRG,URBAN_MEN,URBAN_MEN,405758.5,level
2011-12-31,KRG,URBAN_MEN,URBAN_MEN,409087.0,level
2012-12-31,KRG,URBAN_MEN,URBAN_MEN,412137.5,level
2013-12-31,KRG,URBAN_MEN,URBAN_MEN,415724.5,level
2014-12-31,KRG,URBAN_MEN,URBAN_MEN,420410.0,level
2015-12-31,KRG,URBAN_MEN,URBAN_MEN,424990.0,level
2016-12-31,KRG,URBAN_MEN,URBAN_MEN,427862.0,level
2017-12-31,KRG,URBAN_MEN,URBAN_MEN,428968.0,level
2018-12-31,KRG,URBAN_MEN,URBAN_MEN,429004.5,level
2019-12-31,KRG,URBAN_MEN,URBAN_MEN,428957.5,level
2020-12-31,KRG,URBAN_MEN,URBAN_MEN,429727.5,level
2021-12-31,KRG,URBAN_MEN,URBAN_MEN,430361.0,level
2022-12-31,KRG,URBAN_MEN,URBAN_MEN,434025.0,level
2023-12-31,KRG,URBAN_MEN,URBAN_MEN,436003.0,level
2024-12-31,KRG,URBAN_MEN,URBAN_MEN,438034.0,level
2025-12-31,KRG,URBAN_MEN,URBAN_MEN,439988.5,level
1991-12-31,KST,URBAN_MEN,URBAN_MEN,305977.0,level
1992-12-31,KST,URBAN_MEN,URBAN_MEN,306444.5,level
1993-12-31,KST,URBAN_MEN,URBAN_MEN,302405.5,level
1994-12-31,KST,URBAN_MEN,URBAN_MEN,294028.5,level
1995-12-31,KST,URBAN_MEN,URBAN_MEN,285313.0,level
1996-12-31,KST,URBAN_MEN,URBAN_MEN,279380.5,level
1997-12-31,KST,URBAN_MEN,URBAN_MEN,273255.5,level
1998-12-31,KST,URBAN_MEN,URBAN_MEN,262366.5,level
1999-12-31,KST,URBAN_MEN,URBAN_MEN,250517.0,level
2000-12-31,KST,URBAN_MEN,URBAN_MEN,241190.0,level
2001-12-31,KST,URBAN_MEN,URBAN_MEN,233435.5,level
2002-12-31,KST,URBAN_MEN,URBAN_MEN,228858.5,level
2003-12-31,KST,URBAN_MEN,URBAN_MEN,227422.5,level
2004-12-31,KST,URBAN_MEN,URBAN_MEN,228029.0,level
2005-12-31,KST,URBAN_MEN,URBAN_MEN,224309.0,level
2006-12-31,KST,URBAN_MEN,URBAN_MEN,220518.5,level
2007-12-31,KST,URBAN_MEN,URBAN_MEN,195570.0,level
2008-12-31,KST,URBAN_MEN,URBAN_MEN,200469.0,level
2009-12-31,KST,URBAN_MEN,URBAN_MEN,211813.5,level
2010-12-31,KST,URBAN_MEN,URBAN_MEN,212848.0,level
2011-12-31,KST,URBAN_MEN,URBAN_MEN,214366.5,level
2012-12-31,KST,URBAN_MEN,URBAN_MEN,216340.5,level
2013-12-31,KST,URBAN_MEN,URBAN_MEN,218424.5,level
2014-12-31,KST,URBAN_MEN,URBAN_MEN,220900.5,level
2015-12-31,KST,URBAN_MEN,URBAN_MEN,224068.5,level
2016-12-31,KST,URBAN_MEN,URBAN_MEN,226233.5,level
2017-12-31,KST,URBAN_MEN,URBAN_MEN,227730.0,level
2018-12-31,KST,URBAN_MEN,URBAN_MEN,229560.0,level
2019-12-31,KST,URBAN_MEN,URBAN_MEN,231074.0,level
2020-12-31,KST,URBAN_MEN,URBAN_MEN,232201.5,level
2021-12-31,KST,URBAN_MEN,URBAN_MEN,232660.0,level
2022-12-31,KST,URBAN_MEN,URBAN_MEN,241075.5,level
2023-12-31,KST,URBAN_MEN,URBAN_MEN,242426.0,level
2024-12-31,KST,URBAN_MEN,URBAN_MEN,243915.0,level
2025-12-31,KST,URBAN_MEN,URBAN_MEN,245585.5,level
1991-12-31,KZL,URBAN_MEN,URBAN_MEN,173170.0,level
1992-12-31,KZL,URBAN_MEN,URBAN_MEN,176662.5,level
1993-12-31,KZL,URBAN_MEN,URBAN_MEN,177972.0,level
1994-12-31,KZL,URBAN_MEN,URBAN_MEN,176736.0,level
1995-12-31,KZL,URBAN_MEN,URBAN_MEN,175070.5,level
1996-12-31,KZL,URBAN_MEN,URBAN_MEN,174281.5,level
1997-12-31,KZL,URBAN_MEN,URBAN_MEN,175096.5,level
1998-12-31,KZL,URBAN_MEN,URBAN_MEN,176081.0,level
1999-12-31,KZL,URBAN_MEN,URBAN_MEN,176768.5,level
2000-12-31,KZL,URBAN_MEN,URBAN_MEN,176519.5,level
2001-12-31,KZL,URBAN_MEN,URBAN_MEN,175752.0,level
2002-12-31,KZL,URBAN_MEN,URBAN_MEN,175724.5,level
2003-12-31,KZL,URBAN_MEN,URBAN_MEN,176460.5,level
2004-12-31,KZL,URBAN_MEN,URBAN_MEN,177418.0,level
2005-12-31,KZL,URBAN_MEN,URBAN_MEN,178903.0,level
2006-12-31,KZL,URBAN_MEN,URBAN_MEN,180847.0,level
2007-12-31,KZL,URBAN_MEN,URBAN_MEN,106797.0,level
2008-12-31,KZL,URBAN_MEN,URBAN_MEN,137876.0,level
2009-12-31,KZL,URBAN_MEN,URBAN_MEN,139279.0,level
2010-12-31,KZL,URBAN_MEN,URBAN_MEN,142259.0,level
2011-12-31,KZL,URBAN_MEN,URBAN_MEN,145339.0,level
2012-12-31,KZL,URBAN_MEN,URBAN_MEN,149019.5,level
2013-12-31,KZL,URBAN_MEN,URBAN_MEN,152708.0,level
2014-12-31,KZL,URBAN_MEN,URBAN_MEN,156543.5,level
2015-12-31,KZL,URBAN_MEN,URBAN_MEN,160821.5,level
2016-12-31,KZL,URBAN_MEN,URBAN_MEN,164725.5,level
2017-12-31,KZL,URBAN_MEN,URBAN_MEN,167876.5,level
2018-12-31,KZL,URBAN_MEN,URBAN_MEN,170869.0,level
2019-12-31,KZL,URBAN_MEN,URBAN_MEN,174124.5,level
2020-12-31,KZL,URBAN_MEN,URBAN_MEN,177504.5,level
2021-12-31,KZL,URBAN_MEN,URBAN_MEN,181125.0,level
2022-12-31,KZL,URBAN_MEN,URBAN_MEN,190261.5,level
2023-12-31,KZL,URBAN_MEN,URBAN_MEN,192796.0,level
2024-12-31,KZL,URBAN_MEN,URBAN_MEN,194798.5,level
2025-12-31,KZL,URBAN_MEN,URBAN_MEN,196062.0,level
1991-12-31,MNG,URBAN_MEN,URBAN_MEN,150102.5,level
1992-12-31,MNG,URBAN_MEN,URBAN_MEN,150518.0,level
1993-12-31,MNG,URBAN_MEN,URBAN_MEN,139047.0,level
1994-12-31,MNG,URBAN_MEN,URBAN_MEN,123300.5,level
1995-12-31,MNG,URBAN_MEN,URBAN_MEN,118530.5,level
1996-12-31,MNG,URBAN_MEN,URBAN_MEN,119602.5,level
1997-12-31,MNG,URBAN_MEN,URBAN_MEN,121429.5,level
1998-12-31,MNG,URBAN_MEN,URBAN_MEN,121667.0,level
1999-12-31,MNG,URBAN_MEN,URBAN_MEN,120994.5,level
2000-12-31,MNG,URBAN_MEN,URBAN_MEN,122171.0,level
2001-12-31,MNG,URBAN_MEN,URBAN_MEN,123660.5,level
2002-12-31,MNG,URBAN_MEN,URBAN_MEN,126193.5,level
2003-12-31,MNG,URBAN_MEN,URBAN_MEN,129393.5,level
2004-12-31,MNG,URBAN_MEN,URBAN_MEN,132624.5,level
2005-12-31,MNG,URBAN_MEN,URBAN_MEN,131650.0,level
2006-12-31,MNG,URBAN_MEN,URBAN_MEN,129992.0,level
2007-12-31,MNG,URBAN_MEN,URBAN_MEN,113128.0,level
2008-12-31,MNG,URBAN_MEN,URBAN_MEN,126964.0,level
2009-12-31,MNG,URBAN_MEN,URBAN_MEN,120808.5,level
2010-12-31,MNG,URBAN_MEN,URBAN_MEN,124342.5,level
2011-12-31,MNG,URBAN_MEN,URBAN_MEN,127645.0,level
2012-12-31,MNG,URBAN_MEN,URBAN_MEN,130695.5,level
2013-12-31,MNG,URBAN_MEN,URBAN_MEN,133473.0,level
2014-12-31,MNG,URBAN_MEN,URBAN_MEN,136322.0,level
2015-12-31,MNG,URBAN_MEN,URBAN_MEN,138810.0,level
2016-12-31,MNG,URBAN_MEN,URBAN_MEN,140308.0,level
2017-12-31,MNG,URBAN_MEN,URBAN_MEN,139978.0,level
2018-12-31,MNG,URBAN_MEN,URBAN_MEN,139416.0,level
2019-12-31,MNG,URBAN_MEN,URBAN_MEN,140899.5,level
2020-12-31,MNG,URBAN_MEN,URBAN_MEN,144772.0,level
2021-12-31,MNG,URBAN_MEN,URBAN_MEN,150047.0,level
2022-12-31,MNG,URBAN_MEN,URBAN_MEN,165736.5,level
2023-12-31,MNG,URBAN_MEN,URBAN_MEN,170844.5,level
2024-12-31,MNG,URBAN_MEN,URBAN_MEN,176372.0,level
2025-12-31,MNG,URBAN_MEN,URBAN_MEN,182314.0,level
1991-12-31,PVL,URBAN_MEN,URBAN_MEN,294011.0,level
1992-12-31,PVL,URBAN_MEN,URBAN_MEN,291080.5,level
1993-12-31,PVL,URBAN_MEN,URBAN_MEN,278591.0,level
1994-12-31,PVL,URBAN_MEN,URBAN_MEN,265882.5,level
1995-12-31,PVL,URBAN_MEN,URBAN_MEN,259963.0,level
1996-12-31,PVL,URBAN_MEN,URBAN_MEN,255830.0,level
1997-12-31,PVL,URBAN_MEN,URBAN_MEN,250586.0,level
1998-12-31,PVL,URBAN_MEN,URBAN_MEN,243200.0,level
1999-12-31,PVL,URBAN_MEN,URBAN_MEN,236547.0,level
2000-12-31,PVL,URBAN_MEN,URBAN_MEN,231038.5,level
2001-12-31,PVL,URBAN_MEN,URBAN_MEN,226806.5,level
2002-12-31,PVL,URBAN_MEN,URBAN_MEN,223943.5,level
2003-12-31,PVL,URBAN_MEN,URBAN_MEN,223017.0,level
2004-12-31,PVL,URBAN_MEN,URBAN_MEN,224320.0,level
2005-12-31,PVL,URBAN_MEN,URBAN_MEN,225276.5,level
2006-12-31,PVL,URBAN_MEN,URBAN_MEN,226235.0,level
2007-12-31,PVL,URBAN_MEN,URBAN_MEN,223989.0,level
2008-12-31,PVL,URBAN_MEN,URBAN_MEN,231785.0,level
2009-12-31,PVL,URBAN_MEN,URBAN_MEN,232952.0,level
2010-12-31,PVL,URBAN_MEN,URBAN_MEN,234731.0,level
2011-12-31,PVL,URBAN_MEN,URBAN_MEN,236101.0,level
2012-12-31,PVL,URBAN_MEN,URBAN_MEN,237615.0,level
2013-12-31,PVL,URBAN_MEN,URBAN_MEN,240087.5,level
2014-12-31,PVL,URBAN_MEN,URBAN_MEN,242917.5,level
2015-12-31,PVL,URBAN_MEN,URBAN_MEN,245278.5,level
2016-12-31,PVL,URBAN_MEN,URBAN_MEN,246568.5,level
2017-12-31,PVL,URBAN_MEN,URBAN_MEN,246557.5,level
2018-12-31,PVL,URBAN_MEN,URBAN_MEN,246012.5,level
2019-12-31,PVL,URBAN_MEN,URBAN_MEN,245357.5,level
2020-12-31,PVL,URBAN_MEN,URBAN_MEN,244944.5,level
2021-12-31,PVL,URBAN_MEN,URBAN_MEN,244426.0,level
2022-12-31,PVL,URBAN_MEN,URBAN_MEN,249566.0,level
2023-12-31,PVL,URBAN_MEN,URBAN_MEN,249654.5,level
2024-12-31,PVL,URBAN_MEN,URBAN_MEN,250170.5,level
2025-12-31,PVL,URBAN_MEN,URBAN_MEN,250273.0,level
2009-12-31,SHM,URBAN_MEN,URBAN_MEN,352409.5,level
2010-12-31,SHM,URBAN_MEN,URBAN_MEN,360549.0,level
2011-12-31,SHM,URBAN_MEN,URBAN_MEN,369221.0,level
2012-12-31,SHM,URBAN_MEN,URBAN_MEN,379249.0,level
2013-12-31,SHM,URBAN_MEN,URBAN_MEN,390889.0,level
2014-12-31,SHM,URBAN_MEN,URBAN_MEN,403897.5,level
2015-12-31,SHM,URBAN_MEN,URBAN_MEN,418244.5,level
2016-12-31,SHM,URBAN_MEN,URBAN_MEN,431961.0,level
2017-12-31,SHM,URBAN_MEN,URBAN_MEN,448370.5,level
2018-12-31,SHM,URBAN_MEN,URBAN_MEN,471333.5,level
2019-12-31,SHM,URBAN_MEN,URBAN_MEN,492323.5,level
2020-12-31,SHM,URBAN_MEN,URBAN_MEN,509798.0,level
2021-12-31,SHM,URBAN_MEN,URBAN_MEN,529164.0,level
2022-12-31,SHM,URBAN_MEN,URBAN_MEN,568083.5,level
2023-12-31,SHM,URBAN_MEN,URBAN_MEN,583072.5,level
2024-12-31,SHM,URBAN_MEN,URBAN_MEN,599341.0,level
2025-12-31,SHM,URBAN_MEN,URBAN_MEN,617417.5,level
1991-12-31,SKO,URBAN_MEN,URBAN_MEN,156516.0,level
1992-12-31,SKO,URBAN_MEN,URBAN_MEN,155893.5,level
1993-12-31,SKO,URBAN_MEN,URBAN_MEN,154132.5,level
1994-12-31,SKO,URBAN_MEN,URBAN_MEN,150439.5,level
1995-12-31,SKO,URBAN_MEN,URBAN_MEN,145165.0,level
1996-12-31,SKO,URBAN_MEN,URBAN_MEN,140162.0,level
1997-12-31,SKO,URBAN_MEN,URBAN_MEN,134247.0,level
1998-12-31,SKO,URBAN_MEN,URBAN_MEN,129096.5,level
1999-12-31,SKO,URBAN_MEN,URBAN_MEN,126163.0,level
2000-12-31,SKO,URBAN_MEN,URBAN_MEN,123916.5,level
2001-12-31,SKO,URBAN_MEN,URBAN_MEN,121656.0,level
2002-12-31,SKO,URBAN_MEN,URBAN_MEN,118859.0,level
2003-12-31,SKO,URBAN_MEN,URBAN_MEN,115106.0,level
2004-12-31,SKO,URBAN_MEN,URBAN_MEN,108200.0,level
2005-12-31,SKO,URBAN_MEN,URBAN_MEN,103456.5,level
2006-12-31,SKO,URBAN_MEN,URBAN_MEN,104246.0,level
2007-12-31,SKO,URBAN_MEN,URBAN_MEN,105003.0,level
2008-12-31,SKO,URBAN_MEN,URBAN_MEN,107430.0,level
2009-12-31,SKO,URBAN_MEN,URBAN_MEN,108156.0,level
2010-12-31,SKO,URBAN_MEN,URBAN_MEN,108438.5,level
2011-12-31,SKO,URBAN_MEN,URBAN_MEN,108538.5,level
2012-12-31,SKO,URBAN_MEN,URBAN_MEN,108639.5,level
2013-12-31,SKO,URBAN_MEN,URBAN_MEN,109240.5,level
2014-12-31,SKO,URBAN_MEN,URBAN_MEN,110184.5,level
2015-12-31,SKO,URBAN_MEN,URBAN_MEN,112063.0,level
2016-12-31,SKO,URBAN_MEN,URBAN_MEN,113554.0,level
2017-12-31,SKO,URBAN_MEN,URBAN_MEN,114059.5,level
2018-12-31,SKO,URBAN_MEN,URBAN_MEN,114742.0,level
2019-12-31,SKO,URBAN_MEN,URBAN_MEN,115075.5,level
2020-12-31,SKO,URBAN_MEN,URBAN_MEN,115193.5,level
2021-12-31,SKO,URBAN_MEN,URBAN_MEN,115237.0,level
2022-12-31,SKO,URBAN_MEN,URBAN_MEN,120262.0,level
2023-12-31,SKO,URBAN_MEN,URBAN_MEN,120458.0,level
2024-12-31,SKO,URBAN_MEN,URBAN_MEN,120428.5,level
2025-12-31,SKO,URBAN_MEN,URBAN_MEN,120267.5,level
2009-12-31,TRK,URBAN_MEN,URBAN_MEN,181917.0,level
2010-12-31,TRK,URBAN_MEN,URBAN_MEN,185163.0,level
2011-12-31,TRK,URBAN_MEN,URBAN_MEN,188102.0,level
2012-12-31,TRK,URBAN_MEN,URBAN_MEN,190763.5,level
2013-12-31,TRK,URBAN_MEN,URBAN_MEN,192704.0,level
2014-12-31,TRK,URBAN_MEN,URBAN_MEN,194360.5,level
2015-12-31,TRK,URBAN_MEN,URBAN_MEN,196138.5,level
2016-12-31,TRK,URBAN_MEN,URBAN_MEN,196604.5,level
2017-12-31,TRK,URBAN_MEN,URBAN_MEN,196128.5,level
2018-12-31,TRK,URBAN_MEN,URBAN_MEN,196517.0,level
2019-12-31,TRK,URBAN_MEN,URBAN_MEN,200925.5,level
2020-12-31,TRK,URBAN_MEN,URBAN_MEN,207974.5,level
2021-12-31,TRK,URBAN_MEN,URBAN_MEN,215314.0,level
2022-12-31,TRK,URBAN_MEN,URBAN_MEN,259691.0,level
2023-12-31,TRK,URBAN_MEN,URBAN_MEN,264639.0,level
2024-12-31,TRK,URBAN_MEN,URBAN_MEN,269224.0,level
2025-12-31,TRK,URBAN_MEN,URBAN_MEN,272541.0,level
2009-12-31,ULT,URBAN_MEN,URBAN_MEN,82675.0,level
2010-12-31,ULT,URBAN_MEN,URBAN_MEN,82864.5,level
2011-12-31,ULT,URBAN_MEN,URBAN_MEN,82897.0,level
2012-12-31,ULT,URBAN_MEN,URBAN_MEN,82780.0,level
2013-12-31,ULT,URBAN_MEN,URBAN_MEN,82754.5,level
2014-12-31,ULT,URBAN_MEN,URBAN_MEN,82896.0,level
2015-12-31,ULT,URBAN_MEN,URBAN_MEN,83171.5,level
2016-12-31,ULT,URBAN_MEN,URBAN_MEN,83240.0,level
2017-12-31,ULT,URBAN_MEN,URBAN_MEN,83139.0,level
2018-12-31,ULT,URBAN_MEN,URBAN_MEN,83347.0,level
2019-12-31,ULT,URBAN_MEN,URBAN_MEN,83690.5,level
2020-12-31,ULT,URBAN_MEN,URBAN_MEN,83864.0,level
2021-12-31,ULT,URBAN_MEN,URBAN_MEN,83767.0,level
2022-12-31,ULT,URBAN_MEN,URBAN_MEN,84201.5,level
2023-12-31,ULT,URBAN_MEN,URBAN_MEN,84563.0,level
2024-12-31,ULT,URBAN_MEN,URBAN_MEN,84778.0,level
2025-12-31,ULT,URBAN_MEN,URBAN_MEN,84506.5,level
1991-12-31,VKO,URBAN_MEN,URBAN_MEN,492350.0,level
1992-12-31,VKO,URBAN_MEN,URBAN_MEN,490070.0,level
1993-12-31,VKO,URBAN_MEN,URBAN_MEN,483266.0,level
1994-12-31,VKO,URBAN_MEN,URBAN_MEN,466997.0,level
1995-12-31,VKO,URBAN_MEN,URBAN_MEN,449224.0,level
1996-12-31,VKO,URBAN_MEN,URBAN_MEN,438189.0,level
1997-12-31,VKO,URBAN_MEN,URBAN_MEN,428678.0,level
1998-12-31,VKO,URBAN_MEN,URBAN_MEN,420409.5,level
1999-12-31,VKO,URBAN_MEN,URBAN_MEN,413691.5,level
2000-12-31,VKO,URBAN_MEN,URBAN_MEN,407987.5,level
2001-12-31,VKO,URBAN_MEN,URBAN_MEN,402466.0,level
2002-12-31,VKO,URBAN_MEN,URBAN_MEN,397750.5,level
2003-12-31,VKO,URBAN_MEN,URBAN_MEN,394219.0,level
2004-12-31,VKO,URBAN_MEN,URBAN_MEN,391443.5,level
2005-12-31,VKO,URBAN_MEN,URBAN_MEN,389264.0,level
2006-12-31,VKO,URBAN_MEN,URBAN_MEN,388012.5,level
2007-12-31,VKO,URBAN_MEN,URBAN_MEN,346174.0,level
2008-12-31,VKO,URBAN_MEN,URBAN_MEN,367650.0,level
2009-12-31,VKO,URBAN_MEN,URBAN_MEN,201531.5,level
2010-12-31,VKO,URBAN_MEN,URBAN_MEN,201876.5,level
2011-12-31,VKO,URBAN_MEN,URBAN_MEN,202542.0,level
2012-12-31,VKO,URBAN_MEN,URBAN_MEN,202939.0,level
2013-12-31,VKO,URBAN_MEN,URBAN_MEN,203984.0,level
2014-12-31,VKO,URBAN_MEN,URBAN_MEN,205643.5,level
2015-12-31,VKO,URBAN_MEN,URBAN_MEN,207173.0,level
2016-12-31,VKO,URBAN_MEN,URBAN_MEN,208435.0,level
2017-12-31,VKO,URBAN_MEN,URBAN_MEN,209932.0,level
2018-12-31,VKO,URBAN_MEN,URBAN_MEN,211592.5,level
2019-12-31,VKO,URBAN_MEN,URBAN_MEN,212083.5,level
2020-12-31,VKO,URBAN_MEN,URBAN_MEN,212306.5,level
2021-12-31,VKO,URBAN_MEN,URBAN_MEN,212627.0,level
2022-12-31,VKO,URBAN_MEN,URBAN_MEN,225392.5,level
2023-12-31,VKO,URBAN_MEN,URBAN_MEN,225861.0,level
2024-12-31,VKO,URBAN_MEN,URBAN_MEN,226610.5,level
2025-12-31,VKO,URBAN_MEN,URBAN_MEN,227394.5,level
1991-12-31,YKO,URBAN_MEN,URBAN_MEN,361927.0,level
1992-12-31,YKO,URBAN_MEN,URBAN_MEN,364745.5,level
1993-12-31,YKO,URBAN_MEN,URBAN_MEN,365351.5,level
1994-12-31,YKO,URBAN_MEN,URBAN_MEN,363460.5,level
1995-12-31,YKO,URBAN_MEN,URBAN_MEN,360391.0,level
1996-12-31,YKO,URBAN_MEN,URBAN_MEN,358722.0,level
1997-12-31,YKO,URBAN_MEN,URBAN_MEN,356012.5,level
1998-12-31,YKO,URBAN_MEN,URBAN_MEN,360892.5,level
1999-12-31,YKO,URBAN_MEN,URBAN_MEN,372054.0,level
2000-12-31,YKO,URBAN_MEN,URBAN_MEN,386697.0,level
2001-12-31,YKO,URBAN_MEN,URBAN_MEN,402017.5,level
2002-12-31,YKO,URBAN_MEN,URBAN_MEN,408489.0,level
2003-12-31,YKO,URBAN_MEN,URBAN_MEN,413182.0,level
2004-12-31,YKO,URBAN_MEN,URBAN_MEN,419213.0,level
2005-12-31,YKO,URBAN_MEN,URBAN_MEN,425134.5,level
2006-12-31,YKO,URBAN_MEN,URBAN_MEN,431762.5,level
2007-12-31,YKO,URBAN_MEN,URBAN_MEN,423427.0,level
2008-12-31,YKO,URBAN_MEN,URBAN_MEN,465170.0,level
1991-12-31,ZHM,URBAN_MEN,URBAN_MEN,235898.0,level
1992-12-31,ZHM,URBAN_MEN,URBAN_MEN,234158.0,level
1993-12-31,ZHM,URBAN_MEN,URBAN_MEN,230359.0,level
1994-12-31,ZHM,URBAN_MEN,URBAN_MEN,222433.5,level
1995-12-31,ZHM,URBAN_MEN,URBAN_MEN,214868.0,level
1996-12-31,ZHM,URBAN_MEN,URBAN_MEN,211335.5,level
1997-12-31,ZHM,URBAN_MEN,URBAN_MEN,207703.5,level
1998-12-31,ZHM,URBAN_MEN,URBAN_MEN,208869.0,level
1999-12-31,ZHM,URBAN_MEN,URBAN_MEN,211206.5,level
2000-12-31,ZHM,URBAN_MEN,URBAN_MEN,208637.0,level
2001-12-31,ZHM,URBAN_MEN,URBAN_MEN,206274.0,level
2002-12-31,ZHM,URBAN_MEN,URBAN_MEN,205221.5,level
2003-12-31,ZHM,URBAN_MEN,URBAN_MEN,205617.5,level
2004-12-31,ZHM,URBAN_MEN,URBAN_MEN,207031.0,level
2005-12-31,ZHM,URBAN_MEN,URBAN_MEN,208833.0,level
2006-12-31,ZHM,URBAN_MEN,URBAN_MEN,210162.0,level
2007-12-31,ZHM,URBAN_MEN,URBAN_MEN,196460.0,level
2008-12-31,ZHM,URBAN_MEN,URBAN_MEN,194953.0,level
2009-12-31,ZHM,URBAN_MEN,URBAN_MEN,196199.0,level
2010-12-31,ZHM,URBAN_MEN,URBAN_MEN,198171.0,level
2011-12-31,ZHM,URBAN_MEN,URBAN_MEN,199094.5,level
2012-12-31,ZHM,URBAN_MEN,URBAN_MEN,200678.0,level
2013-12-31,ZHM,URBAN_MEN,URBAN_MEN,204102.5,level
2014-12-31,ZHM,URBAN_MEN,URBAN_MEN,207812.5,level
2015-12-31,ZHM,URBAN_MEN,URBAN_MEN,211207.0,level
2016-12-31,ZHM,URBAN_MEN,URBAN_MEN,212863.0,level
2017-12-31,ZHM,URBAN_MEN,URBAN_MEN,211792.5,level
2018-12-31,ZHM,URBAN_MEN,URBAN_MEN,211590.0,level
2019-12-31,ZHM,URBAN_MEN,URBAN_MEN,212692.5,level
2020-12-31,ZHM,URBAN_MEN,URBAN_MEN,214452.5,level
2021-12-31,ZHM,URBAN_MEN,URBAN_MEN,217540.0,level
2022-12-31,ZHM,URBAN_MEN,URBAN_MEN,252448.5,level
2023-12-31,ZHM,URBAN_MEN,URBAN_MEN,254768.0,level
2024-12-31,ZHM,URBAN_MEN,URBAN_MEN,256869.5,level
2025-12-31,ZHM,URBAN_MEN,URBAN_MEN,283015.5,level
2009-12-31,ZHT,URBAN_MEN,URBAN_MEN,116554.0,level
2010-12-31,ZHT,URBAN_MEN,URBAN_MEN,118369.5,level
2011-12-31,ZHT,URBAN_MEN,URBAN_MEN,120172.0,level
2012-12-31,ZHT,URBAN_MEN,URBAN_MEN,122091.0,level
2013-12-31,ZHT,URBAN_MEN,URBAN_MEN,124053.0,level
2014-12-31,ZHT,URBAN_MEN,URBAN_MEN,126232.0,level
2015-12-31,ZHT,URBAN_MEN,URBAN_MEN,128360.5,level
2016-12-31,ZHT,URBAN_MEN,URBAN_MEN,129819.0,level
2017-12-31,ZHT,URBAN_MEN,URBAN_MEN,130053.5,level
2018-12-31,ZHT,URBAN_MEN,URBAN_MEN,129300.0,level
2019-12-31,ZHT,URBAN_MEN,URBAN_MEN,128780.0,level
2020-12-31,ZHT,URBAN_MEN,URBAN_MEN,129252.5,level
2021-12-31,ZHT,URBAN_MEN,URBAN_MEN,130399.0,level
2022-12-31,ZHT,URBAN_MEN,URBAN_MEN,148475.5,level
2023-12-31,ZHT,URBAN_MEN,URBAN_MEN,148832.0,level
2024-12-31,ZHT,URBAN_MEN,URBAN_MEN,148969.0,level
2025-12-31,ZHT,URBAN_MEN,URBAN_MEN,151505.0,level
1991-12-31,ZKO,URBAN_MEN,URBAN_MEN,125059.5,level
1992-12-31,ZKO,URBAN_MEN,URBAN_MEN,123154.0,level
1993-12-31,ZKO,URBAN_MEN,URBAN_MEN,124082.0,level
1994-12-31,ZKO,URBAN_MEN,URBAN_MEN,123081.5,level
1995-12-31,ZKO,URBAN_MEN,URBAN_MEN,121211.0,level
1996-12-31,ZKO,URBAN_MEN,URBAN_MEN,120324.0,level
1997-12-31,ZKO,URBAN_MEN,URBAN_MEN,119183.0,level
1998-12-31,ZKO,URBAN_MEN,URBAN_MEN,116925.5,level
1999-12-31,ZKO,URBAN_MEN,URBAN_MEN,114295.0,level
2000-12-31,ZKO,URBAN_MEN,URBAN_MEN,112787.5,level
2001-12-31,ZKO,URBAN_MEN,URBAN_MEN,113768.5,level
2002-12-31,ZKO,URBAN_MEN,URBAN_MEN,116929.5,level
2003-12-31,ZKO,URBAN_MEN,URBAN_MEN,119520.0,level
2004-12-31,ZKO,URBAN_MEN,URBAN_MEN,120782.0,level
2005-12-31,ZKO,URBAN_MEN,URBAN_MEN,122291.0,level
2006-12-31,ZKO,URBAN_MEN,URBAN_MEN,123464.5,level
2007-12-31,ZKO,URBAN_MEN,URBAN_MEN,124601.0,level
2008-12-31,ZKO,URBAN_MEN,URBAN_MEN,128449.0,level
2009-12-31,ZKO,URBAN_MEN,URBAN_MEN,129190.0,level
2010-12-31,ZKO,URBAN_MEN,URBAN_MEN,132176.0,level
2011-12-31,ZKO,URBAN_MEN,URBAN_MEN,135081.0,level
2012-12-31,ZKO,URBAN_MEN,URBAN_MEN,137885.5,level
2013-12-31,ZKO,URBAN_MEN,URBAN_MEN,140752.5,level
2014-12-31,ZKO,URBAN_MEN,URBAN_MEN,143640.5,level
2015-12-31,ZKO,URBAN_MEN,URBAN_MEN,145987.5,level
2016-12-31,ZKO,URBAN_MEN,URBAN_MEN,148735.5,level
2017-12-31,ZKO,URBAN_MEN,URBAN_MEN,152744.0,level
2018-12-31,ZKO,URBAN_MEN,URBAN_MEN,156583.0,level
2019-12-31,ZKO,URBAN_MEN,URBAN_MEN,159600.0,level
2020-12-31,ZKO,URBAN_MEN,URBAN_MEN,162043.0,level
2021-12-31,ZKO,URBAN_MEN,URBAN_MEN,164035.0,level
2022-12-31,ZKO,URBAN_MEN,URBAN_MEN,182591.5,level
2023-12-31,ZKO,URBAN_MEN,URBAN_MEN,184973.5,level
2024-12-31,ZKO,URBAN_MEN,URBAN_MEN,187796.0,level
2025-12-31,ZKO,URBAN_MEN,URBAN_MEN,190173.0,level
1991-12-31,national,URBAN_MEN,URBAN_MEN,4443658.5,level
1992-12-31,national,URBAN_MEN,URBAN_MEN,4430433.5,level
1993-12-31,national,URBAN_MEN,URBAN_MEN,4365864.5,level
1994-12-31,national,URBAN_MEN,URBAN_MEN,4250293.0,level
1995-12-31,national,URBAN_MEN,URBAN_MEN,4141307.5,level
1996-12-31,national,URBAN_MEN,URBAN_MEN,4075658.0,level
1997-12-31,national,URBAN_MEN,URBAN_MEN,4014495.0,level
1998-12-31,national,URBAN_MEN,URBAN_MEN,3958300.5,level
1999-12-31,national,URBAN_MEN,URBAN_MEN,3933622.0,level
2000-12-31,national,URBAN_MEN,URBAN_MEN,3933996.5,level
2001-12-31,national,URBAN_MEN,URBAN_MEN,3942352.5,level
2002-12-31,national,URBAN_MEN,URBAN_MEN,3952649.0,level
2003-12-31,national,URBAN_MEN,URBAN_MEN,3971520.5,level
2004-12-31,national,URBAN_MEN,URBAN_MEN,4005198.5,level
2005-12-31,national,URBAN_MEN,URBAN_MEN,4044092.0,level
2006-12-31,national,URBAN_MEN,URBAN_MEN,4094572.0,level
2007-12-31,national,URBAN_MEN,URBAN_MEN,3815422.0,level
2008-12-31,national,URBAN_MEN,URBAN_MEN,4056041.0,level
2009-12-31,national,URBAN_MEN,URBAN_MEN,4243060.5,level
2010-12-31,national,URBAN_MEN,URBAN_MEN,4319707.0,level
2011-12-31,national,URBAN_MEN,URBAN_MEN,4395943.0,level
2012-12-31,national,URBAN_MEN,URBAN_MEN,4472182.0,level
2013-12-31,national,URBAN_MEN,URBAN_MEN,4554395.0,level
2014-12-31,national,URBAN_MEN,URBAN_MEN,4646994.0,level
2015-12-31,national,URBAN_MEN,URBAN_MEN,4745080.0,level
2016-12-31,national,URBAN_MEN,URBAN_MEN,4847887.0,level
2017-12-31,national,URBAN_MEN,URBAN_MEN,4945461.0,level
2018-12-31,national,URBAN_MEN,URBAN_MEN,5035688.0,level
2019-12-31,national,URBAN_MEN,URBAN_MEN,5132399.5,level
2020-12-31,national,URBAN_MEN,URBAN_MEN,5235562.5,level
2021-12-31,national,URBAN_MEN,URBAN_MEN,5338859.0,level
2022-12-31,national,URBAN_MEN,URBAN_MEN,5790868.0,level
2023-12-31,national,URBAN_MEN,URBAN_MEN,5902267.0,level
2024-12-31,national,URBAN_MEN,URBAN_MEN,6025059.5,level
2025-12-31,national,URBAN_MEN,URBAN_MEN,6177370.0,level
2009-12-31,ABY,URBAN_WOMEN,URBAN_WOMEN,193011.5,level
2010-12-31,ABY,URBAN_WOMEN,URBAN_WOMEN,194279.5,level
2011-12-31,ABY,URBAN_WOMEN,URBAN_WOMEN,195466.5,level
2012-12-31,ABY,URBAN_WOMEN,URBAN_WOMEN,196948.5,level
2013-12-31,ABY,URBAN_WOMEN,URBAN_WOMEN,198370.0,level
2014-12-31,ABY,URBAN_WOMEN,URBAN_WOMEN,199297.5,level
2015-12-31,ABY,URBAN_WOMEN,URBAN_WOMEN,201012.0,level
2016-12-31,ABY,URBAN_WOMEN,URBAN_WOMEN,202294.0,level
2017-12-31,ABY,URBAN_WOMEN,URBAN_WOMEN,202927.0,level
2018-12-31,ABY,URBAN_WOMEN,URBAN_WOMEN,203745.5,level
2019-12-31,ABY,URBAN_WOMEN,URBAN_WOMEN,203993.0,level
2020-12-31,ABY,URBAN_WOMEN,URBAN_WOMEN,204052.0,level
2021-12-31,ABY,URBAN_WOMEN,URBAN_WOMEN,204206.0,level
2022-12-31,ABY,URBAN_WOMEN,URBAN_WOMEN,192451.0,level
2023-12-31,ABY,URBAN_WOMEN,URBAN_WOMEN,193210.0,level
2024-12-31,ABY,URBAN_WOMEN,URBAN_WOMEN,193986.0,level
2025-12-31,ABY,URBAN_WOMEN,URBAN_WOMEN,194291.5,level
1991-12-31,AKM,URBAN_WOMEN,URBAN_WOMEN,264938.0,level
1992-12-31,AKM,URBAN_WOMEN,URBAN_WOMEN,262994.5,level
1993-12-31,AKM,URBAN_WOMEN,URBAN_WOMEN,257380.5,level
1994-12-31,AKM,URBAN_WOMEN,URBAN_WOMEN,246926.5,level
1995-12-31,AKM,URBAN_WOMEN,URBAN_WOMEN,235151.0,level
1996-12-31,AKM,URBAN_WOMEN,URBAN_WOMEN,227501.0,level
1997-12-31,AKM,URBAN_WOMEN,URBAN_WOMEN,216341.5,level
1998-12-31,AKM,URBAN_WOMEN,URBAN_WOMEN,204676.0,level
1999-12-31,AKM,URBAN_WOMEN,URBAN_WOMEN,197512.0,level
2000-12-31,AKM,URBAN_WOMEN,URBAN_WOMEN,191932.5,level
2001-12-31,AKM,URBAN_WOMEN,URBAN_WOMEN,187129.5,level
2002-12-31,AKM,URBAN_WOMEN,URBAN_WOMEN,184317.0,level
2003-12-31,AKM,URBAN_WOMEN,URBAN_WOMEN,184827.5,level
2004-12-31,AKM,URBAN_WOMEN,URBAN_WOMEN,186602.5,level
2005-12-31,AKM,URBAN_WOMEN,URBAN_WOMEN,188261.0,level
2006-12-31,AKM,URBAN_WOMEN,URBAN_WOMEN,190151.5,level
2007-12-31,AKM,URBAN_WOMEN,URBAN_WOMEN,177791.0,level
2008-12-31,AKM,URBAN_WOMEN,URBAN_WOMEN,182884.0,level
2009-12-31,AKM,URBAN_WOMEN,URBAN_WOMEN,185049.5,level
2010-12-31,AKM,URBAN_WOMEN,URBAN_WOMEN,184894.0,level
2011-12-31,AKM,URBAN_WOMEN,URBAN_WOMEN,184520.5,level
2012-12-31,AKM,URBAN_WOMEN,URBAN_WOMEN,184998.5,level
2013-12-31,AKM,URBAN_WOMEN,URBAN_WOMEN,186621.0,level
2014-12-31,AKM,URBAN_WOMEN,URBAN_WOMEN,188022.0,level
2015-12-31,AKM,URBAN_WOMEN,URBAN_WOMEN,189872.0,level
2016-12-31,AKM,URBAN_WOMEN,URBAN_WOMEN,190431.5,level
2017-12-31,AKM,URBAN_WOMEN,URBAN_WOMEN,190220.5,level
2018-12-31,AKM,URBAN_WOMEN,URBAN_WOMEN,190689.0,level
2019-12-31,AKM,URBAN_WOMEN,URBAN_WOMEN,191171.5,level
2020-12-31,AKM,URBAN_WOMEN,URBAN_WOMEN,192420.5,level
2021-12-31,AKM,URBAN_WOMEN,URBAN_WOMEN,193608.0,level
2022-12-31,AKM,URBAN_WOMEN,URBAN_WOMEN,230704.0,level
2023-12-31,AKM,URBAN_WOMEN,URBAN_WOMEN,232348.0,level
2024-12-31,AKM,URBAN_WOMEN,URBAN_WOMEN,234106.5,level
2025-12-31,AKM,URBAN_WOMEN,URBAN_WOMEN,236792.0,level
1991-12-31,AKT,URBAN_WOMEN,URBAN_WOMEN,216307.0,level
1992-12-31,AKT,URBAN_WOMEN,URBAN_WOMEN,215302.5,level
1993-12-31,AKT,URBAN_WOMEN,URBAN_WOMEN,213663.5,level
1994-12-31,AKT,URBAN_WOMEN,URBAN_WOMEN,211127.0,level
1995-12-31,AKT,URBAN_WOMEN,URBAN_WOMEN,208426.5,level
1996-12-31,AKT,URBAN_WOMEN,URBAN_WOMEN,207649.5,level
1997-12-31,AKT,URBAN_WOMEN,URBAN_WOMEN,206488.0,level
1998-12-31,AKT,URBAN_WOMEN,URBAN_WOMEN,202747.0,level
1999-12-31,AKT,URBAN_WOMEN,URBAN_WOMEN,198748.0,level
2000-12-31,AKT,URBAN_WOMEN,URBAN_WOMEN,196354.5,level
2001-12-31,AKT,URBAN_WOMEN,URBAN_WOMEN,193866.5,level
2002-12-31,AKT,URBAN_WOMEN,URBAN_WOMEN,193167.0,level
2003-12-31,AKT,URBAN_WOMEN,URBAN_WOMEN,194684.0,level
2004-12-31,AKT,URBAN_WOMEN,URBAN_WOMEN,197236.5,level
2005-12-31,AKT,URBAN_WOMEN,URBAN_WOMEN,200312.5,level
2006-12-31,AKT,URBAN_WOMEN,URBAN_WOMEN,203589.5,level
2007-12-31,AKT,URBAN_WOMEN,URBAN_WOMEN,199495.0,level
2008-12-31,AKT,URBAN_WOMEN,URBAN_WOMEN,243974.0,level
2009-12-31,AKT,URBAN_WOMEN,URBAN_WOMEN,268630.0,level
2010-12-31,AKT,URBAN_WOMEN,URBAN_WOMEN,273867.0,level
2011-12-31,AKT,URBAN_WOMEN,URBAN_WOMEN,279503.5,level
2012-12-31,AKT,URBAN_WOMEN,URBAN_WOMEN,282843.5,level
2013-12-31,AKT,URBAN_WOMEN,URBAN_WOMEN,286522.0,level
2014-12-31,AKT,URBAN_WOMEN,URBAN_WOMEN,291891.5,level
2015-12-31,AKT,URBAN_WOMEN,URBAN_WOMEN,297960.5,level
2016-12-31,AKT,URBAN_WOMEN,URBAN_WOMEN,303965.0,level
2017-12-31,AKT,URBAN_WOMEN,URBAN_WOMEN,311203.0,level
2018-12-31,AKT,URBAN_WOMEN,URBAN_WOMEN,318423.0,level
2019-12-31,AKT,URBAN_WOMEN,URBAN_WOMEN,324903.5,level
2020-12-31,AKT,URBAN_WOMEN,URBAN_WOMEN,331468.0,level
2021-12-31,AKT,URBAN_WOMEN,URBAN_WOMEN,337413.0,level
2022-12-31,AKT,URBAN_WOMEN,URBAN_WOMEN,355337.0,level
2023-12-31,AKT,URBAN_WOMEN,URBAN_WOMEN,360921.0,level
2024-12-31,AKT,URBAN_WOMEN,URBAN_WOMEN,367217.0,level
2025-12-31,AKT,URBAN_WOMEN,URBAN_WOMEN,373653.5,level
1991-12-31,ALA,URBAN_WOMEN,URBAN_WOMEN,608968.0,level
1992-12-31,ALA,URBAN_WOMEN,URBAN_WOMEN,613921.5,level
1993-12-31,ALA,URBAN_WOMEN,URBAN_WOMEN,612285.5,level
1994-12-31,ALA,URBAN_WOMEN,URBAN_WOMEN,607669.5,level
1995-12-31,ALA,URBAN_WOMEN,URBAN_WOMEN,604598.0,level
1996-12-31,ALA,URBAN_WOMEN,URBAN_WOMEN,606169.0,level
1997-12-31,ALA,URBAN_WOMEN,URBAN_WOMEN,609205.5,level
1998-12-31,ALA,URBAN_WOMEN,URBAN_WOMEN,613706.5,level
1999-12-31,ALA,URBAN_WOMEN,URBAN_WOMEN,617676.5,level
2000-12-31,ALA,URBAN_WOMEN,URBAN_WOMEN,617798.5,level
2001-12-31,ALA,URBAN_WOMEN,URBAN_WOMEN,618266.5,level
2002-12-31,ALA,URBAN_WOMEN,URBAN_WOMEN,623605.5,level
2003-12-31,ALA,URBAN_WOMEN,URBAN_WOMEN,634918.0,level
2004-12-31,ALA,URBAN_WOMEN,URBAN_WOMEN,651092.0,level
2005-12-31,ALA,URBAN_WOMEN,URBAN_WOMEN,671076.5,level
2006-12-31,ALA,URBAN_WOMEN,URBAN_WOMEN,691870.5,level
2007-12-31,ALA,URBAN_WOMEN,URBAN_WOMEN,712036.0,level
2008-12-31,ALA,URBAN_WOMEN,URBAN_WOMEN,736233.0,level
2009-12-31,ALA,URBAN_WOMEN,URBAN_WOMEN,788862.5,level
2010-12-31,ALA,URBAN_WOMEN,URBAN_WOMEN,805110.5,level
2011-12-31,ALA,URBAN_WOMEN,URBAN_WOMEN,824426.0,level
2012-12-31,ALA,URBAN_WOMEN,URBAN_WOMEN,844475.5,level
2013-12-31,ALA,URBAN_WOMEN,URBAN_WOMEN,861963.5,level
2014-12-31,ALA,URBAN_WOMEN,URBAN_WOMEN,882501.0,level
2015-12-31,ALA,URBAN_WOMEN,URBAN_WOMEN,910134.0,level
2016-12-31,ALA,URBAN_WOMEN,URBAN_WOMEN,940049.0,level
2017-12-31,ALA,URBAN_WOMEN,URBAN_WOMEN,967768.0,level
2018-12-31,ALA,URBAN_WOMEN,URBAN_WOMEN,996015.0,level
2019-12-31,ALA,URBAN_WOMEN,URBAN_WOMEN,1024893.0,level
2020-12-31,ALA,URBAN_WOMEN,URBAN_WOMEN,1056327.5,level
2021-12-31,ALA,URBAN_WOMEN,URBAN_WOMEN,1086245.0,level
2022-12-31,ALA,URBAN_WOMEN,URBAN_WOMEN,1141394.0,level
2023-12-31,ALA,URBAN_WOMEN,URBAN_WOMEN,1175416.0,level
2024-12-31,ALA,URBAN_WOMEN,URBAN_WOMEN,1209265.0,level
2025-12-31,ALA,URBAN_WOMEN,URBAN_WOMEN,1240446.5,level
1991-12-31,ALM,URBAN_WOMEN,URBAN_WOMEN,287985.5,level
1992-12-31,ALM,URBAN_WOMEN,URBAN_WOMEN,284851.0,level
1993-12-31,ALM,URBAN_WOMEN,URBAN_WOMEN,281828.5,level
1994-12-31,ALM,URBAN_WOMEN,URBAN_WOMEN,274783.0,level
1995-12-31,ALM,URBAN_WOMEN,URBAN_WOMEN,264694.0,level
1996-12-31,ALM,URBAN_WOMEN,URBAN_WOMEN,259168.5,level
1997-12-31,ALM,URBAN_WOMEN,URBAN_WOMEN,254335.0,level
1998-12-31,ALM,URBAN_WOMEN,URBAN_WOMEN,249425.0,level
1999-12-31,ALM,URBAN_WOMEN,URBAN_WOMEN,246567.0,level
2000-12-31,ALM,URBAN_WOMEN,URBAN_WOMEN,244733.5,level
2001-12-31,ALM,URBAN_WOMEN,URBAN_WOMEN,243001.0,level
2002-12-31,ALM,URBAN_WOMEN,URBAN_WOMEN,243038.0,level
2003-12-31,ALM,URBAN_WOMEN,URBAN_WOMEN,245035.0,level
2004-12-31,ALM,URBAN_WOMEN,URBAN_WOMEN,248681.0,level
2005-12-31,ALM,URBAN_WOMEN,URBAN_WOMEN,252425.5,level
2006-12-31,ALM,URBAN_WOMEN,URBAN_WOMEN,256082.0,level
2007-12-31,ALM,URBAN_WOMEN,URBAN_WOMEN,201428.0,level
2008-12-31,ALM,URBAN_WOMEN,URBAN_WOMEN,223485.0,level
2009-12-31,ALM,URBAN_WOMEN,URBAN_WOMEN,93769.5,level
2010-12-31,ALM,URBAN_WOMEN,URBAN_WOMEN,95667.5,level
2011-12-31,ALM,URBAN_WOMEN,URBAN_WOMEN,97275.5,level
2012-12-31,ALM,URBAN_WOMEN,URBAN_WOMEN,98841.5,level
2013-12-31,ALM,URBAN_WOMEN,URBAN_WOMEN,100482.5,level
2014-12-31,ALM,URBAN_WOMEN,URBAN_WOMEN,102121.0,level
2015-12-31,ALM,URBAN_WOMEN,URBAN_WOMEN,103454.0,level
2016-12-31,ALM,URBAN_WOMEN,URBAN_WOMEN,104356.0,level
2017-12-31,ALM,URBAN_WOMEN,URBAN_WOMEN,102597.0,level
2018-12-31,ALM,URBAN_WOMEN,URBAN_WOMEN,99172.0,level
2019-12-31,ALM,URBAN_WOMEN,URBAN_WOMEN,96723.5,level
2020-12-31,ALM,URBAN_WOMEN,URBAN_WOMEN,95905.5,level
2021-12-31,ALM,URBAN_WOMEN,URBAN_WOMEN,96968.0,level
2022-12-31,ALM,URBAN_WOMEN,URBAN_WOMEN,148642.5,level
2023-12-31,ALM,URBAN_WOMEN,URBAN_WOMEN,150852.5,level
2024-12-31,ALM,URBAN_WOMEN,URBAN_WOMEN,152956.5,level
2025-12-31,ALM,URBAN_WOMEN,URBAN_WOMEN,155445.5,level
1991-12-31,AST,URBAN_WOMEN,URBAN_WOMEN,155701.5,level
1992-12-31,AST,URBAN_WOMEN,URBAN_WOMEN,155673.5,level
1993-12-31,AST,URBAN_WOMEN,URBAN_WOMEN,154972.5,level
1994-12-31,AST,URBAN_WOMEN,URBAN_WOMEN,155608.0,level
1995-12-31,AST,URBAN_WOMEN,URBAN_WOMEN,154717.5,level
1996-12-31,AST,URBAN_WOMEN,URBAN_WOMEN,153532.0,level
1997-12-31,AST,URBAN_WOMEN,URBAN_WOMEN,156812.5,level
1998-12-31,AST,URBAN_WOMEN,URBAN_WOMEN,167538.0,level
1999-12-31,AST,URBAN_WOMEN,URBAN_WOMEN,187238.0,level
2000-12-31,AST,URBAN_WOMEN,URBAN_WOMEN,214112.5,level
2001-12-31,AST,URBAN_WOMEN,URBAN_WOMEN,241073.5,level
2002-12-31,AST,URBAN_WOMEN,URBAN_WOMEN,256025.5,level
2003-12-31,AST,URBAN_WOMEN,URBAN_WOMEN,260327.0,level
2004-12-31,AST,URBAN_WOMEN,URBAN_WOMEN,267331.0,level
2005-12-31,AST,URBAN_WOMEN,URBAN_WOMEN,277371.0,level
2006-12-31,AST,URBAN_WOMEN,URBAN_WOMEN,287379.0,level
2007-12-31,AST,URBAN_WOMEN,URBAN_WOMEN,299760.0,level
2008-12-31,AST,URBAN_WOMEN,URBAN_WOMEN,308696.0,level
2009-12-31,AST,URBAN_WOMEN,URBAN_WOMEN,324017.5,level
2010-12-31,AST,URBAN_WOMEN,URBAN_WOMEN,348880.0,level
2011-12-31,AST,URBAN_WOMEN,URBAN_WOMEN,374500.5,level
2012-12-31,AST,URBAN_WOMEN,URBAN_WOMEN,396532.5,level
2013-12-31,AST,URBAN_WOMEN,URBAN_WOMEN,415432.0,level
2014-12-31,AST,URBAN_WOMEN,URBAN_WOMEN,434827.5,level
2015-12-31,AST,URBAN_WOMEN,URBAN_WOMEN,450135.5,level
2016-12-31,AST,URBAN_WOMEN,URBAN_WOMEN,481414.0,level
2017-12-31,AST,URBAN_WOMEN,URBAN_WOMEN,522785.0,level
2018-12-31,AST,URBAN_WOMEN,URBAN_WOMEN,551255.5,level
2019-12-31,AST,URBAN_WOMEN,URBAN_WOMEN,579446.5,level
2020-12-31,AST,URBAN_WOMEN,URBAN_WOMEN,607075.0,level
2021-12-31,AST,URBAN_WOMEN,URBAN_WOMEN,634066.0,level
2022-12-31,AST,URBAN_WOMEN,URBAN_WOMEN,692424.5,level
2023-12-31,AST,URBAN_WOMEN,URBAN_WOMEN,729427.0,level
2024-12-31,AST,URBAN_WOMEN,URBAN_WOMEN,776807.0,level
2025-12-31,AST,URBAN_WOMEN,URBAN_WOMEN,834066.5,level
1991-12-31,ATY,URBAN_WOMEN,URBAN_WOMEN,134613.0,level
1992-12-31,ATY,URBAN_WOMEN,URBAN_WOMEN,135593.0,level
1993-12-31,ATY,URBAN_WOMEN,URBAN_WOMEN,134006.0,level
1994-12-31,ATY,URBAN_WOMEN,URBAN_WOMEN,132371.0,level
1995-12-31,ATY,URBAN_WOMEN,URBAN_WOMEN,131925.0,level
1996-12-31,ATY,URBAN_WOMEN,URBAN_WOMEN,131942.5,level
1997-12-31,ATY,URBAN_WOMEN,URBAN_WOMEN,132381.5,level
1998-12-31,ATY,URBAN_WOMEN,URBAN_WOMEN,132848.0,level
1999-12-31,ATY,URBAN_WOMEN,URBAN_WOMEN,133282.5,level
2000-12-31,ATY,URBAN_WOMEN,URBAN_WOMEN,133962.5,level
2001-12-31,ATY,URBAN_WOMEN,URBAN_WOMEN,135140.5,level
2002-12-31,ATY,URBAN_WOMEN,URBAN_WOMEN,136520.0,level
2003-12-31,ATY,URBAN_WOMEN,URBAN_WOMEN,136684.5,level
2004-12-31,ATY,URBAN_WOMEN,URBAN_WOMEN,136396.0,level
2005-12-31,ATY,URBAN_WOMEN,URBAN_WOMEN,138521.0,level
2006-12-31,ATY,URBAN_WOMEN,URBAN_WOMEN,141814.0,level
2007-12-31,ATY,URBAN_WOMEN,URBAN_WOMEN,121562.0,level
2008-12-31,ATY,URBAN_WOMEN,URBAN_WOMEN,125225.0,level
2009-12-31,ATY,URBAN_WOMEN,URBAN_WOMEN,140377.0,level
2010-12-31,ATY,URBAN_WOMEN,URBAN_WOMEN,144616.5,level
2011-12-31,ATY,URBAN_WOMEN,URBAN_WOMEN,148476.0,level
2012-12-31,ATY,URBAN_WOMEN,URBAN_WOMEN,152477.0,level
2013-12-31,ATY,URBAN_WOMEN,URBAN_WOMEN,156720.0,level
2014-12-31,ATY,URBAN_WOMEN,URBAN_WOMEN,161377.0,level
2015-12-31,ATY,URBAN_WOMEN,URBAN_WOMEN,166521.5,level
2016-12-31,ATY,URBAN_WOMEN,URBAN_WOMEN,171664.0,level
2017-12-31,ATY,URBAN_WOMEN,URBAN_WOMEN,176352.5,level
2018-12-31,ATY,URBAN_WOMEN,URBAN_WOMEN,179881.5,level
2019-12-31,ATY,URBAN_WOMEN,URBAN_WOMEN,182328.0,level
2020-12-31,ATY,URBAN_WOMEN,URBAN_WOMEN,184814.0,level
2021-12-31,ATY,URBAN_WOMEN,URBAN_WOMEN,187490.0,level
2022-12-31,ATY,URBAN_WOMEN,URBAN_WOMEN,195822.0,level
2023-12-31,ATY,URBAN_WOMEN,URBAN_WOMEN,199351.5,level
2024-12-31,ATY,URBAN_WOMEN,URBAN_WOMEN,201490.0,level
2025-12-31,ATY,URBAN_WOMEN,URBAN_WOMEN,202208.0,level
1991-12-31,KRG,URBAN_WOMEN,URBAN_WOMEN,731010.0,level
1992-12-31,KRG,URBAN_WOMEN,URBAN_WOMEN,726766.0,level
1993-12-31,KRG,URBAN_WOMEN,URBAN_WOMEN,717755.5,level
1994-12-31,KRG,URBAN_WOMEN,URBAN_WOMEN,697938.0,level
1995-12-31,KRG,URBAN_WOMEN,URBAN_WOMEN,675532.5,level
1996-12-31,KRG,URBAN_WOMEN,URBAN_WOMEN,658562.5,level
1997-12-31,KRG,URBAN_WOMEN,URBAN_WOMEN,643151.0,level
1998-12-31,KRG,URBAN_WOMEN,URBAN_WOMEN,625353.5,level
1999-12-31,KRG,URBAN_WOMEN,URBAN_WOMEN,611764.0,level
2000-12-31,KRG,URBAN_WOMEN,URBAN_WOMEN,603423.0,level
2001-12-31,KRG,URBAN_WOMEN,URBAN_WOMEN,595642.5,level
2002-12-31,KRG,URBAN_WOMEN,URBAN_WOMEN,591443.5,level
2003-12-31,KRG,URBAN_WOMEN,URBAN_WOMEN,591556.0,level
2004-12-31,KRG,URBAN_WOMEN,URBAN_WOMEN,594967.5,level
2005-12-31,KRG,URBAN_WOMEN,URBAN_WOMEN,599758.5,level
2006-12-31,KRG,URBAN_WOMEN,URBAN_WOMEN,605070.5,level
2007-12-31,KRG,URBAN_WOMEN,URBAN_WOMEN,558716.0,level
2008-12-31,KRG,URBAN_WOMEN,URBAN_WOMEN,556504.0,level
2009-12-31,KRG,URBAN_WOMEN,URBAN_WOMEN,467970.5,level
2010-12-31,KRG,URBAN_WOMEN,URBAN_WOMEN,472477.5,level
2011-12-31,KRG,URBAN_WOMEN,URBAN_WOMEN,476859.0,level
2012-12-31,KRG,URBAN_WOMEN,URBAN_WOMEN,480542.5,level
2013-12-31,KRG,URBAN_WOMEN,URBAN_WOMEN,484212.0,level
2014-12-31,KRG,URBAN_WOMEN,URBAN_WOMEN,489123.5,level
2015-12-31,KRG,URBAN_WOMEN,URBAN_WOMEN,493566.5,level
2016-12-31,KRG,URBAN_WOMEN,URBAN_WOMEN,495734.5,level
2017-12-31,KRG,URBAN_WOMEN,URBAN_WOMEN,496123.0,level
2018-12-31,KRG,URBAN_WOMEN,URBAN_WOMEN,495128.5,level
2019-12-31,KRG,URBAN_WOMEN,URBAN_WOMEN,493991.5,level
2020-12-31,KRG,URBAN_WOMEN,URBAN_WOMEN,494137.0,level
2021-12-31,KRG,URBAN_WOMEN,URBAN_WOMEN,493896.0,level
2022-12-31,KRG,URBAN_WOMEN,URBAN_WOMEN,487451.5,level
2023-12-31,KRG,URBAN_WOMEN,URBAN_WOMEN,488566.0,level
2024-12-31,KRG,URBAN_WOMEN,URBAN_WOMEN,490062.5,level
2025-12-31,KRG,URBAN_WOMEN,URBAN_WOMEN,491559.0,level
1991-12-31,KST,URBAN_WOMEN,URBAN_WOMEN,341210.0,level
1992-12-31,KST,URBAN_WOMEN,URBAN_WOMEN,343228.5,level
1993-12-31,KST,URBAN_WOMEN,URBAN_WOMEN,340103.0,level
1994-12-31,KST,URBAN_WOMEN,URBAN_WOMEN,332030.0,level
1995-12-31,KST,URBAN_WOMEN,URBAN_WOMEN,323592.0,level
1996-12-31,KST,URBAN_WOMEN,URBAN_WOMEN,318273.0,level
1997-12-31,KST,URBAN_WOMEN,URBAN_WOMEN,312680.0,level
1998-12-31,KST,URBAN_WOMEN,URBAN_WOMEN,302386.5,level
1999-12-31,KST,URBAN_WOMEN,URBAN_WOMEN,291083.0,level
2000-12-31,KST,URBAN_WOMEN,URBAN_WOMEN,281580.5,level
2001-12-31,KST,URBAN_WOMEN,URBAN_WOMEN,273681.0,level
2002-12-31,KST,URBAN_WOMEN,URBAN_WOMEN,269192.5,level
2003-12-31,KST,URBAN_WOMEN,URBAN_WOMEN,267865.5,level
2004-12-31,KST,URBAN_WOMEN,URBAN_WOMEN,268939.0,level
2005-12-31,KST,URBAN_WOMEN,URBAN_WOMEN,265169.5,level
2006-12-31,KST,URBAN_WOMEN,URBAN_WOMEN,261415.5,level
2007-12-31,KST,URBAN_WOMEN,URBAN_WOMEN,234851.0,level
2008-12-31,KST,URBAN_WOMEN,URBAN_WOMEN,239089.0,level
2009-12-31,KST,URBAN_WOMEN,URBAN_WOMEN,251804.0,level
2010-12-31,KST,URBAN_WOMEN,URBAN_WOMEN,252910.5,level
2011-12-31,KST,URBAN_WOMEN,URBAN_WOMEN,254247.0,level
2012-12-31,KST,URBAN_WOMEN,URBAN_WOMEN,256273.0,level
2013-12-31,KST,URBAN_WOMEN,URBAN_WOMEN,258690.0,level
2014-12-31,KST,URBAN_WOMEN,URBAN_WOMEN,261323.5,level
2015-12-31,KST,URBAN_WOMEN,URBAN_WOMEN,264517.0,level
2016-12-31,KST,URBAN_WOMEN,URBAN_WOMEN,266507.0,level
2017-12-31,KST,URBAN_WOMEN,URBAN_WOMEN,267785.0,level
2018-12-31,KST,URBAN_WOMEN,URBAN_WOMEN,269447.5,level
2019-12-31,KST,URBAN_WOMEN,URBAN_WOMEN,270977.5,level
2020-12-31,KST,URBAN_WOMEN,URBAN_WOMEN,272172.5,level
2021-12-31,KST,URBAN_WOMEN,URBAN_WOMEN,272342.0,level
2022-12-31,KST,URBAN_WOMEN,URBAN_WOMEN,273167.0,level
2023-12-31,KST,URBAN_WOMEN,URBAN_WOMEN,274051.5,level
2024-12-31,KST,URBAN_WOMEN,URBAN_WOMEN,275443.0,level
2025-12-31,KST,URBAN_WOMEN,URBAN_WOMEN,277109.0,level
1991-12-31,KZL,URBAN_WOMEN,URBAN_WOMEN,183579.5,level
1992-12-31,KZL,URBAN_WOMEN,URBAN_WOMEN,186875.0,level
1993-12-31,KZL,URBAN_WOMEN,URBAN_WOMEN,187806.0,level
1994-12-31,KZL,URBAN_WOMEN,URBAN_WOMEN,186038.0,level
1995-12-31,KZL,URBAN_WOMEN,URBAN_WOMEN,183875.5,level
1996-12-31,KZL,URBAN_WOMEN,URBAN_WOMEN,182656.0,level
1997-12-31,KZL,URBAN_WOMEN,URBAN_WOMEN,183124.0,level
1998-12-31,KZL,URBAN_WOMEN,URBAN_WOMEN,183803.0,level
1999-12-31,KZL,URBAN_WOMEN,URBAN_WOMEN,184351.5,level
2000-12-31,KZL,URBAN_WOMEN,URBAN_WOMEN,184400.5,level
2001-12-31,KZL,URBAN_WOMEN,URBAN_WOMEN,184120.0,level
2002-12-31,KZL,URBAN_WOMEN,URBAN_WOMEN,184260.0,level
2003-12-31,KZL,URBAN_WOMEN,URBAN_WOMEN,184964.5,level
2004-12-31,KZL,URBAN_WOMEN,URBAN_WOMEN,185867.5,level
2005-12-31,KZL,URBAN_WOMEN,URBAN_WOMEN,187280.0,level
2006-12-31,KZL,URBAN_WOMEN,URBAN_WOMEN,189260.5,level
2007-12-31,KZL,URBAN_WOMEN,URBAN_WOMEN,114902.0,level
2008-12-31,KZL,URBAN_WOMEN,URBAN_WOMEN,146095.0,level
2009-12-31,KZL,URBAN_WOMEN,URBAN_WOMEN,147566.5,level
2010-12-31,KZL,URBAN_WOMEN,URBAN_WOMEN,150472.5,level
2011-12-31,KZL,URBAN_WOMEN,URBAN_WOMEN,153190.0,level
2012-12-31,KZL,URBAN_WOMEN,URBAN_WOMEN,156606.0,level
2013-12-31,KZL,URBAN_WOMEN,URBAN_WOMEN,160232.5,level
2014-12-31,KZL,URBAN_WOMEN,URBAN_WOMEN,163914.5,level
2015-12-31,KZL,URBAN_WOMEN,URBAN_WOMEN,168115.0,level
2016-12-31,KZL,URBAN_WOMEN,URBAN_WOMEN,172128.5,level
2017-12-31,KZL,URBAN_WOMEN,URBAN_WOMEN,175215.5,level
2018-12-31,KZL,URBAN_WOMEN,URBAN_WOMEN,177815.0,level
2019-12-31,KZL,URBAN_WOMEN,URBAN_WOMEN,180531.0,level
2020-12-31,KZL,URBAN_WOMEN,URBAN_WOMEN,183613.0,level
2021-12-31,KZL,URBAN_WOMEN,URBAN_WOMEN,187011.0,level
2022-12-31,KZL,URBAN_WOMEN,URBAN_WOMEN,198124.0,level
2023-12-31,KZL,URBAN_WOMEN,URBAN_WOMEN,200389.0,level
2024-12-31,KZL,URBAN_WOMEN,URBAN_WOMEN,201951.0,level
2025-12-31,KZL,URBAN_WOMEN,URBAN_WOMEN,202801.5,level
1991-12-31,MNG,URBAN_WOMEN,URBAN_WOMEN,150594.0,level
1992-12-31,MNG,URBAN_WOMEN,URBAN_WOMEN,151588.5,level
1993-12-31,MNG,URBAN_WOMEN,URBAN_WOMEN,140522.0,level
1994-12-31,MNG,URBAN_WOMEN,URBAN_WOMEN,125054.5,level
1995-12-31,MNG,URBAN_WOMEN,URBAN_WOMEN,120683.0,level
1996-12-31,MNG,URBAN_WOMEN,URBAN_WOMEN,122250.0,level
1997-12-31,MNG,URBAN_WOMEN,URBAN_WOMEN,124603.0,level
1998-12-31,MNG,URBAN_WOMEN,URBAN_WOMEN,125671.5,level
1999-12-31,MNG,URBAN_WOMEN,URBAN_WOMEN,125596.5,level
2000-12-31,MNG,URBAN_WOMEN,URBAN_WOMEN,126709.5,level
2001-12-31,MNG,URBAN_WOMEN,URBAN_WOMEN,127953.5,level
2002-12-31,MNG,URBAN_WOMEN,URBAN_WOMEN,130322.5,level
2003-12-31,MNG,URBAN_WOMEN,URBAN_WOMEN,133824.0,level
2004-12-31,MNG,URBAN_WOMEN,URBAN_WOMEN,137570.0,level
2005-12-31,MNG,URBAN_WOMEN,URBAN_WOMEN,137170.0,level
2006-12-31,MNG,URBAN_WOMEN,URBAN_WOMEN,136078.0,level
2007-12-31,MNG,URBAN_WOMEN,URBAN_WOMEN,118155.0,level
2008-12-31,MNG,URBAN_WOMEN,URBAN_WOMEN,135273.0,level
2009-12-31,MNG,URBAN_WOMEN,URBAN_WOMEN,129145.0,level
2010-12-31,MNG,URBAN_WOMEN,URBAN_WOMEN,132412.5,level
2011-12-31,MNG,URBAN_WOMEN,URBAN_WOMEN,135345.5,level
2012-12-31,MNG,URBAN_WOMEN,URBAN_WOMEN,138255.0,level
2013-12-31,MNG,URBAN_WOMEN,URBAN_WOMEN,141076.0,level
2014-12-31,MNG,URBAN_WOMEN,URBAN_WOMEN,143709.0,level
2015-12-31,MNG,URBAN_WOMEN,URBAN_WOMEN,145758.0,level
2016-12-31,MNG,URBAN_WOMEN,URBAN_WOMEN,146978.5,level
2017-12-31,MNG,URBAN_WOMEN,URBAN_WOMEN,147010.0,level
2018-12-31,MNG,URBAN_WOMEN,URBAN_WOMEN,147192.5,level
2019-12-31,MNG,URBAN_WOMEN,URBAN_WOMEN,149403.5,level
2020-12-31,MNG,URBAN_WOMEN,URBAN_WOMEN,153857.5,level
2021-12-31,MNG,URBAN_WOMEN,URBAN_WOMEN,159617.0,level
2022-12-31,MNG,URBAN_WOMEN,URBAN_WOMEN,175796.5,level
2023-12-31,MNG,URBAN_WOMEN,URBAN_WOMEN,181752.0,level
2024-12-31,MNG,URBAN_WOMEN,URBAN_WOMEN,188081.0,level
2025-12-31,MNG,URBAN_WOMEN,URBAN_WOMEN,194911.5,level
1991-12-31,PVL,URBAN_WOMEN,URBAN_WOMEN,324312.5,level
1992-12-31,PVL,URBAN_WOMEN,URBAN_WOMEN,322336.0,level
1993-12-31,PVL,URBAN_WOMEN,URBAN_WOMEN,309632.5,level
1994-12-31,PVL,URBAN_WOMEN,URBAN_WOMEN,296593.0,level
1995-12-31,PVL,URBAN_WOMEN,URBAN_WOMEN,291120.0,level
1996-12-31,PVL,URBAN_WOMEN,URBAN_WOMEN,287634.0,level
1997-12-31,PVL,URBAN_WOMEN,URBAN_WOMEN,282860.5,level
1998-12-31,PVL,URBAN_WOMEN,URBAN_WOMEN,276095.5,level
1999-12-31,PVL,URBAN_WOMEN,URBAN_WOMEN,270044.5,level
2000-12-31,PVL,URBAN_WOMEN,URBAN_WOMEN,264912.0,level
2001-12-31,PVL,URBAN_WOMEN,URBAN_WOMEN,261151.0,level
2002-12-31,PVL,URBAN_WOMEN,URBAN_WOMEN,258923.0,level
2003-12-31,PVL,URBAN_WOMEN,URBAN_WOMEN,258921.5,level
2004-12-31,PVL,URBAN_WOMEN,URBAN_WOMEN,261198.5,level
2005-12-31,PVL,URBAN_WOMEN,URBAN_WOMEN,263009.5,level
2006-12-31,PVL,URBAN_WOMEN,URBAN_WOMEN,264884.5,level
2007-12-31,PVL,URBAN_WOMEN,URBAN_WOMEN,263652.0,level
2008-12-31,PVL,URBAN_WOMEN,URBAN_WOMEN,272219.0,level
2009-12-31,PVL,URBAN_WOMEN,URBAN_WOMEN,273716.0,level
2010-12-31,PVL,URBAN_WOMEN,URBAN_WOMEN,275877.0,level
2011-12-31,PVL,URBAN_WOMEN,URBAN_WOMEN,277364.5,level
2012-12-31,PVL,URBAN_WOMEN,URBAN_WOMEN,279069.0,level
2013-12-31,PVL,URBAN_WOMEN,URBAN_WOMEN,281832.0,level
2014-12-31,PVL,URBAN_WOMEN,URBAN_WOMEN,284811.0,level
2015-12-31,PVL,URBAN_WOMEN,URBAN_WOMEN,287222.0,level
2016-12-31,PVL,URBAN_WOMEN,URBAN_WOMEN,288273.0,level
2017-12-31,PVL,URBAN_WOMEN,URBAN_WOMEN,287749.5,level
2018-12-31,PVL,URBAN_WOMEN,URBAN_WOMEN,286972.5,level
2019-12-31,PVL,URBAN_WOMEN,URBAN_WOMEN,286271.5,level
2020-12-31,PVL,URBAN_WOMEN,URBAN_WOMEN,285796.0,level
2021-12-31,PVL,URBAN_WOMEN,URBAN_WOMEN,285086.0,level
2022-12-31,PVL,URBAN_WOMEN,URBAN_WOMEN,283476.5,level
2023-12-31,PVL,URBAN_WOMEN,URBAN_WOMEN,283394.5,level
2024-12-31,PVL,URBAN_WOMEN,URBAN_WOMEN,283576.5,level
2025-12-31,PVL,URBAN_WOMEN,URBAN_WOMEN,283221.0,level
2009-12-31,SHM,URBAN_WOMEN,URBAN_WOMEN,384313.0,level
2010-12-31,SHM,URBAN_WOMEN,URBAN_WOMEN,393201.5,level
2011-12-31,SHM,URBAN_WOMEN,URBAN_WOMEN,402088.5,level
2012-12-31,SHM,URBAN_WOMEN,URBAN_WOMEN,412654.0,level
2013-12-31,SHM,URBAN_WOMEN,URBAN_WOMEN,425483.0,level
2014-12-31,SHM,URBAN_WOMEN,URBAN_WOMEN,439393.0,level
2015-12-31,SHM,URBAN_WOMEN,URBAN_WOMEN,453744.5,level
2016-12-31,SHM,URBAN_WOMEN,URBAN_WOMEN,467146.5,level
2017-12-31,SHM,URBAN_WOMEN,URBAN_WOMEN,483676.5,level
2018-12-31,SHM,URBAN_WOMEN,URBAN_WOMEN,509100.5,level
2019-12-31,SHM,URBAN_WOMEN,URBAN_WOMEN,531085.5,level
2020-12-31,SHM,URBAN_WOMEN,URBAN_WOMEN,546274.5,level
2021-12-31,SHM,URBAN_WOMEN,URBAN_WOMEN,564082.0,level
2022-12-31,SHM,URBAN_WOMEN,URBAN_WOMEN,609170.0,level
2023-12-31,SHM,URBAN_WOMEN,URBAN_WOMEN,624060.0,level
2024-12-31,SHM,URBAN_WOMEN,URBAN_WOMEN,639774.0,level
2025-12-31,SHM,URBAN_WOMEN,URBAN_WOMEN,657689.5,level
1991-12-31,SKO,URBAN_WOMEN,URBAN_WOMEN,177615.0,level
1992-12-31,SKO,URBAN_WOMEN,URBAN_WOMEN,177354.0,level
1993-12-31,SKO,URBAN_WOMEN,URBAN_WOMEN,175750.5,level
1994-12-31,SKO,URBAN_WOMEN,URBAN_WOMEN,171920.5,level
1995-12-31,SKO,URBAN_WOMEN,URBAN_WOMEN,166303.5,level
1996-12-31,SKO,URBAN_WOMEN,URBAN_WOMEN,160984.5,level
1997-12-31,SKO,URBAN_WOMEN,URBAN_WOMEN,154589.0,level
1998-12-31,SKO,URBAN_WOMEN,URBAN_WOMEN,149156.0,level
1999-12-31,SKO,URBAN_WOMEN,URBAN_WOMEN,146357.0,level
2000-12-31,SKO,URBAN_WOMEN,URBAN_WOMEN,144307.5,level
2001-12-31,SKO,URBAN_WOMEN,URBAN_WOMEN,142239.5,level
2002-12-31,SKO,URBAN_WOMEN,URBAN_WOMEN,139586.5,level
2003-12-31,SKO,URBAN_WOMEN,URBAN_WOMEN,135947.0,level
2004-12-31,SKO,URBAN_WOMEN,URBAN_WOMEN,128931.5,level
2005-12-31,SKO,URBAN_WOMEN,URBAN_WOMEN,124137.0,level
2006-12-31,SKO,URBAN_WOMEN,URBAN_WOMEN,124694.5,level
2007-12-31,SKO,URBAN_WOMEN,URBAN_WOMEN,125179.0,level
2008-12-31,SKO,URBAN_WOMEN,URBAN_WOMEN,130012.0,level
2009-12-31,SKO,URBAN_WOMEN,URBAN_WOMEN,130786.5,level
2010-12-31,SKO,URBAN_WOMEN,URBAN_WOMEN,131212.5,level
2011-12-31,SKO,URBAN_WOMEN,URBAN_WOMEN,131329.5,level
2012-12-31,SKO,URBAN_WOMEN,URBAN_WOMEN,131423.0,level
2013-12-31,SKO,URBAN_WOMEN,URBAN_WOMEN,132234.0,level
2014-12-31,SKO,URBAN_WOMEN,URBAN_WOMEN,133244.5,level
2015-12-31,SKO,URBAN_WOMEN,URBAN_WOMEN,135141.0,level
2016-12-31,SKO,URBAN_WOMEN,URBAN_WOMEN,136654.5,level
2017-12-31,SKO,URBAN_WOMEN,URBAN_WOMEN,137085.0,level
2018-12-31,SKO,URBAN_WOMEN,URBAN_WOMEN,137639.0,level
2019-12-31,SKO,URBAN_WOMEN,URBAN_WOMEN,137852.5,level
2020-12-31,SKO,URBAN_WOMEN,URBAN_WOMEN,138005.5,level
2021-12-31,SKO,URBAN_WOMEN,URBAN_WOMEN,137799.0,level
2022-12-31,SKO,URBAN_WOMEN,URBAN_WOMEN,138777.0,level
2023-12-31,SKO,URBAN_WOMEN,URBAN_WOMEN,138679.5,level
2024-12-31,SKO,URBAN_WOMEN,URBAN_WOMEN,138353.5,level
2025-12-31,SKO,URBAN_WOMEN,URBAN_WOMEN,137891.5,level
2009-12-31,TRK,URBAN_WOMEN,URBAN_WOMEN,189951.5,level
2010-12-31,TRK,URBAN_WOMEN,URBAN_WOMEN,192155.0,level
2011-12-31,TRK,URBAN_WOMEN,URBAN_WOMEN,193821.5,level
2012-12-31,TRK,URBAN_WOMEN,URBAN_WOMEN,194855.5,level
2013-12-31,TRK,URBAN_WOMEN,URBAN_WOMEN,195057.0,level
2014-12-31,TRK,URBAN_WOMEN,URBAN_WOMEN,195006.5,level
2015-12-31,TRK,URBAN_WOMEN,URBAN_WOMEN,195439.0,level
2016-12-31,TRK,URBAN_WOMEN,URBAN_WOMEN,195264.5,level
2017-12-31,TRK,URBAN_WOMEN,URBAN_WOMEN,194421.0,level
2018-12-31,TRK,URBAN_WOMEN,URBAN_WOMEN,193873.0,level
2019-12-31,TRK,URBAN_WOMEN,URBAN_WOMEN,197817.0,level
2020-12-31,TRK,URBAN_WOMEN,URBAN_WOMEN,204894.5,level
2021-12-31,TRK,URBAN_WOMEN,URBAN_WOMEN,211645.0,level
2022-12-31,TRK,URBAN_WOMEN,URBAN_WOMEN,258293.0,level
2023-12-31,TRK,URBAN_WOMEN,URBAN_WOMEN,263105.0,level
2024-12-31,TRK,URBAN_WOMEN,URBAN_WOMEN,267564.0,level
2025-12-31,TRK,URBAN_WOMEN,URBAN_WOMEN,270891.5,level
2009-12-31,ULT,URBAN_WOMEN,URBAN_WOMEN,91327.5,level
2010-12-31,ULT,URBAN_WOMEN,URBAN_WOMEN,91431.5,level
2011-12-31,ULT,URBAN_WOMEN,URBAN_WOMEN,91286.0,level
2012-12-31,ULT,URBAN_WOMEN,URBAN_WOMEN,90987.5,level
2013-12-31,ULT,URBAN_WOMEN,URBAN_WOMEN,90851.0,level
2014-12-31,ULT,URBAN_WOMEN,URBAN_WOMEN,90980.5,level
2015-12-31,ULT,URBAN_WOMEN,URBAN_WOMEN,91282.5,level
2016-12-31,ULT,URBAN_WOMEN,URBAN_WOMEN,91300.5,level
2017-12-31,ULT,URBAN_WOMEN,URBAN_WOMEN,91091.0,level
2018-12-31,ULT,URBAN_WOMEN,URBAN_WOMEN,91304.0,level
2019-12-31,ULT,URBAN_WOMEN,URBAN_WOMEN,91598.0,level
2020-12-31,ULT,URBAN_WOMEN,URBAN_WOMEN,91641.0,level
2021-12-31,ULT,URBAN_WOMEN,URBAN_WOMEN,91433.0,level
2022-12-31,ULT,URBAN_WOMEN,URBAN_WOMEN,90593.0,level
2023-12-31,ULT,URBAN_WOMEN,URBAN_WOMEN,90699.5,level
2024-12-31,ULT,URBAN_WOMEN,URBAN_WOMEN,90783.5,level
2025-12-31,ULT,URBAN_WOMEN,URBAN_WOMEN,90385.5,level
1991-12-31,VKO,URBAN_WOMEN,URBAN_WOMEN,556488.0,level
1992-12-31,VKO,URBAN_WOMEN,URBAN_WOMEN,555733.5,level
1993-12-31,VKO,URBAN_WOMEN,URBAN_WOMEN,549685.0,level
1994-12-31,VKO,URBAN_WOMEN,URBAN_WOMEN,532755.5,level
1995-12-31,VKO,URBAN_WOMEN,URBAN_WOMEN,514152.5,level
1996-12-31,VKO,URBAN_WOMEN,URBAN_WOMEN,503198.0,level
1997-12-31,VKO,URBAN_WOMEN,URBAN_WOMEN,493930.0,level
1998-12-31,VKO,URBAN_WOMEN,URBAN_WOMEN,486923.5,level
1999-12-31,VKO,URBAN_WOMEN,URBAN_WOMEN,481366.5,level
2000-12-31,VKO,URBAN_WOMEN,URBAN_WOMEN,476075.0,level
2001-12-31,VKO,URBAN_WOMEN,URBAN_WOMEN,471433.5,level
2002-12-31,VKO,URBAN_WOMEN,URBAN_WOMEN,467769.5,level
2003-12-31,VKO,URBAN_WOMEN,URBAN_WOMEN,465307.0,level
2004-12-31,VKO,URBAN_WOMEN,URBAN_WOMEN,463751.0,level
2005-12-31,VKO,URBAN_WOMEN,URBAN_WOMEN,462800.5,level
2006-12-31,VKO,URBAN_WOMEN,URBAN_WOMEN,462636.5,level
2007-12-31,VKO,URBAN_WOMEN,URBAN_WOMEN,418795.0,level
2008-12-31,VKO,URBAN_WOMEN,URBAN_WOMEN,433495.0,level
2009-12-31,VKO,URBAN_WOMEN,URBAN_WOMEN,241559.5,level
2010-12-31,VKO,URBAN_WOMEN,URBAN_WOMEN,242178.5,level
2011-12-31,VKO,URBAN_WOMEN,URBAN_WOMEN,242743.0,level
2012-12-31,VKO,URBAN_WOMEN,URBAN_WOMEN,242980.0,level
2013-12-31,VKO,URBAN_WOMEN,URBAN_WOMEN,244176.5,level
2014-12-31,VKO,URBAN_WOMEN,URBAN_WOMEN,246042.5,level
2015-12-31,VKO,URBAN_WOMEN,URBAN_WOMEN,247708.0,level
2016-12-31,VKO,URBAN_WOMEN,URBAN_WOMEN,249026.5,level
2017-12-31,VKO,URBAN_WOMEN,URBAN_WOMEN,250625.0,level
2018-12-31,VKO,URBAN_WOMEN,URBAN_WOMEN,252245.5,level
2019-12-31,VKO,URBAN_WOMEN,URBAN_WOMEN,252770.5,level
2020-12-31,VKO,URBAN_WOMEN,URBAN_WOMEN,253198.5,level
2021-12-31,VKO,URBAN_WOMEN,URBAN_WOMEN,253469.0,level
2022-12-31,VKO,URBAN_WOMEN,URBAN_WOMEN,257767.0,level
2023-12-31,VKO,URBAN_WOMEN,URBAN_WOMEN,257814.0,level
2024-12-31,VKO,URBAN_WOMEN,URBAN_WOMEN,258227.5,level
2025-12-31,VKO,URBAN_WOMEN,URBAN_WOMEN,258710.0,level
1991-12-31,YKO,URBAN_WOMEN,URBAN_WOMEN,397327.0,level
1992-12-31,YKO,URBAN_WOMEN,URBAN_WOMEN,400148.0,level
1993-12-31,YKO,URBAN_WOMEN,URBAN_WOMEN,400439.0,level
1994-12-31,YKO,URBAN_WOMEN,URBAN_WOMEN,397973.5,level
1995-12-31,YKO,URBAN_WOMEN,URBAN_WOMEN,394321.0,level
1996-12-31,YKO,URBAN_WOMEN,URBAN_WOMEN,392241.0,level
1997-12-31,YKO,URBAN_WOMEN,URBAN_WOMEN,389037.5,level
1998-12-31,YKO,URBAN_WOMEN,URBAN_WOMEN,394548.5,level
1999-12-31,YKO,URBAN_WOMEN,URBAN_WOMEN,406577.5,level
2000-12-31,YKO,URBAN_WOMEN,URBAN_WOMEN,420712.5,level
2001-12-31,YKO,URBAN_WOMEN,URBAN_WOMEN,435629.5,level
2002-12-31,YKO,URBAN_WOMEN,URBAN_WOMEN,442255.5,level
2003-12-31,YKO,URBAN_WOMEN,URBAN_WOMEN,447560.5,level
2004-12-31,YKO,URBAN_WOMEN,URBAN_WOMEN,454461.0,level
2005-12-31,YKO,URBAN_WOMEN,URBAN_WOMEN,461110.0,level
2006-12-31,YKO,URBAN_WOMEN,URBAN_WOMEN,468562.5,level
2007-12-31,YKO,URBAN_WOMEN,URBAN_WOMEN,459127.0,level
2008-12-31,YKO,URBAN_WOMEN,URBAN_WOMEN,504994.0,level
1991-12-31,ZHM,URBAN_WOMEN,URBAN_WOMEN,268327.0,level
1992-12-31,ZHM,URBAN_WOMEN,URBAN_WOMEN,269568.0,level
1993-12-31,ZHM,URBAN_WOMEN,URBAN_WOMEN,268333.5,level
1994-12-31,ZHM,URBAN_WOMEN,URBAN_WOMEN,262145.5,level
1995-12-31,ZHM,URBAN_WOMEN,URBAN_WOMEN,256310.0,level
1996-12-31,ZHM,URBAN_WOMEN,URBAN_WOMEN,255177.0,level
1997-12-31,ZHM,URBAN_WOMEN,URBAN_WOMEN,253850.5,level
1998-12-31,ZHM,URBAN_WOMEN,URBAN_WOMEN,246213.0,level
1999-12-31,ZHM,URBAN_WOMEN,URBAN_WOMEN,238962.5,level
2000-12-31,ZHM,URBAN_WOMEN,URBAN_WOMEN,236871.5,level
2001-12-31,ZHM,URBAN_WOMEN,URBAN_WOMEN,234938.0,level
2002-12-31,ZHM,URBAN_WOMEN,URBAN_WOMEN,234391.0,level
2003-12-31,ZHM,URBAN_WOMEN,URBAN_WOMEN,235557.5,level
2004-12-31,ZHM,URBAN_WOMEN,URBAN_WOMEN,237971.0,level
2005-12-31,ZHM,URBAN_WOMEN,URBAN_WOMEN,240481.5,level
2006-12-31,ZHM,URBAN_WOMEN,URBAN_WOMEN,242430.5,level
2007-12-31,ZHM,URBAN_WOMEN,URBAN_WOMEN,228459.0,level
2008-12-31,ZHM,URBAN_WOMEN,URBAN_WOMEN,220094.0,level
2009-12-31,ZHM,URBAN_WOMEN,URBAN_WOMEN,221423.0,level
2010-12-31,ZHM,URBAN_WOMEN,URBAN_WOMEN,223307.5,level
2011-12-31,ZHM,URBAN_WOMEN,URBAN_WOMEN,223341.5,level
2012-12-31,ZHM,URBAN_WOMEN,URBAN_WOMEN,224294.5,level
2013-12-31,ZHM,URBAN_WOMEN,URBAN_WOMEN,227981.0,level
2014-12-31,ZHM,URBAN_WOMEN,URBAN_WOMEN,231683.5,level
2015-12-31,ZHM,URBAN_WOMEN,URBAN_WOMEN,234810.5,level
2016-12-31,ZHM,URBAN_WOMEN,URBAN_WOMEN,236124.0,level
2017-12-31,ZHM,URBAN_WOMEN,URBAN_WOMEN,234374.0,level
2018-12-31,ZHM,URBAN_WOMEN,URBAN_WOMEN,233760.5,level
2019-12-31,ZHM,URBAN_WOMEN,URBAN_WOMEN,234800.0,level
2020-12-31,ZHM,URBAN_WOMEN,URBAN_WOMEN,236575.5,level
2021-12-31,ZHM,URBAN_WOMEN,URBAN_WOMEN,239527.0,level
2022-12-31,ZHM,URBAN_WOMEN,URBAN_WOMEN,271992.0,level
2023-12-31,ZHM,URBAN_WOMEN,URBAN_WOMEN,274109.5,level
2024-12-31,ZHM,URBAN_WOMEN,URBAN_WOMEN,276236.0,level
2025-12-31,ZHM,URBAN_WOMEN,URBAN_WOMEN,301553.0,level
2009-12-31,ZHT,URBAN_WOMEN,URBAN_WOMEN,131135.5,level
2010-12-31,ZHT,URBAN_WOMEN,URBAN_WOMEN,132675.5,level
2011-12-31,ZHT,URBAN_WOMEN,URBAN_WOMEN,134191.5,level
2012-12-31,ZHT,URBAN_WOMEN,URBAN_WOMEN,135942.5,level
2013-12-31,ZHT,URBAN_WOMEN,URBAN_WOMEN,137889.5,level
2014-12-31,ZHT,URBAN_WOMEN,URBAN_WOMEN,139884.5,level
2015-12-31,ZHT,URBAN_WOMEN,URBAN_WOMEN,141764.5,level
2016-12-31,ZHT,URBAN_WOMEN,URBAN_WOMEN,142896.0,level
2017-12-31,ZHT,URBAN_WOMEN,URBAN_WOMEN,142584.5,level
2018-12-31,ZHT,URBAN_WOMEN,URBAN_WOMEN,141329.0,level
2019-12-31,ZHT,URBAN_WOMEN,URBAN_WOMEN,140748.0,level
2020-12-31,ZHT,URBAN_WOMEN,URBAN_WOMEN,141416.5,level
2021-12-31,ZHT,URBAN_WOMEN,URBAN_WOMEN,142461.0,level
2022-12-31,ZHT,URBAN_WOMEN,URBAN_WOMEN,161444.5,level
2023-12-31,ZHT,URBAN_WOMEN,URBAN_WOMEN,162035.0,level
2024-12-31,ZHT,URBAN_WOMEN,URBAN_WOMEN,162298.5,level
2025-12-31,ZHT,URBAN_WOMEN,URBAN_WOMEN,164638.0,level
1991-12-31,ZKO,URBAN_WOMEN,URBAN_WOMEN,142817.0,level
1992-12-31,ZKO,URBAN_WOMEN,URBAN_WOMEN,141227.5,level
1993-12-31,ZKO,URBAN_WOMEN,URBAN_WOMEN,142841.5,level
1994-12-31,ZKO,URBAN_WOMEN,URBAN_WOMEN,142228.5,level
1995-12-31,ZKO,URBAN_WOMEN,URBAN_WOMEN,140639.5,level
1996-12-31,ZKO,URBAN_WOMEN,URBAN_WOMEN,140193.5,level
1997-12-31,ZKO,URBAN_WOMEN,URBAN_WOMEN,139444.5,level
1998-12-31,ZKO,URBAN_WOMEN,URBAN_WOMEN,137548.5,level
1999-12-31,ZKO,URBAN_WOMEN,URBAN_WOMEN,135270.0,level
2000-12-31,ZKO,URBAN_WOMEN,URBAN_WOMEN,133600.0,level
2001-12-31,ZKO,URBAN_WOMEN,URBAN_WOMEN,133746.5,level
2002-12-31,ZKO,URBAN_WOMEN,URBAN_WOMEN,135775.5,level
2003-12-31,ZKO,URBAN_WOMEN,URBAN_WOMEN,138197.0,level
2004-12-31,ZKO,URBAN_WOMEN,URBAN_WOMEN,140252.0,level
2005-12-31,ZKO,URBAN_WOMEN,URBAN_WOMEN,142609.5,level
2006-12-31,ZKO,URBAN_WOMEN,URBAN_WOMEN,144393.0,level
2007-12-31,ZKO,URBAN_WOMEN,URBAN_WOMEN,146059.0,level
2008-12-31,ZKO,URBAN_WOMEN,URBAN_WOMEN,148606.0,level
2009-12-31,ZKO,URBAN_WOMEN,URBAN_WOMEN,149533.5,level
2010-12-31,ZKO,URBAN_WOMEN,URBAN_WOMEN,153006.5,level
2011-12-31,ZKO,URBAN_WOMEN,URBAN_WOMEN,156805.0,level
2012-12-31,ZKO,URBAN_WOMEN,URBAN_WOMEN,160507.0,level
2013-12-31,ZKO,URBAN_WOMEN,URBAN_WOMEN,163692.0,level
2014-12-31,ZKO,URBAN_WOMEN,URBAN_WOMEN,166549.5,level
2015-12-31,ZKO,URBAN_WOMEN,URBAN_WOMEN,169323.5,level
2016-12-31,ZKO,URBAN_WOMEN,URBAN_WOMEN,172598.0,level
2017-12-31,ZKO,URBAN_WOMEN,URBAN_WOMEN,176550.5,level
2018-12-31,ZKO,URBAN_WOMEN,URBAN_WOMEN,180110.5,level
2019-12-31,ZKO,URBAN_WOMEN,URBAN_WOMEN,182658.0,level
2020-12-31,ZKO,URBAN_WOMEN,URBAN_WOMEN,184726.0,level
2021-12-31,ZKO,URBAN_WOMEN,URBAN_WOMEN,186547.0,level
2022-12-31,ZKO,URBAN_WOMEN,URBAN_WOMEN,201961.0,level
2023-12-31,ZKO,URBAN_WOMEN,URBAN_WOMEN,204308.5,level
2024-12-31,ZKO,URBAN_WOMEN,URBAN_WOMEN,207279.0,level
2025-12-31,ZKO,URBAN_WOMEN,URBAN_WOMEN,209798.5,level
1991-12-31,national,URBAN_WOMEN,URBAN_WOMEN,4941793.0,level
1992-12-31,national,URBAN_WOMEN,URBAN_WOMEN,4943161.0,level
1993-12-31,national,URBAN_WOMEN,URBAN_WOMEN,4887005.0,level
1994-12-31,national,URBAN_WOMEN,URBAN_WOMEN,4773162.0,level
1995-12-31,national,URBAN_WOMEN,URBAN_WOMEN,4666041.5,level
1996-12-31,national,URBAN_WOMEN,URBAN_WOMEN,4607132.0,level
1997-12-31,national,URBAN_WOMEN,URBAN_WOMEN,4552834.0,level
1998-12-31,national,URBAN_WOMEN,URBAN_WOMEN,4498640.0,level
1999-12-31,national,URBAN_WOMEN,URBAN_WOMEN,4472397.0,level
2000-12-31,national,URBAN_WOMEN,URBAN_WOMEN,4471486.0,level
2001-12-31,national,URBAN_WOMEN,URBAN_WOMEN,4479012.5,level
2002-12-31,national,URBAN_WOMEN,URBAN_WOMEN,4490592.5,level
2003-12-31,national,URBAN_WOMEN,URBAN_WOMEN,4516176.5,level
2004-12-31,national,URBAN_WOMEN,URBAN_WOMEN,4561248.0,level
2005-12-31,national,URBAN_WOMEN,URBAN_WOMEN,4611493.5,level
2006-12-31,national,URBAN_WOMEN,URBAN_WOMEN,4670312.5,level
2007-12-31,national,URBAN_WOMEN,URBAN_WOMEN,4379967.0,level
2008-12-31,national,URBAN_WOMEN,URBAN_WOMEN,4606878.0,level
2009-12-31,national,URBAN_WOMEN,URBAN_WOMEN,4803949.5,level
2010-12-31,national,URBAN_WOMEN,URBAN_WOMEN,4890633.5,level
2011-12-31,national,URBAN_WOMEN,URBAN_WOMEN,4976781.0,level
2012-12-31,national,URBAN_WOMEN,URBAN_WOMEN,5061506.5,level
2013-12-31,national,URBAN_WOMEN,URBAN_WOMEN,5149517.5,level
2014-12-31,national,URBAN_WOMEN,URBAN_WOMEN,5245703.5,level
2015-12-31,national,URBAN_WOMEN,URBAN_WOMEN,5347481.5,level
2016-12-31,national,URBAN_WOMEN,URBAN_WOMEN,5454805.5,level
2017-12-31,national,URBAN_WOMEN,URBAN_WOMEN,5558143.5,level
2018-12-31,national,URBAN_WOMEN,URBAN_WOMEN,5343763.5,level
2019-12-31,national,URBAN_WOMEN,URBAN_WOMEN,5442627.5,level
2020-12-31,national,URBAN_WOMEN,URBAN_WOMEN,5858370.5,level
2021-12-31,national,URBAN_WOMEN,URBAN_WOMEN,5964911.0,level
2022-12-31,national,URBAN_WOMEN,URBAN_WOMEN,6364788.0,level
2023-12-31,national,URBAN_WOMEN,URBAN_WOMEN,6484490.0,level
2024-12-31,national,URBAN_WOMEN,URBAN_WOMEN,6615458.0,level
2025-12-31,national,URBAN_WOMEN,URBAN_WOMEN,6778063.0,level
