date,region,item_code,item_name,value,transformation
2009-01-01,ABY,ALL,ALL,653716.0,level
2010-01-01,ABY,ALL,ALL,654744.0,level
2011-01-01,ABY,ALL,ALL,655239.0,level
2012-01-01,ABY,ALL,ALL,654482.0,level
2013-01-01,ABY,ALL,ALL,654868.0,level
2014-01-01,ABY,ALL,ALL,654626.0,level
2015-01-01,ABY,ALL,ALL,655608.0,level
2016-01-01,ABY,ALL,ALL,656130.0,level
2017-01-01,ABY,ALL,ALL,651778.0,level
2018-01-01,ABY,ALL,ALL,647985.0,level
2019-01-01,ABY,ALL,ALL,646086.0,level
2020-01-01,ABY,ALL,ALL,642391.0,level
2021-01-01,ABY,ALL,ALL,639532.0,level
2022-01-01,ABY,ALL,ALL,611888.0,level
2023-01-01,ABY,ALL,ALL,610198.0,level
2024-01-01,ABY,ALL,ALL,607589.0,level
2025-01-01,ABY,ALL,ALL,602832.0,level
2026-01-01,ABY,ALL,ALL,595720.0,level
1991-01-01,AKM,ALL,ALL,1069382.0,level
1992-01-01,AKM,ALL,ALL,1070372.0,level
1993-01-01,AKM,ALL,ALL,1064581.0,level
1994-01-01,AKM,ALL,ALL,1052924.0,level
1995-01-01,AKM,ALL,ALL,1009564.0,level
1996-01-01,AKM,ALL,ALL,970704.0,level
1997-01-01,AKM,ALL,ALL,937763.0,level
1998-01-01,AKM,ALL,ALL,879300.0,level
1999-01-01,AKM,ALL,ALL,829207.0,level
2000-01-01,AKM,ALL,ALL,799179.0,level
2001-01-01,AKM,ALL,ALL,776377.0,level
2002-01-01,AKM,ALL,ALL,755000.0,level
2003-01-01,AKM,ALL,ALL,748167.0,level
2004-01-01,AKM,ALL,ALL,748930.0,level
2005-01-01,AKM,ALL,ALL,747185.0,level
2006-01-01,AKM,ALL,ALL,746652.0,level
2007-01-01,AKM,ALL,ALL,748559.0,level
2008-01-01,AKM,ALL,ALL,747447.0,level
2009-01-01,AKM,ALL,ALL,737582.0,level
2010-01-01,AKM,ALL,ALL,733882.0,level
2011-01-01,AKM,ALL,ALL,732024.0,level
2012-01-01,AKM,ALL,ALL,730140.0,level
2013-01-01,AKM,ALL,ALL,731502.0,level
2014-01-01,AKM,ALL,ALL,734329.0,level
2015-01-01,AKM,ALL,ALL,735269.0,level
2016-01-01,AKM,ALL,ALL,743108.0,level
2017-01-01,AKM,ALL,ALL,733027.0,level
2018-01-01,AKM,ALL,ALL,737600.0,level
2019-01-01,AKM,ALL,ALL,737244.0,level
2020-01-01,AKM,ALL,ALL,735394.0,level
2021-01-01,AKM,ALL,ALL,734265.0,level
2022-01-01,AKM,ALL,ALL,785708.0,level
2023-01-01,AKM,ALL,ALL,788013.0,level
2024-01-01,AKM,ALL,ALL,787981.0,level
2025-01-01,AKM,ALL,ALL,787263.0,level
2026-01-01,AKM,ALL,ALL,789608.0,level
1991-01-01,AKT,ALL,ALL,739303.0,level
1992-01-01,AKT,ALL,ALL,740388.0,level
1993-01-01,AKT,ALL,ALL,735845.0,level
1994-01-01,AKT,ALL,ALL,734795.0,level
1995-01-01,AKT,ALL,ALL,720696.0,level
1996-01-01,AKT,ALL,ALL,711720.0,level
1997-01-01,AKT,ALL,ALL,705309.0,level
1998-01-01,AKT,ALL,ALL,694633.0,level
1999-01-01,AKT,ALL,ALL,682546.0,level
2000-01-01,AKT,ALL,ALL,677715.0,level
2001-01-01,AKT,ALL,ALL,670231.0,level
2002-01-01,AKT,ALL,ALL,668166.0,level
2003-01-01,AKT,ALL,ALL,668378.0,level
2004-01-01,AKT,ALL,ALL,671812.0,level
2005-01-01,AKT,ALL,ALL,678607.0,level
2006-01-01,AKT,ALL,ALL,686698.0,level
2007-01-01,AKT,ALL,ALL,695454.0,level
2008-01-01,AKT,ALL,ALL,703660.0,level
2009-01-01,AKT,ALL,ALL,756254.0,level
2010-01-01,AKT,ALL,ALL,763055.0,level
2011-01-01,AKT,ALL,ALL,776942.0,level
2012-01-01,AKT,ALL,ALL,785824.0,level
2013-01-01,AKT,ALL,ALL,795288.0,level
2014-01-01,AKT,ALL,ALL,808389.0,level
2015-01-01,AKT,ALL,ALL,821945.0,level
2016-01-01,AKT,ALL,ALL,834181.0,level
2017-01-01,AKT,ALL,ALL,845034.0,level
2018-01-01,AKT,ALL,ALL,857081.0,level
2019-01-01,AKT,ALL,ALL,869066.0,level
2020-01-01,AKT,ALL,ALL,881096.0,level
2021-01-01,AKT,ALL,ALL,893785.0,level
2022-01-01,AKT,ALL,ALL,916750.0,level
2023-01-01,AKT,ALL,ALL,928159.0,level
2024-01-01,AKT,ALL,ALL,939405.0,level
2025-01-01,AKT,ALL,ALL,949524.0,level
2026-01-01,AKT,ALL,ALL,955970.0,level
1991-01-01,ALA,ALL,ALL,1118727.0,level
1992-01-01,ALA,ALL,ALL,1134378.0,level
1993-01-01,ALA,ALL,ALL,1134242.0,level
1994-01-01,ALA,ALL,ALL,1125782.0,level
1995-01-01,ALA,ALL,ALL,1114731.0,level
1996-01-01,ALA,ALL,ALL,1111746.0,level
1997-01-01,ALA,ALL,ALL,1117714.0,level
1998-01-01,ALA,ALL,ALL,1120091.0,level
1999-01-01,ALA,ALL,ALL,1128989.0,level
2000-01-01,ALA,ALL,ALL,1130439.0,level
2001-01-01,ALA,ALL,ALL,1128759.0,level
2002-01-01,ALA,ALL,ALL,1132424.0,level
2003-01-01,ALA,ALL,ALL,1149641.0,level
2004-01-01,ALA,ALL,ALL,1175208.0,level
2005-01-01,ALA,ALL,ALL,1209485.0,level
2006-01-01,ALA,ALL,ALL,1247896.0,level
2007-01-01,ALA,ALL,ALL,1287246.0,level
2008-01-01,ALA,ALL,ALL,1324739.0,level
2009-01-01,ALA,ALL,ALL,1447486.0,level
2010-01-01,ALA,ALL,ALL,1478220.0,level
2011-01-01,ALA,ALL,ALL,1503170.0,level
2012-01-01,ALA,ALL,ALL,1541980.0,level
2013-01-01,ALA,ALL,ALL,1570946.0,level
2014-01-01,ALA,ALL,ALL,1605537.0,level
2015-01-01,ALA,ALL,ALL,1646144.0,level
2016-01-01,ALA,ALL,ALL,1707439.0,level
2017-01-01,ALA,ALL,ALL,1755935.0,level
2018-01-01,ALA,ALL,ALL,1806609.0,level
2019-01-01,ALA,ALL,ALL,1859288.0,level
2020-01-01,ALA,ALL,ALL,1921499.0,level
2021-01-01,ALA,ALL,ALL,1981992.0,level
2022-01-01,ALA,ALL,ALL,2101485.0,level
2023-01-01,ALA,ALL,ALL,2161901.0,level
2024-01-01,ALA,ALL,ALL,2228675.0,level
2025-01-01,ALA,ALL,ALL,2292055.0,level
2026-01-01,ALA,ALL,ALL,2348103.0,level
1991-01-01,ALM,ALL,ALL,1655258.0,level
1992-01-01,ALM,ALL,ALL,1662249.0,level
1993-01-01,ALM,ALL,ALL,1647735.0,level
1994-01-01,ALM,ALL,ALL,1643941.0,level
1995-01-01,ALM,ALL,ALL,1616153.0,level
1996-01-01,ALM,ALL,ALL,1596943.0,level
1997-01-01,ALM,ALL,ALL,1584603.0,level
1998-01-01,ALM,ALL,ALL,1569062.0,level
1999-01-01,ALM,ALL,ALL,1556535.0,level
2000-01-01,ALM,ALL,ALL,1557141.0,level
2001-01-01,ALM,ALL,ALL,1554320.0,level
2002-01-01,ALM,ALL,ALL,1554573.0,level
2003-01-01,ALM,ALL,ALL,1560267.0,level
2004-01-01,ALM,ALL,ALL,1571194.0,level
2005-01-01,ALM,ALL,ALL,1589751.0,level
2006-01-01,ALM,ALL,ALL,1603758.0,level
2007-01-01,ALM,ALL,ALL,1620696.0,level
2008-01-01,ALM,ALL,ALL,1643278.0,level
2009-01-01,ALM,ALL,ALL,1100831.0,level
2010-01-01,ALM,ALL,ALL,1125110.0,level
2011-01-01,ALM,ALL,ALL,1152402.0,level
2012-01-01,ALM,ALL,ALL,1180814.0,level
2013-01-01,ALM,ALL,ALL,1208942.0,level
2014-01-01,ALM,ALL,ALL,1237718.0,level
2015-01-01,ALM,ALL,ALL,1261696.0,level
2016-01-01,ALM,ALL,ALL,1283444.0,level
2017-01-01,ALM,ALL,ALL,1317005.0,level
2018-01-01,ALM,ALL,ALL,1351025.0,level
2019-01-01,ALM,ALL,ALL,1372863.0,level
2020-01-01,ALM,ALL,ALL,1392113.0,level
2021-01-01,ALM,ALL,ALL,1412527.0,level
2022-01-01,ALM,ALL,ALL,1478496.0,level
2023-01-01,ALM,ALL,ALL,1505896.0,level
2024-01-01,ALM,ALL,ALL,1531167.0,level
2025-01-01,ALM,ALL,ALL,1560124.0,level
2026-01-01,ALM,ALL,ALL,1596532.0,level
1991-01-01,AST,ALL,ALL,293791.0,level
1992-01-01,AST,ALL,ALL,298671.0,level
1993-01-01,AST,ALL,ALL,292172.0,level
1994-01-01,AST,ALL,ALL,294556.0,level
1995-01-01,AST,ALL,ALL,293155.0,level
1996-01-01,AST,ALL,ALL,289715.0,level
1997-01-01,AST,ALL,ALL,287201.0,level
1998-01-01,AST,ALL,ALL,300505.0,level
1999-01-01,AST,ALL,ALL,326939.0,level
2000-01-01,AST,ALL,ALL,380990.0,level
2001-01-01,AST,ALL,ALL,440209.0,level
2002-01-01,AST,ALL,ALL,493062.0,level
2003-01-01,AST,ALL,ALL,501998.0,level
2004-01-01,AST,ALL,ALL,510533.0,level
2005-01-01,AST,ALL,ALL,529335.0,level
2006-01-01,AST,ALL,ALL,550438.0,level
2007-01-01,AST,ALL,ALL,574448.0,level
2008-01-01,AST,ALL,ALL,602684.0,level
2009-01-01,AST,ALL,ALL,611576.0,level
2010-01-01,AST,ALL,ALL,655476.0,level
2011-01-01,AST,ALL,ALL,703485.0,level
2012-01-01,AST,ALL,ALL,749192.0,level
2013-01-01,AST,ALL,ALL,784470.0,level
2014-01-01,AST,ALL,ALL,820745.0,level
2015-01-01,AST,ALL,ALL,859129.0,level
2016-01-01,AST,ALL,ALL,878913.0,level
2017-01-01,AST,ALL,ALL,979017.0,level
2018-01-01,AST,ALL,ALL,1036905.0,level
2019-01-01,AST,ALL,ALL,1084712.0,level
2020-01-01,AST,ALL,ALL,1142470.0,level
2021-01-01,AST,ALL,ALL,1190711.0,level
2022-01-01,AST,ALL,ALL,1295711.0,level
2023-01-01,AST,ALL,ALL,1354559.0,level
2024-01-01,AST,ALL,ALL,1430105.0,level
2025-01-01,AST,ALL,ALL,1528703.0,level
2026-01-01,AST,ALL,ALL,1639176.0,level
1991-01-01,ATY,ALL,ALL,427065.0,level
1992-01-01,ATY,ALL,ALL,432898.0,level
1993-01-01,ATY,ALL,ALL,434554.0,level
1994-01-01,ATY,ALL,ALL,436122.0,level
1995-01-01,ATY,ALL,ALL,435649.0,level
1996-01-01,ATY,ALL,ALL,435168.0,level
1997-01-01,ATY,ALL,ALL,436382.0,level
1998-01-01,ATY,ALL,ALL,437895.0,level
1999-01-01,ATY,ALL,ALL,439357.0,level
2000-01-01,ATY,ALL,ALL,441692.0,level
2001-01-01,ATY,ALL,ALL,443630.0,level
2002-01-01,ATY,ALL,ALL,447634.0,level
2003-01-01,ATY,ALL,ALL,451928.0,level
2004-01-01,ATY,ALL,ALL,457215.0,level
2005-01-01,ATY,ALL,ALL,463466.0,level
2006-01-01,ATY,ALL,ALL,472384.0,level
2007-01-01,ATY,ALL,ALL,480687.0,level
2008-01-01,ATY,ALL,ALL,490369.0,level
2009-01-01,ATY,ALL,ALL,509156.0,level
2010-01-01,ATY,ALL,ALL,521019.0,level
2011-01-01,ATY,ALL,ALL,532058.0,level
2012-01-01,ATY,ALL,ALL,542983.0,level
2013-01-01,ATY,ALL,ALL,555219.0,level
2014-01-01,ATY,ALL,ALL,567844.0,level
2015-01-01,ATY,ALL,ALL,581398.0,level
2016-01-01,ATY,ALL,ALL,594511.0,level
2017-01-01,ATY,ALL,ALL,607518.0,level
2018-01-01,ATY,ALL,ALL,620695.0,level
2019-01-01,ATY,ALL,ALL,633797.0,level
2020-01-01,ATY,ALL,ALL,645297.0,level
2021-01-01,ATY,ALL,ALL,657123.0,level
2022-01-01,ATY,ALL,ALL,681241.0,level
2023-01-01,ATY,ALL,ALL,693079.0,level
2024-01-01,ATY,ALL,ALL,704074.0,level
2025-01-01,ATY,ALL,ALL,710781.0,level
2026-01-01,ATY,ALL,ALL,716071.0,level
1991-01-01,KRG,ALL,ALL,1711783.0,level
1992-01-01,KRG,ALL,ALL,1692804.0,level
1993-01-01,KRG,ALL,ALL,1678159.0,level
1994-01-01,KRG,ALL,ALL,1646092.0,level
1995-01-01,KRG,ALL,ALL,1584809.0,level
1996-01-01,KRG,ALL,ALL,1537248.0,level
1997-01-01,KRG,ALL,ALL,1501026.0,level
1998-01-01,KRG,ALL,ALL,1461147.0,level
1999-01-01,KRG,ALL,ALL,1411405.0,level
2000-01-01,KRG,ALL,ALL,1390454.0,level
2001-01-01,KRG,ALL,ALL,1364781.0,level
2002-01-01,KRG,ALL,ALL,1344244.0,level
2003-01-01,KRG,ALL,ALL,1333656.0,level
2004-01-01,KRG,ALL,ALL,1330927.0,level
2005-01-01,KRG,ALL,ALL,1331702.0,level
2006-01-01,KRG,ALL,ALL,1334438.0,level
2007-01-01,KRG,ALL,ALL,1339368.0,level
2008-01-01,KRG,ALL,ALL,1342081.0,level
2009-01-01,KRG,ALL,ALL,1117344.0,level
2010-01-01,KRG,ALL,ALL,1122900.0,level
2011-01-01,KRG,ALL,ALL,1128041.0,level
2012-01-01,KRG,ALL,ALL,1133670.0,level
2013-01-01,KRG,ALL,ALL,1138149.0,level
2014-01-01,KRG,ALL,ALL,1144433.0,level
2015-01-01,KRG,ALL,ALL,1152350.0,level
2016-01-01,KRG,ALL,ALL,1158075.0,level
2017-01-01,KRG,ALL,ALL,1156871.0,level
2018-01-01,KRG,ALL,ALL,1154597.0,level
2019-01-01,KRG,ALL,ALL,1151172.0,level
2020-01-01,KRG,ALL,ALL,1149096.0,level
2021-01-01,KRG,ALL,ALL,1148199.0,level
2022-01-01,KRG,ALL,ALL,1134966.0,level
2023-01-01,KRG,ALL,ALL,1134855.0,level
2024-01-01,KRG,ALL,ALL,1135351.0,level
2025-01-01,KRG,ALL,ALL,1133933.0,level
2026-01-01,KRG,ALL,ALL,1131353.0,level
1991-01-01,KST,ALL,ALL,1239095.0,level
1992-01-01,KST,ALL,ALL,1253519.0,level
1993-01-01,KST,ALL,ALL,1248685.0,level
1994-01-01,KST,ALL,ALL,1239335.0,level
1995-01-01,KST,ALL,ALL,1201539.0,level
1996-01-01,KST,ALL,ALL,1159463.0,level
1997-01-01,KST,ALL,ALL,1132984.0,level
1998-01-01,KST,ALL,ALL,1076479.0,level
1999-01-01,KST,ALL,ALL,1020504.0,level
2000-01-01,KST,ALL,ALL,988787.0,level
2001-01-01,KST,ALL,ALL,959274.0,level
2002-01-01,KST,ALL,ALL,935717.0,level
2003-01-01,KST,ALL,ALL,919558.0,level
2004-01-01,KST,ALL,ALL,913435.0,level
2005-01-01,KST,ALL,ALL,907396.0,level
2006-01-01,KST,ALL,ALL,903178.0,level
2007-01-01,KST,ALL,ALL,900333.0,level
2008-01-01,KST,ALL,ALL,894192.0,level
2009-01-01,KST,ALL,ALL,885737.0,level
2010-01-01,KST,ALL,ALL,882786.0,level
2011-01-01,KST,ALL,ALL,881055.0,level
2012-01-01,KST,ALL,ALL,879028.0,level
2013-01-01,KST,ALL,ALL,879499.0,level
2014-01-01,KST,ALL,ALL,880335.0,level
2015-01-01,KST,ALL,ALL,880917.0,level
2016-01-01,KST,ALL,ALL,883124.0,level
2017-01-01,KST,ALL,ALL,878415.0,level
2018-01-01,KST,ALL,ALL,874904.0,level
2019-01-01,KST,ALL,ALL,872110.0,level
2020-01-01,KST,ALL,ALL,867870.0,level
2021-01-01,KST,ALL,ALL,863894.0,level
2022-01-01,KST,ALL,ALL,835686.0,level
2023-01-01,KST,ALL,ALL,832234.0,level
2024-01-01,KST,ALL,ALL,829984.0,level
2025-01-01,KST,ALL,ALL,825569.0,level
2026-01-01,KST,ALL,ALL,821473.0,level
1991-01-01,KZL,ALL,ALL,586157.0,level
1992-01-01,KZL,ALL,ALL,592410.0,level
1993-01-01,KZL,ALL,ALL,601602.0,level
1994-01-01,KZL,ALL,ALL,599259.0,level
1995-01-01,KZL,ALL,ALL,590926.0,level
1996-01-01,KZL,ALL,ALL,587364.0,level
1997-01-01,KZL,ALL,ALL,589176.0,level
1998-01-01,KZL,ALL,ALL,592143.0,level
1999-01-01,KZL,ALL,ALL,595503.0,level
2000-01-01,KZL,ALL,ALL,598526.0,level
2001-01-01,KZL,ALL,ALL,599738.0,level
2002-01-01,KZL,ALL,ALL,600972.0,level
2003-01-01,KZL,ALL,ALL,603804.0,level
2004-01-01,KZL,ALL,ALL,607491.0,level
2005-01-01,KZL,ALL,ALL,612048.0,level
2006-01-01,KZL,ALL,ALL,618249.0,level
2007-01-01,KZL,ALL,ALL,625070.0,level
2008-01-01,KZL,ALL,ALL,632234.0,level
2009-01-01,KZL,ALL,ALL,677093.0,level
2010-01-01,KZL,ALL,ALL,688368.0,level
2011-01-01,KZL,ALL,ALL,699861.0,level
2012-01-01,KZL,ALL,ALL,712243.0,level
2013-01-01,KZL,ALL,ALL,726030.0,level
2014-01-01,KZL,ALL,ALL,739054.0,level
2015-01-01,KZL,ALL,ALL,752314.0,level
2016-01-01,KZL,ALL,ALL,764363.0,level
2017-01-01,KZL,ALL,ALL,772422.0,level
2018-01-01,KZL,ALL,ALL,782412.0,level
2019-01-01,KZL,ALL,ALL,793621.0,level
2020-01-01,KZL,ALL,ALL,802835.0,level
2021-01-01,KZL,ALL,ALL,813899.0,level
2022-01-01,KZL,ALL,ALL,823251.0,level
2023-01-01,KZL,ALL,ALL,833666.0,level
2024-01-01,KZL,ALL,ALL,841931.0,level
2025-01-01,KZL,ALL,ALL,846104.0,level
2026-01-01,KZL,ALL,ALL,846312.0,level
1991-01-01,MNG,ALL,ALL,334248.0,level
1992-01-01,MNG,ALL,ALL,340245.0,level
1993-01-01,MNG,ALL,ALL,338799.0,level
1994-01-01,MNG,ALL,ALL,325194.0,level
1995-01-01,MNG,ALL,ALL,305130.0,level
1996-01-01,MNG,ALL,ALL,306342.0,level
1997-01-01,MNG,ALL,ALL,309883.0,level
1998-01-01,MNG,ALL,ALL,314729.0,level
1999-01-01,MNG,ALL,ALL,314035.0,level
2000-01-01,MNG,ALL,ALL,315203.0,level
2001-01-01,MNG,ALL,ALL,319191.0,level
2002-01-01,MNG,ALL,ALL,328265.0,level
2003-01-01,MNG,ALL,ALL,338612.0,level
2004-01-01,MNG,ALL,ALL,349668.0,level
2005-01-01,MNG,ALL,ALL,361754.0,level
2006-01-01,MNG,ALL,ALL,374430.0,level
2007-01-01,MNG,ALL,ALL,390531.0,level
2008-01-01,MNG,ALL,ALL,407403.0,level
2009-01-01,MNG,ALL,ALL,483204.0,level
2010-01-01,MNG,ALL,ALL,503814.0,level
2011-01-01,MNG,ALL,ALL,524752.0,level
2012-01-01,MNG,ALL,ALL,546354.0,level
2013-01-01,MNG,ALL,ALL,568332.0,level
2014-01-01,MNG,ALL,ALL,587987.0,level
2015-01-01,MNG,ALL,ALL,607395.0,level
2016-01-01,MNG,ALL,ALL,627321.0,level
2017-01-01,MNG,ALL,ALL,643379.0,level
2018-01-01,MNG,ALL,ALL,660874.0,level
2019-01-01,MNG,ALL,ALL,678766.0,level
2020-01-01,MNG,ALL,ALL,699343.0,level
2021-01-01,MNG,ALL,ALL,720137.0,level
2022-01-01,MNG,ALL,ALL,745909.0,level
2023-01-01,MNG,ALL,ALL,767106.0,level
2024-01-01,MNG,ALL,ALL,786841.0,level
2025-01-01,MNG,ALL,ALL,805156.0,level
2026-01-01,MNG,ALL,ALL,819824.0,level
1991-01-01,PVL,ALL,ALL,947569.0,level
1992-01-01,PVL,ALL,ALL,955985.0,level
1993-01-01,PVL,ALL,ALL,951677.0,level
1994-01-01,PVL,ALL,ALL,941906.0,level
1995-01-01,PVL,ALL,ALL,912004.0,level
1996-01-01,PVL,ALL,ALL,885306.0,level
1997-01-01,PVL,ALL,ALL,865823.0,level
1998-01-01,PVL,ALL,ALL,837756.0,level
1999-01-01,PVL,ALL,ALL,808363.0,level
2000-01-01,PVL,ALL,ALL,790774.0,level
2001-01-01,PVL,ALL,ALL,772453.0,level
2002-01-01,PVL,ALL,ALL,758154.0,level
2003-01-01,PVL,ALL,ALL,748651.0,level
2004-01-01,PVL,ALL,ALL,745238.0,level
2005-01-01,PVL,ALL,ALL,743826.0,level
2006-01-01,PVL,ALL,ALL,742911.0,level
2007-01-01,PVL,ALL,ALL,744860.0,level
2008-01-01,PVL,ALL,ALL,746454.0,level
2009-01-01,PVL,ALL,ALL,741988.0,level
2010-01-01,PVL,ALL,ALL,744097.0,level
2011-01-01,PVL,ALL,ALL,745919.0,level
2012-01-01,PVL,ALL,ALL,746851.0,level
2013-01-01,PVL,ALL,ALL,748869.0,level
2014-01-01,PVL,ALL,ALL,752571.0,level
2015-01-01,PVL,ALL,ALL,755435.0,level
2016-01-01,PVL,ALL,ALL,758209.0,level
2017-01-01,PVL,ALL,ALL,756599.0,level
2018-01-01,PVL,ALL,ALL,754468.0,level
2019-01-01,PVL,ALL,ALL,753493.0,level
2020-01-01,PVL,ALL,ALL,751819.0,level
2021-01-01,PVL,ALL,ALL,750676.0,level
2022-01-01,PVL,ALL,ALL,756511.0,level
2023-01-01,PVL,ALL,ALL,754944.0,level
2024-01-01,PVL,ALL,ALL,753934.0,level
2025-01-01,PVL,ALL,ALL,751018.0,level
2026-01-01,PVL,ALL,ALL,745243.0,level
2009-01-01,SHM,ALL,ALL,728803.0,level
2010-01-01,SHM,ALL,ALL,744642.0,level
2011-01-01,SHM,ALL,ALL,762859.0,level
2012-01-01,SHM,ALL,ALL,779760.0,level
2013-01-01,SHM,ALL,ALL,804046.0,level
2014-01-01,SHM,ALL,ALL,828698.0,level
2015-01-01,SHM,ALL,ALL,857883.0,level
2016-01-01,SHM,ALL,ALL,886095.0,level
2017-01-01,SHM,ALL,ALL,912120.0,level
2018-01-01,SHM,ALL,ALL,951974.0,level
2019-01-01,SHM,ALL,ALL,1008894.0,level
2020-01-01,SHM,ALL,ALL,1037924.0,level
2021-01-01,SHM,ALL,ALL,1074221.0,level
2022-01-01,SHM,ALL,ALL,1162308.0,level
2023-01-01,SHM,ALL,ALL,1192199.0,level
2024-01-01,SHM,ALL,ALL,1222066.0,level
2025-01-01,SHM,ALL,ALL,1256164.0,level
2026-01-01,SHM,ALL,ALL,1294050.0,level
1991-01-01,SKO,ALL,ALL,912148.0,level
1992-01-01,SKO,ALL,ALL,917888.0,level
1993-01-01,SKO,ALL,ALL,917349.0,level
1994-01-01,SKO,ALL,ALL,916703.0,level
1995-01-01,SKO,ALL,ALL,880580.0,level
1996-01-01,SKO,ALL,ALL,843213.0,level
1997-01-01,SKO,ALL,ALL,804291.0,level
1998-01-01,SKO,ALL,ALL,756722.0,level
1999-01-01,SKO,ALL,ALL,727001.0,level
2000-01-01,SKO,ALL,ALL,713628.0,level
2001-01-01,SKO,ALL,ALL,702623.0,level
2002-01-01,SKO,ALL,ALL,691263.0,level
2003-01-01,SKO,ALL,ALL,682148.0,level
2004-01-01,SKO,ALL,ALL,674497.0,level
2005-01-01,SKO,ALL,ALL,665936.0,level
2006-01-01,SKO,ALL,ALL,663126.0,level
2007-01-01,SKO,ALL,ALL,660950.0,level
2008-01-01,SKO,ALL,ALL,653921.0,level
2009-01-01,SKO,ALL,ALL,596928.0,level
2010-01-01,SKO,ALL,ALL,592184.0,level
2011-01-01,SKO,ALL,ALL,588814.0,level
2012-01-01,SKO,ALL,ALL,583165.0,level
2013-01-01,SKO,ALL,ALL,579080.0,level
2014-01-01,SKO,ALL,ALL,575314.0,level
2015-01-01,SKO,ALL,ALL,571189.0,level
2016-01-01,SKO,ALL,ALL,568920.0,level
2017-01-01,SKO,ALL,ALL,562583.0,level
2018-01-01,SKO,ALL,ALL,557917.0,level
2019-01-01,SKO,ALL,ALL,553853.0,level
2020-01-01,SKO,ALL,ALL,548092.0,level
2021-01-01,SKO,ALL,ALL,543088.0,level
2022-01-01,SKO,ALL,ALL,539111.0,level
2023-01-01,SKO,ALL,ALL,534104.0,level
2024-01-01,SKO,ALL,ALL,530089.0,level
2025-01-01,SKO,ALL,ALL,522171.0,level
2026-01-01,SKO,ALL,ALL,514132.0,level
2009-01-01,TRK,ALL,ALL,1731581.0,level
2010-01-01,TRK,ALL,ALL,1764532.0,level
2011-01-01,TRK,ALL,ALL,1802328.0,level
2012-01-01,TRK,ALL,ALL,1839290.0,level
2013-01-01,TRK,ALL,ALL,1872276.0,level
2014-01-01,TRK,ALL,ALL,1901929.0,level
2015-01-01,TRK,ALL,ALL,1927592.0,level
2016-01-01,TRK,ALL,ALL,1952324.0,level
2017-01-01,TRK,ALL,ALL,1964044.0,level
2018-01-01,TRK,ALL,ALL,1974736.0,level
2019-01-01,TRK,ALL,ALL,1981741.0,level
2020-01-01,TRK,ALL,ALL,2013751.0,level
2021-01-01,TRK,ALL,ALL,2042445.0,level
2022-01-01,TRK,ALL,ALL,2088510.0,level
2023-01-01,TRK,ALL,ALL,2119224.0,level
2024-01-01,TRK,ALL,ALL,2142171.0,level
2025-01-01,TRK,ALL,ALL,2154041.0,level
2026-01-01,TRK,ALL,ALL,2149205.0,level
2009-01-01,ULT,ALL,ALL,223403.0,level
2010-01-01,ULT,ALL,ALL,223451.0,level
2011-01-01,ULT,ALL,ALL,223700.0,level
2012-01-01,ULT,ALL,ALL,223815.0,level
2013-01-01,ULT,ALL,ALL,224116.0,level
2014-01-01,ULT,ALL,ALL,224684.0,level
2015-01-01,ULT,ALL,ALL,225201.0,level
2016-01-01,ULT,ALL,ALL,226118.0,level
2017-01-01,ULT,ALL,ALL,225211.0,level
2018-01-01,ULT,ALL,ALL,225291.0,level
2019-01-01,ULT,ALL,ALL,226768.0,level
2020-01-01,ULT,ALL,ALL,227220.0,level
2021-01-01,ULT,ALL,ALL,227212.0,level
2022-01-01,ULT,ALL,ALL,220913.0,level
2023-01-01,ULT,ALL,ALL,221421.0,level
2024-01-01,ULT,ALL,ALL,221584.0,level
2025-01-01,ULT,ALL,ALL,221290.0,level
2026-01-01,ULT,ALL,ALL,219049.0,level
1991-01-01,VKO,ALL,ALL,1773293.0,level
1992-01-01,VKO,ALL,ALL,1777314.0,level
1993-01-01,VKO,ALL,ALL,1772672.0,level
1994-01-01,VKO,ALL,ALL,1753166.0,level
1995-01-01,VKO,ALL,ALL,1685039.0,level
1996-01-01,VKO,ALL,ALL,1638342.0,level
1997-01-01,VKO,ALL,ALL,1600236.0,level
1998-01-01,VKO,ALL,ALL,1562258.0,level
1999-01-01,VKO,ALL,ALL,1532943.0,level
2000-01-01,VKO,ALL,ALL,1516785.0,level
2001-01-01,VKO,ALL,ALL,1499097.0,level
2002-01-01,VKO,ALL,ALL,1482550.0,level
2003-01-01,VKO,ALL,ALL,1465931.0,level
2004-01-01,VKO,ALL,ALL,1455412.0,level
2005-01-01,VKO,ALL,ALL,1442097.0,level
2006-01-01,VKO,ALL,ALL,1431180.0,level
2007-01-01,VKO,ALL,ALL,1424513.0,level
2008-01-01,VKO,ALL,ALL,1417384.0,level
2009-01-01,VKO,ALL,ALL,742173.0,level
2010-01-01,VKO,ALL,ALL,742355.0,level
2011-01-01,VKO,ALL,ALL,741878.0,level
2012-01-01,VKO,ALL,ALL,739639.0,level
2013-01-01,VKO,ALL,ALL,738268.0,level
2014-01-01,VKO,ALL,ALL,738856.0,level
2015-01-01,VKO,ALL,ALL,738950.0,level
2016-01-01,VKO,ALL,ALL,738973.0,level
2017-01-01,VKO,ALL,ALL,736809.0,level
2018-01-01,VKO,ALL,ALL,734690.0,level
2019-01-01,VKO,ALL,ALL,731503.0,level
2020-01-01,VKO,ALL,ALL,726267.0,level
2021-01-01,VKO,ALL,ALL,723340.0,level
2022-01-01,VKO,ALL,ALL,732966.0,level
2023-01-01,VKO,ALL,ALL,730238.0,level
2024-01-01,VKO,ALL,ALL,727053.0,level
2025-01-01,VKO,ALL,ALL,723967.0,level
2026-01-01,VKO,ALL,ALL,718995.0,level
1991-01-01,YKO,ALL,ALL,1864033.0,level
1992-01-01,YKO,ALL,ALL,1889332.0,level
1993-01-01,YKO,ALL,ALL,1912716.0,level
1994-01-01,YKO,ALL,ALL,1932680.0,level
1995-01-01,YKO,ALL,ALL,1940669.0,level
1996-01-01,YKO,ALL,ALL,1953521.0,level
1997-01-01,YKO,ALL,ALL,1969417.0,level
1998-01-01,YKO,ALL,ALL,1966411.0,level
1999-01-01,YKO,ALL,ALL,1975553.0,level
2000-01-01,YKO,ALL,ALL,2005023.0,level
2001-01-01,YKO,ALL,ALL,2051351.0,level
2002-01-01,YKO,ALL,ALL,2079506.0,level
2003-01-01,YKO,ALL,ALL,2111893.0,level
2004-01-01,YKO,ALL,ALL,2150256.0,level
2005-01-01,YKO,ALL,ALL,2193556.0,level
2006-01-01,YKO,ALL,ALL,2233568.0,level
2007-01-01,YKO,ALL,ALL,2282474.0,level
2008-01-01,YKO,ALL,ALL,2331505.0,level
1991-01-01,ZHM,ALL,ALL,1043769.0,level
1992-01-01,ZHM,ALL,ALL,1042187.0,level
1993-01-01,ZHM,ALL,ALL,1037819.0,level
1994-01-01,ZHM,ALL,ALL,1031572.0,level
1995-01-01,ZHM,ALL,ALL,1013318.0,level
1996-01-01,ZHM,ALL,ALL,1002020.0,level
1997-01-01,ZHM,ALL,ALL,998526.0,level
1998-01-01,ZHM,ALL,ALL,989707.0,level
1999-01-01,ZHM,ALL,ALL,988856.0,level
2000-01-01,ZHM,ALL,ALL,986144.0,level
2001-01-01,ZHM,ALL,ALL,981928.0,level
2002-01-01,ZHM,ALL,ALL,979199.0,level
2003-01-01,ZHM,ALL,ALL,980072.0,level
2004-01-01,ZHM,ALL,ALL,985552.0,level
2005-01-01,ZHM,ALL,ALL,992089.0,level
2006-01-01,ZHM,ALL,ALL,1001094.0,level
2007-01-01,ZHM,ALL,ALL,1009210.0,level
2008-01-01,ZHM,ALL,ALL,1018845.0,level
2009-01-01,ZHM,ALL,ALL,1019623.0,level
2010-01-01,ZHM,ALL,ALL,1033304.0,level
2011-01-01,ZHM,ALL,ALL,1045069.0,level
2012-01-01,ZHM,ALL,ALL,1054611.0,level
2013-01-01,ZHM,ALL,ALL,1068552.0,level
2014-01-01,ZHM,ALL,ALL,1083106.0,level
2015-01-01,ZHM,ALL,ALL,1097204.0,level
2016-01-01,ZHM,ALL,ALL,1109425.0,level
2017-01-01,ZHM,ALL,ALL,1113958.0,level
2018-01-01,ZHM,ALL,ALL,1115884.0,level
2019-01-01,ZHM,ALL,ALL,1124156.0,level
2020-01-01,ZHM,ALL,ALL,1128844.0,level
2021-01-01,ZHM,ALL,ALL,1137961.0,level
2022-01-01,ZHM,ALL,ALL,1209665.0,level
2023-01-01,ZHM,ALL,ALL,1218158.0,level
2024-01-01,ZHM,ALL,ALL,1222593.0,level
2025-01-01,ZHM,ALL,ALL,1222391.0,level
2026-01-01,ZHM,ALL,ALL,1215656.0,level
2009-01-01,ZHT,ALL,ALL,619675.0,level
2010-01-01,ZHT,ALL,ALL,625526.0,level
2011-01-01,ZHT,ALL,ALL,632481.0,level
2012-01-01,ZHT,ALL,ALL,637388.0,level
2013-01-01,ZHT,ALL,ALL,643784.0,level
2014-01-01,ZHT,ALL,ALL,650165.0,level
2015-01-01,ZHT,ALL,ALL,657406.0,level
2016-01-01,ZHT,ALL,ALL,661279.0,level
2017-01-01,ZHT,ALL,ALL,663612.0,level
2018-01-01,ZHT,ALL,ALL,663472.0,level
2019-01-01,ZHT,ALL,ALL,663364.0,level
2020-01-01,ZHT,ALL,ALL,660938.0,level
2021-01-01,ZHT,ALL,ALL,662813.0,level
2022-01-01,ZHT,ALL,ALL,698757.0,level
2023-01-01,ZHT,ALL,ALL,698726.0,level
2024-01-01,ZHT,ALL,ALL,697987.0,level
2025-01-01,ZHT,ALL,ALL,694325.0,level
2026-01-01,ZHT,ALL,ALL,687701.0,level
1991-01-01,ZKO,ALL,ALL,642601.0,level
1992-01-01,ZKO,ALL,ALL,651071.0,level
1993-01-01,ZKO,ALL,ALL,657871.0,level
1994-01-01,ZKO,ALL,ALL,660838.0,level
1995-01-01,ZKO,ALL,ALL,652705.0,level
1996-01-01,ZKO,ALL,ALL,647004.0,level
1997-01-01,ZKO,ALL,ALL,640301.0,level
1998-01-01,ZKO,ALL,ALL,629336.0,level
1999-01-01,ZKO,ALL,ALL,617370.0,level
2000-01-01,ZKO,ALL,ALL,609161.0,level
2001-01-01,ZKO,ALL,ALL,601648.0,level
2002-01-01,ZKO,ALL,ALL,600330.0,level
2003-01-01,ZKO,ALL,ALL,602133.0,level
2004-01-01,ZKO,ALL,ALL,603832.0,level
2005-01-01,ZKO,ALL,ALL,606534.0,level
2006-01-01,ZKO,ALL,ALL,609291.0,level
2007-01-01,ZKO,ALL,ALL,612479.0,level
2008-01-01,ZKO,ALL,ALL,615310.0,level
2009-01-01,ZKO,ALL,ALL,598199.0,level
2010-01-01,ZKO,ALL,ALL,603708.0,level
2011-01-01,ZKO,ALL,ALL,608177.0,level
2012-01-01,ZKO,ALL,ALL,612414.0,level
2013-01-01,ZKO,ALL,ALL,617563.0,level
2014-01-01,ZKO,ALL,ALL,623900.0,level
2015-01-01,ZKO,ALL,ALL,629862.0,level
2016-01-01,ZKO,ALL,ALL,636768.0,level
2017-01-01,ZKO,ALL,ALL,641286.0,level
2018-01-01,ZKO,ALL,ALL,646706.0,level
2019-01-01,ZKO,ALL,ALL,652145.0,level
2020-01-01,ZKO,ALL,ALL,656661.0,level
2021-01-01,ZKO,ALL,ALL,661146.0,level
2022-01-01,ZKO,ALL,ALL,683327.0,level
2023-01-01,ZKO,ALL,ALL,688127.0,level
2024-01-01,ZKO,ALL,ALL,693262.0,level
2025-01-01,ZKO,ALL,ALL,695988.0,level
2026-01-01,ZKO,ALL,ALL,695649.0,level
1991-01-01,national,ALL,ALL,16358222.0,level
1992-01-01,national,ALL,ALL,16451711.0,level
1993-01-01,national,ALL,ALL,16426478.0,level
1994-01-01,national,ALL,ALL,16334865.0,level
1995-01-01,national,ALL,ALL,15956667.0,level
1996-01-01,national,ALL,ALL,15675819.0,level
1997-01-01,national,ALL,ALL,15480635.0,level
1998-01-01,national,ALL,ALL,15188174.0,level
1999-01-01,national,ALL,ALL,14955106.0,level
2000-01-01,national,ALL,ALL,14901641.0,level
2001-01-01,national,ALL,ALL,14865610.0,level
2002-01-01,national,ALL,ALL,14851059.0,level
2003-01-01,national,ALL,ALL,14866837.0,level
2004-01-01,national,ALL,ALL,14951200.0,level
2005-01-01,national,ALL,ALL,15074767.0,level
2006-01-01,national,ALL,ALL,15219291.0,level
2007-01-01,national,ALL,ALL,15396878.0,level
2008-01-01,national,ALL,ALL,15571506.0,level
2009-01-01,national,ALL,ALL,15982352.0,level
2010-01-01,national,ALL,ALL,16203173.0,level
2011-01-01,national,ALL,ALL,16440254.0,level
2012-01-01,national,ALL,ALL,16673643.0,level
2013-01-01,national,ALL,ALL,16909799.0,level
2014-01-01,national,ALL,ALL,17160220.0,level
2015-01-01,national,ALL,ALL,17414887.0,level
2016-01-01,national,ALL,ALL,17668720.0,level
2017-01-01,national,ALL,ALL,17916623.0,level
2018-01-01,national,ALL,ALL,18155825.0,level
2019-01-01,national,ALL,ALL,18394642.0,level
2020-01-01,national,ALL,ALL,18630920.0,level
2021-01-01,national,ALL,ALL,18878966.0,level
2022-01-01,national,ALL,ALL,19503159.0,level
2023-01-01,national,ALL,ALL,19766807.0,level
2024-01-01,national,ALL,ALL,20033842.0,level
2025-01-01,national,ALL,ALL,20283399.0,level
2026-01-01,national,ALL,ALL,20499822.0,level
2009-01-01,ABY,ALL_MEN,ALL_MEN,313580.0,level
2010-01-01,ABY,ALL_MEN,ALL_MEN,314341.0,level
2011-01-01,ABY,ALL_MEN,ALL_MEN,314757.0,level
2012-01-01,ABY,ALL_MEN,ALL_MEN,314686.0,level
2013-01-01,ABY,ALL_MEN,ALL_MEN,315062.0,level
2014-01-01,ABY,ALL_MEN,ALL_MEN,315225.0,level
2015-01-01,ABY,ALL_MEN,ALL_MEN,315977.0,level
2016-01-01,ABY,ALL_MEN,ALL_MEN,316254.0,level
2017-01-01,ABY,ALL_MEN,ALL_MEN,314487.0,level
2018-01-01,ABY,ALL_MEN,ALL_MEN,312775.0,level
2019-01-01,ABY,ALL_MEN,ALL_MEN,312233.0,level
2020-01-01,ABY,ALL_MEN,ALL_MEN,310821.0,level
2021-01-01,ABY,ALL_MEN,ALL_MEN,309900.0,level
2022-01-01,ABY,ALL_MEN,ALL_MEN,299221.0,level
2023-01-01,ABY,ALL_MEN,ALL_MEN,298789.0,level
2024-01-01,ABY,ALL_MEN,ALL_MEN,297924.0,level
2025-01-01,ABY,ALL_MEN,ALL_MEN,295644.0,level
2026-01-01,ABY,ALL_MEN,ALL_MEN,292638.0,level
1991-01-01,AKM,ALL_MEN,ALL_MEN,522720.0,level
1992-01-01,AKM,ALL_MEN,ALL_MEN,522809.0,level
1993-01-01,AKM,ALL_MEN,ALL_MEN,519765.0,level
1994-01-01,AKM,ALL_MEN,ALL_MEN,513885.0,level
1995-01-01,AKM,ALL_MEN,ALL_MEN,492580.0,level
1996-01-01,AKM,ALL_MEN,ALL_MEN,473257.0,level
1997-01-01,AKM,ALL_MEN,ALL_MEN,456828.0,level
1998-01-01,AKM,ALL_MEN,ALL_MEN,428093.0,level
1999-01-01,AKM,ALL_MEN,ALL_MEN,402355.0,level
2000-01-01,AKM,ALL_MEN,ALL_MEN,387456.0,level
2001-01-01,AKM,ALL_MEN,ALL_MEN,375809.0,level
2002-01-01,AKM,ALL_MEN,ALL_MEN,365002.0,level
2003-01-01,AKM,ALL_MEN,ALL_MEN,361349.0,level
2004-01-01,AKM,ALL_MEN,ALL_MEN,361432.0,level
2005-01-01,AKM,ALL_MEN,ALL_MEN,360150.0,level
2006-01-01,AKM,ALL_MEN,ALL_MEN,359383.0,level
2007-01-01,AKM,ALL_MEN,ALL_MEN,359297.0,level
2008-01-01,AKM,ALL_MEN,ALL_MEN,358754.0,level
2009-01-01,AKM,ALL_MEN,ALL_MEN,355117.0,level
2010-01-01,AKM,ALL_MEN,ALL_MEN,353557.0,level
2011-01-01,AKM,ALL_MEN,ALL_MEN,353041.0,level
2012-01-01,AKM,ALL_MEN,ALL_MEN,352635.0,level
2013-01-01,AKM,ALL_MEN,ALL_MEN,353399.0,level
2014-01-01,AKM,ALL_MEN,ALL_MEN,354726.0,level
2015-01-01,AKM,ALL_MEN,ALL_MEN,355170.0,level
2016-01-01,AKM,ALL_MEN,ALL_MEN,359198.0,level
2017-01-01,AKM,ALL_MEN,ALL_MEN,354672.0,level
2018-01-01,AKM,ALL_MEN,ALL_MEN,357643.0,level
2019-01-01,AKM,ALL_MEN,ALL_MEN,357938.0,level
2020-01-01,AKM,ALL_MEN,ALL_MEN,357060.0,level
2021-01-01,AKM,ALL_MEN,ALL_MEN,356942.0,level
2022-01-01,AKM,ALL_MEN,ALL_MEN,383541.0,level
2023-01-01,AKM,ALL_MEN,ALL_MEN,385154.0,level
2024-01-01,AKM,ALL_MEN,ALL_MEN,385952.0,level
2025-01-01,AKM,ALL_MEN,ALL_MEN,386615.0,level
2026-01-01,AKM,ALL_MEN,ALL_MEN,388546.0,level
1991-01-01,AKT,ALL_MEN,ALL_MEN,358087.0,level
1992-01-01,AKT,ALL_MEN,ALL_MEN,358651.0,level
1993-01-01,AKT,ALL_MEN,ALL_MEN,356575.0,level
1994-01-01,AKT,ALL_MEN,ALL_MEN,356177.0,level
1995-01-01,AKT,ALL_MEN,ALL_MEN,349425.0,level
1996-01-01,AKT,ALL_MEN,ALL_MEN,345018.0,level
1997-01-01,AKT,ALL_MEN,ALL_MEN,341873.0,level
1998-01-01,AKT,ALL_MEN,ALL_MEN,336641.0,level
1999-01-01,AKT,ALL_MEN,ALL_MEN,330661.0,level
2000-01-01,AKT,ALL_MEN,ALL_MEN,328157.0,level
2001-01-01,AKT,ALL_MEN,ALL_MEN,324393.0,level
2002-01-01,AKT,ALL_MEN,ALL_MEN,323248.0,level
2003-01-01,AKT,ALL_MEN,ALL_MEN,323252.0,level
2004-01-01,AKT,ALL_MEN,ALL_MEN,324885.0,level
2005-01-01,AKT,ALL_MEN,ALL_MEN,328072.0,level
2006-01-01,AKT,ALL_MEN,ALL_MEN,331791.0,level
2007-01-01,AKT,ALL_MEN,ALL_MEN,335674.0,level
2008-01-01,AKT,ALL_MEN,ALL_MEN,339460.0,level
2009-01-01,AKT,ALL_MEN,ALL_MEN,363782.0,level
2010-01-01,AKT,ALL_MEN,ALL_MEN,367328.0,level
2011-01-01,AKT,ALL_MEN,ALL_MEN,373671.0,level
2012-01-01,AKT,ALL_MEN,ALL_MEN,378325.0,level
2013-01-01,AKT,ALL_MEN,ALL_MEN,383250.0,level
2014-01-01,AKT,ALL_MEN,ALL_MEN,389992.0,level
2015-01-01,AKT,ALL_MEN,ALL_MEN,396934.0,level
2016-01-01,AKT,ALL_MEN,ALL_MEN,403223.0,level
2017-01-01,AKT,ALL_MEN,ALL_MEN,408703.0,level
2018-01-01,AKT,ALL_MEN,ALL_MEN,414860.0,level
2019-01-01,AKT,ALL_MEN,ALL_MEN,420929.0,level
2020-01-01,AKT,ALL_MEN,ALL_MEN,427305.0,level
2021-01-01,AKT,ALL_MEN,ALL_MEN,433867.0,level
2022-01-01,AKT,ALL_MEN,ALL_MEN,449187.0,level
2023-01-01,AKT,ALL_MEN,ALL_MEN,455087.0,level
2024-01-01,AKT,ALL_MEN,ALL_MEN,461159.0,level
2025-01-01,AKT,ALL_MEN,ALL_MEN,466201.0,level
2026-01-01,AKT,ALL_MEN,ALL_MEN,469814.0,level
1991-01-01,ALA,ALL_MEN,ALL_MEN,514370.0,level
1992-01-01,ALA,ALL_MEN,ALL_MEN,520799.0,level
1993-01-01,ALA,ALL_MEN,ALL_MEN,519978.0,level
1994-01-01,ALA,ALL_MEN,ALL_MEN,515475.0,level
1995-01-01,ALA,ALL_MEN,ALL_MEN,509699.0,level
1996-01-01,ALA,ALL_MEN,ALL_MEN,507582.0,level
1997-01-01,ALA,ALL_MEN,ALL_MEN,509540.0,level
1998-01-01,ALA,ALL_MEN,ALL_MEN,509854.0,level
1999-01-01,ALA,ALL_MEN,ALL_MEN,511813.0,level
2000-01-01,ALA,ALL_MEN,ALL_MEN,512262.0,level
2001-01-01,ALA,ALL_MEN,ALL_MEN,511339.0,level
2002-01-01,ALA,ALL_MEN,ALL_MEN,513311.0,level
2003-01-01,ALA,ALL_MEN,ALL_MEN,521543.0,level
2004-01-01,ALA,ALL_MEN,ALL_MEN,533470.0,level
2005-01-01,ALA,ALL_MEN,ALL_MEN,549039.0,level
2006-01-01,ALA,ALL_MEN,ALL_MEN,566189.0,level
2007-01-01,ALA,ALL_MEN,ALL_MEN,585212.0,level
2008-01-01,ALA,ALL_MEN,ALL_MEN,602702.0,level
2009-01-01,ALA,ALL_MEN,ALL_MEN,667476.0,level
2010-01-01,ALA,ALL_MEN,ALL_MEN,680505.0,level
2011-01-01,ALA,ALL_MEN,ALL_MEN,690664.0,level
2012-01-01,ALA,ALL_MEN,ALL_MEN,705634.0,level
2013-01-01,ALA,ALL_MEN,ALL_MEN,718341.0,level
2014-01-01,ALA,ALL_MEN,ALL_MEN,734215.0,level
2015-01-01,ALA,ALL_MEN,ALL_MEN,752464.0,level
2016-01-01,ALA,ALL_MEN,ALL_MEN,780851.0,level
2017-01-01,ALA,ALL_MEN,ALL_MEN,802425.0,level
2018-01-01,ALA,ALL_MEN,ALL_MEN,824583.0,level
2019-01-01,ALA,ALL_MEN,ALL_MEN,849284.0,level
2020-01-01,ALA,ALL_MEN,ALL_MEN,881717.0,level
2021-01-01,ALA,ALL_MEN,ALL_MEN,909119.0,level
2022-01-01,ALA,ALL_MEN,ALL_MEN,976659.0,level
2023-01-01,ALA,ALL_MEN,ALL_MEN,1003939.0,level
2024-01-01,ALA,ALL_MEN,ALL_MEN,1035805.0,level
2025-01-01,ALA,ALL_MEN,ALL_MEN,1066395.0,level
2026-01-01,ALA,ALL_MEN,ALL_MEN,1092870.0,level
1991-01-01,ALM,ALL_MEN,ALL_MEN,808695.0,level
1992-01-01,ALM,ALL_MEN,ALL_MEN,812134.0,level
1993-01-01,ALM,ALL_MEN,ALL_MEN,805078.0,level
1994-01-01,ALM,ALL_MEN,ALL_MEN,803200.0,level
1995-01-01,ALM,ALL_MEN,ALL_MEN,789947.0,level
1996-01-01,ALM,ALL_MEN,ALL_MEN,780630.0,level
1997-01-01,ALM,ALL_MEN,ALL_MEN,774603.0,level
1998-01-01,ALM,ALL_MEN,ALL_MEN,767031.0,level
1999-01-01,ALM,ALL_MEN,ALL_MEN,759293.0,level
2000-01-01,ALM,ALL_MEN,ALL_MEN,760392.0,level
2001-01-01,ALM,ALL_MEN,ALL_MEN,759439.0,level
2002-01-01,ALM,ALL_MEN,ALL_MEN,760298.0,level
2003-01-01,ALM,ALL_MEN,ALL_MEN,763908.0,level
2004-01-01,ALM,ALL_MEN,ALL_MEN,770081.0,level
2005-01-01,ALM,ALL_MEN,ALL_MEN,780317.0,level
2006-01-01,ALM,ALL_MEN,ALL_MEN,787999.0,level
2007-01-01,ALM,ALL_MEN,ALL_MEN,796577.0,level
2008-01-01,ALM,ALL_MEN,ALL_MEN,808159.0,level
2009-01-01,ALM,ALL_MEN,ALL_MEN,540983.0,level
2010-01-01,ALM,ALL_MEN,ALL_MEN,552982.0,level
2011-01-01,ALM,ALL_MEN,ALL_MEN,566536.0,level
2012-01-01,ALM,ALL_MEN,ALL_MEN,580612.0,level
2013-01-01,ALM,ALL_MEN,ALL_MEN,594224.0,level
2014-01-01,ALM,ALL_MEN,ALL_MEN,608366.0,level
2015-01-01,ALM,ALL_MEN,ALL_MEN,620860.0,level
2016-01-01,ALM,ALL_MEN,ALL_MEN,631971.0,level
2017-01-01,ALM,ALL_MEN,ALL_MEN,649319.0,level
2018-01-01,ALM,ALL_MEN,ALL_MEN,669276.0,level
2019-01-01,ALM,ALL_MEN,ALL_MEN,681121.0,level
2020-01-01,ALM,ALL_MEN,ALL_MEN,688862.0,level
2021-01-01,ALM,ALL_MEN,ALL_MEN,699432.0,level
2022-01-01,ALM,ALL_MEN,ALL_MEN,737749.0,level
2023-01-01,ALM,ALL_MEN,ALL_MEN,752400.0,level
2024-01-01,ALM,ALL_MEN,ALL_MEN,765845.0,level
2025-01-01,ALM,ALL_MEN,ALL_MEN,781534.0,level
2026-01-01,ALM,ALL_MEN,ALL_MEN,801173.0,level
1991-01-01,AST,ALL_MEN,ALL_MEN,139574.0,level
1992-01-01,AST,ALL_MEN,ALL_MEN,141485.0,level
1993-01-01,AST,ALL_MEN,ALL_MEN,138011.0,level
1994-01-01,AST,ALL_MEN,ALL_MEN,138772.0,level
1995-01-01,AST,ALL_MEN,ALL_MEN,137723.0,level
1996-01-01,AST,ALL_MEN,ALL_MEN,135712.0,level
1997-01-01,AST,ALL_MEN,ALL_MEN,134140.0,level
1998-01-01,AST,ALL_MEN,ALL_MEN,139941.0,level
1999-01-01,AST,ALL_MEN,ALL_MEN,152427.0,level
2000-01-01,AST,ALL_MEN,ALL_MEN,181026.0,level
2001-01-01,AST,ALL_MEN,ALL_MEN,211948.0,level
2002-01-01,AST,ALL_MEN,ALL_MEN,239176.0,level
2003-01-01,AST,ALL_MEN,ALL_MEN,243833.0,level
2004-01-01,AST,ALL_MEN,ALL_MEN,248044.0,level
2005-01-01,AST,ALL_MEN,ALL_MEN,257162.0,level
2006-01-01,AST,ALL_MEN,ALL_MEN,267869.0,level
2007-01-01,AST,ALL_MEN,ALL_MEN,282259.0,level
2008-01-01,AST,ALL_MEN,ALL_MEN,295354.0,level
2009-01-01,AST,ALL_MEN,ALL_MEN,299331.0,level
2010-01-01,AST,ALL_MEN,ALL_MEN,319686.0,level
2011-01-01,AST,ALL_MEN,ALL_MEN,341515.0,level
2012-01-01,AST,ALL_MEN,ALL_MEN,362161.0,level
2013-01-01,AST,ALL_MEN,ALL_MEN,378436.0,level
2014-01-01,AST,ALL_MEN,ALL_MEN,395915.0,level
2015-01-01,AST,ALL_MEN,ALL_MEN,414304.0,level
2016-01-01,AST,ALL_MEN,ALL_MEN,423467.0,level
2017-01-01,AST,ALL_MEN,ALL_MEN,471635.0,level
2018-01-01,AST,ALL_MEN,ALL_MEN,498717.0,level
2019-01-01,AST,ALL_MEN,ALL_MEN,520389.0,level
2020-01-01,AST,ALL_MEN,ALL_MEN,547900.0,level
2021-01-01,AST,ALL_MEN,ALL_MEN,571131.0,level
2022-01-01,AST,ALL_MEN,ALL_MEN,619669.0,level
2023-01-01,AST,ALL_MEN,ALL_MEN,645752.0,level
2024-01-01,AST,ALL_MEN,ALL_MEN,680058.0,level
2025-01-01,AST,ALL_MEN,ALL_MEN,725136.0,level
2026-01-01,AST,ALL_MEN,ALL_MEN,774610.0,level
1991-01-01,ATY,ALL_MEN,ALL_MEN,208648.0,level
1992-01-01,ATY,ALL_MEN,ALL_MEN,211510.0,level
1993-01-01,ATY,ALL_MEN,ALL_MEN,212401.0,level
1994-01-01,ATY,ALL_MEN,ALL_MEN,213381.0,level
1995-01-01,ATY,ALL_MEN,ALL_MEN,213210.0,level
1996-01-01,ATY,ALL_MEN,ALL_MEN,213013.0,level
1997-01-01,ATY,ALL_MEN,ALL_MEN,213629.0,level
1998-01-01,ATY,ALL_MEN,ALL_MEN,214390.0,level
1999-01-01,ATY,ALL_MEN,ALL_MEN,214948.0,level
2000-01-01,ATY,ALL_MEN,ALL_MEN,216012.0,level
2001-01-01,ATY,ALL_MEN,ALL_MEN,216928.0,level
2002-01-01,ATY,ALL_MEN,ALL_MEN,218941.0,level
2003-01-01,ATY,ALL_MEN,ALL_MEN,220916.0,level
2004-01-01,ATY,ALL_MEN,ALL_MEN,223504.0,level
2005-01-01,ATY,ALL_MEN,ALL_MEN,226418.0,level
2006-01-01,ATY,ALL_MEN,ALL_MEN,230863.0,level
2007-01-01,ATY,ALL_MEN,ALL_MEN,234890.0,level
2008-01-01,ATY,ALL_MEN,ALL_MEN,239390.0,level
2009-01-01,ATY,ALL_MEN,ALL_MEN,249090.0,level
2010-01-01,ATY,ALL_MEN,ALL_MEN,255027.0,level
2011-01-01,ATY,ALL_MEN,ALL_MEN,260588.0,level
2012-01-01,ATY,ALL_MEN,ALL_MEN,266185.0,level
2013-01-01,ATY,ALL_MEN,ALL_MEN,272270.0,level
2014-01-01,ATY,ALL_MEN,ALL_MEN,278621.0,level
2015-01-01,ATY,ALL_MEN,ALL_MEN,285445.0,level
2016-01-01,ATY,ALL_MEN,ALL_MEN,292261.0,level
2017-01-01,ATY,ALL_MEN,ALL_MEN,298902.0,level
2018-01-01,ATY,ALL_MEN,ALL_MEN,305703.0,level
2019-01-01,ATY,ALL_MEN,ALL_MEN,312505.0,level
2020-01-01,ATY,ALL_MEN,ALL_MEN,318208.0,level
2021-01-01,ATY,ALL_MEN,ALL_MEN,323984.0,level
2022-01-01,ATY,ALL_MEN,ALL_MEN,336025.0,level
2023-01-01,ATY,ALL_MEN,ALL_MEN,342176.0,level
2024-01-01,ATY,ALL_MEN,ALL_MEN,347856.0,level
2025-01-01,ATY,ALL_MEN,ALL_MEN,351624.0,level
2026-01-01,ATY,ALL_MEN,ALL_MEN,354592.0,level
1991-01-01,KRG,ALL_MEN,ALL_MEN,825738.0,level
1992-01-01,KRG,ALL_MEN,ALL_MEN,815074.0,level
1993-01-01,KRG,ALL_MEN,ALL_MEN,806587.0,level
1994-01-01,KRG,ALL_MEN,ALL_MEN,790023.0,level
1995-01-01,KRG,ALL_MEN,ALL_MEN,759354.0,level
1996-01-01,KRG,ALL_MEN,ALL_MEN,735263.0,level
1997-01-01,KRG,ALL_MEN,ALL_MEN,716685.0,level
1998-01-01,KRG,ALL_MEN,ALL_MEN,696394.0,level
1999-01-01,KRG,ALL_MEN,ALL_MEN,670176.0,level
2000-01-01,KRG,ALL_MEN,ALL_MEN,659506.0,level
2001-01-01,KRG,ALL_MEN,ALL_MEN,645997.0,level
2002-01-01,KRG,ALL_MEN,ALL_MEN,635734.0,level
2003-01-01,KRG,ALL_MEN,ALL_MEN,630146.0,level
2004-01-01,KRG,ALL_MEN,ALL_MEN,628143.0,level
2005-01-01,KRG,ALL_MEN,ALL_MEN,628015.0,level
2006-01-01,KRG,ALL_MEN,ALL_MEN,628864.0,level
2007-01-01,KRG,ALL_MEN,ALL_MEN,629989.0,level
2008-01-01,KRG,ALL_MEN,ALL_MEN,630592.0,level
2009-01-01,KRG,ALL_MEN,ALL_MEN,525245.0,level
2010-01-01,KRG,ALL_MEN,ALL_MEN,527918.0,level
2011-01-01,KRG,ALL_MEN,ALL_MEN,530241.0,level
2012-01-01,KRG,ALL_MEN,ALL_MEN,532750.0,level
2013-01-01,KRG,ALL_MEN,ALL_MEN,535048.0,level
2014-01-01,KRG,ALL_MEN,ALL_MEN,538338.0,level
2015-01-01,KRG,ALL_MEN,ALL_MEN,542201.0,level
2016-01-01,KRG,ALL_MEN,ALL_MEN,545635.0,level
2017-01-01,KRG,ALL_MEN,ALL_MEN,545555.0,level
2018-01-01,KRG,ALL_MEN,ALL_MEN,544807.0,level
2019-01-01,KRG,ALL_MEN,ALL_MEN,543788.0,level
2020-01-01,KRG,ALL_MEN,ALL_MEN,543302.0,level
2021-01-01,KRG,ALL_MEN,ALL_MEN,543326.0,level
2022-01-01,KRG,ALL_MEN,ALL_MEN,542333.0,level
2023-01-01,KRG,ALL_MEN,ALL_MEN,542992.0,level
2024-01-01,KRG,ALL_MEN,ALL_MEN,543847.0,level
2025-01-01,KRG,ALL_MEN,ALL_MEN,543497.0,level
2026-01-01,KRG,ALL_MEN,ALL_MEN,542865.0,level
1991-01-01,KST,ALL_MEN,ALL_MEN,598031.0,level
1992-01-01,KST,ALL_MEN,ALL_MEN,604454.0,level
1993-01-01,KST,ALL_MEN,ALL_MEN,601545.0,level
1994-01-01,KST,ALL_MEN,ALL_MEN,596732.0,level
1995-01-01,KST,ALL_MEN,ALL_MEN,578038.0,level
1996-01-01,KST,ALL_MEN,ALL_MEN,557065.0,level
1997-01-01,KST,ALL_MEN,ALL_MEN,543661.0,level
1998-01-01,KST,ALL_MEN,ALL_MEN,515597.0,level
1999-01-01,KST,ALL_MEN,ALL_MEN,487230.0,level
2000-01-01,KST,ALL_MEN,ALL_MEN,471153.0,level
2001-01-01,KST,ALL_MEN,ALL_MEN,456588.0,level
2002-01-01,KST,ALL_MEN,ALL_MEN,444750.0,level
2003-01-01,KST,ALL_MEN,ALL_MEN,436784.0,level
2004-01-01,KST,ALL_MEN,ALL_MEN,433526.0,level
2005-01-01,KST,ALL_MEN,ALL_MEN,430252.0,level
2006-01-01,KST,ALL_MEN,ALL_MEN,428030.0,level
2007-01-01,KST,ALL_MEN,ALL_MEN,425980.0,level
2008-01-01,KST,ALL_MEN,ALL_MEN,422661.0,level
2009-01-01,KST,ALL_MEN,ALL_MEN,417703.0,level
2010-01-01,KST,ALL_MEN,ALL_MEN,416372.0,level
2011-01-01,KST,ALL_MEN,ALL_MEN,415630.0,level
2012-01-01,KST,ALL_MEN,ALL_MEN,414951.0,level
2013-01-01,KST,ALL_MEN,ALL_MEN,415218.0,level
2014-01-01,KST,ALL_MEN,ALL_MEN,415796.0,level
2015-01-01,KST,ALL_MEN,ALL_MEN,416263.0,level
2016-01-01,KST,ALL_MEN,ALL_MEN,417706.0,level
2017-01-01,KST,ALL_MEN,ALL_MEN,416131.0,level
2018-01-01,KST,ALL_MEN,ALL_MEN,414904.0,level
2019-01-01,KST,ALL_MEN,ALL_MEN,414040.0,level
2020-01-01,KST,ALL_MEN,ALL_MEN,412233.0,level
2021-01-01,KST,ALL_MEN,ALL_MEN,410421.0,level
2022-01-01,KST,ALL_MEN,ALL_MEN,403339.0,level
2023-01-01,KST,ALL_MEN,ALL_MEN,402274.0,level
2024-01-01,KST,ALL_MEN,ALL_MEN,401605.0,level
2025-01-01,KST,ALL_MEN,ALL_MEN,399473.0,level
2026-01-01,KST,ALL_MEN,ALL_MEN,397754.0,level
1991-01-01,KZL,ALL_MEN,ALL_MEN,290218.0,level
1992-01-01,KZL,ALL_MEN,ALL_MEN,293572.0,level
1993-01-01,KZL,ALL_MEN,ALL_MEN,298387.0,level
1994-01-01,KZL,ALL_MEN,ALL_MEN,297624.0,level
1995-01-01,KZL,ALL_MEN,ALL_MEN,293745.0,level
1996-01-01,KZL,ALL_MEN,ALL_MEN,292336.0,level
1997-01-01,KZL,ALL_MEN,ALL_MEN,293533.0,level
1998-01-01,KZL,ALL_MEN,ALL_MEN,295300.0,level
1999-01-01,KZL,ALL_MEN,ALL_MEN,297195.0,level
2000-01-01,KZL,ALL_MEN,ALL_MEN,298741.0,level
2001-01-01,KZL,ALL_MEN,ALL_MEN,298979.0,level
2002-01-01,KZL,ALL_MEN,ALL_MEN,299327.0,level
2003-01-01,KZL,ALL_MEN,ALL_MEN,300657.0,level
2004-01-01,KZL,ALL_MEN,ALL_MEN,302446.0,level
2005-01-01,KZL,ALL_MEN,ALL_MEN,304807.0,level
2006-01-01,KZL,ALL_MEN,ALL_MEN,307912.0,level
2007-01-01,KZL,ALL_MEN,ALL_MEN,311177.0,level
2008-01-01,KZL,ALL_MEN,ALL_MEN,314903.0,level
2009-01-01,KZL,ALL_MEN,ALL_MEN,336924.0,level
2010-01-01,KZL,ALL_MEN,ALL_MEN,342742.0,level
2011-01-01,KZL,ALL_MEN,ALL_MEN,348992.0,level
2012-01-01,KZL,ALL_MEN,ALL_MEN,355616.0,level
2013-01-01,KZL,ALL_MEN,ALL_MEN,362678.0,level
2014-01-01,KZL,ALL_MEN,ALL_MEN,369204.0,level
2015-01-01,KZL,ALL_MEN,ALL_MEN,375893.0,level
2016-01-01,KZL,ALL_MEN,ALL_MEN,382107.0,level
2017-01-01,KZL,ALL_MEN,ALL_MEN,386639.0,level
2018-01-01,KZL,ALL_MEN,ALL_MEN,391946.0,level
2019-01-01,KZL,ALL_MEN,ALL_MEN,398072.0,level
2020-01-01,KZL,ALL_MEN,ALL_MEN,402902.0,level
2021-01-01,KZL,ALL_MEN,ALL_MEN,408680.0,level
2022-01-01,KZL,ALL_MEN,ALL_MEN,412716.0,level
2023-01-01,KZL,ALL_MEN,ALL_MEN,418354.0,level
2024-01-01,KZL,ALL_MEN,ALL_MEN,423162.0,level
2025-01-01,KZL,ALL_MEN,ALL_MEN,425854.0,level
2026-01-01,KZL,ALL_MEN,ALL_MEN,426405.0,level
1991-01-01,MNG,ALL_MEN,ALL_MEN,167306.0,level
1992-01-01,MNG,ALL_MEN,ALL_MEN,169982.0,level
1993-01-01,MNG,ALL_MEN,ALL_MEN,168947.0,level
1994-01-01,MNG,ALL_MEN,ALL_MEN,162135.0,level
1995-01-01,MNG,ALL_MEN,ALL_MEN,151882.0,level
1996-01-01,MNG,ALL_MEN,ALL_MEN,152184.0,level
1997-01-01,MNG,ALL_MEN,ALL_MEN,153637.0,level
1998-01-01,MNG,ALL_MEN,ALL_MEN,155724.0,level
1999-01-01,MNG,ALL_MEN,ALL_MEN,154697.0,level
2000-01-01,MNG,ALL_MEN,ALL_MEN,155284.0,level
2001-01-01,MNG,ALL_MEN,ALL_MEN,157460.0,level
2002-01-01,MNG,ALL_MEN,ALL_MEN,162411.0,level
2003-01-01,MNG,ALL_MEN,ALL_MEN,167757.0,level
2004-01-01,MNG,ALL_MEN,ALL_MEN,173234.0,level
2005-01-01,MNG,ALL_MEN,ALL_MEN,179103.0,level
2006-01-01,MNG,ALL_MEN,ALL_MEN,185263.0,level
2007-01-01,MNG,ALL_MEN,ALL_MEN,192964.0,level
2008-01-01,MNG,ALL_MEN,ALL_MEN,201154.0,level
2009-01-01,MNG,ALL_MEN,ALL_MEN,239137.0,level
2010-01-01,MNG,ALL_MEN,ALL_MEN,249403.0,level
2011-01-01,MNG,ALL_MEN,ALL_MEN,260085.0,level
2012-01-01,MNG,ALL_MEN,ALL_MEN,271235.0,level
2013-01-01,MNG,ALL_MEN,ALL_MEN,282110.0,level
2014-01-01,MNG,ALL_MEN,ALL_MEN,291988.0,level
2015-01-01,MNG,ALL_MEN,ALL_MEN,301970.0,level
2016-01-01,MNG,ALL_MEN,ALL_MEN,312186.0,level
2017-01-01,MNG,ALL_MEN,ALL_MEN,320392.0,level
2018-01-01,MNG,ALL_MEN,ALL_MEN,329219.0,level
2019-01-01,MNG,ALL_MEN,ALL_MEN,338217.0,level
2020-01-01,MNG,ALL_MEN,ALL_MEN,348504.0,level
2021-01-01,MNG,ALL_MEN,ALL_MEN,359023.0,level
2022-01-01,MNG,ALL_MEN,ALL_MEN,370775.0,level
2023-01-01,MNG,ALL_MEN,ALL_MEN,381366.0,level
2024-01-01,MNG,ALL_MEN,ALL_MEN,391386.0,level
2025-01-01,MNG,ALL_MEN,ALL_MEN,400779.0,level
2026-01-01,MNG,ALL_MEN,ALL_MEN,408439.0,level
1991-01-01,PVL,ALL_MEN,ALL_MEN,457158.0,level
1992-01-01,PVL,ALL_MEN,ALL_MEN,460649.0,level
1993-01-01,PVL,ALL_MEN,ALL_MEN,458151.0,level
1994-01-01,PVL,ALL_MEN,ALL_MEN,453577.0,level
1995-01-01,PVL,ALL_MEN,ALL_MEN,438534.0,level
1996-01-01,PVL,ALL_MEN,ALL_MEN,424970.0,level
1997-01-01,PVL,ALL_MEN,ALL_MEN,414913.0,level
1998-01-01,PVL,ALL_MEN,ALL_MEN,400817.0,level
1999-01-01,PVL,ALL_MEN,ALL_MEN,385437.0,level
2000-01-01,PVL,ALL_MEN,ALL_MEN,376422.0,level
2001-01-01,PVL,ALL_MEN,ALL_MEN,366885.0,level
2002-01-01,PVL,ALL_MEN,ALL_MEN,359691.0,level
2003-01-01,PVL,ALL_MEN,ALL_MEN,354674.0,level
2004-01-01,PVL,ALL_MEN,ALL_MEN,352591.0,level
2005-01-01,PVL,ALL_MEN,ALL_MEN,351661.0,level
2006-01-01,PVL,ALL_MEN,ALL_MEN,350743.0,level
2007-01-01,PVL,ALL_MEN,ALL_MEN,351160.0,level
2008-01-01,PVL,ALL_MEN,ALL_MEN,351404.0,level
2009-01-01,PVL,ALL_MEN,ALL_MEN,348943.0,level
2010-01-01,PVL,ALL_MEN,ALL_MEN,350006.0,level
2011-01-01,PVL,ALL_MEN,ALL_MEN,350869.0,level
2012-01-01,PVL,ALL_MEN,ALL_MEN,351437.0,level
2013-01-01,PVL,ALL_MEN,ALL_MEN,352510.0,level
2014-01-01,PVL,ALL_MEN,ALL_MEN,354592.0,level
2015-01-01,PVL,ALL_MEN,ALL_MEN,356257.0,level
2016-01-01,PVL,ALL_MEN,ALL_MEN,357792.0,level
2017-01-01,PVL,ALL_MEN,ALL_MEN,357464.0,level
2018-01-01,PVL,ALL_MEN,ALL_MEN,356931.0,level
2019-01-01,PVL,ALL_MEN,ALL_MEN,356659.0,level
2020-01-01,PVL,ALL_MEN,ALL_MEN,356151.0,level
2021-01-01,PVL,ALL_MEN,ALL_MEN,355818.0,level
2022-01-01,PVL,ALL_MEN,ALL_MEN,362961.0,level
2023-01-01,PVL,ALL_MEN,ALL_MEN,362562.0,level
2024-01-01,PVL,ALL_MEN,ALL_MEN,362347.0,level
2025-01-01,PVL,ALL_MEN,ALL_MEN,361408.0,level
2026-01-01,PVL,ALL_MEN,ALL_MEN,358949.0,level
2009-01-01,SHM,ALL_MEN,ALL_MEN,348686.0,level
2010-01-01,SHM,ALL_MEN,ALL_MEN,356133.0,level
2011-01-01,SHM,ALL_MEN,ALL_MEN,364965.0,level
2012-01-01,SHM,ALL_MEN,ALL_MEN,373477.0,level
2013-01-01,SHM,ALL_MEN,ALL_MEN,385021.0,level
2014-01-01,SHM,ALL_MEN,ALL_MEN,396757.0,level
2015-01-01,SHM,ALL_MEN,ALL_MEN,411038.0,level
2016-01-01,SHM,ALL_MEN,ALL_MEN,425451.0,level
2017-01-01,SHM,ALL_MEN,ALL_MEN,438471.0,level
2018-01-01,SHM,ALL_MEN,ALL_MEN,458270.0,level
2019-01-01,SHM,ALL_MEN,ALL_MEN,484397.0,level
2020-01-01,SHM,ALL_MEN,ALL_MEN,500250.0,level
2021-01-01,SHM,ALL_MEN,ALL_MEN,519346.0,level
2022-01-01,SHM,ALL_MEN,ALL_MEN,560483.0,level
2023-01-01,SHM,ALL_MEN,ALL_MEN,575684.0,level
2024-01-01,SHM,ALL_MEN,ALL_MEN,590461.0,level
2025-01-01,SHM,ALL_MEN,ALL_MEN,608221.0,level
2026-01-01,SHM,ALL_MEN,ALL_MEN,626614.0,level
1991-01-01,SKO,ALL_MEN,ALL_MEN,442040.0,level
1992-01-01,SKO,ALL_MEN,ALL_MEN,444861.0,level
1993-01-01,SKO,ALL_MEN,ALL_MEN,444697.0,level
1994-01-01,SKO,ALL_MEN,ALL_MEN,444522.0,level
1995-01-01,SKO,ALL_MEN,ALL_MEN,426990.0,level
1996-01-01,SKO,ALL_MEN,ALL_MEN,408772.0,level
1997-01-01,SKO,ALL_MEN,ALL_MEN,389775.0,level
1998-01-01,SKO,ALL_MEN,ALL_MEN,366592.0,level
1999-01-01,SKO,ALL_MEN,ALL_MEN,350751.0,level
2000-01-01,SKO,ALL_MEN,ALL_MEN,343954.0,level
2001-01-01,SKO,ALL_MEN,ALL_MEN,338284.0,level
2002-01-01,SKO,ALL_MEN,ALL_MEN,332562.0,level
2003-01-01,SKO,ALL_MEN,ALL_MEN,327898.0,level
2004-01-01,SKO,ALL_MEN,ALL_MEN,324010.0,level
2005-01-01,SKO,ALL_MEN,ALL_MEN,319794.0,level
2006-01-01,SKO,ALL_MEN,ALL_MEN,318324.0,level
2007-01-01,SKO,ALL_MEN,ALL_MEN,317873.0,level
2008-01-01,SKO,ALL_MEN,ALL_MEN,314174.0,level
2009-01-01,SKO,ALL_MEN,ALL_MEN,284123.0,level
2010-01-01,SKO,ALL_MEN,ALL_MEN,281924.0,level
2011-01-01,SKO,ALL_MEN,ALL_MEN,280331.0,level
2012-01-01,SKO,ALL_MEN,ALL_MEN,277810.0,level
2013-01-01,SKO,ALL_MEN,ALL_MEN,275846.0,level
2014-01-01,SKO,ALL_MEN,ALL_MEN,274061.0,level
2015-01-01,SKO,ALL_MEN,ALL_MEN,272221.0,level
2016-01-01,SKO,ALL_MEN,ALL_MEN,271393.0,level
2017-01-01,SKO,ALL_MEN,ALL_MEN,268630.0,level
2018-01-01,SKO,ALL_MEN,ALL_MEN,266604.0,level
2019-01-01,SKO,ALL_MEN,ALL_MEN,264918.0,level
2020-01-01,SKO,ALL_MEN,ALL_MEN,262253.0,level
2021-01-01,SKO,ALL_MEN,ALL_MEN,259779.0,level
2022-01-01,SKO,ALL_MEN,ALL_MEN,260192.0,level
2023-01-01,SKO,ALL_MEN,ALL_MEN,258005.0,level
2024-01-01,SKO,ALL_MEN,ALL_MEN,256139.0,level
2025-01-01,SKO,ALL_MEN,ALL_MEN,252308.0,level
2026-01-01,SKO,ALL_MEN,ALL_MEN,248660.0,level
2009-01-01,TRK,ALL_MEN,ALL_MEN,865103.0,level
2010-01-01,TRK,ALL_MEN,ALL_MEN,883012.0,level
2011-01-01,TRK,ALL_MEN,ALL_MEN,903258.0,level
2012-01-01,TRK,ALL_MEN,ALL_MEN,923622.0,level
2013-01-01,TRK,ALL_MEN,ALL_MEN,942023.0,level
2014-01-01,TRK,ALL_MEN,ALL_MEN,958424.0,level
2015-01-01,TRK,ALL_MEN,ALL_MEN,972472.0,level
2016-01-01,TRK,ALL_MEN,ALL_MEN,985634.0,level
2017-01-01,TRK,ALL_MEN,ALL_MEN,992325.0,level
2018-01-01,TRK,ALL_MEN,ALL_MEN,998376.0,level
2019-01-01,TRK,ALL_MEN,ALL_MEN,1005048.0,level
2020-01-01,TRK,ALL_MEN,ALL_MEN,1021388.0,level
2021-01-01,TRK,ALL_MEN,ALL_MEN,1036717.0,level
2022-01-01,TRK,ALL_MEN,ALL_MEN,1062415.0,level
2023-01-01,TRK,ALL_MEN,ALL_MEN,1079090.0,level
2024-01-01,TRK,ALL_MEN,ALL_MEN,1092058.0,level
2025-01-01,TRK,ALL_MEN,ALL_MEN,1098860.0,level
2026-01-01,TRK,ALL_MEN,ALL_MEN,1098093.0,level
2009-01-01,ULT,ALL_MEN,ALL_MEN,107896.0,level
2010-01-01,ULT,ALL_MEN,ALL_MEN,107955.0,level
2011-01-01,ULT,ALL_MEN,ALL_MEN,108201.0,level
2012-01-01,ULT,ALL_MEN,ALL_MEN,108376.0,level
2013-01-01,ULT,ALL_MEN,ALL_MEN,108622.0,level
2014-01-01,ULT,ALL_MEN,ALL_MEN,108906.0,level
2015-01-01,ULT,ALL_MEN,ALL_MEN,109218.0,level
2016-01-01,ULT,ALL_MEN,ALL_MEN,109681.0,level
2017-01-01,ULT,ALL_MEN,ALL_MEN,109333.0,level
2018-01-01,ULT,ALL_MEN,ALL_MEN,109456.0,level
2019-01-01,ULT,ALL_MEN,ALL_MEN,110216.0,level
2020-01-01,ULT,ALL_MEN,ALL_MEN,110476.0,level
2021-01-01,ULT,ALL_MEN,ALL_MEN,110593.0,level
2022-01-01,ULT,ALL_MEN,ALL_MEN,107969.0,level
2023-01-01,ULT,ALL_MEN,ALL_MEN,108443.0,level
2024-01-01,ULT,ALL_MEN,ALL_MEN,108585.0,level
2025-01-01,ULT,ALL_MEN,ALL_MEN,108595.0,level
2026-01-01,ULT,ALL_MEN,ALL_MEN,107643.0,level
1991-01-01,VKO,ALL_MEN,ALL_MEN,854323.0,level
1992-01-01,VKO,ALL_MEN,ALL_MEN,855614.0,level
1993-01-01,VKO,ALL_MEN,ALL_MEN,852893.0,level
1994-01-01,VKO,ALL_MEN,ALL_MEN,843168.0,level
1995-01-01,VKO,ALL_MEN,ALL_MEN,810117.0,level
1996-01-01,VKO,ALL_MEN,ALL_MEN,786936.0,level
1997-01-01,VKO,ALL_MEN,ALL_MEN,767942.0,level
1998-01-01,VKO,ALL_MEN,ALL_MEN,748921.0,level
1999-01-01,VKO,ALL_MEN,ALL_MEN,732916.0,level
2000-01-01,VKO,ALL_MEN,ALL_MEN,724763.0,level
2001-01-01,VKO,ALL_MEN,ALL_MEN,715648.0,level
2002-01-01,VKO,ALL_MEN,ALL_MEN,706916.0,level
2003-01-01,VKO,ALL_MEN,ALL_MEN,698118.0,level
2004-01-01,VKO,ALL_MEN,ALL_MEN,692490.0,level
2005-01-01,VKO,ALL_MEN,ALL_MEN,685684.0,level
2006-01-01,VKO,ALL_MEN,ALL_MEN,679954.0,level
2007-01-01,VKO,ALL_MEN,ALL_MEN,675920.0,level
2008-01-01,VKO,ALL_MEN,ALL_MEN,671957.0,level
2009-01-01,VKO,ALL_MEN,ALL_MEN,348885.0,level
2010-01-01,VKO,ALL_MEN,ALL_MEN,349018.0,level
2011-01-01,VKO,ALL_MEN,ALL_MEN,348856.0,level
2012-01-01,VKO,ALL_MEN,ALL_MEN,348045.0,level
2013-01-01,VKO,ALL_MEN,ALL_MEN,347397.0,level
2014-01-01,VKO,ALL_MEN,ALL_MEN,347736.0,level
2015-01-01,VKO,ALL_MEN,ALL_MEN,347973.0,level
2016-01-01,VKO,ALL_MEN,ALL_MEN,348188.0,level
2017-01-01,VKO,ALL_MEN,ALL_MEN,347330.0,level
2018-01-01,VKO,ALL_MEN,ALL_MEN,346439.0,level
2019-01-01,VKO,ALL_MEN,ALL_MEN,345220.0,level
2020-01-01,VKO,ALL_MEN,ALL_MEN,342665.0,level
2021-01-01,VKO,ALL_MEN,ALL_MEN,341199.0,level
2022-01-01,VKO,ALL_MEN,ALL_MEN,350500.0,level
2023-01-01,VKO,ALL_MEN,ALL_MEN,349528.0,level
2024-01-01,VKO,ALL_MEN,ALL_MEN,348277.0,level
2025-01-01,VKO,ALL_MEN,ALL_MEN,346977.0,level
2026-01-01,VKO,ALL_MEN,ALL_MEN,344842.0,level
1991-01-01,YKO,ALL_MEN,ALL_MEN,911021.0,level
1992-01-01,YKO,ALL_MEN,ALL_MEN,924406.0,level
1993-01-01,YKO,ALL_MEN,ALL_MEN,936954.0,level
1994-01-01,YKO,ALL_MEN,ALL_MEN,948000.0,level
1995-01-01,YKO,ALL_MEN,ALL_MEN,953165.0,level
1996-01-01,YKO,ALL_MEN,ALL_MEN,960690.0,level
1997-01-01,YKO,ALL_MEN,ALL_MEN,969645.0,level
1998-01-01,YKO,ALL_MEN,ALL_MEN,969316.0,level
1999-01-01,YKO,ALL_MEN,ALL_MEN,973860.0,level
2000-01-01,YKO,ALL_MEN,ALL_MEN,988771.0,level
2001-01-01,YKO,ALL_MEN,ALL_MEN,1012357.0,level
2002-01-01,YKO,ALL_MEN,ALL_MEN,1026421.0,level
2003-01-01,YKO,ALL_MEN,ALL_MEN,1042133.0,level
2004-01-01,YKO,ALL_MEN,ALL_MEN,1060915.0,level
2005-01-01,YKO,ALL_MEN,ALL_MEN,1082119.0,level
2006-01-01,YKO,ALL_MEN,ALL_MEN,1101652.0,level
2007-01-01,YKO,ALL_MEN,ALL_MEN,1125409.0,level
2008-01-01,YKO,ALL_MEN,ALL_MEN,1150124.0,level
1991-01-01,ZHM,ALL_MEN,ALL_MEN,503939.0,level
1992-01-01,ZHM,ALL_MEN,ALL_MEN,502079.0,level
1993-01-01,ZHM,ALL_MEN,ALL_MEN,498913.0,level
1994-01-01,ZHM,ALL_MEN,ALL_MEN,495100.0,level
1995-01-01,ZHM,ALL_MEN,ALL_MEN,485805.0,level
1996-01-01,ZHM,ALL_MEN,ALL_MEN,479473.0,level
1997-01-01,ZHM,ALL_MEN,ALL_MEN,476870.0,level
1998-01-01,ZHM,ALL_MEN,ALL_MEN,471846.0,level
1999-01-01,ZHM,ALL_MEN,ALL_MEN,481026.0,level
2000-01-01,ZHM,ALL_MEN,ALL_MEN,479542.0,level
2001-01-01,ZHM,ALL_MEN,ALL_MEN,477166.0,level
2002-01-01,ZHM,ALL_MEN,ALL_MEN,475683.0,level
2003-01-01,ZHM,ALL_MEN,ALL_MEN,476018.0,level
2004-01-01,ZHM,ALL_MEN,ALL_MEN,478419.0,level
2005-01-01,ZHM,ALL_MEN,ALL_MEN,481445.0,level
2006-01-01,ZHM,ALL_MEN,ALL_MEN,485846.0,level
2007-01-01,ZHM,ALL_MEN,ALL_MEN,489314.0,level
2008-01-01,ZHM,ALL_MEN,ALL_MEN,493971.0,level
2009-01-01,ZHM,ALL_MEN,ALL_MEN,496022.0,level
2010-01-01,ZHM,ALL_MEN,ALL_MEN,503258.0,level
2011-01-01,ZHM,ALL_MEN,ALL_MEN,509702.0,level
2012-01-01,ZHM,ALL_MEN,ALL_MEN,515734.0,level
2013-01-01,ZHM,ALL_MEN,ALL_MEN,522924.0,level
2014-01-01,ZHM,ALL_MEN,ALL_MEN,530648.0,level
2015-01-01,ZHM,ALL_MEN,ALL_MEN,538157.0,level
2016-01-01,ZHM,ALL_MEN,ALL_MEN,544677.0,level
2017-01-01,ZHM,ALL_MEN,ALL_MEN,547365.0,level
2018-01-01,ZHM,ALL_MEN,ALL_MEN,548960.0,level
2019-01-01,ZHM,ALL_MEN,ALL_MEN,553637.0,level
2020-01-01,ZHM,ALL_MEN,ALL_MEN,556595.0,level
2021-01-01,ZHM,ALL_MEN,ALL_MEN,562090.0,level
2022-01-01,ZHM,ALL_MEN,ALL_MEN,599103.0,level
2023-01-01,ZHM,ALL_MEN,ALL_MEN,604360.0,level
2024-01-01,ZHM,ALL_MEN,ALL_MEN,607171.0,level
2025-01-01,ZHM,ALL_MEN,ALL_MEN,607539.0,level
2026-01-01,ZHM,ALL_MEN,ALL_MEN,604835.0,level
2009-01-01,ZHT,ALL_MEN,ALL_MEN,302449.0,level
2010-01-01,ZHT,ALL_MEN,ALL_MEN,305653.0,level
2011-01-01,ZHT,ALL_MEN,ALL_MEN,309463.0,level
2012-01-01,ZHT,ALL_MEN,ALL_MEN,312713.0,level
2013-01-01,ZHT,ALL_MEN,ALL_MEN,316039.0,level
2014-01-01,ZHT,ALL_MEN,ALL_MEN,319295.0,level
2015-01-01,ZHT,ALL_MEN,ALL_MEN,323234.0,level
2016-01-01,ZHT,ALL_MEN,ALL_MEN,325501.0,level
2017-01-01,ZHT,ALL_MEN,ALL_MEN,327245.0,level
2018-01-01,ZHT,ALL_MEN,ALL_MEN,327399.0,level
2019-01-01,ZHT,ALL_MEN,ALL_MEN,327672.0,level
2020-01-01,ZHT,ALL_MEN,ALL_MEN,326172.0,level
2021-01-01,ZHT,ALL_MEN,ALL_MEN,327361.0,level
2022-01-01,ZHT,ALL_MEN,ALL_MEN,345337.0,level
2023-01-01,ZHT,ALL_MEN,ALL_MEN,345383.0,level
2024-01-01,ZHT,ALL_MEN,ALL_MEN,345053.0,level
2025-01-01,ZHT,ALL_MEN,ALL_MEN,343502.0,level
2026-01-01,ZHT,ALL_MEN,ALL_MEN,340668.0,level
1991-01-01,ZKO,ALL_MEN,ALL_MEN,310339.0,level
1992-01-01,ZKO,ALL_MEN,ALL_MEN,314826.0,level
1993-01-01,ZKO,ALL_MEN,ALL_MEN,318110.0,level
1994-01-01,ZKO,ALL_MEN,ALL_MEN,319564.0,level
1995-01-01,ZKO,ALL_MEN,ALL_MEN,315704.0,level
1996-01-01,ZKO,ALL_MEN,ALL_MEN,312932.0,level
1997-01-01,ZKO,ALL_MEN,ALL_MEN,309608.0,level
1998-01-01,ZKO,ALL_MEN,ALL_MEN,304233.0,level
1999-01-01,ZKO,ALL_MEN,ALL_MEN,298169.0,level
2000-01-01,ZKO,ALL_MEN,ALL_MEN,294082.0,level
2001-01-01,ZKO,ALL_MEN,ALL_MEN,290483.0,level
2002-01-01,ZKO,ALL_MEN,ALL_MEN,289989.0,level
2003-01-01,ZKO,ALL_MEN,ALL_MEN,291187.0,level
2004-01-01,ZKO,ALL_MEN,ALL_MEN,291804.0,level
2005-01-01,ZKO,ALL_MEN,ALL_MEN,292886.0,level
2006-01-01,ZKO,ALL_MEN,ALL_MEN,294098.0,level
2007-01-01,ZKO,ALL_MEN,ALL_MEN,295589.0,level
2008-01-01,ZKO,ALL_MEN,ALL_MEN,296795.0,level
2009-01-01,ZKO,ALL_MEN,ALL_MEN,288394.0,level
2010-01-01,ZKO,ALL_MEN,ALL_MEN,291066.0,level
2011-01-01,ZKO,ALL_MEN,ALL_MEN,293424.0,level
2012-01-01,ZKO,ALL_MEN,ALL_MEN,295514.0,level
2013-01-01,ZKO,ALL_MEN,ALL_MEN,298089.0,level
2014-01-01,ZKO,ALL_MEN,ALL_MEN,301247.0,level
2015-01-01,ZKO,ALL_MEN,ALL_MEN,304326.0,level
2016-01-01,ZKO,ALL_MEN,ALL_MEN,307634.0,level
2017-01-01,ZKO,ALL_MEN,ALL_MEN,310146.0,level
2018-01-01,ZKO,ALL_MEN,ALL_MEN,313146.0,level
2019-01-01,ZKO,ALL_MEN,ALL_MEN,316156.0,level
2020-01-01,ZKO,ALL_MEN,ALL_MEN,318718.0,level
2021-01-01,ZKO,ALL_MEN,ALL_MEN,321228.0,level
2022-01-01,ZKO,ALL_MEN,ALL_MEN,333610.0,level
2023-01-01,ZKO,ALL_MEN,ALL_MEN,336363.0,level
2024-01-01,ZKO,ALL_MEN,ALL_MEN,339124.0,level
2025-01-01,ZKO,ALL_MEN,ALL_MEN,340675.0,level
2026-01-01,ZKO,ALL_MEN,ALL_MEN,340673.0,level
1991-01-01,national,ALL_MEN,ALL_MEN,7912207.0,level
1992-01-01,national,ALL_MEN,ALL_MEN,7952905.0,level
1993-01-01,national,ALL_MEN,ALL_MEN,7936992.0,level
1994-01-01,national,ALL_MEN,ALL_MEN,7891335.0,level
1995-01-01,national,ALL_MEN,ALL_MEN,7705918.0,level
1996-01-01,national,ALL_MEN,ALL_MEN,7565833.0,level
1997-01-01,national,ALL_MEN,ALL_MEN,7466882.0,level
1998-01-01,national,ALL_MEN,ALL_MEN,7320690.0,level
1999-01-01,national,ALL_MEN,ALL_MEN,7202954.0,level
2000-01-01,national,ALL_MEN,ALL_MEN,7177523.0,level
2001-01-01,national,ALL_MEN,ALL_MEN,7159703.0,level
2002-01-01,national,ALL_MEN,ALL_MEN,7153460.0,level
2003-01-01,national,ALL_MEN,ALL_MEN,7160173.0,level
2004-01-01,national,ALL_MEN,ALL_MEN,7198994.0,level
2005-01-01,national,ALL_MEN,ALL_MEN,7256924.0,level
2006-01-01,national,ALL_MEN,ALL_MEN,7324780.0,level
2007-01-01,national,ALL_MEN,ALL_MEN,7409284.0,level
2008-01-01,national,ALL_MEN,ALL_MEN,7491554.0,level
2009-01-01,national,ALL_MEN,ALL_MEN,7698869.0,level
2010-01-01,national,ALL_MEN,ALL_MEN,7807886.0,level
2011-01-01,national,ALL_MEN,ALL_MEN,7924789.0,level
2012-01-01,national,ALL_MEN,ALL_MEN,8041518.0,level
2013-01-01,national,ALL_MEN,ALL_MEN,8158507.0,level
2014-01-01,national,ALL_MEN,ALL_MEN,8284052.0,level
2015-01-01,national,ALL_MEN,ALL_MEN,8412377.0,level
2016-01-01,national,ALL_MEN,ALL_MEN,8540810.0,level
2017-01-01,national,ALL_MEN,ALL_MEN,8667169.0,level
2018-01-01,national,ALL_MEN,ALL_MEN,8790014.0,level
2019-01-01,national,ALL_MEN,ALL_MEN,8912439.0,level
2020-01-01,national,ALL_MEN,ALL_MEN,9033482.0,level
2021-01-01,national,ALL_MEN,ALL_MEN,9159956.0,level
2022-01-01,national,ALL_MEN,ALL_MEN,9513784.0,level
2023-01-01,national,ALL_MEN,ALL_MEN,9647701.0,level
2024-01-01,national,ALL_MEN,ALL_MEN,9783814.0,level
2025-01-01,national,ALL_MEN,ALL_MEN,9910837.0,level
2026-01-01,national,ALL_MEN,ALL_MEN,10020683.0,level
2009-01-01,ABY,ALL_WOMEN,ALL_WOMEN,340136.0,level
2010-01-01,ABY,ALL_WOMEN,ALL_WOMEN,340403.0,level
2011-01-01,ABY,ALL_WOMEN,ALL_WOMEN,340482.0,level
2012-01-01,ABY,ALL_WOMEN,ALL_WOMEN,339796.0,level
2013-01-01,ABY,ALL_WOMEN,ALL_WOMEN,339806.0,level
2014-01-01,ABY,ALL_WOMEN,ALL_WOMEN,339401.0,level
2015-01-01,ABY,ALL_WOMEN,ALL_WOMEN,339631.0,level
2016-01-01,ABY,ALL_WOMEN,ALL_WOMEN,339876.0,level
2017-01-01,ABY,ALL_WOMEN,ALL_WOMEN,337291.0,level
2018-01-01,ABY,ALL_WOMEN,ALL_WOMEN,335210.0,level
2019-01-01,ABY,ALL_WOMEN,ALL_WOMEN,333853.0,level
2020-01-01,ABY,ALL_WOMEN,ALL_WOMEN,331570.0,level
2021-01-01,ABY,ALL_WOMEN,ALL_WOMEN,329632.0,level
2022-01-01,ABY,ALL_WOMEN,ALL_WOMEN,312667.0,level
2023-01-01,ABY,ALL_WOMEN,ALL_WOMEN,311409.0,level
2024-01-01,ABY,ALL_WOMEN,ALL_WOMEN,309665.0,level
2025-01-01,ABY,ALL_WOMEN,ALL_WOMEN,307188.0,level
2026-01-01,ABY,ALL_WOMEN,ALL_WOMEN,303082.0,level
1991-01-01,AKM,ALL_WOMEN,ALL_WOMEN,546662.0,level
1992-01-01,AKM,ALL_WOMEN,ALL_WOMEN,547563.0,level
1993-01-01,AKM,ALL_WOMEN,ALL_WOMEN,544816.0,level
1994-01-01,AKM,ALL_WOMEN,ALL_WOMEN,539039.0,level
1995-01-01,AKM,ALL_WOMEN,ALL_WOMEN,516984.0,level
1996-01-01,AKM,ALL_WOMEN,ALL_WOMEN,497447.0,level
1997-01-01,AKM,ALL_WOMEN,ALL_WOMEN,480935.0,level
1998-01-01,AKM,ALL_WOMEN,ALL_WOMEN,451207.0,level
1999-01-01,AKM,ALL_WOMEN,ALL_WOMEN,426852.0,level
2000-01-01,AKM,ALL_WOMEN,ALL_WOMEN,411723.0,level
2001-01-01,AKM,ALL_WOMEN,ALL_WOMEN,400568.0,level
2002-01-01,AKM,ALL_WOMEN,ALL_WOMEN,389998.0,level
2003-01-01,AKM,ALL_WOMEN,ALL_WOMEN,386818.0,level
2004-01-01,AKM,ALL_WOMEN,ALL_WOMEN,387498.0,level
2005-01-01,AKM,ALL_WOMEN,ALL_WOMEN,387035.0,level
2006-01-01,AKM,ALL_WOMEN,ALL_WOMEN,387269.0,level
2007-01-01,AKM,ALL_WOMEN,ALL_WOMEN,389262.0,level
2008-01-01,AKM,ALL_WOMEN,ALL_WOMEN,388693.0,level
2009-01-01,AKM,ALL_WOMEN,ALL_WOMEN,382465.0,level
2010-01-01,AKM,ALL_WOMEN,ALL_WOMEN,380325.0,level
2011-01-01,AKM,ALL_WOMEN,ALL_WOMEN,378983.0,level
2012-01-01,AKM,ALL_WOMEN,ALL_WOMEN,377505.0,level
2013-01-01,AKM,ALL_WOMEN,ALL_WOMEN,378103.0,level
2014-01-01,AKM,ALL_WOMEN,ALL_WOMEN,379603.0,level
2015-01-01,AKM,ALL_WOMEN,ALL_WOMEN,380099.0,level
2016-01-01,AKM,ALL_WOMEN,ALL_WOMEN,383910.0,level
2017-01-01,AKM,ALL_WOMEN,ALL_WOMEN,378355.0,level
2018-01-01,AKM,ALL_WOMEN,ALL_WOMEN,379957.0,level
2019-01-01,AKM,ALL_WOMEN,ALL_WOMEN,379306.0,level
2020-01-01,AKM,ALL_WOMEN,ALL_WOMEN,378334.0,level
2021-01-01,AKM,ALL_WOMEN,ALL_WOMEN,377323.0,level
2022-01-01,AKM,ALL_WOMEN,ALL_WOMEN,402167.0,level
2023-01-01,AKM,ALL_WOMEN,ALL_WOMEN,402859.0,level
2024-01-01,AKM,ALL_WOMEN,ALL_WOMEN,402029.0,level
2025-01-01,AKM,ALL_WOMEN,ALL_WOMEN,400648.0,level
2026-01-01,AKM,ALL_WOMEN,ALL_WOMEN,401062.0,level
1991-01-01,AKT,ALL_WOMEN,ALL_WOMEN,381216.0,level
1992-01-01,AKT,ALL_WOMEN,ALL_WOMEN,381737.0,level
1993-01-01,AKT,ALL_WOMEN,ALL_WOMEN,379270.0,level
1994-01-01,AKT,ALL_WOMEN,ALL_WOMEN,378618.0,level
1995-01-01,AKT,ALL_WOMEN,ALL_WOMEN,371271.0,level
1996-01-01,AKT,ALL_WOMEN,ALL_WOMEN,366702.0,level
1997-01-01,AKT,ALL_WOMEN,ALL_WOMEN,363436.0,level
1998-01-01,AKT,ALL_WOMEN,ALL_WOMEN,357992.0,level
1999-01-01,AKT,ALL_WOMEN,ALL_WOMEN,351885.0,level
2000-01-01,AKT,ALL_WOMEN,ALL_WOMEN,349558.0,level
2001-01-01,AKT,ALL_WOMEN,ALL_WOMEN,345838.0,level
2002-01-01,AKT,ALL_WOMEN,ALL_WOMEN,344918.0,level
2003-01-01,AKT,ALL_WOMEN,ALL_WOMEN,345126.0,level
2004-01-01,AKT,ALL_WOMEN,ALL_WOMEN,346927.0,level
2005-01-01,AKT,ALL_WOMEN,ALL_WOMEN,350535.0,level
2006-01-01,AKT,ALL_WOMEN,ALL_WOMEN,354907.0,level
2007-01-01,AKT,ALL_WOMEN,ALL_WOMEN,359780.0,level
2008-01-01,AKT,ALL_WOMEN,ALL_WOMEN,364200.0,level
2009-01-01,AKT,ALL_WOMEN,ALL_WOMEN,392472.0,level
2010-01-01,AKT,ALL_WOMEN,ALL_WOMEN,395727.0,level
2011-01-01,AKT,ALL_WOMEN,ALL_WOMEN,403271.0,level
2012-01-01,AKT,ALL_WOMEN,ALL_WOMEN,407499.0,level
2013-01-01,AKT,ALL_WOMEN,ALL_WOMEN,412038.0,level
2014-01-01,AKT,ALL_WOMEN,ALL_WOMEN,418397.0,level
2015-01-01,AKT,ALL_WOMEN,ALL_WOMEN,425011.0,level
2016-01-01,AKT,ALL_WOMEN,ALL_WOMEN,430958.0,level
2017-01-01,AKT,ALL_WOMEN,ALL_WOMEN,436331.0,level
2018-01-01,AKT,ALL_WOMEN,ALL_WOMEN,442221.0,level
2019-01-01,AKT,ALL_WOMEN,ALL_WOMEN,448137.0,level
2020-01-01,AKT,ALL_WOMEN,ALL_WOMEN,453791.0,level
2021-01-01,AKT,ALL_WOMEN,ALL_WOMEN,459918.0,level
2022-01-01,AKT,ALL_WOMEN,ALL_WOMEN,467563.0,level
2023-01-01,AKT,ALL_WOMEN,ALL_WOMEN,473072.0,level
2024-01-01,AKT,ALL_WOMEN,ALL_WOMEN,478246.0,level
2025-01-01,AKT,ALL_WOMEN,ALL_WOMEN,483323.0,level
2026-01-01,AKT,ALL_WOMEN,ALL_WOMEN,486156.0,level
1991-01-01,ALA,ALL_WOMEN,ALL_WOMEN,604357.0,level
1992-01-01,ALA,ALL_WOMEN,ALL_WOMEN,613579.0,level
1993-01-01,ALA,ALL_WOMEN,ALL_WOMEN,614264.0,level
1994-01-01,ALA,ALL_WOMEN,ALL_WOMEN,610307.0,level
1995-01-01,ALA,ALL_WOMEN,ALL_WOMEN,605032.0,level
1996-01-01,ALA,ALL_WOMEN,ALL_WOMEN,604164.0,level
1997-01-01,ALA,ALL_WOMEN,ALL_WOMEN,608174.0,level
1998-01-01,ALA,ALL_WOMEN,ALL_WOMEN,610237.0,level
1999-01-01,ALA,ALL_WOMEN,ALL_WOMEN,617176.0,level
2000-01-01,ALA,ALL_WOMEN,ALL_WOMEN,618177.0,level
2001-01-01,ALA,ALL_WOMEN,ALL_WOMEN,617420.0,level
2002-01-01,ALA,ALL_WOMEN,ALL_WOMEN,619113.0,level
2003-01-01,ALA,ALL_WOMEN,ALL_WOMEN,628098.0,level
2004-01-01,ALA,ALL_WOMEN,ALL_WOMEN,641738.0,level
2005-01-01,ALA,ALL_WOMEN,ALL_WOMEN,660446.0,level
2006-01-01,ALA,ALL_WOMEN,ALL_WOMEN,681707.0,level
2007-01-01,ALA,ALL_WOMEN,ALL_WOMEN,702034.0,level
2008-01-01,ALA,ALL_WOMEN,ALL_WOMEN,722037.0,level
2009-01-01,ALA,ALL_WOMEN,ALL_WOMEN,780010.0,level
2010-01-01,ALA,ALL_WOMEN,ALL_WOMEN,797715.0,level
2011-01-01,ALA,ALL_WOMEN,ALL_WOMEN,812506.0,level
2012-01-01,ALA,ALL_WOMEN,ALL_WOMEN,836346.0,level
2013-01-01,ALA,ALL_WOMEN,ALL_WOMEN,852605.0,level
2014-01-01,ALA,ALL_WOMEN,ALL_WOMEN,871322.0,level
2015-01-01,ALA,ALL_WOMEN,ALL_WOMEN,893680.0,level
2016-01-01,ALA,ALL_WOMEN,ALL_WOMEN,926588.0,level
2017-01-01,ALA,ALL_WOMEN,ALL_WOMEN,953510.0,level
2018-01-01,ALA,ALL_WOMEN,ALL_WOMEN,982026.0,level
2019-01-01,ALA,ALL_WOMEN,ALL_WOMEN,1010004.0,level
2020-01-01,ALA,ALL_WOMEN,ALL_WOMEN,1039782.0,level
2021-01-01,ALA,ALL_WOMEN,ALL_WOMEN,1072873.0,level
2022-01-01,ALA,ALL_WOMEN,ALL_WOMEN,1124826.0,level
2023-01-01,ALA,ALL_WOMEN,ALL_WOMEN,1157962.0,level
2024-01-01,ALA,ALL_WOMEN,ALL_WOMEN,1192870.0,level
2025-01-01,ALA,ALL_WOMEN,ALL_WOMEN,1225660.0,level
2026-01-01,ALA,ALL_WOMEN,ALL_WOMEN,1255233.0,level
1991-01-01,ALM,ALL_WOMEN,ALL_WOMEN,846563.0,level
1992-01-01,ALM,ALL_WOMEN,ALL_WOMEN,850115.0,level
1993-01-01,ALM,ALL_WOMEN,ALL_WOMEN,842657.0,level
1994-01-01,ALM,ALL_WOMEN,ALL_WOMEN,840741.0,level
1995-01-01,ALM,ALL_WOMEN,ALL_WOMEN,826206.0,level
1996-01-01,ALM,ALL_WOMEN,ALL_WOMEN,816313.0,level
1997-01-01,ALM,ALL_WOMEN,ALL_WOMEN,810000.0,level
1998-01-01,ALM,ALL_WOMEN,ALL_WOMEN,802031.0,level
1999-01-01,ALM,ALL_WOMEN,ALL_WOMEN,797242.0,level
2000-01-01,ALM,ALL_WOMEN,ALL_WOMEN,796749.0,level
2001-01-01,ALM,ALL_WOMEN,ALL_WOMEN,794881.0,level
2002-01-01,ALM,ALL_WOMEN,ALL_WOMEN,794275.0,level
2003-01-01,ALM,ALL_WOMEN,ALL_WOMEN,796359.0,level
2004-01-01,ALM,ALL_WOMEN,ALL_WOMEN,801113.0,level
2005-01-01,ALM,ALL_WOMEN,ALL_WOMEN,809434.0,level
2006-01-01,ALM,ALL_WOMEN,ALL_WOMEN,815759.0,level
2007-01-01,ALM,ALL_WOMEN,ALL_WOMEN,824119.0,level
2008-01-01,ALM,ALL_WOMEN,ALL_WOMEN,835119.0,level
2009-01-01,ALM,ALL_WOMEN,ALL_WOMEN,559848.0,level
2010-01-01,ALM,ALL_WOMEN,ALL_WOMEN,572128.0,level
2011-01-01,ALM,ALL_WOMEN,ALL_WOMEN,585866.0,level
2012-01-01,ALM,ALL_WOMEN,ALL_WOMEN,600202.0,level
2013-01-01,ALM,ALL_WOMEN,ALL_WOMEN,614718.0,level
2014-01-01,ALM,ALL_WOMEN,ALL_WOMEN,629352.0,level
2015-01-01,ALM,ALL_WOMEN,ALL_WOMEN,640836.0,level
2016-01-01,ALM,ALL_WOMEN,ALL_WOMEN,651473.0,level
2017-01-01,ALM,ALL_WOMEN,ALL_WOMEN,667686.0,level
2018-01-01,ALM,ALL_WOMEN,ALL_WOMEN,681749.0,level
2019-01-01,ALM,ALL_WOMEN,ALL_WOMEN,691742.0,level
2020-01-01,ALM,ALL_WOMEN,ALL_WOMEN,703251.0,level
2021-01-01,ALM,ALL_WOMEN,ALL_WOMEN,713095.0,level
2022-01-01,ALM,ALL_WOMEN,ALL_WOMEN,740747.0,level
2023-01-01,ALM,ALL_WOMEN,ALL_WOMEN,753496.0,level
2024-01-01,ALM,ALL_WOMEN,ALL_WOMEN,765322.0,level
2025-01-01,ALM,ALL_WOMEN,ALL_WOMEN,778590.0,level
2026-01-01,ALM,ALL_WOMEN,ALL_WOMEN,795359.0,level
1991-01-01,AST,ALL_WOMEN,ALL_WOMEN,154217.0,level
1992-01-01,AST,ALL_WOMEN,ALL_WOMEN,157186.0,level
1993-01-01,AST,ALL_WOMEN,ALL_WOMEN,154161.0,level
1994-01-01,AST,ALL_WOMEN,ALL_WOMEN,155784.0,level
1995-01-01,AST,ALL_WOMEN,ALL_WOMEN,155432.0,level
1996-01-01,AST,ALL_WOMEN,ALL_WOMEN,154003.0,level
1997-01-01,AST,ALL_WOMEN,ALL_WOMEN,153061.0,level
1998-01-01,AST,ALL_WOMEN,ALL_WOMEN,160564.0,level
1999-01-01,AST,ALL_WOMEN,ALL_WOMEN,174512.0,level
2000-01-01,AST,ALL_WOMEN,ALL_WOMEN,199964.0,level
2001-01-01,AST,ALL_WOMEN,ALL_WOMEN,228261.0,level
2002-01-01,AST,ALL_WOMEN,ALL_WOMEN,253886.0,level
2003-01-01,AST,ALL_WOMEN,ALL_WOMEN,258165.0,level
2004-01-01,AST,ALL_WOMEN,ALL_WOMEN,262489.0,level
2005-01-01,AST,ALL_WOMEN,ALL_WOMEN,272173.0,level
2006-01-01,AST,ALL_WOMEN,ALL_WOMEN,282569.0,level
2007-01-01,AST,ALL_WOMEN,ALL_WOMEN,292189.0,level
2008-01-01,AST,ALL_WOMEN,ALL_WOMEN,307330.0,level
2009-01-01,AST,ALL_WOMEN,ALL_WOMEN,312245.0,level
2010-01-01,AST,ALL_WOMEN,ALL_WOMEN,335790.0,level
2011-01-01,AST,ALL_WOMEN,ALL_WOMEN,361970.0,level
2012-01-01,AST,ALL_WOMEN,ALL_WOMEN,387031.0,level
2013-01-01,AST,ALL_WOMEN,ALL_WOMEN,406034.0,level
2014-01-01,AST,ALL_WOMEN,ALL_WOMEN,424830.0,level
2015-01-01,AST,ALL_WOMEN,ALL_WOMEN,444825.0,level
2016-01-01,AST,ALL_WOMEN,ALL_WOMEN,455446.0,level
2017-01-01,AST,ALL_WOMEN,ALL_WOMEN,507382.0,level
2018-01-01,AST,ALL_WOMEN,ALL_WOMEN,538188.0,level
2019-01-01,AST,ALL_WOMEN,ALL_WOMEN,564323.0,level
2020-01-01,AST,ALL_WOMEN,ALL_WOMEN,594570.0,level
2021-01-01,AST,ALL_WOMEN,ALL_WOMEN,619580.0,level
2022-01-01,AST,ALL_WOMEN,ALL_WOMEN,676042.0,level
2023-01-01,AST,ALL_WOMEN,ALL_WOMEN,708807.0,level
2024-01-01,AST,ALL_WOMEN,ALL_WOMEN,750047.0,level
2025-01-01,AST,ALL_WOMEN,ALL_WOMEN,803567.0,level
2026-01-01,AST,ALL_WOMEN,ALL_WOMEN,864566.0,level
1991-01-01,ATY,ALL_WOMEN,ALL_WOMEN,218417.0,level
1992-01-01,ATY,ALL_WOMEN,ALL_WOMEN,221388.0,level
1993-01-01,ATY,ALL_WOMEN,ALL_WOMEN,222153.0,level
1994-01-01,ATY,ALL_WOMEN,ALL_WOMEN,222741.0,level
1995-01-01,ATY,ALL_WOMEN,ALL_WOMEN,222439.0,level
1996-01-01,ATY,ALL_WOMEN,ALL_WOMEN,222155.0,level
1997-01-01,ATY,ALL_WOMEN,ALL_WOMEN,222753.0,level
1998-01-01,ATY,ALL_WOMEN,ALL_WOMEN,223505.0,level
1999-01-01,ATY,ALL_WOMEN,ALL_WOMEN,224409.0,level
2000-01-01,ATY,ALL_WOMEN,ALL_WOMEN,225680.0,level
2001-01-01,ATY,ALL_WOMEN,ALL_WOMEN,226702.0,level
2002-01-01,ATY,ALL_WOMEN,ALL_WOMEN,228693.0,level
2003-01-01,ATY,ALL_WOMEN,ALL_WOMEN,231012.0,level
2004-01-01,ATY,ALL_WOMEN,ALL_WOMEN,233711.0,level
2005-01-01,ATY,ALL_WOMEN,ALL_WOMEN,237048.0,level
2006-01-01,ATY,ALL_WOMEN,ALL_WOMEN,241521.0,level
2007-01-01,ATY,ALL_WOMEN,ALL_WOMEN,245797.0,level
2008-01-01,ATY,ALL_WOMEN,ALL_WOMEN,250979.0,level
2009-01-01,ATY,ALL_WOMEN,ALL_WOMEN,260066.0,level
2010-01-01,ATY,ALL_WOMEN,ALL_WOMEN,265992.0,level
2011-01-01,ATY,ALL_WOMEN,ALL_WOMEN,271470.0,level
2012-01-01,ATY,ALL_WOMEN,ALL_WOMEN,276798.0,level
2013-01-01,ATY,ALL_WOMEN,ALL_WOMEN,282949.0,level
2014-01-01,ATY,ALL_WOMEN,ALL_WOMEN,289223.0,level
2015-01-01,ATY,ALL_WOMEN,ALL_WOMEN,295953.0,level
2016-01-01,ATY,ALL_WOMEN,ALL_WOMEN,302250.0,level
2017-01-01,ATY,ALL_WOMEN,ALL_WOMEN,308616.0,level
2018-01-01,ATY,ALL_WOMEN,ALL_WOMEN,314992.0,level
2019-01-01,ATY,ALL_WOMEN,ALL_WOMEN,321292.0,level
2020-01-01,ATY,ALL_WOMEN,ALL_WOMEN,327089.0,level
2021-01-01,ATY,ALL_WOMEN,ALL_WOMEN,333139.0,level
2022-01-01,ATY,ALL_WOMEN,ALL_WOMEN,345216.0,level
2023-01-01,ATY,ALL_WOMEN,ALL_WOMEN,350903.0,level
2024-01-01,ATY,ALL_WOMEN,ALL_WOMEN,356218.0,level
2025-01-01,ATY,ALL_WOMEN,ALL_WOMEN,359157.0,level
2026-01-01,ATY,ALL_WOMEN,ALL_WOMEN,361479.0,level
1991-01-01,KRG,ALL_WOMEN,ALL_WOMEN,886045.0,level
1992-01-01,KRG,ALL_WOMEN,ALL_WOMEN,877730.0,level
1993-01-01,KRG,ALL_WOMEN,ALL_WOMEN,871572.0,level
1994-01-01,KRG,ALL_WOMEN,ALL_WOMEN,856069.0,level
1995-01-01,KRG,ALL_WOMEN,ALL_WOMEN,825455.0,level
1996-01-01,KRG,ALL_WOMEN,ALL_WOMEN,801985.0,level
1997-01-01,KRG,ALL_WOMEN,ALL_WOMEN,784341.0,level
1998-01-01,KRG,ALL_WOMEN,ALL_WOMEN,764753.0,level
1999-01-01,KRG,ALL_WOMEN,ALL_WOMEN,741229.0,level
2000-01-01,KRG,ALL_WOMEN,ALL_WOMEN,730948.0,level
2001-01-01,KRG,ALL_WOMEN,ALL_WOMEN,718784.0,level
2002-01-01,KRG,ALL_WOMEN,ALL_WOMEN,708510.0,level
2003-01-01,KRG,ALL_WOMEN,ALL_WOMEN,703510.0,level
2004-01-01,KRG,ALL_WOMEN,ALL_WOMEN,702784.0,level
2005-01-01,KRG,ALL_WOMEN,ALL_WOMEN,703687.0,level
2006-01-01,KRG,ALL_WOMEN,ALL_WOMEN,705574.0,level
2007-01-01,KRG,ALL_WOMEN,ALL_WOMEN,709379.0,level
2008-01-01,KRG,ALL_WOMEN,ALL_WOMEN,711489.0,level
2009-01-01,KRG,ALL_WOMEN,ALL_WOMEN,592099.0,level
2010-01-01,KRG,ALL_WOMEN,ALL_WOMEN,594982.0,level
2011-01-01,KRG,ALL_WOMEN,ALL_WOMEN,597800.0,level
2012-01-01,KRG,ALL_WOMEN,ALL_WOMEN,600920.0,level
2013-01-01,KRG,ALL_WOMEN,ALL_WOMEN,603101.0,level
2014-01-01,KRG,ALL_WOMEN,ALL_WOMEN,606095.0,level
2015-01-01,KRG,ALL_WOMEN,ALL_WOMEN,610149.0,level
2016-01-01,KRG,ALL_WOMEN,ALL_WOMEN,612440.0,level
2017-01-01,KRG,ALL_WOMEN,ALL_WOMEN,611316.0,level
2018-01-01,KRG,ALL_WOMEN,ALL_WOMEN,609790.0,level
2019-01-01,KRG,ALL_WOMEN,ALL_WOMEN,607384.0,level
2020-01-01,KRG,ALL_WOMEN,ALL_WOMEN,605794.0,level
2021-01-01,KRG,ALL_WOMEN,ALL_WOMEN,604873.0,level
2022-01-01,KRG,ALL_WOMEN,ALL_WOMEN,592633.0,level
2023-01-01,KRG,ALL_WOMEN,ALL_WOMEN,591863.0,level
2024-01-01,KRG,ALL_WOMEN,ALL_WOMEN,591504.0,level
2025-01-01,KRG,ALL_WOMEN,ALL_WOMEN,590436.0,level
2026-01-01,KRG,ALL_WOMEN,ALL_WOMEN,588488.0,level
1991-01-01,KST,ALL_WOMEN,ALL_WOMEN,641064.0,level
1992-01-01,KST,ALL_WOMEN,ALL_WOMEN,649065.0,level
1993-01-01,KST,ALL_WOMEN,ALL_WOMEN,647140.0,level
1994-01-01,KST,ALL_WOMEN,ALL_WOMEN,642603.0,level
1995-01-01,KST,ALL_WOMEN,ALL_WOMEN,623501.0,level
1996-01-01,KST,ALL_WOMEN,ALL_WOMEN,602398.0,level
1997-01-01,KST,ALL_WOMEN,ALL_WOMEN,589323.0,level
1998-01-01,KST,ALL_WOMEN,ALL_WOMEN,560882.0,level
1999-01-01,KST,ALL_WOMEN,ALL_WOMEN,533274.0,level
2000-01-01,KST,ALL_WOMEN,ALL_WOMEN,517634.0,level
2001-01-01,KST,ALL_WOMEN,ALL_WOMEN,502686.0,level
2002-01-01,KST,ALL_WOMEN,ALL_WOMEN,490967.0,level
2003-01-01,KST,ALL_WOMEN,ALL_WOMEN,482774.0,level
2004-01-01,KST,ALL_WOMEN,ALL_WOMEN,479909.0,level
2005-01-01,KST,ALL_WOMEN,ALL_WOMEN,477144.0,level
2006-01-01,KST,ALL_WOMEN,ALL_WOMEN,475148.0,level
2007-01-01,KST,ALL_WOMEN,ALL_WOMEN,474353.0,level
2008-01-01,KST,ALL_WOMEN,ALL_WOMEN,471531.0,level
2009-01-01,KST,ALL_WOMEN,ALL_WOMEN,468034.0,level
2010-01-01,KST,ALL_WOMEN,ALL_WOMEN,466414.0,level
2011-01-01,KST,ALL_WOMEN,ALL_WOMEN,465425.0,level
2012-01-01,KST,ALL_WOMEN,ALL_WOMEN,464077.0,level
2013-01-01,KST,ALL_WOMEN,ALL_WOMEN,464281.0,level
2014-01-01,KST,ALL_WOMEN,ALL_WOMEN,464539.0,level
2015-01-01,KST,ALL_WOMEN,ALL_WOMEN,464654.0,level
2016-01-01,KST,ALL_WOMEN,ALL_WOMEN,465418.0,level
2017-01-01,KST,ALL_WOMEN,ALL_WOMEN,462284.0,level
2018-01-01,KST,ALL_WOMEN,ALL_WOMEN,460000.0,level
2019-01-01,KST,ALL_WOMEN,ALL_WOMEN,458070.0,level
2020-01-01,KST,ALL_WOMEN,ALL_WOMEN,455637.0,level
2021-01-01,KST,ALL_WOMEN,ALL_WOMEN,453473.0,level
2022-01-01,KST,ALL_WOMEN,ALL_WOMEN,432347.0,level
2023-01-01,KST,ALL_WOMEN,ALL_WOMEN,429960.0,level
2024-01-01,KST,ALL_WOMEN,ALL_WOMEN,428379.0,level
2025-01-01,KST,ALL_WOMEN,ALL_WOMEN,426096.0,level
2026-01-01,KST,ALL_WOMEN,ALL_WOMEN,423719.0,level
1991-01-01,KZL,ALL_WOMEN,ALL_WOMEN,295939.0,level
1992-01-01,KZL,ALL_WOMEN,ALL_WOMEN,298838.0,level
1993-01-01,KZL,ALL_WOMEN,ALL_WOMEN,303215.0,level
1994-01-01,KZL,ALL_WOMEN,ALL_WOMEN,301635.0,level
1995-01-01,KZL,ALL_WOMEN,ALL_WOMEN,297181.0,level
1996-01-01,KZL,ALL_WOMEN,ALL_WOMEN,295028.0,level
1997-01-01,KZL,ALL_WOMEN,ALL_WOMEN,295643.0,level
1998-01-01,KZL,ALL_WOMEN,ALL_WOMEN,296843.0,level
1999-01-01,KZL,ALL_WOMEN,ALL_WOMEN,298308.0,level
2000-01-01,KZL,ALL_WOMEN,ALL_WOMEN,299785.0,level
2001-01-01,KZL,ALL_WOMEN,ALL_WOMEN,300759.0,level
2002-01-01,KZL,ALL_WOMEN,ALL_WOMEN,301645.0,level
2003-01-01,KZL,ALL_WOMEN,ALL_WOMEN,303147.0,level
2004-01-01,KZL,ALL_WOMEN,ALL_WOMEN,305045.0,level
2005-01-01,KZL,ALL_WOMEN,ALL_WOMEN,307241.0,level
2006-01-01,KZL,ALL_WOMEN,ALL_WOMEN,310337.0,level
2007-01-01,KZL,ALL_WOMEN,ALL_WOMEN,313893.0,level
2008-01-01,KZL,ALL_WOMEN,ALL_WOMEN,317331.0,level
2009-01-01,KZL,ALL_WOMEN,ALL_WOMEN,340169.0,level
2010-01-01,KZL,ALL_WOMEN,ALL_WOMEN,345626.0,level
2011-01-01,KZL,ALL_WOMEN,ALL_WOMEN,350869.0,level
2012-01-01,KZL,ALL_WOMEN,ALL_WOMEN,356627.0,level
2013-01-01,KZL,ALL_WOMEN,ALL_WOMEN,363352.0,level
2014-01-01,KZL,ALL_WOMEN,ALL_WOMEN,369850.0,level
2015-01-01,KZL,ALL_WOMEN,ALL_WOMEN,376421.0,level
2016-01-01,KZL,ALL_WOMEN,ALL_WOMEN,382256.0,level
2017-01-01,KZL,ALL_WOMEN,ALL_WOMEN,385783.0,level
2018-01-01,KZL,ALL_WOMEN,ALL_WOMEN,390466.0,level
2019-01-01,KZL,ALL_WOMEN,ALL_WOMEN,395549.0,level
2020-01-01,KZL,ALL_WOMEN,ALL_WOMEN,399933.0,level
2021-01-01,KZL,ALL_WOMEN,ALL_WOMEN,405219.0,level
2022-01-01,KZL,ALL_WOMEN,ALL_WOMEN,410535.0,level
2023-01-01,KZL,ALL_WOMEN,ALL_WOMEN,415312.0,level
2024-01-01,KZL,ALL_WOMEN,ALL_WOMEN,418769.0,level
2025-01-01,KZL,ALL_WOMEN,ALL_WOMEN,420250.0,level
2026-01-01,KZL,ALL_WOMEN,ALL_WOMEN,419907.0,level
1991-01-01,MNG,ALL_WOMEN,ALL_WOMEN,166942.0,level
1992-01-01,MNG,ALL_WOMEN,ALL_WOMEN,170263.0,level
1993-01-01,MNG,ALL_WOMEN,ALL_WOMEN,169852.0,level
1994-01-01,MNG,ALL_WOMEN,ALL_WOMEN,163059.0,level
1995-01-01,MNG,ALL_WOMEN,ALL_WOMEN,153248.0,level
1996-01-01,MNG,ALL_WOMEN,ALL_WOMEN,154158.0,level
1997-01-01,MNG,ALL_WOMEN,ALL_WOMEN,156246.0,level
1998-01-01,MNG,ALL_WOMEN,ALL_WOMEN,159005.0,level
1999-01-01,MNG,ALL_WOMEN,ALL_WOMEN,159338.0,level
2000-01-01,MNG,ALL_WOMEN,ALL_WOMEN,159919.0,level
2001-01-01,MNG,ALL_WOMEN,ALL_WOMEN,161731.0,level
2002-01-01,MNG,ALL_WOMEN,ALL_WOMEN,165854.0,level
2003-01-01,MNG,ALL_WOMEN,ALL_WOMEN,170855.0,level
2004-01-01,MNG,ALL_WOMEN,ALL_WOMEN,176434.0,level
2005-01-01,MNG,ALL_WOMEN,ALL_WOMEN,182651.0,level
2006-01-01,MNG,ALL_WOMEN,ALL_WOMEN,189167.0,level
2007-01-01,MNG,ALL_WOMEN,ALL_WOMEN,197567.0,level
2008-01-01,MNG,ALL_WOMEN,ALL_WOMEN,206249.0,level
2009-01-01,MNG,ALL_WOMEN,ALL_WOMEN,244067.0,level
2010-01-01,MNG,ALL_WOMEN,ALL_WOMEN,254411.0,level
2011-01-01,MNG,ALL_WOMEN,ALL_WOMEN,264667.0,level
2012-01-01,MNG,ALL_WOMEN,ALL_WOMEN,275119.0,level
2013-01-01,MNG,ALL_WOMEN,ALL_WOMEN,286222.0,level
2014-01-01,MNG,ALL_WOMEN,ALL_WOMEN,295999.0,level
2015-01-01,MNG,ALL_WOMEN,ALL_WOMEN,305425.0,level
2016-01-01,MNG,ALL_WOMEN,ALL_WOMEN,315135.0,level
2017-01-01,MNG,ALL_WOMEN,ALL_WOMEN,322987.0,level
2018-01-01,MNG,ALL_WOMEN,ALL_WOMEN,331655.0,level
2019-01-01,MNG,ALL_WOMEN,ALL_WOMEN,340549.0,level
2020-01-01,MNG,ALL_WOMEN,ALL_WOMEN,350839.0,level
2021-01-01,MNG,ALL_WOMEN,ALL_WOMEN,361114.0,level
2022-01-01,MNG,ALL_WOMEN,ALL_WOMEN,375134.0,level
2023-01-01,MNG,ALL_WOMEN,ALL_WOMEN,385740.0,level
2024-01-01,MNG,ALL_WOMEN,ALL_WOMEN,395455.0,level
2025-01-01,MNG,ALL_WOMEN,ALL_WOMEN,404377.0,level
2026-01-01,MNG,ALL_WOMEN,ALL_WOMEN,411385.0,level
1991-01-01,PVL,ALL_WOMEN,ALL_WOMEN,490411.0,level
1992-01-01,PVL,ALL_WOMEN,ALL_WOMEN,495336.0,level
1993-01-01,PVL,ALL_WOMEN,ALL_WOMEN,493526.0,level
1994-01-01,PVL,ALL_WOMEN,ALL_WOMEN,488329.0,level
1995-01-01,PVL,ALL_WOMEN,ALL_WOMEN,473470.0,level
1996-01-01,PVL,ALL_WOMEN,ALL_WOMEN,460336.0,level
1997-01-01,PVL,ALL_WOMEN,ALL_WOMEN,450910.0,level
1998-01-01,PVL,ALL_WOMEN,ALL_WOMEN,436939.0,level
1999-01-01,PVL,ALL_WOMEN,ALL_WOMEN,422926.0,level
2000-01-01,PVL,ALL_WOMEN,ALL_WOMEN,414352.0,level
2001-01-01,PVL,ALL_WOMEN,ALL_WOMEN,405568.0,level
2002-01-01,PVL,ALL_WOMEN,ALL_WOMEN,398463.0,level
2003-01-01,PVL,ALL_WOMEN,ALL_WOMEN,393977.0,level
2004-01-01,PVL,ALL_WOMEN,ALL_WOMEN,392647.0,level
2005-01-01,PVL,ALL_WOMEN,ALL_WOMEN,392165.0,level
2006-01-01,PVL,ALL_WOMEN,ALL_WOMEN,392168.0,level
2007-01-01,PVL,ALL_WOMEN,ALL_WOMEN,393700.0,level
2008-01-01,PVL,ALL_WOMEN,ALL_WOMEN,395050.0,level
2009-01-01,PVL,ALL_WOMEN,ALL_WOMEN,393045.0,level
2010-01-01,PVL,ALL_WOMEN,ALL_WOMEN,394091.0,level
2011-01-01,PVL,ALL_WOMEN,ALL_WOMEN,395050.0,level
2012-01-01,PVL,ALL_WOMEN,ALL_WOMEN,395414.0,level
2013-01-01,PVL,ALL_WOMEN,ALL_WOMEN,396359.0,level
2014-01-01,PVL,ALL_WOMEN,ALL_WOMEN,397979.0,level
2015-01-01,PVL,ALL_WOMEN,ALL_WOMEN,399178.0,level
2016-01-01,PVL,ALL_WOMEN,ALL_WOMEN,400417.0,level
2017-01-01,PVL,ALL_WOMEN,ALL_WOMEN,399135.0,level
2018-01-01,PVL,ALL_WOMEN,ALL_WOMEN,397537.0,level
2019-01-01,PVL,ALL_WOMEN,ALL_WOMEN,396834.0,level
2020-01-01,PVL,ALL_WOMEN,ALL_WOMEN,395668.0,level
2021-01-01,PVL,ALL_WOMEN,ALL_WOMEN,394858.0,level
2022-01-01,PVL,ALL_WOMEN,ALL_WOMEN,393550.0,level
2023-01-01,PVL,ALL_WOMEN,ALL_WOMEN,392382.0,level
2024-01-01,PVL,ALL_WOMEN,ALL_WOMEN,391587.0,level
2025-01-01,PVL,ALL_WOMEN,ALL_WOMEN,389610.0,level
2026-01-01,PVL,ALL_WOMEN,ALL_WOMEN,386294.0,level
2009-01-01,SHM,ALL_WOMEN,ALL_WOMEN,380117.0,level
2010-01-01,SHM,ALL_WOMEN,ALL_WOMEN,388509.0,level
2011-01-01,SHM,ALL_WOMEN,ALL_WOMEN,397894.0,level
2012-01-01,SHM,ALL_WOMEN,ALL_WOMEN,406283.0,level
2013-01-01,SHM,ALL_WOMEN,ALL_WOMEN,419025.0,level
2014-01-01,SHM,ALL_WOMEN,ALL_WOMEN,431941.0,level
2015-01-01,SHM,ALL_WOMEN,ALL_WOMEN,446845.0,level
2016-01-01,SHM,ALL_WOMEN,ALL_WOMEN,460644.0,level
2017-01-01,SHM,ALL_WOMEN,ALL_WOMEN,473649.0,level
2018-01-01,SHM,ALL_WOMEN,ALL_WOMEN,493704.0,level
2019-01-01,SHM,ALL_WOMEN,ALL_WOMEN,524497.0,level
2020-01-01,SHM,ALL_WOMEN,ALL_WOMEN,537674.0,level
2021-01-01,SHM,ALL_WOMEN,ALL_WOMEN,554875.0,level
2022-01-01,SHM,ALL_WOMEN,ALL_WOMEN,601825.0,level
2023-01-01,SHM,ALL_WOMEN,ALL_WOMEN,616515.0,level
2024-01-01,SHM,ALL_WOMEN,ALL_WOMEN,631605.0,level
2025-01-01,SHM,ALL_WOMEN,ALL_WOMEN,647943.0,level
2026-01-01,SHM,ALL_WOMEN,ALL_WOMEN,667436.0,level
1991-01-01,SKO,ALL_WOMEN,ALL_WOMEN,470108.0,level
1992-01-01,SKO,ALL_WOMEN,ALL_WOMEN,473027.0,level
1993-01-01,SKO,ALL_WOMEN,ALL_WOMEN,472652.0,level
1994-01-01,SKO,ALL_WOMEN,ALL_WOMEN,472181.0,level
1995-01-01,SKO,ALL_WOMEN,ALL_WOMEN,453590.0,level
1996-01-01,SKO,ALL_WOMEN,ALL_WOMEN,434441.0,level
1997-01-01,SKO,ALL_WOMEN,ALL_WOMEN,414516.0,level
1998-01-01,SKO,ALL_WOMEN,ALL_WOMEN,390130.0,level
1999-01-01,SKO,ALL_WOMEN,ALL_WOMEN,376250.0,level
2000-01-01,SKO,ALL_WOMEN,ALL_WOMEN,369674.0,level
2001-01-01,SKO,ALL_WOMEN,ALL_WOMEN,364339.0,level
2002-01-01,SKO,ALL_WOMEN,ALL_WOMEN,358701.0,level
2003-01-01,SKO,ALL_WOMEN,ALL_WOMEN,354250.0,level
2004-01-01,SKO,ALL_WOMEN,ALL_WOMEN,350487.0,level
2005-01-01,SKO,ALL_WOMEN,ALL_WOMEN,346142.0,level
2006-01-01,SKO,ALL_WOMEN,ALL_WOMEN,344802.0,level
2007-01-01,SKO,ALL_WOMEN,ALL_WOMEN,343077.0,level
2008-01-01,SKO,ALL_WOMEN,ALL_WOMEN,339747.0,level
2009-01-01,SKO,ALL_WOMEN,ALL_WOMEN,312805.0,level
2010-01-01,SKO,ALL_WOMEN,ALL_WOMEN,310260.0,level
2011-01-01,SKO,ALL_WOMEN,ALL_WOMEN,308483.0,level
2012-01-01,SKO,ALL_WOMEN,ALL_WOMEN,305355.0,level
2013-01-01,SKO,ALL_WOMEN,ALL_WOMEN,303234.0,level
2014-01-01,SKO,ALL_WOMEN,ALL_WOMEN,301253.0,level
2015-01-01,SKO,ALL_WOMEN,ALL_WOMEN,298968.0,level
2016-01-01,SKO,ALL_WOMEN,ALL_WOMEN,297527.0,level
2017-01-01,SKO,ALL_WOMEN,ALL_WOMEN,293953.0,level
2018-01-01,SKO,ALL_WOMEN,ALL_WOMEN,291313.0,level
2019-01-01,SKO,ALL_WOMEN,ALL_WOMEN,288935.0,level
2020-01-01,SKO,ALL_WOMEN,ALL_WOMEN,285839.0,level
2021-01-01,SKO,ALL_WOMEN,ALL_WOMEN,283309.0,level
2022-01-01,SKO,ALL_WOMEN,ALL_WOMEN,278919.0,level
2023-01-01,SKO,ALL_WOMEN,ALL_WOMEN,276099.0,level
2024-01-01,SKO,ALL_WOMEN,ALL_WOMEN,273950.0,level
2025-01-01,SKO,ALL_WOMEN,ALL_WOMEN,269863.0,level
2026-01-01,SKO,ALL_WOMEN,ALL_WOMEN,265472.0,level
2009-01-01,TRK,ALL_WOMEN,ALL_WOMEN,866478.0,level
2010-01-01,TRK,ALL_WOMEN,ALL_WOMEN,881520.0,level
2011-01-01,TRK,ALL_WOMEN,ALL_WOMEN,899070.0,level
2012-01-01,TRK,ALL_WOMEN,ALL_WOMEN,915668.0,level
2013-01-01,TRK,ALL_WOMEN,ALL_WOMEN,930253.0,level
2014-01-01,TRK,ALL_WOMEN,ALL_WOMEN,943505.0,level
2015-01-01,TRK,ALL_WOMEN,ALL_WOMEN,955120.0,level
2016-01-01,TRK,ALL_WOMEN,ALL_WOMEN,966690.0,level
2017-01-01,TRK,ALL_WOMEN,ALL_WOMEN,971719.0,level
2018-01-01,TRK,ALL_WOMEN,ALL_WOMEN,976360.0,level
2019-01-01,TRK,ALL_WOMEN,ALL_WOMEN,976693.0,level
2020-01-01,TRK,ALL_WOMEN,ALL_WOMEN,992363.0,level
2021-01-01,TRK,ALL_WOMEN,ALL_WOMEN,1005728.0,level
2022-01-01,TRK,ALL_WOMEN,ALL_WOMEN,1026095.0,level
2023-01-01,TRK,ALL_WOMEN,ALL_WOMEN,1040134.0,level
2024-01-01,TRK,ALL_WOMEN,ALL_WOMEN,1050113.0,level
2025-01-01,TRK,ALL_WOMEN,ALL_WOMEN,1055181.0,level
2026-01-01,TRK,ALL_WOMEN,ALL_WOMEN,1051112.0,level
2009-01-01,ULT,ALL_WOMEN,ALL_WOMEN,115507.0,level
2010-01-01,ULT,ALL_WOMEN,ALL_WOMEN,115496.0,level
2011-01-01,ULT,ALL_WOMEN,ALL_WOMEN,115499.0,level
2012-01-01,ULT,ALL_WOMEN,ALL_WOMEN,115439.0,level
2013-01-01,ULT,ALL_WOMEN,ALL_WOMEN,115494.0,level
2014-01-01,ULT,ALL_WOMEN,ALL_WOMEN,115778.0,level
2015-01-01,ULT,ALL_WOMEN,ALL_WOMEN,115983.0,level
2016-01-01,ULT,ALL_WOMEN,ALL_WOMEN,116437.0,level
2017-01-01,ULT,ALL_WOMEN,ALL_WOMEN,115878.0,level
2018-01-01,ULT,ALL_WOMEN,ALL_WOMEN,115835.0,level
2019-01-01,ULT,ALL_WOMEN,ALL_WOMEN,116552.0,level
2020-01-01,ULT,ALL_WOMEN,ALL_WOMEN,116744.0,level
2021-01-01,ULT,ALL_WOMEN,ALL_WOMEN,116619.0,level
2022-01-01,ULT,ALL_WOMEN,ALL_WOMEN,112944.0,level
2023-01-01,ULT,ALL_WOMEN,ALL_WOMEN,112978.0,level
2024-01-01,ULT,ALL_WOMEN,ALL_WOMEN,112999.0,level
2025-01-01,ULT,ALL_WOMEN,ALL_WOMEN,112695.0,level
2026-01-01,ULT,ALL_WOMEN,ALL_WOMEN,111406.0,level
1991-01-01,VKO,ALL_WOMEN,ALL_WOMEN,918970.0,level
1992-01-01,VKO,ALL_WOMEN,ALL_WOMEN,921700.0,level
1993-01-01,VKO,ALL_WOMEN,ALL_WOMEN,919779.0,level
1994-01-01,VKO,ALL_WOMEN,ALL_WOMEN,909998.0,level
1995-01-01,VKO,ALL_WOMEN,ALL_WOMEN,874922.0,level
1996-01-01,VKO,ALL_WOMEN,ALL_WOMEN,851406.0,level
1997-01-01,VKO,ALL_WOMEN,ALL_WOMEN,832294.0,level
1998-01-01,VKO,ALL_WOMEN,ALL_WOMEN,813337.0,level
1999-01-01,VKO,ALL_WOMEN,ALL_WOMEN,800027.0,level
2000-01-01,VKO,ALL_WOMEN,ALL_WOMEN,792022.0,level
2001-01-01,VKO,ALL_WOMEN,ALL_WOMEN,783449.0,level
2002-01-01,VKO,ALL_WOMEN,ALL_WOMEN,775634.0,level
2003-01-01,VKO,ALL_WOMEN,ALL_WOMEN,767813.0,level
2004-01-01,VKO,ALL_WOMEN,ALL_WOMEN,762922.0,level
2005-01-01,VKO,ALL_WOMEN,ALL_WOMEN,756413.0,level
2006-01-01,VKO,ALL_WOMEN,ALL_WOMEN,751226.0,level
2007-01-01,VKO,ALL_WOMEN,ALL_WOMEN,748593.0,level
2008-01-01,VKO,ALL_WOMEN,ALL_WOMEN,745427.0,level
2009-01-01,VKO,ALL_WOMEN,ALL_WOMEN,393288.0,level
2010-01-01,VKO,ALL_WOMEN,ALL_WOMEN,393337.0,level
2011-01-01,VKO,ALL_WOMEN,ALL_WOMEN,393022.0,level
2012-01-01,VKO,ALL_WOMEN,ALL_WOMEN,391594.0,level
2013-01-01,VKO,ALL_WOMEN,ALL_WOMEN,390871.0,level
2014-01-01,VKO,ALL_WOMEN,ALL_WOMEN,391120.0,level
2015-01-01,VKO,ALL_WOMEN,ALL_WOMEN,390977.0,level
2016-01-01,VKO,ALL_WOMEN,ALL_WOMEN,390785.0,level
2017-01-01,VKO,ALL_WOMEN,ALL_WOMEN,389479.0,level
2018-01-01,VKO,ALL_WOMEN,ALL_WOMEN,388251.0,level
2019-01-01,VKO,ALL_WOMEN,ALL_WOMEN,386283.0,level
2020-01-01,VKO,ALL_WOMEN,ALL_WOMEN,383602.0,level
2021-01-01,VKO,ALL_WOMEN,ALL_WOMEN,382141.0,level
2022-01-01,VKO,ALL_WOMEN,ALL_WOMEN,382466.0,level
2023-01-01,VKO,ALL_WOMEN,ALL_WOMEN,380710.0,level
2024-01-01,VKO,ALL_WOMEN,ALL_WOMEN,378776.0,level
2025-01-01,VKO,ALL_WOMEN,ALL_WOMEN,376990.0,level
2026-01-01,VKO,ALL_WOMEN,ALL_WOMEN,374153.0,level
1991-01-01,YKO,ALL_WOMEN,ALL_WOMEN,953012.0,level
1992-01-01,YKO,ALL_WOMEN,ALL_WOMEN,964926.0,level
1993-01-01,YKO,ALL_WOMEN,ALL_WOMEN,975762.0,level
1994-01-01,YKO,ALL_WOMEN,ALL_WOMEN,984680.0,level
1995-01-01,YKO,ALL_WOMEN,ALL_WOMEN,987504.0,level
1996-01-01,YKO,ALL_WOMEN,ALL_WOMEN,992831.0,level
1997-01-01,YKO,ALL_WOMEN,ALL_WOMEN,999772.0,level
1998-01-01,YKO,ALL_WOMEN,ALL_WOMEN,997095.0,level
1999-01-01,YKO,ALL_WOMEN,ALL_WOMEN,1001693.0,level
2000-01-01,YKO,ALL_WOMEN,ALL_WOMEN,1016252.0,level
2001-01-01,YKO,ALL_WOMEN,ALL_WOMEN,1038994.0,level
2002-01-01,YKO,ALL_WOMEN,ALL_WOMEN,1053085.0,level
2003-01-01,YKO,ALL_WOMEN,ALL_WOMEN,1069760.0,level
2004-01-01,YKO,ALL_WOMEN,ALL_WOMEN,1089341.0,level
2005-01-01,YKO,ALL_WOMEN,ALL_WOMEN,1111437.0,level
2006-01-01,YKO,ALL_WOMEN,ALL_WOMEN,1131916.0,level
2007-01-01,YKO,ALL_WOMEN,ALL_WOMEN,1157065.0,level
2008-01-01,YKO,ALL_WOMEN,ALL_WOMEN,1181381.0,level
1991-01-01,ZHM,ALL_WOMEN,ALL_WOMEN,539830.0,level
1992-01-01,ZHM,ALL_WOMEN,ALL_WOMEN,540108.0,level
1993-01-01,ZHM,ALL_WOMEN,ALL_WOMEN,538906.0,level
1994-01-01,ZHM,ALL_WOMEN,ALL_WOMEN,536472.0,level
1995-01-01,ZHM,ALL_WOMEN,ALL_WOMEN,527513.0,level
1996-01-01,ZHM,ALL_WOMEN,ALL_WOMEN,522547.0,level
1997-01-01,ZHM,ALL_WOMEN,ALL_WOMEN,521656.0,level
1998-01-01,ZHM,ALL_WOMEN,ALL_WOMEN,517861.0,level
1999-01-01,ZHM,ALL_WOMEN,ALL_WOMEN,507830.0,level
2000-01-01,ZHM,ALL_WOMEN,ALL_WOMEN,506602.0,level
2001-01-01,ZHM,ALL_WOMEN,ALL_WOMEN,504762.0,level
2002-01-01,ZHM,ALL_WOMEN,ALL_WOMEN,503516.0,level
2003-01-01,ZHM,ALL_WOMEN,ALL_WOMEN,504054.0,level
2004-01-01,ZHM,ALL_WOMEN,ALL_WOMEN,507133.0,level
2005-01-01,ZHM,ALL_WOMEN,ALL_WOMEN,510644.0,level
2006-01-01,ZHM,ALL_WOMEN,ALL_WOMEN,515248.0,level
2007-01-01,ZHM,ALL_WOMEN,ALL_WOMEN,519896.0,level
2008-01-01,ZHM,ALL_WOMEN,ALL_WOMEN,524874.0,level
2009-01-01,ZHM,ALL_WOMEN,ALL_WOMEN,523601.0,level
2010-01-01,ZHM,ALL_WOMEN,ALL_WOMEN,530046.0,level
2011-01-01,ZHM,ALL_WOMEN,ALL_WOMEN,535367.0,level
2012-01-01,ZHM,ALL_WOMEN,ALL_WOMEN,538877.0,level
2013-01-01,ZHM,ALL_WOMEN,ALL_WOMEN,545628.0,level
2014-01-01,ZHM,ALL_WOMEN,ALL_WOMEN,552458.0,level
2015-01-01,ZHM,ALL_WOMEN,ALL_WOMEN,559047.0,level
2016-01-01,ZHM,ALL_WOMEN,ALL_WOMEN,564748.0,level
2017-01-01,ZHM,ALL_WOMEN,ALL_WOMEN,566593.0,level
2018-01-01,ZHM,ALL_WOMEN,ALL_WOMEN,566924.0,level
2019-01-01,ZHM,ALL_WOMEN,ALL_WOMEN,570519.0,level
2020-01-01,ZHM,ALL_WOMEN,ALL_WOMEN,572249.0,level
2021-01-01,ZHM,ALL_WOMEN,ALL_WOMEN,575871.0,level
2022-01-01,ZHM,ALL_WOMEN,ALL_WOMEN,610562.0,level
2023-01-01,ZHM,ALL_WOMEN,ALL_WOMEN,613798.0,level
2024-01-01,ZHM,ALL_WOMEN,ALL_WOMEN,615422.0,level
2025-01-01,ZHM,ALL_WOMEN,ALL_WOMEN,614852.0,level
2026-01-01,ZHM,ALL_WOMEN,ALL_WOMEN,610821.0,level
2009-01-01,ZHT,ALL_WOMEN,ALL_WOMEN,317226.0,level
2010-01-01,ZHT,ALL_WOMEN,ALL_WOMEN,319873.0,level
2011-01-01,ZHT,ALL_WOMEN,ALL_WOMEN,323018.0,level
2012-01-01,ZHT,ALL_WOMEN,ALL_WOMEN,324675.0,level
2013-01-01,ZHT,ALL_WOMEN,ALL_WOMEN,327745.0,level
2014-01-01,ZHT,ALL_WOMEN,ALL_WOMEN,330870.0,level
2015-01-01,ZHT,ALL_WOMEN,ALL_WOMEN,334172.0,level
2016-01-01,ZHT,ALL_WOMEN,ALL_WOMEN,335778.0,level
2017-01-01,ZHT,ALL_WOMEN,ALL_WOMEN,336367.0,level
2018-01-01,ZHT,ALL_WOMEN,ALL_WOMEN,336073.0,level
2019-01-01,ZHT,ALL_WOMEN,ALL_WOMEN,335692.0,level
2020-01-01,ZHT,ALL_WOMEN,ALL_WOMEN,334766.0,level
2021-01-01,ZHT,ALL_WOMEN,ALL_WOMEN,335452.0,level
2022-01-01,ZHT,ALL_WOMEN,ALL_WOMEN,353420.0,level
2023-01-01,ZHT,ALL_WOMEN,ALL_WOMEN,353343.0,level
2024-01-01,ZHT,ALL_WOMEN,ALL_WOMEN,352934.0,level
2025-01-01,ZHT,ALL_WOMEN,ALL_WOMEN,350823.0,level
2026-01-01,ZHT,ALL_WOMEN,ALL_WOMEN,347033.0,level
1991-01-01,ZKO,ALL_WOMEN,ALL_WOMEN,332262.0,level
1992-01-01,ZKO,ALL_WOMEN,ALL_WOMEN,336245.0,level
1993-01-01,ZKO,ALL_WOMEN,ALL_WOMEN,339761.0,level
1994-01-01,ZKO,ALL_WOMEN,ALL_WOMEN,341274.0,level
1995-01-01,ZKO,ALL_WOMEN,ALL_WOMEN,337001.0,level
1996-01-01,ZKO,ALL_WOMEN,ALL_WOMEN,334072.0,level
1997-01-01,ZKO,ALL_WOMEN,ALL_WOMEN,330693.0,level
1998-01-01,ZKO,ALL_WOMEN,ALL_WOMEN,325103.0,level
1999-01-01,ZKO,ALL_WOMEN,ALL_WOMEN,319201.0,level
2000-01-01,ZKO,ALL_WOMEN,ALL_WOMEN,315079.0,level
2001-01-01,ZKO,ALL_WOMEN,ALL_WOMEN,311165.0,level
2002-01-01,ZKO,ALL_WOMEN,ALL_WOMEN,310341.0,level
2003-01-01,ZKO,ALL_WOMEN,ALL_WOMEN,310946.0,level
2004-01-01,ZKO,ALL_WOMEN,ALL_WOMEN,312028.0,level
2005-01-01,ZKO,ALL_WOMEN,ALL_WOMEN,313648.0,level
2006-01-01,ZKO,ALL_WOMEN,ALL_WOMEN,315193.0,level
2007-01-01,ZKO,ALL_WOMEN,ALL_WOMEN,316890.0,level
2008-01-01,ZKO,ALL_WOMEN,ALL_WOMEN,318515.0,level
2009-01-01,ZKO,ALL_WOMEN,ALL_WOMEN,309805.0,level
2010-01-01,ZKO,ALL_WOMEN,ALL_WOMEN,312642.0,level
2011-01-01,ZKO,ALL_WOMEN,ALL_WOMEN,314753.0,level
2012-01-01,ZKO,ALL_WOMEN,ALL_WOMEN,316900.0,level
2013-01-01,ZKO,ALL_WOMEN,ALL_WOMEN,319474.0,level
2014-01-01,ZKO,ALL_WOMEN,ALL_WOMEN,322653.0,level
2015-01-01,ZKO,ALL_WOMEN,ALL_WOMEN,325536.0,level
2016-01-01,ZKO,ALL_WOMEN,ALL_WOMEN,329134.0,level
2017-01-01,ZKO,ALL_WOMEN,ALL_WOMEN,331140.0,level
2018-01-01,ZKO,ALL_WOMEN,ALL_WOMEN,333560.0,level
2019-01-01,ZKO,ALL_WOMEN,ALL_WOMEN,335989.0,level
2020-01-01,ZKO,ALL_WOMEN,ALL_WOMEN,337943.0,level
2021-01-01,ZKO,ALL_WOMEN,ALL_WOMEN,339918.0,level
2022-01-01,ZKO,ALL_WOMEN,ALL_WOMEN,349717.0,level
2023-01-01,ZKO,ALL_WOMEN,ALL_WOMEN,351764.0,level
2024-01-01,ZKO,ALL_WOMEN,ALL_WOMEN,354138.0,level
2025-01-01,ZKO,ALL_WOMEN,ALL_WOMEN,355313.0,level
2026-01-01,ZKO,ALL_WOMEN,ALL_WOMEN,354976.0,level
1991-01-01,national,ALL_WOMEN,ALL_WOMEN,8446015.0,level
1992-01-01,national,ALL_WOMEN,ALL_WOMEN,8498806.0,level
1993-01-01,national,ALL_WOMEN,ALL_WOMEN,8489486.0,level
1994-01-01,national,ALL_WOMEN,ALL_WOMEN,8443530.0,level
1995-01-01,national,ALL_WOMEN,ALL_WOMEN,8250749.0,level
1996-01-01,national,ALL_WOMEN,ALL_WOMEN,8109986.0,level
1997-01-01,national,ALL_WOMEN,ALL_WOMEN,8013753.0,level
1998-01-01,national,ALL_WOMEN,ALL_WOMEN,7867484.0,level
1999-01-01,national,ALL_WOMEN,ALL_WOMEN,7752152.0,level
2000-01-01,national,ALL_WOMEN,ALL_WOMEN,7724118.0,level
2001-01-01,national,ALL_WOMEN,ALL_WOMEN,7705907.0,level
2002-01-01,national,ALL_WOMEN,ALL_WOMEN,7697599.0,level
2003-01-01,national,ALL_WOMEN,ALL_WOMEN,7706664.0,level
2004-01-01,national,ALL_WOMEN,ALL_WOMEN,7752206.0,level
2005-01-01,national,ALL_WOMEN,ALL_WOMEN,7817843.0,level
2006-01-01,national,ALL_WOMEN,ALL_WOMEN,7894511.0,level
2007-01-01,national,ALL_WOMEN,ALL_WOMEN,7987594.0,level
2008-01-01,national,ALL_WOMEN,ALL_WOMEN,8079952.0,level
2009-01-01,national,ALL_WOMEN,ALL_WOMEN,8283483.0,level
2010-01-01,national,ALL_WOMEN,ALL_WOMEN,8395287.0,level
2011-01-01,national,ALL_WOMEN,ALL_WOMEN,8515465.0,level
2012-01-01,national,ALL_WOMEN,ALL_WOMEN,8632125.0,level
2013-01-01,national,ALL_WOMEN,ALL_WOMEN,8751292.0,level
2014-01-01,national,ALL_WOMEN,ALL_WOMEN,8876168.0,level
2015-01-01,national,ALL_WOMEN,ALL_WOMEN,9002510.0,level
2016-01-01,national,ALL_WOMEN,ALL_WOMEN,9127910.0,level
2017-01-01,national,ALL_WOMEN,ALL_WOMEN,9249454.0,level
2018-01-01,national,ALL_WOMEN,ALL_WOMEN,9365811.0,level
2019-01-01,national,ALL_WOMEN,ALL_WOMEN,9482203.0,level
2020-01-01,national,ALL_WOMEN,ALL_WOMEN,9597438.0,level
2021-01-01,national,ALL_WOMEN,ALL_WOMEN,9719010.0,level
2022-01-01,national,ALL_WOMEN,ALL_WOMEN,9989375.0,level
2023-01-01,national,ALL_WOMEN,ALL_WOMEN,10119106.0,level
2024-01-01,national,ALL_WOMEN,ALL_WOMEN,10250028.0,level
2025-01-01,national,ALL_WOMEN,ALL_WOMEN,10372562.0,level
2026-01-01,national,ALL_WOMEN,ALL_WOMEN,10479139.0,level
2009-01-01,ABY,RURAL,RURAL,294949.0,level
2010-01-01,ABY,RURAL,RURAL,293174.0,level
2011-01-01,ABY,RURAL,RURAL,291212.0,level
2012-01-01,ABY,RURAL,RURAL,288133.0,level
2013-01-01,ABY,RURAL,RURAL,284601.0,level
2014-01-01,ABY,RURAL,RURAL,281919.0,level
2015-01-01,ABY,RURAL,RURAL,280568.0,level
2016-01-01,ABY,RURAL,RURAL,276278.0,level
2017-01-01,ABY,RURAL,RURAL,271184.0,level
2018-01-01,ABY,RURAL,RURAL,264638.0,level
2019-01-01,ABY,RURAL,RURAL,261232.0,level
2020-01-01,ABY,RURAL,RURAL,257062.0,level
2021-01-01,ABY,RURAL,RURAL,253641.0,level
2022-01-01,ABY,RURAL,RURAL,243324.0,level
2023-01-01,ABY,RURAL,RURAL,239452.0,level
2024-01-01,ABY,RURAL,RURAL,235033.0,level
2025-01-01,ABY,RURAL,RURAL,228603.0,level
2026-01-01,ABY,RURAL,RURAL,221220.0,level
1991-01-01,AKM,RURAL,RURAL,561654.0,level
1992-01-01,AKM,RURAL,RURAL,560503.0,level
1993-01-01,AKM,RURAL,RURAL,565729.0,level
1994-01-01,AKM,RURAL,RURAL,565856.0,level
1995-01-01,AKM,RURAL,RURAL,551930.0,level
1996-01-01,AKM,RURAL,RURAL,529931.0,level
1997-01-01,AKM,RURAL,RURAL,510592.0,level
1998-01-01,AKM,RURAL,RURAL,482265.0,level
1999-01-01,AKM,RURAL,RURAL,448553.0,level
2000-01-01,AKM,RURAL,RURAL,431495.0,level
2001-01-01,AKM,RURAL,RURAL,418518.0,level
2002-01-01,AKM,RURAL,RURAL,407045.0,level
2003-01-01,AKM,RURAL,RURAL,401861.0,level
2004-01-01,AKM,RURAL,RURAL,399777.0,level
2005-01-01,AKM,RURAL,RURAL,394981.0,level
2006-01-01,AKM,RURAL,RURAL,392072.0,level
2007-01-01,AKM,RURAL,RURAL,390289.0,level
2008-01-01,AKM,RURAL,RURAL,413888.0,level
2009-01-01,AKM,RURAL,RURAL,390724.0,level
2010-01-01,AKM,RURAL,RURAL,386854.0,level
2011-01-01,AKM,RURAL,RURAL,384772.0,level
2012-01-01,AKM,RURAL,RURAL,383342.0,level
2013-01-01,AKM,RURAL,RURAL,381899.0,level
2014-01-01,AKM,RURAL,RURAL,381463.0,level
2015-01-01,AKM,RURAL,RURAL,380314.0,level
2016-01-01,AKM,RURAL,RURAL,382789.0,level
2017-01-01,AKM,RURAL,RURAL,375089.0,level
2018-01-01,AKM,RURAL,RURAL,377043.0,level
2019-01-01,AKM,RURAL,RURAL,376455.0,level
2020-01-01,AKM,RURAL,RURAL,372608.0,level
2021-01-01,AKM,RURAL,RURAL,368574.0,level
2022-01-01,AKM,RURAL,RURAL,347501.0,level
2023-01-01,AKM,RURAL,RURAL,346016.0,level
2024-01-01,AKM,RURAL,RURAL,342266.0,level
2025-01-01,AKM,RURAL,RURAL,336992.0,level
2026-01-01,AKM,RURAL,RURAL,332830.0,level
1991-01-01,AKT,RURAL,RURAL,330088.0,level
1992-01-01,AKT,RURAL,RURAL,329989.0,level
1993-01-01,AKT,RURAL,RURAL,330582.0,level
1994-01-01,AKT,RURAL,RURAL,330655.0,level
1995-01-01,AKT,RURAL,RURAL,325070.0,level
1996-01-01,AKT,RURAL,RURAL,317933.0,level
1997-01-01,AKT,RURAL,RURAL,312784.0,level
1998-01-01,AKT,RURAL,RURAL,305406.0,level
1999-01-01,AKT,RURAL,RURAL,304803.0,level
2000-01-01,AKT,RURAL,RURAL,304490.0,level
2001-01-01,AKT,RURAL,RURAL,302109.0,level
2002-01-01,AKT,RURAL,RURAL,304810.0,level
2003-01-01,AKT,RURAL,RURAL,303102.0,level
2004-01-01,AKT,RURAL,RURAL,302603.0,level
2005-01-01,AKT,RURAL,RURAL,303832.0,level
2006-01-01,AKT,RURAL,RURAL,306271.0,level
2007-01-01,AKT,RURAL,RURAL,308744.0,level
2008-01-01,AKT,RURAL,RURAL,324465.0,level
2009-01-01,AKT,RURAL,RURAL,250284.0,level
2010-01-01,AKT,RURAL,RURAL,251263.0,level
2011-01-01,AKT,RURAL,RURAL,251338.0,level
2012-01-01,AKT,RURAL,RURAL,252584.0,level
2013-01-01,AKT,RURAL,RURAL,255590.0,level
2014-01-01,AKT,RURAL,RURAL,259434.0,level
2015-01-01,AKT,RURAL,RURAL,259999.0,level
2016-01-01,AKT,RURAL,RURAL,260562.0,level
2017-01-01,AKT,RURAL,RURAL,259277.0,level
2018-01-01,AKT,RURAL,RURAL,255126.0,level
2019-01-01,AKT,RURAL,RURAL,254738.0,level
2020-01-01,AKT,RURAL,RURAL,253230.0,level
2021-01-01,AKT,RURAL,RURAL,252975.0,level
2022-01-01,AKT,RURAL,RURAL,235615.0,level
2023-01-01,AKT,RURAL,RURAL,235692.0,level
2024-01-01,AKT,RURAL,RURAL,235735.0,level
2025-01-01,AKT,RURAL,RURAL,231902.0,level
2026-01-01,AKT,RURAL,RURAL,226601.0,level
1991-01-01,ALM,RURAL,RURAL,1105849.0,level
1992-01-01,ALM,RURAL,RURAL,1115498.0,level
1993-01-01,ALM,RURAL,RURAL,1111623.0,level
1994-01-01,ALM,RURAL,RURAL,1109910.0,level
1995-01-01,ALM,RURAL,RURAL,1107944.0,level
1996-01-01,ALM,RURAL,RURAL,1102424.0,level
1997-01-01,ALM,RURAL,RURAL,1098581.0,level
1998-01-01,ALM,RURAL,RURAL,1094063.0,level
1999-01-01,ALM,RURAL,RURAL,1091854.0,level
2000-01-01,ALM,RURAL,RURAL,1094415.0,level
2001-01-01,ALM,RURAL,RURAL,1095976.0,level
2002-01-01,ALM,RURAL,RURAL,1098132.0,level
2003-01-01,ALM,RURAL,RURAL,1101126.0,level
2004-01-01,ALM,RURAL,RURAL,1106468.0,level
2005-01-01,ALM,RURAL,RURAL,1115773.0,level
2006-01-01,ALM,RURAL,RURAL,1123825.0,level
2007-01-01,ALM,RURAL,RURAL,1132494.0,level
2008-01-01,ALM,RURAL,RURAL,1260291.0,level
2009-01-01,ALM,RURAL,RURAL,922956.0,level
2010-01-01,ALM,RURAL,RURAL,943531.0,level
2011-01-01,ALM,RURAL,RURAL,967416.0,level
2012-01-01,ALM,RURAL,RURAL,992931.0,level
2013-01-01,ALM,RURAL,RURAL,1017826.0,level
2014-01-01,ALM,RURAL,RURAL,1043479.0,level
2015-01-01,ALM,RURAL,RURAL,1064134.0,level
2016-01-01,ALM,RURAL,RURAL,1083963.0,level
2017-01-01,ALM,RURAL,RURAL,1115676.0,level
2018-01-01,ALM,RURAL,RURAL,1157960.0,level
2019-01-01,ALM,RURAL,RURAL,1184798.0,level
2020-01-01,ALM,RURAL,RURAL,1209713.0,level
2021-01-01,ALM,RURAL,RURAL,1229037.0,level
2022-01-01,ALM,RURAL,RURAL,1187329.0,level
2023-01-01,ALM,RURAL,RURAL,1210685.0,level
2024-01-01,ALM,RURAL,RURAL,1231296.0,level
2025-01-01,ALM,RURAL,RURAL,1257238.0,level
2026-01-01,ALM,RURAL,RURAL,1287691.0,level
1991-01-01,ATY,RURAL,RURAL,171088.0,level
1992-01-01,ATY,RURAL,RURAL,172317.0,level
1993-01-01,ATY,RURAL,RURAL,174688.0,level
1994-01-01,ATY,RURAL,RURAL,181443.0,level
1995-01-01,ATY,RURAL,RURAL,181857.0,level
1996-01-01,ATY,RURAL,RURAL,182061.0,level
1997-01-01,ATY,RURAL,RURAL,182408.0,level
1998-01-01,ATY,RURAL,RURAL,182989.0,level
1999-01-01,ATY,RURAL,RURAL,183690.0,level
2000-01-01,ATY,RURAL,RURAL,185352.0,level
2001-01-01,ATY,RURAL,RURAL,185355.0,level
2002-01-01,ATY,RURAL,RURAL,186564.0,level
2003-01-01,ATY,RURAL,RURAL,188362.0,level
2004-01-01,ATY,RURAL,RURAL,196117.0,level
2005-01-01,ATY,RURAL,RURAL,201764.0,level
2006-01-01,ATY,RURAL,RURAL,203316.0,level
2007-01-01,ATY,RURAL,RURAL,206073.0,level
2008-01-01,ATY,RURAL,RURAL,254973.0,level
2009-01-01,ATY,RURAL,RURAL,244610.0,level
2010-01-01,ATY,RURAL,RURAL,247549.0,level
2011-01-01,ATY,RURAL,RURAL,250767.0,level
2012-01-01,ATY,RURAL,RURAL,254390.0,level
2013-01-01,ATY,RURAL,RURAL,258423.0,level
2014-01-01,ATY,RURAL,RURAL,262572.0,level
2015-01-01,ATY,RURAL,RURAL,265953.0,level
2016-01-01,ATY,RURAL,RURAL,268644.0,level
2017-01-01,ATY,RURAL,RURAL,271276.0,level
2018-01-01,ATY,RURAL,RURAL,275976.0,level
2019-01-01,ATY,RURAL,RURAL,282985.0,level
2020-01-01,ATY,RURAL,RURAL,289946.0,level
2021-01-01,ATY,RURAL,RURAL,296228.0,level
2022-01-01,ATY,RURAL,RURAL,305185.0,level
2023-01-01,ATY,RURAL,RURAL,310620.0,level
2024-01-01,ATY,RURAL,RURAL,314202.0,level
2025-01-01,ATY,RURAL,RURAL,319849.0,level
2026-01-01,ATY,RURAL,RURAL,323076.0,level
1991-01-01,KRG,RURAL,RURAL,305573.0,level
1992-01-01,KRG,RURAL,RURAL,298169.0,level
1993-01-01,KRG,RURAL,RURAL,294332.0,level
1994-01-01,KRG,RURAL,RURAL,291582.0,level
1995-01-01,KRG,RURAL,RURAL,282009.0,level
1996-01-01,KRG,RURAL,RURAL,273610.0,level
1997-01-01,KRG,RURAL,RURAL,268206.0,level
1998-01-01,KRG,RURAL,RURAL,261300.0,level
1999-01-01,KRG,RURAL,RURAL,252514.0,level
2000-01-01,KRG,RURAL,RURAL,247076.0,level
2001-01-01,KRG,RURAL,RURAL,240393.0,level
2002-01-01,KRG,RURAL,RURAL,233236.0,level
2003-01-01,KRG,RURAL,RURAL,227308.0,level
2004-01-01,KRG,RURAL,RURAL,221901.0,level
2005-01-01,KRG,RURAL,RURAL,215246.0,level
2006-01-01,KRG,RURAL,RURAL,209314.0,level
2007-01-01,KRG,RURAL,RURAL,205746.0,level
2008-01-01,KRG,RURAL,RURAL,299861.0,level
2009-01-01,KRG,RURAL,RURAL,251478.0,level
2010-01-01,KRG,RURAL,RURAL,248452.0,level
2011-01-01,KRG,RURAL,RURAL,246017.0,level
2012-01-01,KRG,RURAL,RURAL,243802.0,level
2013-01-01,KRG,RURAL,RURAL,242657.0,level
2014-01-01,KRG,RURAL,RURAL,240052.0,level
2015-01-01,KRG,RURAL,RURAL,237664.0,level
2016-01-01,KRG,RURAL,RURAL,235648.0,level
2017-01-01,KRG,RURAL,RURAL,232105.0,level
2018-01-01,KRG,RURAL,RURAL,229181.0,level
2019-01-01,KRG,RURAL,RURAL,228322.0,level
2020-01-01,KRG,RURAL,RURAL,226048.0,level
2021-01-01,KRG,RURAL,RURAL,223518.0,level
2022-01-01,KRG,RURAL,RURAL,214667.0,level
2023-01-01,KRG,RURAL,RURAL,212201.0,level
2024-01-01,KRG,RURAL,RURAL,208867.0,level
2025-01-01,KRG,RURAL,RURAL,204224.0,level
2026-01-01,KRG,RURAL,RURAL,197967.0,level
1991-01-01,KST,RURAL,RURAL,595239.0,level
1992-01-01,KST,RURAL,RURAL,603001.0,level
1993-01-01,KST,RURAL,RURAL,599857.0,level
1994-01-01,KST,RURAL,RURAL,603146.0,level
1995-01-01,KST,RURAL,RURAL,585611.0,level
1996-01-01,KST,RURAL,RURAL,557581.0,level
1997-01-01,KST,RURAL,RURAL,539559.0,level
1998-01-01,KST,RURAL,RURAL,498033.0,level
1999-01-01,KST,RURAL,RURAL,469444.0,level
2000-01-01,KST,RURAL,RURAL,456647.0,level
2001-01-01,KST,RURAL,RURAL,445873.0,level
2002-01-01,KST,RURAL,RURAL,434885.0,level
2003-01-01,KST,RURAL,RURAL,424288.0,level
2004-01-01,KST,RURAL,RURAL,418129.0,level
2005-01-01,KST,RURAL,RURAL,408766.0,level
2006-01-01,KST,RURAL,RURAL,422851.0,level
2007-01-01,KST,RURAL,RURAL,416792.0,level
2008-01-01,KST,RURAL,RURAL,462786.0,level
2009-01-01,KST,RURAL,RURAL,423076.0,level
2010-01-01,KST,RURAL,RURAL,418212.0,level
2011-01-01,KST,RURAL,RURAL,414112.0,level
2012-01-01,KST,RURAL,RURAL,408744.0,level
2013-01-01,KST,RURAL,RURAL,404556.0,level
2014-01-01,KST,RURAL,RURAL,401049.0,level
2015-01-01,KST,RURAL,RURAL,395755.0,level
2016-01-01,KST,RURAL,RURAL,391115.0,level
2017-01-01,KST,RURAL,RURAL,384943.0,level
2018-01-01,KST,RURAL,RURAL,377346.0,level
2019-01-01,KST,RURAL,RURAL,371653.0,level
2020-01-01,KST,RURAL,RURAL,364224.0,level
2021-01-01,KST,RURAL,RURAL,358792.0,level
2022-01-01,KST,RURAL,RURAL,322458.0,level
2023-01-01,KST,RURAL,RURAL,316977.0,level
2024-01-01,KST,RURAL,RURAL,312286.0,level
2025-01-01,KST,RURAL,RURAL,304551.0,level
2026-01-01,KST,RURAL,RURAL,297102.0,level
1991-01-01,KZL,RURAL,RURAL,232333.0,level
1992-01-01,KZL,RURAL,RURAL,232735.0,level
1993-01-01,KZL,RURAL,RURAL,234202.0,level
1994-01-01,KZL,RURAL,RURAL,235103.0,level
1995-01-01,KZL,RURAL,RURAL,229534.0,level
1996-01-01,KZL,RURAL,RURAL,230864.0,level
1997-01-01,KZL,RURAL,RURAL,231801.0,level
1998-01-01,KZL,RURAL,RURAL,233077.0,level
1999-01-01,KZL,RURAL,RURAL,234801.0,level
2000-01-01,KZL,RURAL,RURAL,236988.0,level
2001-01-01,KZL,RURAL,RURAL,239436.0,level
2002-01-01,KZL,RURAL,RURAL,241530.0,level
2003-01-01,KZL,RURAL,RURAL,243277.0,level
2004-01-01,KZL,RURAL,RURAL,245168.0,level
2005-01-01,KZL,RURAL,RURAL,247800.0,level
2006-01-01,KZL,RURAL,RURAL,250131.0,level
2007-01-01,KZL,RURAL,RURAL,252973.0,level
2008-01-01,KZL,RURAL,RURAL,408943.0,level
2009-01-01,KZL,RURAL,RURAL,393506.0,level
2010-01-01,KZL,RURAL,RURAL,398264.0,level
2011-01-01,KZL,RURAL,RURAL,404502.0,level
2012-01-01,KZL,RURAL,RURAL,410544.0,level
2013-01-01,KZL,RURAL,RURAL,416478.0,level
2014-01-01,KZL,RURAL,RURAL,422725.0,level
2015-01-01,KZL,RURAL,RURAL,427727.0,level
2016-01-01,KZL,RURAL,RURAL,431077.0,level
2017-01-01,KZL,RURAL,RURAL,432000.0,level
2018-01-01,KZL,RURAL,RURAL,436650.0,level
2019-01-01,KZL,RURAL,RURAL,442015.0,level
2020-01-01,KZL,RURAL,RURAL,445130.0,level
2021-01-01,KZL,RURAL,RURAL,449369.0,level
2022-01-01,KZL,RURAL,RURAL,437687.0,level
2023-01-01,KZL,RURAL,RURAL,442459.0,level
2024-01-01,KZL,RURAL,RURAL,446768.0,level
2025-01-01,KZL,RURAL,RURAL,447768.0,level
2026-01-01,KZL,RURAL,RURAL,446921.0,level
1991-01-01,MNG,RURAL,RURAL,36239.0,level
1992-01-01,MNG,RURAL,RURAL,36861.0,level
1993-01-01,MNG,RURAL,RURAL,37970.0,level
1994-01-01,MNG,RURAL,RURAL,66885.0,level
1995-01-01,MNG,RURAL,RURAL,66729.0,level
1996-01-01,MNG,RURAL,RURAL,66316.0,level
1997-01-01,MNG,RURAL,RURAL,66204.0,level
1998-01-01,MNG,RURAL,RURAL,66343.0,level
1999-01-01,MNG,RURAL,RURAL,67744.0,level
2000-01-01,MNG,RURAL,RURAL,68312.0,level
2001-01-01,MNG,RURAL,RURAL,68321.0,level
2002-01-01,MNG,RURAL,RURAL,75907.0,level
2003-01-01,MNG,RURAL,RURAL,77938.0,level
2004-01-01,MNG,RURAL,RURAL,83907.0,level
2005-01-01,MNG,RURAL,RURAL,87126.0,level
2006-01-01,MNG,RURAL,RURAL,111418.0,level
2007-01-01,MNG,RURAL,RURAL,121403.0,level
2008-01-01,MNG,RURAL,RURAL,172669.0,level
2009-01-01,MNG,RURAL,RURAL,236854.0,level
2010-01-01,MNG,RURAL,RURAL,250257.0,level
2011-01-01,MNG,RURAL,RURAL,264799.0,level
2012-01-01,MNG,RURAL,RURAL,280326.0,level
2013-01-01,MNG,RURAL,RURAL,296459.0,level
2014-01-01,MNG,RURAL,RURAL,310762.0,level
2015-01-01,MNG,RURAL,RURAL,324558.0,level
2016-01-01,MNG,RURAL,RURAL,341022.0,level
2017-01-01,MNG,RURAL,RURAL,355105.0,level
2018-01-01,MNG,RURAL,RURAL,375172.0,level
2019-01-01,MNG,RURAL,RURAL,391251.0,level
2020-01-01,MNG,RURAL,RURAL,406252.0,level
2021-01-01,MNG,RURAL,RURAL,415969.0,level
2022-01-01,MNG,RURAL,RURAL,409801.0,level
2023-01-01,MNG,RURAL,RURAL,420148.0,level
2024-01-01,MNG,RURAL,RURAL,428606.0,level
2025-01-01,MNG,RURAL,RURAL,434485.0,level
2026-01-01,MNG,RURAL,RURAL,436044.0,level
1991-01-01,PVL,RURAL,RURAL,330598.0,level
1992-01-01,PVL,RURAL,RURAL,336309.0,level
1993-01-01,PVL,RURAL,RURAL,344520.0,level
1994-01-01,PVL,RURAL,RURAL,372616.0,level
1995-01-01,PVL,RURAL,RURAL,356343.0,level
1996-01-01,PVL,RURAL,RURAL,338801.0,level
1997-01-01,PVL,RURAL,RURAL,325400.0,level
1998-01-01,PVL,RURAL,RURAL,311286.0,level
1999-01-01,PVL,RURAL,RURAL,296242.0,level
2000-01-01,PVL,RURAL,RURAL,289712.0,level
2001-01-01,PVL,RURAL,RURAL,281614.0,level
2002-01-01,PVL,RURAL,RURAL,273078.0,level
2003-01-01,PVL,RURAL,RURAL,267994.0,level
2004-01-01,PVL,RURAL,RURAL,262018.0,level
2005-01-01,PVL,RURAL,RURAL,256009.0,level
2006-01-01,PVL,RURAL,RURAL,254156.0,level
2007-01-01,PVL,RURAL,RURAL,251376.0,level
2008-01-01,PVL,RURAL,RURAL,255901.0,level
2009-01-01,PVL,RURAL,RURAL,237705.0,level
2010-01-01,PVL,RURAL,RURAL,235044.0,level
2011-01-01,PVL,RURAL,RURAL,233756.0,level
2012-01-01,PVL,RURAL,RURAL,232083.0,level
2013-01-01,PVL,RURAL,RURAL,230269.0,level
2014-01-01,PVL,RURAL,RURAL,227332.0,level
2015-01-01,PVL,RURAL,RURAL,225217.0,level
2016-01-01,PVL,RURAL,RURAL,223426.0,level
2017-01-01,PVL,RURAL,RURAL,221699.0,level
2018-01-01,PVL,RURAL,RURAL,220754.0,level
2019-01-01,PVL,RURAL,RURAL,221237.0,level
2020-01-01,PVL,RURAL,RURAL,220817.0,level
2021-01-01,PVL,RURAL,RURAL,220197.0,level
2022-01-01,PVL,RURAL,RURAL,223312.0,level
2023-01-01,PVL,RURAL,RURAL,222058.0,level
2024-01-01,PVL,RURAL,RURAL,220722.0,level
2025-01-01,PVL,RURAL,RURAL,216736.0,level
2026-01-01,PVL,RURAL,RURAL,212537.0,level
1991-01-01,SKO,RURAL,RURAL,578749.0,level
1992-01-01,SKO,RURAL,RURAL,583025.0,level
1993-01-01,SKO,RURAL,RURAL,585717.0,level
1994-01-01,SKO,RURAL,RURAL,588569.0,level
1995-01-01,SKO,RURAL,RURAL,563994.0,level
1996-01-01,SKO,RURAL,RURAL,536862.0,level
1997-01-01,SKO,RURAL,RURAL,508349.0,level
1998-01-01,SKO,RURAL,RURAL,474992.0,level
1999-01-01,SKO,RURAL,RURAL,452226.0,level
2000-01-01,SKO,RURAL,RURAL,443363.0,level
2001-01-01,SKO,RURAL,RURAL,436440.0,level
2002-01-01,SKO,RURAL,RURAL,429655.0,level
2003-01-01,SKO,RURAL,RURAL,426865.0,level
2004-01-01,SKO,RURAL,RURAL,427674.0,level
2005-01-01,SKO,RURAL,RURAL,438496.0,level
2006-01-01,SKO,RURAL,RURAL,435379.0,level
2007-01-01,SKO,RURAL,RURAL,430816.0,level
2008-01-01,SKO,RURAL,RURAL,423691.0,level
2009-01-01,SKO,RURAL,RURAL,358278.0,level
2010-01-01,SKO,RURAL,RURAL,352949.0,level
2011-01-01,SKO,RURAL,RURAL,348747.0,level
2012-01-01,SKO,RURAL,RURAL,343496.0,level
2013-01-01,SKO,RURAL,RURAL,338624.0,level
2014-01-01,SKO,RURAL,RURAL,332821.0,level
2015-01-01,SKO,RURAL,RURAL,326824.0,level
2016-01-01,SKO,RURAL,RURAL,318877.0,level
2017-01-01,SKO,RURAL,RURAL,312209.0,level
2018-01-01,SKO,RURAL,RURAL,306002.0,level
2019-01-01,SKO,RURAL,RURAL,301006.0,level
2020-01-01,SKO,RURAL,RURAL,295083.0,level
2021-01-01,SKO,RURAL,RURAL,289699.0,level
2022-01-01,SKO,RURAL,RURAL,279968.0,level
2023-01-01,SKO,RURAL,RURAL,275169.0,level
2024-01-01,SKO,RURAL,RURAL,270749.0,level
2025-01-01,SKO,RURAL,RURAL,263947.0,level
2026-01-01,SKO,RURAL,RURAL,256038.0,level
2009-01-01,TRK,RURAL,RURAL,1362669.0,level
2010-01-01,TRK,RURAL,RURAL,1389707.0,level
2011-01-01,TRK,RURAL,RURAL,1422517.0,level
2012-01-01,TRK,RURAL,RURAL,1455254.0,level
2013-01-01,TRK,RURAL,RURAL,1485074.0,level
2014-01-01,TRK,RURAL,RURAL,1513609.0,level
2015-01-01,TRK,RURAL,RURAL,1537178.0,level
2016-01-01,TRK,RURAL,RURAL,1559583.0,level
2017-01-01,TRK,RURAL,RURAL,1573047.0,level
2018-01-01,TRK,RURAL,RURAL,1584634.0,level
2019-01-01,TRK,RURAL,RURAL,1591063.0,level
2020-01-01,TRK,RURAL,RURAL,1606944.0,level
2021-01-01,TRK,RURAL,RURAL,1623514.0,level
2022-01-01,TRK,RURAL,RURAL,1575857.0,level
2023-01-01,TRK,RURAL,RURAL,1595909.0,level
2024-01-01,TRK,RURAL,RURAL,1609998.0,level
2025-01-01,TRK,RURAL,RURAL,1612638.0,level
2026-01-01,TRK,RURAL,RURAL,1603743.0,level
2009-01-01,ULT,RURAL,RURAL,49637.0,level
2010-01-01,ULT,RURAL,RURAL,49212.0,level
2011-01-01,ULT,RURAL,RURAL,49347.0,level
2012-01-01,ULT,RURAL,RURAL,49802.0,level
2013-01-01,ULT,RURAL,RURAL,50594.0,level
2014-01-01,ULT,RURAL,RURAL,50995.0,level
2015-01-01,ULT,RURAL,RURAL,51137.0,level
2016-01-01,ULT,RURAL,RURAL,51274.0,level
2017-01-01,ULT,RURAL,RURAL,50974.0,level
2018-01-01,ULT,RURAL,RURAL,51068.0,level
2019-01-01,ULT,RURAL,RURAL,51689.0,level
2020-01-01,ULT,RURAL,RURAL,51722.0,level
2021-01-01,ULT,RURAL,RURAL,51700.0,level
2022-01-01,ULT,RURAL,RURAL,46424.0,level
2023-01-01,ULT,RURAL,RURAL,46321.0,level
2024-01-01,ULT,RURAL,RURAL,46159.0,level
2025-01-01,ULT,RURAL,RURAL,45592.0,level
2026-01-01,ULT,RURAL,RURAL,44963.0,level
1991-01-01,VKO,RURAL,RURAL,725519.0,level
1992-01-01,VKO,RURAL,RURAL,727412.0,level
1993-01-01,VKO,RURAL,RURAL,730967.0,level
1994-01-01,VKO,RURAL,RURAL,728969.0,level
1995-01-01,VKO,RURAL,RURAL,709731.0,level
1996-01-01,VKO,RURAL,RURAL,686897.0,level
1997-01-01,VKO,RURAL,RURAL,668907.0,level
1998-01-01,VKO,RURAL,RURAL,648371.0,level
1999-01-01,VKO,RURAL,RURAL,632164.0,level
2000-01-01,VKO,RURAL,RURAL,627448.0,level
2001-01-01,VKO,RURAL,RURAL,620309.0,level
2002-01-01,VKO,RURAL,RURAL,613539.0,level
2003-01-01,VKO,RURAL,RURAL,603902.0,level
2004-01-01,VKO,RURAL,RURAL,598389.0,level
2005-01-01,VKO,RURAL,RURAL,588731.0,level
2006-01-01,VKO,RURAL,RURAL,580417.0,level
2007-01-01,VKO,RURAL,RURAL,573978.0,level
2008-01-01,VKO,RURAL,RURAL,652452.0,level
2009-01-01,VKO,RURAL,RURAL,299346.0,level
2010-01-01,VKO,RURAL,RURAL,299000.0,level
2011-01-01,VKO,RURAL,RURAL,297123.0,level
2012-01-01,VKO,RURAL,RURAL,293824.0,level
2013-01-01,VKO,RURAL,RURAL,292245.0,level
2014-01-01,VKO,RURAL,RURAL,288558.0,level
2015-01-01,VKO,RURAL,RURAL,285876.0,level
2016-01-01,VKO,RURAL,RURAL,282285.0,level
2017-01-01,VKO,RURAL,RURAL,278574.0,level
2018-01-01,VKO,RURAL,RURAL,271811.0,level
2019-01-01,VKO,RURAL,RURAL,266706.0,level
2020-01-01,VKO,RURAL,RURAL,261356.0,level
2021-01-01,VKO,RURAL,RURAL,257241.0,level
2022-01-01,VKO,RURAL,RURAL,250050.0,level
2023-01-01,VKO,RURAL,RURAL,246835.0,level
2024-01-01,VKO,RURAL,RURAL,243106.0,level
2025-01-01,VKO,RURAL,RURAL,238238.0,level
2026-01-01,VKO,RURAL,RURAL,232515.0,level
1991-01-01,YKO,RURAL,RURAL,1108834.0,level
1992-01-01,YKO,RURAL,RURAL,1126023.0,level
1993-01-01,YKO,RURAL,RURAL,1146238.0,level
1994-01-01,YKO,RURAL,RURAL,1167577.0,level
1995-01-01,YKO,RURAL,RURAL,1182904.0,level
1996-01-01,YKO,RURAL,RURAL,1201862.0,level
1997-01-01,YKO,RURAL,RURAL,1219150.0,level
1998-01-01,YKO,RURAL,RURAL,1226578.0,level
1999-01-01,YKO,RURAL,RURAL,1204504.0,level
2000-01-01,YKO,RURAL,RURAL,1218809.0,level
2001-01-01,YKO,RURAL,RURAL,1222746.0,level
2002-01-01,YKO,RURAL,RURAL,1232817.0,level
2003-01-01,YKO,RURAL,RURAL,1257093.0,level
2004-01-01,YKO,RURAL,RURAL,1283571.0,level
2005-01-01,YKO,RURAL,RURAL,1312893.0,level
2006-01-01,YKO,RURAL,RURAL,1341742.0,level
2007-01-01,YKO,RURAL,RURAL,1373650.0,level
2008-01-01,YKO,RURAL,RURAL,1441449.0,level
1991-01-01,ZHM,RURAL,RURAL,539997.0,level
1992-01-01,ZHM,RURAL,RURAL,537509.0,level
1993-01-01,ZHM,RURAL,RURAL,535045.0,level
1994-01-01,ZHM,RURAL,RURAL,536961.0,level
1995-01-01,ZHM,RURAL,RURAL,538771.0,level
1996-01-01,ZHM,RURAL,RURAL,534211.0,level
1997-01-01,ZHM,RURAL,RURAL,533310.0,level
1998-01-01,ZHM,RURAL,RURAL,531815.0,level
1999-01-01,ZHM,RURAL,RURAL,536584.0,level
2000-01-01,ZHM,RURAL,RURAL,538078.0,level
2001-01-01,ZHM,RURAL,RURAL,538977.0,level
2002-01-01,ZHM,RURAL,RURAL,539726.0,level
2003-01-01,ZHM,RURAL,RURAL,540320.0,level
2004-01-01,ZHM,RURAL,RURAL,542954.0,level
2005-01-01,ZHM,RURAL,RURAL,544683.0,level
2006-01-01,ZHM,RURAL,RURAL,549871.0,level
2007-01-01,ZHM,RURAL,RURAL,555248.0,level
2008-01-01,ZHM,RURAL,RURAL,591778.0,level
2009-01-01,ZHM,RURAL,RURAL,604615.0,level
2010-01-01,ZHM,RURAL,RURAL,613068.0,level
2011-01-01,ZHM,RURAL,RURAL,622348.0,level
2012-01-01,ZHM,RURAL,RURAL,632460.0,level
2013-01-01,ZHM,RURAL,RURAL,640758.0,level
2014-01-01,ZHM,RURAL,RURAL,646733.0,level
2015-01-01,ZHM,RURAL,RURAL,654585.0,level
2016-01-01,ZHM,RURAL,RURAL,660009.0,level
2017-01-01,ZHM,RURAL,RURAL,665400.0,level
2018-01-01,ZHM,RURAL,RURAL,672109.0,level
2019-01-01,ZHM,RURAL,RURAL,677230.0,level
2020-01-01,ZHM,RURAL,RURAL,680785.0,level
2021-01-01,ZHM,RURAL,RURAL,683964.0,level
2022-01-01,ZHM,RURAL,RURAL,641333.0,level
2023-01-01,ZHM,RURAL,RURAL,644203.0,level
2024-01-01,ZHM,RURAL,RURAL,644380.0,level
2025-01-01,ZHM,RURAL,RURAL,639369.0,level
2026-01-01,ZHM,RURAL,RURAL,629541.0,level
2009-01-01,ZHT,RURAL,RURAL,373619.0,level
2010-01-01,ZHT,RURAL,RURAL,376203.0,level
2011-01-01,ZHT,RURAL,RURAL,379714.0,level
2012-01-01,ZHT,RURAL,RURAL,381428.0,level
2013-01-01,ZHT,RURAL,RURAL,383677.0,level
2014-01-01,ZHT,RURAL,RURAL,386387.0,level
2015-01-01,ZHT,RURAL,RURAL,388951.0,level
2016-01-01,ZHT,RURAL,RURAL,389484.0,level
2017-01-01,ZHT,RURAL,RURAL,389977.0,level
2018-01-01,ZHT,RURAL,RURAL,391831.0,level
2019-01-01,ZHT,RURAL,RURAL,393747.0,level
2020-01-01,ZHT,RURAL,RURAL,391499.0,level
2021-01-01,ZHT,RURAL,RURAL,390914.0,level
2022-01-01,ZHT,RURAL,RURAL,384808.0,level
2023-01-01,ZHT,RURAL,RURAL,383307.0,level
2024-01-01,ZHT,RURAL,RURAL,381945.0,level
2025-01-01,ZHT,RURAL,RURAL,377912.0,level
2026-01-01,ZHT,RURAL,RURAL,371828.0,level
1991-01-01,ZKO,RURAL,RURAL,369552.0,level
1992-01-01,ZKO,RURAL,RURAL,388367.0,level
1993-01-01,ZKO,RURAL,RURAL,391812.0,level
1994-01-01,ZKO,RURAL,RURAL,393050.0,level
1995-01-01,ZKO,RURAL,RURAL,389873.0,level
1996-01-01,ZKO,RURAL,RURAL,386135.0,level
1997-01-01,ZKO,RURAL,RURAL,380135.0,level
1998-01-01,ZKO,RURAL,RURAL,372247.0,level
1999-01-01,ZKO,RURAL,RURAL,365511.0,level
2000-01-01,ZKO,RURAL,RURAL,361890.0,level
2001-01-01,ZKO,RURAL,RURAL,356144.0,level
2002-01-01,ZKO,RURAL,RURAL,350804.0,level
2003-01-01,ZKO,RURAL,RURAL,346249.0,level
2004-01-01,ZKO,RURAL,RURAL,344282.0,level
2005-01-01,ZKO,RURAL,RURAL,344016.0,level
2006-01-01,ZKO,RURAL,RURAL,342008.0,level
2007-01-01,ZKO,RURAL,RURAL,344047.0,level
2008-01-01,ZKO,RURAL,RURAL,342424.0,level
2009-01-01,ZKO,RURAL,RURAL,322774.0,level
2010-01-01,ZKO,RURAL,RURAL,321686.0,level
2011-01-01,ZKO,RURAL,RURAL,319834.0,level
2012-01-01,ZKO,RURAL,RURAL,316985.0,level
2013-01-01,ZKO,RURAL,RURAL,316207.0,level
2014-01-01,ZKO,RURAL,RURAL,316367.0,level
2015-01-01,ZKO,RURAL,RURAL,317015.0,level
2016-01-01,ZKO,RURAL,RURAL,318993.0,level
2017-01-01,ZKO,RURAL,RURAL,316394.0,level
2018-01-01,ZKO,RURAL,RURAL,313009.0,level
2019-01-01,ZKO,RURAL,RURAL,312455.0,level
2020-01-01,ZKO,RURAL,RURAL,311835.0,level
2021-01-01,ZKO,RURAL,RURAL,312434.0,level
2022-01-01,ZKO,RURAL,RURAL,301025.0,level
2023-01-01,ZKO,RURAL,RURAL,301324.0,level
2024-01-01,ZKO,RURAL,RURAL,301501.0,level
2025-01-01,ZKO,RURAL,RURAL,297599.0,level
2026-01-01,ZKO,RURAL,RURAL,294095.0,level
1991-01-01,national,RURAL,RURAL,6991312.0,level
1992-01-01,national,RURAL,RURAL,7047718.0,level
1993-01-01,national,RURAL,RURAL,7083282.0,level
1994-01-01,national,RURAL,RURAL,7172322.0,level
1995-01-01,national,RURAL,RURAL,7072300.0,level
1996-01-01,national,RURAL,RURAL,6945488.0,level
1997-01-01,national,RURAL,RURAL,6845386.0,level
1998-01-01,national,RURAL,RURAL,6688765.0,level
1999-01-01,national,RURAL,RURAL,6540634.0,level
2000-01-01,national,RURAL,RURAL,6504075.0,level
2001-01-01,national,RURAL,RURAL,6452211.0,level
2002-01-01,national,RURAL,RURAL,6421728.0,level
2003-01-01,national,RURAL,RURAL,6409685.0,level
2004-01-01,national,RURAL,RURAL,6432958.0,level
2005-01-01,national,RURAL,RURAL,6460116.0,level
2006-01-01,national,RURAL,RURAL,6522771.0,level
2007-01-01,national,RURAL,RURAL,6563629.0,level
2008-01-01,national,RURAL,RURAL,7305571.0,level
2009-01-01,national,RURAL,RURAL,7017080.0,level
2010-01-01,national,RURAL,RURAL,7074425.0,level
2011-01-01,national,RURAL,RURAL,7148321.0,level
2012-01-01,national,RURAL,RURAL,7220128.0,level
2013-01-01,national,RURAL,RURAL,7295937.0,level
2014-01-01,national,RURAL,RURAL,7366257.0,level
2015-01-01,national,RURAL,RURAL,7423455.0,level
2016-01-01,national,RURAL,RURAL,7475029.0,level
2017-01-01,national,RURAL,RURAL,7504929.0,level
2018-01-01,national,RURAL,RURAL,7560310.0,level
2019-01-01,national,RURAL,RURAL,7608582.0,level
2020-01-01,national,RURAL,RURAL,7644254.0,level
2021-01-01,national,RURAL,RURAL,7677766.0,level
2022-01-01,national,RURAL,RURAL,7406344.0,level
2023-01-01,national,RURAL,RURAL,7449376.0,level
2024-01-01,national,RURAL,RURAL,7473619.0,level
2025-01-01,national,RURAL,RURAL,7457643.0,level
2026-01-01,national,RURAL,RURAL,7414712.0,level
2009-01-01,ABY,RURAL_MEN,RURAL_MEN,147215.0,level
2010-01-01,ABY,RURAL_MEN,RURAL_MEN,146392.0,level
2011-01-01,ABY,RURAL_MEN,RURAL_MEN,145668.0,level
2012-01-01,ABY,RURAL_MEN,RURAL_MEN,144332.0,level
2013-01-01,ABY,RURAL_MEN,RURAL_MEN,142697.0,level
2014-01-01,ABY,RURAL_MEN,RURAL_MEN,141356.0,level
2015-01-01,ABY,RURAL_MEN,RURAL_MEN,140694.0,level
2016-01-01,ABY,RURAL_MEN,RURAL_MEN,138669.0,level
2017-01-01,ABY,RURAL_MEN,RURAL_MEN,136214.0,level
2018-01-01,ABY,RURAL_MEN,RURAL_MEN,132961.0,level
2019-01-01,ABY,RURAL_MEN,RURAL_MEN,131337.0,level
2020-01-01,ABY,RURAL_MEN,RURAL_MEN,129520.0,level
2021-01-01,ABY,RURAL_MEN,RURAL_MEN,128085.0,level
2022-01-01,ABY,RURAL_MEN,RURAL_MEN,122726.0,level
2023-01-01,ABY,RURAL_MEN,RURAL_MEN,120876.0,level
2024-01-01,ABY,RURAL_MEN,RURAL_MEN,118955.0,level
2025-01-01,ABY,RURAL_MEN,RURAL_MEN,115800.0,level
2026-01-01,ABY,RURAL_MEN,RURAL_MEN,112336.0,level
1991-01-01,AKM,RURAL_MEN,RURAL_MEN,279185.0,level
1992-01-01,AKM,RURAL_MEN,RURAL_MEN,278623.0,level
1993-01-01,AKM,RURAL_MEN,RURAL_MEN,281219.0,level
1994-01-01,AKM,RURAL_MEN,RURAL_MEN,281272.0,level
1995-01-01,AKM,RURAL_MEN,RURAL_MEN,274344.0,level
1996-01-01,AKM,RURAL_MEN,RURAL_MEN,263388.0,level
1997-01-01,AKM,RURAL_MEN,RURAL_MEN,253755.0,level
1998-01-01,AKM,RURAL_MEN,RURAL_MEN,239643.0,level
1999-01-01,AKM,RURAL_MEN,RURAL_MEN,222468.0,level
2000-01-01,AKM,RURAL_MEN,RURAL_MEN,214029.0,level
2001-01-01,AKM,RURAL_MEN,RURAL_MEN,207558.0,level
2002-01-01,AKM,RURAL_MEN,RURAL_MEN,201698.0,level
2003-01-01,AKM,RURAL_MEN,RURAL_MEN,199026.0,level
2004-01-01,AKM,RURAL_MEN,RURAL_MEN,197951.0,level
2005-01-01,AKM,RURAL_MEN,RURAL_MEN,195479.0,level
2006-01-01,AKM,RURAL_MEN,RURAL_MEN,193792.0,level
2007-01-01,AKM,RURAL_MEN,RURAL_MEN,192341.0,level
2008-01-01,AKM,RURAL_MEN,RURAL_MEN,203597.0,level
2009-01-01,AKM,RURAL_MEN,RURAL_MEN,193363.0,level
2010-01-01,AKM,RURAL_MEN,RURAL_MEN,191524.0,level
2011-01-01,AKM,RURAL_MEN,RURAL_MEN,190582.0,level
2012-01-01,AKM,RURAL_MEN,RURAL_MEN,190085.0,level
2013-01-01,AKM,RURAL_MEN,RURAL_MEN,189545.0,level
2014-01-01,AKM,RURAL_MEN,RURAL_MEN,189353.0,level
2015-01-01,AKM,RURAL_MEN,RURAL_MEN,188766.0,level
2016-01-01,AKM,RURAL_MEN,RURAL_MEN,190072.0,level
2017-01-01,AKM,RURAL_MEN,RURAL_MEN,186404.0,level
2018-01-01,AKM,RURAL_MEN,RURAL_MEN,187857.0,level
2019-01-01,AKM,RURAL_MEN,RURAL_MEN,187756.0,level
2020-01-01,AKM,RURAL_MEN,RURAL_MEN,186010.0,level
2021-01-01,AKM,RURAL_MEN,RURAL_MEN,184356.0,level
2022-01-01,AKM,RURAL_MEN,RURAL_MEN,175106.0,level
2023-01-01,AKM,RURAL_MEN,RURAL_MEN,174793.0,level
2024-01-01,AKM,RURAL_MEN,RURAL_MEN,173297.0,level
2025-01-01,AKM,RURAL_MEN,RURAL_MEN,171497.0,level
2026-01-01,AKM,RURAL_MEN,RURAL_MEN,170199.0,level
1991-01-01,AKT,RURAL_MEN,RURAL_MEN,164846.0,level
1992-01-01,AKT,RURAL_MEN,RURAL_MEN,164892.0,level
1993-01-01,AKT,RURAL_MEN,RURAL_MEN,165277.0,level
1994-01-01,AKT,RURAL_MEN,RURAL_MEN,165399.0,level
1995-01-01,AKT,RURAL_MEN,RURAL_MEN,162691.0,level
1996-01-01,AKT,RURAL_MEN,RURAL_MEN,159192.0,level
1997-01-01,AKT,RURAL_MEN,RURAL_MEN,156686.0,level
1998-01-01,AKT,RURAL_MEN,RURAL_MEN,153052.0,level
1999-01-01,AKT,RURAL_MEN,RURAL_MEN,152774.0,level
2000-01-01,AKT,RURAL_MEN,RURAL_MEN,152572.0,level
2001-01-01,AKT,RURAL_MEN,RURAL_MEN,151340.0,level
2002-01-01,AKT,RURAL_MEN,RURAL_MEN,152556.0,level
2003-01-01,AKT,RURAL_MEN,RURAL_MEN,151646.0,level
2004-01-01,AKT,RURAL_MEN,RURAL_MEN,151374.0,level
2005-01-01,AKT,RURAL_MEN,RURAL_MEN,152072.0,level
2006-01-01,AKT,RURAL_MEN,RURAL_MEN,153214.0,level
2007-01-01,AKT,RURAL_MEN,RURAL_MEN,154293.0,level
2008-01-01,AKT,RURAL_MEN,RURAL_MEN,161818.0,level
2009-01-01,AKT,RURAL_MEN,RURAL_MEN,125005.0,level
2010-01-01,AKT,RURAL_MEN,RURAL_MEN,125603.0,level
2011-01-01,AKT,RURAL_MEN,RURAL_MEN,125734.0,level
2012-01-01,AKT,RURAL_MEN,RURAL_MEN,126425.0,level
2013-01-01,AKT,RURAL_MEN,RURAL_MEN,127899.0,level
2014-01-01,AKT,RURAL_MEN,RURAL_MEN,129734.0,level
2015-01-01,AKT,RURAL_MEN,RURAL_MEN,130074.0,level
2016-01-01,AKT,RURAL_MEN,RURAL_MEN,130439.0,level
2017-01-01,AKT,RURAL_MEN,RURAL_MEN,130041.0,level
2018-01-01,AKT,RURAL_MEN,RURAL_MEN,128216.0,level
2019-01-01,AKT,RURAL_MEN,RURAL_MEN,128136.0,level
2020-01-01,AKT,RURAL_MEN,RURAL_MEN,127711.0,level
2021-01-01,AKT,RURAL_MEN,RURAL_MEN,127721.0,level
2022-01-01,AKT,RURAL_MEN,RURAL_MEN,120553.0,level
2023-01-01,AKT,RURAL_MEN,RURAL_MEN,120793.0,level
2024-01-01,AKT,RURAL_MEN,RURAL_MEN,121158.0,level
2025-01-01,AKT,RURAL_MEN,RURAL_MEN,119344.0,level
2026-01-01,AKT,RURAL_MEN,RURAL_MEN,116987.0,level
1991-01-01,ALM,RURAL_MEN,RURAL_MEN,547786.0,level
1992-01-01,ALM,RURAL_MEN,RURAL_MEN,552854.0,level
1993-01-01,ALM,RURAL_MEN,RURAL_MEN,551197.0,level
1994-01-01,ALM,RURAL_MEN,RURAL_MEN,550595.0,level
1995-01-01,ALM,RURAL_MEN,RURAL_MEN,549878.0,level
1996-01-01,ALM,RURAL_MEN,RURAL_MEN,547359.0,level
1997-01-01,ALM,RURAL_MEN,RURAL_MEN,545670.0,level
1998-01-01,ALM,RURAL_MEN,RURAL_MEN,543613.0,level
1999-01-01,ALM,RURAL_MEN,RURAL_MEN,541881.0,level
2000-01-01,ALM,RURAL_MEN,RURAL_MEN,543531.0,level
2001-01-01,ALM,RURAL_MEN,RURAL_MEN,544697.0,level
2002-01-01,ALM,RURAL_MEN,RURAL_MEN,546257.0,level
2003-01-01,ALM,RURAL_MEN,RURAL_MEN,548443.0,level
2004-01-01,ALM,RURAL_MEN,RURAL_MEN,551749.0,level
2005-01-01,ALM,RURAL_MEN,RURAL_MEN,557307.0,level
2006-01-01,ALM,RURAL_MEN,RURAL_MEN,561949.0,level
2007-01-01,ALM,RURAL_MEN,RURAL_MEN,566656.0,level
2008-01-01,ALM,RURAL_MEN,RURAL_MEN,628722.0,level
2009-01-01,ALM,RURAL_MEN,RURAL_MEN,455859.0,level
2010-01-01,ALM,RURAL_MEN,RURAL_MEN,466191.0,level
2011-01-01,ALM,RURAL_MEN,RURAL_MEN,478097.0,level
2012-01-01,ALM,RURAL_MEN,RURAL_MEN,490733.0,level
2013-01-01,ALM,RURAL_MEN,RURAL_MEN,502787.0,level
2014-01-01,ALM,RURAL_MEN,RURAL_MEN,515413.0,level
2015-01-01,ALM,RURAL_MEN,RURAL_MEN,526254.0,level
2016-01-01,ALM,RURAL_MEN,RURAL_MEN,536442.0,level
2017-01-01,ALM,RURAL_MEN,RURAL_MEN,552750.0,level
2018-01-01,ALM,RURAL_MEN,RURAL_MEN,576645.0,level
2019-01-01,ALM,RURAL_MEN,RURAL_MEN,590966.0,level
2020-01-01,ALM,RURAL_MEN,RURAL_MEN,601999.0,level
2021-01-01,ALM,RURAL_MEN,RURAL_MEN,612216.0,level
2022-01-01,ALM,RURAL_MEN,RURAL_MEN,594207.0,level
2023-01-01,ALM,RURAL_MEN,RURAL_MEN,606849.0,level
2024-01-01,ALM,RURAL_MEN,RURAL_MEN,618019.0,level
2025-01-01,ALM,RURAL_MEN,RURAL_MEN,632516.0,level
2026-01-01,ALM,RURAL_MEN,RURAL_MEN,649355.0,level
1991-01-01,ATY,RURAL_MEN,RURAL_MEN,86100.0,level
1992-01-01,ATY,RURAL_MEN,RURAL_MEN,86726.0,level
1993-01-01,ATY,RURAL_MEN,RURAL_MEN,87924.0,level
1994-01-01,ATY,RURAL_MEN,RURAL_MEN,91325.0,level
1995-01-01,ATY,RURAL_MEN,RURAL_MEN,91537.0,level
1996-01-01,ATY,RURAL_MEN,RURAL_MEN,91637.0,level
1997-01-01,ATY,RURAL_MEN,RURAL_MEN,91809.0,level
1998-01-01,ATY,RURAL_MEN,RURAL_MEN,92093.0,level
1999-01-01,ATY,RURAL_MEN,RURAL_MEN,92368.0,level
2000-01-01,ATY,RURAL_MEN,RURAL_MEN,93150.0,level
2001-01-01,ATY,RURAL_MEN,RURAL_MEN,93100.0,level
2002-01-01,ATY,RURAL_MEN,RURAL_MEN,93705.0,level
2003-01-01,ATY,RURAL_MEN,RURAL_MEN,94556.0,level
2004-01-01,ATY,RURAL_MEN,RURAL_MEN,98569.0,level
2005-01-01,ATY,RURAL_MEN,RURAL_MEN,101345.0,level
2006-01-01,ATY,RURAL_MEN,RURAL_MEN,102208.0,level
2007-01-01,ATY,RURAL_MEN,RURAL_MEN,103491.0,level
2008-01-01,ATY,RURAL_MEN,RURAL_MEN,127637.0,level
2009-01-01,ATY,RURAL_MEN,RURAL_MEN,122668.0,level
2010-01-01,ATY,RURAL_MEN,RURAL_MEN,124187.0,level
2011-01-01,ATY,RURAL_MEN,RURAL_MEN,125900.0,level
2012-01-01,ATY,RURAL_MEN,RURAL_MEN,127941.0,level
2013-01-01,ATY,RURAL_MEN,RURAL_MEN,130079.0,level
2014-01-01,ATY,RURAL_MEN,RURAL_MEN,132184.0,level
2015-01-01,ATY,RURAL_MEN,RURAL_MEN,133919.0,level
2016-01-01,ATY,RURAL_MEN,RURAL_MEN,135518.0,level
2017-01-01,ATY,RURAL_MEN,RURAL_MEN,136864.0,level
2018-01-01,ATY,RURAL_MEN,RURAL_MEN,139485.0,level
2019-01-01,ATY,RURAL_MEN,RURAL_MEN,142955.0,level
2020-01-01,ATY,RURAL_MEN,RURAL_MEN,146251.0,level
2021-01-01,ATY,RURAL_MEN,RURAL_MEN,149323.0,level
2022-01-01,ATY,RURAL_MEN,RURAL_MEN,154207.0,level
2023-01-01,ATY,RURAL_MEN,RURAL_MEN,157123.0,level
2024-01-01,ATY,RURAL_MEN,RURAL_MEN,159281.0,level
2025-01-01,ATY,RURAL_MEN,RURAL_MEN,162375.0,level
2026-01-01,ATY,RURAL_MEN,RURAL_MEN,164330.0,level
1991-01-01,KRG,RURAL_MEN,RURAL_MEN,152751.0,level
1992-01-01,KRG,RURAL_MEN,RURAL_MEN,149236.0,level
1993-01-01,KRG,RURAL_MEN,RURAL_MEN,147495.0,level
1994-01-01,KRG,RURAL_MEN,RURAL_MEN,146289.0,level
1995-01-01,KRG,RURAL_MEN,RURAL_MEN,141654.0,level
1996-01-01,KRG,RURAL_MEN,RURAL_MEN,137590.0,level
1997-01-01,KRG,RURAL_MEN,RURAL_MEN,135025.0,level
1998-01-01,KRG,RURAL_MEN,RURAL_MEN,131689.0,level
1999-01-01,KRG,RURAL_MEN,RURAL_MEN,126850.0,level
2000-01-01,KRG,RURAL_MEN,RURAL_MEN,124091.0,level
2001-01-01,KRG,RURAL_MEN,RURAL_MEN,120492.0,level
2002-01-01,KRG,RURAL_MEN,RURAL_MEN,117128.0,level
2003-01-01,KRG,RURAL_MEN,RURAL_MEN,114283.0,level
2004-01-01,KRG,RURAL_MEN,RURAL_MEN,111744.0,level
2005-01-01,KRG,RURAL_MEN,RURAL_MEN,108867.0,level
2006-01-01,KRG,RURAL_MEN,RURAL_MEN,105949.0,level
2007-01-01,KRG,RURAL_MEN,RURAL_MEN,104299.0,level
2008-01-01,KRG,RURAL_MEN,RURAL_MEN,149459.0,level
2009-01-01,KRG,RURAL_MEN,RURAL_MEN,124981.0,level
2010-01-01,KRG,RURAL_MEN,RURAL_MEN,123809.0,level
2011-01-01,KRG,RURAL_MEN,RURAL_MEN,122833.0,level
2012-01-01,KRG,RURAL_MEN,RURAL_MEN,121984.0,level
2013-01-01,KRG,RURAL_MEN,RURAL_MEN,121539.0,level
2014-01-01,KRG,RURAL_MEN,RURAL_MEN,120398.0,level
2015-01-01,KRG,RURAL_MEN,RURAL_MEN,119321.0,level
2016-01-01,KRG,RURAL_MEN,RURAL_MEN,118535.0,level
2017-01-01,KRG,RURAL_MEN,RURAL_MEN,116931.0,level
2018-01-01,KRG,RURAL_MEN,RURAL_MEN,115495.0,level
2019-01-01,KRG,RURAL_MEN,RURAL_MEN,115091.0,level
2020-01-01,KRG,RURAL_MEN,RURAL_MEN,114084.0,level
2021-01-01,KRG,RURAL_MEN,RURAL_MEN,113089.0,level
2022-01-01,KRG,RURAL_MEN,RURAL_MEN,109105.0,level
2023-01-01,KRG,RURAL_MEN,RURAL_MEN,108170.0,level
2024-01-01,KRG,RURAL_MEN,RURAL_MEN,106663.0,level
2025-01-01,KRG,RURAL_MEN,RURAL_MEN,104613.0,level
2026-01-01,KRG,RURAL_MEN,RURAL_MEN,101772.0,level
1991-01-01,KST,RURAL_MEN,RURAL_MEN,293274.0,level
1992-01-01,KST,RURAL_MEN,RURAL_MEN,297257.0,level
1993-01-01,KST,RURAL_MEN,RURAL_MEN,295853.0,level
1994-01-01,KST,RURAL_MEN,RURAL_MEN,297613.0,level
1995-01-01,KST,RURAL_MEN,RURAL_MEN,289100.0,level
1996-01-01,KST,RURAL_MEN,RURAL_MEN,275377.0,level
1997-01-01,KST,RURAL_MEN,RURAL_MEN,266588.0,level
1998-01-01,KST,RURAL_MEN,RURAL_MEN,246159.0,level
1999-01-01,KST,RURAL_MEN,RURAL_MEN,231935.0,level
2000-01-01,KST,RURAL_MEN,RURAL_MEN,225414.0,level
2001-01-01,KST,RURAL_MEN,RURAL_MEN,219947.0,level
2002-01-01,KST,RURAL_MEN,RURAL_MEN,214520.0,level
2003-01-01,KST,RURAL_MEN,RURAL_MEN,209297.0,level
2004-01-01,KST,RURAL_MEN,RURAL_MEN,206168.0,level
2005-01-01,KST,RURAL_MEN,RURAL_MEN,201552.0,level
2006-01-01,KST,RURAL_MEN,RURAL_MEN,208112.0,level
2007-01-01,KST,RURAL_MEN,RURAL_MEN,204861.0,level
2008-01-01,KST,RURAL_MEN,RURAL_MEN,226725.0,level
2009-01-01,KST,RURAL_MEN,RURAL_MEN,206331.0,level
2010-01-01,KST,RURAL_MEN,RURAL_MEN,204117.0,level
2011-01-01,KST,RURAL_MEN,RURAL_MEN,202189.0,level
2012-01-01,KST,RURAL_MEN,RURAL_MEN,199659.0,level
2013-01-01,KST,RURAL_MEN,RURAL_MEN,197829.0,level
2014-01-01,KST,RURAL_MEN,RURAL_MEN,196336.0,level
2015-01-01,KST,RURAL_MEN,RURAL_MEN,193922.0,level
2016-01-01,KST,RURAL_MEN,RURAL_MEN,191910.0,level
2017-01-01,KST,RURAL_MEN,RURAL_MEN,189460.0,level
2018-01-01,KST,RURAL_MEN,RURAL_MEN,186115.0,level
2019-01-01,KST,RURAL_MEN,RURAL_MEN,183709.0,level
2020-01-01,KST,RURAL_MEN,RURAL_MEN,180416.0,level
2021-01-01,KST,RURAL_MEN,RURAL_MEN,177835.0,level
2022-01-01,KST,RURAL_MEN,RURAL_MEN,162885.0,level
2023-01-01,KST,RURAL_MEN,RURAL_MEN,160577.0,level
2024-01-01,KST,RURAL_MEN,RURAL_MEN,158450.0,level
2025-01-01,KST,RURAL_MEN,RURAL_MEN,154798.0,level
2026-01-01,KST,RURAL_MEN,RURAL_MEN,151258.0,level
1991-01-01,KZL,RURAL_MEN,RURAL_MEN,118564.0,level
1992-01-01,KZL,RURAL_MEN,RURAL_MEN,118886.0,level
1993-01-01,KZL,RURAL_MEN,RURAL_MEN,119748.0,level
1994-01-01,KZL,RURAL_MEN,RURAL_MEN,120319.0,level
1995-01-01,KZL,RURAL_MEN,RURAL_MEN,117578.0,level
1996-01-01,KZL,RURAL_MEN,RURAL_MEN,118362.0,level
1997-01-01,KZL,RURAL_MEN,RURAL_MEN,118944.0,level
1998-01-01,KZL,RURAL_MEN,RURAL_MEN,119696.0,level
1999-01-01,KZL,RURAL_MEN,RURAL_MEN,120637.0,level
2000-01-01,KZL,RURAL_MEN,RURAL_MEN,121762.0,level
2001-01-01,KZL,RURAL_MEN,RURAL_MEN,122919.0,level
2002-01-01,KZL,RURAL_MEN,RURAL_MEN,123883.0,level
2003-01-01,KZL,RURAL_MEN,RURAL_MEN,124652.0,level
2004-01-01,KZL,RURAL_MEN,RURAL_MEN,125530.0,level
2005-01-01,KZL,RURAL_MEN,RURAL_MEN,126887.0,level
2006-01-01,KZL,RURAL_MEN,RURAL_MEN,128026.0,level
2007-01-01,KZL,RURAL_MEN,RURAL_MEN,129369.0,level
2008-01-01,KZL,RURAL_MEN,RURAL_MEN,207251.0,level
2009-01-01,KZL,RURAL_MEN,RURAL_MEN,199235.0,level
2010-01-01,KZL,RURAL_MEN,RURAL_MEN,201873.0,level
2011-01-01,KZL,RURAL_MEN,RURAL_MEN,205343.0,level
2012-01-01,KZL,RURAL_MEN,RURAL_MEN,208587.0,level
2013-01-01,KZL,RURAL_MEN,RURAL_MEN,211668.0,level
2014-01-01,KZL,RURAL_MEN,RURAL_MEN,214798.0,level
2015-01-01,KZL,RURAL_MEN,RURAL_MEN,217212.0,level
2016-01-01,KZL,RURAL_MEN,RURAL_MEN,219145.0,level
2017-01-01,KZL,RURAL_MEN,RURAL_MEN,220150.0,level
2018-01-01,KZL,RURAL_MEN,RURAL_MEN,222682.0,level
2019-01-01,KZL,RURAL_MEN,RURAL_MEN,225598.0,level
2020-01-01,KZL,RURAL_MEN,RURAL_MEN,227127.0,level
2021-01-01,KZL,RURAL_MEN,RURAL_MEN,229446.0,level
2022-01-01,KZL,RURAL_MEN,RURAL_MEN,223906.0,level
2023-01-01,KZL,RURAL_MEN,RURAL_MEN,226641.0,level
2024-01-01,KZL,RURAL_MEN,RURAL_MEN,229283.0,level
2025-01-01,KZL,RURAL_MEN,RURAL_MEN,230136.0,level
2026-01-01,KZL,RURAL_MEN,RURAL_MEN,229999.0,level
1991-01-01,MNG,RURAL_MEN,RURAL_MEN,18400.0,level
1992-01-01,MNG,RURAL_MEN,RURAL_MEN,18683.0,level
1993-01-01,MNG,RURAL_MEN,RURAL_MEN,19210.0,level
1994-01-01,MNG,RURAL_MEN,RURAL_MEN,33778.0,level
1995-01-01,MNG,RURAL_MEN,RURAL_MEN,33638.0,level
1996-01-01,MNG,RURAL_MEN,RURAL_MEN,33367.0,level
1997-01-01,MNG,RURAL_MEN,RURAL_MEN,33249.0,level
1998-01-01,MNG,RURAL_MEN,RURAL_MEN,33253.0,level
1999-01-01,MNG,RURAL_MEN,RURAL_MEN,33834.0,level
2000-01-01,MNG,RURAL_MEN,RURAL_MEN,34158.0,level
2001-01-01,MNG,RURAL_MEN,RURAL_MEN,34244.0,level
2002-01-01,MNG,RURAL_MEN,RURAL_MEN,38306.0,level
2003-01-01,MNG,RURAL_MEN,RURAL_MEN,39475.0,level
2004-01-01,MNG,RURAL_MEN,RURAL_MEN,42729.0,level
2005-01-01,MNG,RURAL_MEN,RURAL_MEN,44359.0,level
2006-01-01,MNG,RURAL_MEN,RURAL_MEN,56707.0,level
2007-01-01,MNG,RURAL_MEN,RURAL_MEN,61536.0,level
2008-01-01,MNG,RURAL_MEN,RURAL_MEN,86405.0,level
2009-01-01,MNG,RURAL_MEN,RURAL_MEN,120178.0,level
2010-01-01,MNG,RURAL_MEN,RURAL_MEN,126745.0,level
2011-01-01,MNG,RURAL_MEN,RURAL_MEN,134058.0,level
2012-01-01,MNG,RURAL_MEN,RURAL_MEN,141972.0,level
2013-01-01,MNG,RURAL_MEN,RURAL_MEN,149982.0,level
2014-01-01,MNG,RURAL_MEN,RURAL_MEN,157170.0,level
2015-01-01,MNG,RURAL_MEN,RURAL_MEN,164144.0,level
2016-01-01,MNG,RURAL_MEN,RURAL_MEN,172392.0,level
2017-01-01,MNG,RURAL_MEN,RURAL_MEN,179570.0,level
2018-01-01,MNG,RURAL_MEN,RURAL_MEN,190085.0,level
2019-01-01,MNG,RURAL_MEN,RURAL_MEN,198519.0,level
2020-01-01,MNG,RURAL_MEN,RURAL_MEN,206403.0,level
2021-01-01,MNG,RURAL_MEN,RURAL_MEN,211580.0,level
2022-01-01,MNG,RURAL_MEN,RURAL_MEN,207530.0,level
2023-01-01,MNG,RURAL_MEN,RURAL_MEN,213138.0,level
2024-01-01,MNG,RURAL_MEN,RURAL_MEN,217925.0,level
2025-01-01,MNG,RURAL_MEN,RURAL_MEN,221496.0,level
2026-01-01,MNG,RURAL_MEN,RURAL_MEN,223094.0,level
1991-01-01,PVL,RURAL_MEN,RURAL_MEN,163486.0,level
1992-01-01,PVL,RURAL_MEN,RURAL_MEN,166299.0,level
1993-01-01,PVL,RURAL_MEN,RURAL_MEN,170340.0,level
1994-01-01,PVL,RURAL_MEN,RURAL_MEN,184206.0,level
1995-01-01,PVL,RURAL_MEN,RURAL_MEN,176140.0,level
1996-01-01,PVL,RURAL_MEN,RURAL_MEN,167438.0,level
1997-01-01,PVL,RURAL_MEN,RURAL_MEN,160785.0,level
1998-01-01,PVL,RURAL_MEN,RURAL_MEN,153773.0,level
1999-01-01,PVL,RURAL_MEN,RURAL_MEN,146081.0,level
2000-01-01,PVL,RURAL_MEN,RURAL_MEN,142684.0,level
2001-01-01,PVL,RURAL_MEN,RURAL_MEN,138546.0,level
2002-01-01,PVL,RURAL_MEN,RURAL_MEN,134417.0,level
2003-01-01,PVL,RURAL_MEN,RURAL_MEN,132061.0,level
2004-01-01,PVL,RURAL_MEN,RURAL_MEN,129170.0,level
2005-01-01,PVL,RURAL_MEN,RURAL_MEN,126442.0,level
2006-01-01,PVL,RURAL_MEN,RURAL_MEN,125409.0,level
2007-01-01,PVL,RURAL_MEN,RURAL_MEN,124024.0,level
2008-01-01,PVL,RURAL_MEN,RURAL_MEN,126249.0,level
2009-01-01,PVL,RURAL_MEN,RURAL_MEN,117031.0,level
2010-01-01,PVL,RURAL_MEN,RURAL_MEN,116014.0,level
2011-01-01,PVL,RURAL_MEN,RURAL_MEN,115399.0,level
2012-01-01,PVL,RURAL_MEN,RURAL_MEN,114705.0,level
2013-01-01,PVL,RURAL_MEN,RURAL_MEN,114012.0,level
2014-01-01,PVL,RURAL_MEN,RURAL_MEN,112915.0,level
2015-01-01,PVL,RURAL_MEN,RURAL_MEN,112099.0,level
2016-01-01,PVL,RURAL_MEN,RURAL_MEN,111393.0,level
2017-01-01,PVL,RURAL_MEN,RURAL_MEN,110726.0,level
2018-01-01,PVL,RURAL_MEN,RURAL_MEN,110554.0,level
2019-01-01,PVL,RURAL_MEN,RURAL_MEN,111011.0,level
2020-01-01,PVL,RURAL_MEN,RURAL_MEN,111084.0,level
2021-01-01,PVL,RURAL_MEN,RURAL_MEN,110996.0,level
2022-01-01,PVL,RURAL_MEN,RURAL_MEN,113361.0,level
2023-01-01,PVL,RURAL_MEN,RURAL_MEN,113030.0,level
2024-01-01,PVL,RURAL_MEN,RURAL_MEN,112570.0,level
2025-01-01,PVL,RURAL_MEN,RURAL_MEN,110844.0,level
2026-01-01,PVL,RURAL_MEN,RURAL_MEN,108967.0,level
1991-01-01,SKO,RURAL_MEN,RURAL_MEN,285761.0,level
1992-01-01,SKO,RURAL_MEN,RURAL_MEN,288108.0,level
1993-01-01,SKO,RURAL_MEN,RURAL_MEN,289663.0,level
1994-01-01,SKO,RURAL_MEN,RURAL_MEN,291291.0,level
1995-01-01,SKO,RURAL_MEN,RURAL_MEN,279342.0,level
1996-01-01,SKO,RURAL_MEN,RURAL_MEN,266090.0,level
1997-01-01,SKO,RURAL_MEN,RURAL_MEN,252133.0,level
1998-01-01,SKO,RURAL_MEN,RURAL_MEN,235740.0,level
1999-01-01,SKO,RURAL_MEN,RURAL_MEN,223410.0,level
2000-01-01,SKO,RURAL_MEN,RURAL_MEN,218969.0,level
2001-01-01,SKO,RURAL_MEN,RURAL_MEN,215436.0,level
2002-01-01,SKO,RURAL_MEN,RURAL_MEN,212098.0,level
2003-01-01,SKO,RURAL_MEN,RURAL_MEN,210644.0,level
2004-01-01,SKO,RURAL_MEN,RURAL_MEN,211052.0,level
2005-01-01,SKO,RURAL_MEN,RURAL_MEN,216352.0,level
2006-01-01,SKO,RURAL_MEN,RURAL_MEN,214853.0,level
2007-01-01,SKO,RURAL_MEN,RURAL_MEN,212852.0,level
2008-01-01,SKO,RURAL_MEN,RURAL_MEN,209189.0,level
2009-01-01,SKO,RURAL_MEN,RURAL_MEN,176096.0,level
2010-01-01,SKO,RURAL_MEN,RURAL_MEN,173639.0,level
2011-01-01,SKO,RURAL_MEN,RURAL_MEN,171739.0,level
2012-01-01,SKO,RURAL_MEN,RURAL_MEN,169325.0,level
2013-01-01,SKO,RURAL_MEN,RURAL_MEN,167052.0,level
2014-01-01,SKO,RURAL_MEN,RURAL_MEN,164374.0,level
2015-01-01,SKO,RURAL_MEN,RURAL_MEN,161539.0,level
2016-01-01,SKO,RURAL_MEN,RURAL_MEN,157949.0,level
2017-01-01,SKO,RURAL_MEN,RURAL_MEN,154966.0,level
2018-01-01,SKO,RURAL_MEN,RURAL_MEN,152149.0,level
2019-01-01,SKO,RURAL_MEN,RURAL_MEN,149889.0,level
2020-01-01,SKO,RURAL_MEN,RURAL_MEN,147131.0,level
2021-01-01,SKO,RURAL_MEN,RURAL_MEN,144514.0,level
2022-01-01,SKO,RURAL_MEN,RURAL_MEN,139965.0,level
2023-01-01,SKO,RURAL_MEN,RURAL_MEN,137708.0,level
2024-01-01,SKO,RURAL_MEN,RURAL_MEN,135520.0,level
2025-01-01,SKO,RURAL_MEN,RURAL_MEN,132070.0,level
2026-01-01,SKO,RURAL_MEN,RURAL_MEN,128363.0,level
2009-01-01,TRK,RURAL_MEN,RURAL_MEN,684934.0,level
2010-01-01,TRK,RURAL_MEN,RURAL_MEN,699347.0,level
2011-01-01,TRK,RURAL_MEN,RURAL_MEN,716597.0,level
2012-01-01,TRK,RURAL_MEN,RURAL_MEN,734079.0,level
2013-01-01,TRK,RURAL_MEN,RURAL_MEN,750039.0,level
2014-01-01,TRK,RURAL_MEN,RURAL_MEN,765000.0,level
2015-01-01,TRK,RURAL_MEN,RURAL_MEN,777175.0,level
2016-01-01,TRK,RURAL_MEN,RURAL_MEN,788654.0,level
2017-01-01,TRK,RURAL_MEN,RURAL_MEN,796096.0,level
2018-01-01,TRK,RURAL_MEN,RURAL_MEN,802348.0,level
2019-01-01,TRK,RURAL_MEN,RURAL_MEN,808042.0,level
2020-01-01,TRK,RURAL_MEN,RURAL_MEN,816543.0,level
2021-01-01,TRK,RURAL_MEN,RURAL_MEN,825613.0,level
2022-01-01,TRK,RURAL_MEN,RURAL_MEN,805401.0,level
2023-01-01,TRK,RURAL_MEN,RURAL_MEN,816722.0,level
2024-01-01,TRK,RURAL_MEN,RURAL_MEN,825148.0,level
2025-01-01,TRK,RURAL_MEN,RURAL_MEN,827322.0,level
2026-01-01,TRK,RURAL_MEN,RURAL_MEN,824549.0,level
2009-01-01,ULT,RURAL_MEN,RURAL_MEN,25330.0,level
2010-01-01,ULT,RURAL_MEN,RURAL_MEN,25171.0,level
2011-01-01,ULT,RURAL_MEN,RURAL_MEN,25256.0,level
2012-01-01,ULT,RURAL_MEN,RURAL_MEN,25527.0,level
2013-01-01,ULT,RURAL_MEN,RURAL_MEN,25911.0,level
2014-01-01,ULT,RURAL_MEN,RURAL_MEN,26108.0,level
2015-01-01,ULT,RURAL_MEN,RURAL_MEN,26224.0,level
2016-01-01,ULT,RURAL_MEN,RURAL_MEN,26332.0,level
2017-01-01,ULT,RURAL_MEN,RURAL_MEN,26202.0,level
2018-01-01,ULT,RURAL_MEN,RURAL_MEN,26309.0,level
2019-01-01,ULT,RURAL_MEN,RURAL_MEN,26669.0,level
2020-01-01,ULT,RURAL_MEN,RURAL_MEN,26642.0,level
2021-01-01,ULT,RURAL_MEN,RURAL_MEN,26699.0,level
2022-01-01,ULT,RURAL_MEN,RURAL_MEN,24019.0,level
2023-01-01,ULT,RURAL_MEN,RURAL_MEN,23990.0,level
2024-01-01,ULT,RURAL_MEN,RURAL_MEN,23912.0,level
2025-01-01,ULT,RURAL_MEN,RURAL_MEN,23712.0,level
2026-01-01,ULT,RURAL_MEN,RURAL_MEN,23513.0,level
1991-01-01,VKO,RURAL_MEN,RURAL_MEN,362040.0,level
1992-01-01,VKO,RURAL_MEN,RURAL_MEN,363197.0,level
1993-01-01,VKO,RURAL_MEN,RURAL_MEN,365170.0,level
1994-01-01,VKO,RURAL_MEN,RURAL_MEN,364359.0,level
1995-01-01,VKO,RURAL_MEN,RURAL_MEN,354932.0,level
1996-01-01,VKO,RURAL_MEN,RURAL_MEN,343673.0,level
1997-01-01,VKO,RURAL_MEN,RURAL_MEN,334827.0,level
1998-01-01,VKO,RURAL_MEN,RURAL_MEN,324680.0,level
1999-01-01,VKO,RURAL_MEN,RURAL_MEN,316338.0,level
2000-01-01,VKO,RURAL_MEN,RURAL_MEN,313958.0,level
2001-01-01,VKO,RURAL_MEN,RURAL_MEN,310478.0,level
2002-01-01,VKO,RURAL_MEN,RURAL_MEN,307154.0,level
2003-01-01,VKO,RURAL_MEN,RURAL_MEN,302379.0,level
2004-01-01,VKO,RURAL_MEN,RURAL_MEN,299791.0,level
2005-01-01,VKO,RURAL_MEN,RURAL_MEN,295496.0,level
2006-01-01,VKO,RURAL_MEN,RURAL_MEN,291614.0,level
2007-01-01,VKO,RURAL_MEN,RURAL_MEN,288235.0,level
2008-01-01,VKO,RURAL_MEN,RURAL_MEN,325912.0,level
2009-01-01,VKO,RURAL_MEN,RURAL_MEN,147377.0,level
2010-01-01,VKO,RURAL_MEN,RURAL_MEN,147463.0,level
2011-01-01,VKO,RURAL_MEN,RURAL_MEN,146658.0,level
2012-01-01,VKO,RURAL_MEN,RURAL_MEN,145159.0,level
2013-01-01,VKO,RURAL_MEN,RURAL_MEN,144405.0,level
2014-01-01,VKO,RURAL_MEN,RURAL_MEN,142760.0,level
2015-01-01,VKO,RURAL_MEN,RURAL_MEN,141662.0,level
2016-01-01,VKO,RURAL_MEN,RURAL_MEN,140153.0,level
2017-01-01,VKO,RURAL_MEN,RURAL_MEN,138495.0,level
2018-01-01,VKO,RURAL_MEN,RURAL_MEN,135410.0,level
2019-01-01,VKO,RURAL_MEN,RURAL_MEN,133064.0,level
2020-01-01,VKO,RURAL_MEN,RURAL_MEN,130654.0,level
2021-01-01,VKO,RURAL_MEN,RURAL_MEN,128597.0,level
2022-01-01,VKO,RURAL_MEN,RURAL_MEN,125333.0,level
2023-01-01,VKO,RURAL_MEN,RURAL_MEN,123910.0,level
2024-01-01,VKO,RURAL_MEN,RURAL_MEN,122173.0,level
2025-01-01,VKO,RURAL_MEN,RURAL_MEN,119860.0,level
2026-01-01,VKO,RURAL_MEN,RURAL_MEN,117170.0,level
1991-01-01,YKO,RURAL_MEN,RURAL_MEN,551090.0,level
1992-01-01,YKO,RURAL_MEN,RURAL_MEN,560483.0,level
1993-01-01,YKO,RURAL_MEN,RURAL_MEN,571386.0,level
1994-01-01,YKO,RURAL_MEN,RURAL_MEN,582865.0,level
1995-01-01,YKO,RURAL_MEN,RURAL_MEN,591379.0,level
1996-01-01,YKO,RURAL_MEN,RURAL_MEN,601694.0,level
1997-01-01,YKO,RURAL_MEN,RURAL_MEN,611197.0,level
1998-01-01,YKO,RURAL_MEN,RURAL_MEN,615739.0,level
1999-01-01,YKO,RURAL_MEN,RURAL_MEN,605652.0,level
2000-01-01,YKO,RURAL_MEN,RURAL_MEN,612871.0,level
2001-01-01,YKO,RURAL_MEN,RURAL_MEN,614863.0,level
2002-01-01,YKO,RURAL_MEN,RURAL_MEN,619880.0,level
2003-01-01,YKO,RURAL_MEN,RURAL_MEN,631696.0,level
2004-01-01,YKO,RURAL_MEN,RURAL_MEN,644988.0,level
2005-01-01,YKO,RURAL_MEN,RURAL_MEN,659620.0,level
2006-01-01,YKO,RURAL_MEN,RURAL_MEN,673882.0,level
2007-01-01,YKO,RURAL_MEN,RURAL_MEN,689654.0,level
2008-01-01,YKO,RURAL_MEN,RURAL_MEN,722904.0,level
1991-01-01,ZHM,RURAL_MEN,RURAL_MEN,267497.0,level
1992-01-01,ZHM,RURAL_MEN,RURAL_MEN,266725.0,level
1993-01-01,ZHM,RURAL_MEN,RURAL_MEN,265951.0,level
1994-01-01,ZHM,RURAL_MEN,RURAL_MEN,267344.0,level
1995-01-01,ZHM,RURAL_MEN,RURAL_MEN,268694.0,level
1996-01-01,ZHM,RURAL_MEN,RURAL_MEN,266848.0,level
1997-01-01,ZHM,RURAL_MEN,RURAL_MEN,266824.0,level
1998-01-01,ZHM,RURAL_MEN,RURAL_MEN,266485.0,level
1999-01-01,ZHM,RURAL_MEN,RURAL_MEN,268649.0,level
2000-01-01,ZHM,RURAL_MEN,RURAL_MEN,269506.0,level
2001-01-01,ZHM,RURAL_MEN,RURAL_MEN,269928.0,level
2002-01-01,ZHM,RURAL_MEN,RURAL_MEN,270373.0,level
2003-01-01,ZHM,RURAL_MEN,RURAL_MEN,270885.0,level
2004-01-01,ZHM,RURAL_MEN,RURAL_MEN,272317.0,level
2005-01-01,ZHM,RURAL_MEN,RURAL_MEN,273485.0,level
2006-01-01,ZHM,RURAL_MEN,RURAL_MEN,276140.0,level
2007-01-01,ZHM,RURAL_MEN,RURAL_MEN,278696.0,level
2008-01-01,ZHM,RURAL_MEN,RURAL_MEN,296549.0,level
2009-01-01,ZHM,RURAL_MEN,RURAL_MEN,301069.0,level
2010-01-01,ZHM,RURAL_MEN,RURAL_MEN,305813.0,level
2011-01-01,ZHM,RURAL_MEN,RURAL_MEN,310805.0,level
2012-01-01,ZHM,RURAL_MEN,RURAL_MEN,316442.0,level
2013-01-01,ZHM,RURAL_MEN,RURAL_MEN,320860.0,level
2014-01-01,ZHM,RURAL_MEN,RURAL_MEN,324507.0,level
2015-01-01,ZHM,RURAL_MEN,RURAL_MEN,328673.0,level
2016-01-01,ZHM,RURAL_MEN,RURAL_MEN,331747.0,level
2017-01-01,ZHM,RURAL_MEN,RURAL_MEN,334569.0,level
2018-01-01,ZHM,RURAL_MEN,RURAL_MEN,338171.0,level
2019-01-01,ZHM,RURAL_MEN,RURAL_MEN,341246.0,level
2020-01-01,ZHM,RURAL_MEN,RURAL_MEN,343601.0,level
2021-01-01,ZHM,RURAL_MEN,RURAL_MEN,346179.0,level
2022-01-01,ZHM,RURAL_MEN,RURAL_MEN,324557.0,level
2023-01-01,ZHM,RURAL_MEN,RURAL_MEN,326839.0,level
2024-01-01,ZHM,RURAL_MEN,RURAL_MEN,327401.0,level
2025-01-01,ZHM,RURAL_MEN,RURAL_MEN,325336.0,level
2026-01-01,ZHM,RURAL_MEN,RURAL_MEN,321007.0,level
2009-01-01,ZHT,RURAL_MEN,RURAL_MEN,186785.0,level
2010-01-01,ZHT,RURAL_MEN,RURAL_MEN,188209.0,level
2011-01-01,ZHT,RURAL_MEN,RURAL_MEN,190168.0,level
2012-01-01,ZHT,RURAL_MEN,RURAL_MEN,191664.0,level
2013-01-01,ZHT,RURAL_MEN,RURAL_MEN,192906.0,level
2014-01-01,ZHT,RURAL_MEN,RURAL_MEN,194322.0,level
2015-01-01,ZHT,RURAL_MEN,RURAL_MEN,195743.0,level
2016-01-01,ZHT,RURAL_MEN,RURAL_MEN,196271.0,level
2017-01-01,ZHT,RURAL_MEN,RURAL_MEN,196837.0,level
2018-01-01,ZHT,RURAL_MEN,RURAL_MEN,197700.0,level
2019-01-01,ZHT,RURAL_MEN,RURAL_MEN,198771.0,level
2020-01-01,ZHT,RURAL_MEN,RURAL_MEN,197513.0,level
2021-01-01,ZHT,RURAL_MEN,RURAL_MEN,197515.0,level
2022-01-01,ZHT,RURAL_MEN,RURAL_MEN,194769.0,level
2023-01-01,ZHT,RURAL_MEN,RURAL_MEN,194187.0,level
2024-01-01,ZHT,RURAL_MEN,RURAL_MEN,193655.0,level
2025-01-01,ZHT,RURAL_MEN,RURAL_MEN,191915.0,level
2026-01-01,ZHT,RURAL_MEN,RURAL_MEN,189245.0,level
1991-01-01,ZKO,RURAL_MEN,RURAL_MEN,182727.0,level
1992-01-01,ZKO,RURAL_MEN,RURAL_MEN,192319.0,level
1993-01-01,ZKO,RURAL_MEN,RURAL_MEN,194309.0,level
1994-01-01,ZKO,RURAL_MEN,RURAL_MEN,195201.0,level
1995-01-01,ZKO,RURAL_MEN,RURAL_MEN,193904.0,level
1996-01-01,ZKO,RURAL_MEN,RURAL_MEN,192310.0,level
1997-01-01,ZKO,RURAL_MEN,RURAL_MEN,189582.0,level
1998-01-01,ZKO,RURAL_MEN,RURAL_MEN,185893.0,level
1999-01-01,ZKO,RURAL_MEN,RURAL_MEN,182658.0,level
2000-01-01,ZKO,RURAL_MEN,RURAL_MEN,181003.0,level
2001-01-01,ZKO,RURAL_MEN,RURAL_MEN,177987.0,level
2002-01-01,ZKO,RURAL_MEN,RURAL_MEN,174948.0,level
2003-01-01,ZKO,RURAL_MEN,RURAL_MEN,172369.0,level
2004-01-01,ZKO,RURAL_MEN,RURAL_MEN,171582.0,level
2005-01-01,ZKO,RURAL_MEN,RURAL_MEN,171544.0,level
2006-01-01,ZKO,RURAL_MEN,RURAL_MEN,170858.0,level
2007-01-01,ZKO,RURAL_MEN,RURAL_MEN,171900.0,level
2008-01-01,ZKO,RURAL_MEN,RURAL_MEN,171283.0,level
2009-01-01,ZKO,RURAL_MEN,RURAL_MEN,160755.0,level
2010-01-01,ZKO,RURAL_MEN,RURAL_MEN,160325.0,level
2011-01-01,ZKO,RURAL_MEN,RURAL_MEN,159813.0,level
2012-01-01,ZKO,RURAL_MEN,RURAL_MEN,158963.0,level
2013-01-01,ZKO,RURAL_MEN,RURAL_MEN,158869.0,level
2014-01-01,ZKO,RURAL_MEN,RURAL_MEN,158962.0,level
2015-01-01,ZKO,RURAL_MEN,RURAL_MEN,159330.0,level
2016-01-01,ZKO,RURAL_MEN,RURAL_MEN,160655.0,level
2017-01-01,ZKO,RURAL_MEN,RURAL_MEN,159654.0,level
2018-01-01,ZKO,RURAL_MEN,RURAL_MEN,158150.0,level
2019-01-01,ZKO,RURAL_MEN,RURAL_MEN,157986.0,level
2020-01-01,ZKO,RURAL_MEN,RURAL_MEN,157688.0,level
2021-01-01,ZKO,RURAL_MEN,RURAL_MEN,158172.0,level
2022-01-01,ZKO,RURAL_MEN,RURAL_MEN,152209.0,level
2023-01-01,ZKO,RURAL_MEN,RURAL_MEN,152581.0,level
2024-01-01,ZKO,RURAL_MEN,RURAL_MEN,152959.0,level
2025-01-01,ZKO,RURAL_MEN,RURAL_MEN,151248.0,level
2026-01-01,ZKO,RURAL_MEN,RURAL_MEN,149754.0,level
1991-01-01,national,RURAL_MEN,RURAL_MEN,3473507.0,level
1992-01-01,national,RURAL_MEN,RURAL_MEN,3504288.0,level
1993-01-01,national,RURAL_MEN,RURAL_MEN,3524742.0,level
1994-01-01,national,RURAL_MEN,RURAL_MEN,3571856.0,level
1995-01-01,national,RURAL_MEN,RURAL_MEN,3524811.0,level
1996-01-01,national,RURAL_MEN,RURAL_MEN,3464325.0,level
1997-01-01,national,RURAL_MEN,RURAL_MEN,3417074.0,level
1998-01-01,national,RURAL_MEN,RURAL_MEN,3341508.0,level
1999-01-01,national,RURAL_MEN,RURAL_MEN,3265535.0,level
2000-01-01,national,RURAL_MEN,RURAL_MEN,3247698.0,level
2001-01-01,national,RURAL_MEN,RURAL_MEN,3221535.0,level
2002-01-01,national,RURAL_MEN,RURAL_MEN,3206923.0,level
2003-01-01,national,RURAL_MEN,RURAL_MEN,3201412.0,level
2004-01-01,national,RURAL_MEN,RURAL_MEN,3214714.0,level
2005-01-01,national,RURAL_MEN,RURAL_MEN,3230807.0,level
2006-01-01,national,RURAL_MEN,RURAL_MEN,3262713.0,level
2007-01-01,national,RURAL_MEN,RURAL_MEN,3282207.0,level
2008-01-01,national,RURAL_MEN,RURAL_MEN,3643700.0,level
2009-01-01,national,RURAL_MEN,RURAL_MEN,3494212.0,level
2010-01-01,national,RURAL_MEN,RURAL_MEN,3526422.0,level
2011-01-01,national,RURAL_MEN,RURAL_MEN,3566839.0,level
2012-01-01,national,RURAL_MEN,RURAL_MEN,3607582.0,level
2013-01-01,national,RURAL_MEN,RURAL_MEN,3648079.0,level
2014-01-01,national,RURAL_MEN,RURAL_MEN,3685690.0,level
2015-01-01,national,RURAL_MEN,RURAL_MEN,3716751.0,level
2016-01-01,national,RURAL_MEN,RURAL_MEN,3746276.0,level
2017-01-01,national,RURAL_MEN,RURAL_MEN,3765929.0,level
2018-01-01,national,RURAL_MEN,RURAL_MEN,3800332.0,level
2019-01-01,national,RURAL_MEN,RURAL_MEN,3830745.0,level
2020-01-01,national,RURAL_MEN,RURAL_MEN,3850377.0,level
2021-01-01,national,RURAL_MEN,RURAL_MEN,3871936.0,level
2022-01-01,national,RURAL_MEN,RURAL_MEN,3749839.0,level
2023-01-01,national,RURAL_MEN,RURAL_MEN,3777927.0,level
2024-01-01,national,RURAL_MEN,RURAL_MEN,3796369.0,level
2025-01-01,national,RURAL_MEN,RURAL_MEN,3794882.0,level
2026-01-01,national,RURAL_MEN,RURAL_MEN,3781898.0,level
2009-01-01,ABY,RURAL_WOMEN,RURAL_WOMEN,147734.0,level
2010-01-01,ABY,RURAL_WOMEN,RURAL_WOMEN,146782.0,level
2011-01-01,ABY,RURAL_WOMEN,RURAL_WOMEN,145544.0,level
2012-01-01,ABY,RURAL_WOMEN,RURAL_WOMEN,143801.0,level
2013-01-01,ABY,RURAL_WOMEN,RURAL_WOMEN,141904.0,level
2014-01-01,ABY,RURAL_WOMEN,RURAL_WOMEN,140563.0,level
2015-01-01,ABY,RURAL_WOMEN,RURAL_WOMEN,139874.0,level
2016-01-01,ABY,RURAL_WOMEN,RURAL_WOMEN,137609.0,level
2017-01-01,ABY,RURAL_WOMEN,RURAL_WOMEN,134970.0,level
2018-01-01,ABY,RURAL_WOMEN,RURAL_WOMEN,131677.0,level
2019-01-01,ABY,RURAL_WOMEN,RURAL_WOMEN,129895.0,level
2020-01-01,ABY,RURAL_WOMEN,RURAL_WOMEN,127542.0,level
2021-01-01,ABY,RURAL_WOMEN,RURAL_WOMEN,125556.0,level
2022-01-01,ABY,RURAL_WOMEN,RURAL_WOMEN,120598.0,level
2023-01-01,ABY,RURAL_WOMEN,RURAL_WOMEN,118576.0,level
2024-01-01,ABY,RURAL_WOMEN,RURAL_WOMEN,116078.0,level
2025-01-01,ABY,RURAL_WOMEN,RURAL_WOMEN,112803.0,level
2026-01-01,ABY,RURAL_WOMEN,RURAL_WOMEN,108884.0,level
1991-01-01,AKM,RURAL_WOMEN,RURAL_WOMEN,282469.0,level
1992-01-01,AKM,RURAL_WOMEN,RURAL_WOMEN,281880.0,level
1993-01-01,AKM,RURAL_WOMEN,RURAL_WOMEN,284510.0,level
1994-01-01,AKM,RURAL_WOMEN,RURAL_WOMEN,284584.0,level
1995-01-01,AKM,RURAL_WOMEN,RURAL_WOMEN,277586.0,level
1996-01-01,AKM,RURAL_WOMEN,RURAL_WOMEN,266543.0,level
1997-01-01,AKM,RURAL_WOMEN,RURAL_WOMEN,256837.0,level
1998-01-01,AKM,RURAL_WOMEN,RURAL_WOMEN,242622.0,level
1999-01-01,AKM,RURAL_WOMEN,RURAL_WOMEN,226085.0,level
2000-01-01,AKM,RURAL_WOMEN,RURAL_WOMEN,217466.0,level
2001-01-01,AKM,RURAL_WOMEN,RURAL_WOMEN,210960.0,level
2002-01-01,AKM,RURAL_WOMEN,RURAL_WOMEN,205347.0,level
2003-01-01,AKM,RURAL_WOMEN,RURAL_WOMEN,202835.0,level
2004-01-01,AKM,RURAL_WOMEN,RURAL_WOMEN,201826.0,level
2005-01-01,AKM,RURAL_WOMEN,RURAL_WOMEN,199502.0,level
2006-01-01,AKM,RURAL_WOMEN,RURAL_WOMEN,198280.0,level
2007-01-01,AKM,RURAL_WOMEN,RURAL_WOMEN,197948.0,level
2008-01-01,AKM,RURAL_WOMEN,RURAL_WOMEN,210291.0,level
2009-01-01,AKM,RURAL_WOMEN,RURAL_WOMEN,197361.0,level
2010-01-01,AKM,RURAL_WOMEN,RURAL_WOMEN,195330.0,level
2011-01-01,AKM,RURAL_WOMEN,RURAL_WOMEN,194190.0,level
2012-01-01,AKM,RURAL_WOMEN,RURAL_WOMEN,193257.0,level
2013-01-01,AKM,RURAL_WOMEN,RURAL_WOMEN,192354.0,level
2014-01-01,AKM,RURAL_WOMEN,RURAL_WOMEN,192110.0,level
2015-01-01,AKM,RURAL_WOMEN,RURAL_WOMEN,191548.0,level
2016-01-01,AKM,RURAL_WOMEN,RURAL_WOMEN,192717.0,level
2017-01-01,AKM,RURAL_WOMEN,RURAL_WOMEN,188685.0,level
2018-01-01,AKM,RURAL_WOMEN,RURAL_WOMEN,189186.0,level
2019-01-01,AKM,RURAL_WOMEN,RURAL_WOMEN,188699.0,level
2020-01-01,AKM,RURAL_WOMEN,RURAL_WOMEN,186598.0,level
2021-01-01,AKM,RURAL_WOMEN,RURAL_WOMEN,184218.0,level
2022-01-01,AKM,RURAL_WOMEN,RURAL_WOMEN,172395.0,level
2023-01-01,AKM,RURAL_WOMEN,RURAL_WOMEN,171223.0,level
2024-01-01,AKM,RURAL_WOMEN,RURAL_WOMEN,168969.0,level
2025-01-01,AKM,RURAL_WOMEN,RURAL_WOMEN,165495.0,level
2026-01-01,AKM,RURAL_WOMEN,RURAL_WOMEN,162631.0,level
1991-01-01,AKT,RURAL_WOMEN,RURAL_WOMEN,165242.0,level
1992-01-01,AKT,RURAL_WOMEN,RURAL_WOMEN,165097.0,level
1993-01-01,AKT,RURAL_WOMEN,RURAL_WOMEN,165305.0,level
1994-01-01,AKT,RURAL_WOMEN,RURAL_WOMEN,165256.0,level
1995-01-01,AKT,RURAL_WOMEN,RURAL_WOMEN,162379.0,level
1996-01-01,AKT,RURAL_WOMEN,RURAL_WOMEN,158741.0,level
1997-01-01,AKT,RURAL_WOMEN,RURAL_WOMEN,156098.0,level
1998-01-01,AKT,RURAL_WOMEN,RURAL_WOMEN,152354.0,level
1999-01-01,AKT,RURAL_WOMEN,RURAL_WOMEN,152029.0,level
2000-01-01,AKT,RURAL_WOMEN,RURAL_WOMEN,151918.0,level
2001-01-01,AKT,RURAL_WOMEN,RURAL_WOMEN,150769.0,level
2002-01-01,AKT,RURAL_WOMEN,RURAL_WOMEN,152254.0,level
2003-01-01,AKT,RURAL_WOMEN,RURAL_WOMEN,151456.0,level
2004-01-01,AKT,RURAL_WOMEN,RURAL_WOMEN,151229.0,level
2005-01-01,AKT,RURAL_WOMEN,RURAL_WOMEN,151760.0,level
2006-01-01,AKT,RURAL_WOMEN,RURAL_WOMEN,153057.0,level
2007-01-01,AKT,RURAL_WOMEN,RURAL_WOMEN,154451.0,level
2008-01-01,AKT,RURAL_WOMEN,RURAL_WOMEN,162647.0,level
2009-01-01,AKT,RURAL_WOMEN,RURAL_WOMEN,125279.0,level
2010-01-01,AKT,RURAL_WOMEN,RURAL_WOMEN,125660.0,level
2011-01-01,AKT,RURAL_WOMEN,RURAL_WOMEN,125604.0,level
2012-01-01,AKT,RURAL_WOMEN,RURAL_WOMEN,126159.0,level
2013-01-01,AKT,RURAL_WOMEN,RURAL_WOMEN,127691.0,level
2014-01-01,AKT,RURAL_WOMEN,RURAL_WOMEN,129700.0,level
2015-01-01,AKT,RURAL_WOMEN,RURAL_WOMEN,129925.0,level
2016-01-01,AKT,RURAL_WOMEN,RURAL_WOMEN,130123.0,level
2017-01-01,AKT,RURAL_WOMEN,RURAL_WOMEN,129236.0,level
2018-01-01,AKT,RURAL_WOMEN,RURAL_WOMEN,126910.0,level
2019-01-01,AKT,RURAL_WOMEN,RURAL_WOMEN,126602.0,level
2020-01-01,AKT,RURAL_WOMEN,RURAL_WOMEN,125519.0,level
2021-01-01,AKT,RURAL_WOMEN,RURAL_WOMEN,125254.0,level
2022-01-01,AKT,RURAL_WOMEN,RURAL_WOMEN,115062.0,level
2023-01-01,AKT,RURAL_WOMEN,RURAL_WOMEN,114899.0,level
2024-01-01,AKT,RURAL_WOMEN,RURAL_WOMEN,114577.0,level
2025-01-01,AKT,RURAL_WOMEN,RURAL_WOMEN,112558.0,level
2026-01-01,AKT,RURAL_WOMEN,RURAL_WOMEN,109614.0,level
1991-01-01,ALM,RURAL_WOMEN,RURAL_WOMEN,558063.0,level
1992-01-01,ALM,RURAL_WOMEN,RURAL_WOMEN,562644.0,level
1993-01-01,ALM,RURAL_WOMEN,RURAL_WOMEN,560426.0,level
1994-01-01,ALM,RURAL_WOMEN,RURAL_WOMEN,559315.0,level
1995-01-01,ALM,RURAL_WOMEN,RURAL_WOMEN,558066.0,level
1996-01-01,ALM,RURAL_WOMEN,RURAL_WOMEN,555065.0,level
1997-01-01,ALM,RURAL_WOMEN,RURAL_WOMEN,552911.0,level
1998-01-01,ALM,RURAL_WOMEN,RURAL_WOMEN,550450.0,level
1999-01-01,ALM,RURAL_WOMEN,RURAL_WOMEN,549973.0,level
2000-01-01,ALM,RURAL_WOMEN,RURAL_WOMEN,550884.0,level
2001-01-01,ALM,RURAL_WOMEN,RURAL_WOMEN,551279.0,level
2002-01-01,ALM,RURAL_WOMEN,RURAL_WOMEN,551875.0,level
2003-01-01,ALM,RURAL_WOMEN,RURAL_WOMEN,552683.0,level
2004-01-01,ALM,RURAL_WOMEN,RURAL_WOMEN,554719.0,level
2005-01-01,ALM,RURAL_WOMEN,RURAL_WOMEN,558466.0,level
2006-01-01,ALM,RURAL_WOMEN,RURAL_WOMEN,561876.0,level
2007-01-01,ALM,RURAL_WOMEN,RURAL_WOMEN,565838.0,level
2008-01-01,ALM,RURAL_WOMEN,RURAL_WOMEN,631569.0,level
2009-01-01,ALM,RURAL_WOMEN,RURAL_WOMEN,467097.0,level
2010-01-01,ALM,RURAL_WOMEN,RURAL_WOMEN,477340.0,level
2011-01-01,ALM,RURAL_WOMEN,RURAL_WOMEN,489319.0,level
2012-01-01,ALM,RURAL_WOMEN,RURAL_WOMEN,502198.0,level
2013-01-01,ALM,RURAL_WOMEN,RURAL_WOMEN,515039.0,level
2014-01-01,ALM,RURAL_WOMEN,RURAL_WOMEN,528066.0,level
2015-01-01,ALM,RURAL_WOMEN,RURAL_WOMEN,537880.0,level
2016-01-01,ALM,RURAL_WOMEN,RURAL_WOMEN,547521.0,level
2017-01-01,ALM,RURAL_WOMEN,RURAL_WOMEN,562926.0,level
2018-01-01,ALM,RURAL_WOMEN,RURAL_WOMEN,581315.0,level
2019-01-01,ALM,RURAL_WOMEN,RURAL_WOMEN,593832.0,level
2020-01-01,ALM,RURAL_WOMEN,RURAL_WOMEN,607714.0,level
2021-01-01,ALM,RURAL_WOMEN,RURAL_WOMEN,616821.0,level
2022-01-01,ALM,RURAL_WOMEN,RURAL_WOMEN,593122.0,level
2023-01-01,ALM,RURAL_WOMEN,RURAL_WOMEN,603836.0,level
2024-01-01,ALM,RURAL_WOMEN,RURAL_WOMEN,613277.0,level
2025-01-01,ALM,RURAL_WOMEN,RURAL_WOMEN,624722.0,level
2026-01-01,ALM,RURAL_WOMEN,RURAL_WOMEN,638336.0,level
1991-01-01,ATY,RURAL_WOMEN,RURAL_WOMEN,84988.0,level
1992-01-01,ATY,RURAL_WOMEN,RURAL_WOMEN,85591.0,level
1993-01-01,ATY,RURAL_WOMEN,RURAL_WOMEN,86764.0,level
1994-01-01,ATY,RURAL_WOMEN,RURAL_WOMEN,90118.0,level
1995-01-01,ATY,RURAL_WOMEN,RURAL_WOMEN,90320.0,level
1996-01-01,ATY,RURAL_WOMEN,RURAL_WOMEN,90424.0,level
1997-01-01,ATY,RURAL_WOMEN,RURAL_WOMEN,90599.0,level
1998-01-01,ATY,RURAL_WOMEN,RURAL_WOMEN,90896.0,level
1999-01-01,ATY,RURAL_WOMEN,RURAL_WOMEN,91322.0,level
2000-01-01,ATY,RURAL_WOMEN,RURAL_WOMEN,92202.0,level
2001-01-01,ATY,RURAL_WOMEN,RURAL_WOMEN,92255.0,level
2002-01-01,ATY,RURAL_WOMEN,RURAL_WOMEN,92859.0,level
2003-01-01,ATY,RURAL_WOMEN,RURAL_WOMEN,93806.0,level
2004-01-01,ATY,RURAL_WOMEN,RURAL_WOMEN,97548.0,level
2005-01-01,ATY,RURAL_WOMEN,RURAL_WOMEN,100419.0,level
2006-01-01,ATY,RURAL_WOMEN,RURAL_WOMEN,101108.0,level
2007-01-01,ATY,RURAL_WOMEN,RURAL_WOMEN,102582.0,level
2008-01-01,ATY,RURAL_WOMEN,RURAL_WOMEN,127336.0,level
2009-01-01,ATY,RURAL_WOMEN,RURAL_WOMEN,121942.0,level
2010-01-01,ATY,RURAL_WOMEN,RURAL_WOMEN,123362.0,level
2011-01-01,ATY,RURAL_WOMEN,RURAL_WOMEN,124867.0,level
2012-01-01,ATY,RURAL_WOMEN,RURAL_WOMEN,126449.0,level
2013-01-01,ATY,RURAL_WOMEN,RURAL_WOMEN,128344.0,level
2014-01-01,ATY,RURAL_WOMEN,RURAL_WOMEN,130388.0,level
2015-01-01,ATY,RURAL_WOMEN,RURAL_WOMEN,132034.0,level
2016-01-01,ATY,RURAL_WOMEN,RURAL_WOMEN,133126.0,level
2017-01-01,ATY,RURAL_WOMEN,RURAL_WOMEN,134412.0,level
2018-01-01,ATY,RURAL_WOMEN,RURAL_WOMEN,136491.0,level
2019-01-01,ATY,RURAL_WOMEN,RURAL_WOMEN,140030.0,level
2020-01-01,ATY,RURAL_WOMEN,RURAL_WOMEN,143695.0,level
2021-01-01,ATY,RURAL_WOMEN,RURAL_WOMEN,146905.0,level
2022-01-01,ATY,RURAL_WOMEN,RURAL_WOMEN,150978.0,level
2023-01-01,ATY,RURAL_WOMEN,RURAL_WOMEN,153497.0,level
2024-01-01,ATY,RURAL_WOMEN,RURAL_WOMEN,154921.0,level
2025-01-01,ATY,RURAL_WOMEN,RURAL_WOMEN,157474.0,level
2026-01-01,ATY,RURAL_WOMEN,RURAL_WOMEN,158746.0,level
1991-01-01,KRG,RURAL_WOMEN,RURAL_WOMEN,152822.0,level
1992-01-01,KRG,RURAL_WOMEN,RURAL_WOMEN,148933.0,level
1993-01-01,KRG,RURAL_WOMEN,RURAL_WOMEN,146837.0,level
1994-01-01,KRG,RURAL_WOMEN,RURAL_WOMEN,145293.0,level
1995-01-01,KRG,RURAL_WOMEN,RURAL_WOMEN,140355.0,level
1996-01-01,KRG,RURAL_WOMEN,RURAL_WOMEN,136020.0,level
1997-01-01,KRG,RURAL_WOMEN,RURAL_WOMEN,133181.0,level
1998-01-01,KRG,RURAL_WOMEN,RURAL_WOMEN,129611.0,level
1999-01-01,KRG,RURAL_WOMEN,RURAL_WOMEN,125664.0,level
2000-01-01,KRG,RURAL_WOMEN,RURAL_WOMEN,122985.0,level
2001-01-01,KRG,RURAL_WOMEN,RURAL_WOMEN,119901.0,level
2002-01-01,KRG,RURAL_WOMEN,RURAL_WOMEN,116108.0,level
2003-01-01,KRG,RURAL_WOMEN,RURAL_WOMEN,113025.0,level
2004-01-01,KRG,RURAL_WOMEN,RURAL_WOMEN,110157.0,level
2005-01-01,KRG,RURAL_WOMEN,RURAL_WOMEN,106379.0,level
2006-01-01,KRG,RURAL_WOMEN,RURAL_WOMEN,103365.0,level
2007-01-01,KRG,RURAL_WOMEN,RURAL_WOMEN,101447.0,level
2008-01-01,KRG,RURAL_WOMEN,RURAL_WOMEN,150402.0,level
2009-01-01,KRG,RURAL_WOMEN,RURAL_WOMEN,126497.0,level
2010-01-01,KRG,RURAL_WOMEN,RURAL_WOMEN,124643.0,level
2011-01-01,KRG,RURAL_WOMEN,RURAL_WOMEN,123184.0,level
2012-01-01,KRG,RURAL_WOMEN,RURAL_WOMEN,121818.0,level
2013-01-01,KRG,RURAL_WOMEN,RURAL_WOMEN,121118.0,level
2014-01-01,KRG,RURAL_WOMEN,RURAL_WOMEN,119654.0,level
2015-01-01,KRG,RURAL_WOMEN,RURAL_WOMEN,118343.0,level
2016-01-01,KRG,RURAL_WOMEN,RURAL_WOMEN,117113.0,level
2017-01-01,KRG,RURAL_WOMEN,RURAL_WOMEN,115174.0,level
2018-01-01,KRG,RURAL_WOMEN,RURAL_WOMEN,113686.0,level
2019-01-01,KRG,RURAL_WOMEN,RURAL_WOMEN,113231.0,level
2020-01-01,KRG,RURAL_WOMEN,RURAL_WOMEN,111964.0,level
2021-01-01,KRG,RURAL_WOMEN,RURAL_WOMEN,110429.0,level
2022-01-01,KRG,RURAL_WOMEN,RURAL_WOMEN,105562.0,level
2023-01-01,KRG,RURAL_WOMEN,RURAL_WOMEN,104031.0,level
2024-01-01,KRG,RURAL_WOMEN,RURAL_WOMEN,102204.0,level
2025-01-01,KRG,RURAL_WOMEN,RURAL_WOMEN,99611.0,level
2026-01-01,KRG,RURAL_WOMEN,RURAL_WOMEN,96195.0,level
1991-01-01,KST,RURAL_WOMEN,RURAL_WOMEN,301965.0,level
1992-01-01,KST,RURAL_WOMEN,RURAL_WOMEN,305744.0,level
1993-01-01,KST,RURAL_WOMEN,RURAL_WOMEN,304004.0,level
1994-01-01,KST,RURAL_WOMEN,RURAL_WOMEN,305533.0,level
1995-01-01,KST,RURAL_WOMEN,RURAL_WOMEN,296511.0,level
1996-01-01,KST,RURAL_WOMEN,RURAL_WOMEN,282204.0,level
1997-01-01,KST,RURAL_WOMEN,RURAL_WOMEN,272971.0,level
1998-01-01,KST,RURAL_WOMEN,RURAL_WOMEN,251874.0,level
1999-01-01,KST,RURAL_WOMEN,RURAL_WOMEN,237509.0,level
2000-01-01,KST,RURAL_WOMEN,RURAL_WOMEN,231233.0,level
2001-01-01,KST,RURAL_WOMEN,RURAL_WOMEN,225926.0,level
2002-01-01,KST,RURAL_WOMEN,RURAL_WOMEN,220365.0,level
2003-01-01,KST,RURAL_WOMEN,RURAL_WOMEN,214991.0,level
2004-01-01,KST,RURAL_WOMEN,RURAL_WOMEN,211961.0,level
2005-01-01,KST,RURAL_WOMEN,RURAL_WOMEN,207214.0,level
2006-01-01,KST,RURAL_WOMEN,RURAL_WOMEN,214739.0,level
2007-01-01,KST,RURAL_WOMEN,RURAL_WOMEN,211931.0,level
2008-01-01,KST,RURAL_WOMEN,RURAL_WOMEN,236061.0,level
2009-01-01,KST,RURAL_WOMEN,RURAL_WOMEN,216745.0,level
2010-01-01,KST,RURAL_WOMEN,RURAL_WOMEN,214095.0,level
2011-01-01,KST,RURAL_WOMEN,RURAL_WOMEN,211923.0,level
2012-01-01,KST,RURAL_WOMEN,RURAL_WOMEN,209085.0,level
2013-01-01,KST,RURAL_WOMEN,RURAL_WOMEN,206727.0,level
2014-01-01,KST,RURAL_WOMEN,RURAL_WOMEN,204713.0,level
2015-01-01,KST,RURAL_WOMEN,RURAL_WOMEN,201833.0,level
2016-01-01,KST,RURAL_WOMEN,RURAL_WOMEN,199205.0,level
2017-01-01,KST,RURAL_WOMEN,RURAL_WOMEN,195483.0,level
2018-01-01,KST,RURAL_WOMEN,RURAL_WOMEN,191231.0,level
2019-01-01,KST,RURAL_WOMEN,RURAL_WOMEN,187944.0,level
2020-01-01,KST,RURAL_WOMEN,RURAL_WOMEN,183808.0,level
2021-01-01,KST,RURAL_WOMEN,RURAL_WOMEN,180957.0,level
2022-01-01,KST,RURAL_WOMEN,RURAL_WOMEN,159573.0,level
2023-01-01,KST,RURAL_WOMEN,RURAL_WOMEN,156400.0,level
2024-01-01,KST,RURAL_WOMEN,RURAL_WOMEN,153836.0,level
2025-01-01,KST,RURAL_WOMEN,RURAL_WOMEN,149753.0,level
2026-01-01,KST,RURAL_WOMEN,RURAL_WOMEN,145844.0,level
1991-01-01,KZL,RURAL_WOMEN,RURAL_WOMEN,113769.0,level
1992-01-01,KZL,RURAL_WOMEN,RURAL_WOMEN,113849.0,level
1993-01-01,KZL,RURAL_WOMEN,RURAL_WOMEN,114454.0,level
1994-01-01,KZL,RURAL_WOMEN,RURAL_WOMEN,114784.0,level
1995-01-01,KZL,RURAL_WOMEN,RURAL_WOMEN,111956.0,level
1996-01-01,KZL,RURAL_WOMEN,RURAL_WOMEN,112502.0,level
1997-01-01,KZL,RURAL_WOMEN,RURAL_WOMEN,112857.0,level
1998-01-01,KZL,RURAL_WOMEN,RURAL_WOMEN,113381.0,level
1999-01-01,KZL,RURAL_WOMEN,RURAL_WOMEN,114164.0,level
2000-01-01,KZL,RURAL_WOMEN,RURAL_WOMEN,115226.0,level
2001-01-01,KZL,RURAL_WOMEN,RURAL_WOMEN,116517.0,level
2002-01-01,KZL,RURAL_WOMEN,RURAL_WOMEN,117647.0,level
2003-01-01,KZL,RURAL_WOMEN,RURAL_WOMEN,118625.0,level
2004-01-01,KZL,RURAL_WOMEN,RURAL_WOMEN,119638.0,level
2005-01-01,KZL,RURAL_WOMEN,RURAL_WOMEN,120913.0,level
2006-01-01,KZL,RURAL_WOMEN,RURAL_WOMEN,122105.0,level
2007-01-01,KZL,RURAL_WOMEN,RURAL_WOMEN,123604.0,level
2008-01-01,KZL,RURAL_WOMEN,RURAL_WOMEN,201692.0,level
2009-01-01,KZL,RURAL_WOMEN,RURAL_WOMEN,194271.0,level
2010-01-01,KZL,RURAL_WOMEN,RURAL_WOMEN,196391.0,level
2011-01-01,KZL,RURAL_WOMEN,RURAL_WOMEN,199159.0,level
2012-01-01,KZL,RURAL_WOMEN,RURAL_WOMEN,201957.0,level
2013-01-01,KZL,RURAL_WOMEN,RURAL_WOMEN,204810.0,level
2014-01-01,KZL,RURAL_WOMEN,RURAL_WOMEN,207927.0,level
2015-01-01,KZL,RURAL_WOMEN,RURAL_WOMEN,210515.0,level
2016-01-01,KZL,RURAL_WOMEN,RURAL_WOMEN,211932.0,level
2017-01-01,KZL,RURAL_WOMEN,RURAL_WOMEN,211850.0,level
2018-01-01,KZL,RURAL_WOMEN,RURAL_WOMEN,213968.0,level
2019-01-01,KZL,RURAL_WOMEN,RURAL_WOMEN,216417.0,level
2020-01-01,KZL,RURAL_WOMEN,RURAL_WOMEN,218003.0,level
2021-01-01,KZL,RURAL_WOMEN,RURAL_WOMEN,219923.0,level
2022-01-01,KZL,RURAL_WOMEN,RURAL_WOMEN,213781.0,level
2023-01-01,KZL,RURAL_WOMEN,RURAL_WOMEN,215818.0,level
2024-01-01,KZL,RURAL_WOMEN,RURAL_WOMEN,217485.0,level
2025-01-01,KZL,RURAL_WOMEN,RURAL_WOMEN,217632.0,level
2026-01-01,KZL,RURAL_WOMEN,RURAL_WOMEN,216922.0,level
1991-01-01,MNG,RURAL_WOMEN,RURAL_WOMEN,17839.0,level
1992-01-01,MNG,RURAL_WOMEN,RURAL_WOMEN,18178.0,level
1993-01-01,MNG,RURAL_WOMEN,RURAL_WOMEN,18760.0,level
1994-01-01,MNG,RURAL_WOMEN,RURAL_WOMEN,33107.0,level
1995-01-01,MNG,RURAL_WOMEN,RURAL_WOMEN,33091.0,level
1996-01-01,MNG,RURAL_WOMEN,RURAL_WOMEN,32949.0,level
1997-01-01,MNG,RURAL_WOMEN,RURAL_WOMEN,32955.0,level
1998-01-01,MNG,RURAL_WOMEN,RURAL_WOMEN,33090.0,level
1999-01-01,MNG,RURAL_WOMEN,RURAL_WOMEN,33910.0,level
2000-01-01,MNG,RURAL_WOMEN,RURAL_WOMEN,34154.0,level
2001-01-01,MNG,RURAL_WOMEN,RURAL_WOMEN,34077.0,level
2002-01-01,MNG,RURAL_WOMEN,RURAL_WOMEN,37601.0,level
2003-01-01,MNG,RURAL_WOMEN,RURAL_WOMEN,38463.0,level
2004-01-01,MNG,RURAL_WOMEN,RURAL_WOMEN,41178.0,level
2005-01-01,MNG,RURAL_WOMEN,RURAL_WOMEN,42767.0,level
2006-01-01,MNG,RURAL_WOMEN,RURAL_WOMEN,54711.0,level
2007-01-01,MNG,RURAL_WOMEN,RURAL_WOMEN,59867.0,level
2008-01-01,MNG,RURAL_WOMEN,RURAL_WOMEN,86264.0,level
2009-01-01,MNG,RURAL_WOMEN,RURAL_WOMEN,116676.0,level
2010-01-01,MNG,RURAL_WOMEN,RURAL_WOMEN,123512.0,level
2011-01-01,MNG,RURAL_WOMEN,RURAL_WOMEN,130741.0,level
2012-01-01,MNG,RURAL_WOMEN,RURAL_WOMEN,138354.0,level
2013-01-01,MNG,RURAL_WOMEN,RURAL_WOMEN,146477.0,level
2014-01-01,MNG,RURAL_WOMEN,RURAL_WOMEN,153592.0,level
2015-01-01,MNG,RURAL_WOMEN,RURAL_WOMEN,160414.0,level
2016-01-01,MNG,RURAL_WOMEN,RURAL_WOMEN,168630.0,level
2017-01-01,MNG,RURAL_WOMEN,RURAL_WOMEN,175535.0,level
2018-01-01,MNG,RURAL_WOMEN,RURAL_WOMEN,185087.0,level
2019-01-01,MNG,RURAL_WOMEN,RURAL_WOMEN,192732.0,level
2020-01-01,MNG,RURAL_WOMEN,RURAL_WOMEN,199849.0,level
2021-01-01,MNG,RURAL_WOMEN,RURAL_WOMEN,204389.0,level
2022-01-01,MNG,RURAL_WOMEN,RURAL_WOMEN,202271.0,level
2023-01-01,MNG,RURAL_WOMEN,RURAL_WOMEN,207010.0,level
2024-01-01,MNG,RURAL_WOMEN,RURAL_WOMEN,210681.0,level
2025-01-01,MNG,RURAL_WOMEN,RURAL_WOMEN,212989.0,level
2026-01-01,MNG,RURAL_WOMEN,RURAL_WOMEN,212950.0,level
1991-01-01,PVL,RURAL_WOMEN,RURAL_WOMEN,167112.0,level
1992-01-01,PVL,RURAL_WOMEN,RURAL_WOMEN,170010.0,level
1993-01-01,PVL,RURAL_WOMEN,RURAL_WOMEN,174180.0,level
1994-01-01,PVL,RURAL_WOMEN,RURAL_WOMEN,188410.0,level
1995-01-01,PVL,RURAL_WOMEN,RURAL_WOMEN,180203.0,level
1996-01-01,PVL,RURAL_WOMEN,RURAL_WOMEN,171363.0,level
1997-01-01,PVL,RURAL_WOMEN,RURAL_WOMEN,164615.0,level
1998-01-01,PVL,RURAL_WOMEN,RURAL_WOMEN,157513.0,level
1999-01-01,PVL,RURAL_WOMEN,RURAL_WOMEN,150161.0,level
2000-01-01,PVL,RURAL_WOMEN,RURAL_WOMEN,147028.0,level
2001-01-01,PVL,RURAL_WOMEN,RURAL_WOMEN,143068.0,level
2002-01-01,PVL,RURAL_WOMEN,RURAL_WOMEN,138661.0,level
2003-01-01,PVL,RURAL_WOMEN,RURAL_WOMEN,135933.0,level
2004-01-01,PVL,RURAL_WOMEN,RURAL_WOMEN,132848.0,level
2005-01-01,PVL,RURAL_WOMEN,RURAL_WOMEN,129567.0,level
2006-01-01,PVL,RURAL_WOMEN,RURAL_WOMEN,128747.0,level
2007-01-01,PVL,RURAL_WOMEN,RURAL_WOMEN,127352.0,level
2008-01-01,PVL,RURAL_WOMEN,RURAL_WOMEN,129652.0,level
2009-01-01,PVL,RURAL_WOMEN,RURAL_WOMEN,120674.0,level
2010-01-01,PVL,RURAL_WOMEN,RURAL_WOMEN,119030.0,level
2011-01-01,PVL,RURAL_WOMEN,RURAL_WOMEN,118357.0,level
2012-01-01,PVL,RURAL_WOMEN,RURAL_WOMEN,117378.0,level
2013-01-01,PVL,RURAL_WOMEN,RURAL_WOMEN,116257.0,level
2014-01-01,PVL,RURAL_WOMEN,RURAL_WOMEN,114417.0,level
2015-01-01,PVL,RURAL_WOMEN,RURAL_WOMEN,113118.0,level
2016-01-01,PVL,RURAL_WOMEN,RURAL_WOMEN,112033.0,level
2017-01-01,PVL,RURAL_WOMEN,RURAL_WOMEN,110973.0,level
2018-01-01,PVL,RURAL_WOMEN,RURAL_WOMEN,110200.0,level
2019-01-01,PVL,RURAL_WOMEN,RURAL_WOMEN,110226.0,level
2020-01-01,PVL,RURAL_WOMEN,RURAL_WOMEN,109733.0,level
2021-01-01,PVL,RURAL_WOMEN,RURAL_WOMEN,109201.0,level
2022-01-01,PVL,RURAL_WOMEN,RURAL_WOMEN,109951.0,level
2023-01-01,PVL,RURAL_WOMEN,RURAL_WOMEN,109028.0,level
2024-01-01,PVL,RURAL_WOMEN,RURAL_WOMEN,108152.0,level
2025-01-01,PVL,RURAL_WOMEN,RURAL_WOMEN,105892.0,level
2026-01-01,PVL,RURAL_WOMEN,RURAL_WOMEN,103570.0,level
1991-01-01,SKO,RURAL_WOMEN,RURAL_WOMEN,292988.0,level
1992-01-01,SKO,RURAL_WOMEN,RURAL_WOMEN,294917.0,level
1993-01-01,SKO,RURAL_WOMEN,RURAL_WOMEN,296054.0,level
1994-01-01,SKO,RURAL_WOMEN,RURAL_WOMEN,297278.0,level
1995-01-01,SKO,RURAL_WOMEN,RURAL_WOMEN,284652.0,level
1996-01-01,SKO,RURAL_WOMEN,RURAL_WOMEN,270772.0,level
1997-01-01,SKO,RURAL_WOMEN,RURAL_WOMEN,256216.0,level
1998-01-01,SKO,RURAL_WOMEN,RURAL_WOMEN,239252.0,level
1999-01-01,SKO,RURAL_WOMEN,RURAL_WOMEN,228816.0,level
2000-01-01,SKO,RURAL_WOMEN,RURAL_WOMEN,224394.0,level
2001-01-01,SKO,RURAL_WOMEN,RURAL_WOMEN,221004.0,level
2002-01-01,SKO,RURAL_WOMEN,RURAL_WOMEN,217557.0,level
2003-01-01,SKO,RURAL_WOMEN,RURAL_WOMEN,216221.0,level
2004-01-01,SKO,RURAL_WOMEN,RURAL_WOMEN,216622.0,level
2005-01-01,SKO,RURAL_WOMEN,RURAL_WOMEN,222144.0,level
2006-01-01,SKO,RURAL_WOMEN,RURAL_WOMEN,220526.0,level
2007-01-01,SKO,RURAL_WOMEN,RURAL_WOMEN,217964.0,level
2008-01-01,SKO,RURAL_WOMEN,RURAL_WOMEN,214502.0,level
2009-01-01,SKO,RURAL_WOMEN,RURAL_WOMEN,182182.0,level
2010-01-01,SKO,RURAL_WOMEN,RURAL_WOMEN,179310.0,level
2011-01-01,SKO,RURAL_WOMEN,RURAL_WOMEN,177008.0,level
2012-01-01,SKO,RURAL_WOMEN,RURAL_WOMEN,174171.0,level
2013-01-01,SKO,RURAL_WOMEN,RURAL_WOMEN,171572.0,level
2014-01-01,SKO,RURAL_WOMEN,RURAL_WOMEN,168447.0,level
2015-01-01,SKO,RURAL_WOMEN,RURAL_WOMEN,165285.0,level
2016-01-01,SKO,RURAL_WOMEN,RURAL_WOMEN,160928.0,level
2017-01-01,SKO,RURAL_WOMEN,RURAL_WOMEN,157243.0,level
2018-01-01,SKO,RURAL_WOMEN,RURAL_WOMEN,153853.0,level
2019-01-01,SKO,RURAL_WOMEN,RURAL_WOMEN,151117.0,level
2020-01-01,SKO,RURAL_WOMEN,RURAL_WOMEN,147952.0,level
2021-01-01,SKO,RURAL_WOMEN,RURAL_WOMEN,145185.0,level
2022-01-01,SKO,RURAL_WOMEN,RURAL_WOMEN,140003.0,level
2023-01-01,SKO,RURAL_WOMEN,RURAL_WOMEN,137461.0,level
2024-01-01,SKO,RURAL_WOMEN,RURAL_WOMEN,135229.0,level
2025-01-01,SKO,RURAL_WOMEN,RURAL_WOMEN,131877.0,level
2026-01-01,SKO,RURAL_WOMEN,RURAL_WOMEN,127675.0,level
2009-01-01,TRK,RURAL_WOMEN,RURAL_WOMEN,677735.0,level
2010-01-01,TRK,RURAL_WOMEN,RURAL_WOMEN,690360.0,level
2011-01-01,TRK,RURAL_WOMEN,RURAL_WOMEN,705920.0,level
2012-01-01,TRK,RURAL_WOMEN,RURAL_WOMEN,721175.0,level
2013-01-01,TRK,RURAL_WOMEN,RURAL_WOMEN,735035.0,level
2014-01-01,TRK,RURAL_WOMEN,RURAL_WOMEN,748609.0,level
2015-01-01,TRK,RURAL_WOMEN,RURAL_WOMEN,760003.0,level
2016-01-01,TRK,RURAL_WOMEN,RURAL_WOMEN,770929.0,level
2017-01-01,TRK,RURAL_WOMEN,RURAL_WOMEN,776951.0,level
2018-01-01,TRK,RURAL_WOMEN,RURAL_WOMEN,782286.0,level
2019-01-01,TRK,RURAL_WOMEN,RURAL_WOMEN,783021.0,level
2020-01-01,TRK,RURAL_WOMEN,RURAL_WOMEN,790401.0,level
2021-01-01,TRK,RURAL_WOMEN,RURAL_WOMEN,797901.0,level
2022-01-01,TRK,RURAL_WOMEN,RURAL_WOMEN,770456.0,level
2023-01-01,TRK,RURAL_WOMEN,RURAL_WOMEN,779187.0,level
2024-01-01,TRK,RURAL_WOMEN,RURAL_WOMEN,784850.0,level
2025-01-01,TRK,RURAL_WOMEN,RURAL_WOMEN,785316.0,level
2026-01-01,TRK,RURAL_WOMEN,RURAL_WOMEN,779194.0,level
2009-01-01,ULT,RURAL_WOMEN,RURAL_WOMEN,24307.0,level
2010-01-01,ULT,RURAL_WOMEN,RURAL_WOMEN,24041.0,level
2011-01-01,ULT,RURAL_WOMEN,RURAL_WOMEN,24091.0,level
2012-01-01,ULT,RURAL_WOMEN,RURAL_WOMEN,24275.0,level
2013-01-01,ULT,RURAL_WOMEN,RURAL_WOMEN,24683.0,level
2014-01-01,ULT,RURAL_WOMEN,RURAL_WOMEN,24887.0,level
2015-01-01,ULT,RURAL_WOMEN,RURAL_WOMEN,24913.0,level
2016-01-01,ULT,RURAL_WOMEN,RURAL_WOMEN,24942.0,level
2017-01-01,ULT,RURAL_WOMEN,RURAL_WOMEN,24772.0,level
2018-01-01,ULT,RURAL_WOMEN,RURAL_WOMEN,24759.0,level
2019-01-01,ULT,RURAL_WOMEN,RURAL_WOMEN,25020.0,level
2020-01-01,ULT,RURAL_WOMEN,RURAL_WOMEN,25080.0,level
2021-01-01,ULT,RURAL_WOMEN,RURAL_WOMEN,25001.0,level
2022-01-01,ULT,RURAL_WOMEN,RURAL_WOMEN,22405.0,level
2023-01-01,ULT,RURAL_WOMEN,RURAL_WOMEN,22331.0,level
2024-01-01,ULT,RURAL_WOMEN,RURAL_WOMEN,22247.0,level
2025-01-01,ULT,RURAL_WOMEN,RURAL_WOMEN,21880.0,level
2026-01-01,ULT,RURAL_WOMEN,RURAL_WOMEN,21450.0,level
1991-01-01,VKO,RURAL_WOMEN,RURAL_WOMEN,363479.0,level
1992-01-01,VKO,RURAL_WOMEN,RURAL_WOMEN,364215.0,level
1993-01-01,VKO,RURAL_WOMEN,RURAL_WOMEN,365797.0,level
1994-01-01,VKO,RURAL_WOMEN,RURAL_WOMEN,364610.0,level
1995-01-01,VKO,RURAL_WOMEN,RURAL_WOMEN,354799.0,level
1996-01-01,VKO,RURAL_WOMEN,RURAL_WOMEN,343224.0,level
1997-01-01,VKO,RURAL_WOMEN,RURAL_WOMEN,334080.0,level
1998-01-01,VKO,RURAL_WOMEN,RURAL_WOMEN,323691.0,level
1999-01-01,VKO,RURAL_WOMEN,RURAL_WOMEN,315826.0,level
2000-01-01,VKO,RURAL_WOMEN,RURAL_WOMEN,313490.0,level
2001-01-01,VKO,RURAL_WOMEN,RURAL_WOMEN,309831.0,level
2002-01-01,VKO,RURAL_WOMEN,RURAL_WOMEN,306385.0,level
2003-01-01,VKO,RURAL_WOMEN,RURAL_WOMEN,301523.0,level
2004-01-01,VKO,RURAL_WOMEN,RURAL_WOMEN,298598.0,level
2005-01-01,VKO,RURAL_WOMEN,RURAL_WOMEN,293235.0,level
2006-01-01,VKO,RURAL_WOMEN,RURAL_WOMEN,288803.0,level
2007-01-01,VKO,RURAL_WOMEN,RURAL_WOMEN,285743.0,level
2008-01-01,VKO,RURAL_WOMEN,RURAL_WOMEN,326540.0,level
2009-01-01,VKO,RURAL_WOMEN,RURAL_WOMEN,151969.0,level
2010-01-01,VKO,RURAL_WOMEN,RURAL_WOMEN,151537.0,level
2011-01-01,VKO,RURAL_WOMEN,RURAL_WOMEN,150465.0,level
2012-01-01,VKO,RURAL_WOMEN,RURAL_WOMEN,148665.0,level
2013-01-01,VKO,RURAL_WOMEN,RURAL_WOMEN,147840.0,level
2014-01-01,VKO,RURAL_WOMEN,RURAL_WOMEN,145798.0,level
2015-01-01,VKO,RURAL_WOMEN,RURAL_WOMEN,144214.0,level
2016-01-01,VKO,RURAL_WOMEN,RURAL_WOMEN,142132.0,level
2017-01-01,VKO,RURAL_WOMEN,RURAL_WOMEN,140079.0,level
2018-01-01,VKO,RURAL_WOMEN,RURAL_WOMEN,136401.0,level
2019-01-01,VKO,RURAL_WOMEN,RURAL_WOMEN,133642.0,level
2020-01-01,VKO,RURAL_WOMEN,RURAL_WOMEN,130702.0,level
2021-01-01,VKO,RURAL_WOMEN,RURAL_WOMEN,128644.0,level
2022-01-01,VKO,RURAL_WOMEN,RURAL_WOMEN,124717.0,level
2023-01-01,VKO,RURAL_WOMEN,RURAL_WOMEN,122925.0,level
2024-01-01,VKO,RURAL_WOMEN,RURAL_WOMEN,120933.0,level
2025-01-01,VKO,RURAL_WOMEN,RURAL_WOMEN,118378.0,level
2026-01-01,VKO,RURAL_WOMEN,RURAL_WOMEN,115345.0,level
1991-01-01,YKO,RURAL_WOMEN,RURAL_WOMEN,557744.0,level
1992-01-01,YKO,RURAL_WOMEN,RURAL_WOMEN,565540.0,level
1993-01-01,YKO,RURAL_WOMEN,RURAL_WOMEN,574852.0,level
1994-01-01,YKO,RURAL_WOMEN,RURAL_WOMEN,584712.0,level
1995-01-01,YKO,RURAL_WOMEN,RURAL_WOMEN,591525.0,level
1996-01-01,YKO,RURAL_WOMEN,RURAL_WOMEN,600168.0,level
1997-01-01,YKO,RURAL_WOMEN,RURAL_WOMEN,607953.0,level
1998-01-01,YKO,RURAL_WOMEN,RURAL_WOMEN,610839.0,level
1999-01-01,YKO,RURAL_WOMEN,RURAL_WOMEN,598852.0,level
2000-01-01,YKO,RURAL_WOMEN,RURAL_WOMEN,605938.0,level
2001-01-01,YKO,RURAL_WOMEN,RURAL_WOMEN,607883.0,level
2002-01-01,YKO,RURAL_WOMEN,RURAL_WOMEN,612937.0,level
2003-01-01,YKO,RURAL_WOMEN,RURAL_WOMEN,625397.0,level
2004-01-01,YKO,RURAL_WOMEN,RURAL_WOMEN,638583.0,level
2005-01-01,YKO,RURAL_WOMEN,RURAL_WOMEN,653273.0,level
2006-01-01,YKO,RURAL_WOMEN,RURAL_WOMEN,667860.0,level
2007-01-01,YKO,RURAL_WOMEN,RURAL_WOMEN,683996.0,level
2008-01-01,YKO,RURAL_WOMEN,RURAL_WOMEN,718545.0,level
1991-01-01,ZHM,RURAL_WOMEN,RURAL_WOMEN,272500.0,level
1992-01-01,ZHM,RURAL_WOMEN,RURAL_WOMEN,270784.0,level
1993-01-01,ZHM,RURAL_WOMEN,RURAL_WOMEN,269094.0,level
1994-01-01,ZHM,RURAL_WOMEN,RURAL_WOMEN,269617.0,level
1995-01-01,ZHM,RURAL_WOMEN,RURAL_WOMEN,270077.0,level
1996-01-01,ZHM,RURAL_WOMEN,RURAL_WOMEN,267363.0,level
1997-01-01,ZHM,RURAL_WOMEN,RURAL_WOMEN,266486.0,level
1998-01-01,ZHM,RURAL_WOMEN,RURAL_WOMEN,265330.0,level
1999-01-01,ZHM,RURAL_WOMEN,RURAL_WOMEN,267935.0,level
2000-01-01,ZHM,RURAL_WOMEN,RURAL_WOMEN,268572.0,level
2001-01-01,ZHM,RURAL_WOMEN,RURAL_WOMEN,269049.0,level
2002-01-01,ZHM,RURAL_WOMEN,RURAL_WOMEN,269353.0,level
2003-01-01,ZHM,RURAL_WOMEN,RURAL_WOMEN,269435.0,level
2004-01-01,ZHM,RURAL_WOMEN,RURAL_WOMEN,270637.0,level
2005-01-01,ZHM,RURAL_WOMEN,RURAL_WOMEN,271198.0,level
2006-01-01,ZHM,RURAL_WOMEN,RURAL_WOMEN,273731.0,level
2007-01-01,ZHM,RURAL_WOMEN,RURAL_WOMEN,276552.0,level
2008-01-01,ZHM,RURAL_WOMEN,RURAL_WOMEN,295229.0,level
2009-01-01,ZHM,RURAL_WOMEN,RURAL_WOMEN,303546.0,level
2010-01-01,ZHM,RURAL_WOMEN,RURAL_WOMEN,307255.0,level
2011-01-01,ZHM,RURAL_WOMEN,RURAL_WOMEN,311543.0,level
2012-01-01,ZHM,RURAL_WOMEN,RURAL_WOMEN,316018.0,level
2013-01-01,ZHM,RURAL_WOMEN,RURAL_WOMEN,319898.0,level
2014-01-01,ZHM,RURAL_WOMEN,RURAL_WOMEN,322226.0,level
2015-01-01,ZHM,RURAL_WOMEN,RURAL_WOMEN,325912.0,level
2016-01-01,ZHM,RURAL_WOMEN,RURAL_WOMEN,328262.0,level
2017-01-01,ZHM,RURAL_WOMEN,RURAL_WOMEN,330831.0,level
2018-01-01,ZHM,RURAL_WOMEN,RURAL_WOMEN,333938.0,level
2019-01-01,ZHM,RURAL_WOMEN,RURAL_WOMEN,335984.0,level
2020-01-01,ZHM,RURAL_WOMEN,RURAL_WOMEN,337184.0,level
2021-01-01,ZHM,RURAL_WOMEN,RURAL_WOMEN,337785.0,level
2022-01-01,ZHM,RURAL_WOMEN,RURAL_WOMEN,316776.0,level
2023-01-01,ZHM,RURAL_WOMEN,RURAL_WOMEN,317364.0,level
2024-01-01,ZHM,RURAL_WOMEN,RURAL_WOMEN,316979.0,level
2025-01-01,ZHM,RURAL_WOMEN,RURAL_WOMEN,314033.0,level
2026-01-01,ZHM,RURAL_WOMEN,RURAL_WOMEN,308534.0,level
2009-01-01,ZHT,RURAL_WOMEN,RURAL_WOMEN,186834.0,level
2010-01-01,ZHT,RURAL_WOMEN,RURAL_WOMEN,187994.0,level
2011-01-01,ZHT,RURAL_WOMEN,RURAL_WOMEN,189546.0,level
2012-01-01,ZHT,RURAL_WOMEN,RURAL_WOMEN,189764.0,level
2013-01-01,ZHT,RURAL_WOMEN,RURAL_WOMEN,190771.0,level
2014-01-01,ZHT,RURAL_WOMEN,RURAL_WOMEN,192065.0,level
2015-01-01,ZHT,RURAL_WOMEN,RURAL_WOMEN,193208.0,level
2016-01-01,ZHT,RURAL_WOMEN,RURAL_WOMEN,193213.0,level
2017-01-01,ZHT,RURAL_WOMEN,RURAL_WOMEN,193140.0,level
2018-01-01,ZHT,RURAL_WOMEN,RURAL_WOMEN,194131.0,level
2019-01-01,ZHT,RURAL_WOMEN,RURAL_WOMEN,194976.0,level
2020-01-01,ZHT,RURAL_WOMEN,RURAL_WOMEN,193986.0,level
2021-01-01,ZHT,RURAL_WOMEN,RURAL_WOMEN,193399.0,level
2022-01-01,ZHT,RURAL_WOMEN,RURAL_WOMEN,190039.0,level
2023-01-01,ZHT,RURAL_WOMEN,RURAL_WOMEN,189120.0,level
2024-01-01,ZHT,RURAL_WOMEN,RURAL_WOMEN,188290.0,level
2025-01-01,ZHT,RURAL_WOMEN,RURAL_WOMEN,185997.0,level
2026-01-01,ZHT,RURAL_WOMEN,RURAL_WOMEN,182583.0,level
1991-01-01,ZKO,RURAL_WOMEN,RURAL_WOMEN,186825.0,level
1992-01-01,ZKO,RURAL_WOMEN,RURAL_WOMEN,196048.0,level
1993-01-01,ZKO,RURAL_WOMEN,RURAL_WOMEN,197503.0,level
1994-01-01,ZKO,RURAL_WOMEN,RURAL_WOMEN,197849.0,level
1995-01-01,ZKO,RURAL_WOMEN,RURAL_WOMEN,195969.0,level
1996-01-01,ZKO,RURAL_WOMEN,RURAL_WOMEN,193825.0,level
1997-01-01,ZKO,RURAL_WOMEN,RURAL_WOMEN,190553.0,level
1998-01-01,ZKO,RURAL_WOMEN,RURAL_WOMEN,186354.0,level
1999-01-01,ZKO,RURAL_WOMEN,RURAL_WOMEN,182853.0,level
2000-01-01,ZKO,RURAL_WOMEN,RURAL_WOMEN,180887.0,level
2001-01-01,ZKO,RURAL_WOMEN,RURAL_WOMEN,178157.0,level
2002-01-01,ZKO,RURAL_WOMEN,RURAL_WOMEN,175856.0,level
2003-01-01,ZKO,RURAL_WOMEN,RURAL_WOMEN,173880.0,level
2004-01-01,ZKO,RURAL_WOMEN,RURAL_WOMEN,172700.0,level
2005-01-01,ZKO,RURAL_WOMEN,RURAL_WOMEN,172472.0,level
2006-01-01,ZKO,RURAL_WOMEN,RURAL_WOMEN,171150.0,level
2007-01-01,ZKO,RURAL_WOMEN,RURAL_WOMEN,172147.0,level
2008-01-01,ZKO,RURAL_WOMEN,RURAL_WOMEN,171141.0,level
2009-01-01,ZKO,RURAL_WOMEN,RURAL_WOMEN,162019.0,level
2010-01-01,ZKO,RURAL_WOMEN,RURAL_WOMEN,161361.0,level
2011-01-01,ZKO,RURAL_WOMEN,RURAL_WOMEN,160021.0,level
2012-01-01,ZKO,RURAL_WOMEN,RURAL_WOMEN,158022.0,level
2013-01-01,ZKO,RURAL_WOMEN,RURAL_WOMEN,157338.0,level
2014-01-01,ZKO,RURAL_WOMEN,RURAL_WOMEN,157405.0,level
2015-01-01,ZKO,RURAL_WOMEN,RURAL_WOMEN,157685.0,level
2016-01-01,ZKO,RURAL_WOMEN,RURAL_WOMEN,158338.0,level
2017-01-01,ZKO,RURAL_WOMEN,RURAL_WOMEN,156740.0,level
2018-01-01,ZKO,RURAL_WOMEN,RURAL_WOMEN,154859.0,level
2019-01-01,ZKO,RURAL_WOMEN,RURAL_WOMEN,154469.0,level
2020-01-01,ZKO,RURAL_WOMEN,RURAL_WOMEN,154147.0,level
2021-01-01,ZKO,RURAL_WOMEN,RURAL_WOMEN,154262.0,level
2022-01-01,ZKO,RURAL_WOMEN,RURAL_WOMEN,148816.0,level
2023-01-01,ZKO,RURAL_WOMEN,RURAL_WOMEN,148743.0,level
2024-01-01,ZKO,RURAL_WOMEN,RURAL_WOMEN,148542.0,level
2025-01-01,ZKO,RURAL_WOMEN,RURAL_WOMEN,146351.0,level
2026-01-01,ZKO,RURAL_WOMEN,RURAL_WOMEN,144341.0,level
1991-01-01,national,RURAL_WOMEN,RURAL_WOMEN,3517805.0,level
1992-01-01,national,RURAL_WOMEN,RURAL_WOMEN,3543430.0,level
1993-01-01,national,RURAL_WOMEN,RURAL_WOMEN,3558540.0,level
1994-01-01,national,RURAL_WOMEN,RURAL_WOMEN,3600466.0,level
1995-01-01,national,RURAL_WOMEN,RURAL_WOMEN,3547489.0,level
1996-01-01,national,RURAL_WOMEN,RURAL_WOMEN,3481163.0,level
1997-01-01,national,RURAL_WOMEN,RURAL_WOMEN,3428312.0,level
1998-01-01,national,RURAL_WOMEN,RURAL_WOMEN,3347257.0,level
1999-01-01,national,RURAL_WOMEN,RURAL_WOMEN,3275099.0,level
2000-01-01,national,RURAL_WOMEN,RURAL_WOMEN,3256377.0,level
2001-01-01,national,RURAL_WOMEN,RURAL_WOMEN,3230676.0,level
2002-01-01,national,RURAL_WOMEN,RURAL_WOMEN,3214805.0,level
2003-01-01,national,RURAL_WOMEN,RURAL_WOMEN,3208273.0,level
2004-01-01,national,RURAL_WOMEN,RURAL_WOMEN,3218244.0,level
2005-01-01,national,RURAL_WOMEN,RURAL_WOMEN,3229309.0,level
2006-01-01,national,RURAL_WOMEN,RURAL_WOMEN,3260058.0,level
2007-01-01,national,RURAL_WOMEN,RURAL_WOMEN,3281422.0,level
2008-01-01,national,RURAL_WOMEN,RURAL_WOMEN,3661871.0,level
2009-01-01,national,RURAL_WOMEN,RURAL_WOMEN,3522868.0,level
2010-01-01,national,RURAL_WOMEN,RURAL_WOMEN,3548003.0,level
2011-01-01,national,RURAL_WOMEN,RURAL_WOMEN,3581482.0,level
2012-01-01,national,RURAL_WOMEN,RURAL_WOMEN,3612546.0,level
2013-01-01,national,RURAL_WOMEN,RURAL_WOMEN,3647858.0,level
2014-01-01,national,RURAL_WOMEN,RURAL_WOMEN,3680567.0,level
2015-01-01,national,RURAL_WOMEN,RURAL_WOMEN,3706704.0,level
2016-01-01,national,RURAL_WOMEN,RURAL_WOMEN,3728753.0,level
2017-01-01,national,RURAL_WOMEN,RURAL_WOMEN,3739000.0,level
2018-01-01,national,RURAL_WOMEN,RURAL_WOMEN,3759978.0,level
2019-01-01,national,RURAL_WOMEN,RURAL_WOMEN,3777837.0,level
2020-01-01,national,RURAL_WOMEN,RURAL_WOMEN,3793877.0,level
2021-01-01,national,RURAL_WOMEN,RURAL_WOMEN,3805830.0,level
2022-01-01,national,RURAL_WOMEN,RURAL_WOMEN,3656505.0,level
2023-01-01,national,RURAL_WOMEN,RURAL_WOMEN,3671449.0,level
2024-01-01,national,RURAL_WOMEN,RURAL_WOMEN,3677250.0,level
2025-01-01,national,RURAL_WOMEN,RURAL_WOMEN,3662761.0,level
2026-01-01,national,RURAL_WOMEN,RURAL_WOMEN,3632814.0,level
2009-01-01,ABY,URBAN,URBAN,358767.0,level
2010-01-01,ABY,URBAN,URBAN,361570.0,level
2011-01-01,ABY,URBAN,URBAN,364027.0,level
2012-01-01,ABY,URBAN,URBAN,366349.0,level
2013-01-01,ABY,URBAN,URBAN,370267.0,level
2014-01-01,ABY,URBAN,URBAN,372707.0,level
2015-01-01,ABY,URBAN,URBAN,375040.0,level
2016-01-01,ABY,URBAN,URBAN,379852.0,level
2017-01-01,ABY,URBAN,URBAN,380594.0,level
2018-01-01,ABY,URBAN,URBAN,383347.0,level
2019-01-01,ABY,URBAN,URBAN,384854.0,level
2020-01-01,ABY,URBAN,URBAN,385329.0,level
2021-01-01,ABY,URBAN,URBAN,385891.0,level
2022-01-01,ABY,URBAN,URBAN,368564.0,level
2023-01-01,ABY,URBAN,URBAN,370746.0,level
2024-01-01,ABY,URBAN,URBAN,372556.0,level
2025-01-01,ABY,URBAN,URBAN,374229.0,level
2026-01-01,ABY,URBAN,URBAN,374500.0,level
1991-01-01,AKM,URBAN,URBAN,507728.0,level
1992-01-01,AKM,URBAN,URBAN,509869.0,level
1993-01-01,AKM,URBAN,URBAN,498852.0,level
1994-01-01,AKM,URBAN,URBAN,487068.0,level
1995-01-01,AKM,URBAN,URBAN,457634.0,level
1996-01-01,AKM,URBAN,URBAN,440773.0,level
1997-01-01,AKM,URBAN,URBAN,427171.0,level
1998-01-01,AKM,URBAN,URBAN,397035.0,level
1999-01-01,AKM,URBAN,URBAN,380654.0,level
2000-01-01,AKM,URBAN,URBAN,367684.0,level
2001-01-01,AKM,URBAN,URBAN,357859.0,level
2002-01-01,AKM,URBAN,URBAN,347955.0,level
2003-01-01,AKM,URBAN,URBAN,346306.0,level
2004-01-01,AKM,URBAN,URBAN,349153.0,level
2005-01-01,AKM,URBAN,URBAN,352204.0,level
2006-01-01,AKM,URBAN,URBAN,354580.0,level
2007-01-01,AKM,URBAN,URBAN,358270.0,level
2008-01-01,AKM,URBAN,URBAN,333559.0,level
2009-01-01,AKM,URBAN,URBAN,346858.0,level
2010-01-01,AKM,URBAN,URBAN,347028.0,level
2011-01-01,AKM,URBAN,URBAN,347252.0,level
2012-01-01,AKM,URBAN,URBAN,346798.0,level
2013-01-01,AKM,URBAN,URBAN,349603.0,level
2014-01-01,AKM,URBAN,URBAN,352866.0,level
2015-01-01,AKM,URBAN,URBAN,354955.0,level
2016-01-01,AKM,URBAN,URBAN,360319.0,level
2017-01-01,AKM,URBAN,URBAN,357938.0,level
2018-01-01,AKM,URBAN,URBAN,360557.0,level
2019-01-01,AKM,URBAN,URBAN,360789.0,level
2020-01-01,AKM,URBAN,URBAN,362786.0,level
2021-01-01,AKM,URBAN,URBAN,365691.0,level
2022-01-01,AKM,URBAN,URBAN,438207.0,level
2023-01-01,AKM,URBAN,URBAN,441997.0,level
2024-01-01,AKM,URBAN,URBAN,445715.0,level
2025-01-01,AKM,URBAN,URBAN,450271.0,level
2026-01-01,AKM,URBAN,URBAN,456778.0,level
1991-01-01,AKT,URBAN,URBAN,409215.0,level
1992-01-01,AKT,URBAN,URBAN,410399.0,level
1993-01-01,AKT,URBAN,URBAN,405263.0,level
1994-01-01,AKT,URBAN,URBAN,404140.0,level
1995-01-01,AKT,URBAN,URBAN,395626.0,level
1996-01-01,AKT,URBAN,URBAN,393787.0,level
1997-01-01,AKT,URBAN,URBAN,392525.0,level
1998-01-01,AKT,URBAN,URBAN,389227.0,level
1999-01-01,AKT,URBAN,URBAN,377743.0,level
2000-01-01,AKT,URBAN,URBAN,373225.0,level
2001-01-01,AKT,URBAN,URBAN,368122.0,level
2002-01-01,AKT,URBAN,URBAN,363356.0,level
2003-01-01,AKT,URBAN,URBAN,365276.0,level
2004-01-01,AKT,URBAN,URBAN,369209.0,level
2005-01-01,AKT,URBAN,URBAN,374775.0,level
2006-01-01,AKT,URBAN,URBAN,380427.0,level
2007-01-01,AKT,URBAN,URBAN,386710.0,level
2008-01-01,AKT,URBAN,URBAN,379195.0,level
2009-01-01,AKT,URBAN,URBAN,505970.0,level
2010-01-01,AKT,URBAN,URBAN,511792.0,level
2011-01-01,AKT,URBAN,URBAN,525604.0,level
2012-01-01,AKT,URBAN,URBAN,533240.0,level
2013-01-01,AKT,URBAN,URBAN,539698.0,level
2014-01-01,AKT,URBAN,URBAN,548955.0,level
2015-01-01,AKT,URBAN,URBAN,561946.0,level
2016-01-01,AKT,URBAN,URBAN,573619.0,level
2017-01-01,AKT,URBAN,URBAN,585757.0,level
2018-01-01,AKT,URBAN,URBAN,601955.0,level
2019-01-01,AKT,URBAN,URBAN,614328.0,level
2020-01-01,AKT,URBAN,URBAN,627866.0,level
2021-01-01,AKT,URBAN,URBAN,640810.0,level
2022-01-01,AKT,URBAN,URBAN,681135.0,level
2023-01-01,AKT,URBAN,URBAN,692467.0,level
2024-01-01,AKT,URBAN,URBAN,703670.0,level
2025-01-01,AKT,URBAN,URBAN,717622.0,level
2026-01-01,AKT,URBAN,URBAN,729369.0,level
1991-01-01,ALA,URBAN,URBAN,1118727.0,level
1992-01-01,ALA,URBAN,URBAN,1134378.0,level
1993-01-01,ALA,URBAN,URBAN,1134242.0,level
1994-01-01,ALA,URBAN,URBAN,1125782.0,level
1995-01-01,ALA,URBAN,URBAN,1114731.0,level
1996-01-01,ALA,URBAN,URBAN,1111746.0,level
1997-01-01,ALA,URBAN,URBAN,1117714.0,level
1998-01-01,ALA,URBAN,URBAN,1120091.0,level
1999-01-01,ALA,URBAN,URBAN,1128989.0,level
2000-01-01,ALA,URBAN,URBAN,1130439.0,level
2001-01-01,ALA,URBAN,URBAN,1128759.0,level
2002-01-01,ALA,URBAN,URBAN,1132424.0,level
2003-01-01,ALA,URBAN,URBAN,1149641.0,level
2004-01-01,ALA,URBAN,URBAN,1175208.0,level
2005-01-01,ALA,URBAN,URBAN,1209485.0,level
2006-01-01,ALA,URBAN,URBAN,1247896.0,level
2007-01-01,ALA,URBAN,URBAN,1287246.0,level
2008-01-01,ALA,URBAN,URBAN,1324739.0,level
2009-01-01,ALA,URBAN,URBAN,1447486.0,level
2010-01-01,ALA,URBAN,URBAN,1478220.0,level
2011-01-01,ALA,URBAN,URBAN,1503170.0,level
2012-01-01,ALA,URBAN,URBAN,1541980.0,level
2013-01-01,ALA,URBAN,URBAN,1570946.0,level
2014-01-01,ALA,URBAN,URBAN,1605537.0,level
2015-01-01,ALA,URBAN,URBAN,1646144.0,level
2016-01-01,ALA,URBAN,URBAN,1707439.0,level
2017-01-01,ALA,URBAN,URBAN,1755935.0,level
2018-01-01,ALA,URBAN,URBAN,1806609.0,level
2019-01-01,ALA,URBAN,URBAN,1859288.0,level
2020-01-01,ALA,URBAN,URBAN,1921499.0,level
2021-01-01,ALA,URBAN,URBAN,1981992.0,level
2022-01-01,ALA,URBAN,URBAN,2101485.0,level
2023-01-01,ALA,URBAN,URBAN,2161901.0,level
2024-01-01,ALA,URBAN,URBAN,2228675.0,level
2025-01-01,ALA,URBAN,URBAN,2292055.0,level
2026-01-01,ALA,URBAN,URBAN,2348103.0,level
1991-01-01,ALM,URBAN,URBAN,549409.0,level
1992-01-01,ALM,URBAN,URBAN,546751.0,level
1993-01-01,ALM,URBAN,URBAN,536112.0,level
1994-01-01,ALM,URBAN,URBAN,534031.0,level
1995-01-01,ALM,URBAN,URBAN,508209.0,level
1996-01-01,ALM,URBAN,URBAN,494519.0,level
1997-01-01,ALM,URBAN,URBAN,486022.0,level
1998-01-01,ALM,URBAN,URBAN,474999.0,level
1999-01-01,ALM,URBAN,URBAN,464681.0,level
2000-01-01,ALM,URBAN,URBAN,462726.0,level
2001-01-01,ALM,URBAN,URBAN,458344.0,level
2002-01-01,ALM,URBAN,URBAN,456441.0,level
2003-01-01,ALM,URBAN,URBAN,459141.0,level
2004-01-01,ALM,URBAN,URBAN,464726.0,level
2005-01-01,ALM,URBAN,URBAN,473978.0,level
2006-01-01,ALM,URBAN,URBAN,479933.0,level
2007-01-01,ALM,URBAN,URBAN,488202.0,level
2008-01-01,ALM,URBAN,URBAN,382987.0,level
2009-01-01,ALM,URBAN,URBAN,177875.0,level
2010-01-01,ALM,URBAN,URBAN,181579.0,level
2011-01-01,ALM,URBAN,URBAN,184986.0,level
2012-01-01,ALM,URBAN,URBAN,187883.0,level
2013-01-01,ALM,URBAN,URBAN,191116.0,level
2014-01-01,ALM,URBAN,URBAN,194239.0,level
2015-01-01,ALM,URBAN,URBAN,197562.0,level
2016-01-01,ALM,URBAN,URBAN,199481.0,level
2017-01-01,ALM,URBAN,URBAN,201329.0,level
2018-01-01,ALM,URBAN,URBAN,193065.0,level
2019-01-01,ALM,URBAN,URBAN,188065.0,level
2020-01-01,ALM,URBAN,URBAN,182400.0,level
2021-01-01,ALM,URBAN,URBAN,183490.0,level
2022-01-01,ALM,URBAN,URBAN,291167.0,level
2023-01-01,ALM,URBAN,URBAN,295211.0,level
2024-01-01,ALM,URBAN,URBAN,299871.0,level
2025-01-01,ALM,URBAN,URBAN,302886.0,level
2026-01-01,ALM,URBAN,URBAN,308841.0,level
1991-01-01,AST,URBAN,URBAN,293791.0,level
1992-01-01,AST,URBAN,URBAN,298671.0,level
1993-01-01,AST,URBAN,URBAN,292172.0,level
1994-01-01,AST,URBAN,URBAN,294556.0,level
1995-01-01,AST,URBAN,URBAN,293155.0,level
1996-01-01,AST,URBAN,URBAN,289715.0,level
1997-01-01,AST,URBAN,URBAN,287201.0,level
1998-01-01,AST,URBAN,URBAN,300505.0,level
1999-01-01,AST,URBAN,URBAN,326939.0,level
2000-01-01,AST,URBAN,URBAN,380990.0,level
2001-01-01,AST,URBAN,URBAN,440209.0,level
2002-01-01,AST,URBAN,URBAN,493062.0,level
2003-01-01,AST,URBAN,URBAN,501998.0,level
2004-01-01,AST,URBAN,URBAN,510533.0,level
2005-01-01,AST,URBAN,URBAN,529335.0,level
2006-01-01,AST,URBAN,URBAN,550438.0,level
2007-01-01,AST,URBAN,URBAN,574448.0,level
2008-01-01,AST,URBAN,URBAN,602684.0,level
2009-01-01,AST,URBAN,URBAN,611576.0,level
2010-01-01,AST,URBAN,URBAN,655476.0,level
2011-01-01,AST,URBAN,URBAN,703485.0,level
2012-01-01,AST,URBAN,URBAN,749192.0,level
2013-01-01,AST,URBAN,URBAN,784470.0,level
2014-01-01,AST,URBAN,URBAN,820745.0,level
2015-01-01,AST,URBAN,URBAN,859129.0,level
2016-01-01,AST,URBAN,URBAN,878913.0,level
2017-01-01,AST,URBAN,URBAN,979017.0,level
2018-01-01,AST,URBAN,URBAN,1036905.0,level
2019-01-01,AST,URBAN,URBAN,1084712.0,level
2020-01-01,AST,URBAN,URBAN,1142470.0,level
2021-01-01,AST,URBAN,URBAN,1190711.0,level
2022-01-01,AST,URBAN,URBAN,1295711.0,level
2023-01-01,AST,URBAN,URBAN,1354559.0,level
2024-01-01,AST,URBAN,URBAN,1430105.0,level
2025-01-01,AST,URBAN,URBAN,1528703.0,level
2026-01-01,AST,URBAN,URBAN,1639176.0,level
1991-01-01,ATY,URBAN,URBAN,255977.0,level
1992-01-01,ATY,URBAN,URBAN,260581.0,level
1993-01-01,ATY,URBAN,URBAN,259866.0,level
1994-01-01,ATY,URBAN,URBAN,254679.0,level
1995-01-01,ATY,URBAN,URBAN,253792.0,level
1996-01-01,ATY,URBAN,URBAN,253107.0,level
1997-01-01,ATY,URBAN,URBAN,253974.0,level
1998-01-01,ATY,URBAN,URBAN,254906.0,level
1999-01-01,ATY,URBAN,URBAN,255667.0,level
2000-01-01,ATY,URBAN,URBAN,256340.0,level
2001-01-01,ATY,URBAN,URBAN,258275.0,level
2002-01-01,ATY,URBAN,URBAN,261070.0,level
2003-01-01,ATY,URBAN,URBAN,263566.0,level
2004-01-01,ATY,URBAN,URBAN,261098.0,level
2005-01-01,ATY,URBAN,URBAN,261702.0,level
2006-01-01,ATY,URBAN,URBAN,269068.0,level
2007-01-01,ATY,URBAN,URBAN,274614.0,level
2008-01-01,ATY,URBAN,URBAN,235396.0,level
2009-01-01,ATY,URBAN,URBAN,264546.0,level
2010-01-01,ATY,URBAN,URBAN,273470.0,level
2011-01-01,ATY,URBAN,URBAN,281291.0,level
2012-01-01,ATY,URBAN,URBAN,288593.0,level
2013-01-01,ATY,URBAN,URBAN,296796.0,level
2014-01-01,ATY,URBAN,URBAN,305272.0,level
2015-01-01,ATY,URBAN,URBAN,315445.0,level
2016-01-01,ATY,URBAN,URBAN,325867.0,level
2017-01-01,ATY,URBAN,URBAN,336242.0,level
2018-01-01,ATY,URBAN,URBAN,344719.0,level
2019-01-01,ATY,URBAN,URBAN,350812.0,level
2020-01-01,ATY,URBAN,URBAN,355351.0,level
2021-01-01,ATY,URBAN,URBAN,360895.0,level
2022-01-01,ATY,URBAN,URBAN,376056.0,level
2023-01-01,ATY,URBAN,URBAN,382459.0,level
2024-01-01,ATY,URBAN,URBAN,389872.0,level
2025-01-01,ATY,URBAN,URBAN,390932.0,level
2026-01-01,ATY,URBAN,URBAN,392995.0,level
1991-01-01,KRG,URBAN,URBAN,1406210.0,level
1992-01-01,KRG,URBAN,URBAN,1394635.0,level
1993-01-01,KRG,URBAN,URBAN,1383827.0,level
1994-01-01,KRG,URBAN,URBAN,1354510.0,level
1995-01-01,KRG,URBAN,URBAN,1302800.0,level
1996-01-01,KRG,URBAN,URBAN,1263638.0,level
1997-01-01,KRG,URBAN,URBAN,1232820.0,level
1998-01-01,KRG,URBAN,URBAN,1199847.0,level
1999-01-01,KRG,URBAN,URBAN,1158891.0,level
2000-01-01,KRG,URBAN,URBAN,1143378.0,level
2001-01-01,KRG,URBAN,URBAN,1124388.0,level
2002-01-01,KRG,URBAN,URBAN,1111008.0,level
2003-01-01,KRG,URBAN,URBAN,1106348.0,level
2004-01-01,KRG,URBAN,URBAN,1109026.0,level
2005-01-01,KRG,URBAN,URBAN,1116456.0,level
2006-01-01,KRG,URBAN,URBAN,1125124.0,level
2007-01-01,KRG,URBAN,URBAN,1133622.0,level
2008-01-01,KRG,URBAN,URBAN,1042220.0,level
2009-01-01,KRG,URBAN,URBAN,865866.0,level
2010-01-01,KRG,URBAN,URBAN,874448.0,level
2011-01-01,KRG,URBAN,URBAN,882024.0,level
2012-01-01,KRG,URBAN,URBAN,889868.0,level
2013-01-01,KRG,URBAN,URBAN,895492.0,level
2014-01-01,KRG,URBAN,URBAN,904381.0,level
2015-01-01,KRG,URBAN,URBAN,914686.0,level
2016-01-01,KRG,URBAN,URBAN,922427.0,level
2017-01-01,KRG,URBAN,URBAN,924766.0,level
2018-01-01,KRG,URBAN,URBAN,925416.0,level
2019-01-01,KRG,URBAN,URBAN,922850.0,level
2020-01-01,KRG,URBAN,URBAN,923048.0,level
2021-01-01,KRG,URBAN,URBAN,924681.0,level
2022-01-01,KRG,URBAN,URBAN,920299.0,level
2023-01-01,KRG,URBAN,URBAN,922654.0,level
2024-01-01,KRG,URBAN,URBAN,926484.0,level
2025-01-01,KRG,URBAN,URBAN,929709.0,level
2026-01-01,KRG,URBAN,URBAN,933386.0,level
1991-01-01,KST,URBAN,URBAN,643856.0,level
1992-01-01,KST,URBAN,URBAN,650518.0,level
1993-01-01,KST,URBAN,URBAN,648828.0,level
1994-01-01,KST,URBAN,URBAN,636189.0,level
1995-01-01,KST,URBAN,URBAN,615928.0,level
1996-01-01,KST,URBAN,URBAN,601882.0,level
1997-01-01,KST,URBAN,URBAN,593425.0,level
1998-01-01,KST,URBAN,URBAN,578446.0,level
1999-01-01,KST,URBAN,URBAN,551060.0,level
2000-01-01,KST,URBAN,URBAN,532140.0,level
2001-01-01,KST,URBAN,URBAN,513401.0,level
2002-01-01,KST,URBAN,URBAN,500832.0,level
2003-01-01,KST,URBAN,URBAN,495270.0,level
2004-01-01,KST,URBAN,URBAN,495306.0,level
2005-01-01,KST,URBAN,URBAN,498630.0,level
2006-01-01,KST,URBAN,URBAN,480327.0,level
2007-01-01,KST,URBAN,URBAN,483541.0,level
2008-01-01,KST,URBAN,URBAN,431406.0,level
2009-01-01,KST,URBAN,URBAN,462661.0,level
2010-01-01,KST,URBAN,URBAN,464574.0,level
2011-01-01,KST,URBAN,URBAN,466943.0,level
2012-01-01,KST,URBAN,URBAN,470284.0,level
2013-01-01,KST,URBAN,URBAN,474943.0,level
2014-01-01,KST,URBAN,URBAN,479286.0,level
2015-01-01,KST,URBAN,URBAN,485162.0,level
2016-01-01,KST,URBAN,URBAN,492009.0,level
2017-01-01,KST,URBAN,URBAN,493472.0,level
2018-01-01,KST,URBAN,URBAN,497558.0,level
2019-01-01,KST,URBAN,URBAN,500457.0,level
2020-01-01,KST,URBAN,URBAN,503646.0,level
2021-01-01,KST,URBAN,URBAN,505102.0,level
2022-01-01,KST,URBAN,URBAN,513228.0,level
2023-01-01,KST,URBAN,URBAN,515257.0,level
2024-01-01,KST,URBAN,URBAN,517698.0,level
2025-01-01,KST,URBAN,URBAN,521018.0,level
2026-01-01,KST,URBAN,URBAN,524371.0,level
1991-01-01,KZL,URBAN,URBAN,353824.0,level
1992-01-01,KZL,URBAN,URBAN,359675.0,level
1993-01-01,KZL,URBAN,URBAN,367400.0,level
1994-01-01,KZL,URBAN,URBAN,364156.0,level
1995-01-01,KZL,URBAN,URBAN,361392.0,level
1996-01-01,KZL,URBAN,URBAN,356500.0,level
1997-01-01,KZL,URBAN,URBAN,357375.0,level
1998-01-01,KZL,URBAN,URBAN,359066.0,level
1999-01-01,KZL,URBAN,URBAN,360702.0,level
2000-01-01,KZL,URBAN,URBAN,361538.0,level
2001-01-01,KZL,URBAN,URBAN,360302.0,level
2002-01-01,KZL,URBAN,URBAN,359442.0,level
2003-01-01,KZL,URBAN,URBAN,360527.0,level
2004-01-01,KZL,URBAN,URBAN,362323.0,level
2005-01-01,KZL,URBAN,URBAN,364248.0,level
2006-01-01,KZL,URBAN,URBAN,368118.0,level
2007-01-01,KZL,URBAN,URBAN,372097.0,level
2008-01-01,KZL,URBAN,URBAN,223291.0,level
2009-01-01,KZL,URBAN,URBAN,283587.0,level
2010-01-01,KZL,URBAN,URBAN,290104.0,level
2011-01-01,KZL,URBAN,URBAN,295359.0,level
2012-01-01,KZL,URBAN,URBAN,301699.0,level
2013-01-01,KZL,URBAN,URBAN,309552.0,level
2014-01-01,KZL,URBAN,URBAN,316329.0,level
2015-01-01,KZL,URBAN,URBAN,324587.0,level
2016-01-01,KZL,URBAN,URBAN,333286.0,level
2017-01-01,KZL,URBAN,URBAN,340422.0,level
2018-01-01,KZL,URBAN,URBAN,345762.0,level
2019-01-01,KZL,URBAN,URBAN,351606.0,level
2020-01-01,KZL,URBAN,URBAN,357705.0,level
2021-01-01,KZL,URBAN,URBAN,364530.0,level
2022-01-01,KZL,URBAN,URBAN,385564.0,level
2023-01-01,KZL,URBAN,URBAN,391207.0,level
2024-01-01,KZL,URBAN,URBAN,395163.0,level
2025-01-01,KZL,URBAN,URBAN,398336.0,level
2026-01-01,KZL,URBAN,URBAN,399391.0,level
1991-01-01,MNG,URBAN,URBAN,298009.0,level
1992-01-01,MNG,URBAN,URBAN,303384.0,level
1993-01-01,MNG,URBAN,URBAN,300829.0,level
1994-01-01,MNG,URBAN,URBAN,258309.0,level
1995-01-01,MNG,URBAN,URBAN,238401.0,level
1996-01-01,MNG,URBAN,URBAN,240026.0,level
1997-01-01,MNG,URBAN,URBAN,243679.0,level
1998-01-01,MNG,URBAN,URBAN,248386.0,level
1999-01-01,MNG,URBAN,URBAN,246291.0,level
2000-01-01,MNG,URBAN,URBAN,246891.0,level
2001-01-01,MNG,URBAN,URBAN,250870.0,level
2002-01-01,MNG,URBAN,URBAN,252358.0,level
2003-01-01,MNG,URBAN,URBAN,260674.0,level
2004-01-01,MNG,URBAN,URBAN,265761.0,level
2005-01-01,MNG,URBAN,URBAN,274628.0,level
2006-01-01,MNG,URBAN,URBAN,263012.0,level
2007-01-01,MNG,URBAN,URBAN,269128.0,level
2008-01-01,MNG,URBAN,URBAN,234734.0,level
2009-01-01,MNG,URBAN,URBAN,246350.0,level
2010-01-01,MNG,URBAN,URBAN,253557.0,level
2011-01-01,MNG,URBAN,URBAN,259953.0,level
2012-01-01,MNG,URBAN,URBAN,266028.0,level
2013-01-01,MNG,URBAN,URBAN,271873.0,level
2014-01-01,MNG,URBAN,URBAN,277225.0,level
2015-01-01,MNG,URBAN,URBAN,282837.0,level
2016-01-01,MNG,URBAN,URBAN,286299.0,level
2017-01-01,MNG,URBAN,URBAN,288274.0,level
2018-01-01,MNG,URBAN,URBAN,285702.0,level
2019-01-01,MNG,URBAN,URBAN,287515.0,level
2020-01-01,MNG,URBAN,URBAN,293091.0,level
2021-01-01,MNG,URBAN,URBAN,304168.0,level
2022-01-01,MNG,URBAN,URBAN,336108.0,level
2023-01-01,MNG,URBAN,URBAN,346958.0,level
2024-01-01,MNG,URBAN,URBAN,358235.0,level
2025-01-01,MNG,URBAN,URBAN,370671.0,level
2026-01-01,MNG,URBAN,URBAN,383780.0,level
1991-01-01,PVL,URBAN,URBAN,616971.0,level
1992-01-01,PVL,URBAN,URBAN,619676.0,level
1993-01-01,PVL,URBAN,URBAN,607157.0,level
1994-01-01,PVL,URBAN,URBAN,569290.0,level
1995-01-01,PVL,URBAN,URBAN,555661.0,level
1996-01-01,PVL,URBAN,URBAN,546505.0,level
1997-01-01,PVL,URBAN,URBAN,540423.0,level
1998-01-01,PVL,URBAN,URBAN,526470.0,level
1999-01-01,PVL,URBAN,URBAN,512121.0,level
2000-01-01,PVL,URBAN,URBAN,501062.0,level
2001-01-01,PVL,URBAN,URBAN,490839.0,level
2002-01-01,PVL,URBAN,URBAN,485076.0,level
2003-01-01,PVL,URBAN,URBAN,480657.0,level
2004-01-01,PVL,URBAN,URBAN,483220.0,level
2005-01-01,PVL,URBAN,URBAN,487817.0,level
2006-01-01,PVL,URBAN,URBAN,488755.0,level
2007-01-01,PVL,URBAN,URBAN,493484.0,level
2008-01-01,PVL,URBAN,URBAN,490553.0,level
2009-01-01,PVL,URBAN,URBAN,504283.0,level
2010-01-01,PVL,URBAN,URBAN,509053.0,level
2011-01-01,PVL,URBAN,URBAN,512163.0,level
2012-01-01,PVL,URBAN,URBAN,514768.0,level
2013-01-01,PVL,URBAN,URBAN,518600.0,level
2014-01-01,PVL,URBAN,URBAN,525239.0,level
2015-01-01,PVL,URBAN,URBAN,530218.0,level
2016-01-01,PVL,URBAN,URBAN,534783.0,level
2017-01-01,PVL,URBAN,URBAN,534900.0,level
2018-01-01,PVL,URBAN,URBAN,533714.0,level
2019-01-01,PVL,URBAN,URBAN,532256.0,level
2020-01-01,PVL,URBAN,URBAN,531002.0,level
2021-01-01,PVL,URBAN,URBAN,530479.0,level
2022-01-01,PVL,URBAN,URBAN,533199.0,level
2023-01-01,PVL,URBAN,URBAN,532886.0,level
2024-01-01,PVL,URBAN,URBAN,533212.0,level
2025-01-01,PVL,URBAN,URBAN,534282.0,level
2026-01-01,PVL,URBAN,URBAN,532706.0,level
2009-01-01,SHM,URBAN,URBAN,728803.0,level
2010-01-01,SHM,URBAN,URBAN,744642.0,level
2011-01-01,SHM,URBAN,URBAN,762859.0,level
2012-01-01,SHM,URBAN,URBAN,779760.0,level
2013-01-01,SHM,URBAN,URBAN,804046.0,level
2014-01-01,SHM,URBAN,URBAN,828698.0,level
2015-01-01,SHM,URBAN,URBAN,857883.0,level
2016-01-01,SHM,URBAN,URBAN,886095.0,level
2017-01-01,SHM,URBAN,URBAN,912120.0,level
2018-01-01,SHM,URBAN,URBAN,951974.0,level
2019-01-01,SHM,URBAN,URBAN,1008894.0,level
2020-01-01,SHM,URBAN,URBAN,1037924.0,level
2021-01-01,SHM,URBAN,URBAN,1074221.0,level
2022-01-01,SHM,URBAN,URBAN,1162308.0,level
2023-01-01,SHM,URBAN,URBAN,1192199.0,level
2024-01-01,SHM,URBAN,URBAN,1222066.0,level
2025-01-01,SHM,URBAN,URBAN,1256164.0,level
2026-01-01,SHM,URBAN,URBAN,1294050.0,level
1991-01-01,SKO,URBAN,URBAN,333399.0,level
1992-01-01,SKO,URBAN,URBAN,334863.0,level
1993-01-01,SKO,URBAN,URBAN,331632.0,level
1994-01-01,SKO,URBAN,URBAN,328134.0,level
1995-01-01,SKO,URBAN,URBAN,316586.0,level
1996-01-01,SKO,URBAN,URBAN,306351.0,level
1997-01-01,SKO,URBAN,URBAN,295942.0,level
1998-01-01,SKO,URBAN,URBAN,281730.0,level
1999-01-01,SKO,URBAN,URBAN,274775.0,level
2000-01-01,SKO,URBAN,URBAN,270265.0,level
2001-01-01,SKO,URBAN,URBAN,266183.0,level
2002-01-01,SKO,URBAN,URBAN,261608.0,level
2003-01-01,SKO,URBAN,URBAN,255283.0,level
2004-01-01,SKO,URBAN,URBAN,246823.0,level
2005-01-01,SKO,URBAN,URBAN,227440.0,level
2006-01-01,SKO,URBAN,URBAN,227747.0,level
2007-01-01,SKO,URBAN,URBAN,230134.0,level
2008-01-01,SKO,URBAN,URBAN,230230.0,level
2009-01-01,SKO,URBAN,URBAN,238650.0,level
2010-01-01,SKO,URBAN,URBAN,239235.0,level
2011-01-01,SKO,URBAN,URBAN,240067.0,level
2012-01-01,SKO,URBAN,URBAN,239669.0,level
2013-01-01,SKO,URBAN,URBAN,240456.0,level
2014-01-01,SKO,URBAN,URBAN,242493.0,level
2015-01-01,SKO,URBAN,URBAN,244365.0,level
2016-01-01,SKO,URBAN,URBAN,250043.0,level
2017-01-01,SKO,URBAN,URBAN,250374.0,level
2018-01-01,SKO,URBAN,URBAN,251915.0,level
2019-01-01,SKO,URBAN,URBAN,252847.0,level
2020-01-01,SKO,URBAN,URBAN,253009.0,level
2021-01-01,SKO,URBAN,URBAN,253389.0,level
2022-01-01,SKO,URBAN,URBAN,259143.0,level
2023-01-01,SKO,URBAN,URBAN,258935.0,level
2024-01-01,SKO,URBAN,URBAN,259340.0,level
2025-01-01,SKO,URBAN,URBAN,258224.0,level
2026-01-01,SKO,URBAN,URBAN,258094.0,level
2009-01-01,TRK,URBAN,URBAN,368912.0,level
2010-01-01,TRK,URBAN,URBAN,374825.0,level
2011-01-01,TRK,URBAN,URBAN,379811.0,level
2012-01-01,TRK,URBAN,URBAN,384036.0,level
2013-01-01,TRK,URBAN,URBAN,387202.0,level
2014-01-01,TRK,URBAN,URBAN,388320.0,level
2015-01-01,TRK,URBAN,URBAN,390414.0,level
2016-01-01,TRK,URBAN,URBAN,392741.0,level
2017-01-01,TRK,URBAN,URBAN,390997.0,level
2018-01-01,TRK,URBAN,URBAN,390102.0,level
2019-01-01,TRK,URBAN,URBAN,390678.0,level
2020-01-01,TRK,URBAN,URBAN,406807.0,level
2021-01-01,TRK,URBAN,URBAN,418931.0,level
2022-01-01,TRK,URBAN,URBAN,512653.0,level
2023-01-01,TRK,URBAN,URBAN,523315.0,level
2024-01-01,TRK,URBAN,URBAN,532173.0,level
2025-01-01,TRK,URBAN,URBAN,541403.0,level
2026-01-01,TRK,URBAN,URBAN,545462.0,level
2009-01-01,ULT,URBAN,URBAN,173766.0,level
2010-01-01,ULT,URBAN,URBAN,174239.0,level
2011-01-01,ULT,URBAN,URBAN,174353.0,level
2012-01-01,ULT,URBAN,URBAN,174013.0,level
2013-01-01,ULT,URBAN,URBAN,173522.0,level
2014-01-01,ULT,URBAN,URBAN,173689.0,level
2015-01-01,ULT,URBAN,URBAN,174064.0,level
2016-01-01,ULT,URBAN,URBAN,174844.0,level
2017-01-01,ULT,URBAN,URBAN,174237.0,level
2018-01-01,ULT,URBAN,URBAN,174223.0,level
2019-01-01,ULT,URBAN,URBAN,175079.0,level
2020-01-01,ULT,URBAN,URBAN,175498.0,level
2021-01-01,ULT,URBAN,URBAN,175512.0,level
2022-01-01,ULT,URBAN,URBAN,174489.0,level
2023-01-01,ULT,URBAN,URBAN,175100.0,level
2024-01-01,ULT,URBAN,URBAN,175425.0,level
2025-01-01,ULT,URBAN,URBAN,175698.0,level
2026-01-01,ULT,URBAN,URBAN,174086.0,level
1991-01-01,VKO,URBAN,URBAN,1047774.0,level
1992-01-01,VKO,URBAN,URBAN,1049902.0,level
1993-01-01,VKO,URBAN,URBAN,1041705.0,level
1994-01-01,VKO,URBAN,URBAN,1024197.0,level
1995-01-01,VKO,URBAN,URBAN,975308.0,level
1996-01-01,VKO,URBAN,URBAN,951445.0,level
1997-01-01,VKO,URBAN,URBAN,931329.0,level
1998-01-01,VKO,URBAN,URBAN,913887.0,level
1999-01-01,VKO,URBAN,URBAN,900779.0,level
2000-01-01,VKO,URBAN,URBAN,889337.0,level
2001-01-01,VKO,URBAN,URBAN,878788.0,level
2002-01-01,VKO,URBAN,URBAN,869011.0,level
2003-01-01,VKO,URBAN,URBAN,862029.0,level
2004-01-01,VKO,URBAN,URBAN,857023.0,level
2005-01-01,VKO,URBAN,URBAN,853366.0,level
2006-01-01,VKO,URBAN,URBAN,850763.0,level
2007-01-01,VKO,URBAN,URBAN,850535.0,level
2008-01-01,VKO,URBAN,URBAN,764932.0,level
2009-01-01,VKO,URBAN,URBAN,442827.0,level
2010-01-01,VKO,URBAN,URBAN,443355.0,level
2011-01-01,VKO,URBAN,URBAN,444755.0,level
2012-01-01,VKO,URBAN,URBAN,445815.0,level
2013-01-01,VKO,URBAN,URBAN,446023.0,level
2014-01-01,VKO,URBAN,URBAN,450298.0,level
2015-01-01,VKO,URBAN,URBAN,453074.0,level
2016-01-01,VKO,URBAN,URBAN,456688.0,level
2017-01-01,VKO,URBAN,URBAN,458235.0,level
2018-01-01,VKO,URBAN,URBAN,462879.0,level
2019-01-01,VKO,URBAN,URBAN,464797.0,level
2020-01-01,VKO,URBAN,URBAN,464911.0,level
2021-01-01,VKO,URBAN,URBAN,466099.0,level
2022-01-01,VKO,URBAN,URBAN,482916.0,level
2023-01-01,VKO,URBAN,URBAN,483403.0,level
2024-01-01,VKO,URBAN,URBAN,483947.0,level
2025-01-01,VKO,URBAN,URBAN,485729.0,level
2026-01-01,VKO,URBAN,URBAN,486480.0,level
1991-01-01,YKO,URBAN,URBAN,755199.0,level
1992-01-01,YKO,URBAN,URBAN,763309.0,level
1993-01-01,YKO,URBAN,URBAN,766478.0,level
1994-01-01,YKO,URBAN,URBAN,765103.0,level
1995-01-01,YKO,URBAN,URBAN,757765.0,level
1996-01-01,YKO,URBAN,URBAN,751659.0,level
1997-01-01,YKO,URBAN,URBAN,750267.0,level
1998-01-01,YKO,URBAN,URBAN,739833.0,level
1999-01-01,YKO,URBAN,URBAN,771049.0,level
2000-01-01,YKO,URBAN,URBAN,786214.0,level
2001-01-01,YKO,URBAN,URBAN,828605.0,level
2002-01-01,YKO,URBAN,URBAN,846689.0,level
2003-01-01,YKO,URBAN,URBAN,854800.0,level
2004-01-01,YKO,URBAN,URBAN,866685.0,level
2005-01-01,YKO,URBAN,URBAN,880663.0,level
2006-01-01,YKO,URBAN,URBAN,891826.0,level
2007-01-01,YKO,URBAN,URBAN,908824.0,level
2008-01-01,YKO,URBAN,URBAN,890056.0,level
1991-01-01,ZHM,URBAN,URBAN,503772.0,level
1992-01-01,ZHM,URBAN,URBAN,504678.0,level
1993-01-01,ZHM,URBAN,URBAN,502774.0,level
1994-01-01,ZHM,URBAN,URBAN,494611.0,level
1995-01-01,ZHM,URBAN,URBAN,474547.0,level
1996-01-01,ZHM,URBAN,URBAN,467809.0,level
1997-01-01,ZHM,URBAN,URBAN,465216.0,level
1998-01-01,ZHM,URBAN,URBAN,457892.0,level
1999-01-01,ZHM,URBAN,URBAN,452272.0,level
2000-01-01,ZHM,URBAN,URBAN,448066.0,level
2001-01-01,ZHM,URBAN,URBAN,442951.0,level
2002-01-01,ZHM,URBAN,URBAN,439473.0,level
2003-01-01,ZHM,URBAN,URBAN,439752.0,level
2004-01-01,ZHM,URBAN,URBAN,442598.0,level
2005-01-01,ZHM,URBAN,URBAN,447406.0,level
2006-01-01,ZHM,URBAN,URBAN,451223.0,level
2007-01-01,ZHM,URBAN,URBAN,453962.0,level
2008-01-01,ZHM,URBAN,URBAN,427067.0,level
2009-01-01,ZHM,URBAN,URBAN,415008.0,level
2010-01-01,ZHM,URBAN,URBAN,420236.0,level
2011-01-01,ZHM,URBAN,URBAN,422721.0,level
2012-01-01,ZHM,URBAN,URBAN,422151.0,level
2013-01-01,ZHM,URBAN,URBAN,427794.0,level
2014-01-01,ZHM,URBAN,URBAN,436373.0,level
2015-01-01,ZHM,URBAN,URBAN,442619.0,level
2016-01-01,ZHM,URBAN,URBAN,449416.0,level
2017-01-01,ZHM,URBAN,URBAN,448558.0,level
2018-01-01,ZHM,URBAN,URBAN,443775.0,level
2019-01-01,ZHM,URBAN,URBAN,446926.0,level
2020-01-01,ZHM,URBAN,URBAN,448059.0,level
2021-01-01,ZHM,URBAN,URBAN,453997.0,level
2022-01-01,ZHM,URBAN,URBAN,568332.0,level
2023-01-01,ZHM,URBAN,URBAN,573955.0,level
2024-01-01,ZHM,URBAN,URBAN,578213.0,level
2025-01-01,ZHM,URBAN,URBAN,583022.0,level
2026-01-01,ZHM,URBAN,URBAN,586115.0,level
2009-01-01,ZHT,URBAN,URBAN,246056.0,level
2010-01-01,ZHT,URBAN,URBAN,249323.0,level
2011-01-01,ZHT,URBAN,URBAN,252767.0,level
2012-01-01,ZHT,URBAN,URBAN,255960.0,level
2013-01-01,ZHT,URBAN,URBAN,260107.0,level
2014-01-01,ZHT,URBAN,URBAN,263778.0,level
2015-01-01,ZHT,URBAN,URBAN,268455.0,level
2016-01-01,ZHT,URBAN,URBAN,271795.0,level
2017-01-01,ZHT,URBAN,URBAN,273635.0,level
2018-01-01,ZHT,URBAN,URBAN,271641.0,level
2019-01-01,ZHT,URBAN,URBAN,269617.0,level
2020-01-01,ZHT,URBAN,URBAN,269439.0,level
2021-01-01,ZHT,URBAN,URBAN,271899.0,level
2022-01-01,ZHT,URBAN,URBAN,313949.0,level
2023-01-01,ZHT,URBAN,URBAN,315419.0,level
2024-01-01,ZHT,URBAN,URBAN,316042.0,level
2025-01-01,ZHT,URBAN,URBAN,316413.0,level
2026-01-01,ZHT,URBAN,URBAN,315873.0,level
1991-01-01,ZKO,URBAN,URBAN,273049.0,level
1992-01-01,ZKO,URBAN,URBAN,262704.0,level
1993-01-01,ZKO,URBAN,URBAN,266059.0,level
1994-01-01,ZKO,URBAN,URBAN,267788.0,level
1995-01-01,ZKO,URBAN,URBAN,262832.0,level
1996-01-01,ZKO,URBAN,URBAN,260869.0,level
1997-01-01,ZKO,URBAN,URBAN,260166.0,level
1998-01-01,ZKO,URBAN,URBAN,257089.0,level
1999-01-01,ZKO,URBAN,URBAN,251859.0,level
2000-01-01,ZKO,URBAN,URBAN,247271.0,level
2001-01-01,ZKO,URBAN,URBAN,245504.0,level
2002-01-01,ZKO,URBAN,URBAN,249526.0,level
2003-01-01,ZKO,URBAN,URBAN,255884.0,level
2004-01-01,ZKO,URBAN,URBAN,259550.0,level
2005-01-01,ZKO,URBAN,URBAN,262518.0,level
2006-01-01,ZKO,URBAN,URBAN,267283.0,level
2007-01-01,ZKO,URBAN,URBAN,268432.0,level
2008-01-01,ZKO,URBAN,URBAN,272886.0,level
2009-01-01,ZKO,URBAN,URBAN,275425.0,level
2010-01-01,ZKO,URBAN,URBAN,282022.0,level
2011-01-01,ZKO,URBAN,URBAN,288343.0,level
2012-01-01,ZKO,URBAN,URBAN,295429.0,level
2013-01-01,ZKO,URBAN,URBAN,301356.0,level
2014-01-01,ZKO,URBAN,URBAN,307533.0,level
2015-01-01,ZKO,URBAN,URBAN,312847.0,level
2016-01-01,ZKO,URBAN,URBAN,317775.0,level
2017-01-01,ZKO,URBAN,URBAN,324892.0,level
2018-01-01,ZKO,URBAN,URBAN,333697.0,level
2019-01-01,ZKO,URBAN,URBAN,339690.0,level
2020-01-01,ZKO,URBAN,URBAN,344826.0,level
2021-01-01,ZKO,URBAN,URBAN,348712.0,level
2022-01-01,ZKO,URBAN,URBAN,382302.0,level
2023-01-01,ZKO,URBAN,URBAN,386803.0,level
2024-01-01,ZKO,URBAN,URBAN,391761.0,level
2025-01-01,ZKO,URBAN,URBAN,398389.0,level
2026-01-01,ZKO,URBAN,URBAN,401554.0,level
1991-01-01,national,URBAN,URBAN,9366910.0,level
1992-01-01,national,URBAN,URBAN,9403993.0,level
1993-01-01,national,URBAN,URBAN,9343196.0,level
1994-01-01,national,URBAN,URBAN,9162543.0,level
1995-01-01,national,URBAN,URBAN,8884367.0,level
1996-01-01,national,URBAN,URBAN,8730331.0,level
1997-01-01,national,URBAN,URBAN,8635249.0,level
1998-01-01,national,URBAN,URBAN,8499409.0,level
1999-01-01,national,URBAN,URBAN,8414472.0,level
2000-01-01,national,URBAN,URBAN,8397566.0,level
2001-01-01,national,URBAN,URBAN,8413399.0,level
2002-01-01,national,URBAN,URBAN,8429331.0,level
2003-01-01,national,URBAN,URBAN,8457152.0,level
2004-01-01,national,URBAN,URBAN,8518242.0,level
2005-01-01,national,URBAN,URBAN,8614651.0,level
2006-01-01,national,URBAN,URBAN,8696520.0,level
2007-01-01,national,URBAN,URBAN,8833249.0,level
2008-01-01,national,URBAN,URBAN,8265935.0,level
2009-01-01,national,URBAN,URBAN,8965272.0,level
2010-01-01,national,URBAN,URBAN,9128748.0,level
2011-01-01,national,URBAN,URBAN,9291933.0,level
2012-01-01,national,URBAN,URBAN,9453515.0,level
2013-01-01,national,URBAN,URBAN,9613862.0,level
2014-01-01,national,URBAN,URBAN,9793963.0,level
2015-01-01,national,URBAN,URBAN,9991432.0,level
2016-01-01,national,URBAN,URBAN,10193691.0,level
2017-01-01,national,URBAN,URBAN,10411694.0,level
2018-01-01,national,URBAN,URBAN,10595515.0,level
2019-01-01,national,URBAN,URBAN,10786060.0,level
2020-01-01,national,URBAN,URBAN,10986666.0,level
2021-01-01,national,URBAN,URBAN,11201200.0,level
2022-01-01,national,URBAN,URBAN,12096815.0,level
2023-01-01,national,URBAN,URBAN,12317431.0,level
2024-01-01,national,URBAN,URBAN,12560223.0,level
2025-01-01,national,URBAN,URBAN,12825756.0,level
2026-01-01,national,URBAN,URBAN,13085110.0,level
2009-01-01,ABY,URBAN_MEN,URBAN_MEN,166365.0,level
2010-01-01,ABY,URBAN_MEN,URBAN_MEN,167949.0,level
2011-01-01,ABY,URBAN_MEN,URBAN_MEN,169089.0,level
2012-01-01,ABY,URBAN_MEN,URBAN_MEN,170354.0,level
2013-01-01,ABY,URBAN_MEN,URBAN_MEN,172365.0,level
2014-01-01,ABY,URBAN_MEN,URBAN_MEN,173869.0,level
2015-01-01,ABY,URBAN_MEN,URBAN_MEN,175283.0,level
2016-01-01,ABY,URBAN_MEN,URBAN_MEN,177585.0,level
2017-01-01,ABY,URBAN_MEN,URBAN_MEN,178273.0,level
2018-01-01,ABY,URBAN_MEN,URBAN_MEN,179814.0,level
2019-01-01,ABY,URBAN_MEN,URBAN_MEN,180896.0,level
2020-01-01,ABY,URBAN_MEN,URBAN_MEN,181301.0,level
2021-01-01,ABY,URBAN_MEN,URBAN_MEN,181815.0,level
2022-01-01,ABY,URBAN_MEN,URBAN_MEN,176495.0,level
2023-01-01,ABY,URBAN_MEN,URBAN_MEN,177913.0,level
2024-01-01,ABY,URBAN_MEN,URBAN_MEN,178969.0,level
2025-01-01,ABY,URBAN_MEN,URBAN_MEN,179844.0,level
2026-01-01,ABY,URBAN_MEN,URBAN_MEN,180302.0,level
1991-01-01,AKM,URBAN_MEN,URBAN_MEN,243535.0,level
1992-01-01,AKM,URBAN_MEN,URBAN_MEN,244186.0,level
1993-01-01,AKM,URBAN_MEN,URBAN_MEN,238546.0,level
1994-01-01,AKM,URBAN_MEN,URBAN_MEN,232613.0,level
1995-01-01,AKM,URBAN_MEN,URBAN_MEN,218236.0,level
1996-01-01,AKM,URBAN_MEN,URBAN_MEN,209869.0,level
1997-01-01,AKM,URBAN_MEN,URBAN_MEN,203073.0,level
1998-01-01,AKM,URBAN_MEN,URBAN_MEN,188450.0,level
1999-01-01,AKM,URBAN_MEN,URBAN_MEN,179887.0,level
2000-01-01,AKM,URBAN_MEN,URBAN_MEN,173427.0,level
2001-01-01,AKM,URBAN_MEN,URBAN_MEN,168251.0,level
2002-01-01,AKM,URBAN_MEN,URBAN_MEN,163304.0,level
2003-01-01,AKM,URBAN_MEN,URBAN_MEN,162323.0,level
2004-01-01,AKM,URBAN_MEN,URBAN_MEN,163481.0,level
2005-01-01,AKM,URBAN_MEN,URBAN_MEN,164671.0,level
2006-01-01,AKM,URBAN_MEN,URBAN_MEN,165591.0,level
2007-01-01,AKM,URBAN_MEN,URBAN_MEN,166956.0,level
2008-01-01,AKM,URBAN_MEN,URBAN_MEN,155157.0,level
2009-01-01,AKM,URBAN_MEN,URBAN_MEN,161754.0,level
2010-01-01,AKM,URBAN_MEN,URBAN_MEN,162033.0,level
2011-01-01,AKM,URBAN_MEN,URBAN_MEN,162459.0,level
2012-01-01,AKM,URBAN_MEN,URBAN_MEN,162550.0,level
2013-01-01,AKM,URBAN_MEN,URBAN_MEN,163854.0,level
2014-01-01,AKM,URBAN_MEN,URBAN_MEN,165373.0,level
2015-01-01,AKM,URBAN_MEN,URBAN_MEN,166404.0,level
2016-01-01,AKM,URBAN_MEN,URBAN_MEN,169126.0,level
2017-01-01,AKM,URBAN_MEN,URBAN_MEN,168268.0,level
2018-01-01,AKM,URBAN_MEN,URBAN_MEN,169786.0,level
2019-01-01,AKM,URBAN_MEN,URBAN_MEN,170182.0,level
2020-01-01,AKM,URBAN_MEN,URBAN_MEN,171050.0,level
2021-01-01,AKM,URBAN_MEN,URBAN_MEN,172586.0,level
2022-01-01,AKM,URBAN_MEN,URBAN_MEN,208435.0,level
2023-01-01,AKM,URBAN_MEN,URBAN_MEN,210361.0,level
2024-01-01,AKM,URBAN_MEN,URBAN_MEN,212655.0,level
2025-01-01,AKM,URBAN_MEN,URBAN_MEN,215118.0,level
2026-01-01,AKM,URBAN_MEN,URBAN_MEN,218347.0,level
1991-01-01,AKT,URBAN_MEN,URBAN_MEN,193241.0,level
1992-01-01,AKT,URBAN_MEN,URBAN_MEN,193759.0,level
1993-01-01,AKT,URBAN_MEN,URBAN_MEN,191298.0,level
1994-01-01,AKT,URBAN_MEN,URBAN_MEN,190778.0,level
1995-01-01,AKT,URBAN_MEN,URBAN_MEN,186734.0,level
1996-01-01,AKT,URBAN_MEN,URBAN_MEN,185826.0,level
1997-01-01,AKT,URBAN_MEN,URBAN_MEN,185187.0,level
1998-01-01,AKT,URBAN_MEN,URBAN_MEN,183589.0,level
1999-01-01,AKT,URBAN_MEN,URBAN_MEN,177887.0,level
2000-01-01,AKT,URBAN_MEN,URBAN_MEN,175585.0,level
2001-01-01,AKT,URBAN_MEN,URBAN_MEN,173053.0,level
2002-01-01,AKT,URBAN_MEN,URBAN_MEN,170692.0,level
2003-01-01,AKT,URBAN_MEN,URBAN_MEN,171606.0,level
2004-01-01,AKT,URBAN_MEN,URBAN_MEN,173511.0,level
2005-01-01,AKT,URBAN_MEN,URBAN_MEN,176000.0,level
2006-01-01,AKT,URBAN_MEN,URBAN_MEN,178577.0,level
2007-01-01,AKT,URBAN_MEN,URBAN_MEN,181381.0,level
2008-01-01,AKT,URBAN_MEN,URBAN_MEN,177642.0,level
2009-01-01,AKT,URBAN_MEN,URBAN_MEN,238777.0,level
2010-01-01,AKT,URBAN_MEN,URBAN_MEN,241725.0,level
2011-01-01,AKT,URBAN_MEN,URBAN_MEN,247937.0,level
2012-01-01,AKT,URBAN_MEN,URBAN_MEN,251900.0,level
2013-01-01,AKT,URBAN_MEN,URBAN_MEN,255351.0,level
2014-01-01,AKT,URBAN_MEN,URBAN_MEN,260258.0,level
2015-01-01,AKT,URBAN_MEN,URBAN_MEN,266860.0,level
2016-01-01,AKT,URBAN_MEN,URBAN_MEN,272784.0,level
2017-01-01,AKT,URBAN_MEN,URBAN_MEN,278662.0,level
2018-01-01,AKT,URBAN_MEN,URBAN_MEN,286644.0,level
2019-01-01,AKT,URBAN_MEN,URBAN_MEN,292793.0,level
2020-01-01,AKT,URBAN_MEN,URBAN_MEN,299594.0,level
2021-01-01,AKT,URBAN_MEN,URBAN_MEN,306146.0,level
2022-01-01,AKT,URBAN_MEN,URBAN_MEN,328634.0,level
2023-01-01,AKT,URBAN_MEN,URBAN_MEN,334294.0,level
2024-01-01,AKT,URBAN_MEN,URBAN_MEN,340001.0,level
2025-01-01,AKT,URBAN_MEN,URBAN_MEN,346857.0,level
2026-01-01,AKT,URBAN_MEN,URBAN_MEN,352827.0,level
1991-01-01,ALA,URBAN_MEN,URBAN_MEN,514370.0,level
1992-01-01,ALA,URBAN_MEN,URBAN_MEN,520799.0,level
1993-01-01,ALA,URBAN_MEN,URBAN_MEN,519978.0,level
1994-01-01,ALA,URBAN_MEN,URBAN_MEN,515475.0,level
1995-01-01,ALA,URBAN_MEN,URBAN_MEN,509699.0,level
1996-01-01,ALA,URBAN_MEN,URBAN_MEN,507582.0,level
1997-01-01,ALA,URBAN_MEN,URBAN_MEN,509540.0,level
1998-01-01,ALA,URBAN_MEN,URBAN_MEN,509854.0,level
1999-01-01,ALA,URBAN_MEN,URBAN_MEN,511813.0,level
2000-01-01,ALA,URBAN_MEN,URBAN_MEN,512262.0,level
2001-01-01,ALA,URBAN_MEN,URBAN_MEN,511339.0,level
2002-01-01,ALA,URBAN_MEN,URBAN_MEN,513311.0,level
2003-01-01,ALA,URBAN_MEN,URBAN_MEN,521543.0,level
2004-01-01,ALA,URBAN_MEN,URBAN_MEN,533470.0,level
2005-01-01,ALA,URBAN_MEN,URBAN_MEN,549039.0,level
2006-01-01,ALA,URBAN_MEN,URBAN_MEN,566189.0,level
2007-01-01,ALA,URBAN_MEN,URBAN_MEN,585212.0,level
2008-01-01,ALA,URBAN_MEN,URBAN_MEN,602702.0,level
2009-01-01,ALA,URBAN_MEN,URBAN_MEN,667476.0,level
2010-01-01,ALA,URBAN_MEN,URBAN_MEN,680505.0,level
2011-01-01,ALA,URBAN_MEN,URBAN_MEN,690664.0,level
2012-01-01,ALA,URBAN_MEN,URBAN_MEN,705634.0,level
2013-01-01,ALA,URBAN_MEN,URBAN_MEN,718341.0,level
2014-01-01,ALA,URBAN_MEN,URBAN_MEN,734215.0,level
2015-01-01,ALA,URBAN_MEN,URBAN_MEN,752464.0,level
2016-01-01,ALA,URBAN_MEN,URBAN_MEN,780851.0,level
2017-01-01,ALA,URBAN_MEN,URBAN_MEN,802425.0,level
2018-01-01,ALA,URBAN_MEN,URBAN_MEN,824583.0,level
2019-01-01,ALA,URBAN_MEN,URBAN_MEN,849284.0,level
2020-01-01,ALA,URBAN_MEN,URBAN_MEN,881717.0,level
2021-01-01,ALA,URBAN_MEN,URBAN_MEN,909119.0,level
2022-01-01,ALA,URBAN_MEN,URBAN_MEN,976659.0,level
2023-01-01,ALA,URBAN_MEN,URBAN_MEN,1003939.0,level
2024-01-01,ALA,URBAN_MEN,URBAN_MEN,1035805.0,level
2025-01-01,ALA,URBAN_MEN,URBAN_MEN,1066395.0,level
2026-01-01,ALA,URBAN_MEN,URBAN_MEN,1092870.0,level
1991-01-01,ALM,URBAN_MEN,URBAN_MEN,260909.0,level
1992-01-01,ALM,URBAN_MEN,URBAN_MEN,259280.0,level
1993-01-01,ALM,URBAN_MEN,URBAN_MEN,253881.0,level
1994-01-01,ALM,URBAN_MEN,URBAN_MEN,252605.0,level
1995-01-01,ALM,URBAN_MEN,URBAN_MEN,240069.0,level
1996-01-01,ALM,URBAN_MEN,URBAN_MEN,233271.0,level
1997-01-01,ALM,URBAN_MEN,URBAN_MEN,228933.0,level
1998-01-01,ALM,URBAN_MEN,URBAN_MEN,223418.0,level
1999-01-01,ALM,URBAN_MEN,URBAN_MEN,217412.0,level
2000-01-01,ALM,URBAN_MEN,URBAN_MEN,216861.0,level
2001-01-01,ALM,URBAN_MEN,URBAN_MEN,214742.0,level
2002-01-01,ALM,URBAN_MEN,URBAN_MEN,214041.0,level
2003-01-01,ALM,URBAN_MEN,URBAN_MEN,215465.0,level
2004-01-01,ALM,URBAN_MEN,URBAN_MEN,218332.0,level
2005-01-01,ALM,URBAN_MEN,URBAN_MEN,223010.0,level
2006-01-01,ALM,URBAN_MEN,URBAN_MEN,226050.0,level
2007-01-01,ALM,URBAN_MEN,URBAN_MEN,229921.0,level
2008-01-01,ALM,URBAN_MEN,URBAN_MEN,179437.0,level
2009-01-01,ALM,URBAN_MEN,URBAN_MEN,85124.0,level
2010-01-01,ALM,URBAN_MEN,URBAN_MEN,86791.0,level
2011-01-01,ALM,URBAN_MEN,URBAN_MEN,88439.0,level
2012-01-01,ALM,URBAN_MEN,URBAN_MEN,89879.0,level
2013-01-01,ALM,URBAN_MEN,URBAN_MEN,91437.0,level
2014-01-01,ALM,URBAN_MEN,URBAN_MEN,92953.0,level
2015-01-01,ALM,URBAN_MEN,URBAN_MEN,94606.0,level
2016-01-01,ALM,URBAN_MEN,URBAN_MEN,95529.0,level
2017-01-01,ALM,URBAN_MEN,URBAN_MEN,96569.0,level
2018-01-01,ALM,URBAN_MEN,URBAN_MEN,92631.0,level
2019-01-01,ALM,URBAN_MEN,URBAN_MEN,90155.0,level
2020-01-01,ALM,URBAN_MEN,URBAN_MEN,86863.0,level
2021-01-01,ALM,URBAN_MEN,URBAN_MEN,87216.0,level
2022-01-01,ALM,URBAN_MEN,URBAN_MEN,143542.0,level
2023-01-01,ALM,URBAN_MEN,URBAN_MEN,145551.0,level
2024-01-01,ALM,URBAN_MEN,URBAN_MEN,147826.0,level
2025-01-01,ALM,URBAN_MEN,URBAN_MEN,149018.0,level
2026-01-01,ALM,URBAN_MEN,URBAN_MEN,151818.0,level
1991-01-01,AST,URBAN_MEN,URBAN_MEN,139574.0,level
1992-01-01,AST,URBAN_MEN,URBAN_MEN,141485.0,level
1993-01-01,AST,URBAN_MEN,URBAN_MEN,138011.0,level
1994-01-01,AST,URBAN_MEN,URBAN_MEN,138772.0,level
1995-01-01,AST,URBAN_MEN,URBAN_MEN,137723.0,level
1996-01-01,AST,URBAN_MEN,URBAN_MEN,135712.0,level
1997-01-01,AST,URBAN_MEN,URBAN_MEN,134140.0,level
1998-01-01,AST,URBAN_MEN,URBAN_MEN,139941.0,level
1999-01-01,AST,URBAN_MEN,URBAN_MEN,152427.0,level
2000-01-01,AST,URBAN_MEN,URBAN_MEN,181026.0,level
2001-01-01,AST,URBAN_MEN,URBAN_MEN,211948.0,level
2002-01-01,AST,URBAN_MEN,URBAN_MEN,239176.0,level
2003-01-01,AST,URBAN_MEN,URBAN_MEN,243833.0,level
2004-01-01,AST,URBAN_MEN,URBAN_MEN,248044.0,level
2005-01-01,AST,URBAN_MEN,URBAN_MEN,257162.0,level
2006-01-01,AST,URBAN_MEN,URBAN_MEN,267869.0,level
2007-01-01,AST,URBAN_MEN,URBAN_MEN,282259.0,level
2008-01-01,AST,URBAN_MEN,URBAN_MEN,295354.0,level
2009-01-01,AST,URBAN_MEN,URBAN_MEN,299331.0,level
2010-01-01,AST,URBAN_MEN,URBAN_MEN,319686.0,level
2011-01-01,AST,URBAN_MEN,URBAN_MEN,341515.0,level
2012-01-01,AST,URBAN_MEN,URBAN_MEN,362161.0,level
2013-01-01,AST,URBAN_MEN,URBAN_MEN,378436.0,level
2014-01-01,AST,URBAN_MEN,URBAN_MEN,395915.0,level
2015-01-01,AST,URBAN_MEN,URBAN_MEN,414304.0,level
2016-01-01,AST,URBAN_MEN,URBAN_MEN,423467.0,level
2017-01-01,AST,URBAN_MEN,URBAN_MEN,471635.0,level
2018-01-01,AST,URBAN_MEN,URBAN_MEN,498717.0,level
2019-01-01,AST,URBAN_MEN,URBAN_MEN,520389.0,level
2020-01-01,AST,URBAN_MEN,URBAN_MEN,547900.0,level
2021-01-01,AST,URBAN_MEN,URBAN_MEN,571131.0,level
2022-01-01,AST,URBAN_MEN,URBAN_MEN,619669.0,level
2023-01-01,AST,URBAN_MEN,URBAN_MEN,645752.0,level
2024-01-01,AST,URBAN_MEN,URBAN_MEN,680058.0,level
2025-01-01,AST,URBAN_MEN,URBAN_MEN,725136.0,level
2026-01-01,AST,URBAN_MEN,URBAN_MEN,774610.0,level
1991-01-01,ATY,URBAN_MEN,URBAN_MEN,122548.0,level
1992-01-01,ATY,URBAN_MEN,URBAN_MEN,124784.0,level
1993-01-01,ATY,URBAN_MEN,URBAN_MEN,124477.0,level
1994-01-01,ATY,URBAN_MEN,URBAN_MEN,122056.0,level
1995-01-01,ATY,URBAN_MEN,URBAN_MEN,121673.0,level
1996-01-01,ATY,URBAN_MEN,URBAN_MEN,121376.0,level
1997-01-01,ATY,URBAN_MEN,URBAN_MEN,121820.0,level
1998-01-01,ATY,URBAN_MEN,URBAN_MEN,122297.0,level
1999-01-01,ATY,URBAN_MEN,URBAN_MEN,122580.0,level
2000-01-01,ATY,URBAN_MEN,URBAN_MEN,122862.0,level
2001-01-01,ATY,URBAN_MEN,URBAN_MEN,123828.0,level
2002-01-01,ATY,URBAN_MEN,URBAN_MEN,125236.0,level
2003-01-01,ATY,URBAN_MEN,URBAN_MEN,126360.0,level
2004-01-01,ATY,URBAN_MEN,URBAN_MEN,124935.0,level
2005-01-01,ATY,URBAN_MEN,URBAN_MEN,125073.0,level
2006-01-01,ATY,URBAN_MEN,URBAN_MEN,128655.0,level
2007-01-01,ATY,URBAN_MEN,URBAN_MEN,131399.0,level
2008-01-01,ATY,URBAN_MEN,URBAN_MEN,111753.0,level
2009-01-01,ATY,URBAN_MEN,URBAN_MEN,126422.0,level
2010-01-01,ATY,URBAN_MEN,URBAN_MEN,130840.0,level
2011-01-01,ATY,URBAN_MEN,URBAN_MEN,134688.0,level
2012-01-01,ATY,URBAN_MEN,URBAN_MEN,138244.0,level
2013-01-01,ATY,URBAN_MEN,URBAN_MEN,142191.0,level
2014-01-01,ATY,URBAN_MEN,URBAN_MEN,146437.0,level
2015-01-01,ATY,URBAN_MEN,URBAN_MEN,151526.0,level
2016-01-01,ATY,URBAN_MEN,URBAN_MEN,156743.0,level
2017-01-01,ATY,URBAN_MEN,URBAN_MEN,162038.0,level
2018-01-01,ATY,URBAN_MEN,URBAN_MEN,166218.0,level
2019-01-01,ATY,URBAN_MEN,URBAN_MEN,169550.0,level
2020-01-01,ATY,URBAN_MEN,URBAN_MEN,171957.0,level
2021-01-01,ATY,URBAN_MEN,URBAN_MEN,174661.0,level
2022-01-01,ATY,URBAN_MEN,URBAN_MEN,181818.0,level
2023-01-01,ATY,URBAN_MEN,URBAN_MEN,185053.0,level
2024-01-01,ATY,URBAN_MEN,URBAN_MEN,188575.0,level
2025-01-01,ATY,URBAN_MEN,URBAN_MEN,189249.0,level
2026-01-01,ATY,URBAN_MEN,URBAN_MEN,190262.0,level
1991-01-01,KRG,URBAN_MEN,URBAN_MEN,672987.0,level
1992-01-01,KRG,URBAN_MEN,URBAN_MEN,665838.0,level
1993-01-01,KRG,URBAN_MEN,URBAN_MEN,659092.0,level
1994-01-01,KRG,URBAN_MEN,URBAN_MEN,643734.0,level
1995-01-01,KRG,URBAN_MEN,URBAN_MEN,617700.0,level
1996-01-01,KRG,URBAN_MEN,URBAN_MEN,597673.0,level
1997-01-01,KRG,URBAN_MEN,URBAN_MEN,581660.0,level
1998-01-01,KRG,URBAN_MEN,URBAN_MEN,564705.0,level
1999-01-01,KRG,URBAN_MEN,URBAN_MEN,543326.0,level
2000-01-01,KRG,URBAN_MEN,URBAN_MEN,535415.0,level
2001-01-01,KRG,URBAN_MEN,URBAN_MEN,525505.0,level
2002-01-01,KRG,URBAN_MEN,URBAN_MEN,518606.0,level
2003-01-01,KRG,URBAN_MEN,URBAN_MEN,515863.0,level
2004-01-01,KRG,URBAN_MEN,URBAN_MEN,516399.0,level
2005-01-01,KRG,URBAN_MEN,URBAN_MEN,519148.0,level
2006-01-01,KRG,URBAN_MEN,URBAN_MEN,522915.0,level
2007-01-01,KRG,URBAN_MEN,URBAN_MEN,525690.0,level
2008-01-01,KRG,URBAN_MEN,URBAN_MEN,481133.0,level
2009-01-01,KRG,URBAN_MEN,URBAN_MEN,400264.0,level
2010-01-01,KRG,URBAN_MEN,URBAN_MEN,404109.0,level
2011-01-01,KRG,URBAN_MEN,URBAN_MEN,407408.0,level
2012-01-01,KRG,URBAN_MEN,URBAN_MEN,410766.0,level
2013-01-01,KRG,URBAN_MEN,URBAN_MEN,413509.0,level
2014-01-01,KRG,URBAN_MEN,URBAN_MEN,417940.0,level
2015-01-01,KRG,URBAN_MEN,URBAN_MEN,422880.0,level
2016-01-01,KRG,URBAN_MEN,URBAN_MEN,427100.0,level
2017-01-01,KRG,URBAN_MEN,URBAN_MEN,428624.0,level
2018-01-01,KRG,URBAN_MEN,URBAN_MEN,429312.0,level
2019-01-01,KRG,URBAN_MEN,URBAN_MEN,428697.0,level
2020-01-01,KRG,URBAN_MEN,URBAN_MEN,429218.0,level
2021-01-01,KRG,URBAN_MEN,URBAN_MEN,430237.0,level
2022-01-01,KRG,URBAN_MEN,URBAN_MEN,433228.0,level
2023-01-01,KRG,URBAN_MEN,URBAN_MEN,434822.0,level
2024-01-01,KRG,URBAN_MEN,URBAN_MEN,437184.0,level
2025-01-01,KRG,URBAN_MEN,URBAN_MEN,438884.0,level
2026-01-01,KRG,URBAN_MEN,URBAN_MEN,441093.0,level
1991-01-01,KST,URBAN_MEN,URBAN_MEN,304757.0,level
1992-01-01,KST,URBAN_MEN,URBAN_MEN,307197.0,level
1993-01-01,KST,URBAN_MEN,URBAN_MEN,305692.0,level
1994-01-01,KST,URBAN_MEN,URBAN_MEN,299119.0,level
1995-01-01,KST,URBAN_MEN,URBAN_MEN,288938.0,level
1996-01-01,KST,URBAN_MEN,URBAN_MEN,281688.0,level
1997-01-01,KST,URBAN_MEN,URBAN_MEN,277073.0,level
1998-01-01,KST,URBAN_MEN,URBAN_MEN,269438.0,level
1999-01-01,KST,URBAN_MEN,URBAN_MEN,255295.0,level
2000-01-01,KST,URBAN_MEN,URBAN_MEN,245739.0,level
2001-01-01,KST,URBAN_MEN,URBAN_MEN,236641.0,level
2002-01-01,KST,URBAN_MEN,URBAN_MEN,230230.0,level
2003-01-01,KST,URBAN_MEN,URBAN_MEN,227487.0,level
2004-01-01,KST,URBAN_MEN,URBAN_MEN,227358.0,level
2005-01-01,KST,URBAN_MEN,URBAN_MEN,228700.0,level
2006-01-01,KST,URBAN_MEN,URBAN_MEN,219918.0,level
2007-01-01,KST,URBAN_MEN,URBAN_MEN,221119.0,level
2008-01-01,KST,URBAN_MEN,URBAN_MEN,195936.0,level
2009-01-01,KST,URBAN_MEN,URBAN_MEN,211372.0,level
2010-01-01,KST,URBAN_MEN,URBAN_MEN,212255.0,level
2011-01-01,KST,URBAN_MEN,URBAN_MEN,213441.0,level
2012-01-01,KST,URBAN_MEN,URBAN_MEN,215292.0,level
2013-01-01,KST,URBAN_MEN,URBAN_MEN,217389.0,level
2014-01-01,KST,URBAN_MEN,URBAN_MEN,219460.0,level
2015-01-01,KST,URBAN_MEN,URBAN_MEN,222341.0,level
2016-01-01,KST,URBAN_MEN,URBAN_MEN,225796.0,level
2017-01-01,KST,URBAN_MEN,URBAN_MEN,226671.0,level
2018-01-01,KST,URBAN_MEN,URBAN_MEN,228789.0,level
2019-01-01,KST,URBAN_MEN,URBAN_MEN,230331.0,level
2020-01-01,KST,URBAN_MEN,URBAN_MEN,231817.0,level
2021-01-01,KST,URBAN_MEN,URBAN_MEN,232586.0,level
2022-01-01,KST,URBAN_MEN,URBAN_MEN,240454.0,level
2023-01-01,KST,URBAN_MEN,URBAN_MEN,241697.0,level
2024-01-01,KST,URBAN_MEN,URBAN_MEN,243155.0,level
2025-01-01,KST,URBAN_MEN,URBAN_MEN,244675.0,level
2026-01-01,KST,URBAN_MEN,URBAN_MEN,246496.0,level
1991-01-01,KZL,URBAN_MEN,URBAN_MEN,171654.0,level
1992-01-01,KZL,URBAN_MEN,URBAN_MEN,174686.0,level
1993-01-01,KZL,URBAN_MEN,URBAN_MEN,178639.0,level
1994-01-01,KZL,URBAN_MEN,URBAN_MEN,177305.0,level
1995-01-01,KZL,URBAN_MEN,URBAN_MEN,176167.0,level
1996-01-01,KZL,URBAN_MEN,URBAN_MEN,173974.0,level
1997-01-01,KZL,URBAN_MEN,URBAN_MEN,174589.0,level
1998-01-01,KZL,URBAN_MEN,URBAN_MEN,175604.0,level
1999-01-01,KZL,URBAN_MEN,URBAN_MEN,176558.0,level
2000-01-01,KZL,URBAN_MEN,URBAN_MEN,176979.0,level
2001-01-01,KZL,URBAN_MEN,URBAN_MEN,176060.0,level
2002-01-01,KZL,URBAN_MEN,URBAN_MEN,175444.0,level
2003-01-01,KZL,URBAN_MEN,URBAN_MEN,176005.0,level
2004-01-01,KZL,URBAN_MEN,URBAN_MEN,176916.0,level
2005-01-01,KZL,URBAN_MEN,URBAN_MEN,177920.0,level
2006-01-01,KZL,URBAN_MEN,URBAN_MEN,179886.0,level
2007-01-01,KZL,URBAN_MEN,URBAN_MEN,181808.0,level
2008-01-01,KZL,URBAN_MEN,URBAN_MEN,107652.0,level
2009-01-01,KZL,URBAN_MEN,URBAN_MEN,137689.0,level
2010-01-01,KZL,URBAN_MEN,URBAN_MEN,140869.0,level
2011-01-01,KZL,URBAN_MEN,URBAN_MEN,143649.0,level
2012-01-01,KZL,URBAN_MEN,URBAN_MEN,147029.0,level
2013-01-01,KZL,URBAN_MEN,URBAN_MEN,151010.0,level
2014-01-01,KZL,URBAN_MEN,URBAN_MEN,154406.0,level
2015-01-01,KZL,URBAN_MEN,URBAN_MEN,158681.0,level
2016-01-01,KZL,URBAN_MEN,URBAN_MEN,162962.0,level
2017-01-01,KZL,URBAN_MEN,URBAN_MEN,166489.0,level
2018-01-01,KZL,URBAN_MEN,URBAN_MEN,169264.0,level
2019-01-01,KZL,URBAN_MEN,URBAN_MEN,172474.0,level
2020-01-01,KZL,URBAN_MEN,URBAN_MEN,175775.0,level
2021-01-01,KZL,URBAN_MEN,URBAN_MEN,179234.0,level
2022-01-01,KZL,URBAN_MEN,URBAN_MEN,188810.0,level
2023-01-01,KZL,URBAN_MEN,URBAN_MEN,191713.0,level
2024-01-01,KZL,URBAN_MEN,URBAN_MEN,193879.0,level
2025-01-01,KZL,URBAN_MEN,URBAN_MEN,195718.0,level
2026-01-01,KZL,URBAN_MEN,URBAN_MEN,196406.0,level
1991-01-01,MNG,URBAN_MEN,URBAN_MEN,148906.0,level
1992-01-01,MNG,URBAN_MEN,URBAN_MEN,151299.0,level
1993-01-01,MNG,URBAN_MEN,URBAN_MEN,149737.0,level
1994-01-01,MNG,URBAN_MEN,URBAN_MEN,128357.0,level
1995-01-01,MNG,URBAN_MEN,URBAN_MEN,118244.0,level
1996-01-01,MNG,URBAN_MEN,URBAN_MEN,118817.0,level
1997-01-01,MNG,URBAN_MEN,URBAN_MEN,120388.0,level
1998-01-01,MNG,URBAN_MEN,URBAN_MEN,122471.0,level
1999-01-01,MNG,URBAN_MEN,URBAN_MEN,120863.0,level
2000-01-01,MNG,URBAN_MEN,URBAN_MEN,121126.0,level
2001-01-01,MNG,URBAN_MEN,URBAN_MEN,123216.0,level
2002-01-01,MNG,URBAN_MEN,URBAN_MEN,124105.0,level
2003-01-01,MNG,URBAN_MEN,URBAN_MEN,128282.0,level
2004-01-01,MNG,URBAN_MEN,URBAN_MEN,130505.0,level
2005-01-01,MNG,URBAN_MEN,URBAN_MEN,134744.0,level
2006-01-01,MNG,URBAN_MEN,URBAN_MEN,128556.0,level
2007-01-01,MNG,URBAN_MEN,URBAN_MEN,131428.0,level
2008-01-01,MNG,URBAN_MEN,URBAN_MEN,114749.0,level
2009-01-01,MNG,URBAN_MEN,URBAN_MEN,118959.0,level
2010-01-01,MNG,URBAN_MEN,URBAN_MEN,122658.0,level
2011-01-01,MNG,URBAN_MEN,URBAN_MEN,126027.0,level
2012-01-01,MNG,URBAN_MEN,URBAN_MEN,129263.0,level
2013-01-01,MNG,URBAN_MEN,URBAN_MEN,132128.0,level
2014-01-01,MNG,URBAN_MEN,URBAN_MEN,134818.0,level
2015-01-01,MNG,URBAN_MEN,URBAN_MEN,137826.0,level
2016-01-01,MNG,URBAN_MEN,URBAN_MEN,139794.0,level
2017-01-01,MNG,URBAN_MEN,URBAN_MEN,140822.0,level
2018-01-01,MNG,URBAN_MEN,URBAN_MEN,139134.0,level
2019-01-01,MNG,URBAN_MEN,URBAN_MEN,139698.0,level
2020-01-01,MNG,URBAN_MEN,URBAN_MEN,142101.0,level
2021-01-01,MNG,URBAN_MEN,URBAN_MEN,147443.0,level
2022-01-01,MNG,URBAN_MEN,URBAN_MEN,163245.0,level
2023-01-01,MNG,URBAN_MEN,URBAN_MEN,168228.0,level
2024-01-01,MNG,URBAN_MEN,URBAN_MEN,173461.0,level
2025-01-01,MNG,URBAN_MEN,URBAN_MEN,179283.0,level
2026-01-01,MNG,URBAN_MEN,URBAN_MEN,185345.0,level
1991-01-01,PVL,URBAN_MEN,URBAN_MEN,293672.0,level
1992-01-01,PVL,URBAN_MEN,URBAN_MEN,294350.0,level
1993-01-01,PVL,URBAN_MEN,URBAN_MEN,287811.0,level
1994-01-01,PVL,URBAN_MEN,URBAN_MEN,269371.0,level
1995-01-01,PVL,URBAN_MEN,URBAN_MEN,262394.0,level
1996-01-01,PVL,URBAN_MEN,URBAN_MEN,257532.0,level
1997-01-01,PVL,URBAN_MEN,URBAN_MEN,254128.0,level
1998-01-01,PVL,URBAN_MEN,URBAN_MEN,247044.0,level
1999-01-01,PVL,URBAN_MEN,URBAN_MEN,239356.0,level
2000-01-01,PVL,URBAN_MEN,URBAN_MEN,233738.0,level
2001-01-01,PVL,URBAN_MEN,URBAN_MEN,228339.0,level
2002-01-01,PVL,URBAN_MEN,URBAN_MEN,225274.0,level
2003-01-01,PVL,URBAN_MEN,URBAN_MEN,222613.0,level
2004-01-01,PVL,URBAN_MEN,URBAN_MEN,223421.0,level
2005-01-01,PVL,URBAN_MEN,URBAN_MEN,225219.0,level
2006-01-01,PVL,URBAN_MEN,URBAN_MEN,225334.0,level
2007-01-01,PVL,URBAN_MEN,URBAN_MEN,227136.0,level
2008-01-01,PVL,URBAN_MEN,URBAN_MEN,225155.0,level
2009-01-01,PVL,URBAN_MEN,URBAN_MEN,231912.0,level
2010-01-01,PVL,URBAN_MEN,URBAN_MEN,233992.0,level
2011-01-01,PVL,URBAN_MEN,URBAN_MEN,235470.0,level
2012-01-01,PVL,URBAN_MEN,URBAN_MEN,236732.0,level
2013-01-01,PVL,URBAN_MEN,URBAN_MEN,238498.0,level
2014-01-01,PVL,URBAN_MEN,URBAN_MEN,241677.0,level
2015-01-01,PVL,URBAN_MEN,URBAN_MEN,244158.0,level
2016-01-01,PVL,URBAN_MEN,URBAN_MEN,246399.0,level
2017-01-01,PVL,URBAN_MEN,URBAN_MEN,246738.0,level
2018-01-01,PVL,URBAN_MEN,URBAN_MEN,246377.0,level
2019-01-01,PVL,URBAN_MEN,URBAN_MEN,245648.0,level
2020-01-01,PVL,URBAN_MEN,URBAN_MEN,245067.0,level
2021-01-01,PVL,URBAN_MEN,URBAN_MEN,244822.0,level
2022-01-01,PVL,URBAN_MEN,URBAN_MEN,249600.0,level
2023-01-01,PVL,URBAN_MEN,URBAN_MEN,249532.0,level
2024-01-01,PVL,URBAN_MEN,URBAN_MEN,249777.0,level
2025-01-01,PVL,URBAN_MEN,URBAN_MEN,250564.0,level
2026-01-01,PVL,URBAN_MEN,URBAN_MEN,249982.0,level
2009-01-01,SHM,URBAN_MEN,URBAN_MEN,348686.0,level
2010-01-01,SHM,URBAN_MEN,URBAN_MEN,356133.0,level
2011-01-01,SHM,URBAN_MEN,URBAN_MEN,364965.0,level
2012-01-01,SHM,URBAN_MEN,URBAN_MEN,373477.0,level
2013-01-01,SHM,URBAN_MEN,URBAN_MEN,385021.0,level
2014-01-01,SHM,URBAN_MEN,URBAN_MEN,396757.0,level
2015-01-01,SHM,URBAN_MEN,URBAN_MEN,411038.0,level
2016-01-01,SHM,URBAN_MEN,URBAN_MEN,425451.0,level
2017-01-01,SHM,URBAN_MEN,URBAN_MEN,438471.0,level
2018-01-01,SHM,URBAN_MEN,URBAN_MEN,458270.0,level
2019-01-01,SHM,URBAN_MEN,URBAN_MEN,484397.0,level
2020-01-01,SHM,URBAN_MEN,URBAN_MEN,500250.0,level
2021-01-01,SHM,URBAN_MEN,URBAN_MEN,519346.0,level
2022-01-01,SHM,URBAN_MEN,URBAN_MEN,560483.0,level
2023-01-01,SHM,URBAN_MEN,URBAN_MEN,575684.0,level
2024-01-01,SHM,URBAN_MEN,URBAN_MEN,590461.0,level
2025-01-01,SHM,URBAN_MEN,URBAN_MEN,608221.0,level
2026-01-01,SHM,URBAN_MEN,URBAN_MEN,626614.0,level
1991-01-01,SKO,URBAN_MEN,URBAN_MEN,156279.0,level
1992-01-01,SKO,URBAN_MEN,URBAN_MEN,156753.0,level
1993-01-01,SKO,URBAN_MEN,URBAN_MEN,155034.0,level
1994-01-01,SKO,URBAN_MEN,URBAN_MEN,153231.0,level
1995-01-01,SKO,URBAN_MEN,URBAN_MEN,147648.0,level
1996-01-01,SKO,URBAN_MEN,URBAN_MEN,142682.0,level
1997-01-01,SKO,URBAN_MEN,URBAN_MEN,137642.0,level
1998-01-01,SKO,URBAN_MEN,URBAN_MEN,130852.0,level
1999-01-01,SKO,URBAN_MEN,URBAN_MEN,127341.0,level
2000-01-01,SKO,URBAN_MEN,URBAN_MEN,124985.0,level
2001-01-01,SKO,URBAN_MEN,URBAN_MEN,122848.0,level
2002-01-01,SKO,URBAN_MEN,URBAN_MEN,120464.0,level
2003-01-01,SKO,URBAN_MEN,URBAN_MEN,117254.0,level
2004-01-01,SKO,URBAN_MEN,URBAN_MEN,112958.0,level
2005-01-01,SKO,URBAN_MEN,URBAN_MEN,103442.0,level
2006-01-01,SKO,URBAN_MEN,URBAN_MEN,103471.0,level
2007-01-01,SKO,URBAN_MEN,URBAN_MEN,105021.0,level
2008-01-01,SKO,URBAN_MEN,URBAN_MEN,104985.0,level
2009-01-01,SKO,URBAN_MEN,URBAN_MEN,108027.0,level
2010-01-01,SKO,URBAN_MEN,URBAN_MEN,108285.0,level
2011-01-01,SKO,URBAN_MEN,URBAN_MEN,108592.0,level
2012-01-01,SKO,URBAN_MEN,URBAN_MEN,108485.0,level
2013-01-01,SKO,URBAN_MEN,URBAN_MEN,108794.0,level
2014-01-01,SKO,URBAN_MEN,URBAN_MEN,109687.0,level
2015-01-01,SKO,URBAN_MEN,URBAN_MEN,110682.0,level
2016-01-01,SKO,URBAN_MEN,URBAN_MEN,113444.0,level
2017-01-01,SKO,URBAN_MEN,URBAN_MEN,113664.0,level
2018-01-01,SKO,URBAN_MEN,URBAN_MEN,114455.0,level
2019-01-01,SKO,URBAN_MEN,URBAN_MEN,115029.0,level
2020-01-01,SKO,URBAN_MEN,URBAN_MEN,115122.0,level
2021-01-01,SKO,URBAN_MEN,URBAN_MEN,115265.0,level
2022-01-01,SKO,URBAN_MEN,URBAN_MEN,120227.0,level
2023-01-01,SKO,URBAN_MEN,URBAN_MEN,120297.0,level
2024-01-01,SKO,URBAN_MEN,URBAN_MEN,120619.0,level
2025-01-01,SKO,URBAN_MEN,URBAN_MEN,120238.0,level
2026-01-01,SKO,URBAN_MEN,URBAN_MEN,120297.0,level
2009-01-01,TRK,URBAN_MEN,URBAN_MEN,180169.0,level
2010-01-01,TRK,URBAN_MEN,URBAN_MEN,183665.0,level
2011-01-01,TRK,URBAN_MEN,URBAN_MEN,186661.0,level
2012-01-01,TRK,URBAN_MEN,URBAN_MEN,189543.0,level
2013-01-01,TRK,URBAN_MEN,URBAN_MEN,191984.0,level
2014-01-01,TRK,URBAN_MEN,URBAN_MEN,193424.0,level
2015-01-01,TRK,URBAN_MEN,URBAN_MEN,195297.0,level
2016-01-01,TRK,URBAN_MEN,URBAN_MEN,196980.0,level
2017-01-01,TRK,URBAN_MEN,URBAN_MEN,196229.0,level
2018-01-01,TRK,URBAN_MEN,URBAN_MEN,196028.0,level
2019-01-01,TRK,URBAN_MEN,URBAN_MEN,197006.0,level
2020-01-01,TRK,URBAN_MEN,URBAN_MEN,204845.0,level
2021-01-01,TRK,URBAN_MEN,URBAN_MEN,211104.0,level
2022-01-01,TRK,URBAN_MEN,URBAN_MEN,257014.0,level
2023-01-01,TRK,URBAN_MEN,URBAN_MEN,262368.0,level
2024-01-01,TRK,URBAN_MEN,URBAN_MEN,266910.0,level
2025-01-01,TRK,URBAN_MEN,URBAN_MEN,271538.0,level
2026-01-01,TRK,URBAN_MEN,URBAN_MEN,273544.0,level
2009-01-01,ULT,URBAN_MEN,URBAN_MEN,82566.0,level
2010-01-01,ULT,URBAN_MEN,URBAN_MEN,82784.0,level
2011-01-01,ULT,URBAN_MEN,URBAN_MEN,82945.0,level
2012-01-01,ULT,URBAN_MEN,URBAN_MEN,82849.0,level
2013-01-01,ULT,URBAN_MEN,URBAN_MEN,82711.0,level
2014-01-01,ULT,URBAN_MEN,URBAN_MEN,82798.0,level
2015-01-01,ULT,URBAN_MEN,URBAN_MEN,82994.0,level
2016-01-01,ULT,URBAN_MEN,URBAN_MEN,83349.0,level
2017-01-01,ULT,URBAN_MEN,URBAN_MEN,83131.0,level
2018-01-01,ULT,URBAN_MEN,URBAN_MEN,83147.0,level
2019-01-01,ULT,URBAN_MEN,URBAN_MEN,83547.0,level
2020-01-01,ULT,URBAN_MEN,URBAN_MEN,83834.0,level
2021-01-01,ULT,URBAN_MEN,URBAN_MEN,83894.0,level
2022-01-01,ULT,URBAN_MEN,URBAN_MEN,83950.0,level
2023-01-01,ULT,URBAN_MEN,URBAN_MEN,84453.0,level
2024-01-01,ULT,URBAN_MEN,URBAN_MEN,84673.0,level
2025-01-01,ULT,URBAN_MEN,URBAN_MEN,84883.0,level
2026-01-01,ULT,URBAN_MEN,URBAN_MEN,84130.0,level
1991-01-01,VKO,URBAN_MEN,URBAN_MEN,492283.0,level
1992-01-01,VKO,URBAN_MEN,URBAN_MEN,492417.0,level
1993-01-01,VKO,URBAN_MEN,URBAN_MEN,487723.0,level
1994-01-01,VKO,URBAN_MEN,URBAN_MEN,478809.0,level
1995-01-01,VKO,URBAN_MEN,URBAN_MEN,455185.0,level
1996-01-01,VKO,URBAN_MEN,URBAN_MEN,443263.0,level
1997-01-01,VKO,URBAN_MEN,URBAN_MEN,433115.0,level
1998-01-01,VKO,URBAN_MEN,URBAN_MEN,424241.0,level
1999-01-01,VKO,URBAN_MEN,URBAN_MEN,416578.0,level
2000-01-01,VKO,URBAN_MEN,URBAN_MEN,410805.0,level
2001-01-01,VKO,URBAN_MEN,URBAN_MEN,405170.0,level
2002-01-01,VKO,URBAN_MEN,URBAN_MEN,399762.0,level
2003-01-01,VKO,URBAN_MEN,URBAN_MEN,395739.0,level
2004-01-01,VKO,URBAN_MEN,URBAN_MEN,392699.0,level
2005-01-01,VKO,URBAN_MEN,URBAN_MEN,390188.0,level
2006-01-01,VKO,URBAN_MEN,URBAN_MEN,388340.0,level
2007-01-01,VKO,URBAN_MEN,URBAN_MEN,387685.0,level
2008-01-01,VKO,URBAN_MEN,URBAN_MEN,346045.0,level
2009-01-01,VKO,URBAN_MEN,URBAN_MEN,201508.0,level
2010-01-01,VKO,URBAN_MEN,URBAN_MEN,201555.0,level
2011-01-01,VKO,URBAN_MEN,URBAN_MEN,202198.0,level
2012-01-01,VKO,URBAN_MEN,URBAN_MEN,202886.0,level
2013-01-01,VKO,URBAN_MEN,URBAN_MEN,202992.0,level
2014-01-01,VKO,URBAN_MEN,URBAN_MEN,204976.0,level
2015-01-01,VKO,URBAN_MEN,URBAN_MEN,206311.0,level
2016-01-01,VKO,URBAN_MEN,URBAN_MEN,208035.0,level
2017-01-01,VKO,URBAN_MEN,URBAN_MEN,208835.0,level
2018-01-01,VKO,URBAN_MEN,URBAN_MEN,211029.0,level
2019-01-01,VKO,URBAN_MEN,URBAN_MEN,212156.0,level
2020-01-01,VKO,URBAN_MEN,URBAN_MEN,212011.0,level
2021-01-01,VKO,URBAN_MEN,URBAN_MEN,212602.0,level
2022-01-01,VKO,URBAN_MEN,URBAN_MEN,225167.0,level
2023-01-01,VKO,URBAN_MEN,URBAN_MEN,225618.0,level
2024-01-01,VKO,URBAN_MEN,URBAN_MEN,226104.0,level
2025-01-01,VKO,URBAN_MEN,URBAN_MEN,227117.0,level
2026-01-01,VKO,URBAN_MEN,URBAN_MEN,227672.0,level
1991-01-01,YKO,URBAN_MEN,URBAN_MEN,359931.0,level
1992-01-01,YKO,URBAN_MEN,URBAN_MEN,363923.0,level
1993-01-01,YKO,URBAN_MEN,URBAN_MEN,365568.0,level
1994-01-01,YKO,URBAN_MEN,URBAN_MEN,365135.0,level
1995-01-01,YKO,URBAN_MEN,URBAN_MEN,361786.0,level
1996-01-01,YKO,URBAN_MEN,URBAN_MEN,358996.0,level
1997-01-01,YKO,URBAN_MEN,URBAN_MEN,358448.0,level
1998-01-01,YKO,URBAN_MEN,URBAN_MEN,353577.0,level
1999-01-01,YKO,URBAN_MEN,URBAN_MEN,368208.0,level
2000-01-01,YKO,URBAN_MEN,URBAN_MEN,375900.0,level
2001-01-01,YKO,URBAN_MEN,URBAN_MEN,397494.0,level
2002-01-01,YKO,URBAN_MEN,URBAN_MEN,406541.0,level
2003-01-01,YKO,URBAN_MEN,URBAN_MEN,410437.0,level
2004-01-01,YKO,URBAN_MEN,URBAN_MEN,415927.0,level
2005-01-01,YKO,URBAN_MEN,URBAN_MEN,422499.0,level
2006-01-01,YKO,URBAN_MEN,URBAN_MEN,427770.0,level
2007-01-01,YKO,URBAN_MEN,URBAN_MEN,435755.0,level
2008-01-01,YKO,URBAN_MEN,URBAN_MEN,427220.0,level
1991-01-01,ZHM,URBAN_MEN,URBAN_MEN,236442.0,level
1992-01-01,ZHM,URBAN_MEN,URBAN_MEN,235354.0,level
1993-01-01,ZHM,URBAN_MEN,URBAN_MEN,232962.0,level
1994-01-01,ZHM,URBAN_MEN,URBAN_MEN,227756.0,level
1995-01-01,ZHM,URBAN_MEN,URBAN_MEN,217111.0,level
1996-01-01,ZHM,URBAN_MEN,URBAN_MEN,212625.0,level
1997-01-01,ZHM,URBAN_MEN,URBAN_MEN,210046.0,level
1998-01-01,ZHM,URBAN_MEN,URBAN_MEN,205361.0,level
1999-01-01,ZHM,URBAN_MEN,URBAN_MEN,212377.0,level
2000-01-01,ZHM,URBAN_MEN,URBAN_MEN,210036.0,level
2001-01-01,ZHM,URBAN_MEN,URBAN_MEN,207238.0,level
2002-01-01,ZHM,URBAN_MEN,URBAN_MEN,205310.0,level
2003-01-01,ZHM,URBAN_MEN,URBAN_MEN,205133.0,level
2004-01-01,ZHM,URBAN_MEN,URBAN_MEN,206102.0,level
2005-01-01,ZHM,URBAN_MEN,URBAN_MEN,207960.0,level
2006-01-01,ZHM,URBAN_MEN,URBAN_MEN,209706.0,level
2007-01-01,ZHM,URBAN_MEN,URBAN_MEN,210618.0,level
2008-01-01,ZHM,URBAN_MEN,URBAN_MEN,197422.0,level
2009-01-01,ZHM,URBAN_MEN,URBAN_MEN,194953.0,level
2010-01-01,ZHM,URBAN_MEN,URBAN_MEN,197445.0,level
2011-01-01,ZHM,URBAN_MEN,URBAN_MEN,198897.0,level
2012-01-01,ZHM,URBAN_MEN,URBAN_MEN,199292.0,level
2013-01-01,ZHM,URBAN_MEN,URBAN_MEN,202064.0,level
2014-01-01,ZHM,URBAN_MEN,URBAN_MEN,206141.0,level
2015-01-01,ZHM,URBAN_MEN,URBAN_MEN,209484.0,level
2016-01-01,ZHM,URBAN_MEN,URBAN_MEN,212930.0,level
2017-01-01,ZHM,URBAN_MEN,URBAN_MEN,212796.0,level
2018-01-01,ZHM,URBAN_MEN,URBAN_MEN,210789.0,level
2019-01-01,ZHM,URBAN_MEN,URBAN_MEN,212391.0,level
2020-01-01,ZHM,URBAN_MEN,URBAN_MEN,212994.0,level
2021-01-01,ZHM,URBAN_MEN,URBAN_MEN,215911.0,level
2022-01-01,ZHM,URBAN_MEN,URBAN_MEN,274546.0,level
2023-01-01,ZHM,URBAN_MEN,URBAN_MEN,277521.0,level
2024-01-01,ZHM,URBAN_MEN,URBAN_MEN,279770.0,level
2025-01-01,ZHM,URBAN_MEN,URBAN_MEN,282203.0,level
2026-01-01,ZHM,URBAN_MEN,URBAN_MEN,283828.0,level
2009-01-01,ZHT,URBAN_MEN,URBAN_MEN,115664.0,level
2010-01-01,ZHT,URBAN_MEN,URBAN_MEN,117444.0,level
2011-01-01,ZHT,URBAN_MEN,URBAN_MEN,119295.0,level
2012-01-01,ZHT,URBAN_MEN,URBAN_MEN,121049.0,level
2013-01-01,ZHT,URBAN_MEN,URBAN_MEN,123133.0,level
2014-01-01,ZHT,URBAN_MEN,URBAN_MEN,124973.0,level
2015-01-01,ZHT,URBAN_MEN,URBAN_MEN,127491.0,level
2016-01-01,ZHT,URBAN_MEN,URBAN_MEN,129230.0,level
2017-01-01,ZHT,URBAN_MEN,URBAN_MEN,130408.0,level
2018-01-01,ZHT,URBAN_MEN,URBAN_MEN,129699.0,level
2019-01-01,ZHT,URBAN_MEN,URBAN_MEN,128901.0,level
2020-01-01,ZHT,URBAN_MEN,URBAN_MEN,128659.0,level
2021-01-01,ZHT,URBAN_MEN,URBAN_MEN,129846.0,level
2022-01-01,ZHT,URBAN_MEN,URBAN_MEN,150568.0,level
2023-01-01,ZHT,URBAN_MEN,URBAN_MEN,151196.0,level
2024-01-01,ZHT,URBAN_MEN,URBAN_MEN,151398.0,level
2025-01-01,ZHT,URBAN_MEN,URBAN_MEN,151587.0,level
2026-01-01,ZHT,URBAN_MEN,URBAN_MEN,151423.0,level
1991-01-01,ZKO,URBAN_MEN,URBAN_MEN,127612.0,level
1992-01-01,ZKO,URBAN_MEN,URBAN_MEN,122507.0,level
1993-01-01,ZKO,URBAN_MEN,URBAN_MEN,123801.0,level
1994-01-01,ZKO,URBAN_MEN,URBAN_MEN,124363.0,level
1995-01-01,ZKO,URBAN_MEN,URBAN_MEN,121800.0,level
1996-01-01,ZKO,URBAN_MEN,URBAN_MEN,120622.0,level
1997-01-01,ZKO,URBAN_MEN,URBAN_MEN,120026.0,level
1998-01-01,ZKO,URBAN_MEN,URBAN_MEN,118340.0,level
1999-01-01,ZKO,URBAN_MEN,URBAN_MEN,115511.0,level
2000-01-01,ZKO,URBAN_MEN,URBAN_MEN,113079.0,level
2001-01-01,ZKO,URBAN_MEN,URBAN_MEN,112496.0,level
2002-01-01,ZKO,URBAN_MEN,URBAN_MEN,115041.0,level
2003-01-01,ZKO,URBAN_MEN,URBAN_MEN,118818.0,level
2004-01-01,ZKO,URBAN_MEN,URBAN_MEN,120222.0,level
2005-01-01,ZKO,URBAN_MEN,URBAN_MEN,121342.0,level
2006-01-01,ZKO,URBAN_MEN,URBAN_MEN,123240.0,level
2007-01-01,ZKO,URBAN_MEN,URBAN_MEN,123689.0,level
2008-01-01,ZKO,URBAN_MEN,URBAN_MEN,125512.0,level
2009-01-01,ZKO,URBAN_MEN,URBAN_MEN,127639.0,level
2010-01-01,ZKO,URBAN_MEN,URBAN_MEN,130741.0,level
2011-01-01,ZKO,URBAN_MEN,URBAN_MEN,133611.0,level
2012-01-01,ZKO,URBAN_MEN,URBAN_MEN,136551.0,level
2013-01-01,ZKO,URBAN_MEN,URBAN_MEN,139220.0,level
2014-01-01,ZKO,URBAN_MEN,URBAN_MEN,142285.0,level
2015-01-01,ZKO,URBAN_MEN,URBAN_MEN,144996.0,level
2016-01-01,ZKO,URBAN_MEN,URBAN_MEN,146979.0,level
2017-01-01,ZKO,URBAN_MEN,URBAN_MEN,150492.0,level
2018-01-01,ZKO,URBAN_MEN,URBAN_MEN,154996.0,level
2019-01-01,ZKO,URBAN_MEN,URBAN_MEN,158170.0,level
2020-01-01,ZKO,URBAN_MEN,URBAN_MEN,161030.0,level
2021-01-01,ZKO,URBAN_MEN,URBAN_MEN,163056.0,level
2022-01-01,ZKO,URBAN_MEN,URBAN_MEN,181401.0,level
2023-01-01,ZKO,URBAN_MEN,URBAN_MEN,183782.0,level
2024-01-01,ZKO,URBAN_MEN,URBAN_MEN,186165.0,level
2025-01-01,ZKO,URBAN_MEN,URBAN_MEN,189427.0,level
2026-01-01,ZKO,URBAN_MEN,URBAN_MEN,190919.0,level
1991-01-01,national,URBAN_MEN,URBAN_MEN,4438700.0,level
1992-01-01,national,URBAN_MEN,URBAN_MEN,4448617.0,level
1993-01-01,national,URBAN_MEN,URBAN_MEN,4412250.0,level
1994-01-01,national,URBAN_MEN,URBAN_MEN,4319479.0,level
1995-01-01,national,URBAN_MEN,URBAN_MEN,4181107.0,level
1996-01-01,national,URBAN_MEN,URBAN_MEN,4101508.0,level
1997-01-01,national,URBAN_MEN,URBAN_MEN,4049808.0,level
1998-01-01,national,URBAN_MEN,URBAN_MEN,3979182.0,level
1999-01-01,national,URBAN_MEN,URBAN_MEN,3937419.0,level
2000-01-01,national,URBAN_MEN,URBAN_MEN,3929825.0,level
2001-01-01,national,URBAN_MEN,URBAN_MEN,3938168.0,level
2002-01-01,national,URBAN_MEN,URBAN_MEN,3946537.0,level
2003-01-01,national,URBAN_MEN,URBAN_MEN,3958761.0,level
2004-01-01,national,URBAN_MEN,URBAN_MEN,3984280.0,level
2005-01-01,national,URBAN_MEN,URBAN_MEN,4026117.0,level
2006-01-01,national,URBAN_MEN,URBAN_MEN,4062067.0,level
2007-01-01,national,URBAN_MEN,URBAN_MEN,4127077.0,level
2008-01-01,national,URBAN_MEN,URBAN_MEN,3847854.0,level
2009-01-01,national,URBAN_MEN,URBAN_MEN,4204657.0,level
2010-01-01,national,URBAN_MEN,URBAN_MEN,4281464.0,level
2011-01-01,national,URBAN_MEN,URBAN_MEN,4357950.0,level
2012-01-01,national,URBAN_MEN,URBAN_MEN,4433936.0,level
2013-01-01,national,URBAN_MEN,URBAN_MEN,4510428.0,level
2014-01-01,national,URBAN_MEN,URBAN_MEN,4598362.0,level
2015-01-01,national,URBAN_MEN,URBAN_MEN,4695626.0,level
2016-01-01,national,URBAN_MEN,URBAN_MEN,4794534.0,level
2017-01-01,national,URBAN_MEN,URBAN_MEN,4901240.0,level
2018-01-01,national,URBAN_MEN,URBAN_MEN,4989682.0,level
2019-01-01,national,URBAN_MEN,URBAN_MEN,5081694.0,level
2020-01-01,national,URBAN_MEN,URBAN_MEN,5183105.0,level
2021-01-01,national,URBAN_MEN,URBAN_MEN,5288020.0,level
2022-01-01,national,URBAN_MEN,URBAN_MEN,5763945.0,level
2023-01-01,national,URBAN_MEN,URBAN_MEN,5869774.0,level
2024-01-01,national,URBAN_MEN,URBAN_MEN,5987445.0,level
2025-01-01,national,URBAN_MEN,URBAN_MEN,6115955.0,level
2026-01-01,national,URBAN_MEN,URBAN_MEN,6238785.0,level
2009-01-01,ABY,URBAN_WOMEN,URBAN_WOMEN,192402.0,level
2010-01-01,ABY,URBAN_WOMEN,URBAN_WOMEN,193621.0,level
2011-01-01,ABY,URBAN_WOMEN,URBAN_WOMEN,194938.0,level
2012-01-01,ABY,URBAN_WOMEN,URBAN_WOMEN,195995.0,level
2013-01-01,ABY,URBAN_WOMEN,URBAN_WOMEN,197902.0,level
2014-01-01,ABY,URBAN_WOMEN,URBAN_WOMEN,198838.0,level
2015-01-01,ABY,URBAN_WOMEN,URBAN_WOMEN,199757.0,level
2016-01-01,ABY,URBAN_WOMEN,URBAN_WOMEN,202267.0,level
2017-01-01,ABY,URBAN_WOMEN,URBAN_WOMEN,202321.0,level
2018-01-01,ABY,URBAN_WOMEN,URBAN_WOMEN,203533.0,level
2019-01-01,ABY,URBAN_WOMEN,URBAN_WOMEN,203958.0,level
2020-01-01,ABY,URBAN_WOMEN,URBAN_WOMEN,204028.0,level
2021-01-01,ABY,URBAN_WOMEN,URBAN_WOMEN,204076.0,level
2022-01-01,ABY,URBAN_WOMEN,URBAN_WOMEN,192069.0,level
2023-01-01,ABY,URBAN_WOMEN,URBAN_WOMEN,192833.0,level
2024-01-01,ABY,URBAN_WOMEN,URBAN_WOMEN,193587.0,level
2025-01-01,ABY,URBAN_WOMEN,URBAN_WOMEN,194385.0,level
2026-01-01,ABY,URBAN_WOMEN,URBAN_WOMEN,194198.0,level
1991-01-01,AKM,URBAN_WOMEN,URBAN_WOMEN,264193.0,level
1992-01-01,AKM,URBAN_WOMEN,URBAN_WOMEN,265683.0,level
1993-01-01,AKM,URBAN_WOMEN,URBAN_WOMEN,260306.0,level
1994-01-01,AKM,URBAN_WOMEN,URBAN_WOMEN,254455.0,level
1995-01-01,AKM,URBAN_WOMEN,URBAN_WOMEN,239398.0,level
1996-01-01,AKM,URBAN_WOMEN,URBAN_WOMEN,230904.0,level
1997-01-01,AKM,URBAN_WOMEN,URBAN_WOMEN,224098.0,level
1998-01-01,AKM,URBAN_WOMEN,URBAN_WOMEN,208585.0,level
1999-01-01,AKM,URBAN_WOMEN,URBAN_WOMEN,200767.0,level
2000-01-01,AKM,URBAN_WOMEN,URBAN_WOMEN,194257.0,level
2001-01-01,AKM,URBAN_WOMEN,URBAN_WOMEN,189608.0,level
2002-01-01,AKM,URBAN_WOMEN,URBAN_WOMEN,184651.0,level
2003-01-01,AKM,URBAN_WOMEN,URBAN_WOMEN,183983.0,level
2004-01-01,AKM,URBAN_WOMEN,URBAN_WOMEN,185672.0,level
2005-01-01,AKM,URBAN_WOMEN,URBAN_WOMEN,187533.0,level
2006-01-01,AKM,URBAN_WOMEN,URBAN_WOMEN,188989.0,level
2007-01-01,AKM,URBAN_WOMEN,URBAN_WOMEN,191314.0,level
2008-01-01,AKM,URBAN_WOMEN,URBAN_WOMEN,178402.0,level
2009-01-01,AKM,URBAN_WOMEN,URBAN_WOMEN,185104.0,level
2010-01-01,AKM,URBAN_WOMEN,URBAN_WOMEN,184995.0,level
2011-01-01,AKM,URBAN_WOMEN,URBAN_WOMEN,184793.0,level
2012-01-01,AKM,URBAN_WOMEN,URBAN_WOMEN,184248.0,level
2013-01-01,AKM,URBAN_WOMEN,URBAN_WOMEN,185749.0,level
2014-01-01,AKM,URBAN_WOMEN,URBAN_WOMEN,187493.0,level
2015-01-01,AKM,URBAN_WOMEN,URBAN_WOMEN,188551.0,level
2016-01-01,AKM,URBAN_WOMEN,URBAN_WOMEN,191193.0,level
2017-01-01,AKM,URBAN_WOMEN,URBAN_WOMEN,189670.0,level
2018-01-01,AKM,URBAN_WOMEN,URBAN_WOMEN,190771.0,level
2019-01-01,AKM,URBAN_WOMEN,URBAN_WOMEN,190607.0,level
2020-01-01,AKM,URBAN_WOMEN,URBAN_WOMEN,191736.0,level
2021-01-01,AKM,URBAN_WOMEN,URBAN_WOMEN,193105.0,level
2022-01-01,AKM,URBAN_WOMEN,URBAN_WOMEN,229772.0,level
2023-01-01,AKM,URBAN_WOMEN,URBAN_WOMEN,231636.0,level
2024-01-01,AKM,URBAN_WOMEN,URBAN_WOMEN,233060.0,level
2025-01-01,AKM,URBAN_WOMEN,URBAN_WOMEN,235153.0,level
2026-01-01,AKM,URBAN_WOMEN,URBAN_WOMEN,238431.0,level
1991-01-01,AKT,URBAN_WOMEN,URBAN_WOMEN,215974.0,level
1992-01-01,AKT,URBAN_WOMEN,URBAN_WOMEN,216640.0,level
1993-01-01,AKT,URBAN_WOMEN,URBAN_WOMEN,213965.0,level
1994-01-01,AKT,URBAN_WOMEN,URBAN_WOMEN,213362.0,level
1995-01-01,AKT,URBAN_WOMEN,URBAN_WOMEN,208892.0,level
1996-01-01,AKT,URBAN_WOMEN,URBAN_WOMEN,207961.0,level
1997-01-01,AKT,URBAN_WOMEN,URBAN_WOMEN,207338.0,level
1998-01-01,AKT,URBAN_WOMEN,URBAN_WOMEN,205638.0,level
1999-01-01,AKT,URBAN_WOMEN,URBAN_WOMEN,199856.0,level
2000-01-01,AKT,URBAN_WOMEN,URBAN_WOMEN,197640.0,level
2001-01-01,AKT,URBAN_WOMEN,URBAN_WOMEN,195069.0,level
2002-01-01,AKT,URBAN_WOMEN,URBAN_WOMEN,192664.0,level
2003-01-01,AKT,URBAN_WOMEN,URBAN_WOMEN,193670.0,level
2004-01-01,AKT,URBAN_WOMEN,URBAN_WOMEN,195698.0,level
2005-01-01,AKT,URBAN_WOMEN,URBAN_WOMEN,198775.0,level
2006-01-01,AKT,URBAN_WOMEN,URBAN_WOMEN,201850.0,level
2007-01-01,AKT,URBAN_WOMEN,URBAN_WOMEN,205329.0,level
2008-01-01,AKT,URBAN_WOMEN,URBAN_WOMEN,201553.0,level
2009-01-01,AKT,URBAN_WOMEN,URBAN_WOMEN,267193.0,level
2010-01-01,AKT,URBAN_WOMEN,URBAN_WOMEN,270067.0,level
2011-01-01,AKT,URBAN_WOMEN,URBAN_WOMEN,277667.0,level
2012-01-01,AKT,URBAN_WOMEN,URBAN_WOMEN,281340.0,level
2013-01-01,AKT,URBAN_WOMEN,URBAN_WOMEN,284347.0,level
2014-01-01,AKT,URBAN_WOMEN,URBAN_WOMEN,288697.0,level
2015-01-01,AKT,URBAN_WOMEN,URBAN_WOMEN,295086.0,level
2016-01-01,AKT,URBAN_WOMEN,URBAN_WOMEN,300835.0,level
2017-01-01,AKT,URBAN_WOMEN,URBAN_WOMEN,307095.0,level
2018-01-01,AKT,URBAN_WOMEN,URBAN_WOMEN,315311.0,level
2019-01-01,AKT,URBAN_WOMEN,URBAN_WOMEN,321535.0,level
2020-01-01,AKT,URBAN_WOMEN,URBAN_WOMEN,328272.0,level
2021-01-01,AKT,URBAN_WOMEN,URBAN_WOMEN,334664.0,level
2022-01-01,AKT,URBAN_WOMEN,URBAN_WOMEN,352501.0,level
2023-01-01,AKT,URBAN_WOMEN,URBAN_WOMEN,358173.0,level
2024-01-01,AKT,URBAN_WOMEN,URBAN_WOMEN,363669.0,level
2025-01-01,AKT,URBAN_WOMEN,URBAN_WOMEN,370765.0,level
2026-01-01,AKT,URBAN_WOMEN,URBAN_WOMEN,376542.0,level
1991-01-01,ALA,URBAN_WOMEN,URBAN_WOMEN,604357.0,level
1992-01-01,ALA,URBAN_WOMEN,URBAN_WOMEN,613579.0,level
1993-01-01,ALA,URBAN_WOMEN,URBAN_WOMEN,614264.0,level
1994-01-01,ALA,URBAN_WOMEN,URBAN_WOMEN,610307.0,level
1995-01-01,ALA,URBAN_WOMEN,URBAN_WOMEN,605032.0,level
1996-01-01,ALA,URBAN_WOMEN,URBAN_WOMEN,604164.0,level
1997-01-01,ALA,URBAN_WOMEN,URBAN_WOMEN,608174.0,level
1998-01-01,ALA,URBAN_WOMEN,URBAN_WOMEN,610237.0,level
1999-01-01,ALA,URBAN_WOMEN,URBAN_WOMEN,617176.0,level
2000-01-01,ALA,URBAN_WOMEN,URBAN_WOMEN,618177.0,level
2001-01-01,ALA,URBAN_WOMEN,URBAN_WOMEN,617420.0,level
2002-01-01,ALA,URBAN_WOMEN,URBAN_WOMEN,619113.0,level
2003-01-01,ALA,URBAN_WOMEN,URBAN_WOMEN,628098.0,level
2004-01-01,ALA,URBAN_WOMEN,URBAN_WOMEN,641738.0,level
2005-01-01,ALA,URBAN_WOMEN,URBAN_WOMEN,660446.0,level
2006-01-01,ALA,URBAN_WOMEN,URBAN_WOMEN,681707.0,level
2007-01-01,ALA,URBAN_WOMEN,URBAN_WOMEN,702034.0,level
2008-01-01,ALA,URBAN_WOMEN,URBAN_WOMEN,722037.0,level
2009-01-01,ALA,URBAN_WOMEN,URBAN_WOMEN,780010.0,level
2010-01-01,ALA,URBAN_WOMEN,URBAN_WOMEN,797715.0,level
2011-01-01,ALA,URBAN_WOMEN,URBAN_WOMEN,812506.0,level
2012-01-01,ALA,URBAN_WOMEN,URBAN_WOMEN,836346.0,level
2013-01-01,ALA,URBAN_WOMEN,URBAN_WOMEN,852605.0,level
2014-01-01,ALA,URBAN_WOMEN,URBAN_WOMEN,871322.0,level
2015-01-01,ALA,URBAN_WOMEN,URBAN_WOMEN,893680.0,level
2016-01-01,ALA,URBAN_WOMEN,URBAN_WOMEN,926588.0,level
2017-01-01,ALA,URBAN_WOMEN,URBAN_WOMEN,953510.0,level
2018-01-01,ALA,URBAN_WOMEN,URBAN_WOMEN,982026.0,level
2019-01-01,ALA,URBAN_WOMEN,URBAN_WOMEN,1010004.0,level
2020-01-01,ALA,URBAN_WOMEN,URBAN_WOMEN,1039782.0,level
2021-01-01,ALA,URBAN_WOMEN,URBAN_WOMEN,1072873.0,level
2022-01-01,ALA,URBAN_WOMEN,URBAN_WOMEN,1124826.0,level
2023-01-01,ALA,URBAN_WOMEN,URBAN_WOMEN,1157962.0,level
2024-01-01,ALA,URBAN_WOMEN,URBAN_WOMEN,1192870.0,level
2025-01-01,ALA,URBAN_WOMEN,URBAN_WOMEN,1225660.0,level
2026-01-01,ALA,URBAN_WOMEN,URBAN_WOMEN,1255233.0,level
1991-01-01,ALM,URBAN_WOMEN,URBAN_WOMEN,288500.0,level
1992-01-01,ALM,URBAN_WOMEN,URBAN_WOMEN,287471.0,level
1993-01-01,ALM,URBAN_WOMEN,URBAN_WOMEN,282231.0,level
1994-01-01,ALM,URBAN_WOMEN,URBAN_WOMEN,281426.0,level
1995-01-01,ALM,URBAN_WOMEN,URBAN_WOMEN,268140.0,level
1996-01-01,ALM,URBAN_WOMEN,URBAN_WOMEN,261248.0,level
1997-01-01,ALM,URBAN_WOMEN,URBAN_WOMEN,257089.0,level
1998-01-01,ALM,URBAN_WOMEN,URBAN_WOMEN,251581.0,level
1999-01-01,ALM,URBAN_WOMEN,URBAN_WOMEN,247269.0,level
2000-01-01,ALM,URBAN_WOMEN,URBAN_WOMEN,245865.0,level
2001-01-01,ALM,URBAN_WOMEN,URBAN_WOMEN,243602.0,level
2002-01-01,ALM,URBAN_WOMEN,URBAN_WOMEN,242400.0,level
2003-01-01,ALM,URBAN_WOMEN,URBAN_WOMEN,243676.0,level
2004-01-01,ALM,URBAN_WOMEN,URBAN_WOMEN,246394.0,level
2005-01-01,ALM,URBAN_WOMEN,URBAN_WOMEN,250968.0,level
2006-01-01,ALM,URBAN_WOMEN,URBAN_WOMEN,253883.0,level
2007-01-01,ALM,URBAN_WOMEN,URBAN_WOMEN,258281.0,level
2008-01-01,ALM,URBAN_WOMEN,URBAN_WOMEN,203550.0,level
2009-01-01,ALM,URBAN_WOMEN,URBAN_WOMEN,92751.0,level
2010-01-01,ALM,URBAN_WOMEN,URBAN_WOMEN,94788.0,level
2011-01-01,ALM,URBAN_WOMEN,URBAN_WOMEN,96547.0,level
2012-01-01,ALM,URBAN_WOMEN,URBAN_WOMEN,98004.0,level
2013-01-01,ALM,URBAN_WOMEN,URBAN_WOMEN,99679.0,level
2014-01-01,ALM,URBAN_WOMEN,URBAN_WOMEN,101286.0,level
2015-01-01,ALM,URBAN_WOMEN,URBAN_WOMEN,102956.0,level
2016-01-01,ALM,URBAN_WOMEN,URBAN_WOMEN,103952.0,level
2017-01-01,ALM,URBAN_WOMEN,URBAN_WOMEN,104760.0,level
2018-01-01,ALM,URBAN_WOMEN,URBAN_WOMEN,100434.0,level
2019-01-01,ALM,URBAN_WOMEN,URBAN_WOMEN,97910.0,level
2020-01-01,ALM,URBAN_WOMEN,URBAN_WOMEN,95537.0,level
2021-01-01,ALM,URBAN_WOMEN,URBAN_WOMEN,96274.0,level
2022-01-01,ALM,URBAN_WOMEN,URBAN_WOMEN,147625.0,level
2023-01-01,ALM,URBAN_WOMEN,URBAN_WOMEN,149660.0,level
2024-01-01,ALM,URBAN_WOMEN,URBAN_WOMEN,152045.0,level
2025-01-01,ALM,URBAN_WOMEN,URBAN_WOMEN,153868.0,level
2026-01-01,ALM,URBAN_WOMEN,URBAN_WOMEN,157023.0,level
1991-01-01,AST,URBAN_WOMEN,URBAN_WOMEN,154217.0,level
1992-01-01,AST,URBAN_WOMEN,URBAN_WOMEN,157186.0,level
1993-01-01,AST,URBAN_WOMEN,URBAN_WOMEN,154161.0,level
1994-01-01,AST,URBAN_WOMEN,URBAN_WOMEN,155784.0,level
1995-01-01,AST,URBAN_WOMEN,URBAN_WOMEN,155432.0,level
1996-01-01,AST,URBAN_WOMEN,URBAN_WOMEN,154003.0,level
1997-01-01,AST,URBAN_WOMEN,URBAN_WOMEN,153061.0,level
1998-01-01,AST,URBAN_WOMEN,URBAN_WOMEN,160564.0,level
1999-01-01,AST,URBAN_WOMEN,URBAN_WOMEN,174512.0,level
2000-01-01,AST,URBAN_WOMEN,URBAN_WOMEN,199964.0,level
2001-01-01,AST,URBAN_WOMEN,URBAN_WOMEN,228261.0,level
2002-01-01,AST,URBAN_WOMEN,URBAN_WOMEN,253886.0,level
2003-01-01,AST,URBAN_WOMEN,URBAN_WOMEN,258165.0,level
2004-01-01,AST,URBAN_WOMEN,URBAN_WOMEN,262489.0,level
2005-01-01,AST,URBAN_WOMEN,URBAN_WOMEN,272173.0,level
2006-01-01,AST,URBAN_WOMEN,URBAN_WOMEN,282569.0,level
2007-01-01,AST,URBAN_WOMEN,URBAN_WOMEN,292189.0,level
2008-01-01,AST,URBAN_WOMEN,URBAN_WOMEN,307330.0,level
2009-01-01,AST,URBAN_WOMEN,URBAN_WOMEN,312245.0,level
2010-01-01,AST,URBAN_WOMEN,URBAN_WOMEN,335790.0,level
2011-01-01,AST,URBAN_WOMEN,URBAN_WOMEN,361970.0,level
2012-01-01,AST,URBAN_WOMEN,URBAN_WOMEN,387031.0,level
2013-01-01,AST,URBAN_WOMEN,URBAN_WOMEN,406034.0,level
2014-01-01,AST,URBAN_WOMEN,URBAN_WOMEN,424830.0,level
2015-01-01,AST,URBAN_WOMEN,URBAN_WOMEN,444825.0,level
2016-01-01,AST,URBAN_WOMEN,URBAN_WOMEN,455446.0,level
2017-01-01,AST,URBAN_WOMEN,URBAN_WOMEN,507382.0,level
2018-01-01,AST,URBAN_WOMEN,URBAN_WOMEN,538188.0,level
2019-01-01,AST,URBAN_WOMEN,URBAN_WOMEN,564323.0,level
2020-01-01,AST,URBAN_WOMEN,URBAN_WOMEN,594570.0,level
2021-01-01,AST,URBAN_WOMEN,URBAN_WOMEN,619580.0,level
2022-01-01,AST,URBAN_WOMEN,URBAN_WOMEN,676042.0,level
2023-01-01,AST,URBAN_WOMEN,URBAN_WOMEN,708807.0,level
2024-01-01,AST,URBAN_WOMEN,URBAN_WOMEN,750047.0,level
2025-01-01,AST,URBAN_WOMEN,URBAN_WOMEN,803567.0,level
2026-01-01,AST,URBAN_WOMEN,URBAN_WOMEN,864566.0,level
1991-01-01,ATY,URBAN_WOMEN,URBAN_WOMEN,133429.0,level
1992-01-01,ATY,URBAN_WOMEN,URBAN_WOMEN,135797.0,level
1993-01-01,ATY,URBAN_WOMEN,URBAN_WOMEN,135389.0,level
1994-01-01,ATY,URBAN_WOMEN,URBAN_WOMEN,132623.0,level
1995-01-01,ATY,URBAN_WOMEN,URBAN_WOMEN,132119.0,level
1996-01-01,ATY,URBAN_WOMEN,URBAN_WOMEN,131731.0,level
1997-01-01,ATY,URBAN_WOMEN,URBAN_WOMEN,132154.0,level
1998-01-01,ATY,URBAN_WOMEN,URBAN_WOMEN,132609.0,level
1999-01-01,ATY,URBAN_WOMEN,URBAN_WOMEN,133087.0,level
2000-01-01,ATY,URBAN_WOMEN,URBAN_WOMEN,133478.0,level
2001-01-01,ATY,URBAN_WOMEN,URBAN_WOMEN,134447.0,level
2002-01-01,ATY,URBAN_WOMEN,URBAN_WOMEN,135834.0,level
2003-01-01,ATY,URBAN_WOMEN,URBAN_WOMEN,137206.0,level
2004-01-01,ATY,URBAN_WOMEN,URBAN_WOMEN,136163.0,level
2005-01-01,ATY,URBAN_WOMEN,URBAN_WOMEN,136629.0,level
2006-01-01,ATY,URBAN_WOMEN,URBAN_WOMEN,140413.0,level
2007-01-01,ATY,URBAN_WOMEN,URBAN_WOMEN,143215.0,level
2008-01-01,ATY,URBAN_WOMEN,URBAN_WOMEN,123643.0,level
2009-01-01,ATY,URBAN_WOMEN,URBAN_WOMEN,138124.0,level
2010-01-01,ATY,URBAN_WOMEN,URBAN_WOMEN,142630.0,level
2011-01-01,ATY,URBAN_WOMEN,URBAN_WOMEN,146603.0,level
2012-01-01,ATY,URBAN_WOMEN,URBAN_WOMEN,150349.0,level
2013-01-01,ATY,URBAN_WOMEN,URBAN_WOMEN,154605.0,level
2014-01-01,ATY,URBAN_WOMEN,URBAN_WOMEN,158835.0,level
2015-01-01,ATY,URBAN_WOMEN,URBAN_WOMEN,163919.0,level
2016-01-01,ATY,URBAN_WOMEN,URBAN_WOMEN,169124.0,level
2017-01-01,ATY,URBAN_WOMEN,URBAN_WOMEN,174204.0,level
2018-01-01,ATY,URBAN_WOMEN,URBAN_WOMEN,178501.0,level
2019-01-01,ATY,URBAN_WOMEN,URBAN_WOMEN,181262.0,level
2020-01-01,ATY,URBAN_WOMEN,URBAN_WOMEN,183394.0,level
2021-01-01,ATY,URBAN_WOMEN,URBAN_WOMEN,186234.0,level
2022-01-01,ATY,URBAN_WOMEN,URBAN_WOMEN,194238.0,level
2023-01-01,ATY,URBAN_WOMEN,URBAN_WOMEN,197406.0,level
2024-01-01,ATY,URBAN_WOMEN,URBAN_WOMEN,201297.0,level
2025-01-01,ATY,URBAN_WOMEN,URBAN_WOMEN,201683.0,level
2026-01-01,ATY,URBAN_WOMEN,URBAN_WOMEN,202733.0,level
1991-01-01,KRG,URBAN_WOMEN,URBAN_WOMEN,733223.0,level
1992-01-01,KRG,URBAN_WOMEN,URBAN_WOMEN,728797.0,level
1993-01-01,KRG,URBAN_WOMEN,URBAN_WOMEN,724735.0,level
1994-01-01,KRG,URBAN_WOMEN,URBAN_WOMEN,710776.0,level
1995-01-01,KRG,URBAN_WOMEN,URBAN_WOMEN,685100.0,level
1996-01-01,KRG,URBAN_WOMEN,URBAN_WOMEN,665965.0,level
1997-01-01,KRG,URBAN_WOMEN,URBAN_WOMEN,651160.0,level
1998-01-01,KRG,URBAN_WOMEN,URBAN_WOMEN,635142.0,level
1999-01-01,KRG,URBAN_WOMEN,URBAN_WOMEN,615565.0,level
2000-01-01,KRG,URBAN_WOMEN,URBAN_WOMEN,607963.0,level
2001-01-01,KRG,URBAN_WOMEN,URBAN_WOMEN,598883.0,level
2002-01-01,KRG,URBAN_WOMEN,URBAN_WOMEN,592402.0,level
2003-01-01,KRG,URBAN_WOMEN,URBAN_WOMEN,590485.0,level
2004-01-01,KRG,URBAN_WOMEN,URBAN_WOMEN,592627.0,level
2005-01-01,KRG,URBAN_WOMEN,URBAN_WOMEN,597308.0,level
2006-01-01,KRG,URBAN_WOMEN,URBAN_WOMEN,602209.0,level
2007-01-01,KRG,URBAN_WOMEN,URBAN_WOMEN,607932.0,level
2008-01-01,KRG,URBAN_WOMEN,URBAN_WOMEN,561087.0,level
2009-01-01,KRG,URBAN_WOMEN,URBAN_WOMEN,465602.0,level
2010-01-01,KRG,URBAN_WOMEN,URBAN_WOMEN,470339.0,level
2011-01-01,KRG,URBAN_WOMEN,URBAN_WOMEN,474616.0,level
2012-01-01,KRG,URBAN_WOMEN,URBAN_WOMEN,479102.0,level
2013-01-01,KRG,URBAN_WOMEN,URBAN_WOMEN,481983.0,level
2014-01-01,KRG,URBAN_WOMEN,URBAN_WOMEN,486441.0,level
2015-01-01,KRG,URBAN_WOMEN,URBAN_WOMEN,491806.0,level
2016-01-01,KRG,URBAN_WOMEN,URBAN_WOMEN,495327.0,level
2017-01-01,KRG,URBAN_WOMEN,URBAN_WOMEN,496142.0,level
2018-01-01,KRG,URBAN_WOMEN,URBAN_WOMEN,496104.0,level
2019-01-01,KRG,URBAN_WOMEN,URBAN_WOMEN,494153.0,level
2020-01-01,KRG,URBAN_WOMEN,URBAN_WOMEN,493830.0,level
2021-01-01,KRG,URBAN_WOMEN,URBAN_WOMEN,494444.0,level
2022-01-01,KRG,URBAN_WOMEN,URBAN_WOMEN,487071.0,level
2023-01-01,KRG,URBAN_WOMEN,URBAN_WOMEN,487832.0,level
2024-01-01,KRG,URBAN_WOMEN,URBAN_WOMEN,489300.0,level
2025-01-01,KRG,URBAN_WOMEN,URBAN_WOMEN,490825.0,level
2026-01-01,KRG,URBAN_WOMEN,URBAN_WOMEN,492293.0,level
1991-01-01,KST,URBAN_WOMEN,URBAN_WOMEN,339099.0,level
1992-01-01,KST,URBAN_WOMEN,URBAN_WOMEN,343321.0,level
1993-01-01,KST,URBAN_WOMEN,URBAN_WOMEN,343136.0,level
1994-01-01,KST,URBAN_WOMEN,URBAN_WOMEN,337070.0,level
1995-01-01,KST,URBAN_WOMEN,URBAN_WOMEN,326990.0,level
1996-01-01,KST,URBAN_WOMEN,URBAN_WOMEN,320194.0,level
1997-01-01,KST,URBAN_WOMEN,URBAN_WOMEN,316352.0,level
1998-01-01,KST,URBAN_WOMEN,URBAN_WOMEN,309008.0,level
1999-01-01,KST,URBAN_WOMEN,URBAN_WOMEN,295765.0,level
2000-01-01,KST,URBAN_WOMEN,URBAN_WOMEN,286401.0,level
2001-01-01,KST,URBAN_WOMEN,URBAN_WOMEN,276760.0,level
2002-01-01,KST,URBAN_WOMEN,URBAN_WOMEN,270602.0,level
2003-01-01,KST,URBAN_WOMEN,URBAN_WOMEN,267783.0,level
2004-01-01,KST,URBAN_WOMEN,URBAN_WOMEN,267948.0,level
2005-01-01,KST,URBAN_WOMEN,URBAN_WOMEN,269930.0,level
2006-01-01,KST,URBAN_WOMEN,URBAN_WOMEN,260409.0,level
2007-01-01,KST,URBAN_WOMEN,URBAN_WOMEN,262422.0,level
2008-01-01,KST,URBAN_WOMEN,URBAN_WOMEN,235470.0,level
2009-01-01,KST,URBAN_WOMEN,URBAN_WOMEN,251289.0,level
2010-01-01,KST,URBAN_WOMEN,URBAN_WOMEN,252319.0,level
2011-01-01,KST,URBAN_WOMEN,URBAN_WOMEN,253502.0,level
2012-01-01,KST,URBAN_WOMEN,URBAN_WOMEN,254992.0,level
2013-01-01,KST,URBAN_WOMEN,URBAN_WOMEN,257554.0,level
2014-01-01,KST,URBAN_WOMEN,URBAN_WOMEN,259826.0,level
2015-01-01,KST,URBAN_WOMEN,URBAN_WOMEN,262821.0,level
2016-01-01,KST,URBAN_WOMEN,URBAN_WOMEN,266213.0,level
2017-01-01,KST,URBAN_WOMEN,URBAN_WOMEN,266801.0,level
2018-01-01,KST,URBAN_WOMEN,URBAN_WOMEN,268769.0,level
2019-01-01,KST,URBAN_WOMEN,URBAN_WOMEN,270126.0,level
2020-01-01,KST,URBAN_WOMEN,URBAN_WOMEN,271829.0,level
2021-01-01,KST,URBAN_WOMEN,URBAN_WOMEN,272516.0,level
2022-01-01,KST,URBAN_WOMEN,URBAN_WOMEN,272774.0,level
2023-01-01,KST,URBAN_WOMEN,URBAN_WOMEN,273560.0,level
2024-01-01,KST,URBAN_WOMEN,URBAN_WOMEN,274543.0,level
2025-01-01,KST,URBAN_WOMEN,URBAN_WOMEN,276343.0,level
2026-01-01,KST,URBAN_WOMEN,URBAN_WOMEN,277875.0,level
1991-01-01,KZL,URBAN_WOMEN,URBAN_WOMEN,182170.0,level
1992-01-01,KZL,URBAN_WOMEN,URBAN_WOMEN,184989.0,level
1993-01-01,KZL,URBAN_WOMEN,URBAN_WOMEN,188761.0,level
1994-01-01,KZL,URBAN_WOMEN,URBAN_WOMEN,186851.0,level
1995-01-01,KZL,URBAN_WOMEN,URBAN_WOMEN,185225.0,level
1996-01-01,KZL,URBAN_WOMEN,URBAN_WOMEN,182526.0,level
1997-01-01,KZL,URBAN_WOMEN,URBAN_WOMEN,182786.0,level
1998-01-01,KZL,URBAN_WOMEN,URBAN_WOMEN,183462.0,level
1999-01-01,KZL,URBAN_WOMEN,URBAN_WOMEN,184144.0,level
2000-01-01,KZL,URBAN_WOMEN,URBAN_WOMEN,184559.0,level
2001-01-01,KZL,URBAN_WOMEN,URBAN_WOMEN,184242.0,level
2002-01-01,KZL,URBAN_WOMEN,URBAN_WOMEN,183998.0,level
2003-01-01,KZL,URBAN_WOMEN,URBAN_WOMEN,184522.0,level
2004-01-01,KZL,URBAN_WOMEN,URBAN_WOMEN,185407.0,level
2005-01-01,KZL,URBAN_WOMEN,URBAN_WOMEN,186328.0,level
2006-01-01,KZL,URBAN_WOMEN,URBAN_WOMEN,188232.0,level
2007-01-01,KZL,URBAN_WOMEN,URBAN_WOMEN,190289.0,level
2008-01-01,KZL,URBAN_WOMEN,URBAN_WOMEN,115639.0,level
2009-01-01,KZL,URBAN_WOMEN,URBAN_WOMEN,145898.0,level
2010-01-01,KZL,URBAN_WOMEN,URBAN_WOMEN,149235.0,level
2011-01-01,KZL,URBAN_WOMEN,URBAN_WOMEN,151710.0,level
2012-01-01,KZL,URBAN_WOMEN,URBAN_WOMEN,154670.0,level
2013-01-01,KZL,URBAN_WOMEN,URBAN_WOMEN,158542.0,level
2014-01-01,KZL,URBAN_WOMEN,URBAN_WOMEN,161923.0,level
2015-01-01,KZL,URBAN_WOMEN,URBAN_WOMEN,165906.0,level
2016-01-01,KZL,URBAN_WOMEN,URBAN_WOMEN,170324.0,level
2017-01-01,KZL,URBAN_WOMEN,URBAN_WOMEN,173933.0,level
2018-01-01,KZL,URBAN_WOMEN,URBAN_WOMEN,176498.0,level
2019-01-01,KZL,URBAN_WOMEN,URBAN_WOMEN,179132.0,level
2020-01-01,KZL,URBAN_WOMEN,URBAN_WOMEN,181930.0,level
2021-01-01,KZL,URBAN_WOMEN,URBAN_WOMEN,185296.0,level
2022-01-01,KZL,URBAN_WOMEN,URBAN_WOMEN,196754.0,level
2023-01-01,KZL,URBAN_WOMEN,URBAN_WOMEN,199494.0,level
2024-01-01,KZL,URBAN_WOMEN,URBAN_WOMEN,201284.0,level
2025-01-01,KZL,URBAN_WOMEN,URBAN_WOMEN,202618.0,level
2026-01-01,KZL,URBAN_WOMEN,URBAN_WOMEN,202985.0,level
1991-01-01,MNG,URBAN_WOMEN,URBAN_WOMEN,149103.0,level
1992-01-01,MNG,URBAN_WOMEN,URBAN_WOMEN,152085.0,level
1993-01-01,MNG,URBAN_WOMEN,URBAN_WOMEN,151092.0,level
1994-01-01,MNG,URBAN_WOMEN,URBAN_WOMEN,129952.0,level
1995-01-01,MNG,URBAN_WOMEN,URBAN_WOMEN,120157.0,level
1996-01-01,MNG,URBAN_WOMEN,URBAN_WOMEN,121209.0,level
1997-01-01,MNG,URBAN_WOMEN,URBAN_WOMEN,123291.0,level
1998-01-01,MNG,URBAN_WOMEN,URBAN_WOMEN,125915.0,level
1999-01-01,MNG,URBAN_WOMEN,URBAN_WOMEN,125428.0,level
2000-01-01,MNG,URBAN_WOMEN,URBAN_WOMEN,125765.0,level
2001-01-01,MNG,URBAN_WOMEN,URBAN_WOMEN,127654.0,level
2002-01-01,MNG,URBAN_WOMEN,URBAN_WOMEN,128253.0,level
2003-01-01,MNG,URBAN_WOMEN,URBAN_WOMEN,132392.0,level
2004-01-01,MNG,URBAN_WOMEN,URBAN_WOMEN,135256.0,level
2005-01-01,MNG,URBAN_WOMEN,URBAN_WOMEN,139884.0,level
2006-01-01,MNG,URBAN_WOMEN,URBAN_WOMEN,134456.0,level
2007-01-01,MNG,URBAN_WOMEN,URBAN_WOMEN,137700.0,level
2008-01-01,MNG,URBAN_WOMEN,URBAN_WOMEN,119985.0,level
2009-01-01,MNG,URBAN_WOMEN,URBAN_WOMEN,127391.0,level
2010-01-01,MNG,URBAN_WOMEN,URBAN_WOMEN,130899.0,level
2011-01-01,MNG,URBAN_WOMEN,URBAN_WOMEN,133926.0,level
2012-01-01,MNG,URBAN_WOMEN,URBAN_WOMEN,136765.0,level
2013-01-01,MNG,URBAN_WOMEN,URBAN_WOMEN,139745.0,level
2014-01-01,MNG,URBAN_WOMEN,URBAN_WOMEN,142407.0,level
2015-01-01,MNG,URBAN_WOMEN,URBAN_WOMEN,145011.0,level
2016-01-01,MNG,URBAN_WOMEN,URBAN_WOMEN,146505.0,level
2017-01-01,MNG,URBAN_WOMEN,URBAN_WOMEN,147452.0,level
2018-01-01,MNG,URBAN_WOMEN,URBAN_WOMEN,146568.0,level
2019-01-01,MNG,URBAN_WOMEN,URBAN_WOMEN,147817.0,level
2020-01-01,MNG,URBAN_WOMEN,URBAN_WOMEN,150990.0,level
2021-01-01,MNG,URBAN_WOMEN,URBAN_WOMEN,156725.0,level
2022-01-01,MNG,URBAN_WOMEN,URBAN_WOMEN,172863.0,level
2023-01-01,MNG,URBAN_WOMEN,URBAN_WOMEN,178730.0,level
2024-01-01,MNG,URBAN_WOMEN,URBAN_WOMEN,184774.0,level
2025-01-01,MNG,URBAN_WOMEN,URBAN_WOMEN,191388.0,level
2026-01-01,MNG,URBAN_WOMEN,URBAN_WOMEN,198435.0,level
1991-01-01,PVL,URBAN_WOMEN,URBAN_WOMEN,323299.0,level
1992-01-01,PVL,URBAN_WOMEN,URBAN_WOMEN,325326.0,level
1993-01-01,PVL,URBAN_WOMEN,URBAN_WOMEN,319346.0,level
1994-01-01,PVL,URBAN_WOMEN,URBAN_WOMEN,299919.0,level
1995-01-01,PVL,URBAN_WOMEN,URBAN_WOMEN,293267.0,level
1996-01-01,PVL,URBAN_WOMEN,URBAN_WOMEN,288973.0,level
1997-01-01,PVL,URBAN_WOMEN,URBAN_WOMEN,286295.0,level
1998-01-01,PVL,URBAN_WOMEN,URBAN_WOMEN,279426.0,level
1999-01-01,PVL,URBAN_WOMEN,URBAN_WOMEN,272765.0,level
2000-01-01,PVL,URBAN_WOMEN,URBAN_WOMEN,267324.0,level
2001-01-01,PVL,URBAN_WOMEN,URBAN_WOMEN,262500.0,level
2002-01-01,PVL,URBAN_WOMEN,URBAN_WOMEN,259802.0,level
2003-01-01,PVL,URBAN_WOMEN,URBAN_WOMEN,258044.0,level
2004-01-01,PVL,URBAN_WOMEN,URBAN_WOMEN,259799.0,level
2005-01-01,PVL,URBAN_WOMEN,URBAN_WOMEN,262598.0,level
2006-01-01,PVL,URBAN_WOMEN,URBAN_WOMEN,263421.0,level
2007-01-01,PVL,URBAN_WOMEN,URBAN_WOMEN,266348.0,level
2008-01-01,PVL,URBAN_WOMEN,URBAN_WOMEN,265398.0,level
2009-01-01,PVL,URBAN_WOMEN,URBAN_WOMEN,272371.0,level
2010-01-01,PVL,URBAN_WOMEN,URBAN_WOMEN,275061.0,level
2011-01-01,PVL,URBAN_WOMEN,URBAN_WOMEN,276693.0,level
2012-01-01,PVL,URBAN_WOMEN,URBAN_WOMEN,278036.0,level
2013-01-01,PVL,URBAN_WOMEN,URBAN_WOMEN,280102.0,level
2014-01-01,PVL,URBAN_WOMEN,URBAN_WOMEN,283562.0,level
2015-01-01,PVL,URBAN_WOMEN,URBAN_WOMEN,286060.0,level
2016-01-01,PVL,URBAN_WOMEN,URBAN_WOMEN,288384.0,level
2017-01-01,PVL,URBAN_WOMEN,URBAN_WOMEN,288162.0,level
2018-01-01,PVL,URBAN_WOMEN,URBAN_WOMEN,287337.0,level
2019-01-01,PVL,URBAN_WOMEN,URBAN_WOMEN,286608.0,level
2020-01-01,PVL,URBAN_WOMEN,URBAN_WOMEN,285935.0,level
2021-01-01,PVL,URBAN_WOMEN,URBAN_WOMEN,285657.0,level
2022-01-01,PVL,URBAN_WOMEN,URBAN_WOMEN,283599.0,level
2023-01-01,PVL,URBAN_WOMEN,URBAN_WOMEN,283354.0,level
2024-01-01,PVL,URBAN_WOMEN,URBAN_WOMEN,283435.0,level
2025-01-01,PVL,URBAN_WOMEN,URBAN_WOMEN,283718.0,level
2026-01-01,PVL,URBAN_WOMEN,URBAN_WOMEN,282724.0,level
2009-01-01,SHM,URBAN_WOMEN,URBAN_WOMEN,380117.0,level
2010-01-01,SHM,URBAN_WOMEN,URBAN_WOMEN,388509.0,level
2011-01-01,SHM,URBAN_WOMEN,URBAN_WOMEN,397894.0,level
2012-01-01,SHM,URBAN_WOMEN,URBAN_WOMEN,406283.0,level
2013-01-01,SHM,URBAN_WOMEN,URBAN_WOMEN,419025.0,level
2014-01-01,SHM,URBAN_WOMEN,URBAN_WOMEN,431941.0,level
2015-01-01,SHM,URBAN_WOMEN,URBAN_WOMEN,446845.0,level
2016-01-01,SHM,URBAN_WOMEN,URBAN_WOMEN,460644.0,level
2017-01-01,SHM,URBAN_WOMEN,URBAN_WOMEN,473649.0,level
2018-01-01,SHM,URBAN_WOMEN,URBAN_WOMEN,493704.0,level
2019-01-01,SHM,URBAN_WOMEN,URBAN_WOMEN,524497.0,level
2020-01-01,SHM,URBAN_WOMEN,URBAN_WOMEN,537674.0,level
2021-01-01,SHM,URBAN_WOMEN,URBAN_WOMEN,554875.0,level
2022-01-01,SHM,URBAN_WOMEN,URBAN_WOMEN,601825.0,level
2023-01-01,SHM,URBAN_WOMEN,URBAN_WOMEN,616515.0,level
2024-01-01,SHM,URBAN_WOMEN,URBAN_WOMEN,631605.0,level
2025-01-01,SHM,URBAN_WOMEN,URBAN_WOMEN,647943.0,level
2026-01-01,SHM,URBAN_WOMEN,URBAN_WOMEN,667436.0,level
1991-01-01,SKO,URBAN_WOMEN,URBAN_WOMEN,177120.0,level
1992-01-01,SKO,URBAN_WOMEN,URBAN_WOMEN,178110.0,level
1993-01-01,SKO,URBAN_WOMEN,URBAN_WOMEN,176598.0,level
1994-01-01,SKO,URBAN_WOMEN,URBAN_WOMEN,174903.0,level
1995-01-01,SKO,URBAN_WOMEN,URBAN_WOMEN,168938.0,level
1996-01-01,SKO,URBAN_WOMEN,URBAN_WOMEN,163669.0,level
1997-01-01,SKO,URBAN_WOMEN,URBAN_WOMEN,158300.0,level
1998-01-01,SKO,URBAN_WOMEN,URBAN_WOMEN,150878.0,level
1999-01-01,SKO,URBAN_WOMEN,URBAN_WOMEN,147434.0,level
2000-01-01,SKO,URBAN_WOMEN,URBAN_WOMEN,145280.0,level
2001-01-01,SKO,URBAN_WOMEN,URBAN_WOMEN,143335.0,level
2002-01-01,SKO,URBAN_WOMEN,URBAN_WOMEN,141144.0,level
2003-01-01,SKO,URBAN_WOMEN,URBAN_WOMEN,138029.0,level
2004-01-01,SKO,URBAN_WOMEN,URBAN_WOMEN,133865.0,level
2005-01-01,SKO,URBAN_WOMEN,URBAN_WOMEN,123998.0,level
2006-01-01,SKO,URBAN_WOMEN,URBAN_WOMEN,124276.0,level
2007-01-01,SKO,URBAN_WOMEN,URBAN_WOMEN,125113.0,level
2008-01-01,SKO,URBAN_WOMEN,URBAN_WOMEN,125245.0,level
2009-01-01,SKO,URBAN_WOMEN,URBAN_WOMEN,130623.0,level
2010-01-01,SKO,URBAN_WOMEN,URBAN_WOMEN,130950.0,level
2011-01-01,SKO,URBAN_WOMEN,URBAN_WOMEN,131475.0,level
2012-01-01,SKO,URBAN_WOMEN,URBAN_WOMEN,131184.0,level
2013-01-01,SKO,URBAN_WOMEN,URBAN_WOMEN,131662.0,level
2014-01-01,SKO,URBAN_WOMEN,URBAN_WOMEN,132806.0,level
2015-01-01,SKO,URBAN_WOMEN,URBAN_WOMEN,133683.0,level
2016-01-01,SKO,URBAN_WOMEN,URBAN_WOMEN,136599.0,level
2017-01-01,SKO,URBAN_WOMEN,URBAN_WOMEN,136710.0,level
2018-01-01,SKO,URBAN_WOMEN,URBAN_WOMEN,137460.0,level
2019-01-01,SKO,URBAN_WOMEN,URBAN_WOMEN,137818.0,level
2020-01-01,SKO,URBAN_WOMEN,URBAN_WOMEN,137887.0,level
2021-01-01,SKO,URBAN_WOMEN,URBAN_WOMEN,138124.0,level
2022-01-01,SKO,URBAN_WOMEN,URBAN_WOMEN,138916.0,level
2023-01-01,SKO,URBAN_WOMEN,URBAN_WOMEN,138638.0,level
2024-01-01,SKO,URBAN_WOMEN,URBAN_WOMEN,138721.0,level
2025-01-01,SKO,URBAN_WOMEN,URBAN_WOMEN,137986.0,level
2026-01-01,SKO,URBAN_WOMEN,URBAN_WOMEN,137797.0,level
2009-01-01,TRK,URBAN_WOMEN,URBAN_WOMEN,188743.0,level
2010-01-01,TRK,URBAN_WOMEN,URBAN_WOMEN,191160.0,level
2011-01-01,TRK,URBAN_WOMEN,URBAN_WOMEN,193150.0,level
2012-01-01,TRK,URBAN_WOMEN,URBAN_WOMEN,194493.0,level
2013-01-01,TRK,URBAN_WOMEN,URBAN_WOMEN,195218.0,level
2014-01-01,TRK,URBAN_WOMEN,URBAN_WOMEN,194896.0,level
2015-01-01,TRK,URBAN_WOMEN,URBAN_WOMEN,195117.0,level
2016-01-01,TRK,URBAN_WOMEN,URBAN_WOMEN,195761.0,level
2017-01-01,TRK,URBAN_WOMEN,URBAN_WOMEN,194768.0,level
2018-01-01,TRK,URBAN_WOMEN,URBAN_WOMEN,194074.0,level
2019-01-01,TRK,URBAN_WOMEN,URBAN_WOMEN,193672.0,level
2020-01-01,TRK,URBAN_WOMEN,URBAN_WOMEN,201962.0,level
2021-01-01,TRK,URBAN_WOMEN,URBAN_WOMEN,207827.0,level
2022-01-01,TRK,URBAN_WOMEN,URBAN_WOMEN,255639.0,level
2023-01-01,TRK,URBAN_WOMEN,URBAN_WOMEN,260947.0,level
2024-01-01,TRK,URBAN_WOMEN,URBAN_WOMEN,265263.0,level
2025-01-01,TRK,URBAN_WOMEN,URBAN_WOMEN,269865.0,level
2026-01-01,TRK,URBAN_WOMEN,URBAN_WOMEN,271918.0,level
2009-01-01,ULT,URBAN_WOMEN,URBAN_WOMEN,91200.0,level
2010-01-01,ULT,URBAN_WOMEN,URBAN_WOMEN,91455.0,level
2011-01-01,ULT,URBAN_WOMEN,URBAN_WOMEN,91408.0,level
2012-01-01,ULT,URBAN_WOMEN,URBAN_WOMEN,91164.0,level
2013-01-01,ULT,URBAN_WOMEN,URBAN_WOMEN,90811.0,level
2014-01-01,ULT,URBAN_WOMEN,URBAN_WOMEN,90891.0,level
2015-01-01,ULT,URBAN_WOMEN,URBAN_WOMEN,91070.0,level
2016-01-01,ULT,URBAN_WOMEN,URBAN_WOMEN,91495.0,level
2017-01-01,ULT,URBAN_WOMEN,URBAN_WOMEN,91106.0,level
2018-01-01,ULT,URBAN_WOMEN,URBAN_WOMEN,91076.0,level
2019-01-01,ULT,URBAN_WOMEN,URBAN_WOMEN,91532.0,level
2020-01-01,ULT,URBAN_WOMEN,URBAN_WOMEN,91664.0,level
2021-01-01,ULT,URBAN_WOMEN,URBAN_WOMEN,91618.0,level
2022-01-01,ULT,URBAN_WOMEN,URBAN_WOMEN,90539.0,level
2023-01-01,ULT,URBAN_WOMEN,URBAN_WOMEN,90647.0,level
2024-01-01,ULT,URBAN_WOMEN,URBAN_WOMEN,90752.0,level
2025-01-01,ULT,URBAN_WOMEN,URBAN_WOMEN,90815.0,level
2026-01-01,ULT,URBAN_WOMEN,URBAN_WOMEN,89956.0,level
1991-01-01,VKO,URBAN_WOMEN,URBAN_WOMEN,555491.0,level
1992-01-01,VKO,URBAN_WOMEN,URBAN_WOMEN,557485.0,level
1993-01-01,VKO,URBAN_WOMEN,URBAN_WOMEN,553982.0,level
1994-01-01,VKO,URBAN_WOMEN,URBAN_WOMEN,545388.0,level
1995-01-01,VKO,URBAN_WOMEN,URBAN_WOMEN,520123.0,level
1996-01-01,VKO,URBAN_WOMEN,URBAN_WOMEN,508182.0,level
1997-01-01,VKO,URBAN_WOMEN,URBAN_WOMEN,498214.0,level
1998-01-01,VKO,URBAN_WOMEN,URBAN_WOMEN,489646.0,level
1999-01-01,VKO,URBAN_WOMEN,URBAN_WOMEN,484201.0,level
2000-01-01,VKO,URBAN_WOMEN,URBAN_WOMEN,478532.0,level
2001-01-01,VKO,URBAN_WOMEN,URBAN_WOMEN,473618.0,level
2002-01-01,VKO,URBAN_WOMEN,URBAN_WOMEN,469249.0,level
2003-01-01,VKO,URBAN_WOMEN,URBAN_WOMEN,466290.0,level
2004-01-01,VKO,URBAN_WOMEN,URBAN_WOMEN,464324.0,level
2005-01-01,VKO,URBAN_WOMEN,URBAN_WOMEN,463178.0,level
2006-01-01,VKO,URBAN_WOMEN,URBAN_WOMEN,462423.0,level
2007-01-01,VKO,URBAN_WOMEN,URBAN_WOMEN,462850.0,level
2008-01-01,VKO,URBAN_WOMEN,URBAN_WOMEN,418887.0,level
2009-01-01,VKO,URBAN_WOMEN,URBAN_WOMEN,241319.0,level
2010-01-01,VKO,URBAN_WOMEN,URBAN_WOMEN,241800.0,level
2011-01-01,VKO,URBAN_WOMEN,URBAN_WOMEN,242557.0,level
2012-01-01,VKO,URBAN_WOMEN,URBAN_WOMEN,242929.0,level
2013-01-01,VKO,URBAN_WOMEN,URBAN_WOMEN,243031.0,level
2014-01-01,VKO,URBAN_WOMEN,URBAN_WOMEN,245322.0,level
2015-01-01,VKO,URBAN_WOMEN,URBAN_WOMEN,246763.0,level
2016-01-01,VKO,URBAN_WOMEN,URBAN_WOMEN,248653.0,level
2017-01-01,VKO,URBAN_WOMEN,URBAN_WOMEN,249400.0,level
2018-01-01,VKO,URBAN_WOMEN,URBAN_WOMEN,251850.0,level
2019-01-01,VKO,URBAN_WOMEN,URBAN_WOMEN,252641.0,level
2020-01-01,VKO,URBAN_WOMEN,URBAN_WOMEN,252900.0,level
2021-01-01,VKO,URBAN_WOMEN,URBAN_WOMEN,253497.0,level
2022-01-01,VKO,URBAN_WOMEN,URBAN_WOMEN,257749.0,level
2023-01-01,VKO,URBAN_WOMEN,URBAN_WOMEN,257785.0,level
2024-01-01,VKO,URBAN_WOMEN,URBAN_WOMEN,257843.0,level
2025-01-01,VKO,URBAN_WOMEN,URBAN_WOMEN,258612.0,level
2026-01-01,VKO,URBAN_WOMEN,URBAN_WOMEN,258808.0,level
1991-01-01,YKO,URBAN_WOMEN,URBAN_WOMEN,395268.0,level
1992-01-01,YKO,URBAN_WOMEN,URBAN_WOMEN,399386.0,level
1993-01-01,YKO,URBAN_WOMEN,URBAN_WOMEN,400910.0,level
1994-01-01,YKO,URBAN_WOMEN,URBAN_WOMEN,399968.0,level
1995-01-01,YKO,URBAN_WOMEN,URBAN_WOMEN,395979.0,level
1996-01-01,YKO,URBAN_WOMEN,URBAN_WOMEN,392663.0,level
1997-01-01,YKO,URBAN_WOMEN,URBAN_WOMEN,391819.0,level
1998-01-01,YKO,URBAN_WOMEN,URBAN_WOMEN,386256.0,level
1999-01-01,YKO,URBAN_WOMEN,URBAN_WOMEN,402841.0,level
2000-01-01,YKO,URBAN_WOMEN,URBAN_WOMEN,410314.0,level
2001-01-01,YKO,URBAN_WOMEN,URBAN_WOMEN,431111.0,level
2002-01-01,YKO,URBAN_WOMEN,URBAN_WOMEN,440148.0,level
2003-01-01,YKO,URBAN_WOMEN,URBAN_WOMEN,444363.0,level
2004-01-01,YKO,URBAN_WOMEN,URBAN_WOMEN,450758.0,level
2005-01-01,YKO,URBAN_WOMEN,URBAN_WOMEN,458164.0,level
2006-01-01,YKO,URBAN_WOMEN,URBAN_WOMEN,464056.0,level
2007-01-01,YKO,URBAN_WOMEN,URBAN_WOMEN,473069.0,level
2008-01-01,YKO,URBAN_WOMEN,URBAN_WOMEN,462836.0,level
1991-01-01,ZHM,URBAN_WOMEN,URBAN_WOMEN,267330.0,level
1992-01-01,ZHM,URBAN_WOMEN,URBAN_WOMEN,269324.0,level
1993-01-01,ZHM,URBAN_WOMEN,URBAN_WOMEN,269812.0,level
1994-01-01,ZHM,URBAN_WOMEN,URBAN_WOMEN,266855.0,level
1995-01-01,ZHM,URBAN_WOMEN,URBAN_WOMEN,257436.0,level
1996-01-01,ZHM,URBAN_WOMEN,URBAN_WOMEN,255184.0,level
1997-01-01,ZHM,URBAN_WOMEN,URBAN_WOMEN,255170.0,level
1998-01-01,ZHM,URBAN_WOMEN,URBAN_WOMEN,252531.0,level
1999-01-01,ZHM,URBAN_WOMEN,URBAN_WOMEN,239895.0,level
2000-01-01,ZHM,URBAN_WOMEN,URBAN_WOMEN,238030.0,level
2001-01-01,ZHM,URBAN_WOMEN,URBAN_WOMEN,235713.0,level
2002-01-01,ZHM,URBAN_WOMEN,URBAN_WOMEN,234163.0,level
2003-01-01,ZHM,URBAN_WOMEN,URBAN_WOMEN,234619.0,level
2004-01-01,ZHM,URBAN_WOMEN,URBAN_WOMEN,236496.0,level
2005-01-01,ZHM,URBAN_WOMEN,URBAN_WOMEN,239446.0,level
2006-01-01,ZHM,URBAN_WOMEN,URBAN_WOMEN,241517.0,level
2007-01-01,ZHM,URBAN_WOMEN,URBAN_WOMEN,243344.0,level
2008-01-01,ZHM,URBAN_WOMEN,URBAN_WOMEN,229645.0,level
2009-01-01,ZHM,URBAN_WOMEN,URBAN_WOMEN,220055.0,level
2010-01-01,ZHM,URBAN_WOMEN,URBAN_WOMEN,222791.0,level
2011-01-01,ZHM,URBAN_WOMEN,URBAN_WOMEN,223824.0,level
2012-01-01,ZHM,URBAN_WOMEN,URBAN_WOMEN,222859.0,level
2013-01-01,ZHM,URBAN_WOMEN,URBAN_WOMEN,225730.0,level
2014-01-01,ZHM,URBAN_WOMEN,URBAN_WOMEN,230232.0,level
2015-01-01,ZHM,URBAN_WOMEN,URBAN_WOMEN,233135.0,level
2016-01-01,ZHM,URBAN_WOMEN,URBAN_WOMEN,236486.0,level
2017-01-01,ZHM,URBAN_WOMEN,URBAN_WOMEN,235762.0,level
2018-01-01,ZHM,URBAN_WOMEN,URBAN_WOMEN,232986.0,level
2019-01-01,ZHM,URBAN_WOMEN,URBAN_WOMEN,234535.0,level
2020-01-01,ZHM,URBAN_WOMEN,URBAN_WOMEN,235065.0,level
2021-01-01,ZHM,URBAN_WOMEN,URBAN_WOMEN,238086.0,level
2022-01-01,ZHM,URBAN_WOMEN,URBAN_WOMEN,293786.0,level
2023-01-01,ZHM,URBAN_WOMEN,URBAN_WOMEN,296434.0,level
2024-01-01,ZHM,URBAN_WOMEN,URBAN_WOMEN,298443.0,level
2025-01-01,ZHM,URBAN_WOMEN,URBAN_WOMEN,300819.0,level
2026-01-01,ZHM,URBAN_WOMEN,URBAN_WOMEN,302287.0,level
2009-01-01,ZHT,URBAN_WOMEN,URBAN_WOMEN,130392.0,level
2010-01-01,ZHT,URBAN_WOMEN,URBAN_WOMEN,131879.0,level
2011-01-01,ZHT,URBAN_WOMEN,URBAN_WOMEN,133472.0,level
2012-01-01,ZHT,URBAN_WOMEN,URBAN_WOMEN,134911.0,level
2013-01-01,ZHT,URBAN_WOMEN,URBAN_WOMEN,136974.0,level
2014-01-01,ZHT,URBAN_WOMEN,URBAN_WOMEN,138805.0,level
2015-01-01,ZHT,URBAN_WOMEN,URBAN_WOMEN,140964.0,level
2016-01-01,ZHT,URBAN_WOMEN,URBAN_WOMEN,142565.0,level
2017-01-01,ZHT,URBAN_WOMEN,URBAN_WOMEN,143227.0,level
2018-01-01,ZHT,URBAN_WOMEN,URBAN_WOMEN,141942.0,level
2019-01-01,ZHT,URBAN_WOMEN,URBAN_WOMEN,140716.0,level
2020-01-01,ZHT,URBAN_WOMEN,URBAN_WOMEN,140780.0,level
2021-01-01,ZHT,URBAN_WOMEN,URBAN_WOMEN,142053.0,level
2022-01-01,ZHT,URBAN_WOMEN,URBAN_WOMEN,163381.0,level
2023-01-01,ZHT,URBAN_WOMEN,URBAN_WOMEN,164223.0,level
2024-01-01,ZHT,URBAN_WOMEN,URBAN_WOMEN,164644.0,level
2025-01-01,ZHT,URBAN_WOMEN,URBAN_WOMEN,164826.0,level
2026-01-01,ZHT,URBAN_WOMEN,URBAN_WOMEN,164450.0,level
1991-01-01,ZKO,URBAN_WOMEN,URBAN_WOMEN,145437.0,level
1992-01-01,ZKO,URBAN_WOMEN,URBAN_WOMEN,140197.0,level
1993-01-01,ZKO,URBAN_WOMEN,URBAN_WOMEN,142258.0,level
1994-01-01,ZKO,URBAN_WOMEN,URBAN_WOMEN,143425.0,level
1995-01-01,ZKO,URBAN_WOMEN,URBAN_WOMEN,141032.0,level
1996-01-01,ZKO,URBAN_WOMEN,URBAN_WOMEN,140247.0,level
1997-01-01,ZKO,URBAN_WOMEN,URBAN_WOMEN,140140.0,level
1998-01-01,ZKO,URBAN_WOMEN,URBAN_WOMEN,138749.0,level
1999-01-01,ZKO,URBAN_WOMEN,URBAN_WOMEN,136348.0,level
2000-01-01,ZKO,URBAN_WOMEN,URBAN_WOMEN,134192.0,level
2001-01-01,ZKO,URBAN_WOMEN,URBAN_WOMEN,133008.0,level
2002-01-01,ZKO,URBAN_WOMEN,URBAN_WOMEN,134485.0,level
2003-01-01,ZKO,URBAN_WOMEN,URBAN_WOMEN,137066.0,level
2004-01-01,ZKO,URBAN_WOMEN,URBAN_WOMEN,139328.0,level
2005-01-01,ZKO,URBAN_WOMEN,URBAN_WOMEN,141176.0,level
2006-01-01,ZKO,URBAN_WOMEN,URBAN_WOMEN,144043.0,level
2007-01-01,ZKO,URBAN_WOMEN,URBAN_WOMEN,144743.0,level
2008-01-01,ZKO,URBAN_WOMEN,URBAN_WOMEN,147374.0,level
2009-01-01,ZKO,URBAN_WOMEN,URBAN_WOMEN,147786.0,level
2010-01-01,ZKO,URBAN_WOMEN,URBAN_WOMEN,151281.0,level
2011-01-01,ZKO,URBAN_WOMEN,URBAN_WOMEN,154732.0,level
2012-01-01,ZKO,URBAN_WOMEN,URBAN_WOMEN,158878.0,level
2013-01-01,ZKO,URBAN_WOMEN,URBAN_WOMEN,162136.0,level
2014-01-01,ZKO,URBAN_WOMEN,URBAN_WOMEN,165248.0,level
2015-01-01,ZKO,URBAN_WOMEN,URBAN_WOMEN,167851.0,level
2016-01-01,ZKO,URBAN_WOMEN,URBAN_WOMEN,170796.0,level
2017-01-01,ZKO,URBAN_WOMEN,URBAN_WOMEN,174400.0,level
2018-01-01,ZKO,URBAN_WOMEN,URBAN_WOMEN,178701.0,level
2019-01-01,ZKO,URBAN_WOMEN,URBAN_WOMEN,181520.0,level
2020-01-01,ZKO,URBAN_WOMEN,URBAN_WOMEN,183796.0,level
2021-01-01,ZKO,URBAN_WOMEN,URBAN_WOMEN,185656.0,level
2022-01-01,ZKO,URBAN_WOMEN,URBAN_WOMEN,200901.0,level
2023-01-01,ZKO,URBAN_WOMEN,URBAN_WOMEN,203021.0,level
2024-01-01,ZKO,URBAN_WOMEN,URBAN_WOMEN,205596.0,level
2025-01-01,ZKO,URBAN_WOMEN,URBAN_WOMEN,208962.0,level
2026-01-01,ZKO,URBAN_WOMEN,URBAN_WOMEN,210635.0,level
1991-01-01,national,URBAN_WOMEN,URBAN_WOMEN,4928210.0,level
1992-01-01,national,URBAN_WOMEN,URBAN_WOMEN,4955376.0,level
1993-01-01,national,URBAN_WOMEN,URBAN_WOMEN,4930946.0,level
1994-01-01,national,URBAN_WOMEN,URBAN_WOMEN,4843064.0,level
1995-01-01,national,URBAN_WOMEN,URBAN_WOMEN,4703260.0,level
1996-01-01,national,URBAN_WOMEN,URBAN_WOMEN,4628823.0,level
1997-01-01,national,URBAN_WOMEN,URBAN_WOMEN,4585441.0,level
1998-01-01,national,URBAN_WOMEN,URBAN_WOMEN,4520227.0,level
1999-01-01,national,URBAN_WOMEN,URBAN_WOMEN,4477053.0,level
2000-01-01,national,URBAN_WOMEN,URBAN_WOMEN,4467741.0,level
2001-01-01,national,URBAN_WOMEN,URBAN_WOMEN,4475231.0,level
2002-01-01,national,URBAN_WOMEN,URBAN_WOMEN,4482794.0,level
2003-01-01,national,URBAN_WOMEN,URBAN_WOMEN,4498391.0,level
2004-01-01,national,URBAN_WOMEN,URBAN_WOMEN,4533962.0,level
2005-01-01,national,URBAN_WOMEN,URBAN_WOMEN,4588534.0,level
2006-01-01,national,URBAN_WOMEN,URBAN_WOMEN,4634453.0,level
2007-01-01,national,URBAN_WOMEN,URBAN_WOMEN,4706172.0,level
2008-01-01,national,URBAN_WOMEN,URBAN_WOMEN,4418081.0,level
2009-01-01,national,URBAN_WOMEN,URBAN_WOMEN,4760615.0,level
2010-01-01,national,URBAN_WOMEN,URBAN_WOMEN,4847284.0,level
2011-01-01,national,URBAN_WOMEN,URBAN_WOMEN,4933983.0,level
2012-01-01,national,URBAN_WOMEN,URBAN_WOMEN,5019579.0,level
2013-01-01,national,URBAN_WOMEN,URBAN_WOMEN,5103434.0,level
2014-01-01,national,URBAN_WOMEN,URBAN_WOMEN,5195601.0,level
2015-01-01,national,URBAN_WOMEN,URBAN_WOMEN,5295806.0,level
2016-01-01,national,URBAN_WOMEN,URBAN_WOMEN,5399157.0,level
2017-01-01,national,URBAN_WOMEN,URBAN_WOMEN,5510454.0,level
2018-01-01,national,URBAN_WOMEN,URBAN_WOMEN,5605833.0,level
2019-01-01,national,URBAN_WOMEN,URBAN_WOMEN,5081694.0,level
2020-01-01,national,URBAN_WOMEN,URBAN_WOMEN,5803561.0,level
2021-01-01,national,URBAN_WOMEN,URBAN_WOMEN,5913180.0,level
2022-01-01,national,URBAN_WOMEN,URBAN_WOMEN,6332870.0,level
2023-01-01,national,URBAN_WOMEN,URBAN_WOMEN,6447657.0,level
2024-01-01,national,URBAN_WOMEN,URBAN_WOMEN,6572778.0,level
2025-01-01,national,URBAN_WOMEN,URBAN_WOMEN,6709801.0,level
2026-01-01,national,URBAN_WOMEN,URBAN_WOMEN,6846325.0,level
