date,region,item_code,item_name,value,transformation
2010-01-01,national,EXPORTS,экспорт товаров и услуг,2363980.7,"seasonally and calendar adjusted, average 2010 prices, discrete quarter, as published; quarterly national accounts vintage -- see metadata"
2010-04-01,national,EXPORTS,экспорт товаров и услуг,2428138.9,"seasonally and calendar adjusted, average 2010 prices, discrete quarter, as published; quarterly national accounts vintage -- see metadata"
2010-07-01,national,EXPORTS,экспорт товаров и услуг,2423203.6,"seasonally and calendar adjusted, average 2010 prices, discrete quarter, as published; quarterly national accounts vintage -- see metadata"
2010-10-01,national,EXPORTS,экспорт товаров и услуг,2652692.4,"seasonally and calendar adjusted, average 2010 prices, discrete quarter, as published; quarterly national accounts vintage -- see metadata"
2011-01-01,national,EXPORTS,экспорт товаров и услуг,3183230.8,"seasonally and calendar adjusted, average 2010 prices, discrete quarter, as published; quarterly national accounts vintage -- see metadata"
2011-04-01,national,EXPORTS,экспорт товаров и услуг,2452815.1,"seasonally and calendar adjusted, average 2010 prices, discrete quarter, as published; quarterly national accounts vintage -- see metadata"
2011-07-01,national,EXPORTS,экспорт товаров и услуг,2166571.1,"seasonally and calendar adjusted, average 2010 prices, discrete quarter, as published; quarterly national accounts vintage -- see metadata"
2011-10-01,national,EXPORTS,экспорт товаров и услуг,2378786.5,"seasonally and calendar adjusted, average 2010 prices, discrete quarter, as published; quarterly national accounts vintage -- see metadata"
2012-01-01,national,EXPORTS,экспорт товаров и услуг,2618145.7,"seasonally and calendar adjusted, average 2010 prices, discrete quarter, as published; quarterly national accounts vintage -- see metadata"
2012-04-01,national,EXPORTS,экспорт товаров и услуг,2428138.9,"seasonally and calendar adjusted, average 2010 prices, discrete quarter, as published; quarterly national accounts vintage -- see metadata"
2012-07-01,national,EXPORTS,экспорт товаров и услуг,2576196.1,"seasonally and calendar adjusted, average 2010 prices, discrete quarter, as published; quarterly national accounts vintage -- see metadata"
2012-10-01,national,EXPORTS,экспорт товаров и услуг,2699577.2,"seasonally and calendar adjusted, average 2010 prices, discrete quarter, as published; quarterly national accounts vintage -- see metadata"
2013-01-01,national,EXPORTS,экспорт товаров и услуг,2489829.4,"seasonally and calendar adjusted, average 2010 prices, discrete quarter, as published; quarterly national accounts vintage -- see metadata"
2013-04-01,national,EXPORTS,экспорт товаров и услуг,2433074.1,"seasonally and calendar adjusted, average 2010 prices, discrete quarter, as published; quarterly national accounts vintage -- see metadata"
2013-07-01,national,EXPORTS,экспорт товаров и услуг,2650224.7,"seasonally and calendar adjusted, average 2010 prices, discrete quarter, as published; quarterly national accounts vintage -- see metadata"
2013-10-01,national,EXPORTS,экспорт товаров и услуг,2929065.9,"seasonally and calendar adjusted, average 2010 prices, discrete quarter, as published; quarterly national accounts vintage -- see metadata"
2014-01-01,national,EXPORTS,экспорт товаров и услуг,2667498.1,"seasonally and calendar adjusted, average 2010 prices, discrete quarter, as published; quarterly national accounts vintage -- see metadata"
2014-04-01,national,EXPORTS,экспорт товаров и услуг,2827893.4,"seasonally and calendar adjusted, average 2010 prices, discrete quarter, as published; quarterly national accounts vintage -- see metadata"
2014-07-01,national,EXPORTS,экспорт товаров и услуг,2586066.6,"seasonally and calendar adjusted, average 2010 prices, discrete quarter, as published; quarterly national accounts vintage -- see metadata"
2014-10-01,national,EXPORTS,экспорт товаров и услуг,2107348.2,"seasonally and calendar adjusted, average 2010 prices, discrete quarter, as published; quarterly national accounts vintage -- see metadata"
2015-01-01,national,EXPORTS,экспорт товаров и услуг,1966693.8,"seasonally and calendar adjusted, average 2010 prices, discrete quarter, as published; quarterly national accounts vintage -- see metadata"
2015-04-01,national,EXPORTS,экспорт товаров и услуг,1971629.0,"seasonally and calendar adjusted, average 2010 prices, discrete quarter, as published; quarterly national accounts vintage -- see metadata"
2015-07-01,national,EXPORTS,экспорт товаров и услуг,1961758.5,"seasonally and calendar adjusted, average 2010 prices, discrete quarter, as published; quarterly national accounts vintage -- see metadata"
2015-10-01,national,EXPORTS,экспорт товаров и услуг,2563858.0,"seasonally and calendar adjusted, average 2010 prices, discrete quarter, as published; quarterly national accounts vintage -- see metadata"
2016-01-01,national,EXPORTS,экспорт товаров и услуг,2467620.8,"seasonally and calendar adjusted, average 2010 prices, discrete quarter, as published; quarterly national accounts vintage -- see metadata"
2016-04-01,national,EXPORTS,экспорт товаров и услуг,2265275.9,"seasonally and calendar adjusted, average 2010 prices, discrete quarter, as published; quarterly national accounts vintage -- see metadata"
2016-07-01,national,EXPORTS,экспорт товаров и услуг,2070333.9,"seasonally and calendar adjusted, average 2010 prices, discrete quarter, as published; quarterly national accounts vintage -- see metadata"
2016-10-01,national,EXPORTS,экспорт товаров и услуг,2206053.0,"seasonally and calendar adjusted, average 2010 prices, discrete quarter, as published; quarterly national accounts vintage -- see metadata"
2017-01-01,national,EXPORTS,экспорт товаров и услуг,2107348.2,"seasonally and calendar adjusted, average 2010 prices, discrete quarter, as published; quarterly national accounts vintage -- see metadata"
2017-04-01,national,EXPORTS,экспорт товаров и услуг,2285016.9,"seasonally and calendar adjusted, average 2010 prices, discrete quarter, as published; quarterly national accounts vintage -- see metadata"
2017-07-01,national,EXPORTS,экспорт товаров и услуг,2551519.9,"seasonally and calendar adjusted, average 2010 prices, discrete quarter, as published; quarterly national accounts vintage -- see metadata"
2017-10-01,national,EXPORTS,экспорт товаров и услуг,2628016.2,"seasonally and calendar adjusted, average 2010 prices, discrete quarter, as published; quarterly national accounts vintage -- see metadata"
2018-01-01,national,EXPORTS,экспорт товаров и услуг,2514505.6,"seasonally and calendar adjusted, average 2010 prices, discrete quarter, as published; quarterly national accounts vintage -- see metadata"
2018-04-01,national,EXPORTS,экспорт товаров и услуг,2645289.5,"seasonally and calendar adjusted, average 2010 prices, discrete quarter, as published; quarterly national accounts vintage -- see metadata"
2018-07-01,national,EXPORTS,экспорт товаров и услуг,2566325.6,"seasonally and calendar adjusted, average 2010 prices, discrete quarter, as published; quarterly national accounts vintage -- see metadata"
2018-10-01,national,EXPORTS,экспорт товаров и услуг,2287484.5,"seasonally and calendar adjusted, average 2010 prices, discrete quarter, as published; quarterly national accounts vintage -- see metadata"
2019-01-01,national,EXPORTS,экспорт товаров и услуг,2573728.5,"seasonally and calendar adjusted, average 2010 prices, discrete quarter, as published; quarterly national accounts vintage -- see metadata"
2019-04-01,national,EXPORTS,экспорт товаров и услуг,2462685.6,"seasonally and calendar adjusted, average 2010 prices, discrete quarter, as published; quarterly national accounts vintage -- see metadata"
2019-07-01,national,EXPORTS,экспорт товаров и услуг,2623080.9,"seasonally and calendar adjusted, average 2010 prices, discrete quarter, as published; quarterly national accounts vintage -- see metadata"
2019-10-01,national,EXPORTS,экспорт товаров и услуг,2684771.4,"seasonally and calendar adjusted, average 2010 prices, discrete quarter, as published; quarterly national accounts vintage -- see metadata"
2020-01-01,national,EXPORTS,экспорт товаров и услуг,2156700.6,"seasonally and calendar adjusted, average 2010 prices, discrete quarter, as published; quarterly national accounts vintage -- see metadata"
2020-04-01,national,EXPORTS,экспорт товаров и услуг,2243067.3,"seasonally and calendar adjusted, average 2010 prices, discrete quarter, as published; quarterly national accounts vintage -- see metadata"
2020-07-01,national,EXPORTS,экспорт товаров и услуг,2312160.7,"seasonally and calendar adjusted, average 2010 prices, discrete quarter, as published; quarterly national accounts vintage -- see metadata"
2020-10-01,national,EXPORTS,экспорт товаров и услуг,2514505.6,"seasonally and calendar adjusted, average 2010 prices, discrete quarter, as published; quarterly national accounts vintage -- see metadata"
2021-01-01,national,EXPORTS,экспорт товаров и услуг,2359045.5,"seasonally and calendar adjusted, average 2010 prices, discrete quarter, as published; quarterly national accounts vintage -- see metadata"
2021-04-01,national,EXPORTS,экспорт товаров и услуг,2502167.5,"seasonally and calendar adjusted, average 2010 prices, discrete quarter, as published; quarterly national accounts vintage -- see metadata"
2021-07-01,national,EXPORTS,экспорт товаров и услуг,2285016.9,"seasonally and calendar adjusted, average 2010 prices, discrete quarter, as published; quarterly national accounts vintage -- see metadata"
2021-10-01,national,EXPORTS,экспорт товаров и услуг,2492297.0,"seasonally and calendar adjusted, average 2010 prices, discrete quarter, as published; quarterly national accounts vintage -- see metadata"
2022-01-01,national,EXPORTS,экспорт товаров и услуг,2709447.6,"seasonally and calendar adjusted, average 2010 prices, discrete quarter, as published; quarterly national accounts vintage -- see metadata"
2022-04-01,national,EXPORTS,экспорт товаров и услуг,2450347.5,"seasonally and calendar adjusted, average 2010 prices, discrete quarter, as published; quarterly national accounts vintage -- see metadata"
2022-07-01,national,EXPORTS,экспорт товаров и услуг,2623080.9,"seasonally and calendar adjusted, average 2010 prices, discrete quarter, as published; quarterly national accounts vintage -- see metadata"
2022-10-01,national,EXPORTS,экспорт товаров и услуг,2795814.4,"seasonally and calendar adjusted, average 2010 prices, discrete quarter, as published; quarterly national accounts vintage -- see metadata"
2023-01-01,national,EXPORTS,экспорт товаров и услуг,2573728.5,"seasonally and calendar adjusted, average 2010 prices, discrete quarter, as published; quarterly national accounts vintage -- see metadata"
2023-04-01,national,EXPORTS,экспорт товаров и услуг,2748929.6,"seasonally and calendar adjusted, average 2010 prices, discrete quarter, as published; quarterly national accounts vintage -- see metadata"
2023-07-01,national,EXPORTS,экспорт товаров и услуг,2825425.8,"seasonally and calendar adjusted, average 2010 prices, discrete quarter, as published; quarterly national accounts vintage -- see metadata"
2023-10-01,national,EXPORTS,экспорт товаров и услуг,2620613.3,"seasonally and calendar adjusted, average 2010 prices, discrete quarter, as published; quarterly national accounts vintage -- see metadata"
2024-01-01,national,EXPORTS,экспорт товаров и услуг,2430606.5,"seasonally and calendar adjusted, average 2010 prices, discrete quarter, as published; quarterly national accounts vintage -- see metadata"
2024-04-01,national,EXPORTS,экспорт товаров и услуг,2593469.5,"seasonally and calendar adjusted, average 2010 prices, discrete quarter, as published; quarterly national accounts vintage -- see metadata"
2024-07-01,national,EXPORTS,экспорт товаров и услуг,2867375.4,"seasonally and calendar adjusted, average 2010 prices, discrete quarter, as published; quarterly national accounts vintage -- see metadata"
2024-10-01,national,EXPORTS,экспорт товаров и услуг,2887116.3,"seasonally and calendar adjusted, average 2010 prices, discrete quarter, as published; quarterly national accounts vintage -- see metadata"
2025-01-01,national,EXPORTS,экспорт товаров и услуг,2507102.7,"seasonally and calendar adjusted, average 2010 prices, discrete quarter, as published; quarterly national accounts vintage -- see metadata"
2025-04-01,national,EXPORTS,экспорт товаров и услуг,2773605.8,"seasonally and calendar adjusted, average 2010 prices, discrete quarter, as published; quarterly national accounts vintage -- see metadata"
2025-07-01,national,EXPORTS,экспорт товаров и услуг,2951274.5,"seasonally and calendar adjusted, average 2010 prices, discrete quarter, as published; quarterly national accounts vintage -- see metadata"
2025-10-01,national,EXPORTS,экспорт товаров и услуг,2773605.8,"seasonally and calendar adjusted, average 2010 prices, discrete quarter, as published; quarterly national accounts vintage -- see metadata"
2026-01-01,national,EXPORTS,экспорт товаров и услуг,2438009.4,"seasonally and calendar adjusted, average 2010 prices, discrete quarter, as published; quarterly national accounts vintage -- see metadata"
2010-01-01,national,FINAL_CONSUMPTION,Расходы на конечное потребление,3268183.4898475306,"seasonally and calendar adjusted, average 2010 prices, discrete quarter, as published; quarterly national accounts vintage -- see metadata"
2010-04-01,national,FINAL_CONSUMPTION,Расходы на конечное потребление,3224695.8448526715,"seasonally and calendar adjusted, average 2010 prices, discrete quarter, as published; quarterly national accounts vintage -- see metadata"
2010-07-01,national,FINAL_CONSUMPTION,Расходы на конечное потребление,3278397.9741175883,"seasonally and calendar adjusted, average 2010 prices, discrete quarter, as published; quarterly national accounts vintage -- see metadata"
2010-10-01,national,FINAL_CONSUMPTION,Расходы на конечное потребление,3462564.2672564443,"seasonally and calendar adjusted, average 2010 prices, discrete quarter, as published; quarterly national accounts vintage -- see metadata"
2011-01-01,national,FINAL_CONSUMPTION,Расходы на конечное потребление,3337522.1111710295,"seasonally and calendar adjusted, average 2010 prices, discrete quarter, as published; quarterly national accounts vintage -- see metadata"
2011-04-01,national,FINAL_CONSUMPTION,Расходы на конечное потребление,3534572.005036961,"seasonally and calendar adjusted, average 2010 prices, discrete quarter, as published; quarterly national accounts vintage -- see metadata"
2011-07-01,national,FINAL_CONSUMPTION,Расходы на конечное потребление,3774991.390161242,"seasonally and calendar adjusted, average 2010 prices, discrete quarter, as published; quarterly national accounts vintage -- see metadata"
2011-10-01,national,FINAL_CONSUMPTION,Расходы на конечное потребление,3911599.9855541256,"seasonally and calendar adjusted, average 2010 prices, discrete quarter, as published; quarterly national accounts vintage -- see metadata"
2012-01-01,national,FINAL_CONSUMPTION,Расходы на конечное потребление,3769203.866719484,"seasonally and calendar adjusted, average 2010 prices, discrete quarter, as published; quarterly national accounts vintage -- see metadata"
2012-04-01,national,FINAL_CONSUMPTION,Расходы на конечное потребление,3938702.5466214605,"seasonally and calendar adjusted, average 2010 prices, discrete quarter, as published; quarterly national accounts vintage -- see metadata"
2012-07-01,national,FINAL_CONSUMPTION,Расходы на конечное потребление,4205903.494834213,"seasonally and calendar adjusted, average 2010 prices, discrete quarter, as published; quarterly national accounts vintage -- see metadata"
2012-10-01,national,FINAL_CONSUMPTION,Расходы на конечное потребление,4266035.313727839,"seasonally and calendar adjusted, average 2010 prices, discrete quarter, as published; quarterly national accounts vintage -- see metadata"
2013-01-01,national,FINAL_CONSUMPTION,Расходы на конечное потребление,4506270.452726734,"seasonally and calendar adjusted, average 2010 prices, discrete quarter, as published; quarterly national accounts vintage -- see metadata"
2013-04-01,national,FINAL_CONSUMPTION,Расходы на конечное потребление,4603258.900607465,"seasonally and calendar adjusted, average 2010 prices, discrete quarter, as published; quarterly national accounts vintage -- see metadata"
2013-07-01,national,FINAL_CONSUMPTION,Расходы на конечное потребление,4385116.728451102,"seasonally and calendar adjusted, average 2010 prices, discrete quarter, as published; quarterly national accounts vintage -- see metadata"
2013-10-01,national,FINAL_CONSUMPTION,Расходы на конечное потребление,4355587.151126215,"seasonally and calendar adjusted, average 2010 prices, discrete quarter, as published; quarterly national accounts vintage -- see metadata"
2014-01-01,national,FINAL_CONSUMPTION,Расходы на конечное потребление,4646479.955202945,"seasonally and calendar adjusted, average 2010 prices, discrete quarter, as published; quarterly national accounts vintage -- see metadata"
2014-04-01,national,FINAL_CONSUMPTION,Расходы на конечное потребление,4668574.546622888,"seasonally and calendar adjusted, average 2010 prices, discrete quarter, as published; quarterly national accounts vintage -- see metadata"
2014-07-01,national,FINAL_CONSUMPTION,Расходы на конечное потребление,4779650.194192343,"seasonally and calendar adjusted, average 2010 prices, discrete quarter, as published; quarterly national accounts vintage -- see metadata"
2014-10-01,national,FINAL_CONSUMPTION,Расходы на конечное потребление,4977487.965184843,"seasonally and calendar adjusted, average 2010 prices, discrete quarter, as published; quarterly national accounts vintage -- see metadata"
2015-01-01,national,FINAL_CONSUMPTION,Расходы на конечное потребление,5006452.2778139915,"seasonally and calendar adjusted, average 2010 prices, discrete quarter, as published; quarterly national accounts vintage -- see metadata"
2015-04-01,national,FINAL_CONSUMPTION,Расходы на конечное потребление,5044954.684918642,"seasonally and calendar adjusted, average 2010 prices, discrete quarter, as published; quarterly national accounts vintage -- see metadata"
2015-07-01,national,FINAL_CONSUMPTION,Расходы на конечное потребление,5028842.52385039,"seasonally and calendar adjusted, average 2010 prices, discrete quarter, as published; quarterly national accounts vintage -- see metadata"
2015-10-01,national,FINAL_CONSUMPTION,Расходы на конечное потребление,4803135.548052313,"seasonally and calendar adjusted, average 2010 prices, discrete quarter, as published; quarterly national accounts vintage -- see metadata"
2016-01-01,national,FINAL_CONSUMPTION,Расходы на конечное потребление,4927627.081735625,"seasonally and calendar adjusted, average 2010 prices, discrete quarter, as published; quarterly national accounts vintage -- see metadata"
2016-04-01,national,FINAL_CONSUMPTION,Расходы на конечное потребление,4690372.366494453,"seasonally and calendar adjusted, average 2010 prices, discrete quarter, as published; quarterly national accounts vintage -- see metadata"
2016-07-01,national,FINAL_CONSUMPTION,Расходы на конечное потребление,4827023.533381034,"seasonally and calendar adjusted, average 2010 prices, discrete quarter, as published; quarterly national accounts vintage -- see metadata"
2016-10-01,national,FINAL_CONSUMPTION,Расходы на конечное потребление,4919454.97095299,"seasonally and calendar adjusted, average 2010 prices, discrete quarter, as published; quarterly national accounts vintage -- see metadata"
2017-01-01,national,FINAL_CONSUMPTION,Расходы на конечное потребление,4740571.895166404,"seasonally and calendar adjusted, average 2010 prices, discrete quarter, as published; quarterly national accounts vintage -- see metadata"
2017-04-01,national,FINAL_CONSUMPTION,Расходы на конечное потребление,4932460.405572715,"seasonally and calendar adjusted, average 2010 prices, discrete quarter, as published; quarterly national accounts vintage -- see metadata"
2017-07-01,national,FINAL_CONSUMPTION,Расходы на конечное потребление,5054862.658862905,"seasonally and calendar adjusted, average 2010 prices, discrete quarter, as published; quarterly national accounts vintage -- see metadata"
2017-10-01,national,FINAL_CONSUMPTION,Расходы на конечное потребление,4980392.822363234,"seasonally and calendar adjusted, average 2010 prices, discrete quarter, as published; quarterly national accounts vintage -- see metadata"
2018-01-01,national,FINAL_CONSUMPTION,Расходы на конечное потребление,5231631.960913258,"seasonally and calendar adjusted, average 2010 prices, discrete quarter, as published; quarterly national accounts vintage -- see metadata"
2018-04-01,national,FINAL_CONSUMPTION,Расходы на конечное потребление,5172708.725546297,"seasonally and calendar adjusted, average 2010 prices, discrete quarter, as published; quarterly national accounts vintage -- see metadata"
2018-07-01,national,FINAL_CONSUMPTION,Расходы на конечное потребление,5056819.231823593,"seasonally and calendar adjusted, average 2010 prices, discrete quarter, as published; quarterly national accounts vintage -- see metadata"
2018-10-01,national,FINAL_CONSUMPTION,Расходы на конечное потребление,5302424.321946713,"seasonally and calendar adjusted, average 2010 prices, discrete quarter, as published; quarterly national accounts vintage -- see metadata"
2019-01-01,national,FINAL_CONSUMPTION,Расходы на конечное потребление,5348436.124032236,"seasonally and calendar adjusted, average 2010 prices, discrete quarter, as published; quarterly national accounts vintage -- see metadata"
2019-04-01,national,FINAL_CONSUMPTION,Расходы на конечное потребление,5573074.267718503,"seasonally and calendar adjusted, average 2010 prices, discrete quarter, as published; quarterly national accounts vintage -- see metadata"
2019-07-01,national,FINAL_CONSUMPTION,Расходы на конечное потребление,5727515.219493138,"seasonally and calendar adjusted, average 2010 prices, discrete quarter, as published; quarterly national accounts vintage -- see metadata"
2019-10-01,national,FINAL_CONSUMPTION,Расходы на конечное потребление,5848247.024347064,"seasonally and calendar adjusted, average 2010 prices, discrete quarter, as published; quarterly national accounts vintage -- see metadata"
2020-01-01,national,FINAL_CONSUMPTION,Расходы на конечное потребление,5623386.394607586,"seasonally and calendar adjusted, average 2010 prices, discrete quarter, as published; quarterly national accounts vintage -- see metadata"
2020-04-01,national,FINAL_CONSUMPTION,Расходы на конечное потребление,5531370.845318231,"seasonally and calendar adjusted, average 2010 prices, discrete quarter, as published; quarterly national accounts vintage -- see metadata"
2020-07-01,national,FINAL_CONSUMPTION,Расходы на конечное потребление,5664472.192859358,"seasonally and calendar adjusted, average 2010 prices, discrete quarter, as published; quarterly national accounts vintage -- see metadata"
2020-10-01,national,FINAL_CONSUMPTION,Расходы на конечное потребление,5851224.7966840975,"seasonally and calendar adjusted, average 2010 prices, discrete quarter, as published; quarterly national accounts vintage -- see metadata"
2021-01-01,national,FINAL_CONSUMPTION,Расходы на конечное потребление,5905795.53036201,"seasonally and calendar adjusted, average 2010 prices, discrete quarter, as published; quarterly national accounts vintage -- see metadata"
2021-04-01,national,FINAL_CONSUMPTION,Расходы на конечное потребление,5819051.185893415,"seasonally and calendar adjusted, average 2010 prices, discrete quarter, as published; quarterly national accounts vintage -- see metadata"
2021-07-01,national,FINAL_CONSUMPTION,Расходы на конечное потребление,6079299.066070243,"seasonally and calendar adjusted, average 2010 prices, discrete quarter, as published; quarterly national accounts vintage -- see metadata"
2021-10-01,national,FINAL_CONSUMPTION,Расходы на конечное потребление,6018558.638139401,"seasonally and calendar adjusted, average 2010 prices, discrete quarter, as published; quarterly national accounts vintage -- see metadata"
2022-01-01,national,FINAL_CONSUMPTION,Расходы на конечное потребление,6101662.192538392,"seasonally and calendar adjusted, average 2010 prices, discrete quarter, as published; quarterly national accounts vintage -- see metadata"
2022-04-01,national,FINAL_CONSUMPTION,Расходы на конечное потребление,6358940.091031669,"seasonally and calendar adjusted, average 2010 prices, discrete quarter, as published; quarterly national accounts vintage -- see metadata"
2022-07-01,national,FINAL_CONSUMPTION,Расходы на конечное потребление,6219369.714900948,"seasonally and calendar adjusted, average 2010 prices, discrete quarter, as published; quarterly national accounts vintage -- see metadata"
2022-10-01,national,FINAL_CONSUMPTION,Расходы на конечное потребление,6174992.802547138,"seasonally and calendar adjusted, average 2010 prices, discrete quarter, as published; quarterly national accounts vintage -- see metadata"
2023-01-01,national,FINAL_CONSUMPTION,Расходы на конечное потребление,6607265.250562623,"seasonally and calendar adjusted, average 2010 prices, discrete quarter, as published; quarterly national accounts vintage -- see metadata"
2023-04-01,national,FINAL_CONSUMPTION,Расходы на конечное потребление,6711658.91464447,"seasonally and calendar adjusted, average 2010 prices, discrete quarter, as published; quarterly national accounts vintage -- see metadata"
2023-07-01,national,FINAL_CONSUMPTION,Расходы на конечное потребление,6551488.1914150035,"seasonally and calendar adjusted, average 2010 prices, discrete quarter, as published; quarterly national accounts vintage -- see metadata"
2023-10-01,national,FINAL_CONSUMPTION,Расходы на конечное потребление,6746166.928493106,"seasonally and calendar adjusted, average 2010 prices, discrete quarter, as published; quarterly national accounts vintage -- see metadata"
2024-01-01,national,FINAL_CONSUMPTION,Расходы на конечное потребление,6765934.268950056,"seasonally and calendar adjusted, average 2010 prices, discrete quarter, as published; quarterly national accounts vintage -- see metadata"
2024-04-01,national,FINAL_CONSUMPTION,Расходы на конечное потребление,6873053.178234333,"seasonally and calendar adjusted, average 2010 prices, discrete quarter, as published; quarterly national accounts vintage -- see metadata"
2024-07-01,national,FINAL_CONSUMPTION,Расходы на конечное потребление,6941022.270180817,"seasonally and calendar adjusted, average 2010 prices, discrete quarter, as published; quarterly national accounts vintage -- see metadata"
2024-10-01,national,FINAL_CONSUMPTION,Расходы на конечное потребление,7967437.944039318,"seasonally and calendar adjusted, average 2010 prices, discrete quarter, as published; quarterly national accounts vintage -- see metadata"
2025-01-01,national,FINAL_CONSUMPTION,Расходы на конечное потребление,7417735.028479119,"seasonally and calendar adjusted, average 2010 prices, discrete quarter, as published; quarterly national accounts vintage -- see metadata"
2025-04-01,national,FINAL_CONSUMPTION,Расходы на конечное потребление,7658696.371610907,"seasonally and calendar adjusted, average 2010 prices, discrete quarter, as published; quarterly national accounts vintage -- see metadata"
2025-07-01,national,FINAL_CONSUMPTION,Расходы на конечное потребление,7945627.738582262,"seasonally and calendar adjusted, average 2010 prices, discrete quarter, as published; quarterly national accounts vintage -- see metadata"
2025-10-01,national,FINAL_CONSUMPTION,Расходы на конечное потребление,7786003.723101833,"seasonally and calendar adjusted, average 2010 prices, discrete quarter, as published; quarterly national accounts vintage -- see metadata"
2026-01-01,national,FINAL_CONSUMPTION,Расходы на конечное потребление,7847410.987919388,"seasonally and calendar adjusted, average 2010 prices, discrete quarter, as published; quarterly national accounts vintage -- see metadata"
2010-01-01,national,GDP,Валовой внутренний продукт,5789917.799721112,"seasonally and calendar adjusted, average 2010 prices, discrete quarter, as published; quarterly national accounts vintage -- see metadata"
2010-04-01,national,GDP,Валовой внутренний продукт,5402878.824875365,"seasonally and calendar adjusted, average 2010 prices, discrete quarter, as published; quarterly national accounts vintage -- see metadata"
2010-07-01,national,GDP,Валовой внутренний продукт,5847830.932464711,"seasonally and calendar adjusted, average 2010 prices, discrete quarter, as published; quarterly national accounts vintage -- see metadata"
2010-10-01,national,GDP,Валовой внутренний продукт,6439842.105401224,"seasonally and calendar adjusted, average 2010 prices, discrete quarter, as published; quarterly national accounts vintage -- see metadata"
2011-01-01,national,GDP,Валовой внутренний продукт,6149162.297292676,"seasonally and calendar adjusted, average 2010 prices, discrete quarter, as published; quarterly national accounts vintage -- see metadata"
2011-04-01,national,GDP,Валовой внутренний продукт,6282120.928716219,"seasonally and calendar adjusted, average 2010 prices, discrete quarter, as published; quarterly national accounts vintage -- see metadata"
2011-07-01,national,GDP,Валовой внутренний продукт,6374470.985994245,"seasonally and calendar adjusted, average 2010 prices, discrete quarter, as published; quarterly national accounts vintage -- see metadata"
2011-10-01,national,GDP,Валовой внутренний продукт,6398475.567170649,"seasonally and calendar adjusted, average 2010 prices, discrete quarter, as published; quarterly national accounts vintage -- see metadata"
2012-01-01,national,GDP,Валовой внутренний продукт,6481813.330042264,"seasonally and calendar adjusted, average 2010 prices, discrete quarter, as published; quarterly national accounts vintage -- see metadata"
2012-04-01,national,GDP,Валовой внутренний продукт,6527170.107721307,"seasonally and calendar adjusted, average 2010 prices, discrete quarter, as published; quarterly national accounts vintage -- see metadata"
2012-07-01,national,GDP,Валовой внутренний продукт,6610419.0514257755,"seasonally and calendar adjusted, average 2010 prices, discrete quarter, as published; quarterly national accounts vintage -- see metadata"
2012-10-01,national,GDP,Валовой внутренний продукт,6679350.232403139,"seasonally and calendar adjusted, average 2010 prices, discrete quarter, as published; quarterly national accounts vintage -- see metadata"
2013-01-01,national,GDP,Валовой внутренний продукт,6944799.530745279,"seasonally and calendar adjusted, average 2010 prices, discrete quarter, as published; quarterly national accounts vintage -- see metadata"
2013-04-01,national,GDP,Валовой внутренний продукт,7015492.396537174,"seasonally and calendar adjusted, average 2010 prices, discrete quarter, as published; quarterly national accounts vintage -- see metadata"
2013-07-01,national,GDP,Валовой внутренний продукт,6973280.371745181,"seasonally and calendar adjusted, average 2010 prices, discrete quarter, as published; quarterly national accounts vintage -- see metadata"
2013-10-01,national,GDP,Валовой внутренний продукт,7015630.621609144,"seasonally and calendar adjusted, average 2010 prices, discrete quarter, as published; quarterly national accounts vintage -- see metadata"
2014-01-01,national,GDP,Валовой внутренний продукт,7230398.103771837,"seasonally and calendar adjusted, average 2010 prices, discrete quarter, as published; quarterly national accounts vintage -- see metadata"
2014-04-01,national,GDP,Валовой внутренний продукт,7100462.567762356,"seasonally and calendar adjusted, average 2010 prices, discrete quarter, as published; quarterly national accounts vintage -- see metadata"
2014-07-01,national,GDP,Валовой внутренний продукт,7241471.882546748,"seasonally and calendar adjusted, average 2010 prices, discrete quarter, as published; quarterly national accounts vintage -- see metadata"
2014-10-01,national,GDP,Валовой внутренний продукт,7320442.181975435,"seasonally and calendar adjusted, average 2010 prices, discrete quarter, as published; quarterly national accounts vintage -- see metadata"
2015-01-01,national,GDP,Валовой внутренний продукт,7214465.592407427,"seasonally and calendar adjusted, average 2010 prices, discrete quarter, as published; quarterly national accounts vintage -- see metadata"
2015-04-01,national,GDP,Валовой внутренний продукт,7386340.656822932,"seasonally and calendar adjusted, average 2010 prices, discrete quarter, as published; quarterly national accounts vintage -- see metadata"
2015-07-01,national,GDP,Валовой внутренний продукт,7262913.820645243,"seasonally and calendar adjusted, average 2010 prices, discrete quarter, as published; quarterly national accounts vintage -- see metadata"
2015-10-01,national,GDP,Валовой внутренний продукт,7297519.48269197,"seasonally and calendar adjusted, average 2010 prices, discrete quarter, as published; quarterly national accounts vintage -- see metadata"
2016-01-01,national,GDP,Валовой внутренний продукт,7281734.079561079,"seasonally and calendar adjusted, average 2010 prices, discrete quarter, as published; quarterly national accounts vintage -- see metadata"
2016-04-01,national,GDP,Валовой внутренний продукт,7299244.094212317,"seasonally and calendar adjusted, average 2010 prices, discrete quarter, as published; quarterly national accounts vintage -- see metadata"
2016-07-01,national,GDP,Валовой внутренний продукт,7373275.34511431,"seasonally and calendar adjusted, average 2010 prices, discrete quarter, as published; quarterly national accounts vintage -- see metadata"
2016-10-01,national,GDP,Валовой внутренний продукт,7493272.215840461,"seasonally and calendar adjusted, average 2010 prices, discrete quarter, as published; quarterly national accounts vintage -- see metadata"
2017-01-01,national,GDP,Валовой внутренний продукт,7502556.394262457,"seasonally and calendar adjusted, average 2010 prices, discrete quarter, as published; quarterly national accounts vintage -- see metadata"
2017-04-01,national,GDP,Валовой внутренний продукт,7683860.754806475,"seasonally and calendar adjusted, average 2010 prices, discrete quarter, as published; quarterly national accounts vintage -- see metadata"
2017-07-01,national,GDP,Валовой внутренний продукт,7699982.913329013,"seasonally and calendar adjusted, average 2010 prices, discrete quarter, as published; quarterly national accounts vintage -- see metadata"
2017-10-01,national,GDP,Валовой внутренний продукт,7739699.5757277915,"seasonally and calendar adjusted, average 2010 prices, discrete quarter, as published; quarterly national accounts vintage -- see metadata"
2018-01-01,national,GDP,Валовой внутренний продукт,7922536.366008208,"seasonally and calendar adjusted, average 2010 prices, discrete quarter, as published; quarterly national accounts vintage -- see metadata"
2018-04-01,national,GDP,Валовой внутренний продукт,7991793.629394126,"seasonally and calendar adjusted, average 2010 prices, discrete quarter, as published; quarterly national accounts vintage -- see metadata"
2018-07-01,national,GDP,Валовой внутренний продукт,7976658.737819808,"seasonally and calendar adjusted, average 2010 prices, discrete quarter, as published; quarterly national accounts vintage -- see metadata"
2018-10-01,national,GDP,Валовой внутренний продукт,7917858.917381816,"seasonally and calendar adjusted, average 2010 prices, discrete quarter, as published; quarterly national accounts vintage -- see metadata"
2019-01-01,national,GDP,Валовой внутренний продукт,8322419.330234249,"seasonally and calendar adjusted, average 2010 prices, discrete quarter, as published; quarterly national accounts vintage -- see metadata"
2019-04-01,national,GDP,Валовой внутренний продукт,8328991.730336443,"seasonally and calendar adjusted, average 2010 prices, discrete quarter, as published; quarterly national accounts vintage -- see metadata"
2019-07-01,national,GDP,Валовой внутренний продукт,8371697.13931156,"seasonally and calendar adjusted, average 2010 prices, discrete quarter, as published; quarterly national accounts vintage -- see metadata"
2019-10-01,national,GDP,Валовой внутренний продукт,8203208.593914401,"seasonally and calendar adjusted, average 2010 prices, discrete quarter, as published; quarterly national accounts vintage -- see metadata"
2020-01-01,national,GDP,Валовой внутренний продукт,8162995.332585555,"seasonally and calendar adjusted, average 2010 prices, discrete quarter, as published; quarterly national accounts vintage -- see metadata"
2020-04-01,national,GDP,Валовой внутренний продукт,7802127.122464619,"seasonally and calendar adjusted, average 2010 prices, discrete quarter, as published; quarterly national accounts vintage -- see metadata"
2020-07-01,national,GDP,Валовой внутренний продукт,8481245.62034455,"seasonally and calendar adjusted, average 2010 prices, discrete quarter, as published; quarterly national accounts vintage -- see metadata"
2020-10-01,national,GDP,Валовой внутренний продукт,8272520.272546201,"seasonally and calendar adjusted, average 2010 prices, discrete quarter, as published; quarterly national accounts vintage -- see metadata"
2021-01-01,national,GDP,Валовой внутренний продукт,8283702.702247551,"seasonally and calendar adjusted, average 2010 prices, discrete quarter, as published; quarterly national accounts vintage -- see metadata"
2021-04-01,national,GDP,Валовой внутренний продукт,8490932.342586113,"seasonally and calendar adjusted, average 2010 prices, discrete quarter, as published; quarterly national accounts vintage -- see metadata"
2021-07-01,national,GDP,Валовой внутренний продукт,8794745.070921155,"seasonally and calendar adjusted, average 2010 prices, discrete quarter, as published; quarterly national accounts vintage -- see metadata"
2021-10-01,national,GDP,Валовой внутренний продукт,8703120.077442428,"seasonally and calendar adjusted, average 2010 prices, discrete quarter, as published; quarterly national accounts vintage -- see metadata"
2022-01-01,national,GDP,Валовой внутренний продукт,8655191.47980559,"seasonally and calendar adjusted, average 2010 prices, discrete quarter, as published; quarterly national accounts vintage -- see metadata"
2022-04-01,national,GDP,Валовой внутренний продукт,8722528.330279462,"seasonally and calendar adjusted, average 2010 prices, discrete quarter, as published; quarterly national accounts vintage -- see metadata"
2022-07-01,national,GDP,Валовой внутренний продукт,8898473.715318205,"seasonally and calendar adjusted, average 2010 prices, discrete quarter, as published; quarterly national accounts vintage -- see metadata"
2022-10-01,national,GDP,Валовой внутренний продукт,9118314.397168688,"seasonally and calendar adjusted, average 2010 prices, discrete quarter, as published; quarterly national accounts vintage -- see metadata"
2023-01-01,national,GDP,Валовой внутренний продукт,9275977.464375066,"seasonally and calendar adjusted, average 2010 prices, discrete quarter, as published; quarterly national accounts vintage -- see metadata"
2023-04-01,national,GDP,Валовой внутренний продукт,9263610.5607457,"seasonally and calendar adjusted, average 2010 prices, discrete quarter, as published; quarterly national accounts vintage -- see metadata"
2023-07-01,national,GDP,Валовой внутренний продукт,9308153.090019016,"seasonally and calendar adjusted, average 2010 prices, discrete quarter, as published; quarterly national accounts vintage -- see metadata"
2023-10-01,national,GDP,Валовой внутренний продукт,9443790.587170053,"seasonally and calendar adjusted, average 2010 prices, discrete quarter, as published; quarterly national accounts vintage -- see metadata"
2024-01-01,national,GDP,Валовой внутренний продукт,9577182.21002218,"seasonally and calendar adjusted, average 2010 prices, discrete quarter, as published; quarterly national accounts vintage -- see metadata"
2024-04-01,national,GDP,Валовой внутренний продукт,9434648.71902959,"seasonally and calendar adjusted, average 2010 prices, discrete quarter, as published; quarterly national accounts vintage -- see metadata"
2024-07-01,national,GDP,Валовой внутренний продукт,9827899.498115988,"seasonally and calendar adjusted, average 2010 prices, discrete quarter, as published; quarterly national accounts vintage -- see metadata"
2024-10-01,national,GDP,Валовой внутренний продукт,9990317.318569224,"seasonally and calendar adjusted, average 2010 prices, discrete quarter, as published; quarterly national accounts vintage -- see metadata"
2025-01-01,national,GDP,Валовой внутренний продукт,10221284.745394977,"seasonally and calendar adjusted, average 2010 prices, discrete quarter, as published; quarterly national accounts vintage -- see metadata"
2025-04-01,national,GDP,Валовой внутренний продукт,10387261.75290216,"seasonally and calendar adjusted, average 2010 prices, discrete quarter, as published; quarterly national accounts vintage -- see metadata"
2025-07-01,national,GDP,Валовой внутренний продукт,10400527.16180349,"seasonally and calendar adjusted, average 2010 prices, discrete quarter, as published; quarterly national accounts vintage -- see metadata"
2025-10-01,national,GDP,Валовой внутренний продукт,10634604.999094032,"seasonally and calendar adjusted, average 2010 prices, discrete quarter, as published; quarterly national accounts vintage -- see metadata"
2026-01-01,national,GDP,Валовой внутренний продукт,10636810.810280329,"seasonally and calendar adjusted, average 2010 prices, discrete quarter, as published; quarterly national accounts vintage -- see metadata"
2010-01-01,national,GFCF,валовое накопление основного капитала,1421795.3456879181,"seasonally and calendar adjusted, average 2010 prices, discrete quarter, as published; quarterly national accounts vintage -- see metadata"
2010-04-01,national,GFCF,валовое накопление основного капитала,1316622.7892189447,"seasonally and calendar adjusted, average 2010 prices, discrete quarter, as published; quarterly national accounts vintage -- see metadata"
2010-07-01,national,GFCF,валовое накопление основного капитала,1593667.4179393675,"seasonally and calendar adjusted, average 2010 prices, discrete quarter, as published; quarterly national accounts vintage -- see metadata"
2010-10-01,national,GFCF,валовое накопление основного капитала,1606101.549191659,"seasonally and calendar adjusted, average 2010 prices, discrete quarter, as published; quarterly national accounts vintage -- see metadata"
2011-01-01,national,GFCF,валовое накопление основного капитала,1401923.7220147685,"seasonally and calendar adjusted, average 2010 prices, discrete quarter, as published; quarterly national accounts vintage -- see metadata"
2011-04-01,national,GFCF,валовое накопление основного капитала,1512963.0394208662,"seasonally and calendar adjusted, average 2010 prices, discrete quarter, as published; quarterly national accounts vintage -- see metadata"
2011-07-01,national,GFCF,валовое накопление основного капитала,1551665.1409183769,"seasonally and calendar adjusted, average 2010 prices, discrete quarter, as published; quarterly national accounts vintage -- see metadata"
2011-10-01,national,GFCF,валовое накопление основного капитала,1606076.9923131159,"seasonally and calendar adjusted, average 2010 prices, discrete quarter, as published; quarterly national accounts vintage -- see metadata"
2012-01-01,national,GFCF,валовое накопление основного капитала,1703847.435155009,"seasonally and calendar adjusted, average 2010 prices, discrete quarter, as published; quarterly national accounts vintage -- see metadata"
2012-04-01,national,GFCF,валовое накопление основного капитала,1663479.9214351047,"seasonally and calendar adjusted, average 2010 prices, discrete quarter, as published; quarterly national accounts vintage -- see metadata"
2012-07-01,national,GFCF,валовое накопление основного капитала,1721015.2277155763,"seasonally and calendar adjusted, average 2010 prices, discrete quarter, as published; quarterly national accounts vintage -- see metadata"
2012-10-01,national,GFCF,валовое накопление основного капитала,1777186.531514595,"seasonally and calendar adjusted, average 2010 prices, discrete quarter, as published; quarterly national accounts vintage -- see metadata"
2013-01-01,national,GFCF,валовое накопление основного капитала,1820516.6567644554,"seasonally and calendar adjusted, average 2010 prices, discrete quarter, as published; quarterly national accounts vintage -- see metadata"
2013-04-01,national,GFCF,валовое накопление основного капитала,1812464.471187481,"seasonally and calendar adjusted, average 2010 prices, discrete quarter, as published; quarterly national accounts vintage -- see metadata"
2013-07-01,national,GFCF,валовое накопление основного капитала,1826797.2510015853,"seasonally and calendar adjusted, average 2010 prices, discrete quarter, as published; quarterly national accounts vintage -- see metadata"
2013-10-01,national,GFCF,валовое накопление основного капитала,1899813.2864844517,"seasonally and calendar adjusted, average 2010 prices, discrete quarter, as published; quarterly national accounts vintage -- see metadata"
2014-01-01,national,GFCF,валовое накопление основного капитала,1872780.958788414,"seasonally and calendar adjusted, average 2010 prices, discrete quarter, as published; quarterly national accounts vintage -- see metadata"
2014-04-01,national,GFCF,валовое накопление основного капитала,1938100.6110665712,"seasonally and calendar adjusted, average 2010 prices, discrete quarter, as published; quarterly national accounts vintage -- see metadata"
2014-07-01,national,GFCF,валовое накопление основного капитала,1947913.2152102713,"seasonally and calendar adjusted, average 2010 prices, discrete quarter, as published; quarterly national accounts vintage -- see metadata"
2014-10-01,national,GFCF,валовое накопление основного капитала,1891828.6135455717,"seasonally and calendar adjusted, average 2010 prices, discrete quarter, as published; quarterly national accounts vintage -- see metadata"
2015-01-01,national,GFCF,валовое накопление основного капитала,1876034.7351936488,"seasonally and calendar adjusted, average 2010 prices, discrete quarter, as published; quarterly national accounts vintage -- see metadata"
2015-04-01,national,GFCF,валовое накопление основного капитала,1995963.3012226014,"seasonally and calendar adjusted, average 2010 prices, discrete quarter, as published; quarterly national accounts vintage -- see metadata"
2015-07-01,national,GFCF,валовое накопление основного капитала,2107071.398478554,"seasonally and calendar adjusted, average 2010 prices, discrete quarter, as published; quarterly national accounts vintage -- see metadata"
2015-10-01,national,GFCF,валовое накопление основного капитала,1925821.8254147943,"seasonally and calendar adjusted, average 2010 prices, discrete quarter, as published; quarterly national accounts vintage -- see metadata"
2016-01-01,national,GFCF,валовое накопление основного капитала,2070438.357227151,"seasonally and calendar adjusted, average 2010 prices, discrete quarter, as published; quarterly national accounts vintage -- see metadata"
2016-04-01,national,GFCF,валовое накопление основного капитала,2054506.49638778,"seasonally and calendar adjusted, average 2010 prices, discrete quarter, as published; quarterly national accounts vintage -- see metadata"
2016-07-01,national,GFCF,валовое накопление основного капитала,2030167.0588586102,"seasonally and calendar adjusted, average 2010 prices, discrete quarter, as published; quarterly national accounts vintage -- see metadata"
2016-10-01,national,GFCF,валовое накопление основного капитала,2125959.077533772,"seasonally and calendar adjusted, average 2010 prices, discrete quarter, as published; quarterly national accounts vintage -- see metadata"
2017-01-01,national,GFCF,валовое накопление основного капитала,2091286.8730742435,"seasonally and calendar adjusted, average 2010 prices, discrete quarter, as published; quarterly national accounts vintage -- see metadata"
2017-04-01,national,GFCF,валовое накопление основного капитала,2098776.484795322,"seasonally and calendar adjusted, average 2010 prices, discrete quarter, as published; quarterly national accounts vintage -- see metadata"
2017-07-01,national,GFCF,валовое накопление основного капитала,2150459.285775473,"seasonally and calendar adjusted, average 2010 prices, discrete quarter, as published; quarterly national accounts vintage -- see metadata"
2017-10-01,national,GFCF,валовое накопление основного капитала,2331155.3812803053,"seasonally and calendar adjusted, average 2010 prices, discrete quarter, as published; quarterly national accounts vintage -- see metadata"
2018-01-01,national,GFCF,валовое накопление основного капитала,2447054.513227172,"seasonally and calendar adjusted, average 2010 prices, discrete quarter, as published; quarterly national accounts vintage -- see metadata"
2018-04-01,national,GFCF,валовое накопление основного капитала,2268826.950348321,"seasonally and calendar adjusted, average 2010 prices, discrete quarter, as published; quarterly national accounts vintage -- see metadata"
2018-07-01,national,GFCF,валовое накопление основного капитала,2319778.109139682,"seasonally and calendar adjusted, average 2010 prices, discrete quarter, as published; quarterly national accounts vintage -- see metadata"
2018-10-01,national,GFCF,валовое накопление основного капитала,2120887.251652864,"seasonally and calendar adjusted, average 2010 prices, discrete quarter, as published; quarterly national accounts vintage -- see metadata"
2019-01-01,national,GFCF,валовое накопление основного капитала,2217042.869561814,"seasonally and calendar adjusted, average 2010 prices, discrete quarter, as published; quarterly national accounts vintage -- see metadata"
2019-04-01,national,GFCF,валовое накопление основного капитала,2790457.915260898,"seasonally and calendar adjusted, average 2010 prices, discrete quarter, as published; quarterly national accounts vintage -- see metadata"
2019-07-01,national,GFCF,валовое накопление основного капитала,2485408.3559171786,"seasonally and calendar adjusted, average 2010 prices, discrete quarter, as published; quarterly national accounts vintage -- see metadata"
2019-10-01,national,GFCF,валовое накопление основного капитала,2362317.659185817,"seasonally and calendar adjusted, average 2010 prices, discrete quarter, as published; quarterly national accounts vintage -- see metadata"
2020-01-01,national,GFCF,валовое накопление основного капитала,2558756.33347596,"seasonally and calendar adjusted, average 2010 prices, discrete quarter, as published; quarterly national accounts vintage -- see metadata"
2020-04-01,national,GFCF,валовое накопление основного капитала,2320131.8428729954,"seasonally and calendar adjusted, average 2010 prices, discrete quarter, as published; quarterly national accounts vintage -- see metadata"
2020-07-01,national,GFCF,валовое накопление основного капитала,2314289.9903096994,"seasonally and calendar adjusted, average 2010 prices, discrete quarter, as published; quarterly national accounts vintage -- see metadata"
2020-10-01,national,GFCF,валовое накопление основного капитала,2670930.9510013503,"seasonally and calendar adjusted, average 2010 prices, discrete quarter, as published; quarterly national accounts vintage -- see metadata"
2021-01-01,national,GFCF,валовое накопление основного капитала,2467819.5178387323,"seasonally and calendar adjusted, average 2010 prices, discrete quarter, as published; quarterly national accounts vintage -- see metadata"
2021-04-01,national,GFCF,валовое накопление основного капитала,2623158.1217947346,"seasonally and calendar adjusted, average 2010 prices, discrete quarter, as published; quarterly national accounts vintage -- see metadata"
2021-07-01,national,GFCF,валовое накопление основного капитала,2546170.830592156,"seasonally and calendar adjusted, average 2010 prices, discrete quarter, as published; quarterly national accounts vintage -- see metadata"
2021-10-01,national,GFCF,валовое накопление основного капитала,2537576.8722702716,"seasonally and calendar adjusted, average 2010 prices, discrete quarter, as published; quarterly national accounts vintage -- see metadata"
2022-01-01,national,GFCF,валовое накопление основного капитала,2669967.922356009,"seasonally and calendar adjusted, average 2010 prices, discrete quarter, as published; quarterly national accounts vintage -- see metadata"
2022-04-01,national,GFCF,валовое накопление основного капитала,2550346.983032202,"seasonally and calendar adjusted, average 2010 prices, discrete quarter, as published; quarterly national accounts vintage -- see metadata"
2022-07-01,national,GFCF,валовое накопление основного капитала,2625284.154302169,"seasonally and calendar adjusted, average 2010 prices, discrete quarter, as published; quarterly national accounts vintage -- see metadata"
2022-10-01,national,GFCF,валовое накопление основного капитала,2534985.546249113,"seasonally and calendar adjusted, average 2010 prices, discrete quarter, as published; quarterly national accounts vintage -- see metadata"
2023-01-01,national,GFCF,валовое накопление основного капитала,2982051.8825878333,"seasonally and calendar adjusted, average 2010 prices, discrete quarter, as published; quarterly national accounts vintage -- see metadata"
2023-04-01,national,GFCF,валовое накопление основного капитала,3034564.025302158,"seasonally and calendar adjusted, average 2010 prices, discrete quarter, as published; quarterly national accounts vintage -- see metadata"
2023-07-01,national,GFCF,валовое накопление основного капитала,3057715.8877834,"seasonally and calendar adjusted, average 2010 prices, discrete quarter, as published; quarterly national accounts vintage -- see metadata"
2023-10-01,national,GFCF,валовое накопление основного капитала,3107323.0845615533,"seasonally and calendar adjusted, average 2010 prices, discrete quarter, as published; quarterly national accounts vintage -- see metadata"
2024-01-01,national,GFCF,валовое накопление основного капитала,2781175.815751356,"seasonally and calendar adjusted, average 2010 prices, discrete quarter, as published; quarterly national accounts vintage -- see metadata"
2024-04-01,national,GFCF,валовое накопление основного капитала,2912150.1498013204,"seasonally and calendar adjusted, average 2010 prices, discrete quarter, as published; quarterly national accounts vintage -- see metadata"
2024-07-01,national,GFCF,валовое накопление основного капитала,3300799.3511125725,"seasonally and calendar adjusted, average 2010 prices, discrete quarter, as published; quarterly national accounts vintage -- see metadata"
2024-10-01,national,GFCF,валовое накопление основного капитала,3352806.8841335047,"seasonally and calendar adjusted, average 2010 prices, discrete quarter, as published; quarterly national accounts vintage -- see metadata"
2025-01-01,national,GFCF,валовое накопление основного капитала,3384592.4880737225,"seasonally and calendar adjusted, average 2010 prices, discrete quarter, as published; quarterly national accounts vintage -- see metadata"
2025-04-01,national,GFCF,валовое накопление основного капитала,3702760.566362969,"seasonally and calendar adjusted, average 2010 prices, discrete quarter, as published; quarterly national accounts vintage -- see metadata"
2025-07-01,national,GFCF,валовое накопление основного капитала,3596582.2342596427,"seasonally and calendar adjusted, average 2010 prices, discrete quarter, as published; quarterly national accounts vintage -- see metadata"
2025-10-01,national,GFCF,валовое накопление основного капитала,3672422.6334587266,"seasonally and calendar adjusted, average 2010 prices, discrete quarter, as published; quarterly national accounts vintage -- see metadata"
2026-01-01,national,GFCF,валовое накопление основного капитала,3679899.553912567,"seasonally and calendar adjusted, average 2010 prices, discrete quarter, as published; quarterly national accounts vintage -- see metadata"
2010-01-01,national,GOVERNMENT,органов государственного управления,499933.7686429059,"seasonally and calendar adjusted, average 2010 prices, discrete quarter, as published; quarterly national accounts vintage -- see metadata"
2010-04-01,national,GOVERNMENT,органов государственного управления,597029.1359949776,"seasonally and calendar adjusted, average 2010 prices, discrete quarter, as published; quarterly national accounts vintage -- see metadata"
2010-07-01,national,GOVERNMENT,органов государственного управления,625823.7176249198,"seasonally and calendar adjusted, average 2010 prices, discrete quarter, as published; quarterly national accounts vintage -- see metadata"
2010-10-01,national,GOVERNMENT,органов государственного управления,655191.169348128,"seasonally and calendar adjusted, average 2010 prices, discrete quarter, as published; quarterly national accounts vintage -- see metadata"
2011-01-01,national,GOVERNMENT,органов государственного управления,647854.4027196573,"seasonally and calendar adjusted, average 2010 prices, discrete quarter, as published; quarterly national accounts vintage -- see metadata"
2011-04-01,national,GOVERNMENT,органов государственного управления,658508.5993321998,"seasonally and calendar adjusted, average 2010 prices, discrete quarter, as published; quarterly national accounts vintage -- see metadata"
2011-07-01,national,GOVERNMENT,органов государственного управления,691473.7425185407,"seasonally and calendar adjusted, average 2010 prices, discrete quarter, as published; quarterly national accounts vintage -- see metadata"
2011-10-01,national,GOVERNMENT,органов государственного управления,701617.7601372703,"seasonally and calendar adjusted, average 2010 prices, discrete quarter, as published; quarterly national accounts vintage -- see metadata"
2012-01-01,national,GOVERNMENT,органов государственного управления,765484.3516496544,"seasonally and calendar adjusted, average 2010 prices, discrete quarter, as published; quarterly national accounts vintage -- see metadata"
2012-04-01,national,GOVERNMENT,органов государственного управления,740523.1991796623,"seasonally and calendar adjusted, average 2010 prices, discrete quarter, as published; quarterly national accounts vintage -- see metadata"
2012-07-01,national,GOVERNMENT,органов государственного управления,748743.8641700174,"seasonally and calendar adjusted, average 2010 prices, discrete quarter, as published; quarterly national accounts vintage -- see metadata"
2012-10-01,national,GOVERNMENT,органов государственного управления,773208.7886676786,"seasonally and calendar adjusted, average 2010 prices, discrete quarter, as published; quarterly national accounts vintage -- see metadata"
2013-01-01,national,GOVERNMENT,органов государственного управления,697486.4635859614,"seasonally and calendar adjusted, average 2010 prices, discrete quarter, as published; quarterly national accounts vintage -- see metadata"
2013-04-01,national,GOVERNMENT,органов государственного управления,757432.4710673625,"seasonally and calendar adjusted, average 2010 prices, discrete quarter, as published; quarterly national accounts vintage -- see metadata"
2013-07-01,national,GOVERNMENT,органов государственного управления,753653.0569994777,"seasonally and calendar adjusted, average 2010 prices, discrete quarter, as published; quarterly national accounts vintage -- see metadata"
2013-10-01,national,GOVERNMENT,органов государственного управления,753468.5154443777,"seasonally and calendar adjusted, average 2010 prices, discrete quarter, as published; quarterly national accounts vintage -- see metadata"
2014-01-01,national,GOVERNMENT,органов государственного управления,759740.4446555222,"seasonally and calendar adjusted, average 2010 prices, discrete quarter, as published; quarterly national accounts vintage -- see metadata"
2014-04-01,national,GOVERNMENT,органов государственного управления,790183.601298504,"seasonally and calendar adjusted, average 2010 prices, discrete quarter, as published; quarterly national accounts vintage -- see metadata"
2014-07-01,national,GOVERNMENT,органов государственного управления,796710.5529375137,"seasonally and calendar adjusted, average 2010 prices, discrete quarter, as published; quarterly national accounts vintage -- see metadata"
2014-10-01,national,GOVERNMENT,органов государственного управления,797952.566355869,"seasonally and calendar adjusted, average 2010 prices, discrete quarter, as published; quarterly national accounts vintage -- see metadata"
2015-01-01,national,GOVERNMENT,органов государственного управления,840307.4713915442,"seasonally and calendar adjusted, average 2010 prices, discrete quarter, as published; quarterly national accounts vintage -- see metadata"
2015-04-01,national,GOVERNMENT,органов государственного управления,837431.258585126,"seasonally and calendar adjusted, average 2010 prices, discrete quarter, as published; quarterly national accounts vintage -- see metadata"
2015-07-01,national,GOVERNMENT,органов государственного управления,835407.0765463733,"seasonally and calendar adjusted, average 2010 prices, discrete quarter, as published; quarterly national accounts vintage -- see metadata"
2015-10-01,national,GOVERNMENT,органов государственного управления,838751.4336946604,"seasonally and calendar adjusted, average 2010 prices, discrete quarter, as published; quarterly national accounts vintage -- see metadata"
2016-01-01,national,GOVERNMENT,органов государственного управления,901656.546424875,"seasonally and calendar adjusted, average 2010 prices, discrete quarter, as published; quarterly national accounts vintage -- see metadata"
2016-04-01,national,GOVERNMENT,органов государственного управления,803255.040935153,"seasonally and calendar adjusted, average 2010 prices, discrete quarter, as published; quarterly national accounts vintage -- see metadata"
2016-07-01,national,GOVERNMENT,органов государственного управления,856990.7306006287,"seasonally and calendar adjusted, average 2010 prices, discrete quarter, as published; quarterly national accounts vintage -- see metadata"
2016-10-01,national,GOVERNMENT,органов государственного управления,891050.4058695544,"seasonally and calendar adjusted, average 2010 prices, discrete quarter, as published; quarterly national accounts vintage -- see metadata"
2017-01-01,national,GOVERNMENT,органов государственного управления,863396.7108665567,"seasonally and calendar adjusted, average 2010 prices, discrete quarter, as published; quarterly national accounts vintage -- see metadata"
2017-04-01,national,GOVERNMENT,органов государственного управления,903566.3106816888,"seasonally and calendar adjusted, average 2010 prices, discrete quarter, as published; quarterly national accounts vintage -- see metadata"
2017-07-01,national,GOVERNMENT,органов государственного управления,905987.1754242503,"seasonally and calendar adjusted, average 2010 prices, discrete quarter, as published; quarterly national accounts vintage -- see metadata"
2017-10-01,national,GOVERNMENT,органов государственного управления,898202.2577982725,"seasonally and calendar adjusted, average 2010 prices, discrete quarter, as published; quarterly national accounts vintage -- see metadata"
2018-01-01,national,GOVERNMENT,органов государственного управления,912202.4405378626,"seasonally and calendar adjusted, average 2010 prices, discrete quarter, as published; quarterly national accounts vintage -- see metadata"
2018-04-01,national,GOVERNMENT,органов государственного управления,882669.1044794469,"seasonally and calendar adjusted, average 2010 prices, discrete quarter, as published; quarterly national accounts vintage -- see metadata"
2018-07-01,national,GOVERNMENT,органов государственного управления,930594.9770780787,"seasonally and calendar adjusted, average 2010 prices, discrete quarter, as published; quarterly national accounts vintage -- see metadata"
2018-10-01,national,GOVERNMENT,органов государственного управления,943306.8240759012,"seasonally and calendar adjusted, average 2010 prices, discrete quarter, as published; quarterly national accounts vintage -- see metadata"
2019-01-01,national,GOVERNMENT,органов государственного управления,978426.6572642443,"seasonally and calendar adjusted, average 2010 prices, discrete quarter, as published; quarterly national accounts vintage -- see metadata"
2019-04-01,national,GOVERNMENT,органов государственного управления,1037136.0515524531,"seasonally and calendar adjusted, average 2010 prices, discrete quarter, as published; quarterly national accounts vintage -- see metadata"
2019-07-01,national,GOVERNMENT,органов государственного управления,1030817.2585555171,"seasonally and calendar adjusted, average 2010 prices, discrete quarter, as published; quarterly national accounts vintage -- see metadata"
2019-10-01,national,GOVERNMENT,органов государственного управления,1121872.1923678415,"seasonally and calendar adjusted, average 2010 prices, discrete quarter, as published; quarterly national accounts vintage -- see metadata"
2020-01-01,national,GOVERNMENT,органов государственного управления,1056755.538796764,"seasonally and calendar adjusted, average 2010 prices, discrete quarter, as published; quarterly national accounts vintage -- see metadata"
2020-04-01,national,GOVERNMENT,органов государственного управления,1124720.3478856836,"seasonally and calendar adjusted, average 2010 prices, discrete quarter, as published; quarterly national accounts vintage -- see metadata"
2020-07-01,national,GOVERNMENT,органов государственного управления,1129116.39961849,"seasonally and calendar adjusted, average 2010 prices, discrete quarter, as published; quarterly national accounts vintage -- see metadata"
2020-10-01,national,GOVERNMENT,органов государственного управления,1107070.0481478632,"seasonally and calendar adjusted, average 2010 prices, discrete quarter, as published; quarterly national accounts vintage -- see metadata"
2021-01-01,national,GOVERNMENT,органов государственного управления,1105821.8762055903,"seasonally and calendar adjusted, average 2010 prices, discrete quarter, as published; quarterly national accounts vintage -- see metadata"
2021-04-01,national,GOVERNMENT,органов государственного управления,1071941.5215708858,"seasonally and calendar adjusted, average 2010 prices, discrete quarter, as published; quarterly national accounts vintage -- see metadata"
2021-07-01,national,GOVERNMENT,органов государственного управления,1114336.0033581278,"seasonally and calendar adjusted, average 2010 prices, discrete quarter, as published; quarterly national accounts vintage -- see metadata"
2021-10-01,national,GOVERNMENT,органов государственного управления,1110938.8800697492,"seasonally and calendar adjusted, average 2010 prices, discrete quarter, as published; quarterly national accounts vintage -- see metadata"
2022-01-01,national,GOVERNMENT,органов государственного управления,1118518.349744931,"seasonally and calendar adjusted, average 2010 prices, discrete quarter, as published; quarterly national accounts vintage -- see metadata"
2022-04-01,national,GOVERNMENT,органов государственного управления,1093256.5858880656,"seasonally and calendar adjusted, average 2010 prices, discrete quarter, as published; quarterly national accounts vintage -- see metadata"
2022-07-01,national,GOVERNMENT,органов государственного управления,1052556.8717523061,"seasonally and calendar adjusted, average 2010 prices, discrete quarter, as published; quarterly national accounts vintage -- see metadata"
2022-10-01,national,GOVERNMENT,органов государственного управления,1077849.7454077923,"seasonally and calendar adjusted, average 2010 prices, discrete quarter, as published; quarterly national accounts vintage -- see metadata"
2023-01-01,national,GOVERNMENT,органов государственного управления,1140717.6894186456,"seasonally and calendar adjusted, average 2010 prices, discrete quarter, as published; quarterly national accounts vintage -- see metadata"
2023-04-01,national,GOVERNMENT,органов государственного управления,1192850.1307425033,"seasonally and calendar adjusted, average 2010 prices, discrete quarter, as published; quarterly national accounts vintage -- see metadata"
2023-07-01,national,GOVERNMENT,органов государственного управления,1167329.6384100667,"seasonally and calendar adjusted, average 2010 prices, discrete quarter, as published; quarterly national accounts vintage -- see metadata"
2023-10-01,national,GOVERNMENT,органов государственного управления,1149907.8757126932,"seasonally and calendar adjusted, average 2010 prices, discrete quarter, as published; quarterly national accounts vintage -- see metadata"
2024-01-01,national,GOVERNMENT,органов государственного управления,1117425.455393821,"seasonally and calendar adjusted, average 2010 prices, discrete quarter, as published; quarterly national accounts vintage -- see metadata"
2024-04-01,national,GOVERNMENT,органов государственного управления,1123128.9093376962,"seasonally and calendar adjusted, average 2010 prices, discrete quarter, as published; quarterly national accounts vintage -- see metadata"
2024-07-01,national,GOVERNMENT,органов государственного управления,1183931.120327749,"seasonally and calendar adjusted, average 2010 prices, discrete quarter, as published; quarterly national accounts vintage -- see metadata"
2024-10-01,national,GOVERNMENT,органов государственного управления,1221209.2045501655,"seasonally and calendar adjusted, average 2010 prices, discrete quarter, as published; quarterly national accounts vintage -- see metadata"
2025-01-01,national,GOVERNMENT,органов государственного управления,1151435.4258059086,"seasonally and calendar adjusted, average 2010 prices, discrete quarter, as published; quarterly national accounts vintage -- see metadata"
2025-04-01,national,GOVERNMENT,органов государственного управления,1250860.2392834264,"seasonally and calendar adjusted, average 2010 prices, discrete quarter, as published; quarterly national accounts vintage -- see metadata"
2025-07-01,national,GOVERNMENT,органов государственного управления,1223170.5355354194,"seasonally and calendar adjusted, average 2010 prices, discrete quarter, as published; quarterly national accounts vintage -- see metadata"
2025-10-01,national,GOVERNMENT,органов государственного управления,1233365.504039189,"seasonally and calendar adjusted, average 2010 prices, discrete quarter, as published; quarterly national accounts vintage -- see metadata"
2026-01-01,national,GOVERNMENT,органов государственного управления,1244663.957640252,"seasonally and calendar adjusted, average 2010 prices, discrete quarter, as published; quarterly national accounts vintage -- see metadata"
2010-01-01,national,GOV_COLLECTIVE,на коллективные услуги,288152.2716488919,"seasonally and calendar adjusted, average 2010 prices, discrete quarter, as published; quarterly national accounts vintage -- see metadata"
2010-04-01,national,GOV_COLLECTIVE,на коллективные услуги,278344.0516475815,"seasonally and calendar adjusted, average 2010 prices, discrete quarter, as published; quarterly national accounts vintage -- see metadata"
2010-07-01,national,GOV_COLLECTIVE,на коллективные услуги,327595.52753939,"seasonally and calendar adjusted, average 2010 prices, discrete quarter, as published; quarterly national accounts vintage -- see metadata"
2010-10-01,national,GOV_COLLECTIVE,на коллективные услуги,392720.94357177324,"seasonally and calendar adjusted, average 2010 prices, discrete quarter, as published; quarterly national accounts vintage -- see metadata"
2011-01-01,national,GOV_COLLECTIVE,на коллективные услуги,373672.50106251927,"seasonally and calendar adjusted, average 2010 prices, discrete quarter, as published; quarterly national accounts vintage -- see metadata"
2011-04-01,national,GOV_COLLECTIVE,на коллективные услуги,390867.56686922826,"seasonally and calendar adjusted, average 2010 prices, discrete quarter, as published; quarterly national accounts vintage -- see metadata"
2011-07-01,national,GOV_COLLECTIVE,на коллективные услуги,297544.84133335605,"seasonally and calendar adjusted, average 2010 prices, discrete quarter, as published; quarterly national accounts vintage -- see metadata"
2011-10-01,national,GOV_COLLECTIVE,на коллективные услуги,403509.23144057835,"seasonally and calendar adjusted, average 2010 prices, discrete quarter, as published; quarterly national accounts vintage -- see metadata"
2012-01-01,national,GOV_COLLECTIVE,на коллективные услуги,459669.6908231019,"seasonally and calendar adjusted, average 2010 prices, discrete quarter, as published; quarterly national accounts vintage -- see metadata"
2012-04-01,national,GOV_COLLECTIVE,на коллективные услуги,418806.17422579665,"seasonally and calendar adjusted, average 2010 prices, discrete quarter, as published; quarterly national accounts vintage -- see metadata"
2012-07-01,national,GOV_COLLECTIVE,на коллективные услуги,427408.7229213069,"seasonally and calendar adjusted, average 2010 prices, discrete quarter, as published; quarterly national accounts vintage -- see metadata"
2012-10-01,national,GOV_COLLECTIVE,на коллективные услуги,382376.18065386167,"seasonally and calendar adjusted, average 2010 prices, discrete quarter, as published; quarterly national accounts vintage -- see metadata"
2013-01-01,national,GOV_COLLECTIVE,на коллективные услуги,341496.5111946113,"seasonally and calendar adjusted, average 2010 prices, discrete quarter, as published; quarterly national accounts vintage -- see metadata"
2013-04-01,national,GOV_COLLECTIVE,на коллективные услуги,436977.1790229021,"seasonally and calendar adjusted, average 2010 prices, discrete quarter, as published; quarterly national accounts vintage -- see metadata"
2013-07-01,national,GOV_COLLECTIVE,на коллективные услуги,392218.64604505245,"seasonally and calendar adjusted, average 2010 prices, discrete quarter, as published; quarterly national accounts vintage -- see metadata"
2013-10-01,national,GOV_COLLECTIVE,на коллективные услуги,399599.9213599385,"seasonally and calendar adjusted, average 2010 prices, discrete quarter, as published; quarterly national accounts vintage -- see metadata"
2014-01-01,national,GOV_COLLECTIVE,на коллективные услуги,419461.21505918656,"seasonally and calendar adjusted, average 2010 prices, discrete quarter, as published; quarterly national accounts vintage -- see metadata"
2014-04-01,national,GOV_COLLECTIVE,на коллективные услуги,427283.1626271747,"seasonally and calendar adjusted, average 2010 prices, discrete quarter, as published; quarterly national accounts vintage -- see metadata"
2014-07-01,national,GOV_COLLECTIVE,на коллективные услуги,432901.65060740826,"seasonally and calendar adjusted, average 2010 prices, discrete quarter, as published; quarterly national accounts vintage -- see metadata"
2014-10-01,national,GOV_COLLECTIVE,на коллективные услуги,426465.378624804,"seasonally and calendar adjusted, average 2010 prices, discrete quarter, as published; quarterly national accounts vintage -- see metadata"
2015-01-01,national,GOV_COLLECTIVE,на коллективные услуги,491988.1520625379,"seasonally and calendar adjusted, average 2010 prices, discrete quarter, as published; quarterly national accounts vintage -- see metadata"
2015-04-01,national,GOV_COLLECTIVE,на коллективные услуги,499393.996173181,"seasonally and calendar adjusted, average 2010 prices, discrete quarter, as published; quarterly national accounts vintage -- see metadata"
2015-07-01,national,GOV_COLLECTIVE,на коллективные услуги,464201.7191463627,"seasonally and calendar adjusted, average 2010 prices, discrete quarter, as published; quarterly national accounts vintage -- see metadata"
2015-10-01,national,GOV_COLLECTIVE,на коллективные услуги,474789.1982638283,"seasonally and calendar adjusted, average 2010 prices, discrete quarter, as published; quarterly national accounts vintage -- see metadata"
2016-01-01,national,GOV_COLLECTIVE,на коллективные услуги,524147.8699251808,"seasonally and calendar adjusted, average 2010 prices, discrete quarter, as published; quarterly national accounts vintage -- see metadata"
2016-04-01,national,GOV_COLLECTIVE,на коллективные услуги,435449.1761086112,"seasonally and calendar adjusted, average 2010 prices, discrete quarter, as published; quarterly national accounts vintage -- see metadata"
2016-07-01,national,GOV_COLLECTIVE,на коллективные услуги,445003.221199885,"seasonally and calendar adjusted, average 2010 prices, discrete quarter, as published; quarterly national accounts vintage -- see metadata"
2016-10-01,national,GOV_COLLECTIVE,на коллективные услуги,457645.5289723007,"seasonally and calendar adjusted, average 2010 prices, discrete quarter, as published; quarterly national accounts vintage -- see metadata"
2017-01-01,national,GOV_COLLECTIVE,на коллективные услуги,444221.2750733308,"seasonally and calendar adjusted, average 2010 prices, discrete quarter, as published; quarterly national accounts vintage -- see metadata"
2017-04-01,national,GOV_COLLECTIVE,на коллективные услуги,461845.11530361284,"seasonally and calendar adjusted, average 2010 prices, discrete quarter, as published; quarterly national accounts vintage -- see metadata"
2017-07-01,national,GOV_COLLECTIVE,на коллективные услуги,485515.52540957945,"seasonally and calendar adjusted, average 2010 prices, discrete quarter, as published; quarterly national accounts vintage -- see metadata"
2017-10-01,national,GOV_COLLECTIVE,на коллективные услуги,479570.67453405005,"seasonally and calendar adjusted, average 2010 prices, discrete quarter, as published; quarterly national accounts vintage -- see metadata"
2018-01-01,national,GOV_COLLECTIVE,на коллективные услуги,446768.4120061674,"seasonally and calendar adjusted, average 2010 prices, discrete quarter, as published; quarterly national accounts vintage -- see metadata"
2018-04-01,national,GOV_COLLECTIVE,на коллективные услуги,456944.54276788555,"seasonally and calendar adjusted, average 2010 prices, discrete quarter, as published; quarterly national accounts vintage -- see metadata"
2018-07-01,national,GOV_COLLECTIVE,на коллективные услуги,498800.962963218,"seasonally and calendar adjusted, average 2010 prices, discrete quarter, as published; quarterly national accounts vintage -- see metadata"
2018-10-01,national,GOV_COLLECTIVE,на коллективные услуги,460530.67653227755,"seasonally and calendar adjusted, average 2010 prices, discrete quarter, as published; quarterly national accounts vintage -- see metadata"
2019-01-01,national,GOV_COLLECTIVE,на коллективные услуги,531800.3669973088,"seasonally and calendar adjusted, average 2010 prices, discrete quarter, as published; quarterly national accounts vintage -- see metadata"
2019-04-01,national,GOV_COLLECTIVE,на коллективные услуги,597196.3749208977,"seasonally and calendar adjusted, average 2010 prices, discrete quarter, as published; quarterly national accounts vintage -- see metadata"
2019-07-01,national,GOV_COLLECTIVE,на коллективные услуги,529993.4820945438,"seasonally and calendar adjusted, average 2010 prices, discrete quarter, as published; quarterly national accounts vintage -- see metadata"
2019-10-01,national,GOV_COLLECTIVE,на коллективные услуги,566510.9868226872,"seasonally and calendar adjusted, average 2010 prices, discrete quarter, as published; quarterly national accounts vintage -- see metadata"
2020-01-01,national,GOV_COLLECTIVE,на коллективные услуги,590471.9722515468,"seasonally and calendar adjusted, average 2010 prices, discrete quarter, as published; quarterly national accounts vintage -- see metadata"
2020-04-01,national,GOV_COLLECTIVE,на коллективные услуги,568673.9931445848,"seasonally and calendar adjusted, average 2010 prices, discrete quarter, as published; quarterly national accounts vintage -- see metadata"
2020-07-01,national,GOV_COLLECTIVE,на коллективные услуги,611527.0043291342,"seasonally and calendar adjusted, average 2010 prices, discrete quarter, as published; quarterly national accounts vintage -- see metadata"
2020-10-01,national,GOV_COLLECTIVE,на коллективные услуги,632222.4830639033,"seasonally and calendar adjusted, average 2010 prices, discrete quarter, as published; quarterly national accounts vintage -- see metadata"
2021-01-01,national,GOV_COLLECTIVE,на коллективные услуги,555188.5680577225,"seasonally and calendar adjusted, average 2010 prices, discrete quarter, as published; quarterly national accounts vintage -- see metadata"
2021-04-01,national,GOV_COLLECTIVE,на коллективные услуги,575852.9439324717,"seasonally and calendar adjusted, average 2010 prices, discrete quarter, as published; quarterly national accounts vintage -- see metadata"
2021-07-01,national,GOV_COLLECTIVE,на коллективные услуги,559650.8954903445,"seasonally and calendar adjusted, average 2010 prices, discrete quarter, as published; quarterly national accounts vintage -- see metadata"
2021-10-01,national,GOV_COLLECTIVE,на коллективные услуги,588717.3842134295,"seasonally and calendar adjusted, average 2010 prices, discrete quarter, as published; quarterly national accounts vintage -- see metadata"
2022-01-01,national,GOV_COLLECTIVE,на коллективные услуги,596155.8914428757,"seasonally and calendar adjusted, average 2010 prices, discrete quarter, as published; quarterly national accounts vintage -- see metadata"
2022-04-01,national,GOV_COLLECTIVE,на коллективные услуги,581618.7532734678,"seasonally and calendar adjusted, average 2010 prices, discrete quarter, as published; quarterly national accounts vintage -- see metadata"
2022-07-01,national,GOV_COLLECTIVE,на коллективные услуги,605004.0117250821,"seasonally and calendar adjusted, average 2010 prices, discrete quarter, as published; quarterly national accounts vintage -- see metadata"
2022-10-01,national,GOV_COLLECTIVE,на коллективные услуги,612767.8348726785,"seasonally and calendar adjusted, average 2010 prices, discrete quarter, as published; quarterly national accounts vintage -- see metadata"
2023-01-01,national,GOV_COLLECTIVE,на коллективные услуги,684365.8545073674,"seasonally and calendar adjusted, average 2010 prices, discrete quarter, as published; quarterly national accounts vintage -- see metadata"
2023-04-01,national,GOV_COLLECTIVE,на коллективные услуги,624340.2830782492,"seasonally and calendar adjusted, average 2010 prices, discrete quarter, as published; quarterly national accounts vintage -- see metadata"
2023-07-01,national,GOV_COLLECTIVE,на коллективные услуги,716214.732093706,"seasonally and calendar adjusted, average 2010 prices, discrete quarter, as published; quarterly national accounts vintage -- see metadata"
2023-10-01,national,GOV_COLLECTIVE,на коллективные услуги,629108.9240844682,"seasonally and calendar adjusted, average 2010 prices, discrete quarter, as published; quarterly national accounts vintage -- see metadata"
2024-01-01,national,GOV_COLLECTIVE,на коллективные услуги,612652.5053251177,"seasonally and calendar adjusted, average 2010 prices, discrete quarter, as published; quarterly national accounts vintage -- see metadata"
2024-04-01,national,GOV_COLLECTIVE,на коллективные услуги,638224.8784775935,"seasonally and calendar adjusted, average 2010 prices, discrete quarter, as published; quarterly national accounts vintage -- see metadata"
2024-07-01,national,GOV_COLLECTIVE,на коллективные услуги,655762.3661004765,"seasonally and calendar adjusted, average 2010 prices, discrete quarter, as published; quarterly national accounts vintage -- see metadata"
2024-10-01,national,GOV_COLLECTIVE,на коллективные услуги,666749.0356670151,"seasonally and calendar adjusted, average 2010 prices, discrete quarter, as published; quarterly national accounts vintage -- see metadata"
2025-01-01,national,GOV_COLLECTIVE,на коллективные услуги,684003.8075119344,"seasonally and calendar adjusted, average 2010 prices, discrete quarter, as published; quarterly national accounts vintage -- see metadata"
2025-04-01,national,GOV_COLLECTIVE,на коллективные услуги,698643.4911264513,"seasonally and calendar adjusted, average 2010 prices, discrete quarter, as published; quarterly national accounts vintage -- see metadata"
2025-07-01,national,GOV_COLLECTIVE,на коллективные услуги,708171.9248999045,"seasonally and calendar adjusted, average 2010 prices, discrete quarter, as published; quarterly national accounts vintage -- see metadata"
2025-10-01,national,GOV_COLLECTIVE,на коллективные услуги,739950.0382152986,"seasonally and calendar adjusted, average 2010 prices, discrete quarter, as published; quarterly national accounts vintage -- see metadata"
2026-01-01,national,GOV_COLLECTIVE,на коллективные услуги,737008.7836031251,"seasonally and calendar adjusted, average 2010 prices, discrete quarter, as published; quarterly national accounts vintage -- see metadata"
2010-01-01,national,GOV_INDIVIDUAL,на индивидуальные товары и услуги,238818.4561482883,"seasonally and calendar adjusted, average 2010 prices, discrete quarter, as published; quarterly national accounts vintage -- see metadata"
2010-04-01,national,GOV_INDIVIDUAL,на индивидуальные товары и услуги,358742.8059238286,"seasonally and calendar adjusted, average 2010 prices, discrete quarter, as published; quarterly national accounts vintage -- see metadata"
2010-07-01,national,GOV_INDIVIDUAL,на индивидуальные товары и услуги,280128.774108022,"seasonally and calendar adjusted, average 2010 prices, discrete quarter, as published; quarterly national accounts vintage -- see metadata"
2010-10-01,national,GOV_INDIVIDUAL,на индивидуальные товары и услуги,184701.03574929037,"seasonally and calendar adjusted, average 2010 prices, discrete quarter, as published; quarterly national accounts vintage -- see metadata"
2011-01-01,national,GOV_INDIVIDUAL,на индивидуальные товары и услуги,314857.73868500657,"seasonally and calendar adjusted, average 2010 prices, discrete quarter, as published; quarterly national accounts vintage -- see metadata"
2011-04-01,national,GOV_INDIVIDUAL,на индивидуальные товары и услуги,318982.0137618175,"seasonally and calendar adjusted, average 2010 prices, discrete quarter, as published; quarterly national accounts vintage -- see metadata"
2011-07-01,national,GOV_INDIVIDUAL,на индивидуальные товары и услуги,355819.2131296758,"seasonally and calendar adjusted, average 2010 prices, discrete quarter, as published; quarterly national accounts vintage -- see metadata"
2011-10-01,national,GOV_INDIVIDUAL,на индивидуальные товары и услуги,243777.0689335676,"seasonally and calendar adjusted, average 2010 prices, discrete quarter, as published; quarterly national accounts vintage -- see metadata"
2012-01-01,national,GOV_INDIVIDUAL,на индивидуальные товары и услуги,366901.9460819879,"seasonally and calendar adjusted, average 2010 prices, discrete quarter, as published; quarterly national accounts vintage -- see metadata"
2012-04-01,national,GOV_INDIVIDUAL,на индивидуальные товары и услуги,362462.03277914034,"seasonally and calendar adjusted, average 2010 prices, discrete quarter, as published; quarterly national accounts vintage -- see metadata"
2012-07-01,national,GOV_INDIVIDUAL,на индивидуальные товары и услуги,282341.23171318055,"seasonally and calendar adjusted, average 2010 prices, discrete quarter, as published; quarterly national accounts vintage -- see metadata"
2012-10-01,national,GOV_INDIVIDUAL,на индивидуальные товары и услуги,356175.3516973563,"seasonally and calendar adjusted, average 2010 prices, discrete quarter, as published; quarterly national accounts vintage -- see metadata"
2013-01-01,national,GOV_INDIVIDUAL,на индивидуальные товары и услуги,354731.1590379173,"seasonally and calendar adjusted, average 2010 prices, discrete quarter, as published; quarterly national accounts vintage -- see metadata"
2013-04-01,national,GOV_INDIVIDUAL,на индивидуальные товары и услуги,322638.5607824574,"seasonally and calendar adjusted, average 2010 prices, discrete quarter, as published; quarterly national accounts vintage -- see metadata"
2013-07-01,national,GOV_INDIVIDUAL,на индивидуальные товары и услуги,343626.52381162817,"seasonally and calendar adjusted, average 2010 prices, discrete quarter, as published; quarterly national accounts vintage -- see metadata"
2013-10-01,national,GOV_INDIVIDUAL,на индивидуальные товары и услуги,338157.38073622965,"seasonally and calendar adjusted, average 2010 prices, discrete quarter, as published; quarterly national accounts vintage -- see metadata"
2014-01-01,national,GOV_INDIVIDUAL,на индивидуальные товары и услуги,338800.1693800965,"seasonally and calendar adjusted, average 2010 prices, discrete quarter, as published; quarterly national accounts vintage -- see metadata"
2014-04-01,national,GOV_INDIVIDUAL,на индивидуальные товары и услуги,358750.02904921485,"seasonally and calendar adjusted, average 2010 prices, discrete quarter, as published; quarterly national accounts vintage -- see metadata"
2014-07-01,national,GOV_INDIVIDUAL,на индивидуальные товары и услуги,342284.8903266083,"seasonally and calendar adjusted, average 2010 prices, discrete quarter, as published; quarterly national accounts vintage -- see metadata"
2014-10-01,national,GOV_INDIVIDUAL,на индивидуальные товары и услуги,347728.72019455204,"seasonally and calendar adjusted, average 2010 prices, discrete quarter, as published; quarterly national accounts vintage -- see metadata"
2015-01-01,national,GOV_INDIVIDUAL,на индивидуальные товары и услуги,339279.4150254304,"seasonally and calendar adjusted, average 2010 prices, discrete quarter, as published; quarterly national accounts vintage -- see metadata"
2015-04-01,national,GOV_INDIVIDUAL,на индивидуальные товары и услуги,353660.0869627335,"seasonally and calendar adjusted, average 2010 prices, discrete quarter, as published; quarterly national accounts vintage -- see metadata"
2015-07-01,national,GOV_INDIVIDUAL,на индивидуальные товары и услуги,360585.23316416814,"seasonally and calendar adjusted, average 2010 prices, discrete quarter, as published; quarterly national accounts vintage -- see metadata"
2015-10-01,national,GOV_INDIVIDUAL,на индивидуальные товары и услуги,341343.2702086402,"seasonally and calendar adjusted, average 2010 prices, discrete quarter, as published; quarterly national accounts vintage -- see metadata"
2016-01-01,national,GOV_INDIVIDUAL,на индивидуальные товары и услуги,384353.3672421132,"seasonally and calendar adjusted, average 2010 prices, discrete quarter, as published; quarterly national accounts vintage -- see metadata"
2016-04-01,national,GOV_INDIVIDUAL,на индивидуальные товары и услуги,380215.1263356997,"seasonally and calendar adjusted, average 2010 prices, discrete quarter, as published; quarterly national accounts vintage -- see metadata"
2016-07-01,national,GOV_INDIVIDUAL,на индивидуальные товары и услуги,397407.4140113685,"seasonally and calendar adjusted, average 2010 prices, discrete quarter, as published; quarterly national accounts vintage -- see metadata"
2016-10-01,national,GOV_INDIVIDUAL,на индивидуальные товары и услуги,423830.6755969149,"seasonally and calendar adjusted, average 2010 prices, discrete quarter, as published; quarterly national accounts vintage -- see metadata"
2017-01-01,national,GOV_INDIVIDUAL,на индивидуальные товары и услуги,377308.56931778404,"seasonally and calendar adjusted, average 2010 prices, discrete quarter, as published; quarterly national accounts vintage -- see metadata"
2017-04-01,national,GOV_INDIVIDUAL,на индивидуальные товары и услуги,444405.8601682081,"seasonally and calendar adjusted, average 2010 prices, discrete quarter, as published; quarterly national accounts vintage -- see metadata"
2017-07-01,national,GOV_INDIVIDUAL,на индивидуальные товары и услуги,414817.5427570788,"seasonally and calendar adjusted, average 2010 prices, discrete quarter, as published; quarterly national accounts vintage -- see metadata"
2017-10-01,national,GOV_INDIVIDUAL,на индивидуальные товары и услуги,415327.07938068785,"seasonally and calendar adjusted, average 2010 prices, discrete quarter, as published; quarterly national accounts vintage -- see metadata"
2018-01-01,national,GOV_INDIVIDUAL,на индивидуальные товары и услуги,421194.98649982875,"seasonally and calendar adjusted, average 2010 prices, discrete quarter, as published; quarterly national accounts vintage -- see metadata"
2018-04-01,national,GOV_INDIVIDUAL,на индивидуальные товары и услуги,424234.5995551894,"seasonally and calendar adjusted, average 2010 prices, discrete quarter, as published; quarterly national accounts vintage -- see metadata"
2018-07-01,national,GOV_INDIVIDUAL,на индивидуальные товары и услуги,432912.64868008223,"seasonally and calendar adjusted, average 2010 prices, discrete quarter, as published; quarterly national accounts vintage -- see metadata"
2018-10-01,national,GOV_INDIVIDUAL,на индивидуальные товары и услуги,454404.973908705,"seasonally and calendar adjusted, average 2010 prices, discrete quarter, as published; quarterly national accounts vintage -- see metadata"
2019-01-01,national,GOV_INDIVIDUAL,на индивидуальные товары и услуги,445772.86151968135,"seasonally and calendar adjusted, average 2010 prices, discrete quarter, as published; quarterly national accounts vintage -- see metadata"
2019-04-01,national,GOV_INDIVIDUAL,на индивидуальные товары и услуги,446366.3496807527,"seasonally and calendar adjusted, average 2010 prices, discrete quarter, as published; quarterly national accounts vintage -- see metadata"
2019-07-01,national,GOV_INDIVIDUAL,на индивидуальные товары и услуги,473161.8542755051,"seasonally and calendar adjusted, average 2010 prices, discrete quarter, as published; quarterly national accounts vintage -- see metadata"
2019-10-01,national,GOV_INDIVIDUAL,на индивидуальные товары и услуги,499751.98787068017,"seasonally and calendar adjusted, average 2010 prices, discrete quarter, as published; quarterly national accounts vintage -- see metadata"
2020-01-01,national,GOV_INDIVIDUAL,на индивидуальные товары и услуги,504245.4288561036,"seasonally and calendar adjusted, average 2010 prices, discrete quarter, as published; quarterly national accounts vintage -- see metadata"
2020-04-01,national,GOV_INDIVIDUAL,на индивидуальные товары и услуги,535580.0118069166,"seasonally and calendar adjusted, average 2010 prices, discrete quarter, as published; quarterly national accounts vintage -- see metadata"
2020-07-01,national,GOV_INDIVIDUAL,на индивидуальные товары и услуги,539609.2818782248,"seasonally and calendar adjusted, average 2010 prices, discrete quarter, as published; quarterly national accounts vintage -- see metadata"
2020-10-01,national,GOV_INDIVIDUAL,на индивидуальные товары и услуги,396903.8350577818,"seasonally and calendar adjusted, average 2010 prices, discrete quarter, as published; quarterly national accounts vintage -- see metadata"
2021-01-01,national,GOV_INDIVIDUAL,на индивидуальные товары и услуги,550579.131100389,"seasonally and calendar adjusted, average 2010 prices, discrete quarter, as published; quarterly national accounts vintage -- see metadata"
2021-04-01,national,GOV_INDIVIDUAL,на индивидуальные товары и услуги,485095.3799967554,"seasonally and calendar adjusted, average 2010 prices, discrete quarter, as published; quarterly national accounts vintage -- see metadata"
2021-07-01,national,GOV_INDIVIDUAL,на индивидуальные товары и услуги,577823.1402015212,"seasonally and calendar adjusted, average 2010 prices, discrete quarter, as published; quarterly national accounts vintage -- see metadata"
2021-10-01,national,GOV_INDIVIDUAL,на индивидуальные товары и услуги,447076.9265123815,"seasonally and calendar adjusted, average 2010 prices, discrete quarter, as published; quarterly national accounts vintage -- see metadata"
2022-01-01,national,GOV_INDIVIDUAL,на индивидуальные товары и услуги,540471.9161640266,"seasonally and calendar adjusted, average 2010 prices, discrete quarter, as published; quarterly national accounts vintage -- see metadata"
2022-04-01,national,GOV_INDIVIDUAL,на индивидуальные товары и услуги,494799.6682386631,"seasonally and calendar adjusted, average 2010 prices, discrete quarter, as published; quarterly national accounts vintage -- see metadata"
2022-07-01,national,GOV_INDIVIDUAL,на индивидуальные товары и услуги,419009.7056013023,"seasonally and calendar adjusted, average 2010 prices, discrete quarter, as published; quarterly national accounts vintage -- see metadata"
2022-10-01,national,GOV_INDIVIDUAL,на индивидуальные товары и услуги,473889.9380358624,"seasonally and calendar adjusted, average 2010 prices, discrete quarter, as published; quarterly national accounts vintage -- see metadata"
2023-01-01,national,GOV_INDIVIDUAL,на индивидуальные товары и услуги,446720.8947932053,"seasonally and calendar adjusted, average 2010 prices, discrete quarter, as published; quarterly national accounts vintage -- see metadata"
2023-04-01,national,GOV_INDIVIDUAL,на индивидуальные товары и услуги,559241.650546831,"seasonally and calendar adjusted, average 2010 prices, discrete quarter, as published; quarterly national accounts vintage -- see metadata"
2023-07-01,national,GOV_INDIVIDUAL,на индивидуальные товары и услуги,439767.54091057566,"seasonally and calendar adjusted, average 2010 prices, discrete quarter, as published; quarterly national accounts vintage -- see metadata"
2023-10-01,national,GOV_INDIVIDUAL,на индивидуальные товары и услуги,539747.7172813782,"seasonally and calendar adjusted, average 2010 prices, discrete quarter, as published; quarterly national accounts vintage -- see metadata"
2024-01-01,national,GOV_INDIVIDUAL,на индивидуальные товары и услуги,511505.3509140034,"seasonally and calendar adjusted, average 2010 prices, discrete quarter, as published; quarterly national accounts vintage -- see metadata"
2024-04-01,national,GOV_INDIVIDUAL,на индивидуальные товары и услуги,472487.31101895316,"seasonally and calendar adjusted, average 2010 prices, discrete quarter, as published; quarterly national accounts vintage -- see metadata"
2024-07-01,national,GOV_INDIVIDUAL,на индивидуальные товары и услуги,526743.782874608,"seasonally and calendar adjusted, average 2010 prices, discrete quarter, as published; quarterly national accounts vintage -- see metadata"
2024-10-01,national,GOV_INDIVIDUAL,на индивидуальные товары и услуги,548984.2192663179,"seasonally and calendar adjusted, average 2010 prices, discrete quarter, as published; quarterly national accounts vintage -- see metadata"
2025-01-01,national,GOV_INDIVIDUAL,на индивидуальные товары и услуги,478290.86436960177,"seasonally and calendar adjusted, average 2010 prices, discrete quarter, as published; quarterly national accounts vintage -- see metadata"
2025-04-01,national,GOV_INDIVIDUAL,на индивидуальные товары и услуги,541179.2992817798,"seasonally and calendar adjusted, average 2010 prices, discrete quarter, as published; quarterly national accounts vintage -- see metadata"
2025-07-01,national,GOV_INDIVIDUAL,на индивидуальные товары и услуги,548983.3189986156,"seasonally and calendar adjusted, average 2010 prices, discrete quarter, as published; quarterly national accounts vintage -- see metadata"
2025-10-01,national,GOV_INDIVIDUAL,на индивидуальные товары и услуги,495179.5284668153,"seasonally and calendar adjusted, average 2010 prices, discrete quarter, as published; quarterly national accounts vintage -- see metadata"
2026-01-01,national,GOV_INDIVIDUAL,на индивидуальные товары и услуги,517197.20868894673,"seasonally and calendar adjusted, average 2010 prices, discrete quarter, as published; quarterly national accounts vintage -- see metadata"
2010-01-01,national,GROSS_CAPITAL_FORMATION,Валовое накопление,1411074.0274098795,"seasonally and calendar adjusted, average 2010 prices, discrete quarter, as published; quarterly national accounts vintage -- see metadata"
2010-04-01,national,GROSS_CAPITAL_FORMATION,Валовое накопление,1416597.3329842247,"seasonally and calendar adjusted, average 2010 prices, discrete quarter, as published; quarterly national accounts vintage -- see metadata"
2010-07-01,national,GROSS_CAPITAL_FORMATION,Валовое накопление,1721819.034191181,"seasonally and calendar adjusted, average 2010 prices, discrete quarter, as published; quarterly national accounts vintage -- see metadata"
2010-10-01,national,GROSS_CAPITAL_FORMATION,Валовое накопление,1767439.1875246384,"seasonally and calendar adjusted, average 2010 prices, discrete quarter, as published; quarterly national accounts vintage -- see metadata"
2011-01-01,national,GROSS_CAPITAL_FORMATION,Валовое накопление,1442144.250602786,"seasonally and calendar adjusted, average 2010 prices, discrete quarter, as published; quarterly national accounts vintage -- see metadata"
2011-04-01,national,GROSS_CAPITAL_FORMATION,Валовое накопление,1612204.1870327876,"seasonally and calendar adjusted, average 2010 prices, discrete quarter, as published; quarterly national accounts vintage -- see metadata"
2011-07-01,national,GROSS_CAPITAL_FORMATION,Валовое накопление,1691154.0740106413,"seasonally and calendar adjusted, average 2010 prices, discrete quarter, as published; quarterly national accounts vintage -- see metadata"
2011-10-01,national,GROSS_CAPITAL_FORMATION,Валовое накопление,1805618.9124395025,"seasonally and calendar adjusted, average 2010 prices, discrete quarter, as published; quarterly national accounts vintage -- see metadata"
2012-01-01,national,GROSS_CAPITAL_FORMATION,Валовое накопление,1765829.744788175,"seasonally and calendar adjusted, average 2010 prices, discrete quarter, as published; quarterly national accounts vintage -- see metadata"
2012-04-01,national,GROSS_CAPITAL_FORMATION,Валовое накопление,1798821.818932437,"seasonally and calendar adjusted, average 2010 prices, discrete quarter, as published; quarterly national accounts vintage -- see metadata"
2012-07-01,national,GROSS_CAPITAL_FORMATION,Валовое накопление,1882227.6647344015,"seasonally and calendar adjusted, average 2010 prices, discrete quarter, as published; quarterly national accounts vintage -- see metadata"
2012-10-01,national,GROSS_CAPITAL_FORMATION,Валовое накопление,1985571.8266784106,"seasonally and calendar adjusted, average 2010 prices, discrete quarter, as published; quarterly national accounts vintage -- see metadata"
2013-01-01,national,GROSS_CAPITAL_FORMATION,Валовое накопление,1889008.9117407575,"seasonally and calendar adjusted, average 2010 prices, discrete quarter, as published; quarterly national accounts vintage -- see metadata"
2013-04-01,national,GROSS_CAPITAL_FORMATION,Валовое накопление,1994669.6831906731,"seasonally and calendar adjusted, average 2010 prices, discrete quarter, as published; quarterly national accounts vintage -- see metadata"
2013-07-01,national,GROSS_CAPITAL_FORMATION,Валовое накопление,2031248.8215017836,"seasonally and calendar adjusted, average 2010 prices, discrete quarter, as published; quarterly national accounts vintage -- see metadata"
2013-10-01,national,GROSS_CAPITAL_FORMATION,Валовое накопление,2123150.096296816,"seasonally and calendar adjusted, average 2010 prices, discrete quarter, as published; quarterly national accounts vintage -- see metadata"
2014-01-01,national,GROSS_CAPITAL_FORMATION,Валовое накопление,2039639.6004587642,"seasonally and calendar adjusted, average 2010 prices, discrete quarter, as published; quarterly national accounts vintage -- see metadata"
2014-04-01,national,GROSS_CAPITAL_FORMATION,Валовое накопление,2225196.44152122,"seasonally and calendar adjusted, average 2010 prices, discrete quarter, as published; quarterly national accounts vintage -- see metadata"
2014-07-01,national,GROSS_CAPITAL_FORMATION,Валовое накопление,2230540.75728468,"seasonally and calendar adjusted, average 2010 prices, discrete quarter, as published; quarterly national accounts vintage -- see metadata"
2014-10-01,national,GROSS_CAPITAL_FORMATION,Валовое накопление,2174443.9791444917,"seasonally and calendar adjusted, average 2010 prices, discrete quarter, as published; quarterly national accounts vintage -- see metadata"
2015-01-01,national,GROSS_CAPITAL_FORMATION,Валовое накопление,2151191.104398808,"seasonally and calendar adjusted, average 2010 prices, discrete quarter, as published; quarterly national accounts vintage -- see metadata"
2015-04-01,national,GROSS_CAPITAL_FORMATION,Валовое накопление,2351450.7369104833,"seasonally and calendar adjusted, average 2010 prices, discrete quarter, as published; quarterly national accounts vintage -- see metadata"
2015-07-01,national,GROSS_CAPITAL_FORMATION,Валовое накопление,2380259.5728106336,"seasonally and calendar adjusted, average 2010 prices, discrete quarter, as published; quarterly national accounts vintage -- see metadata"
2015-10-01,national,GROSS_CAPITAL_FORMATION,Валовое накопление,2204174.3693617717,"seasonally and calendar adjusted, average 2010 prices, discrete quarter, as published; quarterly national accounts vintage -- see metadata"
2016-01-01,national,GROSS_CAPITAL_FORMATION,Валовое накопление,2361278.038799558,"seasonally and calendar adjusted, average 2010 prices, discrete quarter, as published; quarterly national accounts vintage -- see metadata"
2016-04-01,national,GROSS_CAPITAL_FORMATION,Валовое накопление,2402132.211432145,"seasonally and calendar adjusted, average 2010 prices, discrete quarter, as published; quarterly national accounts vintage -- see metadata"
2016-07-01,national,GROSS_CAPITAL_FORMATION,Валовое накопление,2334556.495375643,"seasonally and calendar adjusted, average 2010 prices, discrete quarter, as published; quarterly national accounts vintage -- see metadata"
2016-10-01,national,GROSS_CAPITAL_FORMATION,Валовое накопление,2371877.386864894,"seasonally and calendar adjusted, average 2010 prices, discrete quarter, as published; quarterly national accounts vintage -- see metadata"
2017-01-01,national,GROSS_CAPITAL_FORMATION,Валовое накопление,2470909.2362408694,"seasonally and calendar adjusted, average 2010 prices, discrete quarter, as published; quarterly national accounts vintage -- see metadata"
2017-04-01,national,GROSS_CAPITAL_FORMATION,Валовое накопление,2463882.141487176,"seasonally and calendar adjusted, average 2010 prices, discrete quarter, as published; quarterly national accounts vintage -- see metadata"
2017-07-01,national,GROSS_CAPITAL_FORMATION,Валовое накопление,2415206.9707691376,"seasonally and calendar adjusted, average 2010 prices, discrete quarter, as published; quarterly national accounts vintage -- see metadata"
2017-10-01,national,GROSS_CAPITAL_FORMATION,Валовое накопление,2509167.892532689,"seasonally and calendar adjusted, average 2010 prices, discrete quarter, as published; quarterly national accounts vintage -- see metadata"
2018-01-01,national,GROSS_CAPITAL_FORMATION,Валовое накопление,2775259.5823324574,"seasonally and calendar adjusted, average 2010 prices, discrete quarter, as published; quarterly national accounts vintage -- see metadata"
2018-04-01,national,GROSS_CAPITAL_FORMATION,Валовое накопление,2551302.112009183,"seasonally and calendar adjusted, average 2010 prices, discrete quarter, as published; quarterly national accounts vintage -- see metadata"
2018-07-01,national,GROSS_CAPITAL_FORMATION,Валовое накопление,2556094.308535557,"seasonally and calendar adjusted, average 2010 prices, discrete quarter, as published; quarterly national accounts vintage -- see metadata"
2018-10-01,national,GROSS_CAPITAL_FORMATION,Валовое накопление,2303279.323132609,"seasonally and calendar adjusted, average 2010 prices, discrete quarter, as published; quarterly national accounts vintage -- see metadata"
2019-01-01,national,GROSS_CAPITAL_FORMATION,Валовое накопление,2611751.2899252693,"seasonally and calendar adjusted, average 2010 prices, discrete quarter, as published; quarterly national accounts vintage -- see metadata"
2019-04-01,national,GROSS_CAPITAL_FORMATION,Валовое накопление,3069755.135636567,"seasonally and calendar adjusted, average 2010 prices, discrete quarter, as published; quarterly national accounts vintage -- see metadata"
2019-07-01,national,GROSS_CAPITAL_FORMATION,Валовое накопление,2717081.799098594,"seasonally and calendar adjusted, average 2010 prices, discrete quarter, as published; quarterly national accounts vintage -- see metadata"
2019-10-01,national,GROSS_CAPITAL_FORMATION,Валовое накопление,2539277.226106936,"seasonally and calendar adjusted, average 2010 prices, discrete quarter, as published; quarterly national accounts vintage -- see metadata"
2020-01-01,national,GROSS_CAPITAL_FORMATION,Валовое накопление,2966644.1721559516,"seasonally and calendar adjusted, average 2010 prices, discrete quarter, as published; quarterly national accounts vintage -- see metadata"
2020-04-01,national,GROSS_CAPITAL_FORMATION,Валовое накопление,2615349.031145378,"seasonally and calendar adjusted, average 2010 prices, discrete quarter, as published; quarterly national accounts vintage -- see metadata"
2020-07-01,national,GROSS_CAPITAL_FORMATION,Валовое накопление,2529866.895005354,"seasonally and calendar adjusted, average 2010 prices, discrete quarter, as published; quarterly national accounts vintage -- see metadata"
2020-10-01,national,GROSS_CAPITAL_FORMATION,Валовое накопление,2824469.150487822,"seasonally and calendar adjusted, average 2010 prices, discrete quarter, as published; quarterly national accounts vintage -- see metadata"
2021-01-01,national,GROSS_CAPITAL_FORMATION,Валовое накопление,2771474.18456764,"seasonally and calendar adjusted, average 2010 prices, discrete quarter, as published; quarterly national accounts vintage -- see metadata"
2021-04-01,national,GROSS_CAPITAL_FORMATION,Валовое накопление,2828766.55153966,"seasonally and calendar adjusted, average 2010 prices, discrete quarter, as published; quarterly national accounts vintage -- see metadata"
2021-07-01,national,GROSS_CAPITAL_FORMATION,Валовое накопление,2676385.4978450052,"seasonally and calendar adjusted, average 2010 prices, discrete quarter, as published; quarterly national accounts vintage -- see metadata"
2021-10-01,national,GROSS_CAPITAL_FORMATION,Валовое накопление,2693953.9842884797,"seasonally and calendar adjusted, average 2010 prices, discrete quarter, as published; quarterly national accounts vintage -- see metadata"
2022-01-01,national,GROSS_CAPITAL_FORMATION,Валовое накопление,2935868.710211661,"seasonally and calendar adjusted, average 2010 prices, discrete quarter, as published; quarterly national accounts vintage -- see metadata"
2022-04-01,national,GROSS_CAPITAL_FORMATION,Валовое накопление,2672915.8210928272,"seasonally and calendar adjusted, average 2010 prices, discrete quarter, as published; quarterly national accounts vintage -- see metadata"
2022-07-01,national,GROSS_CAPITAL_FORMATION,Валовое накопление,2761249.289214755,"seasonally and calendar adjusted, average 2010 prices, discrete quarter, as published; quarterly national accounts vintage -- see metadata"
2022-10-01,national,GROSS_CAPITAL_FORMATION,Валовое накопление,2703981.655780847,"seasonally and calendar adjusted, average 2010 prices, discrete quarter, as published; quarterly national accounts vintage -- see metadata"
2023-01-01,national,GROSS_CAPITAL_FORMATION,Валовое накопление,3149602.0555379926,"seasonally and calendar adjusted, average 2010 prices, discrete quarter, as published; quarterly national accounts vintage -- see metadata"
2023-04-01,national,GROSS_CAPITAL_FORMATION,Валовое накопление,3114967.3017875995,"seasonally and calendar adjusted, average 2010 prices, discrete quarter, as published; quarterly national accounts vintage -- see metadata"
2023-07-01,national,GROSS_CAPITAL_FORMATION,Валовое накопление,3278235.5738209384,"seasonally and calendar adjusted, average 2010 prices, discrete quarter, as published; quarterly national accounts vintage -- see metadata"
2023-10-01,national,GROSS_CAPITAL_FORMATION,Валовое накопление,3302896.821993523,"seasonally and calendar adjusted, average 2010 prices, discrete quarter, as published; quarterly national accounts vintage -- see metadata"
2024-01-01,national,GROSS_CAPITAL_FORMATION,Валовое накопление,2966542.640072548,"seasonally and calendar adjusted, average 2010 prices, discrete quarter, as published; quarterly national accounts vintage -- see metadata"
2024-04-01,national,GROSS_CAPITAL_FORMATION,Валовое накопление,2994923.792196167,"seasonally and calendar adjusted, average 2010 prices, discrete quarter, as published; quarterly national accounts vintage -- see metadata"
2024-07-01,national,GROSS_CAPITAL_FORMATION,Валовое накопление,3479711.8220302556,"seasonally and calendar adjusted, average 2010 prices, discrete quarter, as published; quarterly national accounts vintage -- see metadata"
2024-10-01,national,GROSS_CAPITAL_FORMATION,Валовое накопление,3634387.859650485,"seasonally and calendar adjusted, average 2010 prices, discrete quarter, as published; quarterly national accounts vintage -- see metadata"
2025-01-01,national,GROSS_CAPITAL_FORMATION,Валовое накопление,3511432.1192384646,"seasonally and calendar adjusted, average 2010 prices, discrete quarter, as published; quarterly national accounts vintage -- see metadata"
2025-04-01,national,GROSS_CAPITAL_FORMATION,Валовое накопление,3886533.2114854553,"seasonally and calendar adjusted, average 2010 prices, discrete quarter, as published; quarterly national accounts vintage -- see metadata"
2025-07-01,national,GROSS_CAPITAL_FORMATION,Валовое накопление,3859535.0632835045,"seasonally and calendar adjusted, average 2010 prices, discrete quarter, as published; quarterly national accounts vintage -- see metadata"
2025-10-01,national,GROSS_CAPITAL_FORMATION,Валовое накопление,3985052.0654947194,"seasonally and calendar adjusted, average 2010 prices, discrete quarter, as published; quarterly national accounts vintage -- see metadata"
2026-01-01,national,GROSS_CAPITAL_FORMATION,Валовое накопление,3773274.342656921,"seasonally and calendar adjusted, average 2010 prices, discrete quarter, as published; quarterly national accounts vintage -- see metadata"
2010-01-01,national,HOUSEHOLDS,домашних хозяйств,2780262.516952846,"seasonally and calendar adjusted, average 2010 prices, discrete quarter, as published; quarterly national accounts vintage -- see metadata"
2010-04-01,national,HOUSEHOLDS,домашних хозяйств,2621301.239826635,"seasonally and calendar adjusted, average 2010 prices, discrete quarter, as published; quarterly national accounts vintage -- see metadata"
2010-07-01,national,HOUSEHOLDS,домашних хозяйств,2599258.476262617,"seasonally and calendar adjusted, average 2010 prices, discrete quarter, as published; quarterly national accounts vintage -- see metadata"
2010-10-01,national,HOUSEHOLDS,домашних хозяйств,2741102.4465843677,"seasonally and calendar adjusted, average 2010 prices, discrete quarter, as published; quarterly national accounts vintage -- see metadata"
2011-01-01,national,HOUSEHOLDS,домашних хозяйств,2705813.9179920414,"seasonally and calendar adjusted, average 2010 prices, discrete quarter, as published; quarterly national accounts vintage -- see metadata"
2011-04-01,national,HOUSEHOLDS,домашних хозяйств,2854037.7566853054,"seasonally and calendar adjusted, average 2010 prices, discrete quarter, as published; quarterly national accounts vintage -- see metadata"
2011-07-01,national,HOUSEHOLDS,домашних хозяйств,3028105.619381206,"seasonally and calendar adjusted, average 2010 prices, discrete quarter, as published; quarterly national accounts vintage -- see metadata"
2011-10-01,national,HOUSEHOLDS,домашних хозяйств,3083318.0609997823,"seasonally and calendar adjusted, average 2010 prices, discrete quarter, as published; quarterly national accounts vintage -- see metadata"
2012-01-01,national,HOUSEHOLDS,домашних хозяйств,2990255.539753344,"seasonally and calendar adjusted, average 2010 prices, discrete quarter, as published; quarterly national accounts vintage -- see metadata"
2012-04-01,national,HOUSEHOLDS,домашних хозяйств,3156298.51486779,"seasonally and calendar adjusted, average 2010 prices, discrete quarter, as published; quarterly national accounts vintage -- see metadata"
2012-07-01,national,HOUSEHOLDS,домашних хозяйств,3393420.3908050815,"seasonally and calendar adjusted, average 2010 prices, discrete quarter, as published; quarterly national accounts vintage -- see metadata"
2012-10-01,national,HOUSEHOLDS,домашних хозяйств,3506441.191536994,"seasonally and calendar adjusted, average 2010 prices, discrete quarter, as published; quarterly national accounts vintage -- see metadata"
2013-01-01,national,HOUSEHOLDS,домашних хозяйств,3781683.889591282,"seasonally and calendar adjusted, average 2010 prices, discrete quarter, as published; quarterly national accounts vintage -- see metadata"
2013-04-01,national,HOUSEHOLDS,домашних хозяйств,3809041.299540815,"seasonally and calendar adjusted, average 2010 prices, discrete quarter, as published; quarterly national accounts vintage -- see metadata"
2013-07-01,national,HOUSEHOLDS,домашних хозяйств,3605730.4888067446,"seasonally and calendar adjusted, average 2010 prices, discrete quarter, as published; quarterly national accounts vintage -- see metadata"
2013-10-01,national,HOUSEHOLDS,домашних хозяйств,3645145.033096141,"seasonally and calendar adjusted, average 2010 prices, discrete quarter, as published; quarterly national accounts vintage -- see metadata"
2014-01-01,national,HOUSEHOLDS,домашних хозяйств,3829826.803907789,"seasonally and calendar adjusted, average 2010 prices, discrete quarter, as published; quarterly national accounts vintage -- see metadata"
2014-04-01,national,HOUSEHOLDS,домашних хозяйств,3838644.593781815,"seasonally and calendar adjusted, average 2010 prices, discrete quarter, as published; quarterly national accounts vintage -- see metadata"
2014-07-01,national,HOUSEHOLDS,домашних хозяйств,3941714.471649294,"seasonally and calendar adjusted, average 2010 prices, discrete quarter, as published; quarterly national accounts vintage -- see metadata"
2014-10-01,national,HOUSEHOLDS,домашних хозяйств,4132402.764318072,"seasonally and calendar adjusted, average 2010 prices, discrete quarter, as published; quarterly national accounts vintage -- see metadata"
2015-01-01,national,HOUSEHOLDS,домашних хозяйств,4127454.2549181436,"seasonally and calendar adjusted, average 2010 prices, discrete quarter, as published; quarterly national accounts vintage -- see metadata"
2015-04-01,national,HOUSEHOLDS,домашних хозяйств,4190692.8823397257,"seasonally and calendar adjusted, average 2010 prices, discrete quarter, as published; quarterly national accounts vintage -- see metadata"
2015-07-01,national,HOUSEHOLDS,домашних хозяйств,4214245.865267452,"seasonally and calendar adjusted, average 2010 prices, discrete quarter, as published; quarterly national accounts vintage -- see metadata"
2015-10-01,national,HOUSEHOLDS,домашних хозяйств,3933735.1443871073,"seasonally and calendar adjusted, average 2010 prices, discrete quarter, as published; quarterly national accounts vintage -- see metadata"
2016-01-01,national,HOUSEHOLDS,домашних хозяйств,3969347.7464944255,"seasonally and calendar adjusted, average 2010 prices, discrete quarter, as published; quarterly national accounts vintage -- see metadata"
2016-04-01,national,HOUSEHOLDS,домашних хозяйств,3890661.986806852,"seasonally and calendar adjusted, average 2010 prices, discrete quarter, as published; quarterly national accounts vintage -- see metadata"
2016-07-01,national,HOUSEHOLDS,домашних хозяйств,3977482.582186712,"seasonally and calendar adjusted, average 2010 prices, discrete quarter, as published; quarterly national accounts vintage -- see metadata"
2016-10-01,national,HOUSEHOLDS,домашних хозяйств,3978688.7941843723,"seasonally and calendar adjusted, average 2010 prices, discrete quarter, as published; quarterly national accounts vintage -- see metadata"
2017-01-01,national,HOUSEHOLDS,домашних хозяйств,3892094.5536666964,"seasonally and calendar adjusted, average 2010 prices, discrete quarter, as published; quarterly national accounts vintage -- see metadata"
2017-04-01,national,HOUSEHOLDS,домашних хозяйств,4029264.118200464,"seasonally and calendar adjusted, average 2010 prices, discrete quarter, as published; quarterly national accounts vintage -- see metadata"
2017-07-01,national,HOUSEHOLDS,домашних хозяйств,4139447.3037558547,"seasonally and calendar adjusted, average 2010 prices, discrete quarter, as published; quarterly national accounts vintage -- see metadata"
2017-10-01,national,HOUSEHOLDS,домашних хозяйств,4048223.2455018577,"seasonally and calendar adjusted, average 2010 prices, discrete quarter, as published; quarterly national accounts vintage -- see metadata"
2018-01-01,national,HOUSEHOLDS,домашних хозяйств,4335955.800113254,"seasonally and calendar adjusted, average 2010 prices, discrete quarter, as published; quarterly national accounts vintage -- see metadata"
2018-04-01,national,HOUSEHOLDS,домашних хозяйств,4287704.783418223,"seasonally and calendar adjusted, average 2010 prices, discrete quarter, as published; quarterly national accounts vintage -- see metadata"
2018-07-01,national,HOUSEHOLDS,домашних хозяйств,4136187.1594127156,"seasonally and calendar adjusted, average 2010 prices, discrete quarter, as published; quarterly national accounts vintage -- see metadata"
2018-10-01,national,HOUSEHOLDS,домашних хозяйств,4319713.273229241,"seasonally and calendar adjusted, average 2010 prices, discrete quarter, as published; quarterly national accounts vintage -- see metadata"
2019-01-01,national,HOUSEHOLDS,домашних хозяйств,4362652.289453236,"seasonally and calendar adjusted, average 2010 prices, discrete quarter, as published; quarterly national accounts vintage -- see metadata"
2019-04-01,national,HOUSEHOLDS,домашних хозяйств,4541337.593491915,"seasonally and calendar adjusted, average 2010 prices, discrete quarter, as published; quarterly national accounts vintage -- see metadata"
2019-07-01,national,HOUSEHOLDS,домашних хозяйств,4642630.98764546,"seasonally and calendar adjusted, average 2010 prices, discrete quarter, as published; quarterly national accounts vintage -- see metadata"
2019-10-01,national,HOUSEHOLDS,домашних хозяйств,4685084.426417941,"seasonally and calendar adjusted, average 2010 prices, discrete quarter, as published; quarterly national accounts vintage -- see metadata"
2020-01-01,national,HOUSEHOLDS,домашних хозяйств,4530750.310703281,"seasonally and calendar adjusted, average 2010 prices, discrete quarter, as published; quarterly national accounts vintage -- see metadata"
2020-04-01,national,HOUSEHOLDS,домашних хозяйств,4420524.240583073,"seasonally and calendar adjusted, average 2010 prices, discrete quarter, as published; quarterly national accounts vintage -- see metadata"
2020-07-01,national,HOUSEHOLDS,домашних хозяйств,4538274.761991048,"seasonally and calendar adjusted, average 2010 prices, discrete quarter, as published; quarterly national accounts vintage -- see metadata"
2020-10-01,national,HOUSEHOLDS,домашних хозяйств,4738418.372011331,"seasonally and calendar adjusted, average 2010 prices, discrete quarter, as published; quarterly national accounts vintage -- see metadata"
2021-01-01,national,HOUSEHOLDS,домашних хозяйств,4788456.484406557,"seasonally and calendar adjusted, average 2010 prices, discrete quarter, as published; quarterly national accounts vintage -- see metadata"
2021-04-01,national,HOUSEHOLDS,домашних хозяйств,4745862.3328145165,"seasonally and calendar adjusted, average 2010 prices, discrete quarter, as published; quarterly national accounts vintage -- see metadata"
2021-07-01,national,HOUSEHOLDS,домашних хозяйств,4963301.7882117,"seasonally and calendar adjusted, average 2010 prices, discrete quarter, as published; quarterly national accounts vintage -- see metadata"
2021-10-01,national,HOUSEHOLDS,домашних хозяйств,4950984.347691933,"seasonally and calendar adjusted, average 2010 prices, discrete quarter, as published; quarterly national accounts vintage -- see metadata"
2022-01-01,national,HOUSEHOLDS,домашних хозяйств,4961235.885863583,"seasonally and calendar adjusted, average 2010 prices, discrete quarter, as published; quarterly national accounts vintage -- see metadata"
2022-04-01,national,HOUSEHOLDS,домашних хозяйств,5219496.454332721,"seasonally and calendar adjusted, average 2010 prices, discrete quarter, as published; quarterly national accounts vintage -- see metadata"
2022-07-01,national,HOUSEHOLDS,домашних хозяйств,5139076.86001596,"seasonally and calendar adjusted, average 2010 prices, discrete quarter, as published; quarterly national accounts vintage -- see metadata"
2022-10-01,national,HOUSEHOLDS,домашних хозяйств,5094771.218176995,"seasonally and calendar adjusted, average 2010 prices, discrete quarter, as published; quarterly national accounts vintage -- see metadata"
2023-01-01,national,HOUSEHOLDS,домашних хозяйств,5477146.203942028,"seasonally and calendar adjusted, average 2010 prices, discrete quarter, as published; quarterly national accounts vintage -- see metadata"
2023-04-01,national,HOUSEHOLDS,домашних хозяйств,5523083.620546421,"seasonally and calendar adjusted, average 2010 prices, discrete quarter, as published; quarterly national accounts vintage -- see metadata"
2023-07-01,national,HOUSEHOLDS,домашних хозяйств,5364192.193704289,"seasonally and calendar adjusted, average 2010 prices, discrete quarter, as published; quarterly national accounts vintage -- see metadata"
2023-10-01,national,HOUSEHOLDS,домашних хозяйств,5561721.79786529,"seasonally and calendar adjusted, average 2010 prices, discrete quarter, as published; quarterly national accounts vintage -- see metadata"
2024-01-01,national,HOUSEHOLDS,домашних хозяйств,5646383.960774324,"seasonally and calendar adjusted, average 2010 prices, discrete quarter, as published; quarterly national accounts vintage -- see metadata"
2024-04-01,national,HOUSEHOLDS,домашних хозяйств,5718826.957296132,"seasonally and calendar adjusted, average 2010 prices, discrete quarter, as published; quarterly national accounts vintage -- see metadata"
2024-07-01,national,HOUSEHOLDS,домашних хозяйств,5728019.320732126,"seasonally and calendar adjusted, average 2010 prices, discrete quarter, as published; quarterly national accounts vintage -- see metadata"
2024-10-01,national,HOUSEHOLDS,домашних хозяйств,6723705.197535205,"seasonally and calendar adjusted, average 2010 prices, discrete quarter, as published; quarterly national accounts vintage -- see metadata"
2025-01-01,national,HOUSEHOLDS,домашних хозяйств,6306142.272877221,"seasonally and calendar adjusted, average 2010 prices, discrete quarter, as published; quarterly national accounts vintage -- see metadata"
2025-04-01,national,HOUSEHOLDS,домашних хозяйств,6455701.39951879,"seasonally and calendar adjusted, average 2010 prices, discrete quarter, as published; quarterly national accounts vintage -- see metadata"
2025-07-01,national,HOUSEHOLDS,домашних хозяйств,6650705.389133305,"seasonally and calendar adjusted, average 2010 prices, discrete quarter, as published; quarterly national accounts vintage -- see metadata"
2025-10-01,national,HOUSEHOLDS,домашних хозяйств,6556887.343650337,"seasonally and calendar adjusted, average 2010 prices, discrete quarter, as published; quarterly national accounts vintage -- see metadata"
2026-01-01,national,HOUSEHOLDS,домашних хозяйств,6669744.199657116,"seasonally and calendar adjusted, average 2010 prices, discrete quarter, as published; quarterly national accounts vintage -- see metadata"
2010-01-01,national,IMPORTS,импорт товаров и услуг,1628963.3978673946,"seasonally and calendar adjusted, average 2010 prices, discrete quarter, as published; quarterly national accounts vintage -- see metadata"
2010-04-01,national,IMPORTS,импорт товаров и услуг,1533517.5386404193,"seasonally and calendar adjusted, average 2010 prices, discrete quarter, as published; quarterly national accounts vintage -- see metadata"
2010-07-01,national,IMPORTS,импорт товаров и услуг,1698291.5333715735,"seasonally and calendar adjusted, average 2010 prices, discrete quarter, as published; quarterly national accounts vintage -- see metadata"
2010-10-01,national,IMPORTS,импорт товаров и услуг,1722485.7406229542,"seasonally and calendar adjusted, average 2010 prices, discrete quarter, as published; quarterly national accounts vintage -- see metadata"
2011-01-01,national,IMPORTS,импорт товаров и услуг,1697053.219928049,"seasonally and calendar adjusted, average 2010 prices, discrete quarter, as published; quarterly national accounts vintage -- see metadata"
2011-04-01,national,IMPORTS,импорт товаров и услуг,1753660.1561232954,"seasonally and calendar adjusted, average 2010 prices, discrete quarter, as published; quarterly national accounts vintage -- see metadata"
2011-07-01,national,IMPORTS,импорт товаров и услуг,1626564.1455273791,"seasonally and calendar adjusted, average 2010 prices, discrete quarter, as published; quarterly national accounts vintage -- see metadata"
2011-10-01,national,IMPORTS,импорт товаров и услуг,1748004.5791335881,"seasonally and calendar adjusted, average 2010 prices, discrete quarter, as published; quarterly national accounts vintage -- see metadata"
2012-01-01,national,IMPORTS,импорт товаров и услуг,1905328.1148790142,"seasonally and calendar adjusted, average 2010 prices, discrete quarter, as published; quarterly national accounts vintage -- see metadata"
2012-04-01,national,IMPORTS,импорт товаров и услуг,1881275.1494187438,"seasonally and calendar adjusted, average 2010 prices, discrete quarter, as published; quarterly national accounts vintage -- see metadata"
2012-07-01,national,IMPORTS,импорт товаров и услуг,2115172.1959326384,"seasonally and calendar adjusted, average 2010 prices, discrete quarter, as published; quarterly national accounts vintage -- see metadata"
2012-10-01,national,IMPORTS,импорт товаров и услуг,2224034.297083902,"seasonally and calendar adjusted, average 2010 prices, discrete quarter, as published; quarterly national accounts vintage -- see metadata"
2013-01-01,national,IMPORTS,импорт товаров и услуг,2201517.0002978696,"seasonally and calendar adjusted, average 2010 prices, discrete quarter, as published; quarterly national accounts vintage -- see metadata"
2013-04-01,national,IMPORTS,импорт товаров и услуг,2353119.178024682,"seasonally and calendar adjusted, average 2010 prices, discrete quarter, as published; quarterly national accounts vintage -- see metadata"
2013-07-01,national,IMPORTS,импорт товаров и услуг,2242303.1749388534,"seasonally and calendar adjusted, average 2010 prices, discrete quarter, as published; quarterly national accounts vintage -- see metadata"
2013-10-01,national,IMPORTS,импорт товаров и услуг,2200959.176154172,"seasonally and calendar adjusted, average 2010 prices, discrete quarter, as published; quarterly national accounts vintage -- see metadata"
2014-01-01,national,IMPORTS,импорт товаров и услуг,2229136.7980311504,"seasonally and calendar adjusted, average 2010 prices, discrete quarter, as published; quarterly national accounts vintage -- see metadata"
2014-04-01,national,IMPORTS,импорт товаров и услуг,2464941.1262610024,"seasonally and calendar adjusted, average 2010 prices, discrete quarter, as published; quarterly national accounts vintage -- see metadata"
2014-07-01,national,IMPORTS,импорт товаров и услуг,2447730.808147265,"seasonally and calendar adjusted, average 2010 prices, discrete quarter, as published; quarterly national accounts vintage -- see metadata"
2014-10-01,national,IMPORTS,импорт товаров и услуг,2291558.666526596,"seasonally and calendar adjusted, average 2010 prices, discrete quarter, as published; quarterly national accounts vintage -- see metadata"
2015-01-01,national,IMPORTS,импорт товаров и услуг,2201259.0296344464,"seasonally and calendar adjusted, average 2010 prices, discrete quarter, as published; quarterly national accounts vintage -- see metadata"
2015-04-01,national,IMPORTS,импорт товаров и услуг,1958128.0204971414,"seasonally and calendar adjusted, average 2010 prices, discrete quarter, as published; quarterly national accounts vintage -- see metadata"
2015-07-01,national,IMPORTS,импорт товаров и услуг,2024341.6500763178,"seasonally and calendar adjusted, average 2010 prices, discrete quarter, as published; quarterly national accounts vintage -- see metadata"
2015-10-01,national,IMPORTS,импорт товаров и услуг,2290297.386464319,"seasonally and calendar adjusted, average 2010 prices, discrete quarter, as published; quarterly national accounts vintage -- see metadata"
2016-01-01,national,IMPORTS,импорт товаров и услуг,2394587.9321856517,"seasonally and calendar adjusted, average 2010 prices, discrete quarter, as published; quarterly national accounts vintage -- see metadata"
2016-04-01,national,IMPORTS,импорт товаров и услуг,2042378.5287618563,"seasonally and calendar adjusted, average 2010 prices, discrete quarter, as published; quarterly national accounts vintage -- see metadata"
2016-07-01,national,IMPORTS,импорт товаров и услуг,2055334.6431555017,"seasonally and calendar adjusted, average 2010 prices, discrete quarter, as published; quarterly national accounts vintage -- see metadata"
2016-10-01,national,IMPORTS,импорт товаров и услуг,2040962.5739329972,"seasonally and calendar adjusted, average 2010 prices, discrete quarter, as published; quarterly national accounts vintage -- see metadata"
2017-01-01,national,IMPORTS,импорт товаров и услуг,2080290.470547229,"seasonally and calendar adjusted, average 2010 prices, discrete quarter, as published; quarterly national accounts vintage -- see metadata"
2017-04-01,national,IMPORTS,импорт товаров и услуг,2152013.765011318,"seasonally and calendar adjusted, average 2010 prices, discrete quarter, as published; quarterly national accounts vintage -- see metadata"
2017-07-01,national,IMPORTS,импорт товаров и услуг,2121332.2290763077,"seasonally and calendar adjusted, average 2010 prices, discrete quarter, as published; quarterly national accounts vintage -- see metadata"
2017-10-01,national,IMPORTS,импорт товаров и услуг,2201385.519573668,"seasonally and calendar adjusted, average 2010 prices, discrete quarter, as published; quarterly national accounts vintage -- see metadata"
2018-01-01,national,IMPORTS,импорт товаров и услуг,2253426.301835308,"seasonally and calendar adjusted, average 2010 prices, discrete quarter, as published; quarterly national accounts vintage -- see metadata"
2018-04-01,national,IMPORTS,импорт товаров и услуг,2233610.33069882,"seasonally and calendar adjusted, average 2010 prices, discrete quarter, as published; quarterly national accounts vintage -- see metadata"
2018-07-01,national,IMPORTS,импорт товаров и услуг,2363169.8925531833,"seasonally and calendar adjusted, average 2010 prices, discrete quarter, as published; quarterly national accounts vintage -- see metadata"
2018-10-01,national,IMPORTS,импорт товаров и услуг,2312684.8359249057,"seasonally and calendar adjusted, average 2010 prices, discrete quarter, as published; quarterly national accounts vintage -- see metadata"
2019-01-01,national,IMPORTS,импорт товаров и услуг,2437323.8753542528,"seasonally and calendar adjusted, average 2010 prices, discrete quarter, as published; quarterly national accounts vintage -- see metadata"
2019-04-01,national,IMPORTS,импорт товаров и услуг,2692467.107654752,"seasonally and calendar adjusted, average 2010 prices, discrete quarter, as published; quarterly national accounts vintage -- see metadata"
2019-07-01,national,IMPORTS,импорт товаров и услуг,2772699.478115419,"seasonally and calendar adjusted, average 2010 prices, discrete quarter, as published; quarterly national accounts vintage -- see metadata"
2019-10-01,national,IMPORTS,импорт товаров и услуг,2665713.385982483,"seasonally and calendar adjusted, average 2010 prices, discrete quarter, as published; quarterly national accounts vintage -- see metadata"
2020-01-01,national,IMPORTS,импорт товаров и услуг,2417935.17610214,"seasonally and calendar adjusted, average 2010 prices, discrete quarter, as published; quarterly national accounts vintage -- see metadata"
2020-04-01,national,IMPORTS,импорт товаров и услуг,2399190.2328592315,"seasonally and calendar adjusted, average 2010 prices, discrete quarter, as published; quarterly national accounts vintage -- see metadata"
2020-07-01,national,IMPORTS,импорт товаров и услуг,2554522.6823521135,"seasonally and calendar adjusted, average 2010 prices, discrete quarter, as published; quarterly national accounts vintage -- see metadata"
2020-10-01,national,IMPORTS,импорт товаров и услуг,2428301.3534896956,"seasonally and calendar adjusted, average 2010 prices, discrete quarter, as published; quarterly national accounts vintage -- see metadata"
2021-01-01,national,IMPORTS,импорт товаров и услуг,2466062.1013996294,"seasonally and calendar adjusted, average 2010 prices, discrete quarter, as published; quarterly national accounts vintage -- see metadata"
2021-04-01,national,IMPORTS,импорт товаров и услуг,2527700.456582055,"seasonally and calendar adjusted, average 2010 prices, discrete quarter, as published; quarterly national accounts vintage -- see metadata"
2021-07-01,national,IMPORTS,импорт товаров и услуг,2388438.7301219865,"seasonally and calendar adjusted, average 2010 prices, discrete quarter, as published; quarterly national accounts vintage -- see metadata"
2021-10-01,national,IMPORTS,импорт товаров и услуг,2475769.537441141,"seasonally and calendar adjusted, average 2010 prices, discrete quarter, as published; quarterly national accounts vintage -- see metadata"
2022-01-01,national,IMPORTS,импорт товаров и услуг,2708357.3913648846,"seasonally and calendar adjusted, average 2010 prices, discrete quarter, as published; quarterly national accounts vintage -- see metadata"
2022-04-01,national,IMPORTS,импорт товаров и услуг,2598861.4932109406,"seasonally and calendar adjusted, average 2010 prices, discrete quarter, as published; quarterly national accounts vintage -- see metadata"
2022-07-01,national,IMPORTS,импорт товаров и услуг,2742795.560934062,"seasonally and calendar adjusted, average 2010 prices, discrete quarter, as published; quarterly national accounts vintage -- see metadata"
2022-10-01,national,IMPORTS,импорт товаров и услуг,3003569.4938835613,"seasonally and calendar adjusted, average 2010 prices, discrete quarter, as published; quarterly national accounts vintage -- see metadata"
2023-01-01,national,IMPORTS,импорт товаров и услуг,3201923.2217012965,"seasonally and calendar adjusted, average 2010 prices, discrete quarter, as published; quarterly national accounts vintage -- see metadata"
2023-04-01,national,IMPORTS,импорт товаров и услуг,3202349.804838028,"seasonally and calendar adjusted, average 2010 prices, discrete quarter, as published; quarterly national accounts vintage -- see metadata"
2023-07-01,national,IMPORTS,импорт товаров и услуг,3180995.9978128443,"seasonally and calendar adjusted, average 2010 prices, discrete quarter, as published; quarterly national accounts vintage -- see metadata"
2023-10-01,national,IMPORTS,импорт товаров и услуг,3092157.7777011525,"seasonally and calendar adjusted, average 2010 prices, discrete quarter, as published; quarterly national accounts vintage -- see metadata"
2024-01-01,national,IMPORTS,импорт товаров и услуг,3129367.7756678215,"seasonally and calendar adjusted, average 2010 prices, discrete quarter, as published; quarterly national accounts vintage -- see metadata"
2024-04-01,national,IMPORTS,импорт товаров и услуг,3361849.2604383994,"seasonally and calendar adjusted, average 2010 prices, discrete quarter, as published; quarterly national accounts vintage -- see metadata"
2024-07-01,national,IMPORTS,импорт товаров и услуг,3278463.1090022647,"seasonally and calendar adjusted, average 2010 prices, discrete quarter, as published; quarterly national accounts vintage -- see metadata"
2024-10-01,national,IMPORTS,импорт товаров и услуг,3507976.6991880694,"seasonally and calendar adjusted, average 2010 prices, discrete quarter, as published; quarterly national accounts vintage -- see metadata"
2025-01-01,national,IMPORTS,импорт товаров и услуг,3532322.3397924607,"seasonally and calendar adjusted, average 2010 prices, discrete quarter, as published; quarterly national accounts vintage -- see metadata"
2025-04-01,national,IMPORTS,импорт товаров и услуг,3635596.554784731,"seasonally and calendar adjusted, average 2010 prices, discrete quarter, as published; quarterly national accounts vintage -- see metadata"
2025-07-01,national,IMPORTS,импорт товаров и услуг,3680968.9706334895,"seasonally and calendar adjusted, average 2010 prices, discrete quarter, as published; quarterly national accounts vintage -- see metadata"
2025-10-01,national,IMPORTS,импорт товаров и услуг,3767200.8823516383,"seasonally and calendar adjusted, average 2010 prices, discrete quarter, as published; quarterly national accounts vintage -- see metadata"
2026-01-01,national,IMPORTS,импорт товаров и услуг,3641149.260913253,"seasonally and calendar adjusted, average 2010 prices, discrete quarter, as published; quarterly national accounts vintage -- see metadata"
2010-01-01,national,INVENTORIES,изменение запасов материальных оборотных средств,90196.61218063155,"seasonally and calendar adjusted, average 2010 prices, discrete quarter, as published; quarterly national accounts vintage -- see metadata"
2010-04-01,national,INVENTORIES,изменение запасов материальных оборотных средств,113314.58950551534,"seasonally and calendar adjusted, average 2010 prices, discrete quarter, as published; quarterly national accounts vintage -- see metadata"
2010-07-01,national,INVENTORIES,изменение запасов материальных оборотных средств,109414.10029585673,"seasonally and calendar adjusted, average 2010 prices, discrete quarter, as published; quarterly national accounts vintage -- see metadata"
2010-10-01,national,INVENTORIES,изменение запасов материальных оборотных средств,117394.14594697414,"seasonally and calendar adjusted, average 2010 prices, discrete quarter, as published; quarterly national accounts vintage -- see metadata"
2011-01-01,national,INVENTORIES,изменение запасов материальных оборотных средств,113439.06310184894,"seasonally and calendar adjusted, average 2010 prices, discrete quarter, as published; quarterly national accounts vintage -- see metadata"
2011-04-01,national,INVENTORIES,изменение запасов материальных оборотных средств,117966.25600154034,"seasonally and calendar adjusted, average 2010 prices, discrete quarter, as published; quarterly national accounts vintage -- see metadata"
2011-07-01,national,INVENTORIES,изменение запасов материальных оборотных средств,124932.33929369788,"seasonally and calendar adjusted, average 2010 prices, discrete quarter, as published; quarterly national accounts vintage -- see metadata"
2011-10-01,national,INVENTORIES,изменение запасов материальных оборотных средств,134486.09654941186,"seasonally and calendar adjusted, average 2010 prices, discrete quarter, as published; quarterly national accounts vintage -- see metadata"
2012-01-01,national,INVENTORIES,изменение запасов материальных оборотных средств,143553.17925786047,"seasonally and calendar adjusted, average 2010 prices, discrete quarter, as published; quarterly national accounts vintage -- see metadata"
2012-04-01,national,INVENTORIES,изменение запасов материальных оборотных средств,152637.96090577325,"seasonally and calendar adjusted, average 2010 prices, discrete quarter, as published; quarterly national accounts vintage -- see metadata"
2012-07-01,national,INVENTORIES,изменение запасов материальных оборотных средств,168927.30192633645,"seasonally and calendar adjusted, average 2010 prices, discrete quarter, as published; quarterly national accounts vintage -- see metadata"
2012-10-01,national,INVENTORIES,изменение запасов материальных оборотных средств,190191.14420351075,"seasonally and calendar adjusted, average 2010 prices, discrete quarter, as published; quarterly national accounts vintage -- see metadata"
2013-01-01,national,INVENTORIES,изменение запасов материальных оборотных средств,166378.2533957798,"seasonally and calendar adjusted, average 2010 prices, discrete quarter, as published; quarterly national accounts vintage -- see metadata"
2013-04-01,national,INVENTORIES,изменение запасов материальных оборотных средств,193162.21766875993,"seasonally and calendar adjusted, average 2010 prices, discrete quarter, as published; quarterly national accounts vintage -- see metadata"
2013-07-01,national,INVENTORIES,изменение запасов материальных оборотных средств,198673.91619015232,"seasonally and calendar adjusted, average 2010 prices, discrete quarter, as published; quarterly national accounts vintage -- see metadata"
2013-10-01,national,INVENTORIES,изменение запасов материальных оборотных средств,214524.46513279137,"seasonally and calendar adjusted, average 2010 prices, discrete quarter, as published; quarterly national accounts vintage -- see metadata"
2014-01-01,national,INVENTORIES,изменение запасов материальных оборотных средств,235272.0285457201,"seasonally and calendar adjusted, average 2010 prices, discrete quarter, as published; quarterly national accounts vintage -- see metadata"
2014-04-01,national,INVENTORIES,изменение запасов материальных оборотных средств,264290.50241491036,"seasonally and calendar adjusted, average 2010 prices, discrete quarter, as published; quarterly national accounts vintage -- see metadata"
2014-07-01,national,INVENTORIES,изменение запасов материальных оборотных средств,284073.4108457802,"seasonally and calendar adjusted, average 2010 prices, discrete quarter, as published; quarterly national accounts vintage -- see metadata"
2014-10-01,national,INVENTORIES,изменение запасов материальных оборотных средств,291618.8041927087,"seasonally and calendar adjusted, average 2010 prices, discrete quarter, as published; quarterly national accounts vintage -- see metadata"
2015-01-01,national,INVENTORIES,изменение запасов материальных оборотных средств,293402.3859713444,"seasonally and calendar adjusted, average 2010 prices, discrete quarter, as published; quarterly national accounts vintage -- see metadata"
2015-04-01,national,INVENTORIES,изменение запасов материальных оборотных средств,304545.52812421654,"seasonally and calendar adjusted, average 2010 prices, discrete quarter, as published; quarterly national accounts vintage -- see metadata"
2015-07-01,national,INVENTORIES,изменение запасов материальных оборотных средств,304848.63016052084,"seasonally and calendar adjusted, average 2010 prices, discrete quarter, as published; quarterly national accounts vintage -- see metadata"
2015-10-01,national,INVENTORIES,изменение запасов материальных оборотных средств,281314.7000895026,"seasonally and calendar adjusted, average 2010 prices, discrete quarter, as published; quarterly national accounts vintage -- see metadata"
2016-01-01,national,INVENTORIES,изменение запасов материальных оборотных средств,280663.65185052727,"seasonally and calendar adjusted, average 2010 prices, discrete quarter, as published; quarterly national accounts vintage -- see metadata"
2016-04-01,national,INVENTORIES,изменение запасов материальных оборотных средств,307102.9466031103,"seasonally and calendar adjusted, average 2010 prices, discrete quarter, as published; quarterly national accounts vintage -- see metadata"
2016-07-01,national,INVENTORIES,изменение запасов материальных оборотных средств,322212.40579613094,"seasonally and calendar adjusted, average 2010 prices, discrete quarter, as published; quarterly national accounts vintage -- see metadata"
2016-10-01,national,INVENTORIES,изменение запасов материальных оборотных средств,285087.6419870925,"seasonally and calendar adjusted, average 2010 prices, discrete quarter, as published; quarterly national accounts vintage -- see metadata"
2017-01-01,national,INVENTORIES,изменение запасов материальных оборотных средств,315714.8144314004,"seasonally and calendar adjusted, average 2010 prices, discrete quarter, as published; quarterly national accounts vintage -- see metadata"
2017-04-01,national,INVENTORIES,изменение запасов материальных оборотных средств,325796.3956723791,"seasonally and calendar adjusted, average 2010 prices, discrete quarter, as published; quarterly national accounts vintage -- see metadata"
2017-07-01,national,INVENTORIES,изменение запасов материальных оборотных средств,284990.55049352936,"seasonally and calendar adjusted, average 2010 prices, discrete quarter, as published; quarterly national accounts vintage -- see metadata"
2017-10-01,national,INVENTORIES,изменение запасов материальных оборотных средств,279865.7685636644,"seasonally and calendar adjusted, average 2010 prices, discrete quarter, as published; quarterly national accounts vintage -- see metadata"
2018-01-01,national,INVENTORIES,изменение запасов материальных оборотных средств,270893.9539788249,"seasonally and calendar adjusted, average 2010 prices, discrete quarter, as published; quarterly national accounts vintage -- see metadata"
2018-04-01,national,INVENTORIES,изменение запасов материальных оборотных средств,278153.1165381442,"seasonally and calendar adjusted, average 2010 prices, discrete quarter, as published; quarterly national accounts vintage -- see metadata"
2018-07-01,national,INVENTORIES,изменение запасов материальных оборотных средств,282193.49757678685,"seasonally and calendar adjusted, average 2010 prices, discrete quarter, as published; quarterly national accounts vintage -- see metadata"
2018-10-01,national,INVENTORIES,изменение запасов материальных оборотных средств,266398.7274902668,"seasonally and calendar adjusted, average 2010 prices, discrete quarter, as published; quarterly national accounts vintage -- see metadata"
2019-01-01,national,INVENTORIES,изменение запасов материальных оборотных средств,304068.072830624,"seasonally and calendar adjusted, average 2010 prices, discrete quarter, as published; quarterly national accounts vintage -- see metadata"
2019-04-01,national,INVENTORIES,изменение запасов материальных оборотных средств,275789.6420887676,"seasonally and calendar adjusted, average 2010 prices, discrete quarter, as published; quarterly national accounts vintage -- see metadata"
2019-07-01,national,INVENTORIES,изменение запасов материальных оборотных средств,273081.5461262309,"seasonally and calendar adjusted, average 2010 prices, discrete quarter, as published; quarterly national accounts vintage -- see metadata"
2019-10-01,national,INVENTORIES,изменение запасов материальных оборотных средств,274670.503057764,"seasonally and calendar adjusted, average 2010 prices, discrete quarter, as published; quarterly national accounts vintage -- see metadata"
2020-01-01,national,INVENTORIES,изменение запасов материальных оборотных средств,304797.9063582552,"seasonally and calendar adjusted, average 2010 prices, discrete quarter, as published; quarterly national accounts vintage -- see metadata"
2020-04-01,national,INVENTORIES,изменение запасов материальных оборотных средств,272914.5557145206,"seasonally and calendar adjusted, average 2010 prices, discrete quarter, as published; quarterly national accounts vintage -- see metadata"
2020-07-01,national,INVENTORIES,изменение запасов материальных оборотных средств,282754.2016506381,"seasonally and calendar adjusted, average 2010 prices, discrete quarter, as published; quarterly national accounts vintage -- see metadata"
2020-10-01,national,INVENTORIES,изменение запасов материальных оборотных средств,255040.8322631582,"seasonally and calendar adjusted, average 2010 prices, discrete quarter, as published; quarterly national accounts vintage -- see metadata"
2021-01-01,national,INVENTORIES,изменение запасов материальных оборотных средств,256695.11656572163,"seasonally and calendar adjusted, average 2010 prices, discrete quarter, as published; quarterly national accounts vintage -- see metadata"
2021-04-01,national,INVENTORIES,изменение запасов материальных оборотных средств,235166.8753235781,"seasonally and calendar adjusted, average 2010 prices, discrete quarter, as published; quarterly national accounts vintage -- see metadata"
2021-07-01,national,INVENTORIES,изменение запасов материальных оборотных средств,234324.52397419335,"seasonally and calendar adjusted, average 2010 prices, discrete quarter, as published; quarterly national accounts vintage -- see metadata"
2021-10-01,national,INVENTORIES,изменение запасов материальных оборотных средств,237794.405826364,"seasonally and calendar adjusted, average 2010 prices, discrete quarter, as published; quarterly national accounts vintage -- see metadata"
2022-01-01,national,INVENTORIES,изменение запасов материальных оборотных средств,240478.45099337533,"seasonally and calendar adjusted, average 2010 prices, discrete quarter, as published; quarterly national accounts vintage -- see metadata"
2022-04-01,national,INVENTORIES,изменение запасов материальных оборотных средств,214405.71145523325,"seasonally and calendar adjusted, average 2010 prices, discrete quarter, as published; quarterly national accounts vintage -- see metadata"
2022-07-01,national,INVENTORIES,изменение запасов материальных оборотных средств,214600.6847216876,"seasonally and calendar adjusted, average 2010 prices, discrete quarter, as published; quarterly national accounts vintage -- see metadata"
2022-10-01,national,INVENTORIES,изменение запасов материальных оборотных средств,214312.10379637103,"seasonally and calendar adjusted, average 2010 prices, discrete quarter, as published; quarterly national accounts vintage -- see metadata"
2023-01-01,national,INVENTORIES,изменение запасов материальных оборотных средств,229980.97078521436,"seasonally and calendar adjusted, average 2010 prices, discrete quarter, as published; quarterly national accounts vintage -- see metadata"
2023-04-01,national,INVENTORIES,изменение запасов материальных оборотных средств,246053.7869010977,"seasonally and calendar adjusted, average 2010 prices, discrete quarter, as published; quarterly national accounts vintage -- see metadata"
2023-07-01,national,INVENTORIES,изменение запасов материальных оборотных средств,251231.76600248658,"seasonally and calendar adjusted, average 2010 prices, discrete quarter, as published; quarterly national accounts vintage -- see metadata"
2023-10-01,national,INVENTORIES,изменение запасов материальных оборотных средств,254631.8888351687,"seasonally and calendar adjusted, average 2010 prices, discrete quarter, as published; quarterly national accounts vintage -- see metadata"
2024-01-01,national,INVENTORIES,изменение запасов материальных оборотных средств,236238.75989622922,"seasonally and calendar adjusted, average 2010 prices, discrete quarter, as published; quarterly national accounts vintage -- see metadata"
2024-04-01,national,INVENTORIES,изменение запасов материальных оборотных средств,220869.98861396243,"seasonally and calendar adjusted, average 2010 prices, discrete quarter, as published; quarterly national accounts vintage -- see metadata"
2024-07-01,national,INVENTORIES,изменение запасов материальных оборотных средств,216048.8789690505,"seasonally and calendar adjusted, average 2010 prices, discrete quarter, as published; quarterly national accounts vintage -- see metadata"
2024-10-01,national,INVENTORIES,изменение запасов материальных оборотных средств,287139.0199691977,"seasonally and calendar adjusted, average 2010 prices, discrete quarter, as published; quarterly national accounts vintage -- see metadata"
2025-01-01,national,INVENTORIES,изменение запасов материальных оборотных средств,301325.44613918394,"seasonally and calendar adjusted, average 2010 prices, discrete quarter, as published; quarterly national accounts vintage -- see metadata"
2025-04-01,national,INVENTORIES,изменение запасов материальных оборотных средств,327016.4639895631,"seasonally and calendar adjusted, average 2010 prices, discrete quarter, as published; quarterly national accounts vintage -- see metadata"
2025-07-01,national,INVENTORIES,изменение запасов материальных оборотных средств,302556.9453837902,"seasonally and calendar adjusted, average 2010 prices, discrete quarter, as published; quarterly national accounts vintage -- see metadata"
2025-10-01,national,INVENTORIES,изменение запасов материальных оборотных средств,308844.1163433985,"seasonally and calendar adjusted, average 2010 prices, discrete quarter, as published; quarterly national accounts vintage -- see metadata"
2026-01-01,national,INVENTORIES,изменение запасов материальных оборотных средств,303885.6608846972,"seasonally and calendar adjusted, average 2010 prices, discrete quarter, as published; quarterly national accounts vintage -- see metadata"
2010-01-01,national,NPISH,"некоммерческих организаций, обслуживающих домашние хозяйства",33982.74335397718,"seasonally and calendar adjusted, average 2010 prices, discrete quarter, as published; quarterly national accounts vintage -- see metadata"
2010-04-01,national,NPISH,"некоммерческих организаций, обслуживающих домашние хозяйства",34685.729548914955,"seasonally and calendar adjusted, average 2010 prices, discrete quarter, as published; quarterly national accounts vintage -- see metadata"
2010-07-01,national,NPISH,"некоммерческих организаций, обслуживающих домашние хозяйства",37494.11883130347,"seasonally and calendar adjusted, average 2010 prices, discrete quarter, as published; quarterly national accounts vintage -- see metadata"
2010-10-01,national,NPISH,"некоммерческих организаций, обслуживающих домашние хозяйства",36166.176126305516,"seasonally and calendar adjusted, average 2010 prices, discrete quarter, as published; quarterly national accounts vintage -- see metadata"
2011-01-01,national,NPISH,"некоммерческих организаций, обслуживающих домашние хозяйства",37344.212388974775,"seasonally and calendar adjusted, average 2010 prices, discrete quarter, as published; quarterly national accounts vintage -- see metadata"
2011-04-01,national,NPISH,"некоммерческих организаций, обслуживающих домашние хозяйства",40300.314352906236,"seasonally and calendar adjusted, average 2010 prices, discrete quarter, as published; quarterly national accounts vintage -- see metadata"
2011-07-01,national,NPISH,"некоммерческих организаций, обслуживающих домашние хозяйства",38647.234651581035,"seasonally and calendar adjusted, average 2010 prices, discrete quarter, as published; quarterly national accounts vintage -- see metadata"
2011-10-01,national,NPISH,"некоммерческих организаций, обслуживающих домашние хозяйства",45382.46570236239,"seasonally and calendar adjusted, average 2010 prices, discrete quarter, as published; quarterly national accounts vintage -- see metadata"
2012-01-01,national,NPISH,"некоммерческих организаций, обслуживающих домашние хозяйства",46220.019966480235,"seasonally and calendar adjusted, average 2010 prices, discrete quarter, as published; quarterly national accounts vintage -- see metadata"
2012-04-01,national,NPISH,"некоммерческих организаций, обслуживающих домашние хозяйства",43243.629877835534,"seasonally and calendar adjusted, average 2010 prices, discrete quarter, as published; quarterly national accounts vintage -- see metadata"
2012-07-01,national,NPISH,"некоммерческих организаций, обслуживающих домашние хозяйства",41375.774914275484,"seasonally and calendar adjusted, average 2010 prices, discrete quarter, as published; quarterly national accounts vintage -- see metadata"
2012-10-01,national,NPISH,"некоммерческих организаций, обслуживающих домашние хозяйства",41248.80719953811,"seasonally and calendar adjusted, average 2010 prices, discrete quarter, as published; quarterly national accounts vintage -- see metadata"
2013-01-01,national,NPISH,"некоммерческих организаций, обслуживающих домашние хозяйства",42098.42339785422,"seasonally and calendar adjusted, average 2010 prices, discrete quarter, as published; quarterly national accounts vintage -- see metadata"
2013-04-01,national,NPISH,"некоммерческих организаций, обслуживающих домашние хозяйства",40574.86852466461,"seasonally and calendar adjusted, average 2010 prices, discrete quarter, as published; quarterly national accounts vintage -- see metadata"
2013-07-01,national,NPISH,"некоммерческих организаций, обслуживающих домашние хозяйства",39715.668206537826,"seasonally and calendar adjusted, average 2010 prices, discrete quarter, as published; quarterly national accounts vintage -- see metadata"
2013-10-01,national,NPISH,"некоммерческих организаций, обслуживающих домашние хозяйства",40671.97761166127,"seasonally and calendar adjusted, average 2010 prices, discrete quarter, as published; quarterly national accounts vintage -- see metadata"
2014-01-01,national,NPISH,"некоммерческих организаций, обслуживающих домашние хозяйства",45298.376759494684,"seasonally and calendar adjusted, average 2010 prices, discrete quarter, as published; quarterly national accounts vintage -- see metadata"
2014-04-01,national,NPISH,"некоммерческих организаций, обслуживающих домашние хозяйства",51686.36436740691,"seasonally and calendar adjusted, average 2010 prices, discrete quarter, as published; quarterly national accounts vintage -- see metadata"
2014-07-01,national,NPISH,"некоммерческих организаций, обслуживающих домашние хозяйства",56540.393517358076,"seasonally and calendar adjusted, average 2010 prices, discrete quarter, as published; quarterly national accounts vintage -- see metadata"
2014-10-01,national,NPISH,"некоммерческих организаций, обслуживающих домашние хозяйства",58459.845177714094,"seasonally and calendar adjusted, average 2010 prices, discrete quarter, as published; quarterly national accounts vintage -- see metadata"
2015-01-01,national,NPISH,"некоммерческих организаций, обслуживающих домашние хозяйства",40375.49282555331,"seasonally and calendar adjusted, average 2010 prices, discrete quarter, as published; quarterly national accounts vintage -- see metadata"
2015-04-01,national,NPISH,"некоммерческих организаций, обслуживающих домашние хозяйства",43792.861826138236,"seasonally and calendar adjusted, average 2010 prices, discrete quarter, as published; quarterly national accounts vintage -- see metadata"
2015-07-01,national,NPISH,"некоммерческих организаций, обслуживающих домашние хозяйства",44246.8910234703,"seasonally and calendar adjusted, average 2010 prices, discrete quarter, as published; quarterly national accounts vintage -- see metadata"
2015-10-01,national,NPISH,"некоммерческих организаций, обслуживающих домашние хозяйства",42575.48203048965,"seasonally and calendar adjusted, average 2010 prices, discrete quarter, as published; quarterly national accounts vintage -- see metadata"
2016-01-01,national,NPISH,"некоммерческих организаций, обслуживающих домашние хозяйства",36784.30417208567,"seasonally and calendar adjusted, average 2010 prices, discrete quarter, as published; quarterly national accounts vintage -- see metadata"
2016-04-01,national,NPISH,"некоммерческих организаций, обслуживающих домашние хозяйства",37512.87047362707,"seasonally and calendar adjusted, average 2010 prices, discrete quarter, as published; quarterly national accounts vintage -- see metadata"
2016-07-01,national,NPISH,"некоммерческих организаций, обслуживающих домашние хозяйства",36651.04227148178,"seasonally and calendar adjusted, average 2010 prices, discrete quarter, as published; quarterly national accounts vintage -- see metadata"
2016-10-01,national,NPISH,"некоммерческих организаций, обслуживающих домашние хозяйства",36866.21455046056,"seasonally and calendar adjusted, average 2010 prices, discrete quarter, as published; quarterly national accounts vintage -- see metadata"
2017-01-01,national,NPISH,"некоммерческих организаций, обслуживающих домашние хозяйства",37386.4597142128,"seasonally and calendar adjusted, average 2010 prices, discrete quarter, as published; quarterly national accounts vintage -- see metadata"
2017-04-01,national,NPISH,"некоммерческих организаций, обслуживающих домашние хозяйства",35591.834455814635,"seasonally and calendar adjusted, average 2010 prices, discrete quarter, as published; quarterly national accounts vintage -- see metadata"
2017-07-01,national,NPISH,"некоммерческих организаций, обслуживающих домашние хозяйства",32558.935760317407,"seasonally and calendar adjusted, average 2010 prices, discrete quarter, as published; quarterly national accounts vintage -- see metadata"
2017-10-01,national,NPISH,"некоммерческих организаций, обслуживающих домашние хозяйства",32194.528235619575,"seasonally and calendar adjusted, average 2010 prices, discrete quarter, as published; quarterly national accounts vintage -- see metadata"
2018-01-01,national,NPISH,"некоммерческих организаций, обслуживающих домашние хозяйства",32290.758852626626,"seasonally and calendar adjusted, average 2010 prices, discrete quarter, as published; quarterly national accounts vintage -- see metadata"
2018-04-01,national,NPISH,"некоммерческих организаций, обслуживающих домашние хозяйства",33277.74474301126,"seasonally and calendar adjusted, average 2010 prices, discrete quarter, as published; quarterly national accounts vintage -- see metadata"
2018-07-01,national,NPISH,"некоммерческих организаций, обслуживающих домашние хозяйства",33100.83584032595,"seasonally and calendar adjusted, average 2010 prices, discrete quarter, as published; quarterly national accounts vintage -- see metadata"
2018-10-01,national,NPISH,"некоммерческих организаций, обслуживающих домашние хозяйства",32636.54608577927,"seasonally and calendar adjusted, average 2010 prices, discrete quarter, as published; quarterly national accounts vintage -- see metadata"
2019-01-01,national,NPISH,"некоммерческих организаций, обслуживающих домашние хозяйства",37007.50445197845,"seasonally and calendar adjusted, average 2010 prices, discrete quarter, as published; quarterly national accounts vintage -- see metadata"
2019-04-01,national,NPISH,"некоммерческих организаций, обслуживающих домашние хозяйства",38426.88821246353,"seasonally and calendar adjusted, average 2010 prices, discrete quarter, as published; quarterly national accounts vintage -- see metadata"
2019-07-01,national,NPISH,"некоммерческих организаций, обслуживающих домашние хозяйства",37192.42851955784,"seasonally and calendar adjusted, average 2010 prices, discrete quarter, as published; quarterly national accounts vintage -- see metadata"
2019-10-01,national,NPISH,"некоммерческих организаций, обслуживающих домашние хозяйства",38818.16470924257,"seasonally and calendar adjusted, average 2010 prices, discrete quarter, as published; quarterly national accounts vintage -- see metadata"
2020-01-01,national,NPISH,"некоммерческих организаций, обслуживающих домашние хозяйства",37016.09871173756,"seasonally and calendar adjusted, average 2010 prices, discrete quarter, as published; quarterly national accounts vintage -- see metadata"
2020-04-01,national,NPISH,"некоммерческих организаций, обслуживающих домашние хозяйства",34772.003907042126,"seasonally and calendar adjusted, average 2010 prices, discrete quarter, as published; quarterly national accounts vintage -- see metadata"
2020-07-01,national,NPISH,"некоммерческих организаций, обслуживающих домашние хозяйства",37169.40850344307,"seasonally and calendar adjusted, average 2010 prices, discrete quarter, as published; quarterly national accounts vintage -- see metadata"
2020-10-01,national,NPISH,"некоммерческих организаций, обслуживающих домашние хозяйства",35952.12781410416,"seasonally and calendar adjusted, average 2010 prices, discrete quarter, as published; quarterly national accounts vintage -- see metadata"
2021-01-01,national,NPISH,"некоммерческих организаций, обслуживающих домашние хозяйства",36114.994927529595,"seasonally and calendar adjusted, average 2010 prices, discrete quarter, as published; quarterly national accounts vintage -- see metadata"
2021-04-01,national,NPISH,"некоммерческих организаций, обслуживающих домашние хозяйства",34069.33842954633,"seasonally and calendar adjusted, average 2010 prices, discrete quarter, as published; quarterly national accounts vintage -- see metadata"
2021-07-01,national,NPISH,"некоммерческих организаций, обслуживающих домашние хозяйства",34712.45978331576,"seasonally and calendar adjusted, average 2010 prices, discrete quarter, as published; quarterly national accounts vintage -- see metadata"
2021-10-01,national,NPISH,"некоммерческих организаций, обслуживающих домашние хозяйства",35648.27343397174,"seasonally and calendar adjusted, average 2010 prices, discrete quarter, as published; quarterly national accounts vintage -- see metadata"
2022-01-01,national,NPISH,"некоммерческих организаций, обслуживающих домашние хозяйства",35039.27246172098,"seasonally and calendar adjusted, average 2010 prices, discrete quarter, as published; quarterly national accounts vintage -- see metadata"
2022-04-01,national,NPISH,"некоммерческих организаций, обслуживающих домашние хозяйства",35626.06946641736,"seasonally and calendar adjusted, average 2010 prices, discrete quarter, as published; quarterly national accounts vintage -- see metadata"
2022-07-01,national,NPISH,"некоммерческих организаций, обслуживающих домашние хозяйства",34854.36416123528,"seasonally and calendar adjusted, average 2010 prices, discrete quarter, as published; quarterly national accounts vintage -- see metadata"
2022-10-01,national,NPISH,"некоммерческих организаций, обслуживающих домашние хозяйства",33311.30502917608,"seasonally and calendar adjusted, average 2010 prices, discrete quarter, as published; quarterly national accounts vintage -- see metadata"
2023-01-01,national,NPISH,"некоммерческих организаций, обслуживающих домашние хозяйства",35011.21154656285,"seasonally and calendar adjusted, average 2010 prices, discrete quarter, as published; quarterly national accounts vintage -- see metadata"
2023-04-01,national,NPISH,"некоммерческих организаций, обслуживающих домашние хозяйства",36120.67976441591,"seasonally and calendar adjusted, average 2010 prices, discrete quarter, as published; quarterly national accounts vintage -- see metadata"
2023-07-01,national,NPISH,"некоммерческих организаций, обслуживающих домашние хозяйства",32929.60514835275,"seasonally and calendar adjusted, average 2010 prices, discrete quarter, as published; quarterly national accounts vintage -- see metadata"
2023-10-01,national,NPISH,"некоммерческих организаций, обслуживающих домашние хозяйства",30817.085975790586,"seasonally and calendar adjusted, average 2010 prices, discrete quarter, as published; quarterly national accounts vintage -- see metadata"
2024-01-01,national,NPISH,"некоммерческих организаций, обслуживающих домашние хозяйства",26224.09385485451,"seasonally and calendar adjusted, average 2010 prices, discrete quarter, as published; quarterly national accounts vintage -- see metadata"
2024-04-01,national,NPISH,"некоммерческих организаций, обслуживающих домашние хозяйства",25912.342399818765,"seasonally and calendar adjusted, average 2010 prices, discrete quarter, as published; quarterly national accounts vintage -- see metadata"
2024-07-01,national,NPISH,"некоммерческих организаций, обслуживающих домашние хозяйства",27716.92999532871,"seasonally and calendar adjusted, average 2010 prices, discrete quarter, as published; quarterly national accounts vintage -- see metadata"
2024-10-01,national,NPISH,"некоммерческих организаций, обслуживающих домашние хозяйства",30002.967155268543,"seasonally and calendar adjusted, average 2010 prices, discrete quarter, as published; quarterly national accounts vintage -- see metadata"
2025-01-01,national,NPISH,"некоммерческих организаций, обслуживающих домашние хозяйства",31295.72985183342,"seasonally and calendar adjusted, average 2010 prices, discrete quarter, as published; quarterly national accounts vintage -- see metadata"
2025-04-01,national,NPISH,"некоммерческих организаций, обслуживающих домашние хозяйства",30061.8526454031,"seasonally and calendar adjusted, average 2010 prices, discrete quarter, as published; quarterly national accounts vintage -- see metadata"
2025-07-01,national,NPISH,"некоммерческих организаций, обслуживающих домашние хозяйства",26540.406869046215,"seasonally and calendar adjusted, average 2010 prices, discrete quarter, as published; quarterly national accounts vintage -- see metadata"
2025-10-01,national,NPISH,"некоммерческих организаций, обслуживающих домашние хозяйства",28321.40610699842,"seasonally and calendar adjusted, average 2010 prices, discrete quarter, as published; quarterly national accounts vintage -- see metadata"
2026-01-01,national,NPISH,"некоммерческих организаций, обслуживающих домашние хозяйства",26628.605233088292,"seasonally and calendar adjusted, average 2010 prices, discrete quarter, as published; quarterly national accounts vintage -- see metadata"
2010-01-01,national,VALUABLES,приобретение минус выбытие ценностей,291.12950324672283,"seasonally and calendar adjusted, average 2010 prices, discrete quarter, as published; quarterly national accounts vintage -- see metadata"
2010-04-01,national,VALUABLES,приобретение минус выбытие ценностей,320.32947264725124,"seasonally and calendar adjusted, average 2010 prices, discrete quarter, as published; quarterly national accounts vintage -- see metadata"
2010-07-01,national,VALUABLES,приобретение минус выбытие ценностей,387.7736750635104,"seasonally and calendar adjusted, average 2010 prices, discrete quarter, as published; quarterly national accounts vintage -- see metadata"
2010-10-01,national,VALUABLES,приобретение минус выбытие ценностей,601.8144323639815,"seasonally and calendar adjusted, average 2010 prices, discrete quarter, as published; quarterly national accounts vintage -- see metadata"
2011-01-01,national,VALUABLES,приобретение минус выбытие ценностей,597.9544849982816,"seasonally and calendar adjusted, average 2010 prices, discrete quarter, as published; quarterly national accounts vintage -- see metadata"
2011-04-01,national,VALUABLES,приобретение минус выбытие ценностей,588.2228085330054,"seasonally and calendar adjusted, average 2010 prices, discrete quarter, as published; quarterly national accounts vintage -- see metadata"
2011-07-01,national,VALUABLES,приобретение минус выбытие ценностей,589.8197919031478,"seasonally and calendar adjusted, average 2010 prices, discrete quarter, as published; quarterly national accounts vintage -- see metadata"
2011-10-01,national,VALUABLES,приобретение минус выбытие ценностей,515.619130338417,"seasonally and calendar adjusted, average 2010 prices, discrete quarter, as published; quarterly national accounts vintage -- see metadata"
2012-01-01,national,VALUABLES,приобретение минус выбытие ценностей,512.5897500194942,"seasonally and calendar adjusted, average 2010 prices, discrete quarter, as published; quarterly national accounts vintage -- see metadata"
2012-04-01,national,VALUABLES,приобретение минус выбытие ценностей,486.74369097637816,"seasonally and calendar adjusted, average 2010 prices, discrete quarter, as published; quarterly national accounts vintage -- see metadata"
2012-07-01,national,VALUABLES,приобретение минус выбытие ценностей,423.14391877210716,"seasonally and calendar adjusted, average 2010 prices, discrete quarter, as published; quarterly national accounts vintage -- see metadata"
2012-10-01,national,VALUABLES,приобретение минус выбытие ценностей,377.80267124714914,"seasonally and calendar adjusted, average 2010 prices, discrete quarter, as published; quarterly national accounts vintage -- see metadata"
2013-01-01,national,VALUABLES,приобретение минус выбытие ценностей,468.64607714846846,"seasonally and calendar adjusted, average 2010 prices, discrete quarter, as published; quarterly national accounts vintage -- see metadata"
2013-04-01,national,VALUABLES,приобретение минус выбытие ценностей,665.1369450434953,"seasonally and calendar adjusted, average 2010 prices, discrete quarter, as published; quarterly national accounts vintage -- see metadata"
2013-07-01,national,VALUABLES,приобретение минус выбытие ценностей,591.7296797653518,"seasonally and calendar adjusted, average 2010 prices, discrete quarter, as published; quarterly national accounts vintage -- see metadata"
2013-10-01,national,VALUABLES,приобретение минус выбытие ценностей,605.7322967512572,"seasonally and calendar adjusted, average 2010 prices, discrete quarter, as published; quarterly national accounts vintage -- see metadata"
2014-01-01,national,VALUABLES,приобретение минус выбытие ценностей,584.0868598247323,"seasonally and calendar adjusted, average 2010 prices, discrete quarter, as published; quarterly national accounts vintage -- see metadata"
2014-04-01,national,VALUABLES,приобретение минус выбытие ценностей,554.1995406354467,"seasonally and calendar adjusted, average 2010 prices, discrete quarter, as published; quarterly national accounts vintage -- see metadata"
2014-07-01,national,VALUABLES,приобретение минус выбытие ценностей,517.8951174392197,"seasonally and calendar adjusted, average 2010 prices, discrete quarter, as published; quarterly national accounts vintage -- see metadata"
2014-10-01,national,VALUABLES,приобретение минус выбытие ценностей,537.415358721932,"seasonally and calendar adjusted, average 2010 prices, discrete quarter, as published; quarterly national accounts vintage -- see metadata"
2015-01-01,national,VALUABLES,приобретение минус выбытие ценностей,475.9722334994132,"seasonally and calendar adjusted, average 2010 prices, discrete quarter, as published; quarterly national accounts vintage -- see metadata"
2015-04-01,national,VALUABLES,приобретение минус выбытие ценностей,425.00476023014465,"seasonally and calendar adjusted, average 2010 prices, discrete quarter, as published; quarterly national accounts vintage -- see metadata"
2015-07-01,national,VALUABLES,приобретение минус выбытие ценностей,499.0552341764891,"seasonally and calendar adjusted, average 2010 prices, discrete quarter, as published; quarterly national accounts vintage -- see metadata"
2015-10-01,national,VALUABLES,приобретение минус выбытие ценностей,329.70751475210915,"seasonally and calendar adjusted, average 2010 prices, discrete quarter, as published; quarterly national accounts vintage -- see metadata"
2016-01-01,national,VALUABLES,приобретение минус выбытие ценностей,288.486199188577,"seasonally and calendar adjusted, average 2010 prices, discrete quarter, as published; quarterly national accounts vintage -- see metadata"
2016-04-01,national,VALUABLES,приобретение минус выбытие ценностей,275.15780590523826,"seasonally and calendar adjusted, average 2010 prices, discrete quarter, as published; quarterly national accounts vintage -- see metadata"
2016-07-01,national,VALUABLES,приобретение минус выбытие ценностей,291.2337286303673,"seasonally and calendar adjusted, average 2010 prices, discrete quarter, as published; quarterly national accounts vintage -- see metadata"
2016-10-01,national,VALUABLES,приобретение минус выбытие ценностей,273.4406753237121,"seasonally and calendar adjusted, average 2010 prices, discrete quarter, as published; quarterly national accounts vintage -- see metadata"
2017-01-01,national,VALUABLES,приобретение минус выбытие ценностей,286.93058659211215,"seasonally and calendar adjusted, average 2010 prices, discrete quarter, as published; quarterly national accounts vintage -- see metadata"
2017-04-01,national,VALUABLES,приобретение минус выбытие ценностей,284.039335840694,"seasonally and calendar adjusted, average 2010 prices, discrete quarter, as published; quarterly national accounts vintage -- see metadata"
2017-07-01,national,VALUABLES,приобретение минус выбытие ценностей,287.6259424407342,"seasonally and calendar adjusted, average 2010 prices, discrete quarter, as published; quarterly national accounts vintage -- see metadata"
2017-10-01,national,VALUABLES,приобретение минус выбытие ценностей,332.25639400205336,"seasonally and calendar adjusted, average 2010 prices, discrete quarter, as published; quarterly national accounts vintage -- see metadata"
2018-01-01,national,VALUABLES,приобретение минус выбытие ценностей,359.54555318716336,"seasonally and calendar adjusted, average 2010 prices, discrete quarter, as published; quarterly national accounts vintage -- see metadata"
2018-04-01,national,VALUABLES,приобретение минус выбытие ценностей,433.55627742523933,"seasonally and calendar adjusted, average 2010 prices, discrete quarter, as published; quarterly national accounts vintage -- see metadata"
2018-07-01,national,VALUABLES,приобретение минус выбытие ценностей,535.3209100021328,"seasonally and calendar adjusted, average 2010 prices, discrete quarter, as published; quarterly national accounts vintage -- see metadata"
2018-10-01,national,VALUABLES,приобретение минус выбытие ценностей,570.1712702023823,"seasonally and calendar adjusted, average 2010 prices, discrete quarter, as published; quarterly national accounts vintage -- see metadata"
2019-01-01,national,VALUABLES,приобретение минус выбытие ценностей,593.8951244965847,"seasonally and calendar adjusted, average 2010 prices, discrete quarter, as published; quarterly national accounts vintage -- see metadata"
2019-04-01,national,VALUABLES,приобретение минус выбытие ценностей,779.0640654613289,"seasonally and calendar adjusted, average 2010 prices, discrete quarter, as published; quarterly national accounts vintage -- see metadata"
2019-07-01,national,VALUABLES,приобретение минус выбытие ценностей,910.1257742639531,"seasonally and calendar adjusted, average 2010 prices, discrete quarter, as published; quarterly national accounts vintage -- see metadata"
2019-10-01,national,VALUABLES,приобретение минус выбытие ценностей,1242.0773734538514,"seasonally and calendar adjusted, average 2010 prices, discrete quarter, as published; quarterly national accounts vintage -- see metadata"
2020-01-01,national,VALUABLES,приобретение минус выбытие ценностей,1488.6598898934878,"seasonally and calendar adjusted, average 2010 prices, discrete quarter, as published; quarterly national accounts vintage -- see metadata"
2020-04-01,national,VALUABLES,приобретение минус выбытие ценностей,1437.8947781513561,"seasonally and calendar adjusted, average 2010 prices, discrete quarter, as published; quarterly national accounts vintage -- see metadata"
2020-07-01,national,VALUABLES,приобретение минус выбытие ценностей,1512.6735355434066,"seasonally and calendar adjusted, average 2010 prices, discrete quarter, as published; quarterly national accounts vintage -- see metadata"
2020-10-01,national,VALUABLES,приобретение минус выбытие ценностей,1823.8114115570195,"seasonally and calendar adjusted, average 2010 prices, discrete quarter, as published; quarterly national accounts vintage -- see metadata"
2021-01-01,national,VALUABLES,приобретение минус выбытие ценностей,2078.9708748939793,"seasonally and calendar adjusted, average 2010 prices, discrete quarter, as published; quarterly national accounts vintage -- see metadata"
2021-04-01,national,VALUABLES,приобретение минус выбытие ценностей,2031.2747264272987,"seasonally and calendar adjusted, average 2010 prices, discrete quarter, as published; quarterly national accounts vintage -- see metadata"
2021-07-01,national,VALUABLES,приобретение минус выбытие ценностей,1933.6649167821565,"seasonally and calendar adjusted, average 2010 prices, discrete quarter, as published; quarterly national accounts vintage -- see metadata"
2021-10-01,national,VALUABLES,приобретение минус выбытие ценностей,1891.9124833826595,"seasonally and calendar adjusted, average 2010 prices, discrete quarter, as published; quarterly national accounts vintage -- see metadata"
2022-01-01,national,VALUABLES,приобретение минус выбытие ценностей,1753.9016212128404,"seasonally and calendar adjusted, average 2010 prices, discrete quarter, as published; quarterly national accounts vintage -- see metadata"
2022-04-01,national,VALUABLES,приобретение минус выбытие ценностей,1902.2026427339824,"seasonally and calendar adjusted, average 2010 prices, discrete quarter, as published; quarterly national accounts vintage -- see metadata"
2022-07-01,national,VALUABLES,приобретение минус выбытие ценностей,1553.377328882529,"seasonally and calendar adjusted, average 2010 prices, discrete quarter, as published; quarterly national accounts vintage -- see metadata"
2022-10-01,national,VALUABLES,приобретение минус выбытие ценностей,1485.1460004610667,"seasonally and calendar adjusted, average 2010 prices, discrete quarter, as published; quarterly national accounts vintage -- see metadata"
2023-01-01,national,VALUABLES,приобретение минус выбытие ценностей,1606.7370647910286,"seasonally and calendar adjusted, average 2010 prices, discrete quarter, as published; quarterly national accounts vintage -- see metadata"
2023-04-01,national,VALUABLES,приобретение минус выбытие ценностей,1865.7603760210357,"seasonally and calendar adjusted, average 2010 prices, discrete quarter, as published; quarterly national accounts vintage -- see metadata"
2023-07-01,national,VALUABLES,приобретение минус выбытие ценностей,2392.2573141235334,"seasonally and calendar adjusted, average 2010 prices, discrete quarter, as published; quarterly national accounts vintage -- see metadata"
2023-10-01,national,VALUABLES,приобретение минус выбытие ценностей,2644.8519457184716,"seasonally and calendar adjusted, average 2010 prices, discrete quarter, as published; quarterly national accounts vintage -- see metadata"
2024-01-01,national,VALUABLES,приобретение минус выбытие ценностей,3039.4287033947,"seasonally and calendar adjusted, average 2010 prices, discrete quarter, as published; quarterly national accounts vintage -- see metadata"
2024-04-01,national,VALUABLES,приобретение минус выбытие ценностей,3219.1648622892594,"seasonally and calendar adjusted, average 2010 prices, discrete quarter, as published; quarterly national accounts vintage -- see metadata"
2024-07-01,national,VALUABLES,приобретение минус выбытие ценностей,3123.6134313948514,"seasonally and calendar adjusted, average 2010 prices, discrete quarter, as published; quarterly national accounts vintage -- see metadata"
2024-10-01,national,VALUABLES,приобретение минус выбытие ценностей,2100.8933745232393,"seasonally and calendar adjusted, average 2010 prices, discrete quarter, as published; quarterly national accounts vintage -- see metadata"
2025-01-01,national,VALUABLES,приобретение минус выбытие ценностей,2865.8924223358804,"seasonally and calendar adjusted, average 2010 prices, discrete quarter, as published; quarterly national accounts vintage -- see metadata"
2025-04-01,national,VALUABLES,приобретение минус выбытие ценностей,2374.276453996321,"seasonally and calendar adjusted, average 2010 prices, discrete quarter, as published; quarterly national accounts vintage -- see metadata"
2025-07-01,national,VALUABLES,приобретение минус выбытие ценностей,2274.650432270697,"seasonally and calendar adjusted, average 2010 prices, discrete quarter, as published; quarterly national accounts vintage -- see metadata"
2025-10-01,national,VALUABLES,приобретение минус выбытие ценностей,2207.466357080998,"seasonally and calendar adjusted, average 2010 prices, discrete quarter, as published; quarterly national accounts vintage -- see metadata"
2026-01-01,national,VALUABLES,приобретение минус выбытие ценностей,1792.4938222745777,"seasonally and calendar adjusted, average 2010 prices, discrete quarter, as published; quarterly national accounts vintage -- see metadata"
