date,region,item_code,item_name,value,transformation
2010-01-01,national,EXPORTS,экспорт товаров и услуг,2364901.9,"seasonally and calendar adjusted (X13-ARIMA-SEATS, JDemetra+ 2.2.4), discrete quarter, as published; quarterly national accounts vintage -- see metadata"
2010-04-01,national,EXPORTS,экспорт товаров и услуг,2427385.1,"seasonally and calendar adjusted (X13-ARIMA-SEATS, JDemetra+ 2.2.4), discrete quarter, as published; quarterly national accounts vintage -- see metadata"
2010-07-01,national,EXPORTS,экспорт товаров и услуг,2424166.1,"seasonally and calendar adjusted (X13-ARIMA-SEATS, JDemetra+ 2.2.4), discrete quarter, as published; quarterly national accounts vintage -- see metadata"
2010-10-01,national,EXPORTS,экспорт товаров и услуг,2654030.1,"seasonally and calendar adjusted (X13-ARIMA-SEATS, JDemetra+ 2.2.4), discrete quarter, as published; quarterly national accounts vintage -- see metadata"
2011-01-01,national,EXPORTS,экспорт товаров и услуг,3748719.5,"seasonally and calendar adjusted (X13-ARIMA-SEATS, JDemetra+ 2.2.4), discrete quarter, as published; quarterly national accounts vintage -- see metadata"
2011-04-01,national,EXPORTS,экспорт товаров и услуг,3379475.6,"seasonally and calendar adjusted (X13-ARIMA-SEATS, JDemetra+ 2.2.4), discrete quarter, as published; quarterly national accounts vintage -- see metadata"
2011-07-01,national,EXPORTS,экспорт товаров и услуг,3234494.4,"seasonally and calendar adjusted (X13-ARIMA-SEATS, JDemetra+ 2.2.4), discrete quarter, as published; quarterly national accounts vintage -- see metadata"
2011-10-01,national,EXPORTS,экспорт товаров и услуг,3374540.3,"seasonally and calendar adjusted (X13-ARIMA-SEATS, JDemetra+ 2.2.4), discrete quarter, as published; quarterly national accounts vintage -- see metadata"
2012-01-01,national,EXPORTS,экспорт товаров и услуг,3584728.5,"seasonally and calendar adjusted (X13-ARIMA-SEATS, JDemetra+ 2.2.4), discrete quarter, as published; quarterly national accounts vintage -- see metadata"
2012-04-01,national,EXPORTS,экспорт товаров и услуг,3335793.1,"seasonally and calendar adjusted (X13-ARIMA-SEATS, JDemetra+ 2.2.4), discrete quarter, as published; quarterly national accounts vintage -- see metadata"
2012-07-01,national,EXPORTS,экспорт товаров и услуг,3387723.7,"seasonally and calendar adjusted (X13-ARIMA-SEATS, JDemetra+ 2.2.4), discrete quarter, as published; quarterly national accounts vintage -- see metadata"
2012-10-01,national,EXPORTS,экспорт товаров и услуг,3524087.2,"seasonally and calendar adjusted (X13-ARIMA-SEATS, JDemetra+ 2.2.4), discrete quarter, as published; quarterly national accounts vintage -- see metadata"
2013-01-01,national,EXPORTS,экспорт товаров и услуг,3448784.2,"seasonally and calendar adjusted (X13-ARIMA-SEATS, JDemetra+ 2.2.4), discrete quarter, as published; quarterly national accounts vintage -- see metadata"
2013-04-01,national,EXPORTS,экспорт товаров и услуг,3382880.1,"seasonally and calendar adjusted (X13-ARIMA-SEATS, JDemetra+ 2.2.4), discrete quarter, as published; quarterly national accounts vintage -- see metadata"
2013-07-01,national,EXPORTS,экспорт товаров и услуг,3563006.4,"seasonally and calendar adjusted (X13-ARIMA-SEATS, JDemetra+ 2.2.4), discrete quarter, as published; quarterly national accounts vintage -- see metadata"
2013-10-01,national,EXPORTS,экспорт товаров и услуг,3934023.1,"seasonally and calendar adjusted (X13-ARIMA-SEATS, JDemetra+ 2.2.4), discrete quarter, as published; quarterly national accounts vintage -- see metadata"
2014-01-01,national,EXPORTS,экспорт товаров и услуг,3601948.2,"seasonally and calendar adjusted (X13-ARIMA-SEATS, JDemetra+ 2.2.4), discrete quarter, as published; quarterly national accounts vintage -- see metadata"
2014-04-01,national,EXPORTS,экспорт товаров и услуг,3864098.6,"seasonally and calendar adjusted (X13-ARIMA-SEATS, JDemetra+ 2.2.4), discrete quarter, as published; quarterly national accounts vintage -- see metadata"
2014-07-01,national,EXPORTS,экспорт товаров и услуг,3554434.5,"seasonally and calendar adjusted (X13-ARIMA-SEATS, JDemetra+ 2.2.4), discrete quarter, as published; quarterly national accounts vintage -- see metadata"
2014-10-01,national,EXPORTS,экспорт товаров и услуг,2856678.5,"seasonally and calendar adjusted (X13-ARIMA-SEATS, JDemetra+ 2.2.4), discrete quarter, as published; quarterly national accounts vintage -- see metadata"
2015-01-01,national,EXPORTS,экспорт товаров и услуг,2418119.9,"seasonally and calendar adjusted (X13-ARIMA-SEATS, JDemetra+ 2.2.4), discrete quarter, as published; quarterly national accounts vintage -- see metadata"
2015-04-01,national,EXPORTS,экспорт товаров и услуг,2400019.0,"seasonally and calendar adjusted (X13-ARIMA-SEATS, JDemetra+ 2.2.4), discrete quarter, as published; quarterly national accounts vintage -- see metadata"
2015-07-01,national,EXPORTS,экспорт товаров и услуг,2430710.3,"seasonally and calendar adjusted (X13-ARIMA-SEATS, JDemetra+ 2.2.4), discrete quarter, as published; quarterly national accounts vintage -- see metadata"
2015-10-01,national,EXPORTS,экспорт товаров и услуг,3294568.8,"seasonally and calendar adjusted (X13-ARIMA-SEATS, JDemetra+ 2.2.4), discrete quarter, as published; quarterly national accounts vintage -- see metadata"
2016-01-01,national,EXPORTS,экспорт товаров и услуг,3306888.9,"seasonally and calendar adjusted (X13-ARIMA-SEATS, JDemetra+ 2.2.4), discrete quarter, as published; quarterly national accounts vintage -- see metadata"
2016-04-01,national,EXPORTS,экспорт товаров и услуг,3600334.1,"seasonally and calendar adjusted (X13-ARIMA-SEATS, JDemetra+ 2.2.4), discrete quarter, as published; quarterly national accounts vintage -- see metadata"
2016-07-01,national,EXPORTS,экспорт товаров и услуг,3738286.9,"seasonally and calendar adjusted (X13-ARIMA-SEATS, JDemetra+ 2.2.4), discrete quarter, as published; quarterly national accounts vintage -- see metadata"
2016-10-01,national,EXPORTS,экспорт товаров и услуг,4138134.9,"seasonally and calendar adjusted (X13-ARIMA-SEATS, JDemetra+ 2.2.4), discrete quarter, as published; quarterly national accounts vintage -- see metadata"
2017-01-01,national,EXPORTS,экспорт товаров и услуг,4081082.4,"seasonally and calendar adjusted (X13-ARIMA-SEATS, JDemetra+ 2.2.4), discrete quarter, as published; quarterly national accounts vintage -- see metadata"
2017-04-01,national,EXPORTS,экспорт товаров и услуг,4175589.1,"seasonally and calendar adjusted (X13-ARIMA-SEATS, JDemetra+ 2.2.4), discrete quarter, as published; quarterly national accounts vintage -- see metadata"
2017-07-01,national,EXPORTS,экспорт товаров и услуг,4728807.9,"seasonally and calendar adjusted (X13-ARIMA-SEATS, JDemetra+ 2.2.4), discrete quarter, as published; quarterly national accounts vintage -- see metadata"
2017-10-01,national,EXPORTS,экспорт товаров и услуг,5355133.0,"seasonally and calendar adjusted (X13-ARIMA-SEATS, JDemetra+ 2.2.4), discrete quarter, as published; quarterly national accounts vintage -- see metadata"
2018-01-01,national,EXPORTS,экспорт товаров и услуг,5321818.8,"seasonally and calendar adjusted (X13-ARIMA-SEATS, JDemetra+ 2.2.4), discrete quarter, as published; quarterly national accounts vintage -- see metadata"
2018-04-01,national,EXPORTS,экспорт товаров и услуг,5765482.2,"seasonally and calendar adjusted (X13-ARIMA-SEATS, JDemetra+ 2.2.4), discrete quarter, as published; quarterly national accounts vintage -- see metadata"
2018-07-01,national,EXPORTS,экспорт товаров и услуг,6082943.9,"seasonally and calendar adjusted (X13-ARIMA-SEATS, JDemetra+ 2.2.4), discrete quarter, as published; quarterly national accounts vintage -- see metadata"
2018-10-01,national,EXPORTS,экспорт товаров и услуг,5732053.5,"seasonally and calendar adjusted (X13-ARIMA-SEATS, JDemetra+ 2.2.4), discrete quarter, as published; quarterly national accounts vintage -- see metadata"
2019-01-01,national,EXPORTS,экспорт товаров и услуг,6282402.6,"seasonally and calendar adjusted (X13-ARIMA-SEATS, JDemetra+ 2.2.4), discrete quarter, as published; quarterly national accounts vintage -- see metadata"
2019-04-01,national,EXPORTS,экспорт товаров и услуг,6333711.8,"seasonally and calendar adjusted (X13-ARIMA-SEATS, JDemetra+ 2.2.4), discrete quarter, as published; quarterly national accounts vintage -- see metadata"
2019-07-01,national,EXPORTS,экспорт товаров и услуг,6603488.4,"seasonally and calendar adjusted (X13-ARIMA-SEATS, JDemetra+ 2.2.4), discrete quarter, as published; quarterly national accounts vintage -- see metadata"
2019-10-01,national,EXPORTS,экспорт товаров и услуг,6628147.2,"seasonally and calendar adjusted (X13-ARIMA-SEATS, JDemetra+ 2.2.4), discrete quarter, as published; quarterly national accounts vintage -- see metadata"
2020-01-01,national,EXPORTS,экспорт товаров и услуг,5295684.4,"seasonally and calendar adjusted (X13-ARIMA-SEATS, JDemetra+ 2.2.4), discrete quarter, as published; quarterly national accounts vintage -- see metadata"
2020-04-01,national,EXPORTS,экспорт товаров и услуг,4296086.2,"seasonally and calendar adjusted (X13-ARIMA-SEATS, JDemetra+ 2.2.4), discrete quarter, as published; quarterly national accounts vintage -- see metadata"
2020-07-01,national,EXPORTS,экспорт товаров и услуг,5047904.2,"seasonally and calendar adjusted (X13-ARIMA-SEATS, JDemetra+ 2.2.4), discrete quarter, as published; quarterly national accounts vintage -- see metadata"
2020-10-01,national,EXPORTS,экспорт товаров и услуг,5719188.5,"seasonally and calendar adjusted (X13-ARIMA-SEATS, JDemetra+ 2.2.4), discrete quarter, as published; quarterly national accounts vintage -- see metadata"
2021-01-01,national,EXPORTS,экспорт товаров и услуг,6298760.0,"seasonally and calendar adjusted (X13-ARIMA-SEATS, JDemetra+ 2.2.4), discrete quarter, as published; quarterly national accounts vintage -- see metadata"
2021-04-01,national,EXPORTS,экспорт товаров и услуг,7729057.7,"seasonally and calendar adjusted (X13-ARIMA-SEATS, JDemetra+ 2.2.4), discrete quarter, as published; quarterly national accounts vintage -- see metadata"
2021-07-01,national,EXPORTS,экспорт товаров и услуг,7593415.6,"seasonally and calendar adjusted (X13-ARIMA-SEATS, JDemetra+ 2.2.4), discrete quarter, as published; quarterly national accounts vintage -- see metadata"
2021-10-01,national,EXPORTS,экспорт товаров и услуг,9003690.1,"seasonally and calendar adjusted (X13-ARIMA-SEATS, JDemetra+ 2.2.4), discrete quarter, as published; quarterly national accounts vintage -- see metadata"
2022-01-01,national,EXPORTS,экспорт товаров и услуг,10679957.6,"seasonally and calendar adjusted (X13-ARIMA-SEATS, JDemetra+ 2.2.4), discrete quarter, as published; quarterly national accounts vintage -- see metadata"
2022-04-01,national,EXPORTS,экспорт товаров и услуг,10183855.5,"seasonally and calendar adjusted (X13-ARIMA-SEATS, JDemetra+ 2.2.4), discrete quarter, as published; quarterly national accounts vintage -- see metadata"
2022-07-01,national,EXPORTS,экспорт товаров и услуг,11273360.4,"seasonally and calendar adjusted (X13-ARIMA-SEATS, JDemetra+ 2.2.4), discrete quarter, as published; quarterly national accounts vintage -- see metadata"
2022-10-01,national,EXPORTS,экспорт товаров и услуг,11016406.8,"seasonally and calendar adjusted (X13-ARIMA-SEATS, JDemetra+ 2.2.4), discrete quarter, as published; quarterly national accounts vintage -- see metadata"
2023-01-01,national,EXPORTS,экспорт товаров и услуг,9726601.6,"seasonally and calendar adjusted (X13-ARIMA-SEATS, JDemetra+ 2.2.4), discrete quarter, as published; quarterly national accounts vintage -- see metadata"
2023-04-01,national,EXPORTS,экспорт товаров и услуг,10094147.2,"seasonally and calendar adjusted (X13-ARIMA-SEATS, JDemetra+ 2.2.4), discrete quarter, as published; quarterly national accounts vintage -- see metadata"
2023-07-01,national,EXPORTS,экспорт товаров и услуг,10590226.5,"seasonally and calendar adjusted (X13-ARIMA-SEATS, JDemetra+ 2.2.4), discrete quarter, as published; quarterly national accounts vintage -- see metadata"
2023-10-01,national,EXPORTS,экспорт товаров и услуг,10976467.7,"seasonally and calendar adjusted (X13-ARIMA-SEATS, JDemetra+ 2.2.4), discrete quarter, as published; quarterly national accounts vintage -- see metadata"
2024-01-01,national,EXPORTS,экспорт товаров и услуг,9766840.2,"seasonally and calendar adjusted (X13-ARIMA-SEATS, JDemetra+ 2.2.4), discrete quarter, as published; quarterly national accounts vintage -- see metadata"
2024-04-01,national,EXPORTS,экспорт товаров и услуг,10672116.3,"seasonally and calendar adjusted (X13-ARIMA-SEATS, JDemetra+ 2.2.4), discrete quarter, as published; quarterly national accounts vintage -- see metadata"
2024-07-01,national,EXPORTS,экспорт товаров и услуг,11042919.7,"seasonally and calendar adjusted (X13-ARIMA-SEATS, JDemetra+ 2.2.4), discrete quarter, as published; quarterly national accounts vintage -- see metadata"
2024-10-01,national,EXPORTS,экспорт товаров и услуг,11162395.1,"seasonally and calendar adjusted (X13-ARIMA-SEATS, JDemetra+ 2.2.4), discrete quarter, as published; quarterly national accounts vintage -- see metadata"
2025-01-01,national,EXPORTS,экспорт товаров и услуг,10827537.7,"seasonally and calendar adjusted (X13-ARIMA-SEATS, JDemetra+ 2.2.4), discrete quarter, as published; quarterly national accounts vintage -- see metadata"
2025-04-01,national,EXPORTS,экспорт товаров и услуг,11680015.4,"seasonally and calendar adjusted (X13-ARIMA-SEATS, JDemetra+ 2.2.4), discrete quarter, as published; quarterly national accounts vintage -- see metadata"
2025-07-01,national,EXPORTS,экспорт товаров и услуг,12705008.6,"seasonally and calendar adjusted (X13-ARIMA-SEATS, JDemetra+ 2.2.4), discrete quarter, as published; quarterly national accounts vintage -- see metadata"
2025-10-01,national,EXPORTS,экспорт товаров и услуг,11880199.1,"seasonally and calendar adjusted (X13-ARIMA-SEATS, JDemetra+ 2.2.4), discrete quarter, as published; quarterly national accounts vintage -- see metadata"
2026-01-01,national,EXPORTS,экспорт товаров и услуг,11122267.7,"seasonally and calendar adjusted (X13-ARIMA-SEATS, JDemetra+ 2.2.4), discrete quarter, as published; quarterly national accounts vintage -- see metadata"
2010-01-01,national,FINAL_CONSUMPTION,Расходы на конечное потребление,3159466.0429013753,"seasonally and calendar adjusted (X13-ARIMA-SEATS, JDemetra+ 2.2.4), discrete quarter, as published; quarterly national accounts vintage -- see metadata"
2010-04-01,national,FINAL_CONSUMPTION,Расходы на конечное потребление,3190773.163856317,"seasonally and calendar adjusted (X13-ARIMA-SEATS, JDemetra+ 2.2.4), discrete quarter, as published; quarterly national accounts vintage -- see metadata"
2010-07-01,national,FINAL_CONSUMPTION,Расходы на конечное потребление,3293627.824005837,"seasonally and calendar adjusted (X13-ARIMA-SEATS, JDemetra+ 2.2.4), discrete quarter, as published; quarterly national accounts vintage -- see metadata"
2010-10-01,national,FINAL_CONSUMPTION,Расходы на конечное потребление,3506006.663259045,"seasonally and calendar adjusted (X13-ARIMA-SEATS, JDemetra+ 2.2.4), discrete quarter, as published; quarterly national accounts vintage -- see metadata"
2011-01-01,national,FINAL_CONSUMPTION,Расходы на конечное потребление,3374179.84666425,"seasonally and calendar adjusted (X13-ARIMA-SEATS, JDemetra+ 2.2.4), discrete quarter, as published; quarterly national accounts vintage -- see metadata"
2011-04-01,national,FINAL_CONSUMPTION,Расходы на конечное потребление,3778277.422687349,"seasonally and calendar adjusted (X13-ARIMA-SEATS, JDemetra+ 2.2.4), discrete quarter, as published; quarterly national accounts vintage -- see metadata"
2011-07-01,national,FINAL_CONSUMPTION,Расходы на конечное потребление,4107782.9027297506,"seasonally and calendar adjusted (X13-ARIMA-SEATS, JDemetra+ 2.2.4), discrete quarter, as published; quarterly national accounts vintage -- see metadata"
2011-10-01,national,FINAL_CONSUMPTION,Расходы на конечное потребление,4327695.71847711,"seasonally and calendar adjusted (X13-ARIMA-SEATS, JDemetra+ 2.2.4), discrete quarter, as published; quarterly national accounts vintage -- see metadata"
2012-01-01,national,FINAL_CONSUMPTION,Расходы на конечное потребление,4262043.610418925,"seasonally and calendar adjusted (X13-ARIMA-SEATS, JDemetra+ 2.2.4), discrete quarter, as published; quarterly national accounts vintage -- see metadata"
2012-04-01,national,FINAL_CONSUMPTION,Расходы на конечное потребление,4511831.359352728,"seasonally and calendar adjusted (X13-ARIMA-SEATS, JDemetra+ 2.2.4), discrete quarter, as published; quarterly national accounts vintage -- see metadata"
2012-07-01,national,FINAL_CONSUMPTION,Расходы на конечное потребление,4731995.086154837,"seasonally and calendar adjusted (X13-ARIMA-SEATS, JDemetra+ 2.2.4), discrete quarter, as published; quarterly national accounts vintage -- see metadata"
2012-10-01,national,FINAL_CONSUMPTION,Расходы на конечное потребление,4994753.046764546,"seasonally and calendar adjusted (X13-ARIMA-SEATS, JDemetra+ 2.2.4), discrete quarter, as published; quarterly national accounts vintage -- see metadata"
2013-01-01,national,FINAL_CONSUMPTION,Расходы на конечное потребление,5370448.961084574,"seasonally and calendar adjusted (X13-ARIMA-SEATS, JDemetra+ 2.2.4), discrete quarter, as published; quarterly national accounts vintage -- see metadata"
2013-04-01,national,FINAL_CONSUMPTION,Расходы на конечное потребление,5502222.667033098,"seasonally and calendar adjusted (X13-ARIMA-SEATS, JDemetra+ 2.2.4), discrete quarter, as published; quarterly national accounts vintage -- see metadata"
2013-07-01,national,FINAL_CONSUMPTION,Расходы на конечное потребление,5454101.732169836,"seasonally and calendar adjusted (X13-ARIMA-SEATS, JDemetra+ 2.2.4), discrete quarter, as published; quarterly national accounts vintage -- see metadata"
2013-10-01,national,FINAL_CONSUMPTION,Расходы на конечное потребление,5209319.977709,"seasonally and calendar adjusted (X13-ARIMA-SEATS, JDemetra+ 2.2.4), discrete quarter, as published; quarterly national accounts vintage -- see metadata"
2014-01-01,national,FINAL_CONSUMPTION,Расходы на конечное потребление,5634374.968578943,"seasonally and calendar adjusted (X13-ARIMA-SEATS, JDemetra+ 2.2.4), discrete quarter, as published; quarterly national accounts vintage -- see metadata"
2014-04-01,national,FINAL_CONSUMPTION,Расходы на конечное потребление,5858233.0747458795,"seasonally and calendar adjusted (X13-ARIMA-SEATS, JDemetra+ 2.2.4), discrete quarter, as published; quarterly national accounts vintage -- see metadata"
2014-07-01,national,FINAL_CONSUMPTION,Расходы на конечное потребление,6172437.76650538,"seasonally and calendar adjusted (X13-ARIMA-SEATS, JDemetra+ 2.2.4), discrete quarter, as published; quarterly national accounts vintage -- see metadata"
2014-10-01,national,FINAL_CONSUMPTION,Расходы на конечное потребление,6935320.774256368,"seasonally and calendar adjusted (X13-ARIMA-SEATS, JDemetra+ 2.2.4), discrete quarter, as published; quarterly national accounts vintage -- see metadata"
2015-01-01,national,FINAL_CONSUMPTION,Расходы на конечное потребление,6585064.216719928,"seasonally and calendar adjusted (X13-ARIMA-SEATS, JDemetra+ 2.2.4), discrete quarter, as published; quarterly national accounts vintage -- see metadata"
2015-04-01,national,FINAL_CONSUMPTION,Расходы на конечное потребление,6811314.904509067,"seasonally and calendar adjusted (X13-ARIMA-SEATS, JDemetra+ 2.2.4), discrete quarter, as published; quarterly national accounts vintage -- see metadata"
2015-07-01,national,FINAL_CONSUMPTION,Расходы на конечное потребление,6858753.301176718,"seasonally and calendar adjusted (X13-ARIMA-SEATS, JDemetra+ 2.2.4), discrete quarter, as published; quarterly national accounts vintage -- see metadata"
2015-10-01,national,FINAL_CONSUMPTION,Расходы на конечное потребление,6998061.517948986,"seasonally and calendar adjusted (X13-ARIMA-SEATS, JDemetra+ 2.2.4), discrete quarter, as published; quarterly national accounts vintage -- see metadata"
2016-01-01,national,FINAL_CONSUMPTION,Расходы на конечное потребление,7586698.7861017445,"seasonally and calendar adjusted (X13-ARIMA-SEATS, JDemetra+ 2.2.4), discrete quarter, as published; quarterly national accounts vintage -- see metadata"
2016-04-01,national,FINAL_CONSUMPTION,Расходы на конечное потребление,7232920.945051412,"seasonally and calendar adjusted (X13-ARIMA-SEATS, JDemetra+ 2.2.4), discrete quarter, as published; quarterly national accounts vintage -- see metadata"
2016-07-01,national,FINAL_CONSUMPTION,Расходы на конечное потребление,7618187.9629354905,"seasonally and calendar adjusted (X13-ARIMA-SEATS, JDemetra+ 2.2.4), discrete quarter, as published; quarterly national accounts vintage -- see metadata"
2016-10-01,national,FINAL_CONSUMPTION,Расходы на конечное потребление,7564024.632015375,"seasonally and calendar adjusted (X13-ARIMA-SEATS, JDemetra+ 2.2.4), discrete quarter, as published; quarterly national accounts vintage -- see metadata"
2017-01-01,national,FINAL_CONSUMPTION,Расходы на конечное потребление,8019658.125222734,"seasonally and calendar adjusted (X13-ARIMA-SEATS, JDemetra+ 2.2.4), discrete quarter, as published; quarterly national accounts vintage -- see metadata"
2017-04-01,national,FINAL_CONSUMPTION,Расходы на конечное потребление,7942847.635871294,"seasonally and calendar adjusted (X13-ARIMA-SEATS, JDemetra+ 2.2.4), discrete quarter, as published; quarterly national accounts vintage -- see metadata"
2017-07-01,national,FINAL_CONSUMPTION,Расходы на конечное потребление,8046162.833195275,"seasonally and calendar adjusted (X13-ARIMA-SEATS, JDemetra+ 2.2.4), discrete quarter, as published; quarterly national accounts vintage -- see metadata"
2017-10-01,national,FINAL_CONSUMPTION,Расходы на конечное потребление,8027507.872047249,"seasonally and calendar adjusted (X13-ARIMA-SEATS, JDemetra+ 2.2.4), discrete quarter, as published; quarterly national accounts vintage -- see metadata"
2018-01-01,national,FINAL_CONSUMPTION,Расходы на конечное потребление,8246016.481493506,"seasonally and calendar adjusted (X13-ARIMA-SEATS, JDemetra+ 2.2.4), discrete quarter, as published; quarterly national accounts vintage -- see metadata"
2018-04-01,national,FINAL_CONSUMPTION,Расходы на конечное потребление,8897412.70753069,"seasonally and calendar adjusted (X13-ARIMA-SEATS, JDemetra+ 2.2.4), discrete quarter, as published; quarterly national accounts vintage -- see metadata"
2018-07-01,national,FINAL_CONSUMPTION,Расходы на конечное потребление,8877708.8239444,"seasonally and calendar adjusted (X13-ARIMA-SEATS, JDemetra+ 2.2.4), discrete quarter, as published; quarterly national accounts vintage -- see metadata"
2018-10-01,national,FINAL_CONSUMPTION,Расходы на конечное потребление,9745690.190119205,"seasonally and calendar adjusted (X13-ARIMA-SEATS, JDemetra+ 2.2.4), discrete quarter, as published; quarterly national accounts vintage -- see metadata"
2019-01-01,national,FINAL_CONSUMPTION,Расходы на конечное потребление,9367845.718704976,"seasonally and calendar adjusted (X13-ARIMA-SEATS, JDemetra+ 2.2.4), discrete quarter, as published; quarterly national accounts vintage -- see metadata"
2019-04-01,national,FINAL_CONSUMPTION,Расходы на конечное потребление,9996005.212406084,"seasonally and calendar adjusted (X13-ARIMA-SEATS, JDemetra+ 2.2.4), discrete quarter, as published; quarterly national accounts vintage -- see metadata"
2019-07-01,national,FINAL_CONSUMPTION,Расходы на конечное потребление,10527548.213680455,"seasonally and calendar adjusted (X13-ARIMA-SEATS, JDemetra+ 2.2.4), discrete quarter, as published; quarterly national accounts vintage -- see metadata"
2019-10-01,national,FINAL_CONSUMPTION,Расходы на конечное потребление,10989357.723362938,"seasonally and calendar adjusted (X13-ARIMA-SEATS, JDemetra+ 2.2.4), discrete quarter, as published; quarterly national accounts vintage -- see metadata"
2020-01-01,national,FINAL_CONSUMPTION,Расходы на конечное потребление,10515636.883276412,"seasonally and calendar adjusted (X13-ARIMA-SEATS, JDemetra+ 2.2.4), discrete quarter, as published; quarterly national accounts vintage -- see metadata"
2020-04-01,national,FINAL_CONSUMPTION,Расходы на конечное потребление,10849562.512582136,"seasonally and calendar adjusted (X13-ARIMA-SEATS, JDemetra+ 2.2.4), discrete quarter, as published; quarterly national accounts vintage -- see metadata"
2020-07-01,national,FINAL_CONSUMPTION,Расходы на конечное потребление,11662185.192462366,"seasonally and calendar adjusted (X13-ARIMA-SEATS, JDemetra+ 2.2.4), discrete quarter, as published; quarterly national accounts vintage -- see metadata"
2020-10-01,national,FINAL_CONSUMPTION,Расходы на конечное потребление,11676544.165479131,"seasonally and calendar adjusted (X13-ARIMA-SEATS, JDemetra+ 2.2.4), discrete quarter, as published; quarterly national accounts vintage -- see metadata"
2021-01-01,national,FINAL_CONSUMPTION,Расходы на конечное потребление,12416417.96586759,"seasonally and calendar adjusted (X13-ARIMA-SEATS, JDemetra+ 2.2.4), discrete quarter, as published; quarterly national accounts vintage -- see metadata"
2021-04-01,national,FINAL_CONSUMPTION,Расходы на конечное потребление,12328780.120546067,"seasonally and calendar adjusted (X13-ARIMA-SEATS, JDemetra+ 2.2.4), discrete quarter, as published; quarterly national accounts vintage -- see metadata"
2021-07-01,national,FINAL_CONSUMPTION,Расходы на конечное потребление,13079692.287857499,"seasonally and calendar adjusted (X13-ARIMA-SEATS, JDemetra+ 2.2.4), discrete quarter, as published; quarterly national accounts vintage -- see metadata"
2021-10-01,national,FINAL_CONSUMPTION,Расходы на конечное потребление,13149047.901602713,"seasonally and calendar adjusted (X13-ARIMA-SEATS, JDemetra+ 2.2.4), discrete quarter, as published; quarterly national accounts vintage -- see metadata"
2022-01-01,national,FINAL_CONSUMPTION,Расходы на конечное потребление,13739991.20240035,"seasonally and calendar adjusted (X13-ARIMA-SEATS, JDemetra+ 2.2.4), discrete quarter, as published; quarterly national accounts vintage -- see metadata"
2022-04-01,national,FINAL_CONSUMPTION,Расходы на конечное потребление,15166388.091377126,"seasonally and calendar adjusted (X13-ARIMA-SEATS, JDemetra+ 2.2.4), discrete quarter, as published; quarterly national accounts vintage -- see metadata"
2022-07-01,national,FINAL_CONSUMPTION,Расходы на конечное потребление,15580445.085117454,"seasonally and calendar adjusted (X13-ARIMA-SEATS, JDemetra+ 2.2.4), discrete quarter, as published; quarterly national accounts vintage -- see metadata"
2022-10-01,national,FINAL_CONSUMPTION,Расходы на конечное потребление,16598667.15719745,"seasonally and calendar adjusted (X13-ARIMA-SEATS, JDemetra+ 2.2.4), discrete quarter, as published; quarterly national accounts vintage -- see metadata"
2023-01-01,national,FINAL_CONSUMPTION,Расходы на конечное потребление,18300284.479663458,"seasonally and calendar adjusted (X13-ARIMA-SEATS, JDemetra+ 2.2.4), discrete quarter, as published; quarterly national accounts vintage -- see metadata"
2023-04-01,national,FINAL_CONSUMPTION,Расходы на конечное потребление,18528651.878944263,"seasonally and calendar adjusted (X13-ARIMA-SEATS, JDemetra+ 2.2.4), discrete quarter, as published; quarterly national accounts vintage -- see metadata"
2023-07-01,national,FINAL_CONSUMPTION,Расходы на конечное потребление,18378557.047391817,"seasonally and calendar adjusted (X13-ARIMA-SEATS, JDemetra+ 2.2.4), discrete quarter, as published; quarterly national accounts vintage -- see metadata"
2023-10-01,national,FINAL_CONSUMPTION,Расходы на конечное потребление,19895955.40020238,"seasonally and calendar adjusted (X13-ARIMA-SEATS, JDemetra+ 2.2.4), discrete quarter, as published; quarterly national accounts vintage -- see metadata"
2024-01-01,national,FINAL_CONSUMPTION,Расходы на конечное потребление,20527954.671442043,"seasonally and calendar adjusted (X13-ARIMA-SEATS, JDemetra+ 2.2.4), discrete quarter, as published; quarterly national accounts vintage -- see metadata"
2024-04-01,national,FINAL_CONSUMPTION,Расходы на конечное потребление,20981783.191837102,"seasonally and calendar adjusted (X13-ARIMA-SEATS, JDemetra+ 2.2.4), discrete quarter, as published; quarterly national accounts vintage -- see metadata"
2024-07-01,national,FINAL_CONSUMPTION,Расходы на конечное потребление,22112469.256955296,"seasonally and calendar adjusted (X13-ARIMA-SEATS, JDemetra+ 2.2.4), discrete quarter, as published; quarterly national accounts vintage -- see metadata"
2024-10-01,national,FINAL_CONSUMPTION,Расходы на конечное потребление,24386488.564145185,"seasonally and calendar adjusted (X13-ARIMA-SEATS, JDemetra+ 2.2.4), discrete quarter, as published; quarterly national accounts vintage -- see metadata"
2025-01-01,national,FINAL_CONSUMPTION,Расходы на конечное потребление,24479520.044922147,"seasonally and calendar adjusted (X13-ARIMA-SEATS, JDemetra+ 2.2.4), discrete quarter, as published; quarterly national accounts vintage -- see metadata"
2025-04-01,national,FINAL_CONSUMPTION,Расходы на конечное потребление,25914587.12636394,"seasonally and calendar adjusted (X13-ARIMA-SEATS, JDemetra+ 2.2.4), discrete quarter, as published; quarterly national accounts vintage -- see metadata"
2025-07-01,national,FINAL_CONSUMPTION,Расходы на конечное потребление,27116193.88956728,"seasonally and calendar adjusted (X13-ARIMA-SEATS, JDemetra+ 2.2.4), discrete quarter, as published; quarterly national accounts vintage -- see metadata"
2025-10-01,national,FINAL_CONSUMPTION,Расходы на конечное потребление,27386708.952615466,"seasonally and calendar adjusted (X13-ARIMA-SEATS, JDemetra+ 2.2.4), discrete quarter, as published; quarterly national accounts vintage -- see metadata"
2026-01-01,national,FINAL_CONSUMPTION,Расходы на конечное потребление,28946319.460694663,"seasonally and calendar adjusted (X13-ARIMA-SEATS, JDemetra+ 2.2.4), discrete quarter, as published; quarterly national accounts vintage -- see metadata"
2010-01-01,national,GDP,Валовой внутренний продукт,5324351.366800269,"seasonally and calendar adjusted (X13-ARIMA-SEATS, JDemetra+ 2.2.4), discrete quarter, as published; quarterly national accounts vintage -- see metadata"
2010-04-01,national,GDP,Валовой внутренний продукт,5553933.839555058,"seasonally and calendar adjusted (X13-ARIMA-SEATS, JDemetra+ 2.2.4), discrete quarter, as published; quarterly national accounts vintage -- see metadata"
2010-07-01,national,GDP,Валовой внутренний продукт,5787344.26636771,"seasonally and calendar adjusted (X13-ARIMA-SEATS, JDemetra+ 2.2.4), discrete quarter, as published; quarterly national accounts vintage -- see metadata"
2010-10-01,national,GDP,Валовой внутренний продукт,6168675.994427968,"seasonally and calendar adjusted (X13-ARIMA-SEATS, JDemetra+ 2.2.4), discrete quarter, as published; quarterly national accounts vintage -- see metadata"
2011-01-01,national,GDP,Валовой внутренний продукт,6955311.3998757135,"seasonally and calendar adjusted (X13-ARIMA-SEATS, JDemetra+ 2.2.4), discrete quarter, as published; quarterly national accounts vintage -- see metadata"
2011-04-01,national,GDP,Валовой внутренний продукт,6931272.8532984145,"seasonally and calendar adjusted (X13-ARIMA-SEATS, JDemetra+ 2.2.4), discrete quarter, as published; quarterly national accounts vintage -- see metadata"
2011-07-01,national,GDP,Валовой внутренний продукт,7289094.781428569,"seasonally and calendar adjusted (X13-ARIMA-SEATS, JDemetra+ 2.2.4), discrete quarter, as published; quarterly national accounts vintage -- see metadata"
2011-10-01,national,GDP,Валовой внутренний продукт,7643339.0191824585,"seasonally and calendar adjusted (X13-ARIMA-SEATS, JDemetra+ 2.2.4), discrete quarter, as published; quarterly national accounts vintage -- see metadata"
2012-01-01,national,GDP,Валовой внутренний продукт,7534959.444120967,"seasonally and calendar adjusted (X13-ARIMA-SEATS, JDemetra+ 2.2.4), discrete quarter, as published; quarterly national accounts vintage -- see metadata"
2012-04-01,national,GDP,Валовой внутренний продукт,7785097.603444965,"seasonally and calendar adjusted (X13-ARIMA-SEATS, JDemetra+ 2.2.4), discrete quarter, as published; quarterly national accounts vintage -- see metadata"
2012-07-01,national,GDP,Валовой внутренний продукт,7931339.409170134,"seasonally and calendar adjusted (X13-ARIMA-SEATS, JDemetra+ 2.2.4), discrete quarter, as published; quarterly national accounts vintage -- see metadata"
2012-10-01,national,GDP,Валовой внутренний продукт,8226738.561336785,"seasonally and calendar adjusted (X13-ARIMA-SEATS, JDemetra+ 2.2.4), discrete quarter, as published; quarterly national accounts vintage -- see metadata"
2013-01-01,national,GDP,Валовой внутренний продукт,8628170.057702802,"seasonally and calendar adjusted (X13-ARIMA-SEATS, JDemetra+ 2.2.4), discrete quarter, as published; quarterly national accounts vintage -- see metadata"
2013-04-01,national,GDP,Валовой внутренний продукт,8750978.32005147,"seasonally and calendar adjusted (X13-ARIMA-SEATS, JDemetra+ 2.2.4), discrete quarter, as published; quarterly national accounts vintage -- see metadata"
2013-07-01,national,GDP,Валовой внутренний продукт,9119658.248925682,"seasonally and calendar adjusted (X13-ARIMA-SEATS, JDemetra+ 2.2.4), discrete quarter, as published; quarterly national accounts vintage -- see metadata"
2013-10-01,national,GDP,Валовой внутренний продукт,9186284.625140365,"seasonally and calendar adjusted (X13-ARIMA-SEATS, JDemetra+ 2.2.4), discrete quarter, as published; quarterly national accounts vintage -- see metadata"
2014-01-01,national,GDP,Валовой внутренний продукт,9366772.09637938,"seasonally and calendar adjusted (X13-ARIMA-SEATS, JDemetra+ 2.2.4), discrete quarter, as published; quarterly national accounts vintage -- see metadata"
2014-04-01,national,GDP,Валовой внутренний продукт,9865297.878703315,"seasonally and calendar adjusted (X13-ARIMA-SEATS, JDemetra+ 2.2.4), discrete quarter, as published; quarterly national accounts vintage -- see metadata"
2014-07-01,national,GDP,Валовой внутренний продукт,10005041.24217128,"seasonally and calendar adjusted (X13-ARIMA-SEATS, JDemetra+ 2.2.4), discrete quarter, as published; quarterly national accounts vintage -- see metadata"
2014-10-01,national,GDP,Валовой внутренний продукт,9976110.235502902,"seasonally and calendar adjusted (X13-ARIMA-SEATS, JDemetra+ 2.2.4), discrete quarter, as published; quarterly national accounts vintage -- see metadata"
2015-01-01,national,GDP,Валовой внутренний продукт,9350109.260941314,"seasonally and calendar adjusted (X13-ARIMA-SEATS, JDemetra+ 2.2.4), discrete quarter, as published; quarterly national accounts vintage -- see metadata"
2015-04-01,national,GDP,Валовой внутренний продукт,9915984.434868395,"seasonally and calendar adjusted (X13-ARIMA-SEATS, JDemetra+ 2.2.4), discrete quarter, as published; quarterly national accounts vintage -- see metadata"
2015-07-01,national,GDP,Валовой внутренний продукт,10123477.971296078,"seasonally and calendar adjusted (X13-ARIMA-SEATS, JDemetra+ 2.2.4), discrete quarter, as published; quarterly national accounts vintage -- see metadata"
2015-10-01,national,GDP,Валовой внутренний продукт,10424629.116443625,"seasonally and calendar adjusted (X13-ARIMA-SEATS, JDemetra+ 2.2.4), discrete quarter, as published; quarterly national accounts vintage -- see metadata"
2016-01-01,national,GDP,Валовой внутренний продукт,10883607.872725863,"seasonally and calendar adjusted (X13-ARIMA-SEATS, JDemetra+ 2.2.4), discrete quarter, as published; quarterly national accounts vintage -- see metadata"
2016-04-01,national,GDP,Валовой внутренний продукт,11163810.858588513,"seasonally and calendar adjusted (X13-ARIMA-SEATS, JDemetra+ 2.2.4), discrete quarter, as published; quarterly national accounts vintage -- see metadata"
2016-07-01,national,GDP,Валовой внутренний продукт,11594993.856489269,"seasonally and calendar adjusted (X13-ARIMA-SEATS, JDemetra+ 2.2.4), discrete quarter, as published; quarterly national accounts vintage -- see metadata"
2016-10-01,national,GDP,Валовой внутренний продукт,12048549.12892759,"seasonally and calendar adjusted (X13-ARIMA-SEATS, JDemetra+ 2.2.4), discrete quarter, as published; quarterly national accounts vintage -- see metadata"
2017-01-01,national,GDP,Валовой внутренний продукт,12400180.179350112,"seasonally and calendar adjusted (X13-ARIMA-SEATS, JDemetra+ 2.2.4), discrete quarter, as published; quarterly national accounts vintage -- see metadata"
2017-04-01,national,GDP,Валовой внутренний продукт,12345422.032502832,"seasonally and calendar adjusted (X13-ARIMA-SEATS, JDemetra+ 2.2.4), discrete quarter, as published; quarterly national accounts vintage -- see metadata"
2017-07-01,national,GDP,Валовой внутренний продукт,13129932.485982586,"seasonally and calendar adjusted (X13-ARIMA-SEATS, JDemetra+ 2.2.4), discrete quarter, as published; quarterly national accounts vintage -- see metadata"
2017-10-01,national,GDP,Валовой внутренний продукт,13571889.279040111,"seasonally and calendar adjusted (X13-ARIMA-SEATS, JDemetra+ 2.2.4), discrete quarter, as published; quarterly national accounts vintage -- see metadata"
2018-01-01,national,GDP,Валовой внутренний продукт,14056066.23002844,"seasonally and calendar adjusted (X13-ARIMA-SEATS, JDemetra+ 2.2.4), discrete quarter, as published; quarterly national accounts vintage -- see metadata"
2018-04-01,national,GDP,Валовой внутренний продукт,14663813.990143007,"seasonally and calendar adjusted (X13-ARIMA-SEATS, JDemetra+ 2.2.4), discrete quarter, as published; quarterly national accounts vintage -- see metadata"
2018-07-01,national,GDP,Валовой внутренний продукт,14821467.82698133,"seasonally and calendar adjusted (X13-ARIMA-SEATS, JDemetra+ 2.2.4), discrete quarter, as published; quarterly national accounts vintage -- see metadata"
2018-10-01,national,GDP,Валовой внутренний продукт,14857424.854052681,"seasonally and calendar adjusted (X13-ARIMA-SEATS, JDemetra+ 2.2.4), discrete quarter, as published; quarterly national accounts vintage -- see metadata"
2019-01-01,national,GDP,Валовой внутренний продукт,15619342.874542303,"seasonally and calendar adjusted (X13-ARIMA-SEATS, JDemetra+ 2.2.4), discrete quarter, as published; quarterly national accounts vintage -- see metadata"
2019-04-01,national,GDP,Валовой внутренний продукт,16260499.468411824,"seasonally and calendar adjusted (X13-ARIMA-SEATS, JDemetra+ 2.2.4), discrete quarter, as published; quarterly national accounts vintage -- see metadata"
2019-07-01,national,GDP,Валовой внутренний продукт,16759614.726062326,"seasonally and calendar adjusted (X13-ARIMA-SEATS, JDemetra+ 2.2.4), discrete quarter, as published; quarterly national accounts vintage -- see metadata"
2019-10-01,national,GDP,Валовой внутренний продукт,16946946.57697748,"seasonally and calendar adjusted (X13-ARIMA-SEATS, JDemetra+ 2.2.4), discrete quarter, as published; quarterly national accounts vintage -- see metadata"
2020-01-01,national,GDP,Валовой внутренний продукт,16497151.476918241,"seasonally and calendar adjusted (X13-ARIMA-SEATS, JDemetra+ 2.2.4), discrete quarter, as published; quarterly national accounts vintage -- see metadata"
2020-04-01,national,GDP,Валовой внутренний продукт,15102209.08279095,"seasonally and calendar adjusted (X13-ARIMA-SEATS, JDemetra+ 2.2.4), discrete quarter, as published; quarterly national accounts vintage -- see metadata"
2020-07-01,national,GDP,Валовой внутренний продукт,16585322.924722696,"seasonally and calendar adjusted (X13-ARIMA-SEATS, JDemetra+ 2.2.4), discrete quarter, as published; quarterly national accounts vintage -- see metadata"
2020-10-01,national,GDP,Валовой внутренний продукт,18005319.93718153,"seasonally and calendar adjusted (X13-ARIMA-SEATS, JDemetra+ 2.2.4), discrete quarter, as published; quarterly national accounts vintage -- see metadata"
2021-01-01,national,GDP,Валовой внутренний продукт,19191025.978666034,"seasonally and calendar adjusted (X13-ARIMA-SEATS, JDemetra+ 2.2.4), discrete quarter, as published; quarterly national accounts vintage -- see metadata"
2021-04-01,national,GDP,Валовой внутренний продукт,20255709.431914218,"seasonally and calendar adjusted (X13-ARIMA-SEATS, JDemetra+ 2.2.4), discrete quarter, as published; quarterly national accounts vintage -- see metadata"
2021-07-01,national,GDP,Валовой внутренний продукт,20867620.061156325,"seasonally and calendar adjusted (X13-ARIMA-SEATS, JDemetra+ 2.2.4), discrete quarter, as published; quarterly national accounts vintage -- see metadata"
2021-10-01,national,GDP,Валовой внутренний продукт,21544034.667283293,"seasonally and calendar adjusted (X13-ARIMA-SEATS, JDemetra+ 2.2.4), discrete quarter, as published; quarterly national accounts vintage -- see metadata"
2022-01-01,national,GDP,Валовой внутренний продукт,24807717.358696174,"seasonally and calendar adjusted (X13-ARIMA-SEATS, JDemetra+ 2.2.4), discrete quarter, as published; quarterly national accounts vintage -- see metadata"
2022-04-01,national,GDP,Валовой внутренний продукт,24858916.230199095,"seasonally and calendar adjusted (X13-ARIMA-SEATS, JDemetra+ 2.2.4), discrete quarter, as published; quarterly national accounts vintage -- see metadata"
2022-07-01,national,GDP,Валовой внутренний продукт,25966228.169119287,"seasonally and calendar adjusted (X13-ARIMA-SEATS, JDemetra+ 2.2.4), discrete quarter, as published; quarterly national accounts vintage -- see metadata"
2022-10-01,national,GDP,Валовой внутренний продукт,25796852.531937037,"seasonally and calendar adjusted (X13-ARIMA-SEATS, JDemetra+ 2.2.4), discrete quarter, as published; quarterly national accounts vintage -- see metadata"
2023-01-01,national,GDP,Валовой внутренний продукт,27516139.684897255,"seasonally and calendar adjusted (X13-ARIMA-SEATS, JDemetra+ 2.2.4), discrete quarter, as published; quarterly national accounts vintage -- see metadata"
2023-04-01,national,GDP,Валовой внутренний продукт,28253353.145694498,"seasonally and calendar adjusted (X13-ARIMA-SEATS, JDemetra+ 2.2.4), discrete quarter, as published; quarterly national accounts vintage -- see metadata"
2023-07-01,national,GDP,Валовой внутренний продукт,29598671.11655109,"seasonally and calendar adjusted (X13-ARIMA-SEATS, JDemetra+ 2.2.4), discrete quarter, as published; quarterly national accounts vintage -- see metadata"
2023-10-01,national,GDP,Валовой внутренний продукт,31184065.506446846,"seasonally and calendar adjusted (X13-ARIMA-SEATS, JDemetra+ 2.2.4), discrete quarter, as published; quarterly national accounts vintage -- see metadata"
2024-01-01,national,GDP,Валовой внутренний продукт,30783523.93935105,"seasonally and calendar adjusted (X13-ARIMA-SEATS, JDemetra+ 2.2.4), discrete quarter, as published; quarterly national accounts vintage -- see metadata"
2024-04-01,national,GDP,Валовой внутренний продукт,31786255.83654657,"seasonally and calendar adjusted (X13-ARIMA-SEATS, JDemetra+ 2.2.4), discrete quarter, as published; quarterly national accounts vintage -- see metadata"
2024-07-01,national,GDP,Валовой внутренний продукт,33668538.33990847,"seasonally and calendar adjusted (X13-ARIMA-SEATS, JDemetra+ 2.2.4), discrete quarter, as published; quarterly national accounts vintage -- see metadata"
2024-10-01,national,GDP,Валовой внутренний продукт,36134798.91743963,"seasonally and calendar adjusted (X13-ARIMA-SEATS, JDemetra+ 2.2.4), discrete quarter, as published; quarterly national accounts vintage -- see metadata"
2025-01-01,national,GDP,Валовой внутренний продукт,36017324.92246412,"seasonally and calendar adjusted (X13-ARIMA-SEATS, JDemetra+ 2.2.4), discrete quarter, as published; quarterly national accounts vintage -- see metadata"
2025-04-01,national,GDP,Валовой внутренний продукт,38301549.33374857,"seasonally and calendar adjusted (X13-ARIMA-SEATS, JDemetra+ 2.2.4), discrete quarter, as published; quarterly national accounts vintage -- see metadata"
2025-07-01,national,GDP,Валовой внутренний продукт,39996513.59693454,"seasonally and calendar adjusted (X13-ARIMA-SEATS, JDemetra+ 2.2.4), discrete quarter, as published; quarterly national accounts vintage -- see metadata"
2025-10-01,national,GDP,Валовой внутренний продукт,40421114.515035845,"seasonally and calendar adjusted (X13-ARIMA-SEATS, JDemetra+ 2.2.4), discrete quarter, as published; quarterly national accounts vintage -- see metadata"
2026-01-01,national,GDP,Валовой внутренний продукт,41672514.03047062,"seasonally and calendar adjusted (X13-ARIMA-SEATS, JDemetra+ 2.2.4), discrete quarter, as published; quarterly national accounts vintage -- see metadata"
2010-01-01,national,GFCF,валовое накопление основного капитала,1381274.0266705197,"seasonally and calendar adjusted (X13-ARIMA-SEATS, JDemetra+ 2.2.4), discrete quarter, as published; quarterly national accounts vintage -- see metadata"
2010-04-01,national,GFCF,валовое накопление основного капитала,1295509.9930866724,"seasonally and calendar adjusted (X13-ARIMA-SEATS, JDemetra+ 2.2.4), discrete quarter, as published; quarterly national accounts vintage -- see metadata"
2010-07-01,national,GFCF,валовое накопление основного капитала,1585178.0250431355,"seasonally and calendar adjusted (X13-ARIMA-SEATS, JDemetra+ 2.2.4), discrete quarter, as published; quarterly national accounts vintage -- see metadata"
2010-10-01,national,GFCF,валовое накопление основного капитала,1599519.6484884936,"seasonally and calendar adjusted (X13-ARIMA-SEATS, JDemetra+ 2.2.4), discrete quarter, as published; quarterly national accounts vintage -- see metadata"
2011-01-01,national,GFCF,валовое накопление основного капитала,1431821.3444431988,"seasonally and calendar adjusted (X13-ARIMA-SEATS, JDemetra+ 2.2.4), discrete quarter, as published; quarterly national accounts vintage -- see metadata"
2011-04-01,national,GFCF,валовое накопление основного капитала,1567912.8893996228,"seasonally and calendar adjusted (X13-ARIMA-SEATS, JDemetra+ 2.2.4), discrete quarter, as published; quarterly national accounts vintage -- see metadata"
2011-07-01,national,GFCF,валовое накопление основного капитала,1625193.2251234457,"seasonally and calendar adjusted (X13-ARIMA-SEATS, JDemetra+ 2.2.4), discrete quarter, as published; quarterly national accounts vintage -- see metadata"
2011-10-01,national,GFCF,валовое накопление основного капитала,1695701.0420811742,"seasonally and calendar adjusted (X13-ARIMA-SEATS, JDemetra+ 2.2.4), discrete quarter, as published; quarterly national accounts vintage -- see metadata"
2012-01-01,national,GFCF,валовое накопление основного капитала,1809450.142289273,"seasonally and calendar adjusted (X13-ARIMA-SEATS, JDemetra+ 2.2.4), discrete quarter, as published; quarterly national accounts vintage -- see metadata"
2012-04-01,national,GFCF,валовое накопление основного капитала,1822275.4496664014,"seasonally and calendar adjusted (X13-ARIMA-SEATS, JDemetra+ 2.2.4), discrete quarter, as published; quarterly national accounts vintage -- see metadata"
2012-07-01,national,GFCF,валовое накопление основного капитала,1912616.808825888,"seasonally and calendar adjusted (X13-ARIMA-SEATS, JDemetra+ 2.2.4), discrete quarter, as published; quarterly national accounts vintage -- see metadata"
2012-10-01,national,GFCF,валовое накопление основного капитала,2035103.9981046272,"seasonally and calendar adjusted (X13-ARIMA-SEATS, JDemetra+ 2.2.4), discrete quarter, as published; quarterly national accounts vintage -- see metadata"
2013-01-01,national,GFCF,валовое накопление основного капитала,2114342.387200636,"seasonally and calendar adjusted (X13-ARIMA-SEATS, JDemetra+ 2.2.4), discrete quarter, as published; quarterly national accounts vintage -- see metadata"
2013-04-01,national,GFCF,валовое накопление основного капитала,2114256.8195774755,"seasonally and calendar adjusted (X13-ARIMA-SEATS, JDemetra+ 2.2.4), discrete quarter, as published; quarterly national accounts vintage -- see metadata"
2013-07-01,national,GFCF,валовое накопление основного капитала,2208351.049166018,"seasonally and calendar adjusted (X13-ARIMA-SEATS, JDemetra+ 2.2.4), discrete quarter, as published; quarterly national accounts vintage -- see metadata"
2013-10-01,national,GFCF,валовое накопление основного капитала,2285509.595944383,"seasonally and calendar adjusted (X13-ARIMA-SEATS, JDemetra+ 2.2.4), discrete quarter, as published; quarterly national accounts vintage -- see metadata"
2014-01-01,national,GFCF,валовое накопление основного капитала,2322450.155301419,"seasonally and calendar adjusted (X13-ARIMA-SEATS, JDemetra+ 2.2.4), discrete quarter, as published; quarterly national accounts vintage -- see metadata"
2014-04-01,national,GFCF,валовое накопление основного капитала,2465941.6340152128,"seasonally and calendar adjusted (X13-ARIMA-SEATS, JDemetra+ 2.2.4), discrete quarter, as published; quarterly national accounts vintage -- see metadata"
2014-07-01,national,GFCF,валовое накопление основного капитала,2386530.702968846,"seasonally and calendar adjusted (X13-ARIMA-SEATS, JDemetra+ 2.2.4), discrete quarter, as published; quarterly national accounts vintage -- see metadata"
2014-10-01,national,GFCF,валовое накопление основного капитала,2348136.3844639976,"seasonally and calendar adjusted (X13-ARIMA-SEATS, JDemetra+ 2.2.4), discrete quarter, as published; quarterly national accounts vintage -- see metadata"
2015-01-01,national,GFCF,валовое накопление основного капитала,2324686.4153576554,"seasonally and calendar adjusted (X13-ARIMA-SEATS, JDemetra+ 2.2.4), discrete quarter, as published; quarterly national accounts vintage -- see metadata"
2015-04-01,national,GFCF,валовое накопление основного капитала,2496987.870697449,"seasonally and calendar adjusted (X13-ARIMA-SEATS, JDemetra+ 2.2.4), discrete quarter, as published; quarterly national accounts vintage -- see metadata"
2015-07-01,national,GFCF,валовое накопление основного капитала,2711784.2437686007,"seasonally and calendar adjusted (X13-ARIMA-SEATS, JDemetra+ 2.2.4), discrete quarter, as published; quarterly national accounts vintage -- see metadata"
2015-10-01,national,GFCF,валовое накопление основного капитала,2524740.091509725,"seasonally and calendar adjusted (X13-ARIMA-SEATS, JDemetra+ 2.2.4), discrete quarter, as published; quarterly national accounts vintage -- see metadata"
2016-01-01,national,GFCF,валовое накопление основного капитала,2711783.3176081353,"seasonally and calendar adjusted (X13-ARIMA-SEATS, JDemetra+ 2.2.4), discrete quarter, as published; quarterly national accounts vintage -- see metadata"
2016-04-01,national,GFCF,валовое накопление основного капитала,2769430.2347158105,"seasonally and calendar adjusted (X13-ARIMA-SEATS, JDemetra+ 2.2.4), discrete quarter, as published; quarterly national accounts vintage -- see metadata"
2016-07-01,national,GFCF,валовое накопление основного капитала,2808706.0064091976,"seasonally and calendar adjusted (X13-ARIMA-SEATS, JDemetra+ 2.2.4), discrete quarter, as published; quarterly national accounts vintage -- see metadata"
2016-10-01,national,GFCF,валовое накопление основного капитала,2976947.390421018,"seasonally and calendar adjusted (X13-ARIMA-SEATS, JDemetra+ 2.2.4), discrete quarter, as published; quarterly national accounts vintage -- see metadata"
2017-01-01,national,GFCF,валовое накопление основного капитала,2978360.1001385716,"seasonally and calendar adjusted (X13-ARIMA-SEATS, JDemetra+ 2.2.4), discrete quarter, as published; quarterly national accounts vintage -- see metadata"
2017-04-01,national,GFCF,валовое накопление основного капитала,2992969.15240884,"seasonally and calendar adjusted (X13-ARIMA-SEATS, JDemetra+ 2.2.4), discrete quarter, as published; quarterly national accounts vintage -- see metadata"
2017-07-01,national,GFCF,валовое накопление основного капитала,3091210.6030735397,"seasonally and calendar adjusted (X13-ARIMA-SEATS, JDemetra+ 2.2.4), discrete quarter, as published; quarterly national accounts vintage -- see metadata"
2017-10-01,national,GFCF,валовое накопление основного капитала,3405827.4736905918,"seasonally and calendar adjusted (X13-ARIMA-SEATS, JDemetra+ 2.2.4), discrete quarter, as published; quarterly national accounts vintage -- see metadata"
2018-01-01,national,GFCF,валовое накопление основного капитала,3632038.0206690766,"seasonally and calendar adjusted (X13-ARIMA-SEATS, JDemetra+ 2.2.4), discrete quarter, as published; quarterly national accounts vintage -- see metadata"
2018-04-01,national,GFCF,валовое накопление основного капитала,3367509.180836987,"seasonally and calendar adjusted (X13-ARIMA-SEATS, JDemetra+ 2.2.4), discrete quarter, as published; quarterly national accounts vintage -- see metadata"
2018-07-01,national,GFCF,валовое накопление основного капитала,3549811.6022613123,"seasonally and calendar adjusted (X13-ARIMA-SEATS, JDemetra+ 2.2.4), discrete quarter, as published; quarterly national accounts vintage -- see metadata"
2018-10-01,national,GFCF,валовое накопление основного капитала,3309197.7902454142,"seasonally and calendar adjusted (X13-ARIMA-SEATS, JDemetra+ 2.2.4), discrete quarter, as published; quarterly national accounts vintage -- see metadata"
2019-01-01,national,GFCF,валовое накопление основного капитала,3515043.056964891,"seasonally and calendar adjusted (X13-ARIMA-SEATS, JDemetra+ 2.2.4), discrete quarter, as published; quarterly national accounts vintage -- see metadata"
2019-04-01,national,GFCF,валовое накопление основного капитала,4481713.242373341,"seasonally and calendar adjusted (X13-ARIMA-SEATS, JDemetra+ 2.2.4), discrete quarter, as published; quarterly national accounts vintage -- see metadata"
2019-07-01,national,GFCF,валовое накопление основного капитала,4176171.80106283,"seasonally and calendar adjusted (X13-ARIMA-SEATS, JDemetra+ 2.2.4), discrete quarter, as published; quarterly national accounts vintage -- see metadata"
2019-10-01,national,GFCF,валовое накопление основного капитала,4042780.0104011376,"seasonally and calendar adjusted (X13-ARIMA-SEATS, JDemetra+ 2.2.4), discrete quarter, as published; quarterly national accounts vintage -- see metadata"
2020-01-01,national,GFCF,валовое накопление основного капитала,4518818.58042624,"seasonally and calendar adjusted (X13-ARIMA-SEATS, JDemetra+ 2.2.4), discrete quarter, as published; quarterly national accounts vintage -- see metadata"
2020-04-01,national,GFCF,валовое накопление основного капитала,4069062.4646166814,"seasonally and calendar adjusted (X13-ARIMA-SEATS, JDemetra+ 2.2.4), discrete quarter, as published; quarterly national accounts vintage -- see metadata"
2020-07-01,national,GFCF,валовое накопление основного капитала,4180299.2897883384,"seasonally and calendar adjusted (X13-ARIMA-SEATS, JDemetra+ 2.2.4), discrete quarter, as published; quarterly national accounts vintage -- see metadata"
2020-10-01,national,GFCF,валовое накопление основного капитала,4869004.160373809,"seasonally and calendar adjusted (X13-ARIMA-SEATS, JDemetra+ 2.2.4), discrete quarter, as published; quarterly national accounts vintage -- see metadata"
2021-01-01,national,GFCF,валовое накопление основного капитала,4509406.900992787,"seasonally and calendar adjusted (X13-ARIMA-SEATS, JDemetra+ 2.2.4), discrete quarter, as published; quarterly national accounts vintage -- see metadata"
2021-04-01,national,GFCF,валовое накопление основного капитала,4905507.576056461,"seasonally and calendar adjusted (X13-ARIMA-SEATS, JDemetra+ 2.2.4), discrete quarter, as published; quarterly national accounts vintage -- see metadata"
2021-07-01,national,GFCF,валовое накопление основного капитала,4841801.861437529,"seasonally and calendar adjusted (X13-ARIMA-SEATS, JDemetra+ 2.2.4), discrete quarter, as published; quarterly national accounts vintage -- see metadata"
2021-10-01,national,GFCF,валовое накопление основного капитала,4902808.692641455,"seasonally and calendar adjusted (X13-ARIMA-SEATS, JDemetra+ 2.2.4), discrete quarter, as published; quarterly national accounts vintage -- see metadata"
2022-01-01,national,GFCF,валовое накопление основного капитала,5375193.200562306,"seasonally and calendar adjusted (X13-ARIMA-SEATS, JDemetra+ 2.2.4), discrete quarter, as published; quarterly national accounts vintage -- see metadata"
2022-04-01,national,GFCF,валовое накопление основного капитала,5302613.653394293,"seasonally and calendar adjusted (X13-ARIMA-SEATS, JDemetra+ 2.2.4), discrete quarter, as published; quarterly national accounts vintage -- see metadata"
2022-07-01,national,GFCF,валовое накопление основного капитала,5735701.0508722905,"seasonally and calendar adjusted (X13-ARIMA-SEATS, JDemetra+ 2.2.4), discrete quarter, as published; quarterly national accounts vintage -- see metadata"
2022-10-01,national,GFCF,валовое накопление основного капитала,5742788.10293974,"seasonally and calendar adjusted (X13-ARIMA-SEATS, JDemetra+ 2.2.4), discrete quarter, as published; quarterly national accounts vintage -- see metadata"
2023-01-01,national,GFCF,валовое накопление основного капитала,6955167.504082716,"seasonally and calendar adjusted (X13-ARIMA-SEATS, JDemetra+ 2.2.4), discrete quarter, as published; quarterly national accounts vintage -- see metadata"
2023-04-01,national,GFCF,валовое накопление основного капитала,7371533.998024929,"seasonally and calendar adjusted (X13-ARIMA-SEATS, JDemetra+ 2.2.4), discrete quarter, as published; quarterly national accounts vintage -- see metadata"
2023-07-01,national,GFCF,валовое накопление основного капитала,7605935.947472181,"seasonally and calendar adjusted (X13-ARIMA-SEATS, JDemetra+ 2.2.4), discrete quarter, as published; quarterly national accounts vintage -- see metadata"
2023-10-01,national,GFCF,валовое накопление основного капитала,7944022.1174107315,"seasonally and calendar adjusted (X13-ARIMA-SEATS, JDemetra+ 2.2.4), discrete quarter, as published; quarterly national accounts vintage -- see metadata"
2024-01-01,national,GFCF,валовое накопление основного капитала,7141893.001129995,"seasonally and calendar adjusted (X13-ARIMA-SEATS, JDemetra+ 2.2.4), discrete quarter, as published; quarterly national accounts vintage -- see metadata"
2024-04-01,national,GFCF,валовое накопление основного капитала,7547750.479646495,"seasonally and calendar adjusted (X13-ARIMA-SEATS, JDemetra+ 2.2.4), discrete quarter, as published; quarterly national accounts vintage -- see metadata"
2024-07-01,national,GFCF,валовое накопление основного капитала,8686669.755341414,"seasonally and calendar adjusted (X13-ARIMA-SEATS, JDemetra+ 2.2.4), discrete quarter, as published; quarterly national accounts vintage -- see metadata"
2024-10-01,national,GFCF,валовое накопление основного капитала,8789700.756738268,"seasonally and calendar adjusted (X13-ARIMA-SEATS, JDemetra+ 2.2.4), discrete quarter, as published; quarterly national accounts vintage -- see metadata"
2025-01-01,national,GFCF,валовое накопление основного капитала,8990193.02544421,"seasonally and calendar adjusted (X13-ARIMA-SEATS, JDemetra+ 2.2.4), discrete quarter, as published; quarterly national accounts vintage -- see metadata"
2025-04-01,national,GFCF,валовое накопление основного капитала,9902304.059611315,"seasonally and calendar adjusted (X13-ARIMA-SEATS, JDemetra+ 2.2.4), discrete quarter, as published; quarterly national accounts vintage -- see metadata"
2025-07-01,national,GFCF,валовое накопление основного капитала,9706434.106458483,"seasonally and calendar adjusted (X13-ARIMA-SEATS, JDemetra+ 2.2.4), discrete quarter, as published; quarterly national accounts vintage -- see metadata"
2025-10-01,national,GFCF,валовое накопление основного капитала,10239833.684163665,"seasonally and calendar adjusted (X13-ARIMA-SEATS, JDemetra+ 2.2.4), discrete quarter, as published; quarterly national accounts vintage -- see metadata"
2026-01-01,national,GFCF,валовое накопление основного капитала,10618277.101816643,"seasonally and calendar adjusted (X13-ARIMA-SEATS, JDemetra+ 2.2.4), discrete quarter, as published; quarterly national accounts vintage -- see metadata"
2010-01-01,national,GOVERNMENT,органов государственного управления,514664.36062089,"seasonally and calendar adjusted (X13-ARIMA-SEATS, JDemetra+ 2.2.4), discrete quarter, as published; quarterly national accounts vintage -- see metadata"
2010-04-01,national,GOVERNMENT,органов государственного управления,577680.2412800906,"seasonally and calendar adjusted (X13-ARIMA-SEATS, JDemetra+ 2.2.4), discrete quarter, as published; quarterly national accounts vintage -- see metadata"
2010-07-01,national,GOVERNMENT,органов государственного управления,630268.6048639021,"seasonally and calendar adjusted (X13-ARIMA-SEATS, JDemetra+ 2.2.4), discrete quarter, as published; quarterly national accounts vintage -- see metadata"
2010-10-01,national,GOVERNMENT,органов государственного управления,634303.5763008998,"seasonally and calendar adjusted (X13-ARIMA-SEATS, JDemetra+ 2.2.4), discrete quarter, as published; quarterly national accounts vintage -- see metadata"
2011-01-01,national,GOVERNMENT,органов государственного управления,687948.4215629648,"seasonally and calendar adjusted (X13-ARIMA-SEATS, JDemetra+ 2.2.4), discrete quarter, as published; quarterly national accounts vintage -- see metadata"
2011-04-01,national,GOVERNMENT,органов государственного управления,679411.1437028386,"seasonally and calendar adjusted (X13-ARIMA-SEATS, JDemetra+ 2.2.4), discrete quarter, as published; quarterly national accounts vintage -- see metadata"
2011-07-01,national,GOVERNMENT,органов государственного управления,733621.647398075,"seasonally and calendar adjusted (X13-ARIMA-SEATS, JDemetra+ 2.2.4), discrete quarter, as published; quarterly national accounts vintage -- see metadata"
2011-10-01,national,GOVERNMENT,органов государственного управления,838689.861437603,"seasonally and calendar adjusted (X13-ARIMA-SEATS, JDemetra+ 2.2.4), discrete quarter, as published; quarterly national accounts vintage -- see metadata"
2012-01-01,national,GOVERNMENT,органов государственного управления,869515.7753689706,"seasonally and calendar adjusted (X13-ARIMA-SEATS, JDemetra+ 2.2.4), discrete quarter, as published; quarterly national accounts vintage -- see metadata"
2012-04-01,national,GOVERNMENT,органов государственного управления,869487.4937329139,"seasonally and calendar adjusted (X13-ARIMA-SEATS, JDemetra+ 2.2.4), discrete quarter, as published; quarterly national accounts vintage -- see metadata"
2012-07-01,national,GOVERNMENT,органов государственного управления,883287.7410050301,"seasonally and calendar adjusted (X13-ARIMA-SEATS, JDemetra+ 2.2.4), discrete quarter, as published; quarterly national accounts vintage -- see metadata"
2012-10-01,national,GOVERNMENT,органов государственного управления,943202.8067202718,"seasonally and calendar adjusted (X13-ARIMA-SEATS, JDemetra+ 2.2.4), discrete quarter, as published; quarterly national accounts vintage -- see metadata"
2013-01-01,national,GOVERNMENT,органов государственного управления,821919.4602954632,"seasonally and calendar adjusted (X13-ARIMA-SEATS, JDemetra+ 2.2.4), discrete quarter, as published; quarterly national accounts vintage -- see metadata"
2013-04-01,national,GOVERNMENT,органов государственного управления,922488.4647793362,"seasonally and calendar adjusted (X13-ARIMA-SEATS, JDemetra+ 2.2.4), discrete quarter, as published; quarterly national accounts vintage -- see metadata"
2013-07-01,national,GOVERNMENT,органов государственного управления,956970.8386988974,"seasonally and calendar adjusted (X13-ARIMA-SEATS, JDemetra+ 2.2.4), discrete quarter, as published; quarterly national accounts vintage -- see metadata"
2013-10-01,national,GOVERNMENT,органов государственного управления,942078.2725098713,"seasonally and calendar adjusted (X13-ARIMA-SEATS, JDemetra+ 2.2.4), discrete quarter, as published; quarterly national accounts vintage -- see metadata"
2014-01-01,national,GOVERNMENT,органов государственного управления,1000494.2515585785,"seasonally and calendar adjusted (X13-ARIMA-SEATS, JDemetra+ 2.2.4), discrete quarter, as published; quarterly national accounts vintage -- see metadata"
2014-04-01,national,GOVERNMENT,органов государственного управления,1081902.4369050555,"seasonally and calendar adjusted (X13-ARIMA-SEATS, JDemetra+ 2.2.4), discrete quarter, as published; quarterly national accounts vintage -- see metadata"
2014-07-01,national,GOVERNMENT,органов государственного управления,1069584.7099078426,"seasonally and calendar adjusted (X13-ARIMA-SEATS, JDemetra+ 2.2.4), discrete quarter, as published; quarterly national accounts vintage -- see metadata"
2014-10-01,national,GOVERNMENT,органов государственного управления,1067012.822045167,"seasonally and calendar adjusted (X13-ARIMA-SEATS, JDemetra+ 2.2.4), discrete quarter, as published; quarterly national accounts vintage -- see metadata"
2015-01-01,national,GOVERNMENT,органов государственного управления,1153589.0535414412,"seasonally and calendar adjusted (X13-ARIMA-SEATS, JDemetra+ 2.2.4), discrete quarter, as published; quarterly national accounts vintage -- see metadata"
2015-04-01,national,GOVERNMENT,органов государственного управления,1161009.3027105003,"seasonally and calendar adjusted (X13-ARIMA-SEATS, JDemetra+ 2.2.4), discrete quarter, as published; quarterly national accounts vintage -- see metadata"
2015-07-01,national,GOVERNMENT,органов государственного управления,1188086.5420026896,"seasonally and calendar adjusted (X13-ARIMA-SEATS, JDemetra+ 2.2.4), discrete quarter, as published; quarterly national accounts vintage -- see metadata"
2015-10-01,national,GOVERNMENT,органов государственного управления,1213124.3770037168,"seasonally and calendar adjusted (X13-ARIMA-SEATS, JDemetra+ 2.2.4), discrete quarter, as published; quarterly national accounts vintage -- see metadata"
2016-01-01,national,GOVERNMENT,органов государственного управления,1476200.4599227116,"seasonally and calendar adjusted (X13-ARIMA-SEATS, JDemetra+ 2.2.4), discrete quarter, as published; quarterly national accounts vintage -- see metadata"
2016-04-01,national,GOVERNMENT,органов государственного управления,1224736.355979155,"seasonally and calendar adjusted (X13-ARIMA-SEATS, JDemetra+ 2.2.4), discrete quarter, as published; quarterly national accounts vintage -- see metadata"
2016-07-01,national,GOVERNMENT,органов государственного управления,1318051.5145108155,"seasonally and calendar adjusted (X13-ARIMA-SEATS, JDemetra+ 2.2.4), discrete quarter, as published; quarterly national accounts vintage -- see metadata"
2016-10-01,national,GOVERNMENT,органов государственного управления,1421245.2481557338,"seasonally and calendar adjusted (X13-ARIMA-SEATS, JDemetra+ 2.2.4), discrete quarter, as published; quarterly national accounts vintage -- see metadata"
2017-01-01,national,GOVERNMENT,органов государственного управления,1356651.9413067296,"seasonally and calendar adjusted (X13-ARIMA-SEATS, JDemetra+ 2.2.4), discrete quarter, as published; quarterly national accounts vintage -- see metadata"
2017-04-01,national,GOVERNMENT,органов государственного управления,1403175.5069289235,"seasonally and calendar adjusted (X13-ARIMA-SEATS, JDemetra+ 2.2.4), discrete quarter, as published; quarterly national accounts vintage -- see metadata"
2017-07-01,national,GOVERNMENT,органов государственного управления,1459949.399910294,"seasonally and calendar adjusted (X13-ARIMA-SEATS, JDemetra+ 2.2.4), discrete quarter, as published; quarterly national accounts vintage -- see metadata"
2017-10-01,national,GOVERNMENT,органов государственного управления,1487737.6056024279,"seasonally and calendar adjusted (X13-ARIMA-SEATS, JDemetra+ 2.2.4), discrete quarter, as published; quarterly national accounts vintage -- see metadata"
2018-01-01,national,GOVERNMENT,органов государственного управления,1503095.7903767163,"seasonally and calendar adjusted (X13-ARIMA-SEATS, JDemetra+ 2.2.4), discrete quarter, as published; quarterly national accounts vintage -- see metadata"
2018-04-01,national,GOVERNMENT,органов государственного управления,1437337.9133240408,"seasonally and calendar adjusted (X13-ARIMA-SEATS, JDemetra+ 2.2.4), discrete quarter, as published; quarterly national accounts vintage -- see metadata"
2018-07-01,national,GOVERNMENT,органов государственного управления,1606389.7563736627,"seasonally and calendar adjusted (X13-ARIMA-SEATS, JDemetra+ 2.2.4), discrete quarter, as published; quarterly national accounts vintage -- see metadata"
2018-10-01,national,GOVERNMENT,органов государственного управления,1577076.8972922526,"seasonally and calendar adjusted (X13-ARIMA-SEATS, JDemetra+ 2.2.4), discrete quarter, as published; quarterly national accounts vintage -- see metadata"
2019-01-01,national,GOVERNMENT,органов государственного управления,1629100.528487411,"seasonally and calendar adjusted (X13-ARIMA-SEATS, JDemetra+ 2.2.4), discrete quarter, as published; quarterly national accounts vintage -- see metadata"
2019-04-01,national,GOVERNMENT,органов государственного управления,1813577.2364345537,"seasonally and calendar adjusted (X13-ARIMA-SEATS, JDemetra+ 2.2.4), discrete quarter, as published; quarterly national accounts vintage -- see metadata"
2019-07-01,national,GOVERNMENT,органов государственного управления,1781794.4854214739,"seasonally and calendar adjusted (X13-ARIMA-SEATS, JDemetra+ 2.2.4), discrete quarter, as published; quarterly national accounts vintage -- see metadata"
2019-10-01,national,GOVERNMENT,органов государственного управления,2108707.050158179,"seasonally and calendar adjusted (X13-ARIMA-SEATS, JDemetra+ 2.2.4), discrete quarter, as published; quarterly national accounts vintage -- see metadata"
2020-01-01,national,GOVERNMENT,органов государственного управления,2046652.2581564412,"seasonally and calendar adjusted (X13-ARIMA-SEATS, JDemetra+ 2.2.4), discrete quarter, as published; quarterly national accounts vintage -- see metadata"
2020-04-01,national,GOVERNMENT,органов государственного управления,2213092.5036228052,"seasonally and calendar adjusted (X13-ARIMA-SEATS, JDemetra+ 2.2.4), discrete quarter, as published; quarterly national accounts vintage -- see metadata"
2020-07-01,national,GOVERNMENT,органов государственного управления,2298225.5438213167,"seasonally and calendar adjusted (X13-ARIMA-SEATS, JDemetra+ 2.2.4), discrete quarter, as published; quarterly national accounts vintage -- see metadata"
2020-10-01,national,GOVERNMENT,органов государственного управления,2125992.692262338,"seasonally and calendar adjusted (X13-ARIMA-SEATS, JDemetra+ 2.2.4), discrete quarter, as published; quarterly national accounts vintage -- see metadata"
2021-01-01,national,GOVERNMENT,органов государственного управления,2381434.068989051,"seasonally and calendar adjusted (X13-ARIMA-SEATS, JDemetra+ 2.2.4), discrete quarter, as published; quarterly national accounts vintage -- see metadata"
2021-04-01,national,GOVERNMENT,органов государственного управления,2258285.5321820443,"seasonally and calendar adjusted (X13-ARIMA-SEATS, JDemetra+ 2.2.4), discrete quarter, as published; quarterly national accounts vintage -- see metadata"
2021-07-01,national,GOVERNMENT,органов государственного управления,2582025.680146792,"seasonally and calendar adjusted (X13-ARIMA-SEATS, JDemetra+ 2.2.4), discrete quarter, as published; quarterly national accounts vintage -- see metadata"
2021-10-01,national,GOVERNMENT,органов государственного управления,2382753.41240685,"seasonally and calendar adjusted (X13-ARIMA-SEATS, JDemetra+ 2.2.4), discrete quarter, as published; quarterly national accounts vintage -- see metadata"
2022-01-01,national,GOVERNMENT,органов государственного управления,2717203.2139800605,"seasonally and calendar adjusted (X13-ARIMA-SEATS, JDemetra+ 2.2.4), discrete quarter, as published; quarterly national accounts vintage -- see metadata"
2022-04-01,national,GOVERNMENT,органов государственного управления,2737201.921090601,"seasonally and calendar adjusted (X13-ARIMA-SEATS, JDemetra+ 2.2.4), discrete quarter, as published; quarterly national accounts vintage -- see metadata"
2022-07-01,national,GOVERNMENT,органов государственного управления,2592095.803076998,"seasonally and calendar adjusted (X13-ARIMA-SEATS, JDemetra+ 2.2.4), discrete quarter, as published; quarterly national accounts vintage -- see metadata"
2022-10-01,national,GOVERNMENT,органов государственного управления,2926507.7091322998,"seasonally and calendar adjusted (X13-ARIMA-SEATS, JDemetra+ 2.2.4), discrete quarter, as published; quarterly national accounts vintage -- see metadata"
2023-01-01,national,GOVERNMENT,органов государственного управления,3127648.6129530985,"seasonally and calendar adjusted (X13-ARIMA-SEATS, JDemetra+ 2.2.4), discrete quarter, as published; quarterly national accounts vintage -- see metadata"
2023-04-01,national,GOVERNMENT,органов государственного управления,3436782.0415168637,"seasonally and calendar adjusted (X13-ARIMA-SEATS, JDemetra+ 2.2.4), discrete quarter, as published; quarterly national accounts vintage -- see metadata"
2023-07-01,national,GOVERNMENT,органов государственного управления,3120039.949504719,"seasonally and calendar adjusted (X13-ARIMA-SEATS, JDemetra+ 2.2.4), discrete quarter, as published; quarterly national accounts vintage -- see metadata"
2023-10-01,national,GOVERNMENT,органов государственного управления,3610415.2766847867,"seasonally and calendar adjusted (X13-ARIMA-SEATS, JDemetra+ 2.2.4), discrete quarter, as published; quarterly national accounts vintage -- see metadata"
2024-01-01,national,GOVERNMENT,органов государственного управления,3327348.214780876,"seasonally and calendar adjusted (X13-ARIMA-SEATS, JDemetra+ 2.2.4), discrete quarter, as published; quarterly national accounts vintage -- see metadata"
2024-04-01,national,GOVERNMENT,органов государственного управления,3409293.486614824,"seasonally and calendar adjusted (X13-ARIMA-SEATS, JDemetra+ 2.2.4), discrete quarter, as published; quarterly national accounts vintage -- see metadata"
2024-07-01,national,GOVERNMENT,органов государственного управления,3916022.9409254114,"seasonally and calendar adjusted (X13-ARIMA-SEATS, JDemetra+ 2.2.4), discrete quarter, as published; quarterly national accounts vintage -- see metadata"
2024-10-01,national,GOVERNMENT,органов государственного управления,4001121.005336233,"seasonally and calendar adjusted (X13-ARIMA-SEATS, JDemetra+ 2.2.4), discrete quarter, as published; quarterly national accounts vintage -- see metadata"
2025-01-01,national,GOVERNMENT,органов государственного управления,3768904.476747175,"seasonally and calendar adjusted (X13-ARIMA-SEATS, JDemetra+ 2.2.4), discrete quarter, as published; quarterly national accounts vintage -- see metadata"
2025-04-01,national,GOVERNMENT,органов государственного управления,4176890.197714754,"seasonally and calendar adjusted (X13-ARIMA-SEATS, JDemetra+ 2.2.4), discrete quarter, as published; quarterly national accounts vintage -- see metadata"
2025-07-01,national,GOVERNMENT,органов государственного управления,4147140.6905207564,"seasonally and calendar adjusted (X13-ARIMA-SEATS, JDemetra+ 2.2.4), discrete quarter, as published; quarterly national accounts vintage -- see metadata"
2025-10-01,national,GOVERNMENT,органов государственного управления,4300922.417125558,"seasonally and calendar adjusted (X13-ARIMA-SEATS, JDemetra+ 2.2.4), discrete quarter, as published; quarterly national accounts vintage -- see metadata"
2026-01-01,national,GOVERNMENT,органов государственного управления,4561135.717870091,"seasonally and calendar adjusted (X13-ARIMA-SEATS, JDemetra+ 2.2.4), discrete quarter, as published; quarterly national accounts vintage -- see metadata"
2010-01-01,national,GOV_COLLECTIVE,на коллективные услуги,311665.41797411547,"seasonally and calendar adjusted (X13-ARIMA-SEATS, JDemetra+ 2.2.4), discrete quarter, as published; quarterly national accounts vintage -- see metadata"
2010-04-01,national,GOV_COLLECTIVE,на коллективные услуги,240110.64485018354,"seasonally and calendar adjusted (X13-ARIMA-SEATS, JDemetra+ 2.2.4), discrete quarter, as published; quarterly national accounts vintage -- see metadata"
2010-07-01,national,GOV_COLLECTIVE,на коллективные услуги,337780.59032846376,"seasonally and calendar adjusted (X13-ARIMA-SEATS, JDemetra+ 2.2.4), discrete quarter, as published; quarterly national accounts vintage -- see metadata"
2010-10-01,national,GOV_COLLECTIVE,на коллективные услуги,383095.9632259707,"seasonally and calendar adjusted (X13-ARIMA-SEATS, JDemetra+ 2.2.4), discrete quarter, as published; quarterly national accounts vintage -- see metadata"
2011-01-01,national,GOV_COLLECTIVE,на коллективные услуги,392082.2496017099,"seasonally and calendar adjusted (X13-ARIMA-SEATS, JDemetra+ 2.2.4), discrete quarter, as published; quarterly national accounts vintage -- see metadata"
2011-04-01,national,GOV_COLLECTIVE,на коллективные услуги,356280.02950445533,"seasonally and calendar adjusted (X13-ARIMA-SEATS, JDemetra+ 2.2.4), discrete quarter, as published; quarterly national accounts vintage -- see metadata"
2011-07-01,national,GOV_COLLECTIVE,на коллективные услуги,311056.0183195738,"seasonally and calendar adjusted (X13-ARIMA-SEATS, JDemetra+ 2.2.4), discrete quarter, as published; quarterly national accounts vintage -- see metadata"
2011-10-01,national,GOV_COLLECTIVE,на коллективные услуги,481481.0156182915,"seasonally and calendar adjusted (X13-ARIMA-SEATS, JDemetra+ 2.2.4), discrete quarter, as published; quarterly national accounts vintage -- see metadata"
2012-01-01,national,GOV_COLLECTIVE,на коллективные услуги,448798.44794890506,"seasonally and calendar adjusted (X13-ARIMA-SEATS, JDemetra+ 2.2.4), discrete quarter, as published; quarterly national accounts vintage -- see metadata"
2012-04-01,national,GOV_COLLECTIVE,на коллективные услуги,467971.6566618825,"seasonally and calendar adjusted (X13-ARIMA-SEATS, JDemetra+ 2.2.4), discrete quarter, as published; quarterly national accounts vintage -- see metadata"
2012-07-01,national,GOV_COLLECTIVE,на коллективные услуги,518108.4946739416,"seasonally and calendar adjusted (X13-ARIMA-SEATS, JDemetra+ 2.2.4), discrete quarter, as published; quarterly national accounts vintage -- see metadata"
2012-10-01,national,GOV_COLLECTIVE,на коллективные услуги,499250.85555789125,"seasonally and calendar adjusted (X13-ARIMA-SEATS, JDemetra+ 2.2.4), discrete quarter, as published; quarterly national accounts vintage -- see metadata"
2013-01-01,national,GOV_COLLECTIVE,на коллективные услуги,374359.2082291498,"seasonally and calendar adjusted (X13-ARIMA-SEATS, JDemetra+ 2.2.4), discrete quarter, as published; quarterly national accounts vintage -- see metadata"
2013-04-01,national,GOV_COLLECTIVE,на коллективные услуги,562486.8317662085,"seasonally and calendar adjusted (X13-ARIMA-SEATS, JDemetra+ 2.2.4), discrete quarter, as published; quarterly national accounts vintage -- see metadata"
2013-07-01,national,GOV_COLLECTIVE,на коллективные услуги,549603.9277218798,"seasonally and calendar adjusted (X13-ARIMA-SEATS, JDemetra+ 2.2.4), discrete quarter, as published; quarterly national accounts vintage -- see metadata"
2013-10-01,national,GOV_COLLECTIVE,на коллективные услуги,494590.07829451124,"seasonally and calendar adjusted (X13-ARIMA-SEATS, JDemetra+ 2.2.4), discrete quarter, as published; quarterly national accounts vintage -- see metadata"
2014-01-01,national,GOV_COLLECTIVE,на коллективные услуги,568191.9241638536,"seasonally and calendar adjusted (X13-ARIMA-SEATS, JDemetra+ 2.2.4), discrete quarter, as published; quarterly national accounts vintage -- see metadata"
2014-04-01,national,GOV_COLLECTIVE,на коллективные услуги,636068.5613104857,"seasonally and calendar adjusted (X13-ARIMA-SEATS, JDemetra+ 2.2.4), discrete quarter, as published; quarterly national accounts vintage -- see metadata"
2014-07-01,national,GOV_COLLECTIVE,на коллективные услуги,610677.7685856153,"seasonally and calendar adjusted (X13-ARIMA-SEATS, JDemetra+ 2.2.4), discrete quarter, as published; quarterly national accounts vintage -- see metadata"
2014-10-01,national,GOV_COLLECTIVE,на коллективные услуги,577883.9002011587,"seasonally and calendar adjusted (X13-ARIMA-SEATS, JDemetra+ 2.2.4), discrete quarter, as published; quarterly national accounts vintage -- see metadata"
2015-01-01,national,GOV_COLLECTIVE,на коллективные услуги,709008.9454111314,"seasonally and calendar adjusted (X13-ARIMA-SEATS, JDemetra+ 2.2.4), discrete quarter, as published; quarterly national accounts vintage -- see metadata"
2015-04-01,national,GOV_COLLECTIVE,на коллективные услуги,718387.6699255838,"seasonally and calendar adjusted (X13-ARIMA-SEATS, JDemetra+ 2.2.4), discrete quarter, as published; quarterly national accounts vintage -- see metadata"
2015-07-01,national,GOV_COLLECTIVE,на коллективные услуги,678040.1550156147,"seasonally and calendar adjusted (X13-ARIMA-SEATS, JDemetra+ 2.2.4), discrete quarter, as published; quarterly national accounts vintage -- see metadata"
2015-10-01,national,GOV_COLLECTIVE,на коллективные услуги,700368.8514095721,"seasonally and calendar adjusted (X13-ARIMA-SEATS, JDemetra+ 2.2.4), discrete quarter, as published; quarterly national accounts vintage -- see metadata"
2016-01-01,national,GOV_COLLECTIVE,на коллективные услуги,825337.4055737291,"seasonally and calendar adjusted (X13-ARIMA-SEATS, JDemetra+ 2.2.4), discrete quarter, as published; quarterly national accounts vintage -- see metadata"
2016-04-01,national,GOV_COLLECTIVE,на коллективные услуги,654335.175541249,"seasonally and calendar adjusted (X13-ARIMA-SEATS, JDemetra+ 2.2.4), discrete quarter, as published; quarterly national accounts vintage -- see metadata"
2016-07-01,national,GOV_COLLECTIVE,на коллективные услуги,677850.8042212677,"seasonally and calendar adjusted (X13-ARIMA-SEATS, JDemetra+ 2.2.4), discrete quarter, as published; quarterly national accounts vintage -- see metadata"
2016-10-01,national,GOV_COLLECTIVE,на коллективные услуги,745394.3441301803,"seasonally and calendar adjusted (X13-ARIMA-SEATS, JDemetra+ 2.2.4), discrete quarter, as published; quarterly national accounts vintage -- see metadata"
2017-01-01,national,GOV_COLLECTIVE,на коллективные услуги,750661.845914227,"seasonally and calendar adjusted (X13-ARIMA-SEATS, JDemetra+ 2.2.4), discrete quarter, as published; quarterly national accounts vintage -- see metadata"
2017-04-01,national,GOV_COLLECTIVE,на коллективные услуги,711564.3010058108,"seasonally and calendar adjusted (X13-ARIMA-SEATS, JDemetra+ 2.2.4), discrete quarter, as published; quarterly national accounts vintage -- see metadata"
2017-07-01,national,GOV_COLLECTIVE,на коллективные услуги,769880.3936045109,"seasonally and calendar adjusted (X13-ARIMA-SEATS, JDemetra+ 2.2.4), discrete quarter, as published; quarterly national accounts vintage -- see metadata"
2017-10-01,national,GOV_COLLECTIVE,на коллективные услуги,803914.6980643639,"seasonally and calendar adjusted (X13-ARIMA-SEATS, JDemetra+ 2.2.4), discrete quarter, as published; quarterly national accounts vintage -- see metadata"
2018-01-01,national,GOV_COLLECTIVE,на коллективные услуги,798902.1816826138,"seasonally and calendar adjusted (X13-ARIMA-SEATS, JDemetra+ 2.2.4), discrete quarter, as published; quarterly national accounts vintage -- see metadata"
2018-04-01,national,GOV_COLLECTIVE,на коллективные услуги,750644.2680717442,"seasonally and calendar adjusted (X13-ARIMA-SEATS, JDemetra+ 2.2.4), discrete quarter, as published; quarterly national accounts vintage -- see metadata"
2018-07-01,national,GOV_COLLECTIVE,на коллективные услуги,852363.353972878,"seasonally and calendar adjusted (X13-ARIMA-SEATS, JDemetra+ 2.2.4), discrete quarter, as published; quarterly national accounts vintage -- see metadata"
2018-10-01,national,GOV_COLLECTIVE,на коллективные услуги,790091.0252158787,"seasonally and calendar adjusted (X13-ARIMA-SEATS, JDemetra+ 2.2.4), discrete quarter, as published; quarterly national accounts vintage -- see metadata"
2019-01-01,national,GOV_COLLECTIVE,на коллективные услуги,849921.0420196052,"seasonally and calendar adjusted (X13-ARIMA-SEATS, JDemetra+ 2.2.4), discrete quarter, as published; quarterly national accounts vintage -- see metadata"
2019-04-01,national,GOV_COLLECTIVE,на коллективные услуги,1072332.7888534532,"seasonally and calendar adjusted (X13-ARIMA-SEATS, JDemetra+ 2.2.4), discrete quarter, as published; quarterly national accounts vintage -- see metadata"
2019-07-01,national,GOV_COLLECTIVE,на коллективные услуги,905950.9326693622,"seasonally and calendar adjusted (X13-ARIMA-SEATS, JDemetra+ 2.2.4), discrete quarter, as published; quarterly national accounts vintage -- see metadata"
2019-10-01,national,GOV_COLLECTIVE,на коллективные услуги,1136943.4474255177,"seasonally and calendar adjusted (X13-ARIMA-SEATS, JDemetra+ 2.2.4), discrete quarter, as published; quarterly national accounts vintage -- see metadata"
2020-01-01,national,GOV_COLLECTIVE,на коллективные услуги,991481.7290965277,"seasonally and calendar adjusted (X13-ARIMA-SEATS, JDemetra+ 2.2.4), discrete quarter, as published; quarterly national accounts vintage -- see metadata"
2020-04-01,national,GOV_COLLECTIVE,на коллективные услуги,1137528.3877719815,"seasonally and calendar adjusted (X13-ARIMA-SEATS, JDemetra+ 2.2.4), discrete quarter, as published; quarterly national accounts vintage -- see metadata"
2020-07-01,national,GOV_COLLECTIVE,на коллективные услуги,1131106.3618932636,"seasonally and calendar adjusted (X13-ARIMA-SEATS, JDemetra+ 2.2.4), discrete quarter, as published; quarterly national accounts vintage -- see metadata"
2020-10-01,national,GOV_COLLECTIVE,на коллективные услуги,1207758.61227708,"seasonally and calendar adjusted (X13-ARIMA-SEATS, JDemetra+ 2.2.4), discrete quarter, as published; quarterly national accounts vintage -- see metadata"
2021-01-01,national,GOV_COLLECTIVE,на коллективные услуги,1112687.968136879,"seasonally and calendar adjusted (X13-ARIMA-SEATS, JDemetra+ 2.2.4), discrete quarter, as published; quarterly national accounts vintage -- see metadata"
2021-04-01,national,GOV_COLLECTIVE,на коллективные услуги,1093065.8619853987,"seasonally and calendar adjusted (X13-ARIMA-SEATS, JDemetra+ 2.2.4), discrete quarter, as published; quarterly national accounts vintage -- see metadata"
2021-07-01,national,GOV_COLLECTIVE,на коллективные услуги,1160134.7636584777,"seasonally and calendar adjusted (X13-ARIMA-SEATS, JDemetra+ 2.2.4), discrete quarter, as published; quarterly national accounts vintage -- see metadata"
2021-10-01,national,GOV_COLLECTIVE,на коллективные услуги,1208423.4020788413,"seasonally and calendar adjusted (X13-ARIMA-SEATS, JDemetra+ 2.2.4), discrete quarter, as published; quarterly national accounts vintage -- see metadata"
2022-01-01,national,GOV_COLLECTIVE,на коллективные услуги,1330772.7988404378,"seasonally and calendar adjusted (X13-ARIMA-SEATS, JDemetra+ 2.2.4), discrete quarter, as published; quarterly national accounts vintage -- see metadata"
2022-04-01,national,GOV_COLLECTIVE,на коллективные услуги,1350083.1895179295,"seasonally and calendar adjusted (X13-ARIMA-SEATS, JDemetra+ 2.2.4), discrete quarter, as published; quarterly national accounts vintage -- see metadata"
2022-07-01,national,GOV_COLLECTIVE,на коллективные услуги,1348725.7729521722,"seasonally and calendar adjusted (X13-ARIMA-SEATS, JDemetra+ 2.2.4), discrete quarter, as published; quarterly national accounts vintage -- see metadata"
2022-10-01,national,GOV_COLLECTIVE,на коллективные услуги,1347352.6173119429,"seasonally and calendar adjusted (X13-ARIMA-SEATS, JDemetra+ 2.2.4), discrete quarter, as published; quarterly national accounts vintage -- see metadata"
2023-01-01,national,GOV_COLLECTIVE,на коллективные услуги,1925593.4916190247,"seasonally and calendar adjusted (X13-ARIMA-SEATS, JDemetra+ 2.2.4), discrete quarter, as published; quarterly national accounts vintage -- see metadata"
2023-04-01,national,GOV_COLLECTIVE,на коллективные услуги,1574082.7674451047,"seasonally and calendar adjusted (X13-ARIMA-SEATS, JDemetra+ 2.2.4), discrete quarter, as published; quarterly national accounts vintage -- see metadata"
2023-07-01,national,GOV_COLLECTIVE,на коллективные услуги,1606514.4783296795,"seasonally and calendar adjusted (X13-ARIMA-SEATS, JDemetra+ 2.2.4), discrete quarter, as published; quarterly national accounts vintage -- see metadata"
2023-10-01,national,GOV_COLLECTIVE,на коллективные услуги,1589892.74876495,"seasonally and calendar adjusted (X13-ARIMA-SEATS, JDemetra+ 2.2.4), discrete quarter, as published; quarterly national accounts vintage -- see metadata"
2024-01-01,national,GOV_COLLECTIVE,на коллективные услуги,1488069.3786978298,"seasonally and calendar adjusted (X13-ARIMA-SEATS, JDemetra+ 2.2.4), discrete quarter, as published; quarterly national accounts vintage -- see metadata"
2024-04-01,national,GOV_COLLECTIVE,на коллективные услуги,1637731.498265621,"seasonally and calendar adjusted (X13-ARIMA-SEATS, JDemetra+ 2.2.4), discrete quarter, as published; quarterly national accounts vintage -- see metadata"
2024-07-01,national,GOV_COLLECTIVE,на коллективные услуги,1903952.3278906774,"seasonally and calendar adjusted (X13-ARIMA-SEATS, JDemetra+ 2.2.4), discrete quarter, as published; quarterly national accounts vintage -- see metadata"
2024-10-01,national,GOV_COLLECTIVE,на коллективные услуги,1787978.7533161112,"seasonally and calendar adjusted (X13-ARIMA-SEATS, JDemetra+ 2.2.4), discrete quarter, as published; quarterly national accounts vintage -- see metadata"
2025-01-01,national,GOV_COLLECTIVE,на коллективные услуги,1888747.052353986,"seasonally and calendar adjusted (X13-ARIMA-SEATS, JDemetra+ 2.2.4), discrete quarter, as published; quarterly national accounts vintage -- see metadata"
2025-04-01,national,GOV_COLLECTIVE,на коллективные услуги,2078019.094726148,"seasonally and calendar adjusted (X13-ARIMA-SEATS, JDemetra+ 2.2.4), discrete quarter, as published; quarterly national accounts vintage -- see metadata"
2025-07-01,national,GOV_COLLECTIVE,на коллективные услуги,1996232.8307711848,"seasonally and calendar adjusted (X13-ARIMA-SEATS, JDemetra+ 2.2.4), discrete quarter, as published; quarterly national accounts vintage -- see metadata"
2025-10-01,national,GOV_COLLECTIVE,на коллективные услуги,2146532.2073415755,"seasonally and calendar adjusted (X13-ARIMA-SEATS, JDemetra+ 2.2.4), discrete quarter, as published; quarterly national accounts vintage -- see metadata"
2026-01-01,national,GOV_COLLECTIVE,на коллективные услуги,2366831.5962836337,"seasonally and calendar adjusted (X13-ARIMA-SEATS, JDemetra+ 2.2.4), discrete quarter, as published; quarterly national accounts vintage -- see metadata"
2010-01-01,national,GOV_INDIVIDUAL,на индивидуальные товары и услуги,239870.89999999985,"seasonally and calendar adjusted (X13-ARIMA-SEATS, JDemetra+ 2.2.4), discrete quarter, as published; quarterly national accounts vintage -- see metadata"
2010-04-01,national,GOV_INDIVIDUAL,на индивидуальные товары и услуги,360323.74177999987,"seasonally and calendar adjusted (X13-ARIMA-SEATS, JDemetra+ 2.2.4), discrete quarter, as published; quarterly national accounts vintage -- see metadata"
2010-07-01,national,GOV_INDIVIDUAL,на индивидуальные товары и услуги,281363.26750000013,"seasonally and calendar adjusted (X13-ARIMA-SEATS, JDemetra+ 2.2.4), discrete quarter, as published; quarterly national accounts vintage -- see metadata"
2010-10-01,national,GOV_INDIVIDUAL,на индивидуальные товары и услуги,185514.99071999997,"seasonally and calendar adjusted (X13-ARIMA-SEATS, JDemetra+ 2.2.4), discrete quarter, as published; quarterly national accounts vintage -- see metadata"
2011-01-01,national,GOV_INDIVIDUAL,на индивидуальные товары и услуги,338768.10000000003,"seasonally and calendar adjusted (X13-ARIMA-SEATS, JDemetra+ 2.2.4), discrete quarter, as published; quarterly national accounts vintage -- see metadata"
2011-04-01,national,GOV_INDIVIDUAL,на индивидуальные товары и услуги,349767.3999999997,"seasonally and calendar adjusted (X13-ARIMA-SEATS, JDemetra+ 2.2.4), discrete quarter, as published; quarterly national accounts vintage -- see metadata"
2011-07-01,national,GOV_INDIVIDUAL,на индивидуальные товары и услуги,399331.3668520001,"seasonally and calendar adjusted (X13-ARIMA-SEATS, JDemetra+ 2.2.4), discrete quarter, as published; quarterly national accounts vintage -- see metadata"
2011-10-01,national,GOV_INDIVIDUAL,на индивидуальные товары и услуги,282906.83314799995,"seasonally and calendar adjusted (X13-ARIMA-SEATS, JDemetra+ 2.2.4), discrete quarter, as published; quarterly national accounts vintage -- see metadata"
2012-01-01,national,GOV_INDIVIDUAL,на индивидуальные товары и услуги,432694.59999999986,"seasonally and calendar adjusted (X13-ARIMA-SEATS, JDemetra+ 2.2.4), discrete quarter, as published; quarterly national accounts vintage -- see metadata"
2012-04-01,national,GOV_INDIVIDUAL,на индивидуальные товары и услуги,432884.2000000003,"seasonally and calendar adjusted (X13-ARIMA-SEATS, JDemetra+ 2.2.4), discrete quarter, as published; quarterly national accounts vintage -- see metadata"
2012-07-01,national,GOV_INDIVIDUAL,на индивидуальные товары и услуги,342828.29999999993,"seasonally and calendar adjusted (X13-ARIMA-SEATS, JDemetra+ 2.2.4), discrete quarter, as published; quarterly national accounts vintage -- see metadata"
2012-10-01,national,GOV_INDIVIDUAL,на индивидуальные товары и услуги,443324.5,"seasonally and calendar adjusted (X13-ARIMA-SEATS, JDemetra+ 2.2.4), discrete quarter, as published; quarterly national accounts vintage -- see metadata"
2013-01-01,national,GOV_INDIVIDUAL,на индивидуальные товары и услуги,446688.9529982927,"seasonally and calendar adjusted (X13-ARIMA-SEATS, JDemetra+ 2.2.4), discrete quarter, as published; quarterly national accounts vintage -- see metadata"
2013-04-01,national,GOV_INDIVIDUAL,на индивидуальные товары и услуги,410466.2743374763,"seasonally and calendar adjusted (X13-ARIMA-SEATS, JDemetra+ 2.2.4), discrete quarter, as published; quarterly national accounts vintage -- see metadata"
2013-07-01,national,GOV_INDIVIDUAL,на индивидуальные товары и услуги,448508.98208440427,"seasonally and calendar adjusted (X13-ARIMA-SEATS, JDemetra+ 2.2.4), discrete quarter, as published; quarterly national accounts vintage -- see metadata"
2013-10-01,national,GOV_INDIVIDUAL,на индивидуальные товары и услуги,451293.8442569145,"seasonally and calendar adjusted (X13-ARIMA-SEATS, JDemetra+ 2.2.4), discrete quarter, as published; quarterly national accounts vintage -- see metadata"
2014-01-01,national,GOV_INDIVIDUAL,на индивидуальные товары и услуги,464664.4885680141,"seasonally and calendar adjusted (X13-ARIMA-SEATS, JDemetra+ 2.2.4), discrete quarter, as published; quarterly national accounts vintage -- see metadata"
2014-04-01,national,GOV_INDIVIDUAL,на индивидуальные товары и услуги,502801.746466065,"seasonally and calendar adjusted (X13-ARIMA-SEATS, JDemetra+ 2.2.4), discrete quarter, as published; quarterly national accounts vintage -- see metadata"
2014-07-01,national,GOV_INDIVIDUAL,на индивидуальные товары и услуги,491063.32636101975,"seasonally and calendar adjusted (X13-ARIMA-SEATS, JDemetra+ 2.2.4), discrete quarter, as published; quarterly national accounts vintage -- see metadata"
2014-10-01,national,GOV_INDIVIDUAL,на индивидуальные товары и услуги,503988.94593555783,"seasonally and calendar adjusted (X13-ARIMA-SEATS, JDemetra+ 2.2.4), discrete quarter, as published; quarterly national accounts vintage -- see metadata"
2015-01-01,national,GOV_INDIVIDUAL,на индивидуальные товары и услуги,491882.10205288895,"seasonally and calendar adjusted (X13-ARIMA-SEATS, JDemetra+ 2.2.4), discrete quarter, as published; quarterly national accounts vintage -- see metadata"
2015-04-01,national,GOV_INDIVIDUAL,на индивидуальные товары и услуги,512906.04400303157,"seasonally and calendar adjusted (X13-ARIMA-SEATS, JDemetra+ 2.2.4), discrete quarter, as published; quarterly national accounts vintage -- see metadata"
2015-07-01,national,GOV_INDIVIDUAL,на индивидуальные товары и услуги,533007.3928408658,"seasonally and calendar adjusted (X13-ARIMA-SEATS, JDemetra+ 2.2.4), discrete quarter, as published; quarterly national accounts vintage -- see metadata"
2015-10-01,national,GOV_INDIVIDUAL,на индивидуальные товары и услуги,534763.4495089377,"seasonally and calendar adjusted (X13-ARIMA-SEATS, JDemetra+ 2.2.4), discrete quarter, as published; quarterly national accounts vintage -- see metadata"
2016-01-01,national,GOV_INDIVIDUAL,на индивидуальные товары и услуги,624953.5919207314,"seasonally and calendar adjusted (X13-ARIMA-SEATS, JDemetra+ 2.2.4), discrete quarter, as published; quarterly national accounts vintage -- see metadata"
2016-04-01,national,GOV_INDIVIDUAL,на индивидуальные товары и услуги,629776.4107176646,"seasonally and calendar adjusted (X13-ARIMA-SEATS, JDemetra+ 2.2.4), discrete quarter, as published; quarterly national accounts vintage -- see metadata"
2016-07-01,national,GOV_INDIVIDUAL,на индивидуальные товары и услуги,668766.6203933458,"seasonally and calendar adjusted (X13-ARIMA-SEATS, JDemetra+ 2.2.4), discrete quarter, as published; quarterly national accounts vintage -- see metadata"
2016-10-01,national,GOV_INDIVIDUAL,на индивидуальные товары и услуги,716826.4118648864,"seasonally and calendar adjusted (X13-ARIMA-SEATS, JDemetra+ 2.2.4), discrete quarter, as published; quarterly national accounts vintage -- see metadata"
2017-01-01,national,GOV_INDIVIDUAL,на индивидуальные товары и услуги,637499.8943262848,"seasonally and calendar adjusted (X13-ARIMA-SEATS, JDemetra+ 2.2.4), discrete quarter, as published; quarterly national accounts vintage -- see metadata"
2017-04-01,national,GOV_INDIVIDUAL,на индивидуальные товары и услуги,751525.0871413907,"seasonally and calendar adjusted (X13-ARIMA-SEATS, JDemetra+ 2.2.4), discrete quarter, as published; quarterly national accounts vintage -- see metadata"
2017-07-01,national,GOV_INDIVIDUAL,на индивидуальные товары и услуги,712526.2189992447,"seasonally and calendar adjusted (X13-ARIMA-SEATS, JDemetra+ 2.2.4), discrete quarter, as published; quarterly national accounts vintage -- see metadata"
2017-10-01,national,GOV_INDIVIDUAL,на индивидуальные товары и услуги,721828.4284560978,"seasonally and calendar adjusted (X13-ARIMA-SEATS, JDemetra+ 2.2.4), discrete quarter, as published; quarterly national accounts vintage -- see metadata"
2018-01-01,national,GOV_INDIVIDUAL,на индивидуальные товары и услуги,737354.1556740449,"seasonally and calendar adjusted (X13-ARIMA-SEATS, JDemetra+ 2.2.4), discrete quarter, as published; quarterly national accounts vintage -- see metadata"
2018-04-01,national,GOV_INDIVIDUAL,на индивидуальные товары и услуги,749162.5645453575,"seasonally and calendar adjusted (X13-ARIMA-SEATS, JDemetra+ 2.2.4), discrete quarter, as published; quarterly national accounts vintage -- see metadata"
2018-07-01,national,GOV_INDIVIDUAL,на индивидуальные товары и услуги,774537.0470977637,"seasonally and calendar adjusted (X13-ARIMA-SEATS, JDemetra+ 2.2.4), discrete quarter, as published; quarterly national accounts vintage -- see metadata"
2018-10-01,national,GOV_INDIVIDUAL,на индивидуальные товары и услуги,829640.5684147733,"seasonally and calendar adjusted (X13-ARIMA-SEATS, JDemetra+ 2.2.4), discrete quarter, as published; quarterly national accounts vintage -- see metadata"
2019-01-01,national,GOV_INDIVIDUAL,на индивидуальные товары и услуги,822333.383386696,"seasonally and calendar adjusted (X13-ARIMA-SEATS, JDemetra+ 2.2.4), discrete quarter, as published; quarterly national accounts vintage -- see metadata"
2019-04-01,national,GOV_INDIVIDUAL,на индивидуальные товары и услуги,834062.2645497668,"seasonally and calendar adjusted (X13-ARIMA-SEATS, JDemetra+ 2.2.4), discrete quarter, as published; quarterly national accounts vintage -- see metadata"
2019-07-01,national,GOV_INDIVIDUAL,на индивидуальные товары и услуги,910998.4993409046,"seasonally and calendar adjusted (X13-ARIMA-SEATS, JDemetra+ 2.2.4), discrete quarter, as published; quarterly national accounts vintage -- see metadata"
2019-10-01,national,GOV_INDIVIDUAL,на индивидуальные товары и услуги,999244.0719516636,"seasonally and calendar adjusted (X13-ARIMA-SEATS, JDemetra+ 2.2.4), discrete quarter, as published; quarterly national accounts vintage -- see metadata"
2020-01-01,national,GOV_INDIVIDUAL,на индивидуальные товары и услуги,1038724.892559879,"seasonally and calendar adjusted (X13-ARIMA-SEATS, JDemetra+ 2.2.4), discrete quarter, as published; quarterly national accounts vintage -- see metadata"
2020-04-01,national,GOV_INDIVIDUAL,на индивидуальные товары и услуги,1152630.4448850304,"seasonally and calendar adjusted (X13-ARIMA-SEATS, JDemetra+ 2.2.4), discrete quarter, as published; quarterly national accounts vintage -- see metadata"
2020-07-01,national,GOV_INDIVIDUAL,на индивидуальные товары и услуги,1214368.8176663264,"seasonally and calendar adjusted (X13-ARIMA-SEATS, JDemetra+ 2.2.4), discrete quarter, as published; quarterly national accounts vintage -- see metadata"
2020-10-01,national,GOV_INDIVIDUAL,на индивидуальные товары и услуги,934254.297702662,"seasonally and calendar adjusted (X13-ARIMA-SEATS, JDemetra+ 2.2.4), discrete quarter, as published; quarterly national accounts vintage -- see metadata"
2021-01-01,national,GOV_INDIVIDUAL,на индивидуальные товары и услуги,1333322.3036122948,"seasonally and calendar adjusted (X13-ARIMA-SEATS, JDemetra+ 2.2.4), discrete quarter, as published; quarterly national accounts vintage -- see metadata"
2021-04-01,national,GOV_INDIVIDUAL,на индивидуальные товары и услуги,1220441.30291876,"seasonally and calendar adjusted (X13-ARIMA-SEATS, JDemetra+ 2.2.4), discrete quarter, as published; quarterly national accounts vintage -- see metadata"
2021-07-01,national,GOV_INDIVIDUAL,на индивидуальные товары и услуги,1505418.166073812,"seasonally and calendar adjusted (X13-ARIMA-SEATS, JDemetra+ 2.2.4), discrete quarter, as published; quarterly national accounts vintage -- see metadata"
2021-10-01,national,GOV_INDIVIDUAL,на индивидуальные товары и услуги,1211981.486677453,"seasonally and calendar adjusted (X13-ARIMA-SEATS, JDemetra+ 2.2.4), discrete quarter, as published; quarterly national accounts vintage -- see metadata"
2022-01-01,national,GOV_INDIVIDUAL,на индивидуальные товары и услуги,1492725.6460679206,"seasonally and calendar adjusted (X13-ARIMA-SEATS, JDemetra+ 2.2.4), discrete quarter, as published; quarterly national accounts vintage -- see metadata"
2022-04-01,national,GOV_INDIVIDUAL,на индивидуальные товары и услуги,1448208.924463087,"seasonally and calendar adjusted (X13-ARIMA-SEATS, JDemetra+ 2.2.4), discrete quarter, as published; quarterly national accounts vintage -- see metadata"
2022-07-01,national,GOV_INDIVIDUAL,на индивидуальные товары и услуги,1264711.7311384506,"seasonally and calendar adjusted (X13-ARIMA-SEATS, JDemetra+ 2.2.4), discrete quarter, as published; quarterly national accounts vintage -- see metadata"
2022-10-01,national,GOV_INDIVIDUAL,на индивидуальные товары и услуги,1513475.2369553023,"seasonally and calendar adjusted (X13-ARIMA-SEATS, JDemetra+ 2.2.4), discrete quarter, as published; quarterly national accounts vintage -- see metadata"
2023-01-01,national,GOV_INDIVIDUAL,на индивидуальные товары и услуги,1431500.8269461796,"seasonally and calendar adjusted (X13-ARIMA-SEATS, JDemetra+ 2.2.4), discrete quarter, as published; quarterly national accounts vintage -- see metadata"
2023-04-01,national,GOV_INDIVIDUAL,на индивидуальные товары и услуги,1896256.215639817,"seasonally and calendar adjusted (X13-ARIMA-SEATS, JDemetra+ 2.2.4), discrete quarter, as published; quarterly national accounts vintage -- see metadata"
2023-07-01,national,GOV_INDIVIDUAL,на индивидуальные товары и услуги,1543274.6340249588,"seasonally and calendar adjusted (X13-ARIMA-SEATS, JDemetra+ 2.2.4), discrete quarter, as published; quarterly national accounts vintage -- see metadata"
2023-10-01,national,GOV_INDIVIDUAL,на индивидуальные товары и услуги,1972366.1584087412,"seasonally and calendar adjusted (X13-ARIMA-SEATS, JDemetra+ 2.2.4), discrete quarter, as published; quarterly national accounts vintage -- see metadata"
2024-01-01,national,GOV_INDIVIDUAL,на индивидуальные товары и услуги,1812875.9579611267,"seasonally and calendar adjusted (X13-ARIMA-SEATS, JDemetra+ 2.2.4), discrete quarter, as published; quarterly national accounts vintage -- see metadata"
2024-04-01,national,GOV_INDIVIDUAL,на индивидуальные товары и услуги,1810384.6434308551,"seasonally and calendar adjusted (X13-ARIMA-SEATS, JDemetra+ 2.2.4), discrete quarter, as published; quarterly national accounts vintage -- see metadata"
2024-07-01,national,GOV_INDIVIDUAL,на индивидуальные товары и услуги,2071610.1425961268,"seasonally and calendar adjusted (X13-ARIMA-SEATS, JDemetra+ 2.2.4), discrete quarter, as published; quarterly national accounts vintage -- see metadata"
2024-10-01,national,GOV_INDIVIDUAL,на индивидуальные товары и услуги,2190321.518591572,"seasonally and calendar adjusted (X13-ARIMA-SEATS, JDemetra+ 2.2.4), discrete quarter, as published; quarterly national accounts vintage -- see metadata"
2025-01-01,national,GOV_INDIVIDUAL,на индивидуальные товары и услуги,2015923.5933896597,"seasonally and calendar adjusted (X13-ARIMA-SEATS, JDemetra+ 2.2.4), discrete quarter, as published; quarterly national accounts vintage -- see metadata"
2025-04-01,national,GOV_INDIVIDUAL,на индивидуальные товары и услуги,2147240.490785546,"seasonally and calendar adjusted (X13-ARIMA-SEATS, JDemetra+ 2.2.4), discrete quarter, as published; quarterly national accounts vintage -- see metadata"
2025-07-01,national,GOV_INDIVIDUAL,на индивидуальные товары и услуги,2229568.865413547,"seasonally and calendar adjusted (X13-ARIMA-SEATS, JDemetra+ 2.2.4), discrete quarter, as published; quarterly national accounts vintage -- see metadata"
2025-10-01,national,GOV_INDIVIDUAL,на индивидуальные товары и услуги,2116408.809249441,"seasonally and calendar adjusted (X13-ARIMA-SEATS, JDemetra+ 2.2.4), discrete quarter, as published; quarterly national accounts vintage -- see metadata"
2026-01-01,national,GOV_INDIVIDUAL,на индивидуальные товары и услуги,2370070.2429888234,"seasonally and calendar adjusted (X13-ARIMA-SEATS, JDemetra+ 2.2.4), discrete quarter, as published; quarterly national accounts vintage -- see metadata"
2010-01-01,national,GROSS_CAPITAL_FORMATION,Валовое накопление,1360012.8121203533,"seasonally and calendar adjusted (X13-ARIMA-SEATS, JDemetra+ 2.2.4), discrete quarter, as published; quarterly national accounts vintage -- see metadata"
2010-04-01,national,GROSS_CAPITAL_FORMATION,Валовое накопление,1387441.8774885233,"seasonally and calendar adjusted (X13-ARIMA-SEATS, JDemetra+ 2.2.4), discrete quarter, as published; quarterly national accounts vintage -- see metadata"
2010-07-01,national,GROSS_CAPITAL_FORMATION,Валовое накопление,1732774.9587160577,"seasonally and calendar adjusted (X13-ARIMA-SEATS, JDemetra+ 2.2.4), discrete quarter, as published; quarterly national accounts vintage -- see metadata"
2010-10-01,national,GROSS_CAPITAL_FORMATION,Валовое накопление,1774721.3612252565,"seasonally and calendar adjusted (X13-ARIMA-SEATS, JDemetra+ 2.2.4), discrete quarter, as published; quarterly national accounts vintage -- see metadata"
2011-01-01,national,GROSS_CAPITAL_FORMATION,Валовое накопление,1430473.7842763006,"seasonally and calendar adjusted (X13-ARIMA-SEATS, JDemetra+ 2.2.4), discrete quarter, as published; quarterly national accounts vintage -- see metadata"
2011-04-01,national,GROSS_CAPITAL_FORMATION,Валовое накопление,1652506.5424675334,"seasonally and calendar adjusted (X13-ARIMA-SEATS, JDemetra+ 2.2.4), discrete quarter, as published; quarterly national accounts vintage -- see metadata"
2011-07-01,national,GROSS_CAPITAL_FORMATION,Валовое накопление,1789105.1787500961,"seasonally and calendar adjusted (X13-ARIMA-SEATS, JDemetra+ 2.2.4), discrete quarter, as published; quarterly national accounts vintage -- see metadata"
2011-10-01,national,GROSS_CAPITAL_FORMATION,Валовое накопление,1915059.6007206978,"seasonally and calendar adjusted (X13-ARIMA-SEATS, JDemetra+ 2.2.4), discrete quarter, as published; quarterly national accounts vintage -- see metadata"
2012-01-01,national,GROSS_CAPITAL_FORMATION,Валовое накопление,1864023.5616473902,"seasonally and calendar adjusted (X13-ARIMA-SEATS, JDemetra+ 2.2.4), discrete quarter, as published; quarterly national accounts vintage -- see metadata"
2012-04-01,national,GROSS_CAPITAL_FORMATION,Валовое накопление,1992847.8879321911,"seasonally and calendar adjusted (X13-ARIMA-SEATS, JDemetra+ 2.2.4), discrete quarter, as published; quarterly national accounts vintage -- see metadata"
2012-07-01,national,GROSS_CAPITAL_FORMATION,Валовое накопление,2150654.2286022073,"seasonally and calendar adjusted (X13-ARIMA-SEATS, JDemetra+ 2.2.4), discrete quarter, as published; quarterly national accounts vintage -- see metadata"
2012-10-01,national,GROSS_CAPITAL_FORMATION,Валовое накопление,2287592.8929050034,"seasonally and calendar adjusted (X13-ARIMA-SEATS, JDemetra+ 2.2.4), discrete quarter, as published; quarterly national accounts vintage -- see metadata"
2013-01-01,national,GROSS_CAPITAL_FORMATION,Валовое накопление,2201940.5529761696,"seasonally and calendar adjusted (X13-ARIMA-SEATS, JDemetra+ 2.2.4), discrete quarter, as published; quarterly national accounts vintage -- see metadata"
2013-04-01,national,GROSS_CAPITAL_FORMATION,Валовое накопление,2352031.357329855,"seasonally and calendar adjusted (X13-ARIMA-SEATS, JDemetra+ 2.2.4), discrete quarter, as published; quarterly national accounts vintage -- see metadata"
2013-07-01,national,GROSS_CAPITAL_FORMATION,Валовое накопление,2472732.241449397,"seasonally and calendar adjusted (X13-ARIMA-SEATS, JDemetra+ 2.2.4), discrete quarter, as published; quarterly national accounts vintage -- see metadata"
2013-10-01,national,GROSS_CAPITAL_FORMATION,Валовое накопление,2593062.0588758043,"seasonally and calendar adjusted (X13-ARIMA-SEATS, JDemetra+ 2.2.4), discrete quarter, as published; quarterly national accounts vintage -- see metadata"
2014-01-01,national,GROSS_CAPITAL_FORMATION,Валовое накопление,2539593.3507642993,"seasonally and calendar adjusted (X13-ARIMA-SEATS, JDemetra+ 2.2.4), discrete quarter, as published; quarterly national accounts vintage -- see metadata"
2014-04-01,national,GROSS_CAPITAL_FORMATION,Валовое накопление,2873728.607143974,"seasonally and calendar adjusted (X13-ARIMA-SEATS, JDemetra+ 2.2.4), discrete quarter, as published; quarterly national accounts vintage -- see metadata"
2014-07-01,national,GROSS_CAPITAL_FORMATION,Валовое накопление,2810175.52418471,"seasonally and calendar adjusted (X13-ARIMA-SEATS, JDemetra+ 2.2.4), discrete quarter, as published; quarterly national accounts vintage -- see metadata"
2014-10-01,national,GROSS_CAPITAL_FORMATION,Валовое накопление,2790777.5036971923,"seasonally and calendar adjusted (X13-ARIMA-SEATS, JDemetra+ 2.2.4), discrete quarter, as published; quarterly national accounts vintage -- see metadata"
2015-01-01,national,GROSS_CAPITAL_FORMATION,Валовое накопление,2806185.579013746,"seasonally and calendar adjusted (X13-ARIMA-SEATS, JDemetra+ 2.2.4), discrete quarter, as published; quarterly national accounts vintage -- see metadata"
2015-04-01,national,GROSS_CAPITAL_FORMATION,Валовое накопление,3068689.9012733465,"seasonally and calendar adjusted (X13-ARIMA-SEATS, JDemetra+ 2.2.4), discrete quarter, as published; quarterly national accounts vintage -- see metadata"
2015-07-01,national,GROSS_CAPITAL_FORMATION,Валовое накопление,3237926.6027886937,"seasonally and calendar adjusted (X13-ARIMA-SEATS, JDemetra+ 2.2.4), discrete quarter, as published; quarterly national accounts vintage -- see metadata"
2015-10-01,national,GROSS_CAPITAL_FORMATION,Валовое накопление,3020471.8524125526,"seasonally and calendar adjusted (X13-ARIMA-SEATS, JDemetra+ 2.2.4), discrete quarter, as published; quarterly national accounts vintage -- see metadata"
2016-01-01,national,GROSS_CAPITAL_FORMATION,Валовое накопление,3264382.6331369053,"seasonally and calendar adjusted (X13-ARIMA-SEATS, JDemetra+ 2.2.4), discrete quarter, as published; quarterly national accounts vintage -- see metadata"
2016-04-01,national,GROSS_CAPITAL_FORMATION,Валовое накопление,3405804.5180749693,"seasonally and calendar adjusted (X13-ARIMA-SEATS, JDemetra+ 2.2.4), discrete quarter, as published; quarterly national accounts vintage -- see metadata"
2016-07-01,national,GROSS_CAPITAL_FORMATION,Валовое накопление,3394170.601026171,"seasonally and calendar adjusted (X13-ARIMA-SEATS, JDemetra+ 2.2.4), discrete quarter, as published; quarterly national accounts vintage -- see metadata"
2016-10-01,national,GROSS_CAPITAL_FORMATION,Валовое накопление,3493361.2512711454,"seasonally and calendar adjusted (X13-ARIMA-SEATS, JDemetra+ 2.2.4), discrete quarter, as published; quarterly national accounts vintage -- see metadata"
2017-01-01,national,GROSS_CAPITAL_FORMATION,Валовое накопление,3719302.7615434793,"seasonally and calendar adjusted (X13-ARIMA-SEATS, JDemetra+ 2.2.4), discrete quarter, as published; quarterly national accounts vintage -- see metadata"
2017-04-01,national,GROSS_CAPITAL_FORMATION,Валовое накопление,3702645.9538992816,"seasonally and calendar adjusted (X13-ARIMA-SEATS, JDemetra+ 2.2.4), discrete quarter, as published; quarterly national accounts vintage -- see metadata"
2017-07-01,national,GROSS_CAPITAL_FORMATION,Валовое накопление,3657389.3852436393,"seasonally and calendar adjusted (X13-ARIMA-SEATS, JDemetra+ 2.2.4), discrete quarter, as published; quarterly national accounts vintage -- see metadata"
2017-10-01,national,GROSS_CAPITAL_FORMATION,Валовое накопление,3913444.6809388488,"seasonally and calendar adjusted (X13-ARIMA-SEATS, JDemetra+ 2.2.4), discrete quarter, as published; quarterly national accounts vintage -- see metadata"
2018-01-01,national,GROSS_CAPITAL_FORMATION,Валовое накопление,4363149.924512391,"seasonally and calendar adjusted (X13-ARIMA-SEATS, JDemetra+ 2.2.4), discrete quarter, as published; quarterly national accounts vintage -- see metadata"
2018-04-01,national,GROSS_CAPITAL_FORMATION,Валовое накопление,4045925.059267659,"seasonally and calendar adjusted (X13-ARIMA-SEATS, JDemetra+ 2.2.4), discrete quarter, as published; quarterly national accounts vintage -- see metadata"
2018-07-01,national,GROSS_CAPITAL_FORMATION,Валовое накопление,4136947.2454157993,"seasonally and calendar adjusted (X13-ARIMA-SEATS, JDemetra+ 2.2.4), discrete quarter, as published; quarterly national accounts vintage -- see metadata"
2018-10-01,national,GROSS_CAPITAL_FORMATION,Валовое накопление,3860533.2770191426,"seasonally and calendar adjusted (X13-ARIMA-SEATS, JDemetra+ 2.2.4), discrete quarter, as published; quarterly national accounts vintage -- see metadata"
2019-01-01,national,GROSS_CAPITAL_FORMATION,Валовое накопление,4454848.304757004,"seasonally and calendar adjusted (X13-ARIMA-SEATS, JDemetra+ 2.2.4), discrete quarter, as published; quarterly national accounts vintage -- see metadata"
2019-04-01,national,GROSS_CAPITAL_FORMATION,Валовое накопление,5316704.117033615,"seasonally and calendar adjusted (X13-ARIMA-SEATS, JDemetra+ 2.2.4), discrete quarter, as published; quarterly national accounts vintage -- see metadata"
2019-07-01,national,GROSS_CAPITAL_FORMATION,Валовое накопление,4791130.875617616,"seasonally and calendar adjusted (X13-ARIMA-SEATS, JDemetra+ 2.2.4), discrete quarter, as published; quarterly national accounts vintage -- see metadata"
2019-10-01,national,GROSS_CAPITAL_FORMATION,Валовое накопление,4664689.1420602035,"seasonally and calendar adjusted (X13-ARIMA-SEATS, JDemetra+ 2.2.4), discrete quarter, as published; quarterly national accounts vintage -- see metadata"
2020-01-01,national,GROSS_CAPITAL_FORMATION,Валовое накопление,5665589.889697491,"seasonally and calendar adjusted (X13-ARIMA-SEATS, JDemetra+ 2.2.4), discrete quarter, as published; quarterly national accounts vintage -- see metadata"
2020-04-01,national,GROSS_CAPITAL_FORMATION,Валовое накопление,4875676.383822999,"seasonally and calendar adjusted (X13-ARIMA-SEATS, JDemetra+ 2.2.4), discrete quarter, as published; quarterly national accounts vintage -- see metadata"
2020-07-01,national,GROSS_CAPITAL_FORMATION,Валовое накопление,4839975.3365108445,"seasonally and calendar adjusted (X13-ARIMA-SEATS, JDemetra+ 2.2.4), discrete quarter, as published; quarterly national accounts vintage -- see metadata"
2020-10-01,national,GROSS_CAPITAL_FORMATION,Валовое накопление,5494963.203378943,"seasonally and calendar adjusted (X13-ARIMA-SEATS, JDemetra+ 2.2.4), discrete quarter, as published; quarterly national accounts vintage -- see metadata"
2021-01-01,national,GROSS_CAPITAL_FORMATION,Валовое накопление,5498129.382784077,"seasonally and calendar adjusted (X13-ARIMA-SEATS, JDemetra+ 2.2.4), discrete quarter, as published; quarterly national accounts vintage -- see metadata"
2021-04-01,national,GROSS_CAPITAL_FORMATION,Валовое накопление,5649463.624725541,"seasonally and calendar adjusted (X13-ARIMA-SEATS, JDemetra+ 2.2.4), discrete quarter, as published; quarterly national accounts vintage -- see metadata"
2021-07-01,national,GROSS_CAPITAL_FORMATION,Валовое накопление,5422266.279406388,"seasonally and calendar adjusted (X13-ARIMA-SEATS, JDemetra+ 2.2.4), discrete quarter, as published; quarterly national accounts vintage -- see metadata"
2021-10-01,national,GROSS_CAPITAL_FORMATION,Валовое накопление,5547592.969393233,"seasonally and calendar adjusted (X13-ARIMA-SEATS, JDemetra+ 2.2.4), discrete quarter, as published; quarterly national accounts vintage -- see metadata"
2022-01-01,national,GROSS_CAPITAL_FORMATION,Валовое накопление,6384806.811526256,"seasonally and calendar adjusted (X13-ARIMA-SEATS, JDemetra+ 2.2.4), discrete quarter, as published; quarterly national accounts vintage -- see metadata"
2022-04-01,national,GROSS_CAPITAL_FORMATION,Валовое накопление,5875380.562925575,"seasonally and calendar adjusted (X13-ARIMA-SEATS, JDemetra+ 2.2.4), discrete quarter, as published; quarterly national accounts vintage -- see metadata"
2022-07-01,national,GROSS_CAPITAL_FORMATION,Валовое накопление,6437712.929462142,"seasonally and calendar adjusted (X13-ARIMA-SEATS, JDemetra+ 2.2.4), discrete quarter, as published; quarterly national accounts vintage -- see metadata"
2022-10-01,national,GROSS_CAPITAL_FORMATION,Валовое накопление,6515504.622666733,"seasonally and calendar adjusted (X13-ARIMA-SEATS, JDemetra+ 2.2.4), discrete quarter, as published; quarterly national accounts vintage -- see metadata"
2023-01-01,national,GROSS_CAPITAL_FORMATION,Валовое накопление,7963763.39776533,"seasonally and calendar adjusted (X13-ARIMA-SEATS, JDemetra+ 2.2.4), discrete quarter, as published; quarterly national accounts vintage -- see metadata"
2023-04-01,national,GROSS_CAPITAL_FORMATION,Валовое накопление,8107726.585765362,"seasonally and calendar adjusted (X13-ARIMA-SEATS, JDemetra+ 2.2.4), discrete quarter, as published; quarterly national accounts vintage -- see metadata"
2023-07-01,national,GROSS_CAPITAL_FORMATION,Валовое накопление,8706474.087462923,"seasonally and calendar adjusted (X13-ARIMA-SEATS, JDemetra+ 2.2.4), discrete quarter, as published; quarterly national accounts vintage -- see metadata"
2023-10-01,national,GROSS_CAPITAL_FORMATION,Валовое накопление,9001431.513279526,"seasonally and calendar adjusted (X13-ARIMA-SEATS, JDemetra+ 2.2.4), discrete quarter, as published; quarterly national accounts vintage -- see metadata"
2024-01-01,national,GROSS_CAPITAL_FORMATION,Валовое накопление,8076146.183654387,"seasonally and calendar adjusted (X13-ARIMA-SEATS, JDemetra+ 2.2.4), discrete quarter, as published; quarterly national accounts vintage -- see metadata"
2024-04-01,national,GROSS_CAPITAL_FORMATION,Валовое накопление,8274416.382037645,"seasonally and calendar adjusted (X13-ARIMA-SEATS, JDemetra+ 2.2.4), discrete quarter, as published; quarterly national accounts vintage -- see metadata"
2024-07-01,national,GROSS_CAPITAL_FORMATION,Валовое накопление,9739993.70186133,"seasonally and calendar adjusted (X13-ARIMA-SEATS, JDemetra+ 2.2.4), discrete quarter, as published; quarterly national accounts vintage -- see metadata"
2024-10-01,national,GROSS_CAPITAL_FORMATION,Валовое накопление,10153779.425973833,"seasonally and calendar adjusted (X13-ARIMA-SEATS, JDemetra+ 2.2.4), discrete quarter, as published; quarterly national accounts vintage -- see metadata"
2025-01-01,national,GROSS_CAPITAL_FORMATION,Валовое накопление,10018983.119863246,"seasonally and calendar adjusted (X13-ARIMA-SEATS, JDemetra+ 2.2.4), discrete quarter, as published; quarterly national accounts vintage -- see metadata"
2025-04-01,national,GROSS_CAPITAL_FORMATION,Валовое накопление,11197265.372289164,"seasonally and calendar adjusted (X13-ARIMA-SEATS, JDemetra+ 2.2.4), discrete quarter, as published; quarterly national accounts vintage -- see metadata"
2025-07-01,national,GROSS_CAPITAL_FORMATION,Валовое накопление,11283025.788737984,"seasonally and calendar adjusted (X13-ARIMA-SEATS, JDemetra+ 2.2.4), discrete quarter, as published; quarterly national accounts vintage -- see metadata"
2025-10-01,national,GROSS_CAPITAL_FORMATION,Валовое накопление,12118298.23161304,"seasonally and calendar adjusted (X13-ARIMA-SEATS, JDemetra+ 2.2.4), discrete quarter, as published; quarterly national accounts vintage -- see metadata"
2026-01-01,national,GROSS_CAPITAL_FORMATION,Валовое накопление,11613764.471476614,"seasonally and calendar adjusted (X13-ARIMA-SEATS, JDemetra+ 2.2.4), discrete quarter, as published; quarterly national accounts vintage -- see metadata"
2010-01-01,national,HOUSEHOLDS,домашних хозяйств,2586148.703961304,"seasonally and calendar adjusted (X13-ARIMA-SEATS, JDemetra+ 2.2.4), discrete quarter, as published; quarterly national accounts vintage -- see metadata"
2010-04-01,national,HOUSEHOLDS,домашних хозяйств,2576208.708378905,"seasonally and calendar adjusted (X13-ARIMA-SEATS, JDemetra+ 2.2.4), discrete quarter, as published; quarterly national accounts vintage -- see metadata"
2010-07-01,national,HOUSEHOLDS,домашних хозяйств,2620587.6096210848,"seasonally and calendar adjusted (X13-ARIMA-SEATS, JDemetra+ 2.2.4), discrete quarter, as published; quarterly national accounts vintage -- see metadata"
2010-10-01,national,HOUSEHOLDS,домашних хозяйств,2872351.977126512,"seasonally and calendar adjusted (X13-ARIMA-SEATS, JDemetra+ 2.2.4), discrete quarter, as published; quarterly national accounts vintage -- see metadata"
2011-01-01,national,HOUSEHOLDS,домашних хозяйств,2621807.179128674,"seasonally and calendar adjusted (X13-ARIMA-SEATS, JDemetra+ 2.2.4), discrete quarter, as published; quarterly national accounts vintage -- see metadata"
2011-04-01,national,HOUSEHOLDS,домашних хозяйств,3049018.212119103,"seasonally and calendar adjusted (X13-ARIMA-SEATS, JDemetra+ 2.2.4), discrete quarter, as published; quarterly national accounts vintage -- see metadata"
2011-07-01,national,HOUSEHOLDS,домашних хозяйств,3313844.097280372,"seasonally and calendar adjusted (X13-ARIMA-SEATS, JDemetra+ 2.2.4), discrete quarter, as published; quarterly national accounts vintage -- see metadata"
2011-10-01,national,HOUSEHOLDS,домашних хозяйств,3479075.6922325697,"seasonally and calendar adjusted (X13-ARIMA-SEATS, JDemetra+ 2.2.4), discrete quarter, as published; quarterly national accounts vintage -- see metadata"
2012-01-01,national,HOUSEHOLDS,домашних хозяйств,3306219.751363321,"seasonally and calendar adjusted (X13-ARIMA-SEATS, JDemetra+ 2.2.4), discrete quarter, as published; quarterly national accounts vintage -- see metadata"
2012-04-01,national,HOUSEHOLDS,домашних хозяйств,3577694.5883249743,"seasonally and calendar adjusted (X13-ARIMA-SEATS, JDemetra+ 2.2.4), discrete quarter, as published; quarterly national accounts vintage -- see metadata"
2012-07-01,national,HOUSEHOLDS,домашних хозяйств,3788611.7154681804,"seasonally and calendar adjusted (X13-ARIMA-SEATS, JDemetra+ 2.2.4), discrete quarter, as published; quarterly national accounts vintage -- see metadata"
2012-10-01,national,HOUSEHOLDS,домашних хозяйств,4046754.163120009,"seasonally and calendar adjusted (X13-ARIMA-SEATS, JDemetra+ 2.2.4), discrete quarter, as published; quarterly national accounts vintage -- see metadata"
2013-01-01,national,HOUSEHOLDS,домашних хозяйств,4464121.7810970135,"seasonally and calendar adjusted (X13-ARIMA-SEATS, JDemetra+ 2.2.4), discrete quarter, as published; quarterly national accounts vintage -- see metadata"
2013-04-01,national,HOUSEHOLDS,домашних хозяйств,4518693.5765370885,"seasonally and calendar adjusted (X13-ARIMA-SEATS, JDemetra+ 2.2.4), discrete quarter, as published; quarterly national accounts vintage -- see metadata"
2013-07-01,national,HOUSEHOLDS,домашних хозяйств,4427224.299730211,"seasonally and calendar adjusted (X13-ARIMA-SEATS, JDemetra+ 2.2.4), discrete quarter, as published; quarterly national accounts vintage -- see metadata"
2013-10-01,national,HOUSEHOLDS,домашних хозяйств,4257508.774524065,"seasonally and calendar adjusted (X13-ARIMA-SEATS, JDemetra+ 2.2.4), discrete quarter, as published; quarterly national accounts vintage -- see metadata"
2014-01-01,national,HOUSEHOLDS,домашних хозяйств,4544804.131546391,"seasonally and calendar adjusted (X13-ARIMA-SEATS, JDemetra+ 2.2.4), discrete quarter, as published; quarterly national accounts vintage -- see metadata"
2014-04-01,national,HOUSEHOLDS,домашних хозяйств,4665505.530902122,"seasonally and calendar adjusted (X13-ARIMA-SEATS, JDemetra+ 2.2.4), discrete quarter, as published; quarterly national accounts vintage -- see metadata"
2014-07-01,national,HOUSEHOLDS,домашних хозяйств,5001903.381261851,"seasonally and calendar adjusted (X13-ARIMA-SEATS, JDemetra+ 2.2.4), discrete quarter, as published; quarterly national accounts vintage -- see metadata"
2014-10-01,national,HOUSEHOLDS,домашних хозяйств,5839634.311080728,"seasonally and calendar adjusted (X13-ARIMA-SEATS, JDemetra+ 2.2.4), discrete quarter, as published; quarterly national accounts vintage -- see metadata"
2015-01-01,national,HOUSEHOLDS,домашних хозяйств,5369980.742145457,"seasonally and calendar adjusted (X13-ARIMA-SEATS, JDemetra+ 2.2.4), discrete quarter, as published; quarterly national accounts vintage -- see metadata"
2015-04-01,national,HOUSEHOLDS,домашних хозяйств,5566428.7737962445,"seasonally and calendar adjusted (X13-ARIMA-SEATS, JDemetra+ 2.2.4), discrete quarter, as published; quarterly national accounts vintage -- see metadata"
2015-07-01,national,HOUSEHOLDS,домашних хозяйств,5579748.547393508,"seasonally and calendar adjusted (X13-ARIMA-SEATS, JDemetra+ 2.2.4), discrete quarter, as published; quarterly national accounts vintage -- see metadata"
2015-10-01,national,HOUSEHOLDS,домашних хозяйств,5780727.970752459,"seasonally and calendar adjusted (X13-ARIMA-SEATS, JDemetra+ 2.2.4), discrete quarter, as published; quarterly national accounts vintage -- see metadata"
2016-01-01,national,HOUSEHOLDS,домашних хозяйств,6060138.325738092,"seasonally and calendar adjusted (X13-ARIMA-SEATS, JDemetra+ 2.2.4), discrete quarter, as published; quarterly national accounts vintage -- see metadata"
2016-04-01,national,HOUSEHOLDS,домашних хозяйств,5935381.343924499,"seasonally and calendar adjusted (X13-ARIMA-SEATS, JDemetra+ 2.2.4), discrete quarter, as published; quarterly national accounts vintage -- see metadata"
2016-07-01,national,HOUSEHOLDS,домашних хозяйств,6195861.894174438,"seasonally and calendar adjusted (X13-ARIMA-SEATS, JDemetra+ 2.2.4), discrete quarter, as published; quarterly national accounts vintage -- see metadata"
2016-10-01,national,HOUSEHOLDS,домашних хозяйств,6131548.6558321165,"seasonally and calendar adjusted (X13-ARIMA-SEATS, JDemetra+ 2.2.4), discrete quarter, as published; quarterly national accounts vintage -- see metadata"
2017-01-01,national,HOUSEHOLDS,домашних хозяйств,6608699.697331261,"seasonally and calendar adjusted (X13-ARIMA-SEATS, JDemetra+ 2.2.4), discrete quarter, as published; quarterly national accounts vintage -- see metadata"
2017-04-01,national,HOUSEHOLDS,домашних хозяйств,6470215.3878989285,"seasonally and calendar adjusted (X13-ARIMA-SEATS, JDemetra+ 2.2.4), discrete quarter, as published; quarterly national accounts vintage -- see metadata"
2017-07-01,national,HOUSEHOLDS,домашних хозяйств,6477006.696592003,"seasonally and calendar adjusted (X13-ARIMA-SEATS, JDemetra+ 2.2.4), discrete quarter, as published; quarterly national accounts vintage -- see metadata"
2017-10-01,national,HOUSEHOLDS,домашних хозяйств,6539595.154112118,"seasonally and calendar adjusted (X13-ARIMA-SEATS, JDemetra+ 2.2.4), discrete quarter, as published; quarterly national accounts vintage -- see metadata"
2018-01-01,national,HOUSEHOLDS,домашних хозяйств,6698723.44933969,"seasonally and calendar adjusted (X13-ARIMA-SEATS, JDemetra+ 2.2.4), discrete quarter, as published; quarterly national accounts vintage -- see metadata"
2018-04-01,national,HOUSEHOLDS,домашних хозяйств,7416019.12366549,"seasonally and calendar adjusted (X13-ARIMA-SEATS, JDemetra+ 2.2.4), discrete quarter, as published; quarterly national accounts vintage -- see metadata"
2018-07-01,national,HOUSEHOLDS,домашних хозяйств,7148095.956658273,"seasonally and calendar adjusted (X13-ARIMA-SEATS, JDemetra+ 2.2.4), discrete quarter, as published; quarterly national accounts vintage -- see metadata"
2018-10-01,national,HOUSEHOLDS,домашних хозяйств,8187858.61076615,"seasonally and calendar adjusted (X13-ARIMA-SEATS, JDemetra+ 2.2.4), discrete quarter, as published; quarterly national accounts vintage -- see metadata"
2019-01-01,national,HOUSEHOLDS,домашних хозяйств,7685159.752818446,"seasonally and calendar adjusted (X13-ARIMA-SEATS, JDemetra+ 2.2.4), discrete quarter, as published; quarterly national accounts vintage -- see metadata"
2019-04-01,national,HOUSEHOLDS,домашних хозяйств,8116042.1644632835,"seasonally and calendar adjusted (X13-ARIMA-SEATS, JDemetra+ 2.2.4), discrete quarter, as published; quarterly national accounts vintage -- see metadata"
2019-07-01,national,HOUSEHOLDS,домашних хозяйств,8575509.56744955,"seasonally and calendar adjusted (X13-ARIMA-SEATS, JDemetra+ 2.2.4), discrete quarter, as published; quarterly national accounts vintage -- see metadata"
2019-10-01,national,HOUSEHOLDS,домашних хозяйств,8860618.132903537,"seasonally and calendar adjusted (X13-ARIMA-SEATS, JDemetra+ 2.2.4), discrete quarter, as published; quarterly national accounts vintage -- see metadata"
2020-01-01,national,HOUSEHOLDS,домашних хозяйств,8422728.175975995,"seasonally and calendar adjusted (X13-ARIMA-SEATS, JDemetra+ 2.2.4), discrete quarter, as published; quarterly national accounts vintage -- see metadata"
2020-04-01,national,HOUSEHOLDS,домашних хозяйств,8537908.388946446,"seasonally and calendar adjusted (X13-ARIMA-SEATS, JDemetra+ 2.2.4), discrete quarter, as published; quarterly national accounts vintage -- see metadata"
2020-07-01,national,HOUSEHOLDS,домашних хозяйств,9243761.99356688,"seasonally and calendar adjusted (X13-ARIMA-SEATS, JDemetra+ 2.2.4), discrete quarter, as published; quarterly national accounts vintage -- see metadata"
2020-10-01,national,HOUSEHOLDS,домашних хозяйств,9512107.274515975,"seasonally and calendar adjusted (X13-ARIMA-SEATS, JDemetra+ 2.2.4), discrete quarter, as published; quarterly national accounts vintage -- see metadata"
2021-01-01,national,HOUSEHOLDS,домашних хозяйств,10002053.513828712,"seasonally and calendar adjusted (X13-ARIMA-SEATS, JDemetra+ 2.2.4), discrete quarter, as published; quarterly national accounts vintage -- see metadata"
2021-04-01,national,HOUSEHOLDS,домашних хозяйств,9985041.310551045,"seasonally and calendar adjusted (X13-ARIMA-SEATS, JDemetra+ 2.2.4), discrete quarter, as published; quarterly national accounts vintage -- see metadata"
2021-07-01,national,HOUSEHOLDS,домашних хозяйств,10397460.819319017,"seasonally and calendar adjusted (X13-ARIMA-SEATS, JDemetra+ 2.2.4), discrete quarter, as published; quarterly national accounts vintage -- see metadata"
2021-10-01,national,HOUSEHOLDS,домашних хозяйств,10683975.91228074,"seasonally and calendar adjusted (X13-ARIMA-SEATS, JDemetra+ 2.2.4), discrete quarter, as published; quarterly national accounts vintage -- see metadata"
2022-01-01,national,HOUSEHOLDS,домашних хозяйств,11028413.94480018,"seasonally and calendar adjusted (X13-ARIMA-SEATS, JDemetra+ 2.2.4), discrete quarter, as published; quarterly national accounts vintage -- see metadata"
2022-04-01,national,HOUSEHOLDS,домашних хозяйств,12321223.476424677,"seasonally and calendar adjusted (X13-ARIMA-SEATS, JDemetra+ 2.2.4), discrete quarter, as published; quarterly national accounts vintage -- see metadata"
2022-07-01,national,HOUSEHOLDS,домашних хозяйств,12836647.03595324,"seasonally and calendar adjusted (X13-ARIMA-SEATS, JDemetra+ 2.2.4), discrete quarter, as published; quarterly national accounts vintage -- see metadata"
2022-10-01,national,HOUSEHOLDS,домашних хозяйств,13545168.042386202,"seasonally and calendar adjusted (X13-ARIMA-SEATS, JDemetra+ 2.2.4), discrete quarter, as published; quarterly national accounts vintage -- see metadata"
2023-01-01,national,HOUSEHOLDS,домашних хозяйств,15177199.610977039,"seasonally and calendar adjusted (X13-ARIMA-SEATS, JDemetra+ 2.2.4), discrete quarter, as published; quarterly national accounts vintage -- see metadata"
2023-04-01,national,HOUSEHOLDS,домашних хозяйств,14962106.614763098,"seasonally and calendar adjusted (X13-ARIMA-SEATS, JDemetra+ 2.2.4), discrete quarter, as published; quarterly national accounts vintage -- see metadata"
2023-07-01,national,HOUSEHOLDS,домашних хозяйств,15112927.512817003,"seasonally and calendar adjusted (X13-ARIMA-SEATS, JDemetra+ 2.2.4), discrete quarter, as published; quarterly national accounts vintage -- see metadata"
2023-10-01,national,HOUSEHOLDS,домашних хозяйств,16113214.092929065,"seasonally and calendar adjusted (X13-ARIMA-SEATS, JDemetra+ 2.2.4), discrete quarter, as published; quarterly national accounts vintage -- see metadata"
2024-01-01,national,HOUSEHOLDS,домашних хозяйств,17216717.87464815,"seasonally and calendar adjusted (X13-ARIMA-SEATS, JDemetra+ 2.2.4), discrete quarter, as published; quarterly national accounts vintage -- see metadata"
2024-04-01,national,HOUSEHOLDS,домашних хозяйств,17519607.65514414,"seasonally and calendar adjusted (X13-ARIMA-SEATS, JDemetra+ 2.2.4), discrete quarter, as published; quarterly national accounts vintage -- see metadata"
2024-07-01,national,HOUSEHOLDS,домашних хозяйств,18084079.852440223,"seasonally and calendar adjusted (X13-ARIMA-SEATS, JDemetra+ 2.2.4), discrete quarter, as published; quarterly national accounts vintage -- see metadata"
2024-10-01,national,HOUSEHOLDS,домашних хозяйств,20254610.392412305,"seasonally and calendar adjusted (X13-ARIMA-SEATS, JDemetra+ 2.2.4), discrete quarter, as published; quarterly national accounts vintage -- see metadata"
2025-01-01,national,HOUSEHOLDS,домашних хозяйств,20682104.653254636,"seasonally and calendar adjusted (X13-ARIMA-SEATS, JDemetra+ 2.2.4), discrete quarter, as published; quarterly national accounts vintage -- see metadata"
2025-04-01,national,HOUSEHOLDS,домашних хозяйств,21685606.213823628,"seasonally and calendar adjusted (X13-ARIMA-SEATS, JDemetra+ 2.2.4), discrete quarter, as published; quarterly national accounts vintage -- see metadata"
2025-07-01,national,HOUSEHOLDS,домашних хозяйств,22752178.95781062,"seasonally and calendar adjusted (X13-ARIMA-SEATS, JDemetra+ 2.2.4), discrete quarter, as published; quarterly national accounts vintage -- see metadata"
2025-10-01,national,HOUSEHOLDS,домашних хозяйств,22964688.494974893,"seasonally and calendar adjusted (X13-ARIMA-SEATS, JDemetra+ 2.2.4), discrete quarter, as published; quarterly national accounts vintage -- see metadata"
2026-01-01,national,HOUSEHOLDS,домашних хозяйств,24358292.239025448,"seasonally and calendar adjusted (X13-ARIMA-SEATS, JDemetra+ 2.2.4), discrete quarter, as published; quarterly national accounts vintage -- see metadata"
2010-01-01,national,IMPORTS,импорт товаров и услуг,1517987.8181305644,"seasonally and calendar adjusted (X13-ARIMA-SEATS, JDemetra+ 2.2.4), discrete quarter, as published; quarterly national accounts vintage -- see metadata"
2010-04-01,national,IMPORTS,импорт товаров и услуг,1529977.3169554104,"seasonally and calendar adjusted (X13-ARIMA-SEATS, JDemetra+ 2.2.4), discrete quarter, as published; quarterly national accounts vintage -- see metadata"
2010-07-01,national,IMPORTS,импорт товаров и услуг,1700422.9053560675,"seasonally and calendar adjusted (X13-ARIMA-SEATS, JDemetra+ 2.2.4), discrete quarter, as published; quarterly national accounts vintage -- see metadata"
2010-10-01,national,IMPORTS,импорт товаров и услуг,1733762.5336356936,"seasonally and calendar adjusted (X13-ARIMA-SEATS, JDemetra+ 2.2.4), discrete quarter, as published; quarterly national accounts vintage -- see metadata"
2011-01-01,national,IMPORTS,импорт товаров и услуг,1722572.6686443186,"seasonally and calendar adjusted (X13-ARIMA-SEATS, JDemetra+ 2.2.4), discrete quarter, as published; quarterly national accounts vintage -- see metadata"
2011-04-01,national,IMPORTS,импорт товаров и услуг,1975083.8637437944,"seasonally and calendar adjusted (X13-ARIMA-SEATS, JDemetra+ 2.2.4), discrete quarter, as published; quarterly national accounts vintage -- see metadata"
2011-07-01,national,IMPORTS,импорт товаров и услуг,1860174.8224779319,"seasonally and calendar adjusted (X13-ARIMA-SEATS, JDemetra+ 2.2.4), discrete quarter, as published; quarterly national accounts vintage -- see metadata"
2011-10-01,national,IMPORTS,импорт товаров и услуг,2014234.069659915,"seasonally and calendar adjusted (X13-ARIMA-SEATS, JDemetra+ 2.2.4), discrete quarter, as published; quarterly national accounts vintage -- see metadata"
2012-01-01,national,IMPORTS,импорт товаров и услуг,2124173.183318258,"seasonally and calendar adjusted (X13-ARIMA-SEATS, JDemetra+ 2.2.4), discrete quarter, as published; quarterly national accounts vintage -- see metadata"
2012-04-01,national,IMPORTS,импорт товаров и услуг,2132773.2556666685,"seasonally and calendar adjusted (X13-ARIMA-SEATS, JDemetra+ 2.2.4), discrete quarter, as published; quarterly national accounts vintage -- see metadata"
2012-07-01,national,IMPORTS,импорт товаров и услуг,2392256.2647307236,"seasonally and calendar adjusted (X13-ARIMA-SEATS, JDemetra+ 2.2.4), discrete quarter, as published; quarterly national accounts vintage -- see metadata"
2012-10-01,national,IMPORTS,импорт товаров и услуг,2471144.4540813793,"seasonally and calendar adjusted (X13-ARIMA-SEATS, JDemetra+ 2.2.4), discrete quarter, as published; quarterly national accounts vintage -- see metadata"
2013-01-01,national,IMPORTS,импорт товаров и услуг,2472928.7750285286,"seasonally and calendar adjusted (X13-ARIMA-SEATS, JDemetra+ 2.2.4), discrete quarter, as published; quarterly national accounts vintage -- see metadata"
2013-04-01,national,IMPORTS,импорт товаров и услуг,2546488.070429925,"seasonally and calendar adjusted (X13-ARIMA-SEATS, JDemetra+ 2.2.4), discrete quarter, as published; quarterly national accounts vintage -- see metadata"
2013-07-01,national,IMPORTS,импорт товаров и услуг,2422003.324749601,"seasonally and calendar adjusted (X13-ARIMA-SEATS, JDemetra+ 2.2.4), discrete quarter, as published; quarterly national accounts vintage -- see metadata"
2013-10-01,national,IMPORTS,импорт товаров и услуг,2418469.4084259323,"seasonally and calendar adjusted (X13-ARIMA-SEATS, JDemetra+ 2.2.4), discrete quarter, as published; quarterly national accounts vintage -- see metadata"
2014-01-01,national,IMPORTS,импорт товаров и услуг,2484651.699569812,"seasonally and calendar adjusted (X13-ARIMA-SEATS, JDemetra+ 2.2.4), discrete quarter, as published; quarterly national accounts vintage -- see metadata"
2014-04-01,national,IMPORTS,импорт товаров и услуг,2748582.03982907,"seasonally and calendar adjusted (X13-ARIMA-SEATS, JDemetra+ 2.2.4), discrete quarter, as published; quarterly national accounts vintage -- see metadata"
2014-07-01,national,IMPORTS,импорт товаров и услуг,2625214.2225673376,"seasonally and calendar adjusted (X13-ARIMA-SEATS, JDemetra+ 2.2.4), discrete quarter, as published; quarterly national accounts vintage -- see metadata"
2014-10-01,national,IMPORTS,импорт товаров и услуг,2478409.406797025,"seasonally and calendar adjusted (X13-ARIMA-SEATS, JDemetra+ 2.2.4), discrete quarter, as published; quarterly national accounts vintage -- see metadata"
2015-01-01,national,IMPORTS,импорт товаров и услуг,2446645.4779043025,"seasonally and calendar adjusted (X13-ARIMA-SEATS, JDemetra+ 2.2.4), discrete quarter, as published; quarterly national accounts vintage -- see metadata"
2015-04-01,national,IMPORTS,импорт товаров и услуг,2285956.6252139388,"seasonally and calendar adjusted (X13-ARIMA-SEATS, JDemetra+ 2.2.4), discrete quarter, as published; quarterly national accounts vintage -- see metadata"
2015-07-01,national,IMPORTS,импорт товаров и услуг,2459595.4777477,"seasonally and calendar adjusted (X13-ARIMA-SEATS, JDemetra+ 2.2.4), discrete quarter, as published; quarterly national accounts vintage -- see metadata"
2015-10-01,national,IMPORTS,импорт товаров и услуг,2868471.972012512,"seasonally and calendar adjusted (X13-ARIMA-SEATS, JDemetra+ 2.2.4), discrete quarter, as published; quarterly national accounts vintage -- see metadata"
2016-01-01,national,IMPORTS,импорт товаров и услуг,3337323.4563402478,"seasonally and calendar adjusted (X13-ARIMA-SEATS, JDemetra+ 2.2.4), discrete quarter, as published; quarterly national accounts vintage -- see metadata"
2016-04-01,national,IMPORTS,импорт товаров и услуг,3007052.759743543,"seasonally and calendar adjusted (X13-ARIMA-SEATS, JDemetra+ 2.2.4), discrete quarter, as published; quarterly national accounts vintage -- see metadata"
2016-07-01,national,IMPORTS,импорт товаров и услуг,3165809.095388859,"seasonally and calendar adjusted (X13-ARIMA-SEATS, JDemetra+ 2.2.4), discrete quarter, as published; quarterly national accounts vintage -- see metadata"
2016-10-01,national,IMPORTS,импорт товаров и услуг,3262431.1991145946,"seasonally and calendar adjusted (X13-ARIMA-SEATS, JDemetra+ 2.2.4), discrete quarter, as published; quarterly national accounts vintage -- see metadata"
2017-01-01,national,IMPORTS,импорт товаров и услуг,3231964.6125186607,"seasonally and calendar adjusted (X13-ARIMA-SEATS, JDemetra+ 2.2.4), discrete quarter, as published; quarterly national accounts vintage -- see metadata"
2017-04-01,national,IMPORTS,импорт товаров и услуг,3388924.4505399964,"seasonally and calendar adjusted (X13-ARIMA-SEATS, JDemetra+ 2.2.4), discrete quarter, as published; quarterly national accounts vintage -- see metadata"
2017-07-01,national,IMPORTS,импорт товаров и услуг,3457082.156168691,"seasonally and calendar adjusted (X13-ARIMA-SEATS, JDemetra+ 2.2.4), discrete quarter, as published; quarterly national accounts vintage -- see metadata"
2017-10-01,national,IMPORTS,импорт товаров и услуг,3682096.4013554975,"seasonally and calendar adjusted (X13-ARIMA-SEATS, JDemetra+ 2.2.4), discrete quarter, as published; quarterly national accounts vintage -- see metadata"
2018-01-01,national,IMPORTS,импорт товаров и услуг,3853362.7976737493,"seasonally and calendar adjusted (X13-ARIMA-SEATS, JDemetra+ 2.2.4), discrete quarter, as published; quarterly national accounts vintage -- see metadata"
2018-04-01,national,IMPORTS,импорт товаров и услуг,3950625.8953674836,"seasonally and calendar adjusted (X13-ARIMA-SEATS, JDemetra+ 2.2.4), discrete quarter, as published; quarterly national accounts vintage -- see metadata"
2018-07-01,national,IMPORTS,импорт товаров и услуг,4355706.600398895,"seasonally and calendar adjusted (X13-ARIMA-SEATS, JDemetra+ 2.2.4), discrete quarter, as published; quarterly national accounts vintage -- see metadata"
2018-10-01,national,IMPORTS,импорт товаров и услуг,4331726.005410077,"seasonally and calendar adjusted (X13-ARIMA-SEATS, JDemetra+ 2.2.4), discrete quarter, as published; quarterly national accounts vintage -- see metadata"
2019-01-01,national,IMPORTS,импорт товаров и услуг,4734446.480782466,"seasonally and calendar adjusted (X13-ARIMA-SEATS, JDemetra+ 2.2.4), discrete quarter, as published; quarterly national accounts vintage -- see metadata"
2019-04-01,national,IMPORTS,импорт товаров и услуг,5257366.3752743425,"seasonally and calendar adjusted (X13-ARIMA-SEATS, JDemetra+ 2.2.4), discrete quarter, as published; quarterly national accounts vintage -- see metadata"
2019-07-01,national,IMPORTS,импорт товаров и услуг,5349312.252993192,"seasonally and calendar adjusted (X13-ARIMA-SEATS, JDemetra+ 2.2.4), discrete quarter, as published; quarterly national accounts vintage -- see metadata"
2019-10-01,national,IMPORTS,импорт товаров и услуг,5211215.78791196,"seasonally and calendar adjusted (X13-ARIMA-SEATS, JDemetra+ 2.2.4), discrete quarter, as published; quarterly national accounts vintage -- see metadata"
2020-01-01,national,IMPORTS,импорт товаров и услуг,4796404.778961512,"seasonally and calendar adjusted (X13-ARIMA-SEATS, JDemetra+ 2.2.4), discrete quarter, as published; quarterly national accounts vintage -- see metadata"
2020-04-01,national,IMPORTS,импорт товаров и услуг,4779399.069049301,"seasonally and calendar adjusted (X13-ARIMA-SEATS, JDemetra+ 2.2.4), discrete quarter, as published; quarterly national accounts vintage -- see metadata"
2020-07-01,national,IMPORTS,импорт товаров и услуг,5041571.962986568,"seasonally and calendar adjusted (X13-ARIMA-SEATS, JDemetra+ 2.2.4), discrete quarter, as published; quarterly national accounts vintage -- see metadata"
2020-10-01,national,IMPORTS,импорт товаров и услуг,4895493.268913516,"seasonally and calendar adjusted (X13-ARIMA-SEATS, JDemetra+ 2.2.4), discrete quarter, as published; quarterly national accounts vintage -- see metadata"
2021-01-01,national,IMPORTS,импорт товаров и услуг,5114664.041713154,"seasonally and calendar adjusted (X13-ARIMA-SEATS, JDemetra+ 2.2.4), discrete quarter, as published; quarterly national accounts vintage -- see metadata"
2021-04-01,national,IMPORTS,импорт товаров и услуг,5459627.04673577,"seasonally and calendar adjusted (X13-ARIMA-SEATS, JDemetra+ 2.2.4), discrete quarter, as published; quarterly national accounts vintage -- see metadata"
2021-07-01,national,IMPORTS,импорт товаров и услуг,5270600.69924973,"seasonally and calendar adjusted (X13-ARIMA-SEATS, JDemetra+ 2.2.4), discrete quarter, as published; quarterly national accounts vintage -- see metadata"
2021-10-01,national,IMPORTS,импорт товаров и услуг,5743783.986159042,"seasonally and calendar adjusted (X13-ARIMA-SEATS, JDemetra+ 2.2.4), discrete quarter, as published; quarterly national accounts vintage -- see metadata"
2022-01-01,national,IMPORTS,импорт товаров и услуг,6571315.656009871,"seasonally and calendar adjusted (X13-ARIMA-SEATS, JDemetra+ 2.2.4), discrete quarter, as published; quarterly national accounts vintage -- see metadata"
2022-04-01,national,IMPORTS,импорт товаров и услуг,6550137.741146559,"seasonally and calendar adjusted (X13-ARIMA-SEATS, JDemetra+ 2.2.4), discrete quarter, as published; quarterly national accounts vintage -- see metadata"
2022-07-01,national,IMPORTS,импорт товаров и услуг,7182602.614102411,"seasonally and calendar adjusted (X13-ARIMA-SEATS, JDemetra+ 2.2.4), discrete quarter, as published; quarterly national accounts vintage -- see metadata"
2022-10-01,national,IMPORTS,импорт товаров и услуг,7952871.331095636,"seasonally and calendar adjusted (X13-ARIMA-SEATS, JDemetra+ 2.2.4), discrete quarter, as published; quarterly national accounts vintage -- see metadata"
2023-01-01,national,IMPORTS,импорт товаров и услуг,8470407.391049797,"seasonally and calendar adjusted (X13-ARIMA-SEATS, JDemetra+ 2.2.4), discrete quarter, as published; quarterly national accounts vintage -- see metadata"
2023-04-01,national,IMPORTS,импорт товаров и услуг,8472590.34187248,"seasonally and calendar adjusted (X13-ARIMA-SEATS, JDemetra+ 2.2.4), discrete quarter, as published; quarterly national accounts vintage -- see metadata"
2023-07-01,national,IMPORTS,импорт товаров и услуг,8323154.803305839,"seasonally and calendar adjusted (X13-ARIMA-SEATS, JDemetra+ 2.2.4), discrete quarter, as published; quarterly national accounts vintage -- see metadata"
2023-10-01,national,IMPORTS,импорт товаров и услуг,8308846.225346173,"seasonally and calendar adjusted (X13-ARIMA-SEATS, JDemetra+ 2.2.4), discrete quarter, as published; quarterly national accounts vintage -- see metadata"
2024-01-01,national,IMPORTS,импорт товаров и услуг,8194965.730453781,"seasonally and calendar adjusted (X13-ARIMA-SEATS, JDemetra+ 2.2.4), discrete quarter, as published; quarterly national accounts vintage -- see metadata"
2024-04-01,national,IMPORTS,импорт товаров и услуг,8515979.610648561,"seasonally and calendar adjusted (X13-ARIMA-SEATS, JDemetra+ 2.2.4), discrete quarter, as published; quarterly national accounts vintage -- see metadata"
2024-07-01,national,IMPORTS,импорт товаров и услуг,8913603.619228702,"seasonally and calendar adjusted (X13-ARIMA-SEATS, JDemetra+ 2.2.4), discrete quarter, as published; quarterly national accounts vintage -- see metadata"
2024-10-01,national,IMPORTS,импорт товаров и услуг,9197718.211862218,"seasonally and calendar adjusted (X13-ARIMA-SEATS, JDemetra+ 2.2.4), discrete quarter, as published; quarterly national accounts vintage -- see metadata"
2025-01-01,national,IMPORTS,импорт товаров и услуг,10357526.865972687,"seasonally and calendar adjusted (X13-ARIMA-SEATS, JDemetra+ 2.2.4), discrete quarter, as published; quarterly national accounts vintage -- see metadata"
2025-04-01,national,IMPORTS,импорт товаров и услуг,10503727.775774548,"seasonally and calendar adjusted (X13-ARIMA-SEATS, JDemetra+ 2.2.4), discrete quarter, as published; quarterly national accounts vintage -- see metadata"
2025-07-01,national,IMPORTS,импорт товаров и услуг,10592962.952170366,"seasonally and calendar adjusted (X13-ARIMA-SEATS, JDemetra+ 2.2.4), discrete quarter, as published; quarterly national accounts vintage -- see metadata"
2025-10-01,national,IMPORTS,импорт товаров и услуг,10828283.467539491,"seasonally and calendar adjusted (X13-ARIMA-SEATS, JDemetra+ 2.2.4), discrete quarter, as published; quarterly national accounts vintage -- see metadata"
2026-01-01,national,IMPORTS,импорт товаров и услуг,11133265.69382774,"seasonally and calendar adjusted (X13-ARIMA-SEATS, JDemetra+ 2.2.4), discrete quarter, as published; quarterly national accounts vintage -- see metadata"
2010-01-01,national,INVENTORIES,изменение запасов материальных оборотных средств,93004.22471890178,"seasonally and calendar adjusted (X13-ARIMA-SEATS, JDemetra+ 2.2.4), discrete quarter, as published; quarterly national accounts vintage -- see metadata"
2010-04-01,national,INVENTORIES,изменение запасов материальных оборотных средств,116841.81136643735,"seasonally and calendar adjusted (X13-ARIMA-SEATS, JDemetra+ 2.2.4), discrete quarter, as published; quarterly national accounts vintage -- see metadata"
2010-07-01,national,INVENTORIES,изменение запасов материальных оборотных средств,112819.90892244913,"seasonally and calendar adjusted (X13-ARIMA-SEATS, JDemetra+ 2.2.4), discrete quarter, as published; quarterly national accounts vintage -- see metadata"
2010-10-01,national,INVENTORIES,изменение запасов материальных оборотных средств,121048.35499221171,"seasonally and calendar adjusted (X13-ARIMA-SEATS, JDemetra+ 2.2.4), discrete quarter, as published; quarterly national accounts vintage -- see metadata"
2011-01-01,national,INVENTORIES,изменение запасов материальных оборотных средств,107793.27765513606,"seasonally and calendar adjusted (X13-ARIMA-SEATS, JDemetra+ 2.2.4), discrete quarter, as published; quarterly national accounts vintage -- see metadata"
2011-04-01,national,INVENTORIES,изменение запасов материальных оборотных средств,115493.68380577517,"seasonally and calendar adjusted (X13-ARIMA-SEATS, JDemetra+ 2.2.4), discrete quarter, as published; quarterly national accounts vintage -- see metadata"
2011-07-01,national,INVENTORIES,изменение запасов материальных оборотных средств,130733.81737409282,"seasonally and calendar adjusted (X13-ARIMA-SEATS, JDemetra+ 2.2.4), discrete quarter, as published; quarterly national accounts vintage -- see metadata"
2011-10-01,national,INVENTORIES,изменение запасов материальных оборотных средств,160684.92116499605,"seasonally and calendar adjusted (X13-ARIMA-SEATS, JDemetra+ 2.2.4), discrete quarter, as published; quarterly national accounts vintage -- see metadata"
2012-01-01,national,INVENTORIES,изменение запасов материальных оборотных средств,167456.77112213612,"seasonally and calendar adjusted (X13-ARIMA-SEATS, JDemetra+ 2.2.4), discrete quarter, as published; quarterly national accounts vintage -- see metadata"
2012-04-01,national,INVENTORIES,изменение запасов материальных оборотных средств,194633.63662945872,"seasonally and calendar adjusted (X13-ARIMA-SEATS, JDemetra+ 2.2.4), discrete quarter, as published; quarterly national accounts vintage -- see metadata"
2012-07-01,national,INVENTORIES,изменение запасов материальных оборотных средств,219024.35083021256,"seasonally and calendar adjusted (X13-ARIMA-SEATS, JDemetra+ 2.2.4), discrete quarter, as published; quarterly national accounts vintage -- see metadata"
2012-10-01,national,INVENTORIES,изменение запасов материальных оборотных средств,213282.54141819268,"seasonally and calendar adjusted (X13-ARIMA-SEATS, JDemetra+ 2.2.4), discrete quarter, as published; quarterly national accounts vintage -- see metadata"
2013-01-01,national,INVENTORIES,изменение запасов материальных оборотных средств,216767.04783484444,"seasonally and calendar adjusted (X13-ARIMA-SEATS, JDemetra+ 2.2.4), discrete quarter, as published; quarterly national accounts vintage -- see metadata"
2013-04-01,national,INVENTORIES,изменение запасов материальных оборотных средств,241868.5906337027,"seasonally and calendar adjusted (X13-ARIMA-SEATS, JDemetra+ 2.2.4), discrete quarter, as published; quarterly national accounts vintage -- see metadata"
2013-07-01,national,INVENTORIES,изменение запасов материальных оборотных средств,243526.15240442482,"seasonally and calendar adjusted (X13-ARIMA-SEATS, JDemetra+ 2.2.4), discrete quarter, as published; quarterly national accounts vintage -- see metadata"
2013-10-01,national,INVENTORIES,изменение запасов материальных оборотных средств,287983.60912702826,"seasonally and calendar adjusted (X13-ARIMA-SEATS, JDemetra+ 2.2.4), discrete quarter, as published; quarterly national accounts vintage -- see metadata"
2014-01-01,national,INVENTORIES,изменение запасов материальных оборотных средств,311892.94203562377,"seasonally and calendar adjusted (X13-ARIMA-SEATS, JDemetra+ 2.2.4), discrete quarter, as published; quarterly national accounts vintage -- see metadata"
2014-04-01,national,INVENTORIES,изменение запасов материальных оборотных средств,369937.8101583088,"seasonally and calendar adjusted (X13-ARIMA-SEATS, JDemetra+ 2.2.4), discrete quarter, as published; quarterly national accounts vintage -- see metadata"
2014-07-01,national,INVENTORIES,изменение запасов материальных оборотных средств,433312.7934503748,"seasonally and calendar adjusted (X13-ARIMA-SEATS, JDemetra+ 2.2.4), discrete quarter, as published; quarterly national accounts vintage -- see metadata"
2014-10-01,national,INVENTORIES,изменение запасов материальных оборотных средств,467917.35435569263,"seasonally and calendar adjusted (X13-ARIMA-SEATS, JDemetra+ 2.2.4), discrete quarter, as published; quarterly national accounts vintage -- see metadata"
2015-01-01,national,INVENTORIES,изменение запасов материальных оборотных средств,472922.8606740673,"seasonally and calendar adjusted (X13-ARIMA-SEATS, JDemetra+ 2.2.4), discrete quarter, as published; quarterly national accounts vintage -- see metadata"
2015-04-01,national,INVENTORIES,изменение запасов материальных оборотных средств,503995.56047400256,"seasonally and calendar adjusted (X13-ARIMA-SEATS, JDemetra+ 2.2.4), discrete quarter, as published; quarterly national accounts vintage -- see metadata"
2015-07-01,national,INVENTORIES,изменение запасов материальных оборотных средств,560607.4407413965,"seasonally and calendar adjusted (X13-ARIMA-SEATS, JDemetra+ 2.2.4), discrete quarter, as published; quarterly national accounts vintage -- see metadata"
2015-10-01,national,INVENTORIES,изменение запасов материальных оборотных средств,545749.4381105338,"seasonally and calendar adjusted (X13-ARIMA-SEATS, JDemetra+ 2.2.4), discrete quarter, as published; quarterly national accounts vintage -- see metadata"
2016-01-01,national,INVENTORIES,изменение запасов материальных оборотных средств,512545.5263706902,"seasonally and calendar adjusted (X13-ARIMA-SEATS, JDemetra+ 2.2.4), discrete quarter, as published; quarterly national accounts vintage -- see metadata"
2016-04-01,national,INVENTORIES,изменение запасов материальных оборотных средств,574316.3663559469,"seasonally and calendar adjusted (X13-ARIMA-SEATS, JDemetra+ 2.2.4), discrete quarter, as published; quarterly national accounts vintage -- see metadata"
2016-07-01,national,INVENTORIES,изменение запасов материальных оборотных средств,619483.9288294849,"seasonally and calendar adjusted (X13-ARIMA-SEATS, JDemetra+ 2.2.4), discrete quarter, as published; quarterly national accounts vintage -- see metadata"
2016-10-01,national,INVENTORIES,изменение запасов материальных оборотных средств,591741.0784438782,"seasonally and calendar adjusted (X13-ARIMA-SEATS, JDemetra+ 2.2.4), discrete quarter, as published; quarterly national accounts vintage -- see metadata"
2017-01-01,national,INVENTORIES,изменение запасов материальных оборотных средств,612021.3899620192,"seasonally and calendar adjusted (X13-ARIMA-SEATS, JDemetra+ 2.2.4), discrete quarter, as published; quarterly national accounts vintage -- see metadata"
2017-04-01,national,INVENTORIES,изменение запасов материальных оборотных средств,640688.4153267954,"seasonally and calendar adjusted (X13-ARIMA-SEATS, JDemetra+ 2.2.4), discrete quarter, as published; quarterly national accounts vintage -- see metadata"
2017-07-01,national,INVENTORIES,изменение запасов материальных оборотных средств,597427.8366861806,"seasonally and calendar adjusted (X13-ARIMA-SEATS, JDemetra+ 2.2.4), discrete quarter, as published; quarterly national accounts vintage -- see metadata"
2017-10-01,national,INVENTORIES,изменение запасов материальных оборотных средств,641347.1580250046,"seasonally and calendar adjusted (X13-ARIMA-SEATS, JDemetra+ 2.2.4), discrete quarter, as published; quarterly national accounts vintage -- see metadata"
2018-01-01,national,INVENTORIES,изменение запасов материальных оборотных средств,576532.4374519394,"seasonally and calendar adjusted (X13-ARIMA-SEATS, JDemetra+ 2.2.4), discrete quarter, as published; quarterly national accounts vintage -- see metadata"
2018-04-01,national,INVENTORIES,изменение запасов материальных оборотных средств,606776.2148672857,"seasonally and calendar adjusted (X13-ARIMA-SEATS, JDemetra+ 2.2.4), discrete quarter, as published; quarterly national accounts vintage -- see metadata"
2018-07-01,national,INVENTORIES,изменение запасов материальных оборотных средств,642839.4136212211,"seasonally and calendar adjusted (X13-ARIMA-SEATS, JDemetra+ 2.2.4), discrete quarter, as published; quarterly national accounts vintage -- see metadata"
2018-10-01,national,INVENTORIES,изменение запасов материальных оборотных средств,696945.8340595538,"seasonally and calendar adjusted (X13-ARIMA-SEATS, JDemetra+ 2.2.4), discrete quarter, as published; quarterly national accounts vintage -- see metadata"
2019-01-01,national,INVENTORIES,изменение запасов материальных оборотных средств,707798.7713569676,"seasonally and calendar adjusted (X13-ARIMA-SEATS, JDemetra+ 2.2.4), discrete quarter, as published; quarterly national accounts vintage -- see metadata"
2019-04-01,national,INVENTORIES,изменение запасов материальных оборотных средств,690990.3597455533,"seasonally and calendar adjusted (X13-ARIMA-SEATS, JDemetra+ 2.2.4), discrete quarter, as published; quarterly national accounts vintage -- see metadata"
2019-07-01,national,INVENTORIES,изменение запасов материальных оборотных средств,725226.3273814023,"seasonally and calendar adjusted (X13-ARIMA-SEATS, JDemetra+ 2.2.4), discrete quarter, as published; quarterly national accounts vintage -- see metadata"
2019-10-01,national,INVENTORIES,изменение запасов материальных оборотных средств,768640.5415160764,"seasonally and calendar adjusted (X13-ARIMA-SEATS, JDemetra+ 2.2.4), discrete quarter, as published; quarterly national accounts vintage -- see metadata"
2020-01-01,national,INVENTORIES,изменение запасов материальных оборотных средств,827819.9461565731,"seasonally and calendar adjusted (X13-ARIMA-SEATS, JDemetra+ 2.2.4), discrete quarter, as published; quarterly national accounts vintage -- see metadata"
2020-04-01,national,INVENTORIES,изменение запасов материальных оборотных средств,706979.3572655316,"seasonally and calendar adjusted (X13-ARIMA-SEATS, JDemetra+ 2.2.4), discrete quarter, as published; quarterly national accounts vintage -- see metadata"
2020-07-01,national,INVENTORIES,изменение запасов материальных оборотных средств,796043.8922663728,"seasonally and calendar adjusted (X13-ARIMA-SEATS, JDemetra+ 2.2.4), discrete quarter, as published; quarterly national accounts vintage -- see metadata"
2020-10-01,national,INVENTORIES,изменение запасов материальных оборотных средств,711048.3043115227,"seasonally and calendar adjusted (X13-ARIMA-SEATS, JDemetra+ 2.2.4), discrete quarter, as published; quarterly national accounts vintage -- see metadata"
2021-01-01,national,INVENTORIES,изменение запасов материальных оборотных средств,712712.7153736746,"seasonally and calendar adjusted (X13-ARIMA-SEATS, JDemetra+ 2.2.4), discrete quarter, as published; quarterly national accounts vintage -- see metadata"
2021-04-01,national,INVENTORIES,изменение запасов материальных оборотных средств,689531.8882958586,"seasonally and calendar adjusted (X13-ARIMA-SEATS, JDemetra+ 2.2.4), discrete quarter, as published; quarterly national accounts vintage -- see metadata"
2021-07-01,national,INVENTORIES,изменение запасов материальных оборотных средств,703102.4739623656,"seasonally and calendar adjusted (X13-ARIMA-SEATS, JDemetra+ 2.2.4), discrete quarter, as published; quarterly national accounts vintage -- see metadata"
2021-10-01,national,INVENTORIES,изменение запасов материальных оборотных средств,704724.4223681012,"seasonally and calendar adjusted (X13-ARIMA-SEATS, JDemetra+ 2.2.4), discrete quarter, as published; quarterly national accounts vintage -- see metadata"
2022-01-01,national,INVENTORIES,изменение запасов материальных оборотных средств,724302.9776152982,"seasonally and calendar adjusted (X13-ARIMA-SEATS, JDemetra+ 2.2.4), discrete quarter, as published; quarterly national accounts vintage -- see metadata"
2022-04-01,national,INVENTORIES,изменение запасов материальных оборотных средств,666030.7164362896,"seasonally and calendar adjusted (X13-ARIMA-SEATS, JDemetra+ 2.2.4), discrete quarter, as published; quarterly national accounts vintage -- see metadata"
2022-07-01,national,INVENTORIES,изменение запасов материальных оборотных средств,714933.478111425,"seasonally and calendar adjusted (X13-ARIMA-SEATS, JDemetra+ 2.2.4), discrete quarter, as published; quarterly national accounts vintage -- see metadata"
2022-10-01,national,INVENTORIES,изменение запасов материальных оборотных средств,780222.0278369876,"seasonally and calendar adjusted (X13-ARIMA-SEATS, JDemetra+ 2.2.4), discrete quarter, as published; quarterly national accounts vintage -- see metadata"
2023-01-01,national,INVENTORIES,изменение запасов материальных оборотных средств,851346.9853886814,"seasonally and calendar adjusted (X13-ARIMA-SEATS, JDemetra+ 2.2.4), discrete quarter, as published; quarterly national accounts vintage -- see metadata"
2023-04-01,national,INVENTORIES,изменение запасов материальных оборотных средств,925039.0367305458,"seasonally and calendar adjusted (X13-ARIMA-SEATS, JDemetra+ 2.2.4), discrete quarter, as published; quarterly national accounts vintage -- see metadata"
2023-07-01,national,INVENTORIES,изменение запасов материальных оборотных средств,1018342.4071134004,"seasonally and calendar adjusted (X13-ARIMA-SEATS, JDemetra+ 2.2.4), discrete quarter, as published; quarterly national accounts vintage -- see metadata"
2023-10-01,national,INVENTORIES,изменение запасов материальных оборотных средств,983283.9707673724,"seasonally and calendar adjusted (X13-ARIMA-SEATS, JDemetra+ 2.2.4), discrete quarter, as published; quarterly national accounts vintage -- see metadata"
2024-01-01,national,INVENTORIES,изменение запасов материальных оборотных средств,944659.3502934567,"seasonally and calendar adjusted (X13-ARIMA-SEATS, JDemetra+ 2.2.4), discrete quarter, as published; quarterly national accounts vintage -- see metadata"
2024-04-01,national,INVENTORIES,изменение запасов материальных оборотных средств,883118.0803914332,"seasonally and calendar adjusted (X13-ARIMA-SEATS, JDemetra+ 2.2.4), discrete quarter, as published; quarterly national accounts vintage -- see metadata"
2024-07-01,national,INVENTORIES,изменение запасов материальных оборотных средств,880503.0498027572,"seasonally and calendar adjusted (X13-ARIMA-SEATS, JDemetra+ 2.2.4), discrete quarter, as published; quarterly national accounts vintage -- see metadata"
2024-10-01,national,INVENTORIES,изменение запасов материальных оборотных средств,1210027.2195123532,"seasonally and calendar adjusted (X13-ARIMA-SEATS, JDemetra+ 2.2.4), discrete quarter, as published; quarterly national accounts vintage -- see metadata"
2025-01-01,national,INVENTORIES,изменение запасов материальных оборотных средств,1270301.881186866,"seasonally and calendar adjusted (X13-ARIMA-SEATS, JDemetra+ 2.2.4), discrete quarter, as published; quarterly national accounts vintage -- see metadata"
2025-04-01,national,INVENTORIES,изменение запасов материальных оборотных средств,1353714.7601208831,"seasonally and calendar adjusted (X13-ARIMA-SEATS, JDemetra+ 2.2.4), discrete quarter, as published; quarterly national accounts vintage -- see metadata"
2025-07-01,national,INVENTORIES,изменение запасов материальных оборотных средств,1473512.4698001002,"seasonally and calendar adjusted (X13-ARIMA-SEATS, JDemetra+ 2.2.4), discrete quarter, as published; quarterly national accounts vintage -- see metadata"
2025-10-01,national,INVENTORIES,изменение запасов материальных оборотных средств,1749230.1888921508,"seasonally and calendar adjusted (X13-ARIMA-SEATS, JDemetra+ 2.2.4), discrete quarter, as published; quarterly national accounts vintage -- see metadata"
2026-01-01,national,INVENTORIES,изменение запасов материальных оборотных средств,1415972.960014088,"seasonally and calendar adjusted (X13-ARIMA-SEATS, JDemetra+ 2.2.4), discrete quarter, as published; quarterly national accounts vintage -- see metadata"
2010-01-01,national,NET_EXPORTS,Чистый экспорт,680473.4430983961,"seasonally and calendar adjusted (X13-ARIMA-SEATS, JDemetra+ 2.2.4), discrete quarter, as published; quarterly national accounts vintage -- see metadata"
2010-04-01,national,NET_EXPORTS,Чистый экспорт,941018.4158807832,"seasonally and calendar adjusted (X13-ARIMA-SEATS, JDemetra+ 2.2.4), discrete quarter, as published; quarterly national accounts vintage -- see metadata"
2010-07-01,national,NET_EXPORTS,Чистый экспорт,835054.8933995655,"seasonally and calendar adjusted (X13-ARIMA-SEATS, JDemetra+ 2.2.4), discrete quarter, as published; quarterly national accounts vintage -- see metadata"
2010-10-01,national,NET_EXPORTS,Чистый экспорт,872247.6622545988,"seasonally and calendar adjusted (X13-ARIMA-SEATS, JDemetra+ 2.2.4), discrete quarter, as published; quarterly national accounts vintage -- see metadata"
2011-01-01,national,NET_EXPORTS,Чистый экспорт,1917432.3779916302,"seasonally and calendar adjusted (X13-ARIMA-SEATS, JDemetra+ 2.2.4), discrete quarter, as published; quarterly national accounts vintage -- see metadata"
2011-04-01,national,NET_EXPORTS,Чистый экспорт,1442769.9132252743,"seasonally and calendar adjusted (X13-ARIMA-SEATS, JDemetra+ 2.2.4), discrete quarter, as published; quarterly national accounts vintage -- see metadata"
2011-07-01,national,NET_EXPORTS,Чистый экспорт,1467791.5757099797,"seasonally and calendar adjusted (X13-ARIMA-SEATS, JDemetra+ 2.2.4), discrete quarter, as published; quarterly national accounts vintage -- see metadata"
2011-10-01,national,NET_EXPORTS,Чистый экспорт,1361129.889295406,"seasonally and calendar adjusted (X13-ARIMA-SEATS, JDemetra+ 2.2.4), discrete quarter, as published; quarterly national accounts vintage -- see metadata"
2012-01-01,national,NET_EXPORTS,Чистый экспорт,1316349.4863646023,"seasonally and calendar adjusted (X13-ARIMA-SEATS, JDemetra+ 2.2.4), discrete quarter, as published; quarterly national accounts vintage -- see metadata"
2012-04-01,national,NET_EXPORTS,Чистый экспорт,1228925.2081362444,"seasonally and calendar adjusted (X13-ARIMA-SEATS, JDemetra+ 2.2.4), discrete quarter, as published; quarterly national accounts vintage -- see metadata"
2012-07-01,national,NET_EXPORTS,Чистый экспорт,1153070.8665071067,"seasonally and calendar adjusted (X13-ARIMA-SEATS, JDemetra+ 2.2.4), discrete quarter, as published; quarterly national accounts vintage -- see metadata"
2012-10-01,national,NET_EXPORTS,Чистый экспорт,993660.5126583081,"seasonally and calendar adjusted (X13-ARIMA-SEATS, JDemetra+ 2.2.4), discrete quarter, as published; quarterly national accounts vintage -- see metadata"
2013-01-01,national,NET_EXPORTS,Чистый экспорт,1081928.1548913396,"seasonally and calendar adjusted (X13-ARIMA-SEATS, JDemetra+ 2.2.4), discrete quarter, as published; quarterly national accounts vintage -- see metadata"
2013-04-01,national,NET_EXPORTS,Чистый экспорт,935723.9925838403,"seasonally and calendar adjusted (X13-ARIMA-SEATS, JDemetra+ 2.2.4), discrete quarter, as published; quarterly national accounts vintage -- see metadata"
2013-07-01,national,NET_EXPORTS,Чистый экспорт,1203630.279163961,"seasonally and calendar adjusted (X13-ARIMA-SEATS, JDemetra+ 2.2.4), discrete quarter, as published; quarterly national accounts vintage -- see metadata"
2013-10-01,national,NET_EXPORTS,Чистый экспорт,1445577.435819595,"seasonally and calendar adjusted (X13-ARIMA-SEATS, JDemetra+ 2.2.4), discrete quarter, as published; quarterly national accounts vintage -- see metadata"
2014-01-01,national,NET_EXPORTS,Чистый экспорт,1250934.3047202693,"seasonally and calendar adjusted (X13-ARIMA-SEATS, JDemetra+ 2.2.4), discrete quarter, as published; quarterly national accounts vintage -- see metadata"
2014-04-01,national,NET_EXPORTS,Чистый экспорт,1204074.2421692498,"seasonally and calendar adjusted (X13-ARIMA-SEATS, JDemetra+ 2.2.4), discrete quarter, as published; quarterly national accounts vintage -- see metadata"
2014-07-01,national,NET_EXPORTS,Чистый экспорт,998326.079866593,"seasonally and calendar adjusted (X13-ARIMA-SEATS, JDemetra+ 2.2.4), discrete quarter, as published; quarterly national accounts vintage -- see metadata"
2014-10-01,national,NET_EXPORTS,Чистый экспорт,267642.6788990599,"seasonally and calendar adjusted (X13-ARIMA-SEATS, JDemetra+ 2.2.4), discrete quarter, as published; quarterly national accounts vintage -- see metadata"
2015-01-01,national,NET_EXPORTS,Чистый экспорт,129872.63960915653,"seasonally and calendar adjusted (X13-ARIMA-SEATS, JDemetra+ 2.2.4), discrete quarter, as published; quarterly national accounts vintage -- see metadata"
2015-04-01,national,NET_EXPORTS,Чистый экспорт,176005.76149000996,"seasonally and calendar adjusted (X13-ARIMA-SEATS, JDemetra+ 2.2.4), discrete quarter, as published; quarterly national accounts vintage -- see metadata"
2015-07-01,national,NET_EXPORTS,Чистый экспорт,59919.58812531826,"seasonally and calendar adjusted (X13-ARIMA-SEATS, JDemetra+ 2.2.4), discrete quarter, as published; quarterly national accounts vintage -- see metadata"
2015-10-01,national,NET_EXPORTS,Чистый экспорт,266459.7239412879,"seasonally and calendar adjusted (X13-ARIMA-SEATS, JDemetra+ 2.2.4), discrete quarter, as published; quarterly national accounts vintage -- see metadata"
2016-01-01,national,NET_EXPORTS,Чистый экспорт,200311.41524146823,"seasonally and calendar adjusted (X13-ARIMA-SEATS, JDemetra+ 2.2.4), discrete quarter, as published; quarterly national accounts vintage -- see metadata"
2016-04-01,national,NET_EXPORTS,Чистый экспорт,681379.8358457331,"seasonally and calendar adjusted (X13-ARIMA-SEATS, JDemetra+ 2.2.4), discrete quarter, as published; quarterly national accounts vintage -- see metadata"
2016-07-01,national,NET_EXPORTS,Чистый экспорт,634344.3381589373,"seasonally and calendar adjusted (X13-ARIMA-SEATS, JDemetra+ 2.2.4), discrete quarter, as published; quarterly national accounts vintage -- see metadata"
2016-10-01,national,NET_EXPORTS,Чистый экспорт,810825.6898566867,"seasonally and calendar adjusted (X13-ARIMA-SEATS, JDemetra+ 2.2.4), discrete quarter, as published; quarterly national accounts vintage -- see metadata"
2017-01-01,national,NET_EXPORTS,Чистый экспорт,925273.7835466191,"seasonally and calendar adjusted (X13-ARIMA-SEATS, JDemetra+ 2.2.4), discrete quarter, as published; quarterly national accounts vintage -- see metadata"
2017-04-01,national,NET_EXPORTS,Чистый экспорт,916846.9590897681,"seasonally and calendar adjusted (X13-ARIMA-SEATS, JDemetra+ 2.2.4), discrete quarter, as published; quarterly national accounts vintage -- see metadata"
2017-07-01,national,NET_EXPORTS,Чистый экспорт,1450929.2898549275,"seasonally and calendar adjusted (X13-ARIMA-SEATS, JDemetra+ 2.2.4), discrete quarter, as published; quarterly national accounts vintage -- see metadata"
2017-10-01,national,NET_EXPORTS,Чистый экспорт,1613815.617894735,"seasonally and calendar adjusted (X13-ARIMA-SEATS, JDemetra+ 2.2.4), discrete quarter, as published; quarterly national accounts vintage -- see metadata"
2018-01-01,national,NET_EXPORTS,Чистый экспорт,1579195.5315115128,"seasonally and calendar adjusted (X13-ARIMA-SEATS, JDemetra+ 2.2.4), discrete quarter, as published; quarterly national accounts vintage -- see metadata"
2018-04-01,national,NET_EXPORTS,Чистый экспорт,1995670.019185648,"seasonally and calendar adjusted (X13-ARIMA-SEATS, JDemetra+ 2.2.4), discrete quarter, as published; quarterly national accounts vintage -- see metadata"
2018-07-01,national,NET_EXPORTS,Чистый экспорт,1868804.8581212924,"seasonally and calendar adjusted (X13-ARIMA-SEATS, JDemetra+ 2.2.4), discrete quarter, as published; quarterly national accounts vintage -- see metadata"
2018-10-01,national,NET_EXPORTS,Чистый экспорт,1160895.8723083197,"seasonally and calendar adjusted (X13-ARIMA-SEATS, JDemetra+ 2.2.4), discrete quarter, as published; quarterly national accounts vintage -- see metadata"
2019-01-01,national,NET_EXPORTS,Чистый экспорт,2057669.7102949223,"seasonally and calendar adjusted (X13-ARIMA-SEATS, JDemetra+ 2.2.4), discrete quarter, as published; quarterly national accounts vintage -- see metadata"
2019-04-01,national,NET_EXPORTS,Чистый экспорт,1314295.5654964955,"seasonally and calendar adjusted (X13-ARIMA-SEATS, JDemetra+ 2.2.4), discrete quarter, as published; quarterly national accounts vintage -- see metadata"
2019-07-01,national,NET_EXPORTS,Чистый экспорт,1096513.2784289587,"seasonally and calendar adjusted (X13-ARIMA-SEATS, JDemetra+ 2.2.4), discrete quarter, as published; quarterly national accounts vintage -- see metadata"
2019-10-01,national,NET_EXPORTS,Чистый экспорт,1182053.5365441556,"seasonally and calendar adjusted (X13-ARIMA-SEATS, JDemetra+ 2.2.4), discrete quarter, as published; quarterly national accounts vintage -- see metadata"
2020-01-01,national,NET_EXPORTS,Чистый экспорт,827195.2465223845,"seasonally and calendar adjusted (X13-ARIMA-SEATS, JDemetra+ 2.2.4), discrete quarter, as published; quarterly national accounts vintage -- see metadata"
2020-04-01,national,NET_EXPORTS,Чистый экспорт,-265914.38800427585,"seasonally and calendar adjusted (X13-ARIMA-SEATS, JDemetra+ 2.2.4), discrete quarter, as published; quarterly national accounts vintage -- see metadata"
2020-07-01,national,NET_EXPORTS,Чистый экспорт,-132515.85662413485,"seasonally and calendar adjusted (X13-ARIMA-SEATS, JDemetra+ 2.2.4), discrete quarter, as published; quarterly national accounts vintage -- see metadata"
2020-10-01,national,NET_EXPORTS,Чистый экспорт,647542.9730363607,"seasonally and calendar adjusted (X13-ARIMA-SEATS, JDemetra+ 2.2.4), discrete quarter, as published; quarterly national accounts vintage -- see metadata"
2021-01-01,national,NET_EXPORTS,Чистый экспорт,1728055.4686979447,"seasonally and calendar adjusted (X13-ARIMA-SEATS, JDemetra+ 2.2.4), discrete quarter, as published; quarterly national accounts vintage -- see metadata"
2021-04-01,national,NET_EXPORTS,Чистый экспорт,2473928.9994633384,"seasonally and calendar adjusted (X13-ARIMA-SEATS, JDemetra+ 2.2.4), discrete quarter, as published; quarterly national accounts vintage -- see metadata"
2021-07-01,national,NET_EXPORTS,Чистый экспорт,2149920.1109572374,"seasonally and calendar adjusted (X13-ARIMA-SEATS, JDemetra+ 2.2.4), discrete quarter, as published; quarterly national accounts vintage -- see metadata"
2021-10-01,national,NET_EXPORTS,Чистый экспорт,3099669.039520619,"seasonally and calendar adjusted (X13-ARIMA-SEATS, JDemetra+ 2.2.4), discrete quarter, as published; quarterly national accounts vintage -- see metadata"
2022-01-01,national,NET_EXPORTS,Чистый экспорт,4915747.688345447,"seasonally and calendar adjusted (X13-ARIMA-SEATS, JDemetra+ 2.2.4), discrete quarter, as published; quarterly national accounts vintage -- see metadata"
2022-04-01,national,NET_EXPORTS,Чистый экспорт,3804988.033717553,"seasonally and calendar adjusted (X13-ARIMA-SEATS, JDemetra+ 2.2.4), discrete quarter, as published; quarterly national accounts vintage -- see metadata"
2022-07-01,national,NET_EXPORTS,Чистый экспорт,3808524.3912973325,"seasonally and calendar adjusted (X13-ARIMA-SEATS, JDemetra+ 2.2.4), discrete quarter, as published; quarterly national accounts vintage -- see metadata"
2022-10-01,national,NET_EXPORTS,Чистый экспорт,2839421.733939752,"seasonally and calendar adjusted (X13-ARIMA-SEATS, JDemetra+ 2.2.4), discrete quarter, as published; quarterly national accounts vintage -- see metadata"
2023-01-01,national,NET_EXPORTS,Чистый экспорт,1795673.606719191,"seasonally and calendar adjusted (X13-ARIMA-SEATS, JDemetra+ 2.2.4), discrete quarter, as published; quarterly national accounts vintage -- see metadata"
2023-04-01,national,NET_EXPORTS,Чистый экспорт,1781549.1029201823,"seasonally and calendar adjusted (X13-ARIMA-SEATS, JDemetra+ 2.2.4), discrete quarter, as published; quarterly national accounts vintage -- see metadata"
2023-07-01,national,NET_EXPORTS,Чистый экспорт,2276563.8260310646,"seasonally and calendar adjusted (X13-ARIMA-SEATS, JDemetra+ 2.2.4), discrete quarter, as published; quarterly national accounts vintage -- see metadata"
2023-10-01,national,NET_EXPORTS,Чистый экспорт,2493137.750245647,"seasonally and calendar adjusted (X13-ARIMA-SEATS, JDemetra+ 2.2.4), discrete quarter, as published; quarterly national accounts vintage -- see metadata"
2024-01-01,national,NET_EXPORTS,Чистый экспорт,2036341.7800405668,"seasonally and calendar adjusted (X13-ARIMA-SEATS, JDemetra+ 2.2.4), discrete quarter, as published; quarterly national accounts vintage -- see metadata"
2024-04-01,national,NET_EXPORTS,Чистый экспорт,2281712.196254567,"seasonally and calendar adjusted (X13-ARIMA-SEATS, JDemetra+ 2.2.4), discrete quarter, as published; quarterly national accounts vintage -- see metadata"
2024-07-01,national,NET_EXPORTS,Чистый экспорт,1788691.5875709783,"seasonally and calendar adjusted (X13-ARIMA-SEATS, JDemetra+ 2.2.4), discrete quarter, as published; quarterly national accounts vintage -- see metadata"
2024-10-01,national,NET_EXPORTS,Чистый экспорт,1373361.2983882774,"seasonally and calendar adjusted (X13-ARIMA-SEATS, JDemetra+ 2.2.4), discrete quarter, as published; quarterly national accounts vintage -- see metadata"
2025-01-01,national,NET_EXPORTS,Чистый экспорт,1851900.2278748336,"seasonally and calendar adjusted (X13-ARIMA-SEATS, JDemetra+ 2.2.4), discrete quarter, as published; quarterly national accounts vintage -- see metadata"
2025-04-01,national,NET_EXPORTS,Чистый экспорт,1314722.0944034199,"seasonally and calendar adjusted (X13-ARIMA-SEATS, JDemetra+ 2.2.4), discrete quarter, as published; quarterly national accounts vintage -- see metadata"
2025-07-01,national,NET_EXPORTS,Чистый экспорт,1696053.5408603512,"seasonally and calendar adjusted (X13-ARIMA-SEATS, JDemetra+ 2.2.4), discrete quarter, as published; quarterly national accounts vintage -- see metadata"
2025-10-01,national,NET_EXPORTS,Чистый экспорт,338176.0271278327,"seasonally and calendar adjusted (X13-ARIMA-SEATS, JDemetra+ 2.2.4), discrete quarter, as published; quarterly national accounts vintage -- see metadata"
2026-01-01,national,NET_EXPORTS,Чистый экспорт,1475770.7143597943,"seasonally and calendar adjusted (X13-ARIMA-SEATS, JDemetra+ 2.2.4), discrete quarter, as published; quarterly national accounts vintage -- see metadata"
2010-01-01,national,NPISH,"некоммерческих организаций, обслуживающих домашние хозяйства",33560.83805524997,"seasonally and calendar adjusted (X13-ARIMA-SEATS, JDemetra+ 2.2.4), discrete quarter, as published; quarterly national accounts vintage -- see metadata"
2010-04-01,national,NPISH,"некоммерческих организаций, обслуживающих домашние хозяйства",34370.69173848628,"seasonally and calendar adjusted (X13-ARIMA-SEATS, JDemetra+ 2.2.4), discrete quarter, as published; quarterly national accounts vintage -- see metadata"
2010-07-01,national,NPISH,"некоммерческих организаций, обслуживающих домашние хозяйства",37963.130587105195,"seasonally and calendar adjusted (X13-ARIMA-SEATS, JDemetra+ 2.2.4), discrete quarter, as published; quarterly national accounts vintage -- see metadata"
2010-10-01,national,NPISH,"некоммерческих организаций, обслуживающих домашние хозяйства",36424.527174771014,"seasonally and calendar adjusted (X13-ARIMA-SEATS, JDemetra+ 2.2.4), discrete quarter, as published; quarterly national accounts vintage -- see metadata"
2011-01-01,national,NPISH,"некоммерческих организаций, обслуживающих домашние хозяйства",40799.18392784358,"seasonally and calendar adjusted (X13-ARIMA-SEATS, JDemetra+ 2.2.4), discrete quarter, as published; quarterly national accounts vintage -- see metadata"
2011-04-01,national,NPISH,"некоммерческих организаций, обслуживающих домашние хозяйства",45667.18482032542,"seasonally and calendar adjusted (X13-ARIMA-SEATS, JDemetra+ 2.2.4), discrete quarter, as published; quarterly national accounts vintage -- see metadata"
2011-07-01,national,NPISH,"некоммерческих организаций, обслуживающих домашние хозяйства",45655.12357327848,"seasonally and calendar adjusted (X13-ARIMA-SEATS, JDemetra+ 2.2.4), discrete quarter, as published; quarterly national accounts vintage -- see metadata"
2011-10-01,national,NPISH,"некоммерческих организаций, обслуживающих домашние хозяйства",54287.98066144435,"seasonally and calendar adjusted (X13-ARIMA-SEATS, JDemetra+ 2.2.4), discrete quarter, as published; quarterly national accounts vintage -- see metadata"
2012-01-01,national,NPISH,"некоммерческих организаций, обслуживающих домашние хозяйства",55167.872006088684,"seasonally and calendar adjusted (X13-ARIMA-SEATS, JDemetra+ 2.2.4), discrete quarter, as published; quarterly national accounts vintage -- see metadata"
2012-04-01,national,NPISH,"некоммерческих организаций, обслуживающих домашние хозяйства",52675.25208642494,"seasonally and calendar adjusted (X13-ARIMA-SEATS, JDemetra+ 2.2.4), discrete quarter, as published; quarterly national accounts vintage -- see metadata"
2012-07-01,national,NPISH,"некоммерческих организаций, обслуживающих домашние хозяйства",51857.890489288766,"seasonally and calendar adjusted (X13-ARIMA-SEATS, JDemetra+ 2.2.4), discrete quarter, as published; quarterly national accounts vintage -- see metadata"
2012-10-01,national,NPISH,"некоммерческих организаций, обслуживающих домашние хозяйства",51976.701235037624,"seasonally and calendar adjusted (X13-ARIMA-SEATS, JDemetra+ 2.2.4), discrete quarter, as published; quarterly national accounts vintage -- see metadata"
2013-01-01,national,NPISH,"некоммерческих организаций, обслуживающих домашние хозяйства",53170.54681216402,"seasonally and calendar adjusted (X13-ARIMA-SEATS, JDemetra+ 2.2.4), discrete quarter, as published; quarterly national accounts vintage -- see metadata"
2013-04-01,national,NPISH,"некоммерческих организаций, обслуживающих домашние хозяйства",52311.52003320017,"seasonally and calendar adjusted (X13-ARIMA-SEATS, JDemetra+ 2.2.4), discrete quarter, as published; quarterly national accounts vintage -- see metadata"
2013-07-01,national,NPISH,"некоммерческих организаций, обслуживающих домашние хозяйства",53846.49924420303,"seasonally and calendar adjusted (X13-ARIMA-SEATS, JDemetra+ 2.2.4), discrete quarter, as published; quarterly national accounts vintage -- see metadata"
2013-10-01,national,NPISH,"некоммерческих организаций, обслуживающих домашние хозяйства",57306.065080714114,"seasonally and calendar adjusted (X13-ARIMA-SEATS, JDemetra+ 2.2.4), discrete quarter, as published; quarterly national accounts vintage -- see metadata"
2014-01-01,national,NPISH,"некоммерческих организаций, обслуживающих домашние хозяйства",68454.44149420502,"seasonally and calendar adjusted (X13-ARIMA-SEATS, JDemetra+ 2.2.4), discrete quarter, as published; quarterly national accounts vintage -- see metadata"
2014-04-01,national,NPISH,"некоммерческих организаций, обслуживающих домашние хозяйства",81264.01876612684,"seasonally and calendar adjusted (X13-ARIMA-SEATS, JDemetra+ 2.2.4), discrete quarter, as published; quarterly national accounts vintage -- see metadata"
2014-07-01,national,NPISH,"некоммерческих организаций, обслуживающих домашние хозяйства",90078.0695485038,"seasonally and calendar adjusted (X13-ARIMA-SEATS, JDemetra+ 2.2.4), discrete quarter, as published; quarterly national accounts vintage -- see metadata"
2014-10-01,national,NPISH,"некоммерческих организаций, обслуживающих домашние хозяйства",89778.66477432517,"seasonally and calendar adjusted (X13-ARIMA-SEATS, JDemetra+ 2.2.4), discrete quarter, as published; quarterly national accounts vintage -- see metadata"
2015-01-01,national,NPISH,"некоммерческих организаций, обслуживающих домашние хозяйства",58801.88117818397,"seasonally and calendar adjusted (X13-ARIMA-SEATS, JDemetra+ 2.2.4), discrete quarter, as published; quarterly national accounts vintage -- see metadata"
2015-04-01,national,NPISH,"некоммерческих организаций, обслуживающих домашние хозяйства",60754.23433909969,"seasonally and calendar adjusted (X13-ARIMA-SEATS, JDemetra+ 2.2.4), discrete quarter, as published; quarterly national accounts vintage -- see metadata"
2015-07-01,national,NPISH,"некоммерческих организаций, обслуживающих домашние хозяйства",60518.81117575832,"seasonally and calendar adjusted (X13-ARIMA-SEATS, JDemetra+ 2.2.4), discrete quarter, as published; quarterly national accounts vintage -- see metadata"
2015-10-01,national,NPISH,"некоммерческих организаций, обслуживающих домашние хозяйства",61820.7709798369,"seasonally and calendar adjusted (X13-ARIMA-SEATS, JDemetra+ 2.2.4), discrete quarter, as published; quarterly national accounts vintage -- see metadata"
2016-01-01,national,NPISH,"некоммерческих организаций, обслуживающих домашние хозяйства",55870.335317620586,"seasonally and calendar adjusted (X13-ARIMA-SEATS, JDemetra+ 2.2.4), discrete quarter, as published; quarterly national accounts vintage -- see metadata"
2016-04-01,national,NPISH,"некоммерческих организаций, обслуживающих домашние хозяйства",58025.74562835434,"seasonally and calendar adjusted (X13-ARIMA-SEATS, JDemetra+ 2.2.4), discrete quarter, as published; quarterly national accounts vintage -- see metadata"
2016-07-01,national,NPISH,"некоммерческих организаций, обслуживающих домашние хозяйства",58020.6263109581,"seasonally and calendar adjusted (X13-ARIMA-SEATS, JDemetra+ 2.2.4), discrete quarter, as published; quarterly national accounts vintage -- see metadata"
2016-10-01,national,NPISH,"некоммерческих организаций, обслуживающих домашние хозяйства",58672.395026488484,"seasonally and calendar adjusted (X13-ARIMA-SEATS, JDemetra+ 2.2.4), discrete quarter, as published; quarterly national accounts vintage -- see metadata"
2017-01-01,national,NPISH,"некоммерческих организаций, обслуживающих домашние хозяйства",60959.41353884556,"seasonally and calendar adjusted (X13-ARIMA-SEATS, JDemetra+ 2.2.4), discrete quarter, as published; quarterly national accounts vintage -- see metadata"
2017-04-01,national,NPISH,"некоммерческих организаций, обслуживающих домашние хозяйства",58661.99019009801,"seasonally and calendar adjusted (X13-ARIMA-SEATS, JDemetra+ 2.2.4), discrete quarter, as published; quarterly national accounts vintage -- see metadata"
2017-07-01,national,NPISH,"некоммерческих организаций, обслуживающих домашние хозяйства",54529.2596443017,"seasonally and calendar adjusted (X13-ARIMA-SEATS, JDemetra+ 2.2.4), discrete quarter, as published; quarterly national accounts vintage -- see metadata"
2017-10-01,national,NPISH,"некоммерческих организаций, обслуживающих домашние хозяйства",54546.78250261796,"seasonally and calendar adjusted (X13-ARIMA-SEATS, JDemetra+ 2.2.4), discrete quarter, as published; quarterly national accounts vintage -- see metadata"
2018-01-01,national,NPISH,"некоммерческих организаций, обслуживающих домашние хозяйства",55889.84740083419,"seasonally and calendar adjusted (X13-ARIMA-SEATS, JDemetra+ 2.2.4), discrete quarter, as published; quarterly national accounts vintage -- see metadata"
2018-04-01,national,NPISH,"некоммерческих организаций, обслуживающих домашние хозяйства",58174.86504425504,"seasonally and calendar adjusted (X13-ARIMA-SEATS, JDemetra+ 2.2.4), discrete quarter, as published; quarterly national accounts vintage -- see metadata"
2018-07-01,national,NPISH,"некоммерческих организаций, обслуживающих домашние хозяйства",58645.69826906307,"seasonally and calendar adjusted (X13-ARIMA-SEATS, JDemetra+ 2.2.4), discrete quarter, as published; quarterly national accounts vintage -- see metadata"
2018-10-01,national,NPISH,"некоммерческих организаций, обслуживающих домашние хозяйства",58307.41924084274,"seasonally and calendar adjusted (X13-ARIMA-SEATS, JDemetra+ 2.2.4), discrete quarter, as published; quarterly national accounts vintage -- see metadata"
2019-01-01,national,NPISH,"некоммерческих организаций, обслуживающих домашние хозяйства",67103.74058624358,"seasonally and calendar adjusted (X13-ARIMA-SEATS, JDemetra+ 2.2.4), discrete quarter, as published; quarterly national accounts vintage -- see metadata"
2019-04-01,national,NPISH,"некоммерческих организаций, обслуживающих домашние хозяйства",70642.52037184953,"seasonally and calendar adjusted (X13-ARIMA-SEATS, JDemetra+ 2.2.4), discrete quarter, as published; quarterly national accounts vintage -- see metadata"
2019-07-01,national,NPISH,"некоммерческих организаций, обслуживающих домашние хозяйства",69628.28590746655,"seasonally and calendar adjusted (X13-ARIMA-SEATS, JDemetra+ 2.2.4), discrete quarter, as published; quarterly national accounts vintage -- see metadata"
2019-10-01,national,NPISH,"некоммерческих организаций, обслуживающих домашние хозяйства",74105.80932592064,"seasonally and calendar adjusted (X13-ARIMA-SEATS, JDemetra+ 2.2.4), discrete quarter, as published; quarterly national accounts vintage -- see metadata"
2020-01-01,national,NPISH,"некоммерческих организаций, обслуживающих домашние хозяйства",72711.31726803422,"seasonally and calendar adjusted (X13-ARIMA-SEATS, JDemetra+ 2.2.4), discrete quarter, as published; quarterly national accounts vintage -- see metadata"
2020-04-01,national,NPISH,"некоммерческих организаций, обслуживающих домашние хозяйства",70273.33268739858,"seasonally and calendar adjusted (X13-ARIMA-SEATS, JDemetra+ 2.2.4), discrete quarter, as published; quarterly national accounts vintage -- see metadata"
2020-07-01,national,NPISH,"некоммерческих организаций, обслуживающих домашние хозяйства",77034.95959275523,"seasonally and calendar adjusted (X13-ARIMA-SEATS, JDemetra+ 2.2.4), discrete quarter, as published; quarterly national accounts vintage -- see metadata"
2020-10-01,national,NPISH,"некоммерческих организаций, обслуживающих домашние хозяйства",76563.51609636015,"seasonally and calendar adjusted (X13-ARIMA-SEATS, JDemetra+ 2.2.4), discrete quarter, as published; quarterly national accounts vintage -- see metadata"
2021-01-01,national,NPISH,"некоммерческих организаций, обслуживающих домашние хозяйства",79195.46572109927,"seasonally and calendar adjusted (X13-ARIMA-SEATS, JDemetra+ 2.2.4), discrete quarter, as published; quarterly national accounts vintage -- see metadata"
2021-04-01,national,NPISH,"некоммерческих организаций, обслуживающих домашние хозяйства",76486.27533154663,"seasonally and calendar adjusted (X13-ARIMA-SEATS, JDemetra+ 2.2.4), discrete quarter, as published; quarterly national accounts vintage -- see metadata"
2021-07-01,national,NPISH,"некоммерческих организаций, обслуживающих домашние хозяйства",79951.33341654245,"seasonally and calendar adjusted (X13-ARIMA-SEATS, JDemetra+ 2.2.4), discrete quarter, as published; quarterly national accounts vintage -- see metadata"
2021-10-01,national,NPISH,"некоммерческих организаций, обслуживающих домашние хозяйства",83122.3273979386,"seasonally and calendar adjusted (X13-ARIMA-SEATS, JDemetra+ 2.2.4), discrete quarter, as published; quarterly national accounts vintage -- see metadata"
2022-01-01,national,NPISH,"некоммерческих организаций, обслуживающих домашние хозяйства",82712.54880094132,"seasonally and calendar adjusted (X13-ARIMA-SEATS, JDemetra+ 2.2.4), discrete quarter, as published; quarterly national accounts vintage -- see metadata"
2022-04-01,national,NPISH,"некоммерческих организаций, обслуживающих домашние хозяйства",87530.1063897972,"seasonally and calendar adjusted (X13-ARIMA-SEATS, JDemetra+ 2.2.4), discrete quarter, as published; quarterly national accounts vintage -- see metadata"
2022-07-01,national,NPISH,"некоммерческих организаций, обслуживающих домашние хозяйства",88568.78010279924,"seasonally and calendar adjusted (X13-ARIMA-SEATS, JDemetra+ 2.2.4), discrete quarter, as published; quarterly national accounts vintage -- see metadata"
2022-10-01,national,NPISH,"некоммерческих организаций, обслуживающих домашние хозяйства",87745.31167507386,"seasonally and calendar adjusted (X13-ARIMA-SEATS, JDemetra+ 2.2.4), discrete quarter, as published; quarterly national accounts vintage -- see metadata"
2023-01-01,national,NPISH,"некоммерческих организаций, обслуживающих домашние хозяйства",93958.28418311873,"seasonally and calendar adjusted (X13-ARIMA-SEATS, JDemetra+ 2.2.4), discrete quarter, as published; quarterly national accounts vintage -- see metadata"
2023-04-01,national,NPISH,"некоммерческих организаций, обслуживающих домашние хозяйства",98179.17276876143,"seasonally and calendar adjusted (X13-ARIMA-SEATS, JDemetra+ 2.2.4), discrete quarter, as published; quarterly national accounts vintage -- see metadata"
2023-07-01,national,NPISH,"некоммерческих организаций, обслуживающих домашние хозяйства",91679.67004482744,"seasonally and calendar adjusted (X13-ARIMA-SEATS, JDemetra+ 2.2.4), discrete quarter, as published; quarterly national accounts vintage -- see metadata"
2023-10-01,national,NPISH,"некоммерческих организаций, обслуживающих домашние хозяйства",88767.81110779053,"seasonally and calendar adjusted (X13-ARIMA-SEATS, JDemetra+ 2.2.4), discrete quarter, as published; quarterly national accounts vintage -- see metadata"
2024-01-01,national,NPISH,"некоммерческих организаций, обслуживающих домашние хозяйства",78405.43309919395,"seasonally and calendar adjusted (X13-ARIMA-SEATS, JDemetra+ 2.2.4), discrete quarter, as published; quarterly national accounts vintage -- see metadata"
2024-04-01,national,NPISH,"некоммерческих организаций, обслуживающих домашние хозяйства",77632.62747027716,"seasonally and calendar adjusted (X13-ARIMA-SEATS, JDemetra+ 2.2.4), discrete quarter, as published; quarterly national accounts vintage -- see metadata"
2024-07-01,national,NPISH,"некоммерческих организаций, обслуживающих домашние хозяйства",81751.27154184804,"seasonally and calendar adjusted (X13-ARIMA-SEATS, JDemetra+ 2.2.4), discrete quarter, as published; quarterly national accounts vintage -- see metadata"
2024-10-01,national,NPISH,"некоммерческих организаций, обслуживающих домашние хозяйства",86374.56644064483,"seasonally and calendar adjusted (X13-ARIMA-SEATS, JDemetra+ 2.2.4), discrete quarter, as published; quarterly national accounts vintage -- see metadata"
2025-01-01,national,NPISH,"некоммерческих организаций, обслуживающих домашние хозяйства",93285.1747813907,"seasonally and calendar adjusted (X13-ARIMA-SEATS, JDemetra+ 2.2.4), discrete quarter, as published; quarterly national accounts vintage -- see metadata"
2025-04-01,national,NPISH,"некоммерческих организаций, обслуживающих домашние хозяйства",95751.7547062821,"seasonally and calendar adjusted (X13-ARIMA-SEATS, JDemetra+ 2.2.4), discrete quarter, as published; quarterly national accounts vintage -- see metadata"
2025-07-01,national,NPISH,"некоммерческих организаций, обслуживающих домашние хозяйства",93113.76665950406,"seasonally and calendar adjusted (X13-ARIMA-SEATS, JDemetra+ 2.2.4), discrete quarter, as published; quarterly national accounts vintage -- see metadata"
2025-10-01,national,NPISH,"некоммерческих организаций, обслуживающих домашние хозяйства",101961.6888214896,"seasonally and calendar adjusted (X13-ARIMA-SEATS, JDemetra+ 2.2.4), discrete quarter, as published; quarterly national accounts vintage -- see metadata"
2026-01-01,national,NPISH,"некоммерческих организаций, обслуживающих домашние хозяйства",97726.53843607657,"seasonally and calendar adjusted (X13-ARIMA-SEATS, JDemetra+ 2.2.4), discrete quarter, as published; quarterly national accounts vintage -- see metadata"
2010-01-01,national,VALUABLES,приобретение минус выбытие ценностей,299.2139692247754,"seasonally and calendar adjusted (X13-ARIMA-SEATS, JDemetra+ 2.2.4), discrete quarter, as published; quarterly national accounts vintage -- see metadata"
2010-04-01,national,VALUABLES,приобретение минус выбытие ценностей,329.58200690722975,"seasonally and calendar adjusted (X13-ARIMA-SEATS, JDemetra+ 2.2.4), discrete quarter, as published; quarterly national accounts vintage -- see metadata"
2010-07-01,national,VALUABLES,приобретение минус выбытие ценностей,352.45561792696947,"seasonally and calendar adjusted (X13-ARIMA-SEATS, JDemetra+ 2.2.4), discrete quarter, as published; quarterly national accounts vintage -- see metadata"
2010-10-01,national,VALUABLES,приобретение минус выбытие ценностей,588.6484059410255,"seasonally and calendar adjusted (X13-ARIMA-SEATS, JDemetra+ 2.2.4), discrete quarter, as published; quarterly national accounts vintage -- see metadata"
2011-01-01,national,VALUABLES,приобретение минус выбытие ценностей,679.7055662448836,"seasonally and calendar adjusted (X13-ARIMA-SEATS, JDemetra+ 2.2.4), discrete quarter, as published; quarterly national accounts vintage -- see metadata"
2011-04-01,national,VALUABLES,приобретение минус выбытие ценностей,743.0897614607787,"seasonally and calendar adjusted (X13-ARIMA-SEATS, JDemetra+ 2.2.4), discrete quarter, as published; quarterly national accounts vintage -- see metadata"
2011-07-01,national,VALUABLES,приобретение минус выбытие ценностей,737.7682640537337,"seasonally and calendar adjusted (X13-ARIMA-SEATS, JDemetra+ 2.2.4), discrete quarter, as published; quarterly national accounts vintage -- see metadata"
2011-10-01,national,VALUABLES,приобретение минус выбытие ценностей,702.8364082406042,"seasonally and calendar adjusted (X13-ARIMA-SEATS, JDemetra+ 2.2.4), discrete quarter, as published; quarterly national accounts vintage -- see metadata"
2012-01-01,national,VALUABLES,приобретение минус выбытие ценностей,722.6253169645482,"seasonally and calendar adjusted (X13-ARIMA-SEATS, JDemetra+ 2.2.4), discrete quarter, as published; quarterly national accounts vintage -- see metadata"
2012-04-01,national,VALUABLES,приобретение минус выбытие ценностей,657.1990967446723,"seasonally and calendar adjusted (X13-ARIMA-SEATS, JDemetra+ 2.2.4), discrete quarter, as published; quarterly national accounts vintage -- see metadata"
2012-07-01,national,VALUABLES,приобретение минус выбытие ценностей,536.4464411097291,"seasonally and calendar adjusted (X13-ARIMA-SEATS, JDemetra+ 2.2.4), discrete quarter, as published; quarterly national accounts vintage -- see metadata"
2012-10-01,national,VALUABLES,приобретение минус выбытие ценностей,529.4291451810507,"seasonally and calendar adjusted (X13-ARIMA-SEATS, JDemetra+ 2.2.4), discrete quarter, as published; quarterly national accounts vintage -- see metadata"
2013-01-01,national,VALUABLES,приобретение минус выбытие ценностей,626.7188176903528,"seasonally and calendar adjusted (X13-ARIMA-SEATS, JDemetra+ 2.2.4), discrete quarter, as published; quarterly national accounts vintage -- see metadata"
2013-04-01,national,VALUABLES,приобретение минус выбытие ценностей,778.3142802820203,"seasonally and calendar adjusted (X13-ARIMA-SEATS, JDemetra+ 2.2.4), discrete quarter, as published; quarterly national accounts vintage -- see metadata"
2013-07-01,national,VALUABLES,приобретение минус выбытие ценностей,623.4302663852931,"seasonally and calendar adjusted (X13-ARIMA-SEATS, JDemetra+ 2.2.4), discrete quarter, as published; quarterly national accounts vintage -- see metadata"
2013-10-01,national,VALUABLES,приобретение минус выбытие ценностей,655.6366356423338,"seasonally and calendar adjusted (X13-ARIMA-SEATS, JDemetra+ 2.2.4), discrete quarter, as published; quarterly national accounts vintage -- see metadata"
2014-01-01,national,VALUABLES,приобретение минус выбытие ценностей,685.5123670992117,"seasonally and calendar adjusted (X13-ARIMA-SEATS, JDemetra+ 2.2.4), discrete quarter, as published; quarterly national accounts vintage -- see metadata"
2014-04-01,national,VALUABLES,приобретение минус выбытие ценностей,722.2845319599504,"seasonally and calendar adjusted (X13-ARIMA-SEATS, JDemetra+ 2.2.4), discrete quarter, as published; quarterly national accounts vintage -- see metadata"
2014-07-01,national,VALUABLES,приобретение минус выбытие ценностей,607.93263534473,"seasonally and calendar adjusted (X13-ARIMA-SEATS, JDemetra+ 2.2.4), discrete quarter, as published; quarterly national accounts vintage -- see metadata"
2014-10-01,national,VALUABLES,приобретение минус выбытие ценностей,653.1704655961078,"seasonally and calendar adjusted (X13-ARIMA-SEATS, JDemetra+ 2.2.4), discrete quarter, as published; quarterly national accounts vintage -- see metadata"
2015-01-01,national,VALUABLES,приобретение минус выбытие ценностей,593.7033543088354,"seasonally and calendar adjusted (X13-ARIMA-SEATS, JDemetra+ 2.2.4), discrete quarter, as published; quarterly national accounts vintage -- see metadata"
2015-04-01,national,VALUABLES,приобретение минус выбытие ценностей,557.2317649145373,"seasonally and calendar adjusted (X13-ARIMA-SEATS, JDemetra+ 2.2.4), discrete quarter, as published; quarterly national accounts vintage -- see metadata"
2015-07-01,national,VALUABLES,приобретение минус выбытие ценностей,646.8728984797344,"seasonally and calendar adjusted (X13-ARIMA-SEATS, JDemetra+ 2.2.4), discrete quarter, as published; quarterly national accounts vintage -- see metadata"
2015-10-01,national,VALUABLES,приобретение минус выбытие ценностей,581.0508497343603,"seasonally and calendar adjusted (X13-ARIMA-SEATS, JDemetra+ 2.2.4), discrete quarter, as published; quarterly national accounts vintage -- see metadata"
2016-01-01,national,VALUABLES,приобретение минус выбытие ценностей,662.7758289093065,"seasonally and calendar adjusted (X13-ARIMA-SEATS, JDemetra+ 2.2.4), discrete quarter, as published; quarterly national accounts vintage -- see metadata"
2016-04-01,national,VALUABLES,приобретение минус выбытие ценностей,669.8387367928832,"seasonally and calendar adjusted (X13-ARIMA-SEATS, JDemetra+ 2.2.4), discrete quarter, as published; quarterly national accounts vintage -- see metadata"
2016-07-01,national,VALUABLES,приобретение минус выбытие ценностей,694.539078357763,"seasonally and calendar adjusted (X13-ARIMA-SEATS, JDemetra+ 2.2.4), discrete quarter, as published; quarterly national accounts vintage -- see metadata"
2016-10-01,national,VALUABLES,приобретение минус выбытие ценностей,591.7498950706644,"seasonally and calendar adjusted (X13-ARIMA-SEATS, JDemetra+ 2.2.4), discrete quarter, as published; quarterly national accounts vintage -- see metadata"
2017-01-01,national,VALUABLES,приобретение минус выбытие ценностей,613.6528663849292,"seasonally and calendar adjusted (X13-ARIMA-SEATS, JDemetra+ 2.2.4), discrete quarter, as published; quarterly national accounts vintage -- see metadata"
2017-04-01,national,VALUABLES,приобретение минус выбытие ценностей,626.0846261327208,"seasonally and calendar adjusted (X13-ARIMA-SEATS, JDemetra+ 2.2.4), discrete quarter, as published; quarterly national accounts vintage -- see metadata"
2017-07-01,national,VALUABLES,приобретение минус выбытие ценностей,651.7240729499043,"seasonally and calendar adjusted (X13-ARIMA-SEATS, JDemetra+ 2.2.4), discrete quarter, as published; quarterly national accounts vintage -- see metadata"
2017-10-01,national,VALUABLES,приобретение минус выбытие ценностей,772.3758581095052,"seasonally and calendar adjusted (X13-ARIMA-SEATS, JDemetra+ 2.2.4), discrete quarter, as published; quarterly national accounts vintage -- see metadata"
2018-01-01,national,VALUABLES,приобретение минус выбытие ценностей,832.6381489548882,"seasonally and calendar adjusted (X13-ARIMA-SEATS, JDemetra+ 2.2.4), discrete quarter, as published; quarterly national accounts vintage -- see metadata"
2018-04-01,national,VALUABLES,приобретение минус выбытие ценностей,1010.2016302127712,"seasonally and calendar adjusted (X13-ARIMA-SEATS, JDemetra+ 2.2.4), discrete quarter, as published; quarterly national accounts vintage -- see metadata"
2018-07-01,national,VALUABLES,приобретение минус выбытие ценностей,1223.5415684277318,"seasonally and calendar adjusted (X13-ARIMA-SEATS, JDemetra+ 2.2.4), discrete quarter, as published; quarterly national accounts vintage -- see metadata"
2018-10-01,national,VALUABLES,приобретение минус выбытие ценностей,1417.2395560365255,"seasonally and calendar adjusted (X13-ARIMA-SEATS, JDemetra+ 2.2.4), discrete quarter, as published; quarterly national accounts vintage -- see metadata"
2019-01-01,national,VALUABLES,приобретение минус выбытие ценностей,1590.5717212434934,"seasonally and calendar adjusted (X13-ARIMA-SEATS, JDemetra+ 2.2.4), discrete quarter, as published; quarterly national accounts vintage -- see metadata"
2019-04-01,national,VALUABLES,приобретение минус выбытие ценностей,2106.576894336711,"seasonally and calendar adjusted (X13-ARIMA-SEATS, JDemetra+ 2.2.4), discrete quarter, as published; quarterly national accounts vintage -- see metadata"
2019-07-01,national,VALUABLES,приобретение минус выбытие ценностей,2712.6064343815397,"seasonally and calendar adjusted (X13-ARIMA-SEATS, JDemetra+ 2.2.4), discrete quarter, as published; quarterly national accounts vintage -- see metadata"
2019-10-01,national,VALUABLES,приобретение минус выбытие ценностей,3855.886214187907,"seasonally and calendar adjusted (X13-ARIMA-SEATS, JDemetra+ 2.2.4), discrete quarter, as published; quarterly national accounts vintage -- see metadata"
2020-01-01,national,VALUABLES,приобретение минус выбытие ценностей,4915.038701701524,"seasonally and calendar adjusted (X13-ARIMA-SEATS, JDemetra+ 2.2.4), discrete quarter, as published; quarterly national accounts vintage -- see metadata"
2020-04-01,national,VALUABLES,приобретение минус выбытие ценностей,5575.531424351415,"seasonally and calendar adjusted (X13-ARIMA-SEATS, JDemetra+ 2.2.4), discrete quarter, as published; quarterly national accounts vintage -- see metadata"
2020-07-01,national,VALUABLES,приобретение минус выбытие ценностей,6609.493525876713,"seasonally and calendar adjusted (X13-ARIMA-SEATS, JDemetra+ 2.2.4), discrete quarter, as published; quarterly national accounts vintage -- see metadata"
2020-10-01,national,VALUABLES,приобретение минус выбытие ценностей,7833.896965755675,"seasonally and calendar adjusted (X13-ARIMA-SEATS, JDemetra+ 2.2.4), discrete quarter, as published; quarterly national accounts vintage -- see metadata"
2021-01-01,national,VALUABLES,приобретение минус выбытие ценностей,8347.882854605286,"seasonally and calendar adjusted (X13-ARIMA-SEATS, JDemetra+ 2.2.4), discrete quarter, as published; quarterly national accounts vintage -- see metadata"
2021-04-01,national,VALUABLES,приобретение минус выбытие ценностей,8381.408031030938,"seasonally and calendar adjusted (X13-ARIMA-SEATS, JDemetra+ 2.2.4), discrete quarter, as published; quarterly national accounts vintage -- see metadata"
2021-07-01,national,VALUABLES,приобретение минус выбытие ценностей,8046.994815212257,"seasonally and calendar adjusted (X13-ARIMA-SEATS, JDemetra+ 2.2.4), discrete quarter, as published; quarterly national accounts vintage -- see metadata"
2021-10-01,national,VALUABLES,приобретение минус выбытие ценностей,7949.823434176217,"seasonally and calendar adjusted (X13-ARIMA-SEATS, JDemetra+ 2.2.4), discrete quarter, as published; quarterly national accounts vintage -- see metadata"
2022-01-01,national,VALUABLES,приобретение минус выбытие ценностей,8132.401219502054,"seasonally and calendar adjusted (X13-ARIMA-SEATS, JDemetra+ 2.2.4), discrete quarter, as published; quarterly national accounts vintage -- see metadata"
2022-04-01,national,VALUABLES,приобретение минус выбытие ценностей,8320.480708377756,"seasonally and calendar adjusted (X13-ARIMA-SEATS, JDemetra+ 2.2.4), discrete quarter, as published; quarterly national accounts vintage -- see metadata"
2022-07-01,national,VALUABLES,приобретение минус выбытие ценностей,7030.699815233506,"seasonally and calendar adjusted (X13-ARIMA-SEATS, JDemetra+ 2.2.4), discrete quarter, as published; quarterly national accounts vintage -- see metadata"
2022-10-01,national,VALUABLES,приобретение минус выбытие ценностей,6594.059524595155,"seasonally and calendar adjusted (X13-ARIMA-SEATS, JDemetra+ 2.2.4), discrete quarter, as published; quarterly national accounts vintage -- see metadata"
2023-01-01,national,VALUABLES,приобретение минус выбытие ценностей,7531.0538563993505,"seasonally and calendar adjusted (X13-ARIMA-SEATS, JDemetra+ 2.2.4), discrete quarter, as published; quarterly national accounts vintage -- see metadata"
2023-04-01,national,VALUABLES,приобретение минус выбытие ценностей,8743.561860292983,"seasonally and calendar adjusted (X13-ARIMA-SEATS, JDemetra+ 2.2.4), discrete quarter, as published; quarterly national accounts vintage -- see metadata"
2023-07-01,national,VALUABLES,приобретение минус выбытие ценностей,11720.908995100943,"seasonally and calendar adjusted (X13-ARIMA-SEATS, JDemetra+ 2.2.4), discrete quarter, as published; quarterly national accounts vintage -- see metadata"
2023-10-01,national,VALUABLES,приобретение минус выбытие ценностей,13397.79030080957,"seasonally and calendar adjusted (X13-ARIMA-SEATS, JDemetra+ 2.2.4), discrete quarter, as published; quarterly national accounts vintage -- see metadata"
2024-01-01,national,VALUABLES,приобретение минус выбытие ценностей,15220.585996679773,"seasonally and calendar adjusted (X13-ARIMA-SEATS, JDemetra+ 2.2.4), discrete quarter, as published; quarterly national accounts vintage -- see metadata"
2024-04-01,national,VALUABLES,приобретение минус выбытие ценностей,18084.780109368323,"seasonally and calendar adjusted (X13-ARIMA-SEATS, JDemetra+ 2.2.4), discrete quarter, as published; quarterly national accounts vintage -- see metadata"
2024-07-01,national,VALUABLES,приобретение минус выбытие ценностей,21521.80759617204,"seasonally and calendar adjusted (X13-ARIMA-SEATS, JDemetra+ 2.2.4), discrete quarter, as published; quarterly national accounts vintage -- see metadata"
2024-10-01,national,VALUABLES,приобретение минус выбытие ценностей,15296.038942214725,"seasonally and calendar adjusted (X13-ARIMA-SEATS, JDemetra+ 2.2.4), discrete quarter, as published; quarterly national accounts vintage -- see metadata"
2025-01-01,national,VALUABLES,приобретение минус выбытие ценностей,22254.209943412017,"seasonally and calendar adjusted (X13-ARIMA-SEATS, JDemetra+ 2.2.4), discrete quarter, as published; quarterly national accounts vintage -- see metadata"
2025-04-01,national,VALUABLES,приобретение минус выбытие ценностей,21886.79306734678,"seasonally and calendar adjusted (X13-ARIMA-SEATS, JDemetra+ 2.2.4), discrete quarter, as published; quarterly national accounts vintage -- see metadata"
2025-07-01,national,VALUABLES,приобретение минус выбытие ценностей,23474.82084412589,"seasonally and calendar adjusted (X13-ARIMA-SEATS, JDemetra+ 2.2.4), discrete quarter, as published; quarterly national accounts vintage -- see metadata"
2025-10-01,national,VALUABLES,приобретение минус выбытие ценностей,25291.396088706566,"seasonally and calendar adjusted (X13-ARIMA-SEATS, JDemetra+ 2.2.4), discrete quarter, as published; quarterly national accounts vintage -- see metadata"
2026-01-01,national,VALUABLES,приобретение минус выбытие ценностей,22681.83169899106,"seasonally and calendar adjusted (X13-ARIMA-SEATS, JDemetra+ 2.2.4), discrete quarter, as published; quarterly national accounts vintage -- see metadata"
