date,region,item_code,item_name,value,transformation
2010-01-01,national,A,"Сельское, лесное и рыбное хозяйство",250653.24973685664,"seasonally and calendar adjusted (X13-ARIMA-SEATS, JDemetra+ 2.2.4), discrete quarter, as published; quarterly national accounts vintage -- see metadata"
2010-04-01,national,A,"Сельское, лесное и рыбное хозяйство",303169.7225931919,"seasonally and calendar adjusted (X13-ARIMA-SEATS, JDemetra+ 2.2.4), discrete quarter, as published; quarterly national accounts vintage -- see metadata"
2010-07-01,national,A,"Сельское, лесное и рыбное хозяйство",281623.3363802672,"seasonally and calendar adjusted (X13-ARIMA-SEATS, JDemetra+ 2.2.4), discrete quarter, as published; quarterly national accounts vintage -- see metadata"
2010-10-01,national,A,"Сельское, лесное и рыбное хозяйство",270865.63988894376,"seasonally and calendar adjusted (X13-ARIMA-SEATS, JDemetra+ 2.2.4), discrete quarter, as published; quarterly national accounts vintage -- see metadata"
2011-01-01,national,A,"Сельское, лесное и рыбное хозяйство",315462.69729730836,"seasonally and calendar adjusted (X13-ARIMA-SEATS, JDemetra+ 2.2.4), discrete quarter, as published; quarterly national accounts vintage -- see metadata"
2011-04-01,national,A,"Сельское, лесное и рыбное хозяйство",332991.904917554,"seasonally and calendar adjusted (X13-ARIMA-SEATS, JDemetra+ 2.2.4), discrete quarter, as published; quarterly national accounts vintage -- see metadata"
2011-07-01,national,A,"Сельское, лесное и рыбное хозяйство",374901.6244198062,"seasonally and calendar adjusted (X13-ARIMA-SEATS, JDemetra+ 2.2.4), discrete quarter, as published; quarterly national accounts vintage -- see metadata"
2011-10-01,national,A,"Сельское, лесное и рыбное хозяйство",488326.1734729259,"seasonally and calendar adjusted (X13-ARIMA-SEATS, JDemetra+ 2.2.4), discrete quarter, as published; quarterly national accounts vintage -- see metadata"
2012-01-01,national,A,"Сельское, лесное и рыбное хозяйство",352614.5193237839,"seasonally and calendar adjusted (X13-ARIMA-SEATS, JDemetra+ 2.2.4), discrete quarter, as published; quarterly national accounts vintage -- see metadata"
2012-04-01,national,A,"Сельское, лесное и рыбное хозяйство",367583.7576321011,"seasonally and calendar adjusted (X13-ARIMA-SEATS, JDemetra+ 2.2.4), discrete quarter, as published; quarterly national accounts vintage -- see metadata"
2012-07-01,national,A,"Сельское, лесное и рыбное хозяйство",354684.30246970843,"seasonally and calendar adjusted (X13-ARIMA-SEATS, JDemetra+ 2.2.4), discrete quarter, as published; quarterly national accounts vintage -- see metadata"
2012-10-01,national,A,"Сельское, лесное и рыбное хозяйство",423373.1089632597,"seasonally and calendar adjusted (X13-ARIMA-SEATS, JDemetra+ 2.2.4), discrete quarter, as published; quarterly national accounts vintage -- see metadata"
2013-01-01,national,A,"Сельское, лесное и рыбное хозяйство",405868.3177021054,"seasonally and calendar adjusted (X13-ARIMA-SEATS, JDemetra+ 2.2.4), discrete quarter, as published; quarterly national accounts vintage -- see metadata"
2013-04-01,national,A,"Сельское, лесное и рыбное хозяйство",403482.2211684191,"seasonally and calendar adjusted (X13-ARIMA-SEATS, JDemetra+ 2.2.4), discrete quarter, as published; quarterly national accounts vintage -- see metadata"
2013-07-01,national,A,"Сельское, лесное и рыбное хозяйство",440195.84272373724,"seasonally and calendar adjusted (X13-ARIMA-SEATS, JDemetra+ 2.2.4), discrete quarter, as published; quarterly national accounts vintage -- see metadata"
2013-10-01,national,A,"Сельское, лесное и рыбное хозяйство",463531.12248120696,"seasonally and calendar adjusted (X13-ARIMA-SEATS, JDemetra+ 2.2.4), discrete quarter, as published; quarterly national accounts vintage -- see metadata"
2014-01-01,national,A,"Сельское, лесное и рыбное хозяйство",463235.426818086,"seasonally and calendar adjusted (X13-ARIMA-SEATS, JDemetra+ 2.2.4), discrete quarter, as published; quarterly national accounts vintage -- see metadata"
2014-04-01,national,A,"Сельское, лесное и рыбное хозяйство",468783.96616661554,"seasonally and calendar adjusted (X13-ARIMA-SEATS, JDemetra+ 2.2.4), discrete quarter, as published; quarterly national accounts vintage -- see metadata"
2014-07-01,national,A,"Сельское, лесное и рыбное хозяйство",465789.6752907381,"seasonally and calendar adjusted (X13-ARIMA-SEATS, JDemetra+ 2.2.4), discrete quarter, as published; quarterly national accounts vintage -- see metadata"
2014-10-01,national,A,"Сельское, лесное и рыбное хозяйство",460255.3600586124,"seasonally and calendar adjusted (X13-ARIMA-SEATS, JDemetra+ 2.2.4), discrete quarter, as published; quarterly national accounts vintage -- see metadata"
2015-01-01,national,A,"Сельское, лесное и рыбное хозяйство",476573.8095779213,"seasonally and calendar adjusted (X13-ARIMA-SEATS, JDemetra+ 2.2.4), discrete quarter, as published; quarterly national accounts vintage -- see metadata"
2015-04-01,national,A,"Сельское, лесное и рыбное хозяйство",510261.28629976144,"seasonally and calendar adjusted (X13-ARIMA-SEATS, JDemetra+ 2.2.4), discrete quarter, as published; quarterly national accounts vintage -- see metadata"
2015-07-01,national,A,"Сельское, лесное и рыбное хозяйство",509201.1160503797,"seasonally and calendar adjusted (X13-ARIMA-SEATS, JDemetra+ 2.2.4), discrete quarter, as published; quarterly national accounts vintage -- see metadata"
2015-10-01,national,A,"Сельское, лесное и рыбное хозяйство",487845.77840706974,"seasonally and calendar adjusted (X13-ARIMA-SEATS, JDemetra+ 2.2.4), discrete quarter, as published; quarterly national accounts vintage -- see metadata"
2016-01-01,national,A,"Сельское, лесное и рыбное хозяйство",510455.3851516649,"seasonally and calendar adjusted (X13-ARIMA-SEATS, JDemetra+ 2.2.4), discrete quarter, as published; quarterly national accounts vintage -- see metadata"
2016-04-01,national,A,"Сельское, лесное и рыбное хозяйство",528027.7495521441,"seasonally and calendar adjusted (X13-ARIMA-SEATS, JDemetra+ 2.2.4), discrete quarter, as published; quarterly national accounts vintage -- see metadata"
2016-07-01,national,A,"Сельское, лесное и рыбное хозяйство",541519.2764573009,"seasonally and calendar adjusted (X13-ARIMA-SEATS, JDemetra+ 2.2.4), discrete quarter, as published; quarterly national accounts vintage -- see metadata"
2016-10-01,national,A,"Сельское, лесное и рыбное хозяйство",585904.6741134193,"seasonally and calendar adjusted (X13-ARIMA-SEATS, JDemetra+ 2.2.4), discrete quarter, as published; quarterly national accounts vintage -- see metadata"
2017-01-01,national,A,"Сельское, лесное и рыбное хозяйство",587327.7371360336,"seasonally and calendar adjusted (X13-ARIMA-SEATS, JDemetra+ 2.2.4), discrete quarter, as published; quarterly national accounts vintage -- see metadata"
2017-04-01,national,A,"Сельское, лесное и рыбное хозяйство",571229.7351891442,"seasonally and calendar adjusted (X13-ARIMA-SEATS, JDemetra+ 2.2.4), discrete quarter, as published; quarterly national accounts vintage -- see metadata"
2017-07-01,national,A,"Сельское, лесное и рыбное хозяйство",637653.0715904485,"seasonally and calendar adjusted (X13-ARIMA-SEATS, JDemetra+ 2.2.4), discrete quarter, as published; quarterly national accounts vintage -- see metadata"
2017-10-01,national,A,"Сельское, лесное и рыбное хозяйство",577100.6421935639,"seasonally and calendar adjusted (X13-ARIMA-SEATS, JDemetra+ 2.2.4), discrete quarter, as published; quarterly national accounts vintage -- see metadata"
2018-01-01,national,A,"Сельское, лесное и рыбное хозяйство",620695.8599135617,"seasonally and calendar adjusted (X13-ARIMA-SEATS, JDemetra+ 2.2.4), discrete quarter, as published; quarterly national accounts vintage -- see metadata"
2018-04-01,national,A,"Сельское, лесное и рыбное хозяйство",683367.37676332,"seasonally and calendar adjusted (X13-ARIMA-SEATS, JDemetra+ 2.2.4), discrete quarter, as published; quarterly national accounts vintage -- see metadata"
2018-07-01,national,A,"Сельское, лесное и рыбное хозяйство",668635.0715947679,"seasonally and calendar adjusted (X13-ARIMA-SEATS, JDemetra+ 2.2.4), discrete quarter, as published; quarterly national accounts vintage -- see metadata"
2018-10-01,national,A,"Сельское, лесное и рыбное хозяйство",685512.5120580078,"seasonally and calendar adjusted (X13-ARIMA-SEATS, JDemetra+ 2.2.4), discrete quarter, as published; quarterly national accounts vintage -- see metadata"
2019-01-01,national,A,"Сельское, лесное и рыбное хозяйство",745116.9930113433,"seasonally and calendar adjusted (X13-ARIMA-SEATS, JDemetra+ 2.2.4), discrete quarter, as published; quarterly national accounts vintage -- see metadata"
2019-04-01,national,A,"Сельское, лесное и рыбное хозяйство",782592.8473984915,"seasonally and calendar adjusted (X13-ARIMA-SEATS, JDemetra+ 2.2.4), discrete quarter, as published; quarterly national accounts vintage -- see metadata"
2019-07-01,national,A,"Сельское, лесное и рыбное хозяйство",752497.0526414576,"seasonally and calendar adjusted (X13-ARIMA-SEATS, JDemetra+ 2.2.4), discrete quarter, as published; quarterly national accounts vintage -- see metadata"
2019-10-01,national,A,"Сельское, лесное и рыбное хозяйство",784271.1762749898,"seasonally and calendar adjusted (X13-ARIMA-SEATS, JDemetra+ 2.2.4), discrete quarter, as published; quarterly national accounts vintage -- see metadata"
2020-01-01,national,A,"Сельское, лесное и рыбное хозяйство",850469.8169575632,"seasonally and calendar adjusted (X13-ARIMA-SEATS, JDemetra+ 2.2.4), discrete quarter, as published; quarterly national accounts vintage -- see metadata"
2020-04-01,national,A,"Сельское, лесное и рыбное хозяйство",888861.1657045746,"seasonally and calendar adjusted (X13-ARIMA-SEATS, JDemetra+ 2.2.4), discrete quarter, as published; quarterly national accounts vintage -- see metadata"
2020-07-01,national,A,"Сельское, лесное и рыбное хозяйство",950047.8822400593,"seasonally and calendar adjusted (X13-ARIMA-SEATS, JDemetra+ 2.2.4), discrete quarter, as published; quarterly national accounts vintage -- see metadata"
2020-10-01,national,A,"Сельское, лесное и рыбное хозяйство",982500.22157529,"seasonally and calendar adjusted (X13-ARIMA-SEATS, JDemetra+ 2.2.4), discrete quarter, as published; quarterly national accounts vintage -- see metadata"
2021-01-01,national,A,"Сельское, лесное и рыбное хозяйство",987890.3513948837,"seasonally and calendar adjusted (X13-ARIMA-SEATS, JDemetra+ 2.2.4), discrete quarter, as published; quarterly national accounts vintage -- see metadata"
2021-04-01,national,A,"Сельское, лесное и рыбное хозяйство",1074116.0806899886,"seasonally and calendar adjusted (X13-ARIMA-SEATS, JDemetra+ 2.2.4), discrete quarter, as published; quarterly national accounts vintage -- see metadata"
2021-07-01,national,A,"Сельское, лесное и рыбное хозяйство",1078197.2636676745,"seasonally and calendar adjusted (X13-ARIMA-SEATS, JDemetra+ 2.2.4), discrete quarter, as published; quarterly national accounts vintage -- see metadata"
2021-10-01,national,A,"Сельское, лесное и рыбное хозяйство",984773.6292139124,"seasonally and calendar adjusted (X13-ARIMA-SEATS, JDemetra+ 2.2.4), discrete quarter, as published; quarterly national accounts vintage -- see metadata"
2022-01-01,national,A,"Сельское, лесное и рыбное хозяйство",1111627.7328313054,"seasonally and calendar adjusted (X13-ARIMA-SEATS, JDemetra+ 2.2.4), discrete quarter, as published; quarterly national accounts vintage -- see metadata"
2022-04-01,national,A,"Сельское, лесное и рыбное хозяйство",1115585.9186969053,"seasonally and calendar adjusted (X13-ARIMA-SEATS, JDemetra+ 2.2.4), discrete quarter, as published; quarterly national accounts vintage -- see metadata"
2022-07-01,national,A,"Сельское, лесное и рыбное хозяйство",1322428.9492502508,"seasonally and calendar adjusted (X13-ARIMA-SEATS, JDemetra+ 2.2.4), discrete quarter, as published; quarterly national accounts vintage -- see metadata"
2022-10-01,national,A,"Сельское, лесное и рыбное хозяйство",1168458.9687650811,"seasonally and calendar adjusted (X13-ARIMA-SEATS, JDemetra+ 2.2.4), discrete quarter, as published; quarterly national accounts vintage -- see metadata"
2023-01-01,national,A,"Сельское, лесное и рыбное хозяйство",1161849.3302655153,"seasonally and calendar adjusted (X13-ARIMA-SEATS, JDemetra+ 2.2.4), discrete quarter, as published; quarterly national accounts vintage -- see metadata"
2023-04-01,national,A,"Сельское, лесное и рыбное хозяйство",1226506.9927210575,"seasonally and calendar adjusted (X13-ARIMA-SEATS, JDemetra+ 2.2.4), discrete quarter, as published; quarterly national accounts vintage -- see metadata"
2023-07-01,national,A,"Сельское, лесное и рыбное хозяйство",1119233.768256358,"seasonally and calendar adjusted (X13-ARIMA-SEATS, JDemetra+ 2.2.4), discrete quarter, as published; quarterly national accounts vintage -- see metadata"
2023-10-01,national,A,"Сельское, лесное и рыбное хозяйство",1125853.677401118,"seasonally and calendar adjusted (X13-ARIMA-SEATS, JDemetra+ 2.2.4), discrete quarter, as published; quarterly national accounts vintage -- see metadata"
2024-01-01,national,A,"Сельское, лесное и рыбное хозяйство",1164103.9934184137,"seasonally and calendar adjusted (X13-ARIMA-SEATS, JDemetra+ 2.2.4), discrete quarter, as published; quarterly national accounts vintage -- see metadata"
2024-04-01,national,A,"Сельское, лесное и рыбное хозяйство",1162818.874382711,"seasonally and calendar adjusted (X13-ARIMA-SEATS, JDemetra+ 2.2.4), discrete quarter, as published; quarterly national accounts vintage -- see metadata"
2024-07-01,national,A,"Сельское, лесное и рыбное хозяйство",1329677.6460863545,"seasonally and calendar adjusted (X13-ARIMA-SEATS, JDemetra+ 2.2.4), discrete quarter, as published; quarterly national accounts vintage -- see metadata"
2024-10-01,national,A,"Сельское, лесное и рыбное хозяйство",1442872.521503018,"seasonally and calendar adjusted (X13-ARIMA-SEATS, JDemetra+ 2.2.4), discrete quarter, as published; quarterly national accounts vintage -- see metadata"
2025-01-01,national,A,"Сельское, лесное и рыбное хозяйство",1422804.8536810228,"seasonally and calendar adjusted (X13-ARIMA-SEATS, JDemetra+ 2.2.4), discrete quarter, as published; quarterly national accounts vintage -- see metadata"
2025-04-01,national,A,"Сельское, лесное и рыбное хозяйство",1258349.2093899911,"seasonally and calendar adjusted (X13-ARIMA-SEATS, JDemetra+ 2.2.4), discrete quarter, as published; quarterly national accounts vintage -- see metadata"
2025-07-01,national,A,"Сельское, лесное и рыбное хозяйство",1534728.5520714305,"seasonally and calendar adjusted (X13-ARIMA-SEATS, JDemetra+ 2.2.4), discrete quarter, as published; quarterly national accounts vintage -- see metadata"
2025-10-01,national,A,"Сельское, лесное и рыбное хозяйство",1694418.1830429274,"seasonally and calendar adjusted (X13-ARIMA-SEATS, JDemetra+ 2.2.4), discrete quarter, as published; quarterly national accounts vintage -- see metadata"
2026-01-01,national,A,"Сельское, лесное и рыбное хозяйство",1585880.0501038202,"seasonally and calendar adjusted (X13-ARIMA-SEATS, JDemetra+ 2.2.4), discrete quarter, as published; quarterly national accounts vintage -- see metadata"
2010-01-01,national,B,Горнодобывающая промышленность и разработка карьеров,1041960.0532323126,"seasonally and calendar adjusted (X13-ARIMA-SEATS, JDemetra+ 2.2.4), discrete quarter, as published; quarterly national accounts vintage -- see metadata"
2010-04-01,national,B,Горнодобывающая промышленность и разработка карьеров,1054369.4680817625,"seasonally and calendar adjusted (X13-ARIMA-SEATS, JDemetra+ 2.2.4), discrete quarter, as published; quarterly national accounts vintage -- see metadata"
2010-07-01,national,B,Горнодобывающая промышленность и разработка карьеров,1106649.2352208218,"seasonally and calendar adjusted (X13-ARIMA-SEATS, JDemetra+ 2.2.4), discrete quarter, as published; quarterly national accounts vintage -- see metadata"
2010-10-01,national,B,Горнодобывающая промышленность и разработка карьеров,1174501.787601646,"seasonally and calendar adjusted (X13-ARIMA-SEATS, JDemetra+ 2.2.4), discrete quarter, as published; quarterly national accounts vintage -- see metadata"
2011-01-01,national,B,Горнодобывающая промышленность и разработка карьеров,1289157.4183155443,"seasonally and calendar adjusted (X13-ARIMA-SEATS, JDemetra+ 2.2.4), discrete quarter, as published; quarterly national accounts vintage -- see metadata"
2011-04-01,national,B,Горнодобывающая промышленность и разработка карьеров,1286943.3027308767,"seasonally and calendar adjusted (X13-ARIMA-SEATS, JDemetra+ 2.2.4), discrete quarter, as published; quarterly national accounts vintage -- see metadata"
2011-07-01,national,B,Горнодобывающая промышленность и разработка карьеров,1239697.6315245412,"seasonally and calendar adjusted (X13-ARIMA-SEATS, JDemetra+ 2.2.4), discrete quarter, as published; quarterly national accounts vintage -- see metadata"
2011-10-01,national,B,Горнодобывающая промышленность и разработка карьеров,1330743.7520521292,"seasonally and calendar adjusted (X13-ARIMA-SEATS, JDemetra+ 2.2.4), discrete quarter, as published; quarterly national accounts vintage -- see metadata"
2012-01-01,national,B,Горнодобывающая промышленность и разработка карьеров,1339620.812432888,"seasonally and calendar adjusted (X13-ARIMA-SEATS, JDemetra+ 2.2.4), discrete quarter, as published; quarterly national accounts vintage -- see metadata"
2012-04-01,national,B,Горнодобывающая промышленность и разработка карьеров,1372266.4535423368,"seasonally and calendar adjusted (X13-ARIMA-SEATS, JDemetra+ 2.2.4), discrete quarter, as published; quarterly national accounts vintage -- see metadata"
2012-07-01,national,B,Горнодобывающая промышленность и разработка карьеров,1383186.3332207743,"seasonally and calendar adjusted (X13-ARIMA-SEATS, JDemetra+ 2.2.4), discrete quarter, as published; quarterly national accounts vintage -- see metadata"
2012-10-01,national,B,Горнодобывающая промышленность и разработка карьеров,1354649.8579447956,"seasonally and calendar adjusted (X13-ARIMA-SEATS, JDemetra+ 2.2.4), discrete quarter, as published; quarterly national accounts vintage -- see metadata"
2013-01-01,national,B,Горнодобывающая промышленность и разработка карьеров,1412644.7705402721,"seasonally and calendar adjusted (X13-ARIMA-SEATS, JDemetra+ 2.2.4), discrete quarter, as published; quarterly national accounts vintage -- see metadata"
2013-04-01,national,B,Горнодобывающая промышленность и разработка карьеров,1267534.8836355223,"seasonally and calendar adjusted (X13-ARIMA-SEATS, JDemetra+ 2.2.4), discrete quarter, as published; quarterly national accounts vintage -- see metadata"
2013-07-01,national,B,Горнодобывающая промышленность и разработка карьеров,1409409.7483747683,"seasonally and calendar adjusted (X13-ARIMA-SEATS, JDemetra+ 2.2.4), discrete quarter, as published; quarterly national accounts vintage -- see metadata"
2013-10-01,national,B,Горнодобывающая промышленность и разработка карьеров,1564379.3861467254,"seasonally and calendar adjusted (X13-ARIMA-SEATS, JDemetra+ 2.2.4), discrete quarter, as published; quarterly national accounts vintage -- see metadata"
2014-01-01,national,B,Горнодобывающая промышленность и разработка карьеров,1544908.9432917777,"seasonally and calendar adjusted (X13-ARIMA-SEATS, JDemetra+ 2.2.4), discrete quarter, as published; quarterly national accounts vintage -- see metadata"
2014-04-01,national,B,Горнодобывающая промышленность и разработка карьеров,1660181.2639145555,"seasonally and calendar adjusted (X13-ARIMA-SEATS, JDemetra+ 2.2.4), discrete quarter, as published; quarterly national accounts vintage -- see metadata"
2014-07-01,national,B,Горнодобывающая промышленность и разработка карьеров,1679283.5744642082,"seasonally and calendar adjusted (X13-ARIMA-SEATS, JDemetra+ 2.2.4), discrete quarter, as published; quarterly national accounts vintage -- see metadata"
2014-10-01,national,B,Горнодобывающая промышленность и разработка карьеров,1452563.8924088648,"seasonally and calendar adjusted (X13-ARIMA-SEATS, JDemetra+ 2.2.4), discrete quarter, as published; quarterly national accounts vintage -- see metadata"
2015-01-01,national,B,Горнодобывающая промышленность и разработка карьеров,1246016.2996624766,"seasonally and calendar adjusted (X13-ARIMA-SEATS, JDemetra+ 2.2.4), discrete quarter, as published; quarterly national accounts vintage -- see metadata"
2015-04-01,national,B,Горнодобывающая промышленность и разработка карьеров,1341046.0809527216,"seasonally and calendar adjusted (X13-ARIMA-SEATS, JDemetra+ 2.2.4), discrete quarter, as published; quarterly national accounts vintage -- see metadata"
2015-07-01,national,B,Горнодобывающая промышленность и разработка карьеров,1325775.205246145,"seasonally and calendar adjusted (X13-ARIMA-SEATS, JDemetra+ 2.2.4), discrete quarter, as published; quarterly national accounts vintage -- see metadata"
2015-10-01,national,B,Горнодобывающая промышленность и разработка карьеров,1428029.6940357643,"seasonally and calendar adjusted (X13-ARIMA-SEATS, JDemetra+ 2.2.4), discrete quarter, as published; quarterly national accounts vintage -- see metadata"
2016-01-01,national,B,Горнодобывающая промышленность и разработка карьеров,1421480.414728512,"seasonally and calendar adjusted (X13-ARIMA-SEATS, JDemetra+ 2.2.4), discrete quarter, as published; quarterly national accounts vintage -- see metadata"
2016-04-01,national,B,Горнодобывающая промышленность и разработка карьеров,1521983.357031784,"seasonally and calendar adjusted (X13-ARIMA-SEATS, JDemetra+ 2.2.4), discrete quarter, as published; quarterly national accounts vintage -- see metadata"
2016-07-01,national,B,Горнодобывающая промышленность и разработка карьеров,1555642.186854892,"seasonally and calendar adjusted (X13-ARIMA-SEATS, JDemetra+ 2.2.4), discrete quarter, as published; quarterly national accounts vintage -- see metadata"
2016-10-01,national,B,Горнодобывающая промышленность и разработка карьеров,1642541.131445101,"seasonally and calendar adjusted (X13-ARIMA-SEATS, JDemetra+ 2.2.4), discrete quarter, as published; quarterly national accounts vintage -- see metadata"
2017-01-01,national,B,Горнодобывающая промышленность и разработка карьеров,1816009.9427031206,"seasonally and calendar adjusted (X13-ARIMA-SEATS, JDemetra+ 2.2.4), discrete quarter, as published; quarterly national accounts vintage -- see metadata"
2017-04-01,national,B,Горнодобывающая промышленность и разработка карьеров,1751055.1984819835,"seasonally and calendar adjusted (X13-ARIMA-SEATS, JDemetra+ 2.2.4), discrete quarter, as published; quarterly national accounts vintage -- see metadata"
2017-07-01,national,B,Горнодобывающая промышленность и разработка карьеров,1891503.3442510357,"seasonally and calendar adjusted (X13-ARIMA-SEATS, JDemetra+ 2.2.4), discrete quarter, as published; quarterly national accounts vintage -- see metadata"
2017-10-01,national,B,Горнодобывающая промышленность и разработка карьеров,1982666.1789897499,"seasonally and calendar adjusted (X13-ARIMA-SEATS, JDemetra+ 2.2.4), discrete quarter, as published; quarterly national accounts vintage -- see metadata"
2018-01-01,national,B,Горнодобывающая промышленность и разработка карьеров,2251975.3049636614,"seasonally and calendar adjusted (X13-ARIMA-SEATS, JDemetra+ 2.2.4), discrete quarter, as published; quarterly national accounts vintage -- see metadata"
2018-04-01,national,B,Горнодобывающая промышленность и разработка карьеров,2383770.346140111,"seasonally and calendar adjusted (X13-ARIMA-SEATS, JDemetra+ 2.2.4), discrete quarter, as published; quarterly national accounts vintage -- see metadata"
2018-07-01,national,B,Горнодобывающая промышленность и разработка карьеров,2384159.7978731827,"seasonally and calendar adjusted (X13-ARIMA-SEATS, JDemetra+ 2.2.4), discrete quarter, as published; quarterly national accounts vintage -- see metadata"
2018-10-01,national,B,Горнодобывающая промышленность и разработка карьеров,2208985.0172471046,"seasonally and calendar adjusted (X13-ARIMA-SEATS, JDemetra+ 2.2.4), discrete quarter, as published; quarterly national accounts vintage -- see metadata"
2019-01-01,national,B,Горнодобывающая промышленность и разработка карьеров,2410819.6839401736,"seasonally and calendar adjusted (X13-ARIMA-SEATS, JDemetra+ 2.2.4), discrete quarter, as published; quarterly national accounts vintage -- see metadata"
2019-04-01,national,B,Горнодобывающая промышленность и разработка карьеров,2623126.4688767493,"seasonally and calendar adjusted (X13-ARIMA-SEATS, JDemetra+ 2.2.4), discrete quarter, as published; quarterly national accounts vintage -- see metadata"
2019-07-01,national,B,Горнодобывающая промышленность и разработка карьеров,2488466.3026217534,"seasonally and calendar adjusted (X13-ARIMA-SEATS, JDemetra+ 2.2.4), discrete quarter, as published; quarterly national accounts vintage -- see metadata"
2019-10-01,national,B,Горнодобывающая промышленность и разработка карьеров,2522584.764003338,"seasonally and calendar adjusted (X13-ARIMA-SEATS, JDemetra+ 2.2.4), discrete quarter, as published; quarterly national accounts vintage -- see metadata"
2020-01-01,national,B,Горнодобывающая промышленность и разработка карьеров,2157984.470951967,"seasonally and calendar adjusted (X13-ARIMA-SEATS, JDemetra+ 2.2.4), discrete quarter, as published; quarterly national accounts vintage -- see metadata"
2020-04-01,national,B,Горнодобывающая промышленность и разработка карьеров,1798328.5186934657,"seasonally and calendar adjusted (X13-ARIMA-SEATS, JDemetra+ 2.2.4), discrete quarter, as published; quarterly national accounts vintage -- see metadata"
2020-07-01,national,B,Горнодобывающая промышленность и разработка карьеров,2150850.1889463253,"seasonally and calendar adjusted (X13-ARIMA-SEATS, JDemetra+ 2.2.4), discrete quarter, as published; quarterly national accounts vintage -- see metadata"
2020-10-01,national,B,Горнодобывающая промышленность и разработка карьеров,2472459.047852385,"seasonally and calendar adjusted (X13-ARIMA-SEATS, JDemetra+ 2.2.4), discrete quarter, as published; quarterly national accounts vintage -- see metadata"
2021-01-01,national,B,Горнодобывающая промышленность и разработка карьеров,2668469.3323722957,"seasonally and calendar adjusted (X13-ARIMA-SEATS, JDemetra+ 2.2.4), discrete quarter, as published; quarterly national accounts vintage -- see metadata"
2021-04-01,national,B,Горнодобывающая промышленность и разработка карьеров,3171351.3474254305,"seasonally and calendar adjusted (X13-ARIMA-SEATS, JDemetra+ 2.2.4), discrete quarter, as published; quarterly national accounts vintage -- see metadata"
2021-07-01,national,B,Горнодобывающая промышленность и разработка карьеров,2734912.7648958894,"seasonally and calendar adjusted (X13-ARIMA-SEATS, JDemetra+ 2.2.4), discrete quarter, as published; quarterly national accounts vintage -- see metadata"
2021-10-01,national,B,Горнодобывающая промышленность и разработка карьеров,3304992.953035985,"seasonally and calendar adjusted (X13-ARIMA-SEATS, JDemetra+ 2.2.4), discrete quarter, as published; quarterly national accounts vintage -- see metadata"
2022-01-01,national,B,Горнодобывающая промышленность и разработка карьеров,3955062.017549599,"seasonally and calendar adjusted (X13-ARIMA-SEATS, JDemetra+ 2.2.4), discrete quarter, as published; quarterly national accounts vintage -- see metadata"
2022-04-01,national,B,Горнодобывающая промышленность и разработка карьеров,3892853.7160256226,"seasonally and calendar adjusted (X13-ARIMA-SEATS, JDemetra+ 2.2.4), discrete quarter, as published; quarterly national accounts vintage -- see metadata"
2022-07-01,national,B,Горнодобывающая промышленность и разработка карьеров,3707418.0856263647,"seasonally and calendar adjusted (X13-ARIMA-SEATS, JDemetra+ 2.2.4), discrete quarter, as published; quarterly national accounts vintage -- see metadata"
2022-10-01,national,B,Горнодобывающая промышленность и разработка карьеров,3640443.19801164,"seasonally and calendar adjusted (X13-ARIMA-SEATS, JDemetra+ 2.2.4), discrete quarter, as published; quarterly national accounts vintage -- see metadata"
2023-01-01,national,B,Горнодобывающая промышленность и разработка карьеров,3590527.599105999,"seasonally and calendar adjusted (X13-ARIMA-SEATS, JDemetra+ 2.2.4), discrete quarter, as published; quarterly national accounts vintage -- see metadata"
2023-04-01,national,B,Горнодобывающая промышленность и разработка карьеров,3775844.3152854755,"seasonally and calendar adjusted (X13-ARIMA-SEATS, JDemetra+ 2.2.4), discrete quarter, as published; quarterly national accounts vintage -- see metadata"
2023-07-01,national,B,Горнодобывающая промышленность и разработка карьеров,3902747.3793032854,"seasonally and calendar adjusted (X13-ARIMA-SEATS, JDemetra+ 2.2.4), discrete quarter, as published; quarterly national accounts vintage -- see metadata"
2023-10-01,national,B,Горнодобывающая промышленность и разработка карьеров,4095623.467466237,"seasonally and calendar adjusted (X13-ARIMA-SEATS, JDemetra+ 2.2.4), discrete quarter, as published; quarterly national accounts vintage -- see metadata"
2024-01-01,national,B,Горнодобывающая промышленность и разработка карьеров,3796638.35858932,"seasonally and calendar adjusted (X13-ARIMA-SEATS, JDemetra+ 2.2.4), discrete quarter, as published; quarterly national accounts vintage -- see metadata"
2024-04-01,national,B,Горнодобывающая промышленность и разработка карьеров,4071394.5560914157,"seasonally and calendar adjusted (X13-ARIMA-SEATS, JDemetra+ 2.2.4), discrete quarter, as published; quarterly national accounts vintage -- see metadata"
2024-07-01,national,B,Горнодобывающая промышленность и разработка карьеров,4359723.010702227,"seasonally and calendar adjusted (X13-ARIMA-SEATS, JDemetra+ 2.2.4), discrete quarter, as published; quarterly national accounts vintage -- see metadata"
2024-10-01,national,B,Горнодобывающая промышленность и разработка карьеров,4201551.627572021,"seasonally and calendar adjusted (X13-ARIMA-SEATS, JDemetra+ 2.2.4), discrete quarter, as published; quarterly national accounts vintage -- see metadata"
2025-01-01,national,B,Горнодобывающая промышленность и разработка карьеров,4672623.11504874,"seasonally and calendar adjusted (X13-ARIMA-SEATS, JDemetra+ 2.2.4), discrete quarter, as published; quarterly national accounts vintage -- see metadata"
2025-04-01,national,B,Горнодобывающая промышленность и разработка карьеров,4655143.797704963,"seasonally and calendar adjusted (X13-ARIMA-SEATS, JDemetra+ 2.2.4), discrete quarter, as published; quarterly national accounts vintage -- see metadata"
2025-07-01,national,B,Горнодобывающая промышленность и разработка карьеров,5084274.75731073,"seasonally and calendar adjusted (X13-ARIMA-SEATS, JDemetra+ 2.2.4), discrete quarter, as published; quarterly national accounts vintage -- see metadata"
2025-10-01,national,B,Горнодобывающая промышленность и разработка карьеров,4228348.040516654,"seasonally and calendar adjusted (X13-ARIMA-SEATS, JDemetra+ 2.2.4), discrete quarter, as published; quarterly national accounts vintage -- see metadata"
2026-01-01,national,B,Горнодобывающая промышленность и разработка карьеров,4200150.15043313,"seasonally and calendar adjusted (X13-ARIMA-SEATS, JDemetra+ 2.2.4), discrete quarter, as published; quarterly national accounts vintage -- see metadata"
2010-01-01,national,C,Обрабатывающая промышленность,635136.3338013606,"seasonally and calendar adjusted (X13-ARIMA-SEATS, JDemetra+ 2.2.4), discrete quarter, as published; quarterly national accounts vintage -- see metadata"
2010-04-01,national,C,Обрабатывающая промышленность,685040.4528314575,"seasonally and calendar adjusted (X13-ARIMA-SEATS, JDemetra+ 2.2.4), discrete quarter, as published; quarterly national accounts vintage -- see metadata"
2010-07-01,national,C,Обрабатывающая промышленность,742172.9954027766,"seasonally and calendar adjusted (X13-ARIMA-SEATS, JDemetra+ 2.2.4), discrete quarter, as published; quarterly national accounts vintage -- see metadata"
2010-10-01,national,C,Обрабатывающая промышленность,709482.3374366927,"seasonally and calendar adjusted (X13-ARIMA-SEATS, JDemetra+ 2.2.4), discrete quarter, as published; quarterly national accounts vintage -- see metadata"
2011-01-01,national,C,Обрабатывающая промышленность,829446.6741671516,"seasonally and calendar adjusted (X13-ARIMA-SEATS, JDemetra+ 2.2.4), discrete quarter, as published; quarterly national accounts vintage -- see metadata"
2011-04-01,national,C,Обрабатывающая промышленность,870062.6719327465,"seasonally and calendar adjusted (X13-ARIMA-SEATS, JDemetra+ 2.2.4), discrete quarter, as published; quarterly national accounts vintage -- see metadata"
2011-07-01,national,C,Обрабатывающая промышленность,899690.354656982,"seasonally and calendar adjusted (X13-ARIMA-SEATS, JDemetra+ 2.2.4), discrete quarter, as published; quarterly national accounts vintage -- see metadata"
2011-10-01,national,C,Обрабатывающая промышленность,955119.4302140564,"seasonally and calendar adjusted (X13-ARIMA-SEATS, JDemetra+ 2.2.4), discrete quarter, as published; quarterly national accounts vintage -- see metadata"
2012-01-01,national,C,Обрабатывающая промышленность,921217.0004119696,"seasonally and calendar adjusted (X13-ARIMA-SEATS, JDemetra+ 2.2.4), discrete quarter, as published; quarterly national accounts vintage -- see metadata"
2012-04-01,national,C,Обрабатывающая промышленность,916015.170304837,"seasonally and calendar adjusted (X13-ARIMA-SEATS, JDemetra+ 2.2.4), discrete quarter, as published; quarterly national accounts vintage -- see metadata"
2012-07-01,national,C,Обрабатывающая промышленность,931884.0429408835,"seasonally and calendar adjusted (X13-ARIMA-SEATS, JDemetra+ 2.2.4), discrete quarter, as published; quarterly national accounts vintage -- see metadata"
2012-10-01,national,C,Обрабатывающая промышленность,1059635.456963621,"seasonally and calendar adjusted (X13-ARIMA-SEATS, JDemetra+ 2.2.4), discrete quarter, as published; quarterly national accounts vintage -- see metadata"
2013-01-01,national,C,Обрабатывающая промышленность,1052557.3844453795,"seasonally and calendar adjusted (X13-ARIMA-SEATS, JDemetra+ 2.2.4), discrete quarter, as published; quarterly national accounts vintage -- see metadata"
2013-04-01,national,C,Обрабатывающая промышленность,1024952.9701383637,"seasonally and calendar adjusted (X13-ARIMA-SEATS, JDemetra+ 2.2.4), discrete quarter, as published; quarterly national accounts vintage -- see metadata"
2013-07-01,national,C,Обрабатывающая промышленность,1065456.1822210215,"seasonally and calendar adjusted (X13-ARIMA-SEATS, JDemetra+ 2.2.4), discrete quarter, as published; quarterly national accounts vintage -- see metadata"
2013-10-01,national,C,Обрабатывающая промышленность,1058280.238193797,"seasonally and calendar adjusted (X13-ARIMA-SEATS, JDemetra+ 2.2.4), discrete quarter, as published; quarterly national accounts vintage -- see metadata"
2014-01-01,national,C,Обрабатывающая промышленность,1080523.9807221612,"seasonally and calendar adjusted (X13-ARIMA-SEATS, JDemetra+ 2.2.4), discrete quarter, as published; quarterly national accounts vintage -- see metadata"
2014-04-01,national,C,Обрабатывающая промышленность,1156506.3461395786,"seasonally and calendar adjusted (X13-ARIMA-SEATS, JDemetra+ 2.2.4), discrete quarter, as published; quarterly national accounts vintage -- see metadata"
2014-07-01,national,C,Обрабатывающая промышленность,1170114.3631644833,"seasonally and calendar adjusted (X13-ARIMA-SEATS, JDemetra+ 2.2.4), discrete quarter, as published; quarterly national accounts vintage -- see metadata"
2014-10-01,national,C,Обрабатывающая промышленность,1099531.9259487423,"seasonally and calendar adjusted (X13-ARIMA-SEATS, JDemetra+ 2.2.4), discrete quarter, as published; quarterly national accounts vintage -- see metadata"
2015-01-01,national,C,Обрабатывающая промышленность,1071320.4115978929,"seasonally and calendar adjusted (X13-ARIMA-SEATS, JDemetra+ 2.2.4), discrete quarter, as published; quarterly national accounts vintage -- see metadata"
2015-04-01,national,C,Обрабатывающая промышленность,1090234.8061639583,"seasonally and calendar adjusted (X13-ARIMA-SEATS, JDemetra+ 2.2.4), discrete quarter, as published; quarterly national accounts vintage -- see metadata"
2015-07-01,national,C,Обрабатывающая промышленность,1132136.8378287803,"seasonally and calendar adjusted (X13-ARIMA-SEATS, JDemetra+ 2.2.4), discrete quarter, as published; quarterly national accounts vintage -- see metadata"
2015-10-01,national,C,Обрабатывающая промышленность,1118606.8059665058,"seasonally and calendar adjusted (X13-ARIMA-SEATS, JDemetra+ 2.2.4), discrete quarter, as published; quarterly national accounts vintage -- see metadata"
2016-01-01,national,C,Обрабатывающая промышленность,1267969.4729740042,"seasonally and calendar adjusted (X13-ARIMA-SEATS, JDemetra+ 2.2.4), discrete quarter, as published; quarterly national accounts vintage -- see metadata"
2016-04-01,national,C,Обрабатывающая промышленность,1335711.5499184437,"seasonally and calendar adjusted (X13-ARIMA-SEATS, JDemetra+ 2.2.4), discrete quarter, as published; quarterly national accounts vintage -- see metadata"
2016-07-01,national,C,Обрабатывающая промышленность,1358812.2428556925,"seasonally and calendar adjusted (X13-ARIMA-SEATS, JDemetra+ 2.2.4), discrete quarter, as published; quarterly national accounts vintage -- see metadata"
2016-10-01,national,C,Обрабатывающая промышленность,1382428.8304691105,"seasonally and calendar adjusted (X13-ARIMA-SEATS, JDemetra+ 2.2.4), discrete quarter, as published; quarterly national accounts vintage -- see metadata"
2017-01-01,national,C,Обрабатывающая промышленность,1441589.3807536245,"seasonally and calendar adjusted (X13-ARIMA-SEATS, JDemetra+ 2.2.4), discrete quarter, as published; quarterly national accounts vintage -- see metadata"
2017-04-01,national,C,Обрабатывающая промышленность,1474485.8967762683,"seasonally and calendar adjusted (X13-ARIMA-SEATS, JDemetra+ 2.2.4), discrete quarter, as published; quarterly national accounts vintage -- see metadata"
2017-07-01,national,C,Обрабатывающая промышленность,1576472.2075809645,"seasonally and calendar adjusted (X13-ARIMA-SEATS, JDemetra+ 2.2.4), discrete quarter, as published; quarterly national accounts vintage -- see metadata"
2017-10-01,national,C,Обрабатывающая промышленность,1648820.171532389,"seasonally and calendar adjusted (X13-ARIMA-SEATS, JDemetra+ 2.2.4), discrete quarter, as published; quarterly national accounts vintage -- see metadata"
2018-01-01,national,C,Обрабатывающая промышленность,1715301.052989729,"seasonally and calendar adjusted (X13-ARIMA-SEATS, JDemetra+ 2.2.4), discrete quarter, as published; quarterly national accounts vintage -- see metadata"
2018-04-01,national,C,Обрабатывающая промышленность,1777299.6427383441,"seasonally and calendar adjusted (X13-ARIMA-SEATS, JDemetra+ 2.2.4), discrete quarter, as published; quarterly national accounts vintage -- see metadata"
2018-07-01,national,C,Обрабатывающая промышленность,1765016.4717586553,"seasonally and calendar adjusted (X13-ARIMA-SEATS, JDemetra+ 2.2.4), discrete quarter, as published; quarterly national accounts vintage -- see metadata"
2018-10-01,national,C,Обрабатывающая промышленность,1807911.9442315616,"seasonally and calendar adjusted (X13-ARIMA-SEATS, JDemetra+ 2.2.4), discrete quarter, as published; quarterly national accounts vintage -- see metadata"
2019-01-01,national,C,Обрабатывающая промышленность,1883289.3817150174,"seasonally and calendar adjusted (X13-ARIMA-SEATS, JDemetra+ 2.2.4), discrete quarter, as published; quarterly national accounts vintage -- see metadata"
2019-04-01,national,C,Обрабатывающая промышленность,2005443.8083726233,"seasonally and calendar adjusted (X13-ARIMA-SEATS, JDemetra+ 2.2.4), discrete quarter, as published; quarterly national accounts vintage -- see metadata"
2019-07-01,national,C,Обрабатывающая промышленность,2078263.129250948,"seasonally and calendar adjusted (X13-ARIMA-SEATS, JDemetra+ 2.2.4), discrete quarter, as published; quarterly national accounts vintage -- see metadata"
2019-10-01,national,C,Обрабатывающая промышленность,2007150.7913494473,"seasonally and calendar adjusted (X13-ARIMA-SEATS, JDemetra+ 2.2.4), discrete quarter, as published; quarterly national accounts vintage -- see metadata"
2020-01-01,national,C,Обрабатывающая промышленность,2221708.7600673186,"seasonally and calendar adjusted (X13-ARIMA-SEATS, JDemetra+ 2.2.4), discrete quarter, as published; quarterly national accounts vintage -- see metadata"
2020-04-01,national,C,Обрабатывающая промышленность,2139699.6494290517,"seasonally and calendar adjusted (X13-ARIMA-SEATS, JDemetra+ 2.2.4), discrete quarter, as published; quarterly national accounts vintage -- see metadata"
2020-07-01,national,C,Обрабатывающая промышленность,2301776.451894436,"seasonally and calendar adjusted (X13-ARIMA-SEATS, JDemetra+ 2.2.4), discrete quarter, as published; quarterly national accounts vintage -- see metadata"
2020-10-01,national,C,Обрабатывающая промышленность,2555016.3492548564,"seasonally and calendar adjusted (X13-ARIMA-SEATS, JDemetra+ 2.2.4), discrete quarter, as published; quarterly national accounts vintage -- see metadata"
2021-01-01,national,C,Обрабатывающая промышленность,2735342.9228440733,"seasonally and calendar adjusted (X13-ARIMA-SEATS, JDemetra+ 2.2.4), discrete quarter, as published; quarterly national accounts vintage -- see metadata"
2021-04-01,national,C,Обрабатывающая промышленность,2808436.919772619,"seasonally and calendar adjusted (X13-ARIMA-SEATS, JDemetra+ 2.2.4), discrete quarter, as published; quarterly national accounts vintage -- see metadata"
2021-07-01,national,C,Обрабатывающая промышленность,2755525.2472583205,"seasonally and calendar adjusted (X13-ARIMA-SEATS, JDemetra+ 2.2.4), discrete quarter, as published; quarterly national accounts vintage -- see metadata"
2021-10-01,national,C,Обрабатывающая промышленность,3084021.5569321723,"seasonally and calendar adjusted (X13-ARIMA-SEATS, JDemetra+ 2.2.4), discrete quarter, as published; quarterly national accounts vintage -- see metadata"
2022-01-01,national,C,Обрабатывающая промышленность,3597718.8229789757,"seasonally and calendar adjusted (X13-ARIMA-SEATS, JDemetra+ 2.2.4), discrete quarter, as published; quarterly national accounts vintage -- see metadata"
2022-04-01,national,C,Обрабатывающая промышленность,3385625.1193958865,"seasonally and calendar adjusted (X13-ARIMA-SEATS, JDemetra+ 2.2.4), discrete quarter, as published; quarterly national accounts vintage -- see metadata"
2022-07-01,national,C,Обрабатывающая промышленность,3465295.5667940965,"seasonally and calendar adjusted (X13-ARIMA-SEATS, JDemetra+ 2.2.4), discrete quarter, as published; quarterly national accounts vintage -- see metadata"
2022-10-01,national,C,Обрабатывающая промышленность,3437816.8173866514,"seasonally and calendar adjusted (X13-ARIMA-SEATS, JDemetra+ 2.2.4), discrete quarter, as published; quarterly national accounts vintage -- see metadata"
2023-01-01,national,C,Обрабатывающая промышленность,3614424.7937989063,"seasonally and calendar adjusted (X13-ARIMA-SEATS, JDemetra+ 2.2.4), discrete quarter, as published; quarterly national accounts vintage -- see metadata"
2023-04-01,national,C,Обрабатывающая промышленность,3675923.1633984772,"seasonally and calendar adjusted (X13-ARIMA-SEATS, JDemetra+ 2.2.4), discrete quarter, as published; quarterly national accounts vintage -- see metadata"
2023-07-01,national,C,Обрабатывающая промышленность,3727083.2392894533,"seasonally and calendar adjusted (X13-ARIMA-SEATS, JDemetra+ 2.2.4), discrete quarter, as published; quarterly national accounts vintage -- see metadata"
2023-10-01,national,C,Обрабатывающая промышленность,3619328.335624401,"seasonally and calendar adjusted (X13-ARIMA-SEATS, JDemetra+ 2.2.4), discrete quarter, as published; quarterly national accounts vintage -- see metadata"
2024-01-01,national,C,Обрабатывающая промышленность,3657530.4818053725,"seasonally and calendar adjusted (X13-ARIMA-SEATS, JDemetra+ 2.2.4), discrete quarter, as published; quarterly national accounts vintage -- see metadata"
2024-04-01,national,C,Обрабатывающая промышленность,4108164.8070154097,"seasonally and calendar adjusted (X13-ARIMA-SEATS, JDemetra+ 2.2.4), discrete quarter, as published; quarterly national accounts vintage -- see metadata"
2024-07-01,national,C,Обрабатывающая промышленность,4408698.316623921,"seasonally and calendar adjusted (X13-ARIMA-SEATS, JDemetra+ 2.2.4), discrete quarter, as published; quarterly national accounts vintage -- see metadata"
2024-10-01,national,C,Обрабатывающая промышленность,4678113.782576448,"seasonally and calendar adjusted (X13-ARIMA-SEATS, JDemetra+ 2.2.4), discrete quarter, as published; quarterly national accounts vintage -- see metadata"
2025-01-01,national,C,Обрабатывающая промышленность,4587228.386483013,"seasonally and calendar adjusted (X13-ARIMA-SEATS, JDemetra+ 2.2.4), discrete quarter, as published; quarterly national accounts vintage -- see metadata"
2025-04-01,national,C,Обрабатывающая промышленность,4954713.707902253,"seasonally and calendar adjusted (X13-ARIMA-SEATS, JDemetra+ 2.2.4), discrete quarter, as published; quarterly national accounts vintage -- see metadata"
2025-07-01,national,C,Обрабатывающая промышленность,5375479.455338505,"seasonally and calendar adjusted (X13-ARIMA-SEATS, JDemetra+ 2.2.4), discrete quarter, as published; quarterly national accounts vintage -- see metadata"
2025-10-01,national,C,Обрабатывающая промышленность,5620412.493065297,"seasonally and calendar adjusted (X13-ARIMA-SEATS, JDemetra+ 2.2.4), discrete quarter, as published; quarterly national accounts vintage -- see metadata"
2026-01-01,national,C,Обрабатывающая промышленность,5394207.688140534,"seasonally and calendar adjusted (X13-ARIMA-SEATS, JDemetra+ 2.2.4), discrete quarter, as published; quarterly national accounts vintage -- see metadata"
2010-01-01,national,D,"Снабжение электроэнергией, газом, паром, горячей водой и кондиционированным воздухом",93746.33069077846,"seasonally and calendar adjusted (X13-ARIMA-SEATS, JDemetra+ 2.2.4), discrete quarter, as published; quarterly national accounts vintage -- see metadata"
2010-04-01,national,D,"Снабжение электроэнергией, газом, паром, горячей водой и кондиционированным воздухом",98706.97034523405,"seasonally and calendar adjusted (X13-ARIMA-SEATS, JDemetra+ 2.2.4), discrete quarter, as published; quarterly national accounts vintage -- see metadata"
2010-07-01,national,D,"Снабжение электроэнергией, газом, паром, горячей водой и кондиционированным воздухом",102088.38054884956,"seasonally and calendar adjusted (X13-ARIMA-SEATS, JDemetra+ 2.2.4), discrete quarter, as published; quarterly national accounts vintage -- see metadata"
2010-10-01,national,D,"Снабжение электроэнергией, газом, паром, горячей водой и кондиционированным воздухом",103004.39354982944,"seasonally and calendar adjusted (X13-ARIMA-SEATS, JDemetra+ 2.2.4), discrete quarter, as published; quarterly national accounts vintage -- see metadata"
2011-01-01,national,D,"Снабжение электроэнергией, газом, паром, горячей водой и кондиционированным воздухом",113235.30620793965,"seasonally and calendar adjusted (X13-ARIMA-SEATS, JDemetra+ 2.2.4), discrete quarter, as published; quarterly national accounts vintage -- see metadata"
2011-04-01,national,D,"Снабжение электроэнергией, газом, паром, горячей водой и кондиционированным воздухом",117349.33529343354,"seasonally and calendar adjusted (X13-ARIMA-SEATS, JDemetra+ 2.2.4), discrete quarter, as published; quarterly national accounts vintage -- see metadata"
2011-07-01,national,D,"Снабжение электроэнергией, газом, паром, горячей водой и кондиционированным воздухом",118971.73773833194,"seasonally and calendar adjusted (X13-ARIMA-SEATS, JDemetra+ 2.2.4), discrete quarter, as published; quarterly national accounts vintage -- see metadata"
2011-10-01,national,D,"Снабжение электроэнергией, газом, паром, горячей водой и кондиционированным воздухом",126986.68951012999,"seasonally and calendar adjusted (X13-ARIMA-SEATS, JDemetra+ 2.2.4), discrete quarter, as published; quarterly national accounts vintage -- see metadata"
2012-01-01,national,D,"Снабжение электроэнергией, газом, паром, горячей водой и кондиционированным воздухом",128711.88552166168,"seasonally and calendar adjusted (X13-ARIMA-SEATS, JDemetra+ 2.2.4), discrete quarter, as published; quarterly national accounts vintage -- see metadata"
2012-04-01,national,D,"Снабжение электроэнергией, газом, паром, горячей водой и кондиционированным воздухом",129083.97169217178,"seasonally and calendar adjusted (X13-ARIMA-SEATS, JDemetra+ 2.2.4), discrete quarter, as published; quarterly national accounts vintage -- see metadata"
2012-07-01,national,D,"Снабжение электроэнергией, газом, паром, горячей водой и кондиционированным воздухом",134062.8931477787,"seasonally and calendar adjusted (X13-ARIMA-SEATS, JDemetra+ 2.2.4), discrete quarter, as published; quarterly national accounts vintage -- see metadata"
2012-10-01,national,D,"Снабжение электроэнергией, газом, паром, горячей водой и кондиционированным воздухом",137549.50332469854,"seasonally and calendar adjusted (X13-ARIMA-SEATS, JDemetra+ 2.2.4), discrete quarter, as published; quarterly national accounts vintage -- see metadata"
2013-01-01,national,D,"Снабжение электроэнергией, газом, паром, горячей водой и кондиционированным воздухом",144011.73578971913,"seasonally and calendar adjusted (X13-ARIMA-SEATS, JDemetra+ 2.2.4), discrete quarter, as published; quarterly national accounts vintage -- see metadata"
2013-04-01,national,D,"Снабжение электроэнергией, газом, паром, горячей водой и кондиционированным воздухом",151221.08919056115,"seasonally and calendar adjusted (X13-ARIMA-SEATS, JDemetra+ 2.2.4), discrete quarter, as published; quarterly national accounts vintage -- see metadata"
2013-07-01,national,D,"Снабжение электроэнергией, газом, паром, горячей водой и кондиционированным воздухом",153022.4945635541,"seasonally and calendar adjusted (X13-ARIMA-SEATS, JDemetra+ 2.2.4), discrete quarter, as published; quarterly national accounts vintage -- see metadata"
2013-10-01,national,D,"Снабжение электроэнергией, газом, паром, горячей водой и кондиционированным воздухом",147553.42241931724,"seasonally and calendar adjusted (X13-ARIMA-SEATS, JDemetra+ 2.2.4), discrete quarter, as published; quarterly national accounts vintage -- see metadata"
2014-01-01,national,D,"Снабжение электроэнергией, газом, паром, горячей водой и кондиционированным воздухом",155427.2612090933,"seasonally and calendar adjusted (X13-ARIMA-SEATS, JDemetra+ 2.2.4), discrete quarter, as published; quarterly national accounts vintage -- see metadata"
2014-04-01,national,D,"Снабжение электроэнергией, газом, паром, горячей водой и кондиционированным воздухом",160573.9286627166,"seasonally and calendar adjusted (X13-ARIMA-SEATS, JDemetra+ 2.2.4), discrete quarter, as published; quarterly national accounts vintage -- see metadata"
2014-07-01,national,D,"Снабжение электроэнергией, газом, паром, горячей водой и кондиционированным воздухом",166480.25088234612,"seasonally and calendar adjusted (X13-ARIMA-SEATS, JDemetra+ 2.2.4), discrete quarter, as published; quarterly national accounts vintage -- see metadata"
2014-10-01,national,D,"Снабжение электроэнергией, газом, паром, горячей водой и кондиционированным воздухом",173614.1810652169,"seasonally and calendar adjusted (X13-ARIMA-SEATS, JDemetra+ 2.2.4), discrete quarter, as published; quarterly national accounts vintage -- see metadata"
2015-01-01,national,D,"Снабжение электроэнергией, газом, паром, горячей водой и кондиционированным воздухом",172300.89700435137,"seasonally and calendar adjusted (X13-ARIMA-SEATS, JDemetra+ 2.2.4), discrete quarter, as published; quarterly national accounts vintage -- see metadata"
2015-04-01,national,D,"Снабжение электроэнергией, газом, паром, горячей водой и кондиционированным воздухом",178525.9868294521,"seasonally and calendar adjusted (X13-ARIMA-SEATS, JDemetra+ 2.2.4), discrete quarter, as published; quarterly national accounts vintage -- see metadata"
2015-07-01,national,D,"Снабжение электроэнергией, газом, паром, горячей водой и кондиционированным воздухом",181705.98970758036,"seasonally and calendar adjusted (X13-ARIMA-SEATS, JDemetra+ 2.2.4), discrete quarter, as published; quarterly national accounts vintage -- see metadata"
2015-10-01,national,D,"Снабжение электроэнергией, газом, паром, горячей водой и кондиционированным воздухом",183186.1389660385,"seasonally and calendar adjusted (X13-ARIMA-SEATS, JDemetra+ 2.2.4), discrete quarter, as published; quarterly national accounts vintage -- see metadata"
2016-01-01,national,D,"Снабжение электроэнергией, газом, паром, горячей водой и кондиционированным воздухом",187808.6185682597,"seasonally and calendar adjusted (X13-ARIMA-SEATS, JDemetra+ 2.2.4), discrete quarter, as published; quarterly national accounts vintage -- see metadata"
2016-04-01,national,D,"Снабжение электроэнергией, газом, паром, горячей водой и кондиционированным воздухом",188565.96737045757,"seasonally and calendar adjusted (X13-ARIMA-SEATS, JDemetra+ 2.2.4), discrete quarter, as published; quarterly national accounts vintage -- see metadata"
2016-07-01,national,D,"Снабжение электроэнергией, газом, паром, горячей водой и кондиционированным воздухом",196530.6588379296,"seasonally and calendar adjusted (X13-ARIMA-SEATS, JDemetra+ 2.2.4), discrete quarter, as published; quarterly national accounts vintage -- see metadata"
2016-10-01,national,D,"Снабжение электроэнергией, газом, паром, горячей водой и кондиционированным воздухом",208780.86768969655,"seasonally and calendar adjusted (X13-ARIMA-SEATS, JDemetra+ 2.2.4), discrete quarter, as published; quarterly national accounts vintage -- see metadata"
2017-01-01,national,D,"Снабжение электроэнергией, газом, паром, горячей водой и кондиционированным воздухом",226401.74448258756,"seasonally and calendar adjusted (X13-ARIMA-SEATS, JDemetra+ 2.2.4), discrete quarter, as published; quarterly national accounts vintage -- see metadata"
2017-04-01,national,D,"Снабжение электроэнергией, газом, паром, горячей водой и кондиционированным воздухом",222693.3272313281,"seasonally and calendar adjusted (X13-ARIMA-SEATS, JDemetra+ 2.2.4), discrete quarter, as published; quarterly national accounts vintage -- see metadata"
2017-07-01,national,D,"Снабжение электроэнергией, газом, паром, горячей водой и кондиционированным воздухом",225236.80896372476,"seasonally and calendar adjusted (X13-ARIMA-SEATS, JDemetra+ 2.2.4), discrete quarter, as published; quarterly national accounts vintage -- see metadata"
2017-10-01,national,D,"Снабжение электроэнергией, газом, паром, горячей водой и кондиционированным воздухом",229523.68712566126,"seasonally and calendar adjusted (X13-ARIMA-SEATS, JDemetra+ 2.2.4), discrete quarter, as published; quarterly national accounts vintage -- see metadata"
2018-01-01,national,D,"Снабжение электроэнергией, газом, паром, горячей водой и кондиционированным воздухом",241944.0534411159,"seasonally and calendar adjusted (X13-ARIMA-SEATS, JDemetra+ 2.2.4), discrete quarter, as published; quarterly national accounts vintage -- see metadata"
2018-04-01,national,D,"Снабжение электроэнергией, газом, паром, горячей водой и кондиционированным воздухом",242301.5991835714,"seasonally and calendar adjusted (X13-ARIMA-SEATS, JDemetra+ 2.2.4), discrete quarter, as published; quarterly national accounts vintage -- see metadata"
2018-07-01,national,D,"Снабжение электроэнергией, газом, паром, горячей водой и кондиционированным воздухом",265828.2715459189,"seasonally and calendar adjusted (X13-ARIMA-SEATS, JDemetra+ 2.2.4), discrete quarter, as published; quarterly national accounts vintage -- see metadata"
2018-10-01,national,D,"Снабжение электроэнергией, газом, паром, горячей водой и кондиционированным воздухом",250300.97168094965,"seasonally and calendar adjusted (X13-ARIMA-SEATS, JDemetra+ 2.2.4), discrete quarter, as published; quarterly national accounts vintage -- see metadata"
2019-01-01,national,D,"Снабжение электроэнергией, газом, паром, горячей водой и кондиционированным воздухом",237373.8926277108,"seasonally and calendar adjusted (X13-ARIMA-SEATS, JDemetra+ 2.2.4), discrete quarter, as published; quarterly national accounts vintage -- see metadata"
2019-04-01,national,D,"Снабжение электроэнергией, газом, паром, горячей водой и кондиционированным воздухом",246648.91143722433,"seasonally and calendar adjusted (X13-ARIMA-SEATS, JDemetra+ 2.2.4), discrete quarter, as published; quarterly national accounts vintage -- see metadata"
2019-07-01,national,D,"Снабжение электроэнергией, газом, паром, горячей водой и кондиционированным воздухом",252064.5449992415,"seasonally and calendar adjusted (X13-ARIMA-SEATS, JDemetra+ 2.2.4), discrete quarter, as published; quarterly national accounts vintage -- see metadata"
2019-10-01,national,D,"Снабжение электроэнергией, газом, паром, горячей водой и кондиционированным воздухом",248587.5655457587,"seasonally and calendar adjusted (X13-ARIMA-SEATS, JDemetra+ 2.2.4), discrete quarter, as published; quarterly national accounts vintage -- see metadata"
2020-01-01,national,D,"Снабжение электроэнергией, газом, паром, горячей водой и кондиционированным воздухом",263622.23936309014,"seasonally and calendar adjusted (X13-ARIMA-SEATS, JDemetra+ 2.2.4), discrete quarter, as published; quarterly national accounts vintage -- see metadata"
2020-04-01,national,D,"Снабжение электроэнергией, газом, паром, горячей водой и кондиционированным воздухом",274476.7698406224,"seasonally and calendar adjusted (X13-ARIMA-SEATS, JDemetra+ 2.2.4), discrete quarter, as published; quarterly national accounts vintage -- see metadata"
2020-07-01,national,D,"Снабжение электроэнергией, газом, паром, горячей водой и кондиционированным воздухом",275989.1957958102,"seasonally and calendar adjusted (X13-ARIMA-SEATS, JDemetra+ 2.2.4), discrete quarter, as published; quarterly national accounts vintage -- see metadata"
2020-10-01,national,D,"Снабжение электроэнергией, газом, паром, горячей водой и кондиционированным воздухом",284406.53865549766,"seasonally and calendar adjusted (X13-ARIMA-SEATS, JDemetra+ 2.2.4), discrete quarter, as published; quarterly national accounts vintage -- see metadata"
2021-01-01,national,D,"Снабжение электроэнергией, газом, паром, горячей водой и кондиционированным воздухом",313362.4683200749,"seasonally and calendar adjusted (X13-ARIMA-SEATS, JDemetra+ 2.2.4), discrete quarter, as published; quarterly national accounts vintage -- see metadata"
2021-04-01,national,D,"Снабжение электроэнергией, газом, паром, горячей водой и кондиционированным воздухом",295304.57525154785,"seasonally and calendar adjusted (X13-ARIMA-SEATS, JDemetra+ 2.2.4), discrete quarter, as published; quarterly national accounts vintage -- see metadata"
2021-07-01,national,D,"Снабжение электроэнергией, газом, паром, горячей водой и кондиционированным воздухом",350690.6231542277,"seasonally and calendar adjusted (X13-ARIMA-SEATS, JDemetra+ 2.2.4), discrete quarter, as published; quarterly national accounts vintage -- see metadata"
2021-10-01,national,D,"Снабжение электроэнергией, газом, паром, горячей водой и кондиционированным воздухом",351184.2531497616,"seasonally and calendar adjusted (X13-ARIMA-SEATS, JDemetra+ 2.2.4), discrete quarter, as published; quarterly national accounts vintage -- see metadata"
2022-01-01,national,D,"Снабжение электроэнергией, газом, паром, горячей водой и кондиционированным воздухом",337489.00849882484,"seasonally and calendar adjusted (X13-ARIMA-SEATS, JDemetra+ 2.2.4), discrete quarter, as published; quarterly national accounts vintage -- see metadata"
2022-04-01,national,D,"Снабжение электроэнергией, газом, паром, горячей водой и кондиционированным воздухом",356081.21908783703,"seasonally and calendar adjusted (X13-ARIMA-SEATS, JDemetra+ 2.2.4), discrete quarter, as published; quarterly national accounts vintage -- see metadata"
2022-07-01,national,D,"Снабжение электроэнергией, газом, паром, горячей водой и кондиционированным воздухом",376224.0484572591,"seasonally and calendar adjusted (X13-ARIMA-SEATS, JDemetra+ 2.2.4), discrete quarter, as published; quarterly national accounts vintage -- see metadata"
2022-10-01,national,D,"Снабжение электроэнергией, газом, паром, горячей водой и кондиционированным воздухом",389410.62469734764,"seasonally and calendar adjusted (X13-ARIMA-SEATS, JDemetra+ 2.2.4), discrete quarter, as published; quarterly national accounts vintage -- see metadata"
2023-01-01,national,D,"Снабжение электроэнергией, газом, паром, горячей водой и кондиционированным воздухом",397210.7997782769,"seasonally and calendar adjusted (X13-ARIMA-SEATS, JDemetra+ 2.2.4), discrete quarter, as published; quarterly national accounts vintage -- see metadata"
2023-04-01,national,D,"Снабжение электроэнергией, газом, паром, горячей водой и кондиционированным воздухом",423810.0382958586,"seasonally and calendar adjusted (X13-ARIMA-SEATS, JDemetra+ 2.2.4), discrete quarter, as published; quarterly national accounts vintage -- see metadata"
2023-07-01,national,D,"Снабжение электроэнергией, газом, паром, горячей водой и кондиционированным воздухом",437103.37184363115,"seasonally and calendar adjusted (X13-ARIMA-SEATS, JDemetra+ 2.2.4), discrete quarter, as published; quarterly national accounts vintage -- see metadata"
2023-10-01,national,D,"Снабжение электроэнергией, газом, паром, горячей водой и кондиционированным воздухом",442951.3266362425,"seasonally and calendar adjusted (X13-ARIMA-SEATS, JDemetra+ 2.2.4), discrete quarter, as published; quarterly national accounts vintage -- see metadata"
2024-01-01,national,D,"Снабжение электроэнергией, газом, паром, горячей водой и кондиционированным воздухом",486762.9792909802,"seasonally and calendar adjusted (X13-ARIMA-SEATS, JDemetra+ 2.2.4), discrete quarter, as published; quarterly national accounts vintage -- see metadata"
2024-04-01,national,D,"Снабжение электроэнергией, газом, паром, горячей водой и кондиционированным воздухом",500140.0609832217,"seasonally and calendar adjusted (X13-ARIMA-SEATS, JDemetra+ 2.2.4), discrete quarter, as published; quarterly national accounts vintage -- see metadata"
2024-07-01,national,D,"Снабжение электроэнергией, газом, паром, горячей водой и кондиционированным воздухом",515403.7213395055,"seasonally and calendar adjusted (X13-ARIMA-SEATS, JDemetra+ 2.2.4), discrete quarter, as published; quarterly national accounts vintage -- see metadata"
2024-10-01,national,D,"Снабжение электроэнергией, газом, паром, горячей водой и кондиционированным воздухом",523450.1648421487,"seasonally and calendar adjusted (X13-ARIMA-SEATS, JDemetra+ 2.2.4), discrete quarter, as published; quarterly national accounts vintage -- see metadata"
2025-01-01,national,D,"Снабжение электроэнергией, газом, паром, горячей водой и кондиционированным воздухом",542342.840017738,"seasonally and calendar adjusted (X13-ARIMA-SEATS, JDemetra+ 2.2.4), discrete quarter, as published; quarterly national accounts vintage -- see metadata"
2025-04-01,national,D,"Снабжение электроэнергией, газом, паром, горячей водой и кондиционированным воздухом",606594.8454630888,"seasonally and calendar adjusted (X13-ARIMA-SEATS, JDemetra+ 2.2.4), discrete quarter, as published; quarterly national accounts vintage -- see metadata"
2025-07-01,national,D,"Снабжение электроэнергией, газом, паром, горячей водой и кондиционированным воздухом",622105.8624562658,"seasonally and calendar adjusted (X13-ARIMA-SEATS, JDemetra+ 2.2.4), discrete quarter, as published; quarterly national accounts vintage -- see metadata"
2025-10-01,national,D,"Снабжение электроэнергией, газом, паром, горячей водой и кондиционированным воздухом",644875.9494464028,"seasonally and calendar adjusted (X13-ARIMA-SEATS, JDemetra+ 2.2.4), discrete quarter, as published; quarterly national accounts vintage -- see metadata"
2026-01-01,national,D,"Снабжение электроэнергией, газом, паром, горячей водой и кондиционированным воздухом",634534.0744050638,"seasonally and calendar adjusted (X13-ARIMA-SEATS, JDemetra+ 2.2.4), discrete quarter, as published; quarterly national accounts vintage -- see metadata"
2010-01-01,national,E,"Водоснабжение; водоотведение; сбор, обработка и удаление отходов, деятельность по ликвидации загрязнений",14941.59068455387,"seasonally and calendar adjusted (X13-ARIMA-SEATS, JDemetra+ 2.2.4), discrete quarter, as published; quarterly national accounts vintage -- see metadata"
2010-04-01,national,E,"Водоснабжение; водоотведение; сбор, обработка и удаление отходов, деятельность по ликвидации загрязнений",14003.951601337396,"seasonally and calendar adjusted (X13-ARIMA-SEATS, JDemetra+ 2.2.4), discrete quarter, as published; quarterly national accounts vintage -- see metadata"
2010-07-01,national,E,"Водоснабжение; водоотведение; сбор, обработка и удаление отходов, деятельность по ликвидации загрязнений",22134.13724802903,"seasonally and calendar adjusted (X13-ARIMA-SEATS, JDemetra+ 2.2.4), discrete quarter, as published; quarterly national accounts vintage -- see metadata"
2010-10-01,national,E,"Водоснабжение; водоотведение; сбор, обработка и удаление отходов, деятельность по ликвидации загрязнений",18566.70336156733,"seasonally and calendar adjusted (X13-ARIMA-SEATS, JDemetra+ 2.2.4), discrete quarter, as published; quarterly national accounts vintage -- see metadata"
2011-01-01,national,E,"Водоснабжение; водоотведение; сбор, обработка и удаление отходов, деятельность по ликвидации загрязнений",23499.201391380786,"seasonally and calendar adjusted (X13-ARIMA-SEATS, JDemetra+ 2.2.4), discrete quarter, as published; quarterly national accounts vintage -- see metadata"
2011-04-01,national,E,"Водоснабжение; водоотведение; сбор, обработка и удаление отходов, деятельность по ликвидации загрязнений",23742.428439613228,"seasonally and calendar adjusted (X13-ARIMA-SEATS, JDemetra+ 2.2.4), discrete quarter, as published; quarterly national accounts vintage -- see metadata"
2011-07-01,national,E,"Водоснабжение; водоотведение; сбор, обработка и удаление отходов, деятельность по ликвидации загрязнений",24240.26142628235,"seasonally and calendar adjusted (X13-ARIMA-SEATS, JDemetra+ 2.2.4), discrete quarter, as published; quarterly national accounts vintage -- see metadata"
2011-10-01,national,E,"Водоснабжение; водоотведение; сбор, обработка и удаление отходов, деятельность по ликвидации загрязнений",28596.74614073956,"seasonally and calendar adjusted (X13-ARIMA-SEATS, JDemetra+ 2.2.4), discrete quarter, as published; quarterly national accounts vintage -- see metadata"
2012-01-01,national,E,"Водоснабжение; водоотведение; сбор, обработка и удаление отходов, деятельность по ликвидации загрязнений",24634.818443574775,"seasonally and calendar adjusted (X13-ARIMA-SEATS, JDemetra+ 2.2.4), discrete quarter, as published; quarterly national accounts vintage -- see metadata"
2012-04-01,national,E,"Водоснабжение; водоотведение; сбор, обработка и удаление отходов, деятельность по ликвидации загрязнений",25555.951457295952,"seasonally and calendar adjusted (X13-ARIMA-SEATS, JDemetra+ 2.2.4), discrete quarter, as published; quarterly national accounts vintage -- see metadata"
2012-07-01,national,E,"Водоснабжение; водоотведение; сбор, обработка и удаление отходов, деятельность по ликвидации загрязнений",26677.567590095477,"seasonally and calendar adjusted (X13-ARIMA-SEATS, JDemetra+ 2.2.4), discrete quarter, as published; quarterly national accounts vintage -- see metadata"
2012-10-01,national,E,"Водоснабжение; водоотведение; сбор, обработка и удаление отходов, деятельность по ликвидации загрязнений",26834.430550321205,"seasonally and calendar adjusted (X13-ARIMA-SEATS, JDemetra+ 2.2.4), discrete quarter, as published; quarterly national accounts vintage -- see metadata"
2013-01-01,national,E,"Водоснабжение; водоотведение; сбор, обработка и удаление отходов, деятельность по ликвидации загрязнений",25794.208024234857,"seasonally and calendar adjusted (X13-ARIMA-SEATS, JDemetra+ 2.2.4), discrete quarter, as published; quarterly national accounts vintage -- see metadata"
2013-04-01,national,E,"Водоснабжение; водоотведение; сбор, обработка и удаление отходов, деятельность по ликвидации загрязнений",25956.133087256625,"seasonally and calendar adjusted (X13-ARIMA-SEATS, JDemetra+ 2.2.4), discrete quarter, as published; quarterly national accounts vintage -- see metadata"
2013-07-01,national,E,"Водоснабжение; водоотведение; сбор, обработка и удаление отходов, деятельность по ликвидации загрязнений",25963.77879114488,"seasonally and calendar adjusted (X13-ARIMA-SEATS, JDemetra+ 2.2.4), discrete quarter, as published; quarterly national accounts vintage -- see metadata"
2013-10-01,national,E,"Водоснабжение; водоотведение; сбор, обработка и удаление отходов, деятельность по ликвидации загрязнений",28307.134984098215,"seasonally and calendar adjusted (X13-ARIMA-SEATS, JDemetra+ 2.2.4), discrete quarter, as published; quarterly national accounts vintage -- see metadata"
2014-01-01,national,E,"Водоснабжение; водоотведение; сбор, обработка и удаление отходов, деятельность по ликвидации загрязнений",28617.86590272033,"seasonally and calendar adjusted (X13-ARIMA-SEATS, JDemetra+ 2.2.4), discrete quarter, as published; quarterly national accounts vintage -- see metadata"
2014-04-01,national,E,"Водоснабжение; водоотведение; сбор, обработка и удаление отходов, деятельность по ликвидации загрязнений",27472.080436891814,"seasonally and calendar adjusted (X13-ARIMA-SEATS, JDemetra+ 2.2.4), discrete quarter, as published; quarterly national accounts vintage -- see metadata"
2014-07-01,national,E,"Водоснабжение; водоотведение; сбор, обработка и удаление отходов, деятельность по ликвидации загрязнений",27725.413794969983,"seasonally and calendar adjusted (X13-ARIMA-SEATS, JDemetra+ 2.2.4), discrete quarter, as published; quarterly national accounts vintage -- see metadata"
2014-10-01,national,E,"Водоснабжение; водоотведение; сбор, обработка и удаление отходов, деятельность по ликвидации загрязнений",26198.93135740688,"seasonally and calendar adjusted (X13-ARIMA-SEATS, JDemetra+ 2.2.4), discrete quarter, as published; quarterly national accounts vintage -- see metadata"
2015-01-01,national,E,"Водоснабжение; водоотведение; сбор, обработка и удаление отходов, деятельность по ликвидации загрязнений",26783.38096889913,"seasonally and calendar adjusted (X13-ARIMA-SEATS, JDemetra+ 2.2.4), discrete quarter, as published; quarterly national accounts vintage -- see metadata"
2015-04-01,national,E,"Водоснабжение; водоотведение; сбор, обработка и удаление отходов, деятельность по ликвидации загрязнений",27445.67069897585,"seasonally and calendar adjusted (X13-ARIMA-SEATS, JDemetra+ 2.2.4), discrete quarter, as published; quarterly national accounts vintage -- see metadata"
2015-07-01,national,E,"Водоснабжение; водоотведение; сбор, обработка и удаление отходов, деятельность по ликвидации загрязнений",26551.282006784597,"seasonally and calendar adjusted (X13-ARIMA-SEATS, JDemetra+ 2.2.4), discrete quarter, as published; quarterly national accounts vintage -- see metadata"
2015-10-01,national,E,"Водоснабжение; водоотведение; сбор, обработка и удаление отходов, деятельность по ликвидации загрязнений",25399.4393964775,"seasonally and calendar adjusted (X13-ARIMA-SEATS, JDemetra+ 2.2.4), discrete quarter, as published; quarterly national accounts vintage -- see metadata"
2016-01-01,national,E,"Водоснабжение; водоотведение; сбор, обработка и удаление отходов, деятельность по ликвидации загрязнений",27016.754851135705,"seasonally and calendar adjusted (X13-ARIMA-SEATS, JDemetra+ 2.2.4), discrete quarter, as published; quarterly national accounts vintage -- see metadata"
2016-04-01,national,E,"Водоснабжение; водоотведение; сбор, обработка и удаление отходов, деятельность по ликвидации загрязнений",29861.50205461399,"seasonally and calendar adjusted (X13-ARIMA-SEATS, JDemetra+ 2.2.4), discrete quarter, as published; quarterly national accounts vintage -- see metadata"
2016-07-01,national,E,"Водоснабжение; водоотведение; сбор, обработка и удаление отходов, деятельность по ликвидации загрязнений",32213.87463566824,"seasonally and calendar adjusted (X13-ARIMA-SEATS, JDemetra+ 2.2.4), discrete quarter, as published; quarterly national accounts vintage -- see metadata"
2016-10-01,national,E,"Водоснабжение; водоотведение; сбор, обработка и удаление отходов, деятельность по ликвидации загрязнений",32175.73343776807,"seasonally and calendar adjusted (X13-ARIMA-SEATS, JDemetra+ 2.2.4), discrete quarter, as published; quarterly national accounts vintage -- see metadata"
2017-01-01,national,E,"Водоснабжение; водоотведение; сбор, обработка и удаление отходов, деятельность по ликвидации загрязнений",34013.587216661545,"seasonally and calendar adjusted (X13-ARIMA-SEATS, JDemetra+ 2.2.4), discrete quarter, as published; quarterly national accounts vintage -- see metadata"
2017-04-01,national,E,"Водоснабжение; водоотведение; сбор, обработка и удаление отходов, деятельность по ликвидации загрязнений",33356.42547041122,"seasonally and calendar adjusted (X13-ARIMA-SEATS, JDemetra+ 2.2.4), discrete quarter, as published; quarterly national accounts vintage -- see metadata"
2017-07-01,national,E,"Водоснабжение; водоотведение; сбор, обработка и удаление отходов, деятельность по ликвидации загрязнений",36714.03586633325,"seasonally and calendar adjusted (X13-ARIMA-SEATS, JDemetra+ 2.2.4), discrete quarter, as published; quarterly national accounts vintage -- see metadata"
2017-10-01,national,E,"Водоснабжение; водоотведение; сбор, обработка и удаление отходов, деятельность по ликвидации загрязнений",38568.7064869597,"seasonally and calendar adjusted (X13-ARIMA-SEATS, JDemetra+ 2.2.4), discrete quarter, as published; quarterly national accounts vintage -- see metadata"
2018-01-01,national,E,"Водоснабжение; водоотведение; сбор, обработка и удаление отходов, деятельность по ликвидации загрязнений",40467.8993683841,"seasonally and calendar adjusted (X13-ARIMA-SEATS, JDemetra+ 2.2.4), discrete quarter, as published; quarterly national accounts vintage -- see metadata"
2018-04-01,national,E,"Водоснабжение; водоотведение; сбор, обработка и удаление отходов, деятельность по ликвидации загрязнений",42369.96885877669,"seasonally and calendar adjusted (X13-ARIMA-SEATS, JDemetra+ 2.2.4), discrete quarter, as published; quarterly national accounts vintage -- see metadata"
2018-07-01,national,E,"Водоснабжение; водоотведение; сбор, обработка и удаление отходов, деятельность по ликвидации загрязнений",38897.32000009353,"seasonally and calendar adjusted (X13-ARIMA-SEATS, JDemetra+ 2.2.4), discrete quarter, as published; quarterly national accounts vintage -- see metadata"
2018-10-01,national,E,"Водоснабжение; водоотведение; сбор, обработка и удаление отходов, деятельность по ликвидации загрязнений",34242.55224492701,"seasonally and calendar adjusted (X13-ARIMA-SEATS, JDemetra+ 2.2.4), discrete quarter, as published; quarterly national accounts vintage -- see metadata"
2019-01-01,national,E,"Водоснабжение; водоотведение; сбор, обработка и удаление отходов, деятельность по ликвидации загрязнений",39670.05580662951,"seasonally and calendar adjusted (X13-ARIMA-SEATS, JDemetra+ 2.2.4), discrete quarter, as published; quarterly national accounts vintage -- see metadata"
2019-04-01,national,E,"Водоснабжение; водоотведение; сбор, обработка и удаление отходов, деятельность по ликвидации загрязнений",44129.30047541176,"seasonally and calendar adjusted (X13-ARIMA-SEATS, JDemetra+ 2.2.4), discrete quarter, as published; quarterly national accounts vintage -- see metadata"
2019-07-01,national,E,"Водоснабжение; водоотведение; сбор, обработка и удаление отходов, деятельность по ликвидации загрязнений",42196.3312927618,"seasonally and calendar adjusted (X13-ARIMA-SEATS, JDemetra+ 2.2.4), discrete quarter, as published; quarterly national accounts vintage -- see metadata"
2019-10-01,national,E,"Водоснабжение; водоотведение; сбор, обработка и удаление отходов, деятельность по ликвидации загрязнений",42873.30941215504,"seasonally and calendar adjusted (X13-ARIMA-SEATS, JDemetra+ 2.2.4), discrete quarter, as published; quarterly national accounts vintage -- see metadata"
2020-01-01,national,E,"Водоснабжение; водоотведение; сбор, обработка и удаление отходов, деятельность по ликвидации загрязнений",43097.35932619106,"seasonally and calendar adjusted (X13-ARIMA-SEATS, JDemetra+ 2.2.4), discrete quarter, as published; quarterly national accounts vintage -- see metadata"
2020-04-01,national,E,"Водоснабжение; водоотведение; сбор, обработка и удаление отходов, деятельность по ликвидации загрязнений",39307.76303433724,"seasonally and calendar adjusted (X13-ARIMA-SEATS, JDemetra+ 2.2.4), discrete quarter, as published; quarterly national accounts vintage -- see metadata"
2020-07-01,national,E,"Водоснабжение; водоотведение; сбор, обработка и удаление отходов, деятельность по ликвидации загрязнений",39776.36075197081,"seasonally and calendar adjusted (X13-ARIMA-SEATS, JDemetra+ 2.2.4), discrete quarter, as published; quarterly national accounts vintage -- see metadata"
2020-10-01,national,E,"Водоснабжение; водоотведение; сбор, обработка и удаление отходов, деятельность по ликвидации загрязнений",45911.90385106926,"seasonally and calendar adjusted (X13-ARIMA-SEATS, JDemetra+ 2.2.4), discrete quarter, as published; quarterly national accounts vintage -- see metadata"
2021-01-01,national,E,"Водоснабжение; водоотведение; сбор, обработка и удаление отходов, деятельность по ликвидации загрязнений",50268.89875259289,"seasonally and calendar adjusted (X13-ARIMA-SEATS, JDemetra+ 2.2.4), discrete quarter, as published; quarterly national accounts vintage -- see metadata"
2021-04-01,national,E,"Водоснабжение; водоотведение; сбор, обработка и удаление отходов, деятельность по ликвидации загрязнений",53209.56606268585,"seasonally and calendar adjusted (X13-ARIMA-SEATS, JDemetra+ 2.2.4), discrete quarter, as published; quarterly national accounts vintage -- see metadata"
2021-07-01,national,E,"Водоснабжение; водоотведение; сбор, обработка и удаление отходов, деятельность по ликвидации загрязнений",51560.16150977497,"seasonally and calendar adjusted (X13-ARIMA-SEATS, JDemetra+ 2.2.4), discrete quarter, as published; quarterly national accounts vintage -- see metadata"
2021-10-01,national,E,"Водоснабжение; водоотведение; сбор, обработка и удаление отходов, деятельность по ликвидации загрязнений",64272.00388749269,"seasonally and calendar adjusted (X13-ARIMA-SEATS, JDemetra+ 2.2.4), discrete quarter, as published; quarterly national accounts vintage -- see metadata"
2022-01-01,national,E,"Водоснабжение; водоотведение; сбор, обработка и удаление отходов, деятельность по ликвидации загрязнений",64763.951548744124,"seasonally and calendar adjusted (X13-ARIMA-SEATS, JDemetra+ 2.2.4), discrete quarter, as published; quarterly national accounts vintage -- see metadata"
2022-04-01,national,E,"Водоснабжение; водоотведение; сбор, обработка и удаление отходов, деятельность по ликвидации загрязнений",59469.18374272793,"seasonally and calendar adjusted (X13-ARIMA-SEATS, JDemetra+ 2.2.4), discrete quarter, as published; quarterly national accounts vintage -- see metadata"
2022-07-01,national,E,"Водоснабжение; водоотведение; сбор, обработка и удаление отходов, деятельность по ликвидации загрязнений",60782.53959791361,"seasonally and calendar adjusted (X13-ARIMA-SEATS, JDemetra+ 2.2.4), discrete quarter, as published; quarterly national accounts vintage -- see metadata"
2022-10-01,national,E,"Водоснабжение; водоотведение; сбор, обработка и удаление отходов, деятельность по ликвидации загрязнений",62874.97664451049,"seasonally and calendar adjusted (X13-ARIMA-SEATS, JDemetra+ 2.2.4), discrete quarter, as published; quarterly national accounts vintage -- see metadata"
2023-01-01,national,E,"Водоснабжение; водоотведение; сбор, обработка и удаление отходов, деятельность по ликвидации загрязнений",63731.73221495846,"seasonally and calendar adjusted (X13-ARIMA-SEATS, JDemetra+ 2.2.4), discrete quarter, as published; quarterly national accounts vintage -- see metadata"
2023-04-01,national,E,"Водоснабжение; водоотведение; сбор, обработка и удаление отходов, деятельность по ликвидации загрязнений",71094.9665338137,"seasonally and calendar adjusted (X13-ARIMA-SEATS, JDemetra+ 2.2.4), discrete quarter, as published; quarterly national accounts vintage -- see metadata"
2023-07-01,national,E,"Водоснабжение; водоотведение; сбор, обработка и удаление отходов, деятельность по ликвидации загрязнений",73961.2082527336,"seasonally and calendar adjusted (X13-ARIMA-SEATS, JDemetra+ 2.2.4), discrete quarter, as published; quarterly national accounts vintage -- see metadata"
2023-10-01,national,E,"Водоснабжение; водоотведение; сбор, обработка и удаление отходов, деятельность по ликвидации загрязнений",70296.79897725499,"seasonally and calendar adjusted (X13-ARIMA-SEATS, JDemetra+ 2.2.4), discrete quarter, as published; quarterly national accounts vintage -- see metadata"
2024-01-01,national,E,"Водоснабжение; водоотведение; сбор, обработка и удаление отходов, деятельность по ликвидации загрязнений",73967.61731380451,"seasonally and calendar adjusted (X13-ARIMA-SEATS, JDemetra+ 2.2.4), discrete quarter, as published; quarterly national accounts vintage -- see metadata"
2024-04-01,national,E,"Водоснабжение; водоотведение; сбор, обработка и удаление отходов, деятельность по ликвидации загрязнений",80116.83926285151,"seasonally and calendar adjusted (X13-ARIMA-SEATS, JDemetra+ 2.2.4), discrete quarter, as published; quarterly national accounts vintage -- see metadata"
2024-07-01,national,E,"Водоснабжение; водоотведение; сбор, обработка и удаление отходов, деятельность по ликвидации загрязнений",86830.72843063377,"seasonally and calendar adjusted (X13-ARIMA-SEATS, JDemetra+ 2.2.4), discrete quarter, as published; quarterly national accounts vintage -- see metadata"
2024-10-01,national,E,"Водоснабжение; водоотведение; сбор, обработка и удаление отходов, деятельность по ликвидации загрязнений",87693.35383688746,"seasonally and calendar adjusted (X13-ARIMA-SEATS, JDemetra+ 2.2.4), discrete quarter, as published; quarterly national accounts vintage -- see metadata"
2025-01-01,national,E,"Водоснабжение; водоотведение; сбор, обработка и удаление отходов, деятельность по ликвидации загрязнений",85758.42051145475,"seasonally and calendar adjusted (X13-ARIMA-SEATS, JDemetra+ 2.2.4), discrete quarter, as published; quarterly national accounts vintage -- see metadata"
2025-04-01,national,E,"Водоснабжение; водоотведение; сбор, обработка и удаление отходов, деятельность по ликвидации загрязнений",91728.99363420182,"seasonally and calendar adjusted (X13-ARIMA-SEATS, JDemetra+ 2.2.4), discrete quarter, as published; quarterly national accounts vintage -- see metadata"
2025-07-01,national,E,"Водоснабжение; водоотведение; сбор, обработка и удаление отходов, деятельность по ликвидации загрязнений",96673.86954628731,"seasonally and calendar adjusted (X13-ARIMA-SEATS, JDemetra+ 2.2.4), discrete quarter, as published; quarterly national accounts vintage -- see metadata"
2025-10-01,national,E,"Водоснабжение; водоотведение; сбор, обработка и удаление отходов, деятельность по ликвидации загрязнений",96006.20818844045,"seasonally and calendar adjusted (X13-ARIMA-SEATS, JDemetra+ 2.2.4), discrete quarter, as published; quarterly national accounts vintage -- see metadata"
2026-01-01,national,E,"Водоснабжение; водоотведение; сбор, обработка и удаление отходов, деятельность по ликвидации загрязнений",95611.49259461397,"seasonally and calendar adjusted (X13-ARIMA-SEATS, JDemetra+ 2.2.4), discrete quarter, as published; quarterly national accounts vintage -- see metadata"
2010-01-01,national,F,Строительство,356492.59703148704,"seasonally and calendar adjusted (X13-ARIMA-SEATS, JDemetra+ 2.2.4), discrete quarter, as published; quarterly national accounts vintage -- see metadata"
2010-04-01,national,F,Строительство,431400.7450993886,"seasonally and calendar adjusted (X13-ARIMA-SEATS, JDemetra+ 2.2.4), discrete quarter, as published; quarterly national accounts vintage -- see metadata"
2010-07-01,national,F,Строительство,421464.0173354685,"seasonally and calendar adjusted (X13-ARIMA-SEATS, JDemetra+ 2.2.4), discrete quarter, as published; quarterly national accounts vintage -- see metadata"
2010-10-01,national,F,Строительство,438772.8453911185,"seasonally and calendar adjusted (X13-ARIMA-SEATS, JDemetra+ 2.2.4), discrete quarter, as published; quarterly national accounts vintage -- see metadata"
2011-01-01,national,F,Строительство,475496.6961830913,"seasonally and calendar adjusted (X13-ARIMA-SEATS, JDemetra+ 2.2.4), discrete quarter, as published; quarterly national accounts vintage -- see metadata"
2011-04-01,national,F,Строительство,484375.9939038425,"seasonally and calendar adjusted (X13-ARIMA-SEATS, JDemetra+ 2.2.4), discrete quarter, as published; quarterly national accounts vintage -- see metadata"
2011-07-01,national,F,Строительство,482943.16573616205,"seasonally and calendar adjusted (X13-ARIMA-SEATS, JDemetra+ 2.2.4), discrete quarter, as published; quarterly national accounts vintage -- see metadata"
2011-10-01,national,F,Строительство,485404.48365110555,"seasonally and calendar adjusted (X13-ARIMA-SEATS, JDemetra+ 2.2.4), discrete quarter, as published; quarterly national accounts vintage -- see metadata"
2012-01-01,national,F,Строительство,500150.8292645684,"seasonally and calendar adjusted (X13-ARIMA-SEATS, JDemetra+ 2.2.4), discrete quarter, as published; quarterly national accounts vintage -- see metadata"
2012-04-01,national,F,Строительство,486481.76858221606,"seasonally and calendar adjusted (X13-ARIMA-SEATS, JDemetra+ 2.2.4), discrete quarter, as published; quarterly national accounts vintage -- see metadata"
2012-07-01,national,F,Строительство,491129.9081182483,"seasonally and calendar adjusted (X13-ARIMA-SEATS, JDemetra+ 2.2.4), discrete quarter, as published; quarterly national accounts vintage -- see metadata"
2012-10-01,national,F,Строительство,500034.5952107934,"seasonally and calendar adjusted (X13-ARIMA-SEATS, JDemetra+ 2.2.4), discrete quarter, as published; quarterly national accounts vintage -- see metadata"
2013-01-01,national,F,Строительство,504764.385753134,"seasonally and calendar adjusted (X13-ARIMA-SEATS, JDemetra+ 2.2.4), discrete quarter, as published; quarterly national accounts vintage -- see metadata"
2013-04-01,national,F,Строительство,536484.8742247309,"seasonally and calendar adjusted (X13-ARIMA-SEATS, JDemetra+ 2.2.4), discrete quarter, as published; quarterly national accounts vintage -- see metadata"
2013-07-01,national,F,Строительство,555174.7415309286,"seasonally and calendar adjusted (X13-ARIMA-SEATS, JDemetra+ 2.2.4), discrete quarter, as published; quarterly national accounts vintage -- see metadata"
2013-10-01,national,F,Строительство,563660.537209645,"seasonally and calendar adjusted (X13-ARIMA-SEATS, JDemetra+ 2.2.4), discrete quarter, as published; quarterly national accounts vintage -- see metadata"
2014-01-01,national,F,Строительство,572275.7228582684,"seasonally and calendar adjusted (X13-ARIMA-SEATS, JDemetra+ 2.2.4), discrete quarter, as published; quarterly national accounts vintage -- see metadata"
2014-04-01,national,F,Строительство,589608.3425156699,"seasonally and calendar adjusted (X13-ARIMA-SEATS, JDemetra+ 2.2.4), discrete quarter, as published; quarterly national accounts vintage -- see metadata"
2014-07-01,national,F,Строительство,611431.1970188001,"seasonally and calendar adjusted (X13-ARIMA-SEATS, JDemetra+ 2.2.4), discrete quarter, as published; quarterly national accounts vintage -- see metadata"
2014-10-01,national,F,Строительство,612032.6982046346,"seasonally and calendar adjusted (X13-ARIMA-SEATS, JDemetra+ 2.2.4), discrete quarter, as published; quarterly national accounts vintage -- see metadata"
2015-01-01,national,F,Строительство,611966.0778815969,"seasonally and calendar adjusted (X13-ARIMA-SEATS, JDemetra+ 2.2.4), discrete quarter, as published; quarterly national accounts vintage -- see metadata"
2015-04-01,national,F,Строительство,630634.1943357409,"seasonally and calendar adjusted (X13-ARIMA-SEATS, JDemetra+ 2.2.4), discrete quarter, as published; quarterly national accounts vintage -- see metadata"
2015-07-01,national,F,Строительство,637257.9121037155,"seasonally and calendar adjusted (X13-ARIMA-SEATS, JDemetra+ 2.2.4), discrete quarter, as published; quarterly national accounts vintage -- see metadata"
2015-10-01,national,F,Строительство,639825.4672110805,"seasonally and calendar adjusted (X13-ARIMA-SEATS, JDemetra+ 2.2.4), discrete quarter, as published; quarterly national accounts vintage -- see metadata"
2016-01-01,national,F,Строительство,651032.4245837315,"seasonally and calendar adjusted (X13-ARIMA-SEATS, JDemetra+ 2.2.4), discrete quarter, as published; quarterly national accounts vintage -- see metadata"
2016-04-01,national,F,Строительство,676248.4626976079,"seasonally and calendar adjusted (X13-ARIMA-SEATS, JDemetra+ 2.2.4), discrete quarter, as published; quarterly national accounts vintage -- see metadata"
2016-07-01,national,F,Строительство,697886.3037849647,"seasonally and calendar adjusted (X13-ARIMA-SEATS, JDemetra+ 2.2.4), discrete quarter, as published; quarterly national accounts vintage -- see metadata"
2016-10-01,national,F,Строительство,721354.2190201792,"seasonally and calendar adjusted (X13-ARIMA-SEATS, JDemetra+ 2.2.4), discrete quarter, as published; quarterly national accounts vintage -- see metadata"
2017-01-01,national,F,Строительство,722678.2683554621,"seasonally and calendar adjusted (X13-ARIMA-SEATS, JDemetra+ 2.2.4), discrete quarter, as published; quarterly national accounts vintage -- see metadata"
2017-04-01,national,F,Строительство,746498.8136512943,"seasonally and calendar adjusted (X13-ARIMA-SEATS, JDemetra+ 2.2.4), discrete quarter, as published; quarterly national accounts vintage -- see metadata"
2017-07-01,national,F,Строительство,749094.0559342802,"seasonally and calendar adjusted (X13-ARIMA-SEATS, JDemetra+ 2.2.4), discrete quarter, as published; quarterly national accounts vintage -- see metadata"
2017-10-01,national,F,Строительство,747075.954076772,"seasonally and calendar adjusted (X13-ARIMA-SEATS, JDemetra+ 2.2.4), discrete quarter, as published; quarterly national accounts vintage -- see metadata"
2018-01-01,national,F,Строительство,795988.1876256648,"seasonally and calendar adjusted (X13-ARIMA-SEATS, JDemetra+ 2.2.4), discrete quarter, as published; quarterly national accounts vintage -- see metadata"
2018-04-01,national,F,Строительство,807025.2715206662,"seasonally and calendar adjusted (X13-ARIMA-SEATS, JDemetra+ 2.2.4), discrete quarter, as published; quarterly national accounts vintage -- see metadata"
2018-07-01,national,F,Строительство,815268.2298761156,"seasonally and calendar adjusted (X13-ARIMA-SEATS, JDemetra+ 2.2.4), discrete quarter, as published; quarterly national accounts vintage -- see metadata"
2018-10-01,national,F,Строительство,849092.7759666163,"seasonally and calendar adjusted (X13-ARIMA-SEATS, JDemetra+ 2.2.4), discrete quarter, as published; quarterly national accounts vintage -- see metadata"
2019-01-01,national,F,Строительство,881315.4957627982,"seasonally and calendar adjusted (X13-ARIMA-SEATS, JDemetra+ 2.2.4), discrete quarter, as published; quarterly national accounts vintage -- see metadata"
2019-04-01,national,F,Строительство,924545.4989532303,"seasonally and calendar adjusted (X13-ARIMA-SEATS, JDemetra+ 2.2.4), discrete quarter, as published; quarterly national accounts vintage -- see metadata"
2019-07-01,national,F,Строительство,977804.9566457317,"seasonally and calendar adjusted (X13-ARIMA-SEATS, JDemetra+ 2.2.4), discrete quarter, as published; quarterly national accounts vintage -- see metadata"
2019-10-01,national,F,Строительство,978913.7918482674,"seasonally and calendar adjusted (X13-ARIMA-SEATS, JDemetra+ 2.2.4), discrete quarter, as published; quarterly national accounts vintage -- see metadata"
2020-01-01,national,F,Строительство,1001425.6713780785,"seasonally and calendar adjusted (X13-ARIMA-SEATS, JDemetra+ 2.2.4), discrete quarter, as published; quarterly national accounts vintage -- see metadata"
2020-04-01,national,F,Строительство,1035224.3675596871,"seasonally and calendar adjusted (X13-ARIMA-SEATS, JDemetra+ 2.2.4), discrete quarter, as published; quarterly national accounts vintage -- see metadata"
2020-07-01,national,F,Строительство,1110778.903868641,"seasonally and calendar adjusted (X13-ARIMA-SEATS, JDemetra+ 2.2.4), discrete quarter, as published; quarterly national accounts vintage -- see metadata"
2020-10-01,national,F,Строительство,1086933.9901356404,"seasonally and calendar adjusted (X13-ARIMA-SEATS, JDemetra+ 2.2.4), discrete quarter, as published; quarterly national accounts vintage -- see metadata"
2021-01-01,national,F,Строительство,1120119.5002244203,"seasonally and calendar adjusted (X13-ARIMA-SEATS, JDemetra+ 2.2.4), discrete quarter, as published; quarterly national accounts vintage -- see metadata"
2021-04-01,national,F,Строительство,1173748.6113804022,"seasonally and calendar adjusted (X13-ARIMA-SEATS, JDemetra+ 2.2.4), discrete quarter, as published; quarterly national accounts vintage -- see metadata"
2021-07-01,national,F,Строительство,1261206.2995934205,"seasonally and calendar adjusted (X13-ARIMA-SEATS, JDemetra+ 2.2.4), discrete quarter, as published; quarterly national accounts vintage -- see metadata"
2021-10-01,national,F,Строительство,1165265.7554340127,"seasonally and calendar adjusted (X13-ARIMA-SEATS, JDemetra+ 2.2.4), discrete quarter, as published; quarterly national accounts vintage -- see metadata"
2022-01-01,national,F,Строительство,1260805.6759937566,"seasonally and calendar adjusted (X13-ARIMA-SEATS, JDemetra+ 2.2.4), discrete quarter, as published; quarterly national accounts vintage -- see metadata"
2022-04-01,national,F,Строительство,1344051.5179919577,"seasonally and calendar adjusted (X13-ARIMA-SEATS, JDemetra+ 2.2.4), discrete quarter, as published; quarterly national accounts vintage -- see metadata"
2022-07-01,national,F,Строительство,1366638.4452704485,"seasonally and calendar adjusted (X13-ARIMA-SEATS, JDemetra+ 2.2.4), discrete quarter, as published; quarterly national accounts vintage -- see metadata"
2022-10-01,national,F,Строительство,1410582.6341937261,"seasonally and calendar adjusted (X13-ARIMA-SEATS, JDemetra+ 2.2.4), discrete quarter, as published; quarterly national accounts vintage -- see metadata"
2023-01-01,national,F,Строительство,1480601.7824193987,"seasonally and calendar adjusted (X13-ARIMA-SEATS, JDemetra+ 2.2.4), discrete quarter, as published; quarterly national accounts vintage -- see metadata"
2023-04-01,national,F,Строительство,1614125.7518533154,"seasonally and calendar adjusted (X13-ARIMA-SEATS, JDemetra+ 2.2.4), discrete quarter, as published; quarterly national accounts vintage -- see metadata"
2023-07-01,national,F,Строительство,1723018.7905664705,"seasonally and calendar adjusted (X13-ARIMA-SEATS, JDemetra+ 2.2.4), discrete quarter, as published; quarterly national accounts vintage -- see metadata"
2023-10-01,national,F,Строительство,1762275.4036062448,"seasonally and calendar adjusted (X13-ARIMA-SEATS, JDemetra+ 2.2.4), discrete quarter, as published; quarterly national accounts vintage -- see metadata"
2024-01-01,national,F,Строительство,1860713.8131308544,"seasonally and calendar adjusted (X13-ARIMA-SEATS, JDemetra+ 2.2.4), discrete quarter, as published; quarterly national accounts vintage -- see metadata"
2024-04-01,national,F,Строительство,1850786.1889528148,"seasonally and calendar adjusted (X13-ARIMA-SEATS, JDemetra+ 2.2.4), discrete quarter, as published; quarterly national accounts vintage -- see metadata"
2024-07-01,national,F,Строительство,2092125.6953424595,"seasonally and calendar adjusted (X13-ARIMA-SEATS, JDemetra+ 2.2.4), discrete quarter, as published; quarterly national accounts vintage -- see metadata"
2024-10-01,national,F,Строительство,2200045.5332242036,"seasonally and calendar adjusted (X13-ARIMA-SEATS, JDemetra+ 2.2.4), discrete quarter, as published; quarterly national accounts vintage -- see metadata"
2025-01-01,national,F,Строительство,2210513.774083126,"seasonally and calendar adjusted (X13-ARIMA-SEATS, JDemetra+ 2.2.4), discrete quarter, as published; quarterly national accounts vintage -- see metadata"
2025-04-01,national,F,Строительство,2289153.921043183,"seasonally and calendar adjusted (X13-ARIMA-SEATS, JDemetra+ 2.2.4), discrete quarter, as published; quarterly national accounts vintage -- see metadata"
2025-07-01,national,F,Строительство,2412890.0964404065,"seasonally and calendar adjusted (X13-ARIMA-SEATS, JDemetra+ 2.2.4), discrete quarter, as published; quarterly national accounts vintage -- see metadata"
2025-10-01,national,F,Строительство,2710056.3781378195,"seasonally and calendar adjusted (X13-ARIMA-SEATS, JDemetra+ 2.2.4), discrete quarter, as published; quarterly national accounts vintage -- see metadata"
2026-01-01,national,F,Строительство,2662915.3576692734,"seasonally and calendar adjusted (X13-ARIMA-SEATS, JDemetra+ 2.2.4), discrete quarter, as published; quarterly national accounts vintage -- see metadata"
2010-01-01,national,G,Оптовая и розничная торговля; ремонт автомобилей и мотоциклов,817792.7884442065,"seasonally and calendar adjusted (X13-ARIMA-SEATS, JDemetra+ 2.2.4), discrete quarter, as published; quarterly national accounts vintage -- see metadata"
2010-04-01,national,G,Оптовая и розничная торговля; ремонт автомобилей и мотоциклов,808770.0438182063,"seasonally and calendar adjusted (X13-ARIMA-SEATS, JDemetra+ 2.2.4), discrete quarter, as published; quarterly national accounts vintage -- see metadata"
2010-07-01,national,G,Оптовая и розничная торговля; ремонт автомобилей и мотоциклов,822301.9995727444,"seasonally and calendar adjusted (X13-ARIMA-SEATS, JDemetra+ 2.2.4), discrete quarter, as published; quarterly national accounts vintage -- see metadata"
2010-10-01,national,G,Оптовая и розничная торговля; ремонт автомобилей и мотоциклов,881209.769542518,"seasonally and calendar adjusted (X13-ARIMA-SEATS, JDemetra+ 2.2.4), discrete quarter, as published; quarterly national accounts vintage -- see metadata"
2011-01-01,national,G,Оптовая и розничная торговля; ремонт автомобилей и мотоциклов,969232.648020079,"seasonally and calendar adjusted (X13-ARIMA-SEATS, JDemetra+ 2.2.4), discrete quarter, as published; quarterly national accounts vintage -- see metadata"
2011-04-01,national,G,Оптовая и розничная торговля; ремонт автомобилей и мотоциклов,988479.0414615042,"seasonally and calendar adjusted (X13-ARIMA-SEATS, JDemetra+ 2.2.4), discrete quarter, as published; quarterly national accounts vintage -- see metadata"
2011-07-01,national,G,Оптовая и розничная торговля; ремонт автомобилей и мотоциклов,1065045.0648674313,"seasonally and calendar adjusted (X13-ARIMA-SEATS, JDemetra+ 2.2.4), discrete quarter, as published; quarterly national accounts vintage -- see metadata"
2011-10-01,national,G,Оптовая и розничная торговля; ремонт автомобилей и мотоциклов,1093745.820735225,"seasonally and calendar adjusted (X13-ARIMA-SEATS, JDemetra+ 2.2.4), discrete quarter, as published; quarterly national accounts vintage -- see metadata"
2012-01-01,national,G,Оптовая и розничная торговля; ремонт автомобилей и мотоциклов,1092447.599117177,"seasonally and calendar adjusted (X13-ARIMA-SEATS, JDemetra+ 2.2.4), discrete quarter, as published; quarterly national accounts vintage -- see metadata"
2012-04-01,national,G,Оптовая и розничная торговля; ремонт автомобилей и мотоциклов,1196716.863808854,"seasonally and calendar adjusted (X13-ARIMA-SEATS, JDemetra+ 2.2.4), discrete quarter, as published; quarterly national accounts vintage -- see metadata"
2012-07-01,national,G,Оптовая и розничная торговля; ремонт автомобилей и мотоциклов,1312992.5050627962,"seasonally and calendar adjusted (X13-ARIMA-SEATS, JDemetra+ 2.2.4), discrete quarter, as published; quarterly national accounts vintage -- see metadata"
2012-10-01,national,G,Оптовая и розничная торговля; ремонт автомобилей и мотоциклов,1359831.5140189098,"seasonally and calendar adjusted (X13-ARIMA-SEATS, JDemetra+ 2.2.4), discrete quarter, as published; quarterly national accounts vintage -- see metadata"
2013-01-01,national,G,Оптовая и розничная торговля; ремонт автомобилей и мотоциклов,1454635.3684204968,"seasonally and calendar adjusted (X13-ARIMA-SEATS, JDemetra+ 2.2.4), discrete quarter, as published; quarterly national accounts vintage -- see metadata"
2013-04-01,national,G,Оптовая и розничная торговля; ремонт автомобилей и мотоциклов,1492530.09302185,"seasonally and calendar adjusted (X13-ARIMA-SEATS, JDemetra+ 2.2.4), discrete quarter, as published; quarterly national accounts vintage -- see metadata"
2013-07-01,national,G,Оптовая и розничная торговля; ремонт автомобилей и мотоциклов,1615702.2707344017,"seasonally and calendar adjusted (X13-ARIMA-SEATS, JDemetra+ 2.2.4), discrete quarter, as published; quarterly national accounts vintage -- see metadata"
2013-10-01,national,G,Оптовая и розничная торговля; ремонт автомобилей и мотоциклов,1352290.8944065105,"seasonally and calendar adjusted (X13-ARIMA-SEATS, JDemetra+ 2.2.4), discrete quarter, as published; quarterly national accounts vintage -- see metadata"
2014-01-01,national,G,Оптовая и розничная торговля; ремонт автомобилей и мотоциклов,1596253.0054827179,"seasonally and calendar adjusted (X13-ARIMA-SEATS, JDemetra+ 2.2.4), discrete quarter, as published; quarterly national accounts vintage -- see metadata"
2014-04-01,national,G,Оптовая и розничная торговля; ремонт автомобилей и мотоциклов,1676330.8913453782,"seasonally and calendar adjusted (X13-ARIMA-SEATS, JDemetra+ 2.2.4), discrete quarter, as published; quarterly national accounts vintage -- see metadata"
2014-07-01,national,G,Оптовая и розничная торговля; ремонт автомобилей и мотоциклов,1695401.2289071647,"seasonally and calendar adjusted (X13-ARIMA-SEATS, JDemetra+ 2.2.4), discrete quarter, as published; quarterly national accounts vintage -- see metadata"
2014-10-01,national,G,Оптовая и розничная торговля; ремонт автомобилей и мотоциклов,1826518.8136540009,"seasonally and calendar adjusted (X13-ARIMA-SEATS, JDemetra+ 2.2.4), discrete quarter, as published; quarterly national accounts vintage -- see metadata"
2015-01-01,national,G,Оптовая и розничная торговля; ремонт автомобилей и мотоциклов,1793419.668078277,"seasonally and calendar adjusted (X13-ARIMA-SEATS, JDemetra+ 2.2.4), discrete quarter, as published; quarterly national accounts vintage -- see metadata"
2015-04-01,national,G,Оптовая и розничная торговля; ремонт автомобилей и мотоциклов,1923419.7053534938,"seasonally and calendar adjusted (X13-ARIMA-SEATS, JDemetra+ 2.2.4), discrete quarter, as published; quarterly national accounts vintage -- see metadata"
2015-07-01,national,G,Оптовая и розничная торговля; ремонт автомобилей и мотоциклов,1872524.5818435159,"seasonally and calendar adjusted (X13-ARIMA-SEATS, JDemetra+ 2.2.4), discrete quarter, as published; quarterly national accounts vintage -- see metadata"
2015-10-01,national,G,Оптовая и розничная торговля; ремонт автомобилей и мотоциклов,1847820.2534899623,"seasonally and calendar adjusted (X13-ARIMA-SEATS, JDemetra+ 2.2.4), discrete quarter, as published; quarterly national accounts vintage -- see metadata"
2016-01-01,national,G,Оптовая и розничная торговля; ремонт автомобилей и мотоциклов,1960378.2013506442,"seasonally and calendar adjusted (X13-ARIMA-SEATS, JDemetra+ 2.2.4), discrete quarter, as published; quarterly national accounts vintage -- see metadata"
2016-04-01,national,G,Оптовая и розничная торговля; ремонт автомобилей и мотоциклов,1964799.1786007304,"seasonally and calendar adjusted (X13-ARIMA-SEATS, JDemetra+ 2.2.4), discrete quarter, as published; quarterly national accounts vintage -- see metadata"
2016-07-01,national,G,Оптовая и розничная торговля; ремонт автомобилей и мотоциклов,2064658.1177397463,"seasonally and calendar adjusted (X13-ARIMA-SEATS, JDemetra+ 2.2.4), discrete quarter, as published; quarterly national accounts vintage -- see metadata"
2016-10-01,national,G,Оптовая и розничная торговля; ремонт автомобилей и мотоциклов,2196776.1375114503,"seasonally and calendar adjusted (X13-ARIMA-SEATS, JDemetra+ 2.2.4), discrete quarter, as published; quarterly national accounts vintage -- see metadata"
2017-01-01,national,G,Оптовая и розничная торговля; ремонт автомобилей и мотоциклов,2195820.649263099,"seasonally and calendar adjusted (X13-ARIMA-SEATS, JDemetra+ 2.2.4), discrete quarter, as published; quarterly national accounts vintage -- see metadata"
2017-04-01,national,G,Оптовая и розничная торговля; ремонт автомобилей и мотоциклов,2172987.7063789805,"seasonally and calendar adjusted (X13-ARIMA-SEATS, JDemetra+ 2.2.4), discrete quarter, as published; quarterly national accounts vintage -- see metadata"
2017-07-01,national,G,Оптовая и розничная торговля; ремонт автомобилей и мотоциклов,2343897.9276055186,"seasonally and calendar adjusted (X13-ARIMA-SEATS, JDemetra+ 2.2.4), discrete quarter, as published; quarterly national accounts vintage -- see metadata"
2017-10-01,national,G,Оптовая и розничная торговля; ремонт автомобилей и мотоциклов,2383294.3595208614,"seasonally and calendar adjusted (X13-ARIMA-SEATS, JDemetra+ 2.2.4), discrete quarter, as published; quarterly national accounts vintage -- see metadata"
2018-01-01,national,G,Оптовая и розничная торговля; ремонт автомобилей и мотоциклов,2333468.92987539,"seasonally and calendar adjusted (X13-ARIMA-SEATS, JDemetra+ 2.2.4), discrete quarter, as published; quarterly national accounts vintage -- see metadata"
2018-04-01,national,G,Оптовая и розничная торговля; ремонт автомобилей и мотоциклов,2626650.437541063,"seasonally and calendar adjusted (X13-ARIMA-SEATS, JDemetra+ 2.2.4), discrete quarter, as published; quarterly national accounts vintage -- see metadata"
2018-07-01,national,G,Оптовая и розничная торговля; ремонт автомобилей и мотоциклов,2673409.2506915913,"seasonally and calendar adjusted (X13-ARIMA-SEATS, JDemetra+ 2.2.4), discrete quarter, as published; quarterly national accounts vintage -- see metadata"
2018-10-01,national,G,Оптовая и розничная торговля; ремонт автомобилей и мотоциклов,2677967.6100370954,"seasonally and calendar adjusted (X13-ARIMA-SEATS, JDemetra+ 2.2.4), discrete quarter, as published; quarterly national accounts vintage -- see metadata"
2019-01-01,national,G,Оптовая и розничная торговля; ремонт автомобилей и мотоциклов,2786762.719218895,"seasonally and calendar adjusted (X13-ARIMA-SEATS, JDemetra+ 2.2.4), discrete quarter, as published; quarterly national accounts vintage -- see metadata"
2019-04-01,national,G,Оптовая и розничная торговля; ремонт автомобилей и мотоциклов,2993712.4968503243,"seasonally and calendar adjusted (X13-ARIMA-SEATS, JDemetra+ 2.2.4), discrete quarter, as published; quarterly national accounts vintage -- see metadata"
2019-07-01,national,G,Оптовая и розничная торговля; ремонт автомобилей и мотоциклов,2976437.0506965793,"seasonally and calendar adjusted (X13-ARIMA-SEATS, JDemetra+ 2.2.4), discrete quarter, as published; quarterly national accounts vintage -- see metadata"
2019-10-01,national,G,Оптовая и розничная торговля; ремонт автомобилей и мотоциклов,2999334.311012711,"seasonally and calendar adjusted (X13-ARIMA-SEATS, JDemetra+ 2.2.4), discrete quarter, as published; quarterly national accounts vintage -- see metadata"
2020-01-01,national,G,Оптовая и розничная торговля; ремонт автомобилей и мотоциклов,3077177.414855808,"seasonally and calendar adjusted (X13-ARIMA-SEATS, JDemetra+ 2.2.4), discrete quarter, as published; quarterly national accounts vintage -- see metadata"
2020-04-01,national,G,Оптовая и розничная торговля; ремонт автомобилей и мотоциклов,2792353.2185226944,"seasonally and calendar adjusted (X13-ARIMA-SEATS, JDemetra+ 2.2.4), discrete quarter, as published; quarterly national accounts vintage -- see metadata"
2020-07-01,national,G,Оптовая и розничная торговля; ремонт автомобилей и мотоциклов,3011968.899398974,"seasonally and calendar adjusted (X13-ARIMA-SEATS, JDemetra+ 2.2.4), discrete quarter, as published; quarterly national accounts vintage -- see metadata"
2020-10-01,national,G,Оптовая и розничная торговля; ремонт автомобилей и мотоциклов,3212962.4788815896,"seasonally and calendar adjusted (X13-ARIMA-SEATS, JDemetra+ 2.2.4), discrete quarter, as published; quarterly national accounts vintage -- see metadata"
2021-01-01,national,G,Оптовая и розничная торговля; ремонт автомобилей и мотоциклов,3244021.3526572823,"seasonally and calendar adjusted (X13-ARIMA-SEATS, JDemetra+ 2.2.4), discrete quarter, as published; quarterly national accounts vintage -- see metadata"
2021-04-01,national,G,Оптовая и розничная торговля; ремонт автомобилей и мотоциклов,3510875.3286911547,"seasonally and calendar adjusted (X13-ARIMA-SEATS, JDemetra+ 2.2.4), discrete quarter, as published; quarterly national accounts vintage -- see metadata"
2021-07-01,national,G,Оптовая и розничная торговля; ремонт автомобилей и мотоциклов,3754472.5489363004,"seasonally and calendar adjusted (X13-ARIMA-SEATS, JDemetra+ 2.2.4), discrete quarter, as published; quarterly national accounts vintage -- see metadata"
2021-10-01,national,G,Оптовая и розничная торговля; ремонт автомобилей и мотоциклов,3537040.367427486,"seasonally and calendar adjusted (X13-ARIMA-SEATS, JDemetra+ 2.2.4), discrete quarter, as published; quarterly national accounts vintage -- see metadata"
2022-01-01,national,G,Оптовая и розничная торговля; ремонт автомобилей и мотоциклов,4057982.8637664383,"seasonally and calendar adjusted (X13-ARIMA-SEATS, JDemetra+ 2.2.4), discrete quarter, as published; quarterly national accounts vintage -- see metadata"
2022-04-01,national,G,Оптовая и розничная торговля; ремонт автомобилей и мотоциклов,4142907.683436952,"seasonally and calendar adjusted (X13-ARIMA-SEATS, JDemetra+ 2.2.4), discrete quarter, as published; quarterly national accounts vintage -- see metadata"
2022-07-01,national,G,Оптовая и розничная торговля; ремонт автомобилей и мотоциклов,4112998.2314300626,"seasonally and calendar adjusted (X13-ARIMA-SEATS, JDemetra+ 2.2.4), discrete quarter, as published; quarterly national accounts vintage -- see metadata"
2022-10-01,national,G,Оптовая и розничная торговля; ремонт автомобилей и мотоциклов,4552425.418118503,"seasonally and calendar adjusted (X13-ARIMA-SEATS, JDemetra+ 2.2.4), discrete quarter, as published; quarterly national accounts vintage -- see metadata"
2023-01-01,national,G,Оптовая и розничная торговля; ремонт автомобилей и мотоциклов,5214850.7332342,"seasonally and calendar adjusted (X13-ARIMA-SEATS, JDemetra+ 2.2.4), discrete quarter, as published; quarterly national accounts vintage -- see metadata"
2023-04-01,national,G,Оптовая и розничная торговля; ремонт автомобилей и мотоциклов,5307642.291948863,"seasonally and calendar adjusted (X13-ARIMA-SEATS, JDemetra+ 2.2.4), discrete quarter, as published; quarterly national accounts vintage -- see metadata"
2023-07-01,national,G,Оптовая и розничная торговля; ремонт автомобилей и мотоциклов,5597459.267247272,"seasonally and calendar adjusted (X13-ARIMA-SEATS, JDemetra+ 2.2.4), discrete quarter, as published; quarterly national accounts vintage -- see metadata"
2023-10-01,national,G,Оптовая и розничная торговля; ремонт автомобилей и мотоциклов,5508320.425018756,"seasonally and calendar adjusted (X13-ARIMA-SEATS, JDemetra+ 2.2.4), discrete quarter, as published; quarterly national accounts vintage -- see metadata"
2024-01-01,national,G,Оптовая и розничная торговля; ремонт автомобилей и мотоциклов,5512159.323494254,"seasonally and calendar adjusted (X13-ARIMA-SEATS, JDemetra+ 2.2.4), discrete quarter, as published; quarterly national accounts vintage -- see metadata"
2024-04-01,national,G,Оптовая и розничная торговля; ремонт автомобилей и мотоциклов,6220315.0879484285,"seasonally and calendar adjusted (X13-ARIMA-SEATS, JDemetra+ 2.2.4), discrete quarter, as published; quarterly national accounts vintage -- see metadata"
2024-07-01,national,G,Оптовая и розничная торговля; ремонт автомобилей и мотоциклов,6743511.61505149,"seasonally and calendar adjusted (X13-ARIMA-SEATS, JDemetra+ 2.2.4), discrete quarter, as published; quarterly national accounts vintage -- see metadata"
2024-10-01,national,G,Оптовая и розничная торговля; ремонт автомобилей и мотоциклов,7051120.223273002,"seasonally and calendar adjusted (X13-ARIMA-SEATS, JDemetra+ 2.2.4), discrete quarter, as published; quarterly national accounts vintage -- see metadata"
2025-01-01,national,G,Оптовая и розничная торговля; ремонт автомобилей и мотоциклов,6760536.337644167,"seasonally and calendar adjusted (X13-ARIMA-SEATS, JDemetra+ 2.2.4), discrete quarter, as published; quarterly national accounts vintage -- see metadata"
2025-04-01,national,G,Оптовая и розничная торговля; ремонт автомобилей и мотоциклов,7746071.5244784765,"seasonally and calendar adjusted (X13-ARIMA-SEATS, JDemetra+ 2.2.4), discrete quarter, as published; quarterly national accounts vintage -- see metadata"
2025-07-01,national,G,Оптовая и розничная торговля; ремонт автомобилей и мотоциклов,8287605.390300342,"seasonally and calendar adjusted (X13-ARIMA-SEATS, JDemetra+ 2.2.4), discrete quarter, as published; quarterly national accounts vintage -- see metadata"
2025-10-01,national,G,Оптовая и розничная торговля; ремонт автомобилей и мотоциклов,8574415.135969331,"seasonally and calendar adjusted (X13-ARIMA-SEATS, JDemetra+ 2.2.4), discrete quarter, as published; quarterly national accounts vintage -- see metadata"
2026-01-01,national,G,Оптовая и розничная торговля; ремонт автомобилей и мотоциклов,8027001.002453753,"seasonally and calendar adjusted (X13-ARIMA-SEATS, JDemetra+ 2.2.4), discrete quarter, as published; quarterly national accounts vintage -- see metadata"
2010-01-01,national,GDP,Валовой внутренний продукт,5468238.170765577,"seasonally and calendar adjusted (X13-ARIMA-SEATS, JDemetra+ 2.2.4), discrete quarter, as published; quarterly national accounts vintage -- see metadata"
2010-04-01,national,GDP,Валовой внутренний продукт,5743956.82654936,"seasonally and calendar adjusted (X13-ARIMA-SEATS, JDemetra+ 2.2.4), discrete quarter, as published; quarterly national accounts vintage -- see metadata"
2010-07-01,national,GDP,Валовой внутренний продукт,6057077.0087450845,"seasonally and calendar adjusted (X13-ARIMA-SEATS, JDemetra+ 2.2.4), discrete quarter, as published; quarterly national accounts vintage -- see metadata"
2010-10-01,national,GDP,Валовой внутренний продукт,6501095.3618341405,"seasonally and calendar adjusted (X13-ARIMA-SEATS, JDemetra+ 2.2.4), discrete quarter, as published; quarterly national accounts vintage -- see metadata"
2011-01-01,national,GDP,Валовой внутренний продукт,7114767.97140948,"seasonally and calendar adjusted (X13-ARIMA-SEATS, JDemetra+ 2.2.4), discrete quarter, as published; quarterly national accounts vintage -- see metadata"
2011-04-01,national,GDP,Валовой внутренний продукт,7332450.481746646,"seasonally and calendar adjusted (X13-ARIMA-SEATS, JDemetra+ 2.2.4), discrete quarter, as published; quarterly national accounts vintage -- see metadata"
2011-07-01,national,GDP,Валовой внутренний продукт,7682759.9119043145,"seasonally and calendar adjusted (X13-ARIMA-SEATS, JDemetra+ 2.2.4), discrete quarter, as published; quarterly national accounts vintage -- see metadata"
2011-10-01,national,GDP,Валовой внутренний продукт,7873518.63903839,"seasonally and calendar adjusted (X13-ARIMA-SEATS, JDemetra+ 2.2.4), discrete quarter, as published; quarterly national accounts vintage -- see metadata"
2012-01-01,national,GDP,Валовой внутренний продукт,7862394.927501938,"seasonally and calendar adjusted (X13-ARIMA-SEATS, JDemetra+ 2.2.4), discrete quarter, as published; quarterly national accounts vintage -- see metadata"
2012-04-01,national,GDP,Валовой внутренний продукт,8076988.234165065,"seasonally and calendar adjusted (X13-ARIMA-SEATS, JDemetra+ 2.2.4), discrete quarter, as published; quarterly national accounts vintage -- see metadata"
2012-07-01,national,GDP,Валовой внутренний продукт,8220450.532108924,"seasonally and calendar adjusted (X13-ARIMA-SEATS, JDemetra+ 2.2.4), discrete quarter, as published; quarterly national accounts vintage -- see metadata"
2012-10-01,national,GDP,Валовой внутренний продукт,8597121.230260456,"seasonally and calendar adjusted (X13-ARIMA-SEATS, JDemetra+ 2.2.4), discrete quarter, as published; quarterly national accounts vintage -- see metadata"
2013-01-01,national,GDP,Валовой внутренний продукт,8974812.167322801,"seasonally and calendar adjusted (X13-ARIMA-SEATS, JDemetra+ 2.2.4), discrete quarter, as published; quarterly national accounts vintage -- see metadata"
2013-04-01,national,GDP,Валовой внутренний продукт,9112456.868315198,"seasonally and calendar adjusted (X13-ARIMA-SEATS, JDemetra+ 2.2.4), discrete quarter, as published; quarterly national accounts vintage -- see metadata"
2013-07-01,national,GDP,Валовой внутренний продукт,9486753.248289885,"seasonally and calendar adjusted (X13-ARIMA-SEATS, JDemetra+ 2.2.4), discrete quarter, as published; quarterly national accounts vintage -- see metadata"
2013-10-01,national,GDP,Валовой внутренний продукт,9577613.58580493,"seasonally and calendar adjusted (X13-ARIMA-SEATS, JDemetra+ 2.2.4), discrete quarter, as published; quarterly national accounts vintage -- see metadata"
2014-01-01,national,GDP,Валовой внутренний продукт,9748605.126139944,"seasonally and calendar adjusted (X13-ARIMA-SEATS, JDemetra+ 2.2.4), discrete quarter, as published; quarterly national accounts vintage -- see metadata"
2014-04-01,national,GDP,Валовой внутренний продукт,10269370.149900237,"seasonally and calendar adjusted (X13-ARIMA-SEATS, JDemetra+ 2.2.4), discrete quarter, as published; quarterly national accounts vintage -- see metadata"
2014-07-01,national,GDP,Валовой внутренний продукт,10417870.51481376,"seasonally and calendar adjusted (X13-ARIMA-SEATS, JDemetra+ 2.2.4), discrete quarter, as published; quarterly national accounts vintage -- see metadata"
2014-10-01,national,GDP,Валовой внутренний продукт,10389931.836650224,"seasonally and calendar adjusted (X13-ARIMA-SEATS, JDemetra+ 2.2.4), discrete quarter, as published; quarterly national accounts vintage -- see metadata"
2015-01-01,national,GDP,Валовой внутренний продукт,9778486.087837499,"seasonally and calendar adjusted (X13-ARIMA-SEATS, JDemetra+ 2.2.4), discrete quarter, as published; quarterly national accounts vintage -- see metadata"
2015-04-01,national,GDP,Валовой внутренний продукт,10342155.910087565,"seasonally and calendar adjusted (X13-ARIMA-SEATS, JDemetra+ 2.2.4), discrete quarter, as published; quarterly national accounts vintage -- see metadata"
2015-07-01,national,GDP,Валовой внутренний продукт,10522449.429624809,"seasonally and calendar adjusted (X13-ARIMA-SEATS, JDemetra+ 2.2.4), discrete quarter, as published; quarterly national accounts vintage -- see metadata"
2015-10-01,national,GDP,Валовой внутренний продукт,10807850.16512369,"seasonally and calendar adjusted (X13-ARIMA-SEATS, JDemetra+ 2.2.4), discrete quarter, as published; quarterly national accounts vintage -- see metadata"
2016-01-01,national,GDP,Валовой внутренний продукт,11287129.976512052,"seasonally and calendar adjusted (X13-ARIMA-SEATS, JDemetra+ 2.2.4), discrete quarter, as published; quarterly national accounts vintage -- see metadata"
2016-04-01,national,GDP,Валовой внутренний продукт,11544040.031426543,"seasonally and calendar adjusted (X13-ARIMA-SEATS, JDemetra+ 2.2.4), discrete quarter, as published; quarterly national accounts vintage -- see metadata"
2016-07-01,national,GDP,Валовой внутренний продукт,11789702.176323663,"seasonally and calendar adjusted (X13-ARIMA-SEATS, JDemetra+ 2.2.4), discrete quarter, as published; quarterly national accounts vintage -- see metadata"
2016-10-01,national,GDP,Валовой внутренний продукт,12307958.523193687,"seasonally and calendar adjusted (X13-ARIMA-SEATS, JDemetra+ 2.2.4), discrete quarter, as published; quarterly national accounts vintage -- see metadata"
2017-01-01,national,GDP,Валовой внутренний продукт,12709057.692274297,"seasonally and calendar adjusted (X13-ARIMA-SEATS, JDemetra+ 2.2.4), discrete quarter, as published; quarterly national accounts vintage -- see metadata"
2017-04-01,national,GDP,Валовой внутренний продукт,12749346.663669925,"seasonally and calendar adjusted (X13-ARIMA-SEATS, JDemetra+ 2.2.4), discrete quarter, as published; quarterly national accounts vintage -- see metadata"
2017-07-01,national,GDP,Валовой внутренний продукт,13393955.864315901,"seasonally and calendar adjusted (X13-ARIMA-SEATS, JDemetra+ 2.2.4), discrete quarter, as published; quarterly national accounts vintage -- see metadata"
2017-10-01,national,GDP,Валовой внутренний продукт,13954642.606904468,"seasonally and calendar adjusted (X13-ARIMA-SEATS, JDemetra+ 2.2.4), discrete quarter, as published; quarterly national accounts vintage -- see metadata"
2018-01-01,national,GDP,Валовой внутренний продукт,14095675.057425527,"seasonally and calendar adjusted (X13-ARIMA-SEATS, JDemetra+ 2.2.4), discrete quarter, as published; quarterly national accounts vintage -- see metadata"
2018-04-01,national,GDP,Валовой внутренний продукт,14984306.736459816,"seasonally and calendar adjusted (X13-ARIMA-SEATS, JDemetra+ 2.2.4), discrete quarter, as published; quarterly national accounts vintage -- see metadata"
2018-07-01,national,GDP,Валовой внутренний продукт,15363632.961713044,"seasonally and calendar adjusted (X13-ARIMA-SEATS, JDemetra+ 2.2.4), discrete quarter, as published; quarterly national accounts vintage -- see metadata"
2018-10-01,national,GDP,Валовой внутренний продукт,15466881.57110752,"seasonally and calendar adjusted (X13-ARIMA-SEATS, JDemetra+ 2.2.4), discrete quarter, as published; quarterly national accounts vintage -- see metadata"
2019-01-01,national,GDP,Валовой внутренний продукт,16060071.741507541,"seasonally and calendar adjusted (X13-ARIMA-SEATS, JDemetra+ 2.2.4), discrete quarter, as published; quarterly national accounts vintage -- see metadata"
2019-04-01,national,GDP,Валовой внутренний продукт,16842111.35166383,"seasonally and calendar adjusted (X13-ARIMA-SEATS, JDemetra+ 2.2.4), discrete quarter, as published; quarterly national accounts vintage -- see metadata"
2019-07-01,national,GDP,Валовой внутренний продукт,17113002.691937216,"seasonally and calendar adjusted (X13-ARIMA-SEATS, JDemetra+ 2.2.4), discrete quarter, as published; quarterly national accounts vintage -- see metadata"
2019-10-01,national,GDP,Валовой внутренний продукт,17340503.355921447,"seasonally and calendar adjusted (X13-ARIMA-SEATS, JDemetra+ 2.2.4), discrete quarter, as published; quarterly national accounts vintage -- see metadata"
2020-01-01,national,GDP,Валовой внутренний продукт,17285318.40619363,"seasonally and calendar adjusted (X13-ARIMA-SEATS, JDemetra+ 2.2.4), discrete quarter, as published; quarterly national accounts vintage -- see metadata"
2020-04-01,national,GDP,Валовой внутренний продукт,15606429.759938234,"seasonally and calendar adjusted (X13-ARIMA-SEATS, JDemetra+ 2.2.4), discrete quarter, as published; quarterly national accounts vintage -- see metadata"
2020-07-01,national,GDP,Валовой внутренний продукт,17594382.60393305,"seasonally and calendar adjusted (X13-ARIMA-SEATS, JDemetra+ 2.2.4), discrete quarter, as published; quarterly national accounts vintage -- see metadata"
2020-10-01,national,GDP,Валовой внутренний продукт,18494143.751878936,"seasonally and calendar adjusted (X13-ARIMA-SEATS, JDemetra+ 2.2.4), discrete quarter, as published; quarterly national accounts vintage -- see metadata"
2021-01-01,national,GDP,Валовой внутренний продукт,19412012.79072488,"seasonally and calendar adjusted (X13-ARIMA-SEATS, JDemetra+ 2.2.4), discrete quarter, as published; quarterly national accounts vintage -- see metadata"
2021-04-01,national,GDP,Валовой внутренний продукт,20609874.82149706,"seasonally and calendar adjusted (X13-ARIMA-SEATS, JDemetra+ 2.2.4), discrete quarter, as published; quarterly national accounts vintage -- see metadata"
2021-07-01,national,GDP,Валовой внутренний продукт,21037855.82186463,"seasonally and calendar adjusted (X13-ARIMA-SEATS, JDemetra+ 2.2.4), discrete quarter, as published; quarterly national accounts vintage -- see metadata"
2021-10-01,national,GDP,Валовой внутренний продукт,21307036.486883454,"seasonally and calendar adjusted (X13-ARIMA-SEATS, JDemetra+ 2.2.4), discrete quarter, as published; quarterly national accounts vintage -- see metadata"
2022-01-01,national,GDP,Валовой внутренний продукт,25162653.287445415,"seasonally and calendar adjusted (X13-ARIMA-SEATS, JDemetra+ 2.2.4), discrete quarter, as published; quarterly national accounts vintage -- see metadata"
2022-04-01,national,GDP,Валовой внутренний продукт,25018473.438370127,"seasonally and calendar adjusted (X13-ARIMA-SEATS, JDemetra+ 2.2.4), discrete quarter, as published; quarterly national accounts vintage -- see metadata"
2022-07-01,national,GDP,Валовой внутренний продукт,25768965.618388776,"seasonally and calendar adjusted (X13-ARIMA-SEATS, JDemetra+ 2.2.4), discrete quarter, as published; quarterly national accounts vintage -- see metadata"
2022-10-01,national,GDP,Валовой внутренний продукт,26001587.76664913,"seasonally and calendar adjusted (X13-ARIMA-SEATS, JDemetra+ 2.2.4), discrete quarter, as published; quarterly national accounts vintage -- see metadata"
2023-01-01,national,GDP,Валовой внутренний продукт,28473522.745938566,"seasonally and calendar adjusted (X13-ARIMA-SEATS, JDemetra+ 2.2.4), discrete quarter, as published; quarterly national accounts vintage -- see metadata"
2023-04-01,national,GDP,Валовой внутренний продукт,29412182.98528128,"seasonally and calendar adjusted (X13-ARIMA-SEATS, JDemetra+ 2.2.4), discrete quarter, as published; quarterly national accounts vintage -- see metadata"
2023-07-01,national,GDP,Валовой внутренний продукт,30177505.360887267,"seasonally and calendar adjusted (X13-ARIMA-SEATS, JDemetra+ 2.2.4), discrete quarter, as published; quarterly national accounts vintage -- see metadata"
2023-10-01,national,GDP,Валовой внутренний продукт,30948245.413921703,"seasonally and calendar adjusted (X13-ARIMA-SEATS, JDemetra+ 2.2.4), discrete quarter, as published; quarterly national accounts vintage -- see metadata"
2024-01-01,national,GDP,Валовой внутренний продукт,31174218.635941103,"seasonally and calendar adjusted (X13-ARIMA-SEATS, JDemetra+ 2.2.4), discrete quarter, as published; quarterly national accounts vintage -- see metadata"
2024-04-01,national,GDP,Валовой внутренний продукт,32899887.666972123,"seasonally and calendar adjusted (X13-ARIMA-SEATS, JDemetra+ 2.2.4), discrete quarter, as published; quarterly national accounts vintage -- see metadata"
2024-07-01,national,GDP,Валовой внутренний продукт,35358369.663879156,"seasonally and calendar adjusted (X13-ARIMA-SEATS, JDemetra+ 2.2.4), discrete quarter, as published; quarterly national accounts vintage -- see metadata"
2024-10-01,national,GDP,Валовой внутренний продукт,36439762.19452355,"seasonally and calendar adjusted (X13-ARIMA-SEATS, JDemetra+ 2.2.4), discrete quarter, as published; quarterly national accounts vintage -- see metadata"
2025-01-01,national,GDP,Валовой внутренний продукт,36584321.08825177,"seasonally and calendar adjusted (X13-ARIMA-SEATS, JDemetra+ 2.2.4), discrete quarter, as published; quarterly national accounts vintage -- see metadata"
2025-04-01,national,GDP,Валовой внутренний продукт,38528240.589463174,"seasonally and calendar adjusted (X13-ARIMA-SEATS, JDemetra+ 2.2.4), discrete quarter, as published; quarterly national accounts vintage -- see metadata"
2025-07-01,national,GDP,Валовой внутренний продукт,40672178.43130666,"seasonally and calendar adjusted (X13-ARIMA-SEATS, JDemetra+ 2.2.4), discrete quarter, as published; quarterly national accounts vintage -- see metadata"
2025-10-01,national,GDP,Валовой внутренний продукт,42896024.31501605,"seasonally and calendar adjusted (X13-ARIMA-SEATS, JDemetra+ 2.2.4), discrete quarter, as published; quarterly national accounts vintage -- see metadata"
2026-01-01,national,GDP,Валовой внутренний продукт,40651452.87179725,"seasonally and calendar adjusted (X13-ARIMA-SEATS, JDemetra+ 2.2.4), discrete quarter, as published; quarterly national accounts vintage -- see metadata"
2010-01-01,national,GOODS,Производство товаров,2439796.7728409283,"seasonally and calendar adjusted (X13-ARIMA-SEATS, JDemetra+ 2.2.4), discrete quarter, as published; quarterly national accounts vintage -- see metadata"
2010-04-01,national,GOODS,Производство товаров,2575663.511567743,"seasonally and calendar adjusted (X13-ARIMA-SEATS, JDemetra+ 2.2.4), discrete quarter, as published; quarterly national accounts vintage -- see metadata"
2010-07-01,national,GOODS,Производство товаров,2667187.5177724725,"seasonally and calendar adjusted (X13-ARIMA-SEATS, JDemetra+ 2.2.4), discrete quarter, as published; quarterly national accounts vintage -- see metadata"
2010-10-01,national,GOODS,Производство товаров,2695950.871667485,"seasonally and calendar adjusted (X13-ARIMA-SEATS, JDemetra+ 2.2.4), discrete quarter, as published; quarterly national accounts vintage -- see metadata"
2011-01-01,national,GOODS,Производство товаров,3092051.71848951,"seasonally and calendar adjusted (X13-ARIMA-SEATS, JDemetra+ 2.2.4), discrete quarter, as published; quarterly national accounts vintage -- see metadata"
2011-04-01,national,GOODS,Производство товаров,3117265.596416367,"seasonally and calendar adjusted (X13-ARIMA-SEATS, JDemetra+ 2.2.4), discrete quarter, as published; quarterly national accounts vintage -- see metadata"
2011-07-01,national,GOODS,Производство товаров,3165410.6019455525,"seasonally and calendar adjusted (X13-ARIMA-SEATS, JDemetra+ 2.2.4), discrete quarter, as published; quarterly national accounts vintage -- see metadata"
2011-10-01,national,GOODS,Производство товаров,3388543.3876987617,"seasonally and calendar adjusted (X13-ARIMA-SEATS, JDemetra+ 2.2.4), discrete quarter, as published; quarterly national accounts vintage -- see metadata"
2012-01-01,national,GOODS,Производство товаров,3304691.9880480613,"seasonally and calendar adjusted (X13-ARIMA-SEATS, JDemetra+ 2.2.4), discrete quarter, as published; quarterly national accounts vintage -- see metadata"
2012-04-01,national,GOODS,Производство товаров,3296763.395307052,"seasonally and calendar adjusted (X13-ARIMA-SEATS, JDemetra+ 2.2.4), discrete quarter, as published; quarterly national accounts vintage -- see metadata"
2012-07-01,national,GOODS,Производство товаров,3300825.168729309,"seasonally and calendar adjusted (X13-ARIMA-SEATS, JDemetra+ 2.2.4), discrete quarter, as published; quarterly national accounts vintage -- see metadata"
2012-10-01,national,GOODS,Производство товаров,3475454.3879317082,"seasonally and calendar adjusted (X13-ARIMA-SEATS, JDemetra+ 2.2.4), discrete quarter, as published; quarterly national accounts vintage -- see metadata"
2013-01-01,national,GOODS,Производство товаров,3580807.0860298206,"seasonally and calendar adjusted (X13-ARIMA-SEATS, JDemetra+ 2.2.4), discrete quarter, as published; quarterly national accounts vintage -- see metadata"
2013-04-01,national,GOODS,Производство товаров,3405732.532807937,"seasonally and calendar adjusted (X13-ARIMA-SEATS, JDemetra+ 2.2.4), discrete quarter, as published; quarterly national accounts vintage -- see metadata"
2013-07-01,national,GOODS,Производство товаров,3667266.028701473,"seasonally and calendar adjusted (X13-ARIMA-SEATS, JDemetra+ 2.2.4), discrete quarter, as published; quarterly national accounts vintage -- see metadata"
2013-10-01,national,GOODS,Производство товаров,3814986.0883542947,"seasonally and calendar adjusted (X13-ARIMA-SEATS, JDemetra+ 2.2.4), discrete quarter, as published; quarterly national accounts vintage -- see metadata"
2014-01-01,national,GOODS,Производство товаров,3843044.6428898694,"seasonally and calendar adjusted (X13-ARIMA-SEATS, JDemetra+ 2.2.4), discrete quarter, as published; quarterly national accounts vintage -- see metadata"
2014-04-01,national,GOODS,Производство товаров,4075559.943150411,"seasonally and calendar adjusted (X13-ARIMA-SEATS, JDemetra+ 2.2.4), discrete quarter, as published; quarterly national accounts vintage -- see metadata"
2014-07-01,national,GOODS,Производство товаров,4096244.1074389946,"seasonally and calendar adjusted (X13-ARIMA-SEATS, JDemetra+ 2.2.4), discrete quarter, as published; quarterly national accounts vintage -- see metadata"
2014-10-01,national,GOODS,Производство товаров,3835760.349552002,"seasonally and calendar adjusted (X13-ARIMA-SEATS, JDemetra+ 2.2.4), discrete quarter, as published; quarterly national accounts vintage -- see metadata"
2015-01-01,national,GOODS,Производство товаров,3533365.2250162326,"seasonally and calendar adjusted (X13-ARIMA-SEATS, JDemetra+ 2.2.4), discrete quarter, as published; quarterly national accounts vintage -- see metadata"
2015-04-01,national,GOODS,Производство товаров,3754717.919089755,"seasonally and calendar adjusted (X13-ARIMA-SEATS, JDemetra+ 2.2.4), discrete quarter, as published; quarterly national accounts vintage -- see metadata"
2015-07-01,national,GOODS,Производство товаров,3859803.2100074803,"seasonally and calendar adjusted (X13-ARIMA-SEATS, JDemetra+ 2.2.4), discrete quarter, as published; quarterly national accounts vintage -- see metadata"
2015-10-01,national,GOODS,Производство товаров,3912385.1870323247,"seasonally and calendar adjusted (X13-ARIMA-SEATS, JDemetra+ 2.2.4), discrete quarter, as published; quarterly national accounts vintage -- see metadata"
2016-01-01,national,GOODS,Производство товаров,4022398.749415612,"seasonally and calendar adjusted (X13-ARIMA-SEATS, JDemetra+ 2.2.4), discrete quarter, as published; quarterly national accounts vintage -- see metadata"
2016-04-01,national,GOODS,Производство товаров,4280881.8418829385,"seasonally and calendar adjusted (X13-ARIMA-SEATS, JDemetra+ 2.2.4), discrete quarter, as published; quarterly national accounts vintage -- see metadata"
2016-07-01,national,GOODS,Производство товаров,4384462.59058816,"seasonally and calendar adjusted (X13-ARIMA-SEATS, JDemetra+ 2.2.4), discrete quarter, as published; quarterly national accounts vintage -- see metadata"
2016-10-01,national,GOODS,Производство товаров,4612108.856952,"seasonally and calendar adjusted (X13-ARIMA-SEATS, JDemetra+ 2.2.4), discrete quarter, as published; quarterly national accounts vintage -- see metadata"
2017-01-01,national,GOODS,Производство товаров,4818862.032263416,"seasonally and calendar adjusted (X13-ARIMA-SEATS, JDemetra+ 2.2.4), discrete quarter, as published; quarterly national accounts vintage -- see metadata"
2017-04-01,national,GOODS,Производство товаров,4801116.500055516,"seasonally and calendar adjusted (X13-ARIMA-SEATS, JDemetra+ 2.2.4), discrete quarter, as published; quarterly national accounts vintage -- see metadata"
2017-07-01,national,GOODS,Производство товаров,5105619.041917054,"seasonally and calendar adjusted (X13-ARIMA-SEATS, JDemetra+ 2.2.4), discrete quarter, as published; quarterly national accounts vintage -- see metadata"
2017-10-01,national,GOODS,Производство товаров,5243144.693053905,"seasonally and calendar adjusted (X13-ARIMA-SEATS, JDemetra+ 2.2.4), discrete quarter, as published; quarterly national accounts vintage -- see metadata"
2018-01-01,national,GOODS,Производство товаров,5733811.18553175,"seasonally and calendar adjusted (X13-ARIMA-SEATS, JDemetra+ 2.2.4), discrete quarter, as published; quarterly national accounts vintage -- see metadata"
2018-04-01,national,GOODS,Производство товаров,5938795.832059703,"seasonally and calendar adjusted (X13-ARIMA-SEATS, JDemetra+ 2.2.4), discrete quarter, as published; quarterly national accounts vintage -- see metadata"
2018-07-01,national,GOODS,Производство товаров,5859009.682354676,"seasonally and calendar adjusted (X13-ARIMA-SEATS, JDemetra+ 2.2.4), discrete quarter, as published; quarterly national accounts vintage -- see metadata"
2018-10-01,national,GOODS,Производство товаров,5866098.075576195,"seasonally and calendar adjusted (X13-ARIMA-SEATS, JDemetra+ 2.2.4), discrete quarter, as published; quarterly national accounts vintage -- see metadata"
2019-01-01,national,GOODS,Производство товаров,6216946.821827957,"seasonally and calendar adjusted (X13-ARIMA-SEATS, JDemetra+ 2.2.4), discrete quarter, as published; quarterly national accounts vintage -- see metadata"
2019-04-01,national,GOODS,Производство товаров,6605288.730086114,"seasonally and calendar adjusted (X13-ARIMA-SEATS, JDemetra+ 2.2.4), discrete quarter, as published; quarterly national accounts vintage -- see metadata"
2019-07-01,national,GOODS,Производство товаров,6556766.656140454,"seasonally and calendar adjusted (X13-ARIMA-SEATS, JDemetra+ 2.2.4), discrete quarter, as published; quarterly national accounts vintage -- see metadata"
2019-10-01,national,GOODS,Производство товаров,6611324.207024944,"seasonally and calendar adjusted (X13-ARIMA-SEATS, JDemetra+ 2.2.4), discrete quarter, as published; quarterly national accounts vintage -- see metadata"
2020-01-01,national,GOODS,Производство товаров,6470446.04493624,"seasonally and calendar adjusted (X13-ARIMA-SEATS, JDemetra+ 2.2.4), discrete quarter, as published; quarterly national accounts vintage -- see metadata"
2020-04-01,national,GOODS,Производство товаров,6078469.609812549,"seasonally and calendar adjusted (X13-ARIMA-SEATS, JDemetra+ 2.2.4), discrete quarter, as published; quarterly national accounts vintage -- see metadata"
2020-07-01,national,GOODS,Производство товаров,6974202.374798814,"seasonally and calendar adjusted (X13-ARIMA-SEATS, JDemetra+ 2.2.4), discrete quarter, as published; quarterly national accounts vintage -- see metadata"
2020-10-01,national,GOODS,Производство товаров,7458654.1583494395,"seasonally and calendar adjusted (X13-ARIMA-SEATS, JDemetra+ 2.2.4), discrete quarter, as published; quarterly national accounts vintage -- see metadata"
2021-01-01,national,GOODS,Производство товаров,7867678.654353957,"seasonally and calendar adjusted (X13-ARIMA-SEATS, JDemetra+ 2.2.4), discrete quarter, as published; quarterly national accounts vintage -- see metadata"
2021-04-01,national,GOODS,Производство товаров,8514304.611804314,"seasonally and calendar adjusted (X13-ARIMA-SEATS, JDemetra+ 2.2.4), discrete quarter, as published; quarterly national accounts vintage -- see metadata"
2021-07-01,national,GOODS,Производство товаров,8329876.007585499,"seasonally and calendar adjusted (X13-ARIMA-SEATS, JDemetra+ 2.2.4), discrete quarter, as published; quarterly national accounts vintage -- see metadata"
2021-10-01,national,GOODS,Производство товаров,8926621.818405526,"seasonally and calendar adjusted (X13-ARIMA-SEATS, JDemetra+ 2.2.4), discrete quarter, as published; quarterly national accounts vintage -- see metadata"
2022-01-01,national,GOODS,Производство товаров,10559469.5654845,"seasonally and calendar adjusted (X13-ARIMA-SEATS, JDemetra+ 2.2.4), discrete quarter, as published; quarterly national accounts vintage -- see metadata"
2022-04-01,national,GOODS,Производство товаров,10152783.319176346,"seasonally and calendar adjusted (X13-ARIMA-SEATS, JDemetra+ 2.2.4), discrete quarter, as published; quarterly national accounts vintage -- see metadata"
2022-07-01,national,GOODS,Производство товаров,10359673.76091506,"seasonally and calendar adjusted (X13-ARIMA-SEATS, JDemetra+ 2.2.4), discrete quarter, as published; quarterly national accounts vintage -- see metadata"
2022-10-01,national,GOODS,Производство товаров,10091082.931173498,"seasonally and calendar adjusted (X13-ARIMA-SEATS, JDemetra+ 2.2.4), discrete quarter, as published; quarterly national accounts vintage -- see metadata"
2023-01-01,national,GOODS,Производство товаров,10396313.63373345,"seasonally and calendar adjusted (X13-ARIMA-SEATS, JDemetra+ 2.2.4), discrete quarter, as published; quarterly national accounts vintage -- see metadata"
2023-04-01,national,GOODS,Производство товаров,10771932.033159321,"seasonally and calendar adjusted (X13-ARIMA-SEATS, JDemetra+ 2.2.4), discrete quarter, as published; quarterly national accounts vintage -- see metadata"
2023-07-01,national,GOODS,Производство товаров,10827598.34397389,"seasonally and calendar adjusted (X13-ARIMA-SEATS, JDemetra+ 2.2.4), discrete quarter, as published; quarterly national accounts vintage -- see metadata"
2023-10-01,national,GOODS,Производство товаров,11137974.34958685,"seasonally and calendar adjusted (X13-ARIMA-SEATS, JDemetra+ 2.2.4), discrete quarter, as published; quarterly national accounts vintage -- see metadata"
2024-01-01,national,GOODS,Производство товаров,11072398.971705403,"seasonally and calendar adjusted (X13-ARIMA-SEATS, JDemetra+ 2.2.4), discrete quarter, as published; quarterly national accounts vintage -- see metadata"
2024-04-01,national,GOODS,Производство товаров,11843058.337798655,"seasonally and calendar adjusted (X13-ARIMA-SEATS, JDemetra+ 2.2.4), discrete quarter, as published; quarterly national accounts vintage -- see metadata"
2024-07-01,national,GOODS,Производство товаров,12604308.588650186,"seasonally and calendar adjusted (X13-ARIMA-SEATS, JDemetra+ 2.2.4), discrete quarter, as published; quarterly national accounts vintage -- see metadata"
2024-10-01,national,GOODS,Производство товаров,13276909.82679957,"seasonally and calendar adjusted (X13-ARIMA-SEATS, JDemetra+ 2.2.4), discrete quarter, as published; quarterly national accounts vintage -- see metadata"
2025-01-01,national,GOODS,Производство товаров,13583449.836941756,"seasonally and calendar adjusted (X13-ARIMA-SEATS, JDemetra+ 2.2.4), discrete quarter, as published; quarterly national accounts vintage -- see metadata"
2025-04-01,national,GOODS,Производство товаров,14002582.664293846,"seasonally and calendar adjusted (X13-ARIMA-SEATS, JDemetra+ 2.2.4), discrete quarter, as published; quarterly national accounts vintage -- see metadata"
2025-07-01,national,GOODS,Производство товаров,14809892.191873834,"seasonally and calendar adjusted (X13-ARIMA-SEATS, JDemetra+ 2.2.4), discrete quarter, as published; quarterly national accounts vintage -- see metadata"
2025-10-01,national,GOODS,Производство товаров,15319082.29353428,"seasonally and calendar adjusted (X13-ARIMA-SEATS, JDemetra+ 2.2.4), discrete quarter, as published; quarterly national accounts vintage -- see metadata"
2026-01-01,national,GOODS,Производство товаров,14419851.00187825,"seasonally and calendar adjusted (X13-ARIMA-SEATS, JDemetra+ 2.2.4), discrete quarter, as published; quarterly national accounts vintage -- see metadata"
2010-01-01,national,GVA,Валовая добавленная стоимость,5281263.943738895,"seasonally and calendar adjusted (X13-ARIMA-SEATS, JDemetra+ 2.2.4), discrete quarter, as published; quarterly national accounts vintage -- see metadata"
2010-04-01,national,GVA,Валовая добавленная стоимость,5510609.64086608,"seasonally and calendar adjusted (X13-ARIMA-SEATS, JDemetra+ 2.2.4), discrete quarter, as published; quarterly national accounts vintage -- see metadata"
2010-07-01,national,GVA,Валовая добавленная стоимость,5744654.625386734,"seasonally and calendar adjusted (X13-ARIMA-SEATS, JDemetra+ 2.2.4), discrete quarter, as published; quarterly national accounts vintage -- see metadata"
2010-10-01,national,GVA,Валовая добавленная стоимость,5758815.61359063,"seasonally and calendar adjusted (X13-ARIMA-SEATS, JDemetra+ 2.2.4), discrete quarter, as published; quarterly national accounts vintage -- see metadata"
2011-01-01,national,GVA,Валовая добавленная стоимость,6600124.8234922215,"seasonally and calendar adjusted (X13-ARIMA-SEATS, JDemetra+ 2.2.4), discrete quarter, as published; quarterly national accounts vintage -- see metadata"
2011-04-01,national,GVA,Валовая добавленная стоимость,6660866.91336725,"seasonally and calendar adjusted (X13-ARIMA-SEATS, JDemetra+ 2.2.4), discrete quarter, as published; quarterly national accounts vintage -- see metadata"
2011-07-01,national,GVA,Валовая добавленная стоимость,6976294.215501036,"seasonally and calendar adjusted (X13-ARIMA-SEATS, JDemetra+ 2.2.4), discrete quarter, as published; quarterly national accounts vintage -- see metadata"
2011-10-01,national,GVA,Валовая добавленная стоимость,7257519.763909131,"seasonally and calendar adjusted (X13-ARIMA-SEATS, JDemetra+ 2.2.4), discrete quarter, as published; quarterly national accounts vintage -- see metadata"
2012-01-01,national,GVA,Валовая добавленная стоимость,7278769.391062299,"seasonally and calendar adjusted (X13-ARIMA-SEATS, JDemetra+ 2.2.4), discrete quarter, as published; quarterly national accounts vintage -- see metadata"
2012-04-01,national,GVA,Валовая добавленная стоимость,7426651.350250102,"seasonally and calendar adjusted (X13-ARIMA-SEATS, JDemetra+ 2.2.4), discrete quarter, as published; quarterly national accounts vintage -- see metadata"
2012-07-01,national,GVA,Валовая добавленная стоимость,7593052.870336506,"seasonally and calendar adjusted (X13-ARIMA-SEATS, JDemetra+ 2.2.4), discrete quarter, as published; quarterly national accounts vintage -- see metadata"
2012-10-01,national,GVA,Валовая добавленная стоимость,7957591.999057348,"seasonally and calendar adjusted (X13-ARIMA-SEATS, JDemetra+ 2.2.4), discrete quarter, as published; quarterly national accounts vintage -- see metadata"
2013-01-01,national,GVA,Валовая добавленная стоимость,8291889.107647299,"seasonally and calendar adjusted (X13-ARIMA-SEATS, JDemetra+ 2.2.4), discrete quarter, as published; quarterly national accounts vintage -- see metadata"
2013-04-01,national,GVA,Валовая добавленная стоимость,8294551.5734882755,"seasonally and calendar adjusted (X13-ARIMA-SEATS, JDemetra+ 2.2.4), discrete quarter, as published; quarterly national accounts vintage -- see metadata"
2013-07-01,national,GVA,Валовая добавленная стоимость,8731562.85019178,"seasonally and calendar adjusted (X13-ARIMA-SEATS, JDemetra+ 2.2.4), discrete quarter, as published; quarterly national accounts vintage -- see metadata"
2013-10-01,national,GVA,Валовая добавленная стоимость,8745088.053753288,"seasonally and calendar adjusted (X13-ARIMA-SEATS, JDemetra+ 2.2.4), discrete quarter, as published; quarterly national accounts vintage -- see metadata"
2014-01-01,national,GVA,Валовая добавленная стоимость,8995969.474924771,"seasonally and calendar adjusted (X13-ARIMA-SEATS, JDemetra+ 2.2.4), discrete quarter, as published; quarterly national accounts vintage -- see metadata"
2014-04-01,national,GVA,Валовая добавленная стоимость,9538329.524817754,"seasonally and calendar adjusted (X13-ARIMA-SEATS, JDemetra+ 2.2.4), discrete quarter, as published; quarterly national accounts vintage -- see metadata"
2014-07-01,national,GVA,Валовая добавленная стоимость,9627588.106542923,"seasonally and calendar adjusted (X13-ARIMA-SEATS, JDemetra+ 2.2.4), discrete quarter, as published; quarterly national accounts vintage -- see metadata"
2014-10-01,national,GVA,Валовая добавленная стоимость,9640665.172911469,"seasonally and calendar adjusted (X13-ARIMA-SEATS, JDemetra+ 2.2.4), discrete quarter, as published; quarterly national accounts vintage -- see metadata"
2015-01-01,national,GVA,Валовая добавленная стоимость,9366274.701686505,"seasonally and calendar adjusted (X13-ARIMA-SEATS, JDemetra+ 2.2.4), discrete quarter, as published; quarterly national accounts vintage -- see metadata"
2015-04-01,national,GVA,Валовая добавленная стоимость,9867814.292948637,"seasonally and calendar adjusted (X13-ARIMA-SEATS, JDemetra+ 2.2.4), discrete quarter, as published; quarterly national accounts vintage -- see metadata"
2015-07-01,national,GVA,Валовая добавленная стоимость,9935473.529456636,"seasonally and calendar adjusted (X13-ARIMA-SEATS, JDemetra+ 2.2.4), discrete quarter, as published; quarterly national accounts vintage -- see metadata"
2015-10-01,national,GVA,Валовая добавленная стоимость,10133295.18439879,"seasonally and calendar adjusted (X13-ARIMA-SEATS, JDemetra+ 2.2.4), discrete quarter, as published; quarterly national accounts vintage -- see metadata"
2016-01-01,national,GVA,Валовая добавленная стоимость,10667279.15684604,"seasonally and calendar adjusted (X13-ARIMA-SEATS, JDemetra+ 2.2.4), discrete quarter, as published; quarterly national accounts vintage -- see metadata"
2016-04-01,national,GVA,Валовая добавленная стоимость,10856930.194310317,"seasonally and calendar adjusted (X13-ARIMA-SEATS, JDemetra+ 2.2.4), discrete quarter, as published; quarterly national accounts vintage -- see metadata"
2016-07-01,national,GVA,Валовая добавленная стоимость,11069107.995872477,"seasonally and calendar adjusted (X13-ARIMA-SEATS, JDemetra+ 2.2.4), discrete quarter, as published; quarterly national accounts vintage -- see metadata"
2016-10-01,national,GVA,Валовая добавленная стоимость,11619257.554383485,"seasonally and calendar adjusted (X13-ARIMA-SEATS, JDemetra+ 2.2.4), discrete quarter, as published; quarterly national accounts vintage -- see metadata"
2017-01-01,national,GVA,Валовая добавленная стоимость,11937774.661498496,"seasonally and calendar adjusted (X13-ARIMA-SEATS, JDemetra+ 2.2.4), discrete quarter, as published; quarterly national accounts vintage -- see metadata"
2017-04-01,national,GVA,Валовая добавленная стоимость,11918785.780628528,"seasonally and calendar adjusted (X13-ARIMA-SEATS, JDemetra+ 2.2.4), discrete quarter, as published; quarterly national accounts vintage -- see metadata"
2017-07-01,national,GVA,Валовая добавленная стоимость,12670888.73383331,"seasonally and calendar adjusted (X13-ARIMA-SEATS, JDemetra+ 2.2.4), discrete quarter, as published; quarterly national accounts vintage -- see metadata"
2017-10-01,national,GVA,Валовая добавленная стоимость,12993006.855278406,"seasonally and calendar adjusted (X13-ARIMA-SEATS, JDemetra+ 2.2.4), discrete quarter, as published; quarterly national accounts vintage -- see metadata"
2018-01-01,national,GVA,Валовая добавленная стоимость,13198353.335785108,"seasonally and calendar adjusted (X13-ARIMA-SEATS, JDemetra+ 2.2.4), discrete quarter, as published; quarterly national accounts vintage -- see metadata"
2018-04-01,national,GVA,Валовая добавленная стоимость,13900709.573020417,"seasonally and calendar adjusted (X13-ARIMA-SEATS, JDemetra+ 2.2.4), discrete quarter, as published; quarterly national accounts vintage -- see metadata"
2018-07-01,national,GVA,Валовая добавленная стоимость,14257731.28857248,"seasonally and calendar adjusted (X13-ARIMA-SEATS, JDemetra+ 2.2.4), discrete quarter, as published; quarterly national accounts vintage -- see metadata"
2018-10-01,national,GVA,Валовая добавленная стоимость,14385153.608407265,"seasonally and calendar adjusted (X13-ARIMA-SEATS, JDemetra+ 2.2.4), discrete quarter, as published; quarterly national accounts vintage -- see metadata"
2019-01-01,national,GVA,Валовая добавленная стоимость,14919322.17913728,"seasonally and calendar adjusted (X13-ARIMA-SEATS, JDemetra+ 2.2.4), discrete quarter, as published; quarterly national accounts vintage -- see metadata"
2019-04-01,national,GVA,Валовая добавленная стоимость,15549255.449425368,"seasonally and calendar adjusted (X13-ARIMA-SEATS, JDemetra+ 2.2.4), discrete quarter, as published; quarterly national accounts vintage -- see metadata"
2019-07-01,national,GVA,Валовая добавленная стоимость,15868441.689697528,"seasonally and calendar adjusted (X13-ARIMA-SEATS, JDemetra+ 2.2.4), discrete quarter, as published; quarterly national accounts vintage -- see metadata"
2019-10-01,national,GVA,Валовая добавленная стоимость,16102569.282684738,"seasonally and calendar adjusted (X13-ARIMA-SEATS, JDemetra+ 2.2.4), discrete quarter, as published; quarterly national accounts vintage -- see metadata"
2020-01-01,national,GVA,Валовая добавленная стоимость,16175314.553014936,"seasonally and calendar adjusted (X13-ARIMA-SEATS, JDemetra+ 2.2.4), discrete quarter, as published; quarterly national accounts vintage -- see metadata"
2020-04-01,national,GVA,Валовая добавленная стоимость,14844630.860971192,"seasonally and calendar adjusted (X13-ARIMA-SEATS, JDemetra+ 2.2.4), discrete quarter, as published; quarterly national accounts vintage -- see metadata"
2020-07-01,national,GVA,Валовая добавленная стоимость,16581184.876777792,"seasonally and calendar adjusted (X13-ARIMA-SEATS, JDemetra+ 2.2.4), discrete quarter, as published; quarterly national accounts vintage -- see metadata"
2020-10-01,national,GVA,Валовая добавленная стоимость,17465467.776378673,"seasonally and calendar adjusted (X13-ARIMA-SEATS, JDemetra+ 2.2.4), discrete quarter, as published; quarterly national accounts vintage -- see metadata"
2021-01-01,national,GVA,Валовая добавленная стоимость,18484123.85824716,"seasonally and calendar adjusted (X13-ARIMA-SEATS, JDemetra+ 2.2.4), discrete quarter, as published; quarterly national accounts vintage -- see metadata"
2021-04-01,national,GVA,Валовая добавленная стоимость,19091640.132683624,"seasonally and calendar adjusted (X13-ARIMA-SEATS, JDemetra+ 2.2.4), discrete quarter, as published; quarterly national accounts vintage -- see metadata"
2021-07-01,national,GVA,Валовая добавленная стоимость,19656986.359323315,"seasonally and calendar adjusted (X13-ARIMA-SEATS, JDemetra+ 2.2.4), discrete quarter, as published; quarterly national accounts vintage -- see metadata"
2021-10-01,national,GVA,Валовая добавленная стоимость,20180951.748109296,"seasonally and calendar adjusted (X13-ARIMA-SEATS, JDemetra+ 2.2.4), discrete quarter, as published; quarterly national accounts vintage -- see metadata"
2022-01-01,national,GVA,Валовая добавленная стоимость,23329755.522774585,"seasonally and calendar adjusted (X13-ARIMA-SEATS, JDemetra+ 2.2.4), discrete quarter, as published; quarterly national accounts vintage -- see metadata"
2022-04-01,national,GVA,Валовая добавленная стоимость,23084911.699207794,"seasonally and calendar adjusted (X13-ARIMA-SEATS, JDemetra+ 2.2.4), discrete quarter, as published; quarterly national accounts vintage -- see metadata"
2022-07-01,national,GVA,Валовая добавленная стоимость,23769881.878166225,"seasonally and calendar adjusted (X13-ARIMA-SEATS, JDemetra+ 2.2.4), discrete quarter, as published; quarterly national accounts vintage -- see metadata"
2022-10-01,national,GVA,Валовая добавленная стоимость,24210415.349541508,"seasonally and calendar adjusted (X13-ARIMA-SEATS, JDemetra+ 2.2.4), discrete quarter, as published; quarterly national accounts vintage -- see metadata"
2023-01-01,national,GVA,Валовая добавленная стоимость,26194408.21062113,"seasonally and calendar adjusted (X13-ARIMA-SEATS, JDemetra+ 2.2.4), discrete quarter, as published; quarterly national accounts vintage -- see metadata"
2023-04-01,national,GVA,Валовая добавленная стоимость,27222854.04900447,"seasonally and calendar adjusted (X13-ARIMA-SEATS, JDemetra+ 2.2.4), discrete quarter, as published; quarterly national accounts vintage -- see metadata"
2023-07-01,national,GVA,Валовая добавленная стоимость,28009008.590176973,"seasonally and calendar adjusted (X13-ARIMA-SEATS, JDemetra+ 2.2.4), discrete quarter, as published; quarterly national accounts vintage -- see metadata"
2023-10-01,national,GVA,Валовая добавленная стоимость,28661886.04814436,"seasonally and calendar adjusted (X13-ARIMA-SEATS, JDemetra+ 2.2.4), discrete quarter, as published; quarterly national accounts vintage -- see metadata"
2024-01-01,national,GVA,Валовая добавленная стоимость,29275518.601165675,"seasonally and calendar adjusted (X13-ARIMA-SEATS, JDemetra+ 2.2.4), discrete quarter, as published; quarterly national accounts vintage -- see metadata"
2024-04-01,national,GVA,Валовая добавленная стоимость,31005150.204146992,"seasonally and calendar adjusted (X13-ARIMA-SEATS, JDemetra+ 2.2.4), discrete quarter, as published; quarterly national accounts vintage -- see metadata"
2024-07-01,national,GVA,Валовая добавленная стоимость,33200941.600139827,"seasonally and calendar adjusted (X13-ARIMA-SEATS, JDemetra+ 2.2.4), discrete quarter, as published; quarterly national accounts vintage -- see metadata"
2024-10-01,national,GVA,Валовая добавленная стоимость,34027112.69496533,"seasonally and calendar adjusted (X13-ARIMA-SEATS, JDemetra+ 2.2.4), discrete quarter, as published; quarterly national accounts vintage -- see metadata"
2025-01-01,national,GVA,Валовая добавленная стоимость,34785922.69588655,"seasonally and calendar adjusted (X13-ARIMA-SEATS, JDemetra+ 2.2.4), discrete quarter, as published; quarterly national accounts vintage -- see metadata"
2025-04-01,national,GVA,Валовая добавленная стоимость,36254243.69868165,"seasonally and calendar adjusted (X13-ARIMA-SEATS, JDemetra+ 2.2.4), discrete quarter, as published; quarterly national accounts vintage -- see metadata"
2025-07-01,national,GVA,Валовая добавленная стоимость,38440989.86895894,"seasonally and calendar adjusted (X13-ARIMA-SEATS, JDemetra+ 2.2.4), discrete quarter, as published; quarterly national accounts vintage -- see metadata"
2025-10-01,national,GVA,Валовая добавленная стоимость,39842258.14638898,"seasonally and calendar adjusted (X13-ARIMA-SEATS, JDemetra+ 2.2.4), discrete quarter, as published; quarterly national accounts vintage -- see metadata"
2026-01-01,national,GVA,Валовая добавленная стоимость,38431796.79888108,"seasonally and calendar adjusted (X13-ARIMA-SEATS, JDemetra+ 2.2.4), discrete quarter, as published; quarterly national accounts vintage -- see metadata"
2010-01-01,national,H,Транспорт и складирование,367718.49893371685,"seasonally and calendar adjusted (X13-ARIMA-SEATS, JDemetra+ 2.2.4), discrete quarter, as published; quarterly national accounts vintage -- see metadata"
2010-04-01,national,H,Транспорт и складирование,442899.4356240981,"seasonally and calendar adjusted (X13-ARIMA-SEATS, JDemetra+ 2.2.4), discrete quarter, as published; quarterly national accounts vintage -- see metadata"
2010-07-01,national,H,Транспорт и складирование,433077.8235227435,"seasonally and calendar adjusted (X13-ARIMA-SEATS, JDemetra+ 2.2.4), discrete quarter, as published; quarterly national accounts vintage -- see metadata"
2010-10-01,national,H,Транспорт и складирование,385939.8419194414,"seasonally and calendar adjusted (X13-ARIMA-SEATS, JDemetra+ 2.2.4), discrete quarter, as published; quarterly national accounts vintage -- see metadata"
2011-01-01,national,H,Транспорт и складирование,411499.72819430445,"seasonally and calendar adjusted (X13-ARIMA-SEATS, JDemetra+ 2.2.4), discrete quarter, as published; quarterly national accounts vintage -- see metadata"
2011-04-01,national,H,Транспорт и складирование,467714.92474629777,"seasonally and calendar adjusted (X13-ARIMA-SEATS, JDemetra+ 2.2.4), discrete quarter, as published; quarterly national accounts vintage -- see metadata"
2011-07-01,national,H,Транспорт и складирование,461286.598811411,"seasonally and calendar adjusted (X13-ARIMA-SEATS, JDemetra+ 2.2.4), discrete quarter, as published; quarterly national accounts vintage -- see metadata"
2011-10-01,national,H,Транспорт и складирование,452499.1482479869,"seasonally and calendar adjusted (X13-ARIMA-SEATS, JDemetra+ 2.2.4), discrete quarter, as published; quarterly national accounts vintage -- see metadata"
2012-01-01,national,H,Транспорт и складирование,458224.31203886174,"seasonally and calendar adjusted (X13-ARIMA-SEATS, JDemetra+ 2.2.4), discrete quarter, as published; quarterly national accounts vintage -- see metadata"
2012-04-01,national,H,Транспорт и складирование,531637.1198398037,"seasonally and calendar adjusted (X13-ARIMA-SEATS, JDemetra+ 2.2.4), discrete quarter, as published; quarterly national accounts vintage -- see metadata"
2012-07-01,national,H,Транспорт и складирование,514487.2836760544,"seasonally and calendar adjusted (X13-ARIMA-SEATS, JDemetra+ 2.2.4), discrete quarter, as published; quarterly national accounts vintage -- see metadata"
2012-10-01,national,H,Транспорт и складирование,552405.5844452801,"seasonally and calendar adjusted (X13-ARIMA-SEATS, JDemetra+ 2.2.4), discrete quarter, as published; quarterly national accounts vintage -- see metadata"
2013-01-01,national,H,Транспорт и складирование,565486.3284906056,"seasonally and calendar adjusted (X13-ARIMA-SEATS, JDemetra+ 2.2.4), discrete quarter, as published; quarterly national accounts vintage -- see metadata"
2013-04-01,national,H,Транспорт и складирование,624852.1462405302,"seasonally and calendar adjusted (X13-ARIMA-SEATS, JDemetra+ 2.2.4), discrete quarter, as published; quarterly national accounts vintage -- see metadata"
2013-07-01,national,H,Транспорт и складирование,598687.443253813,"seasonally and calendar adjusted (X13-ARIMA-SEATS, JDemetra+ 2.2.4), discrete quarter, as published; quarterly national accounts vintage -- see metadata"
2013-10-01,national,H,Транспорт и складирование,567687.0820150515,"seasonally and calendar adjusted (X13-ARIMA-SEATS, JDemetra+ 2.2.4), discrete quarter, as published; quarterly national accounts vintage -- see metadata"
2014-01-01,national,H,Транспорт и складирование,609640.3609617795,"seasonally and calendar adjusted (X13-ARIMA-SEATS, JDemetra+ 2.2.4), discrete quarter, as published; quarterly national accounts vintage -- see metadata"
2014-04-01,national,H,Транспорт и складирование,679420.2236308184,"seasonally and calendar adjusted (X13-ARIMA-SEATS, JDemetra+ 2.2.4), discrete quarter, as published; quarterly national accounts vintage -- see metadata"
2014-07-01,national,H,Транспорт и складирование,616058.3308231478,"seasonally and calendar adjusted (X13-ARIMA-SEATS, JDemetra+ 2.2.4), discrete quarter, as published; quarterly national accounts vintage -- see metadata"
2014-10-01,national,H,Транспорт и складирование,585237.1845842542,"seasonally and calendar adjusted (X13-ARIMA-SEATS, JDemetra+ 2.2.4), discrete quarter, as published; quarterly national accounts vintage -- see metadata"
2015-01-01,national,H,Транспорт и складирование,650778.1150933104,"seasonally and calendar adjusted (X13-ARIMA-SEATS, JDemetra+ 2.2.4), discrete quarter, as published; quarterly national accounts vintage -- see metadata"
2015-04-01,national,H,Транспорт и складирование,703360.5618893178,"seasonally and calendar adjusted (X13-ARIMA-SEATS, JDemetra+ 2.2.4), discrete quarter, as published; quarterly national accounts vintage -- see metadata"
2015-07-01,national,H,Транспорт и складирование,641175.5412953711,"seasonally and calendar adjusted (X13-ARIMA-SEATS, JDemetra+ 2.2.4), discrete quarter, as published; quarterly national accounts vintage -- see metadata"
2015-10-01,national,H,Транспорт и складирование,623486.4817220006,"seasonally and calendar adjusted (X13-ARIMA-SEATS, JDemetra+ 2.2.4), discrete quarter, as published; quarterly national accounts vintage -- see metadata"
2016-01-01,national,H,Транспорт и складирование,716599.032484888,"seasonally and calendar adjusted (X13-ARIMA-SEATS, JDemetra+ 2.2.4), discrete quarter, as published; quarterly national accounts vintage -- see metadata"
2016-04-01,national,H,Транспорт и складирование,731969.7024764759,"seasonally and calendar adjusted (X13-ARIMA-SEATS, JDemetra+ 2.2.4), discrete quarter, as published; quarterly national accounts vintage -- see metadata"
2016-07-01,national,H,Транспорт и складирование,663425.1855092864,"seasonally and calendar adjusted (X13-ARIMA-SEATS, JDemetra+ 2.2.4), discrete quarter, as published; quarterly national accounts vintage -- see metadata"
2016-10-01,national,H,Транспорт и складирование,659433.6795293494,"seasonally and calendar adjusted (X13-ARIMA-SEATS, JDemetra+ 2.2.4), discrete quarter, as published; quarterly national accounts vintage -- see metadata"
2017-01-01,national,H,Транспорт и складирование,744898.0344649261,"seasonally and calendar adjusted (X13-ARIMA-SEATS, JDemetra+ 2.2.4), discrete quarter, as published; quarterly national accounts vintage -- see metadata"
2017-04-01,national,H,Транспорт и складирование,767805.1931722724,"seasonally and calendar adjusted (X13-ARIMA-SEATS, JDemetra+ 2.2.4), discrete quarter, as published; quarterly national accounts vintage -- see metadata"
2017-07-01,national,H,Транспорт и складирование,747253.7950955234,"seasonally and calendar adjusted (X13-ARIMA-SEATS, JDemetra+ 2.2.4), discrete quarter, as published; quarterly national accounts vintage -- see metadata"
2017-10-01,national,H,Транспорт и складирование,715281.777267278,"seasonally and calendar adjusted (X13-ARIMA-SEATS, JDemetra+ 2.2.4), discrete quarter, as published; quarterly national accounts vintage -- see metadata"
2018-01-01,national,H,Транспорт и складирование,785203.2013495659,"seasonally and calendar adjusted (X13-ARIMA-SEATS, JDemetra+ 2.2.4), discrete quarter, as published; quarterly national accounts vintage -- see metadata"
2018-04-01,national,H,Транспорт и складирование,890614.2259996101,"seasonally and calendar adjusted (X13-ARIMA-SEATS, JDemetra+ 2.2.4), discrete quarter, as published; quarterly national accounts vintage -- see metadata"
2018-07-01,national,H,Транспорт и складирование,823635.9358352951,"seasonally and calendar adjusted (X13-ARIMA-SEATS, JDemetra+ 2.2.4), discrete quarter, as published; quarterly national accounts vintage -- see metadata"
2018-10-01,national,H,Транспорт и складирование,796379.8368155288,"seasonally and calendar adjusted (X13-ARIMA-SEATS, JDemetra+ 2.2.4), discrete quarter, as published; quarterly national accounts vintage -- see metadata"
2019-01-01,national,H,Транспорт и складирование,913651.1431050448,"seasonally and calendar adjusted (X13-ARIMA-SEATS, JDemetra+ 2.2.4), discrete quarter, as published; quarterly national accounts vintage -- see metadata"
2019-04-01,national,H,Транспорт и складирование,944938.1137184099,"seasonally and calendar adjusted (X13-ARIMA-SEATS, JDemetra+ 2.2.4), discrete quarter, as published; quarterly national accounts vintage -- see metadata"
2019-07-01,national,H,Транспорт и складирование,890815.2482083138,"seasonally and calendar adjusted (X13-ARIMA-SEATS, JDemetra+ 2.2.4), discrete quarter, as published; quarterly national accounts vintage -- see metadata"
2019-10-01,national,H,Транспорт и складирование,888372.8949682316,"seasonally and calendar adjusted (X13-ARIMA-SEATS, JDemetra+ 2.2.4), discrete quarter, as published; quarterly national accounts vintage -- see metadata"
2020-01-01,national,H,Транспорт и складирование,897152.1117614681,"seasonally and calendar adjusted (X13-ARIMA-SEATS, JDemetra+ 2.2.4), discrete quarter, as published; quarterly national accounts vintage -- see metadata"
2020-04-01,national,H,Транспорт и складирование,822995.1714828236,"seasonally and calendar adjusted (X13-ARIMA-SEATS, JDemetra+ 2.2.4), discrete quarter, as published; quarterly national accounts vintage -- see metadata"
2020-07-01,national,H,Транспорт и складирование,778410.310282463,"seasonally and calendar adjusted (X13-ARIMA-SEATS, JDemetra+ 2.2.4), discrete quarter, as published; quarterly national accounts vintage -- see metadata"
2020-10-01,national,H,Транспорт и складирование,887150.6064732457,"seasonally and calendar adjusted (X13-ARIMA-SEATS, JDemetra+ 2.2.4), discrete quarter, as published; quarterly national accounts vintage -- see metadata"
2021-01-01,national,H,Транспорт и складирование,1046003.32050538,"seasonally and calendar adjusted (X13-ARIMA-SEATS, JDemetra+ 2.2.4), discrete quarter, as published; quarterly national accounts vintage -- see metadata"
2021-04-01,national,H,Транспорт и складирование,1141613.9015384875,"seasonally and calendar adjusted (X13-ARIMA-SEATS, JDemetra+ 2.2.4), discrete quarter, as published; quarterly national accounts vintage -- see metadata"
2021-07-01,national,H,Транспорт и складирование,995706.1317300517,"seasonally and calendar adjusted (X13-ARIMA-SEATS, JDemetra+ 2.2.4), discrete quarter, as published; quarterly national accounts vintage -- see metadata"
2021-10-01,national,H,Транспорт и складирование,1080257.8462260806,"seasonally and calendar adjusted (X13-ARIMA-SEATS, JDemetra+ 2.2.4), discrete quarter, as published; quarterly national accounts vintage -- see metadata"
2022-01-01,national,H,Транспорт и складирование,1235873.072001852,"seasonally and calendar adjusted (X13-ARIMA-SEATS, JDemetra+ 2.2.4), discrete quarter, as published; quarterly national accounts vintage -- see metadata"
2022-04-01,national,H,Транспорт и складирование,1204639.702878898,"seasonally and calendar adjusted (X13-ARIMA-SEATS, JDemetra+ 2.2.4), discrete quarter, as published; quarterly national accounts vintage -- see metadata"
2022-07-01,national,H,Транспорт и складирование,1249813.1434353578,"seasonally and calendar adjusted (X13-ARIMA-SEATS, JDemetra+ 2.2.4), discrete quarter, as published; quarterly national accounts vintage -- see metadata"
2022-10-01,national,H,Транспорт и складирование,1350138.6816838917,"seasonally and calendar adjusted (X13-ARIMA-SEATS, JDemetra+ 2.2.4), discrete quarter, as published; quarterly national accounts vintage -- see metadata"
2023-01-01,national,H,Транспорт и складирование,1429756.3099352417,"seasonally and calendar adjusted (X13-ARIMA-SEATS, JDemetra+ 2.2.4), discrete quarter, as published; quarterly national accounts vintage -- see metadata"
2023-04-01,national,H,Транспорт и складирование,1683929.7249559786,"seasonally and calendar adjusted (X13-ARIMA-SEATS, JDemetra+ 2.2.4), discrete quarter, as published; quarterly national accounts vintage -- see metadata"
2023-07-01,national,H,Транспорт и складирование,1812814.0473631397,"seasonally and calendar adjusted (X13-ARIMA-SEATS, JDemetra+ 2.2.4), discrete quarter, as published; quarterly national accounts vintage -- see metadata"
2023-10-01,national,H,Транспорт и складирование,1789851.1177456405,"seasonally and calendar adjusted (X13-ARIMA-SEATS, JDemetra+ 2.2.4), discrete quarter, as published; quarterly national accounts vintage -- see metadata"
2024-01-01,national,H,Транспорт и складирование,1802714.1358750681,"seasonally and calendar adjusted (X13-ARIMA-SEATS, JDemetra+ 2.2.4), discrete quarter, as published; quarterly national accounts vintage -- see metadata"
2024-04-01,national,H,Транспорт и складирование,1929438.74983225,"seasonally and calendar adjusted (X13-ARIMA-SEATS, JDemetra+ 2.2.4), discrete quarter, as published; quarterly national accounts vintage -- see metadata"
2024-07-01,national,H,Транспорт и складирование,2047412.4570759388,"seasonally and calendar adjusted (X13-ARIMA-SEATS, JDemetra+ 2.2.4), discrete quarter, as published; quarterly national accounts vintage -- see metadata"
2024-10-01,national,H,Транспорт и складирование,1973191.5572167432,"seasonally and calendar adjusted (X13-ARIMA-SEATS, JDemetra+ 2.2.4), discrete quarter, as published; quarterly national accounts vintage -- see metadata"
2025-01-01,national,H,Транспорт и складирование,2126955.8846051074,"seasonally and calendar adjusted (X13-ARIMA-SEATS, JDemetra+ 2.2.4), discrete quarter, as published; quarterly national accounts vintage -- see metadata"
2025-04-01,national,H,Транспорт и складирование,2307960.549829881,"seasonally and calendar adjusted (X13-ARIMA-SEATS, JDemetra+ 2.2.4), discrete quarter, as published; quarterly national accounts vintage -- see metadata"
2025-07-01,national,H,Транспорт и складирование,2433922.01868845,"seasonally and calendar adjusted (X13-ARIMA-SEATS, JDemetra+ 2.2.4), discrete quarter, as published; quarterly national accounts vintage -- see metadata"
2025-10-01,national,H,Транспорт и складирование,2889018.5468765628,"seasonally and calendar adjusted (X13-ARIMA-SEATS, JDemetra+ 2.2.4), discrete quarter, as published; quarterly national accounts vintage -- see metadata"
2026-01-01,national,H,Транспорт и складирование,2367176.166793254,"seasonally and calendar adjusted (X13-ARIMA-SEATS, JDemetra+ 2.2.4), discrete quarter, as published; quarterly national accounts vintage -- see metadata"
2010-01-01,national,I,Предоставление услуг по проживанию и питанию,49502.581428881545,"seasonally and calendar adjusted (X13-ARIMA-SEATS, JDemetra+ 2.2.4), discrete quarter, as published; quarterly national accounts vintage -- see metadata"
2010-04-01,national,I,Предоставление услуг по проживанию и питанию,55857.011950981585,"seasonally and calendar adjusted (X13-ARIMA-SEATS, JDemetra+ 2.2.4), discrete quarter, as published; quarterly national accounts vintage -- see metadata"
2010-07-01,national,I,Предоставление услуг по проживанию и питанию,60484.22713415789,"seasonally and calendar adjusted (X13-ARIMA-SEATS, JDemetra+ 2.2.4), discrete quarter, as published; quarterly national accounts vintage -- see metadata"
2010-10-01,national,I,Предоставление услуг по проживанию и питанию,54254.88358222894,"seasonally and calendar adjusted (X13-ARIMA-SEATS, JDemetra+ 2.2.4), discrete quarter, as published; quarterly national accounts vintage -- see metadata"
2011-01-01,national,I,Предоставление услуг по проживанию и питанию,67903.19767578878,"seasonally and calendar adjusted (X13-ARIMA-SEATS, JDemetra+ 2.2.4), discrete quarter, as published; quarterly national accounts vintage -- see metadata"
2011-04-01,national,I,Предоставление услуг по проживанию и питанию,67006.94343903757,"seasonally and calendar adjusted (X13-ARIMA-SEATS, JDemetra+ 2.2.4), discrete quarter, as published; quarterly national accounts vintage -- see metadata"
2011-07-01,national,I,Предоставление услуг по проживанию и питанию,69588.06806176023,"seasonally and calendar adjusted (X13-ARIMA-SEATS, JDemetra+ 2.2.4), discrete quarter, as published; quarterly national accounts vintage -- see metadata"
2011-10-01,national,I,Предоставление услуг по проживанию и питанию,70666.37393885654,"seasonally and calendar adjusted (X13-ARIMA-SEATS, JDemetra+ 2.2.4), discrete quarter, as published; quarterly national accounts vintage -- see metadata"
2012-01-01,national,I,Предоставление услуг по проживанию и питанию,75772.98005061808,"seasonally and calendar adjusted (X13-ARIMA-SEATS, JDemetra+ 2.2.4), discrete quarter, as published; quarterly national accounts vintage -- see metadata"
2012-04-01,national,I,Предоставление услуг по проживанию и питанию,77554.67939057946,"seasonally and calendar adjusted (X13-ARIMA-SEATS, JDemetra+ 2.2.4), discrete quarter, as published; quarterly national accounts vintage -- see metadata"
2012-07-01,national,I,Предоставление услуг по проживанию и питанию,76627.43548564655,"seasonally and calendar adjusted (X13-ARIMA-SEATS, JDemetra+ 2.2.4), discrete quarter, as published; quarterly national accounts vintage -- see metadata"
2012-10-01,national,I,Предоставление услуг по проживанию и питанию,85176.49699179515,"seasonally and calendar adjusted (X13-ARIMA-SEATS, JDemetra+ 2.2.4), discrete quarter, as published; quarterly national accounts vintage -- see metadata"
2013-01-01,national,I,Предоставление услуг по проживанию и питанию,80453.06073206842,"seasonally and calendar adjusted (X13-ARIMA-SEATS, JDemetra+ 2.2.4), discrete quarter, as published; quarterly national accounts vintage -- see metadata"
2013-04-01,national,I,Предоставление услуг по проживанию и питанию,85346.95318656275,"seasonally and calendar adjusted (X13-ARIMA-SEATS, JDemetra+ 2.2.4), discrete quarter, as published; quarterly national accounts vintage -- see metadata"
2013-07-01,national,I,Предоставление услуг по проживанию и питанию,88849.29708068227,"seasonally and calendar adjusted (X13-ARIMA-SEATS, JDemetra+ 2.2.4), discrete quarter, as published; quarterly national accounts vintage -- see metadata"
2013-10-01,national,I,Предоставление услуг по проживанию и питанию,89397.3895198512,"seasonally and calendar adjusted (X13-ARIMA-SEATS, JDemetra+ 2.2.4), discrete quarter, as published; quarterly national accounts vintage -- see metadata"
2014-01-01,national,I,Предоставление услуг по проживанию и питанию,81998.57617440862,"seasonally and calendar adjusted (X13-ARIMA-SEATS, JDemetra+ 2.2.4), discrete quarter, as published; quarterly national accounts vintage -- see metadata"
2014-04-01,national,I,Предоставление услуг по проживанию и питанию,92250.67850011784,"seasonally and calendar adjusted (X13-ARIMA-SEATS, JDemetra+ 2.2.4), discrete quarter, as published; quarterly national accounts vintage -- see metadata"
2014-07-01,national,I,Предоставление услуг по проживанию и питанию,107849.17702906906,"seasonally and calendar adjusted (X13-ARIMA-SEATS, JDemetra+ 2.2.4), discrete quarter, as published; quarterly national accounts vintage -- see metadata"
2014-10-01,national,I,Предоставление услуг по проживанию и питанию,109655.81444204353,"seasonally and calendar adjusted (X13-ARIMA-SEATS, JDemetra+ 2.2.4), discrete quarter, as published; quarterly national accounts vintage -- see metadata"
2015-01-01,national,I,Предоставление услуг по проживанию и питанию,144459.9491623537,"seasonally and calendar adjusted (X13-ARIMA-SEATS, JDemetra+ 2.2.4), discrete quarter, as published; quarterly national accounts vintage -- see metadata"
2015-04-01,national,I,Предоставление услуг по проживанию и питанию,119370.94188656234,"seasonally and calendar adjusted (X13-ARIMA-SEATS, JDemetra+ 2.2.4), discrete quarter, as published; quarterly national accounts vintage -- see metadata"
2015-07-01,national,I,Предоставление услуг по проживанию и питанию,118927.51949082516,"seasonally and calendar adjusted (X13-ARIMA-SEATS, JDemetra+ 2.2.4), discrete quarter, as published; quarterly national accounts vintage -- see metadata"
2015-10-01,national,I,Предоставление услуг по проживанию и питанию,70074.6397916146,"seasonally and calendar adjusted (X13-ARIMA-SEATS, JDemetra+ 2.2.4), discrete quarter, as published; quarterly national accounts vintage -- see metadata"
2016-01-01,national,I,Предоставление услуг по проживанию и питанию,168853.9155861423,"seasonally and calendar adjusted (X13-ARIMA-SEATS, JDemetra+ 2.2.4), discrete quarter, as published; quarterly national accounts vintage -- see metadata"
2016-04-01,national,I,Предоставление услуг по проживанию и питанию,163902.3175681286,"seasonally and calendar adjusted (X13-ARIMA-SEATS, JDemetra+ 2.2.4), discrete quarter, as published; quarterly national accounts vintage -- see metadata"
2016-07-01,national,I,Предоставление услуг по проживанию и питанию,106937.39040404072,"seasonally and calendar adjusted (X13-ARIMA-SEATS, JDemetra+ 2.2.4), discrete quarter, as published; quarterly national accounts vintage -- see metadata"
2016-10-01,national,I,Предоставление услуг по проживанию и питанию,122649.0977798034,"seasonally and calendar adjusted (X13-ARIMA-SEATS, JDemetra+ 2.2.4), discrete quarter, as published; quarterly national accounts vintage -- see metadata"
2017-01-01,national,I,Предоставление услуг по проживанию и питанию,123382.76048624766,"seasonally and calendar adjusted (X13-ARIMA-SEATS, JDemetra+ 2.2.4), discrete quarter, as published; quarterly national accounts vintage -- see metadata"
2017-04-01,national,I,Предоставление услуг по проживанию и питанию,153550.988917964,"seasonally and calendar adjusted (X13-ARIMA-SEATS, JDemetra+ 2.2.4), discrete quarter, as published; quarterly national accounts vintage -- see metadata"
2017-07-01,national,I,Предоставление услуг по проживанию и питанию,175202.54086780202,"seasonally and calendar adjusted (X13-ARIMA-SEATS, JDemetra+ 2.2.4), discrete quarter, as published; quarterly national accounts vintage -- see metadata"
2017-10-01,national,I,Предоставление услуг по проживанию и питанию,180947.6258150306,"seasonally and calendar adjusted (X13-ARIMA-SEATS, JDemetra+ 2.2.4), discrete quarter, as published; quarterly national accounts vintage -- see metadata"
2018-01-01,national,I,Предоставление услуг по проживанию и питанию,128664.74885446734,"seasonally and calendar adjusted (X13-ARIMA-SEATS, JDemetra+ 2.2.4), discrete quarter, as published; quarterly national accounts vintage -- see metadata"
2018-04-01,national,I,Предоставление услуг по проживанию и питанию,177592.0329954089,"seasonally and calendar adjusted (X13-ARIMA-SEATS, JDemetra+ 2.2.4), discrete quarter, as published; quarterly national accounts vintage -- see metadata"
2018-07-01,national,I,Предоставление услуг по проживанию и питанию,191481.3048338805,"seasonally and calendar adjusted (X13-ARIMA-SEATS, JDemetra+ 2.2.4), discrete quarter, as published; quarterly national accounts vintage -- see metadata"
2018-10-01,national,I,Предоставление услуг по проживанию и питанию,192836.85097556098,"seasonally and calendar adjusted (X13-ARIMA-SEATS, JDemetra+ 2.2.4), discrete quarter, as published; quarterly national accounts vintage -- see metadata"
2019-01-01,national,I,Предоставление услуг по проживанию и питанию,175077.88671174645,"seasonally and calendar adjusted (X13-ARIMA-SEATS, JDemetra+ 2.2.4), discrete quarter, as published; quarterly national accounts vintage -- see metadata"
2019-04-01,national,I,Предоставление услуг по проживанию и питанию,200954.21964443504,"seasonally and calendar adjusted (X13-ARIMA-SEATS, JDemetra+ 2.2.4), discrete quarter, as published; quarterly national accounts vintage -- see metadata"
2019-07-01,national,I,Предоставление услуг по проживанию и питанию,214372.179031696,"seasonally and calendar adjusted (X13-ARIMA-SEATS, JDemetra+ 2.2.4), discrete quarter, as published; quarterly national accounts vintage -- see metadata"
2019-10-01,national,I,Предоставление услуг по проживанию и питанию,198124.80935749973,"seasonally and calendar adjusted (X13-ARIMA-SEATS, JDemetra+ 2.2.4), discrete quarter, as published; quarterly national accounts vintage -- see metadata"
2020-01-01,national,I,Предоставление услуг по проживанию и питанию,185054.9294662057,"seasonally and calendar adjusted (X13-ARIMA-SEATS, JDemetra+ 2.2.4), discrete quarter, as published; quarterly national accounts vintage -- see metadata"
2020-04-01,national,I,Предоставление услуг по проживанию и питанию,161204.88846147538,"seasonally and calendar adjusted (X13-ARIMA-SEATS, JDemetra+ 2.2.4), discrete quarter, as published; quarterly national accounts vintage -- see metadata"
2020-07-01,national,I,Предоставление услуг по проживанию и питанию,179541.6322916819,"seasonally and calendar adjusted (X13-ARIMA-SEATS, JDemetra+ 2.2.4), discrete quarter, as published; quarterly national accounts vintage -- see metadata"
2020-10-01,national,I,Предоставление услуг по проживанию и питанию,194353.51770308346,"seasonally and calendar adjusted (X13-ARIMA-SEATS, JDemetra+ 2.2.4), discrete quarter, as published; quarterly national accounts vintage -- see metadata"
2021-01-01,national,I,Предоставление услуг по проживанию и питанию,199891.34460307952,"seasonally and calendar adjusted (X13-ARIMA-SEATS, JDemetra+ 2.2.4), discrete quarter, as published; quarterly national accounts vintage -- see metadata"
2021-04-01,national,I,Предоставление услуг по проживанию и питанию,193451.8051365974,"seasonally and calendar adjusted (X13-ARIMA-SEATS, JDemetra+ 2.2.4), discrete quarter, as published; quarterly national accounts vintage -- see metadata"
2021-07-01,national,I,Предоставление услуг по проживанию и питанию,214559.39140422083,"seasonally and calendar adjusted (X13-ARIMA-SEATS, JDemetra+ 2.2.4), discrete quarter, as published; quarterly national accounts vintage -- see metadata"
2021-10-01,national,I,Предоставление услуг по проживанию и питанию,203969.36607874293,"seasonally and calendar adjusted (X13-ARIMA-SEATS, JDemetra+ 2.2.4), discrete quarter, as published; quarterly national accounts vintage -- see metadata"
2022-01-01,national,I,Предоставление услуг по проживанию и питанию,288868.4754102477,"seasonally and calendar adjusted (X13-ARIMA-SEATS, JDemetra+ 2.2.4), discrete quarter, as published; quarterly national accounts vintage -- see metadata"
2022-04-01,national,I,Предоставление услуг по проживанию и питанию,248743.53928562958,"seasonally and calendar adjusted (X13-ARIMA-SEATS, JDemetra+ 2.2.4), discrete quarter, as published; quarterly national accounts vintage -- see metadata"
2022-07-01,national,I,Предоставление услуг по проживанию и питанию,250093.8258661565,"seasonally and calendar adjusted (X13-ARIMA-SEATS, JDemetra+ 2.2.4), discrete quarter, as published; quarterly national accounts vintage -- see metadata"
2022-10-01,national,I,Предоставление услуг по проживанию и питанию,267874.5290291182,"seasonally and calendar adjusted (X13-ARIMA-SEATS, JDemetra+ 2.2.4), discrete quarter, as published; quarterly national accounts vintage -- see metadata"
2023-01-01,national,I,Предоставление услуг по проживанию и питанию,315328.67055317,"seasonally and calendar adjusted (X13-ARIMA-SEATS, JDemetra+ 2.2.4), discrete quarter, as published; quarterly national accounts vintage -- see metadata"
2023-04-01,national,I,Предоставление услуг по проживанию и питанию,328253.1801486868,"seasonally and calendar adjusted (X13-ARIMA-SEATS, JDemetra+ 2.2.4), discrete quarter, as published; quarterly national accounts vintage -- see metadata"
2023-07-01,national,I,Предоставление услуг по проживанию и питанию,329536.632722076,"seasonally and calendar adjusted (X13-ARIMA-SEATS, JDemetra+ 2.2.4), discrete quarter, as published; quarterly national accounts vintage -- see metadata"
2023-10-01,national,I,Предоставление услуг по проживанию и питанию,330500.30313815374,"seasonally and calendar adjusted (X13-ARIMA-SEATS, JDemetra+ 2.2.4), discrete quarter, as published; quarterly national accounts vintage -- see metadata"
2024-01-01,national,I,Предоставление услуг по проживанию и питанию,363319.4605756919,"seasonally and calendar adjusted (X13-ARIMA-SEATS, JDemetra+ 2.2.4), discrete quarter, as published; quarterly national accounts vintage -- see metadata"
2024-04-01,national,I,Предоставление услуг по проживанию и питанию,394398.11115207884,"seasonally and calendar adjusted (X13-ARIMA-SEATS, JDemetra+ 2.2.4), discrete quarter, as published; quarterly national accounts vintage -- see metadata"
2024-07-01,national,I,Предоставление услуг по проживанию и питанию,405263.2705191748,"seasonally and calendar adjusted (X13-ARIMA-SEATS, JDemetra+ 2.2.4), discrete quarter, as published; quarterly national accounts vintage -- see metadata"
2024-10-01,national,I,Предоставление услуг по проживанию и питанию,409450.83485376963,"seasonally and calendar adjusted (X13-ARIMA-SEATS, JDemetra+ 2.2.4), discrete quarter, as published; quarterly national accounts vintage -- see metadata"
2025-01-01,national,I,Предоставление услуг по проживанию и питанию,376948.15970299306,"seasonally and calendar adjusted (X13-ARIMA-SEATS, JDemetra+ 2.2.4), discrete quarter, as published; quarterly national accounts vintage -- see metadata"
2025-04-01,national,I,Предоставление услуг по проживанию и питанию,453783.94701514224,"seasonally and calendar adjusted (X13-ARIMA-SEATS, JDemetra+ 2.2.4), discrete quarter, as published; quarterly national accounts vintage -- see metadata"
2025-07-01,national,I,Предоставление услуг по проживанию и питанию,480250.7591273236,"seasonally and calendar adjusted (X13-ARIMA-SEATS, JDemetra+ 2.2.4), discrete quarter, as published; quarterly national accounts vintage -- see metadata"
2025-10-01,national,I,Предоставление услуг по проживанию и питанию,488663.52541988995,"seasonally and calendar adjusted (X13-ARIMA-SEATS, JDemetra+ 2.2.4), discrete quarter, as published; quarterly national accounts vintage -- see metadata"
2026-01-01,national,I,Предоставление услуг по проживанию и питанию,467017.2612758948,"seasonally and calendar adjusted (X13-ARIMA-SEATS, JDemetra+ 2.2.4), discrete quarter, as published; quarterly national accounts vintage -- see metadata"
2010-01-01,national,IND,Промышленность,1782342.2338206118,"seasonally and calendar adjusted (X13-ARIMA-SEATS, JDemetra+ 2.2.4), discrete quarter, as published; quarterly national accounts vintage -- see metadata"
2010-04-01,national,IND,Промышленность,1851375.3318751813,"seasonally and calendar adjusted (X13-ARIMA-SEATS, JDemetra+ 2.2.4), discrete quarter, as published; quarterly national accounts vintage -- see metadata"
2010-07-01,national,IND,Промышленность,1972473.9625334127,"seasonally and calendar adjusted (X13-ARIMA-SEATS, JDemetra+ 2.2.4), discrete quarter, as published; quarterly national accounts vintage -- see metadata"
2010-10-01,national,IND,Промышленность,2013313.8186582217,"seasonally and calendar adjusted (X13-ARIMA-SEATS, JDemetra+ 2.2.4), discrete quarter, as published; quarterly national accounts vintage -- see metadata"
2011-01-01,national,IND,Промышленность,2248786.5530614746,"seasonally and calendar adjusted (X13-ARIMA-SEATS, JDemetra+ 2.2.4), discrete quarter, as published; quarterly national accounts vintage -- see metadata"
2011-04-01,national,IND,Промышленность,2298357.9016871927,"seasonally and calendar adjusted (X13-ARIMA-SEATS, JDemetra+ 2.2.4), discrete quarter, as published; quarterly national accounts vintage -- see metadata"
2011-07-01,national,IND,Промышленность,2284351.3857848286,"seasonally and calendar adjusted (X13-ARIMA-SEATS, JDemetra+ 2.2.4), discrete quarter, as published; quarterly national accounts vintage -- see metadata"
2011-10-01,national,IND,Промышленность,2447332.3129854784,"seasonally and calendar adjusted (X13-ARIMA-SEATS, JDemetra+ 2.2.4), discrete quarter, as published; quarterly national accounts vintage -- see metadata"
2012-01-01,national,IND,Промышленность,2406126.0275011994,"seasonally and calendar adjusted (X13-ARIMA-SEATS, JDemetra+ 2.2.4), discrete quarter, as published; quarterly national accounts vintage -- see metadata"
2012-04-01,national,IND,Промышленность,2443259.2482363065,"seasonally and calendar adjusted (X13-ARIMA-SEATS, JDemetra+ 2.2.4), discrete quarter, as published; quarterly national accounts vintage -- see metadata"
2012-07-01,national,IND,Промышленность,2475193.127418659,"seasonally and calendar adjusted (X13-ARIMA-SEATS, JDemetra+ 2.2.4), discrete quarter, as published; quarterly national accounts vintage -- see metadata"
2012-10-01,national,IND,Промышленность,2583981.3381721997,"seasonally and calendar adjusted (X13-ARIMA-SEATS, JDemetra+ 2.2.4), discrete quarter, as published; quarterly national accounts vintage -- see metadata"
2013-01-01,national,IND,Промышленность,2622690.567618353,"seasonally and calendar adjusted (X13-ARIMA-SEATS, JDemetra+ 2.2.4), discrete quarter, as published; quarterly national accounts vintage -- see metadata"
2013-04-01,national,IND,Промышленность,2471548.165632917,"seasonally and calendar adjusted (X13-ARIMA-SEATS, JDemetra+ 2.2.4), discrete quarter, as published; quarterly national accounts vintage -- see metadata"
2013-07-01,national,IND,Промышленность,2654895.4602186265,"seasonally and calendar adjusted (X13-ARIMA-SEATS, JDemetra+ 2.2.4), discrete quarter, as published; quarterly national accounts vintage -- see metadata"
2013-10-01,national,IND,Промышленность,2811227.4925189274,"seasonally and calendar adjusted (X13-ARIMA-SEATS, JDemetra+ 2.2.4), discrete quarter, as published; quarterly national accounts vintage -- see metadata"
2014-01-01,national,IND,Промышленность,2793467.7830353933,"seasonally and calendar adjusted (X13-ARIMA-SEATS, JDemetra+ 2.2.4), discrete quarter, as published; quarterly national accounts vintage -- see metadata"
2014-04-01,national,IND,Промышленность,3008764.1990869963,"seasonally and calendar adjusted (X13-ARIMA-SEATS, JDemetra+ 2.2.4), discrete quarter, as published; quarterly national accounts vintage -- see metadata"
2014-07-01,national,IND,Промышленность,3043621.705264184,"seasonally and calendar adjusted (X13-ARIMA-SEATS, JDemetra+ 2.2.4), discrete quarter, as published; quarterly national accounts vintage -- see metadata"
2014-10-01,national,IND,Промышленность,2765379.352147989,"seasonally and calendar adjusted (X13-ARIMA-SEATS, JDemetra+ 2.2.4), discrete quarter, as published; quarterly national accounts vintage -- see metadata"
2015-01-01,national,IND,Промышленность,2509359.411820097,"seasonally and calendar adjusted (X13-ARIMA-SEATS, JDemetra+ 2.2.4), discrete quarter, as published; quarterly national accounts vintage -- see metadata"
2015-04-01,national,IND,Промышленность,2637048.572255663,"seasonally and calendar adjusted (X13-ARIMA-SEATS, JDemetra+ 2.2.4), discrete quarter, as published; quarterly national accounts vintage -- see metadata"
2015-07-01,national,IND,Промышленность,2661419.722708764,"seasonally and calendar adjusted (X13-ARIMA-SEATS, JDemetra+ 2.2.4), discrete quarter, as published; quarterly national accounts vintage -- see metadata"
2015-10-01,national,IND,Промышленность,2769690.549421864,"seasonally and calendar adjusted (X13-ARIMA-SEATS, JDemetra+ 2.2.4), discrete quarter, as published; quarterly national accounts vintage -- see metadata"
2016-01-01,national,IND,Промышленность,2895013.2135278303,"seasonally and calendar adjusted (X13-ARIMA-SEATS, JDemetra+ 2.2.4), discrete quarter, as published; quarterly national accounts vintage -- see metadata"
2016-04-01,national,IND,Промышленность,3078622.5143665522,"seasonally and calendar adjusted (X13-ARIMA-SEATS, JDemetra+ 2.2.4), discrete quarter, as published; quarterly national accounts vintage -- see metadata"
2016-07-01,national,IND,Промышленность,3137695.058423601,"seasonally and calendar adjusted (X13-ARIMA-SEATS, JDemetra+ 2.2.4), discrete quarter, as published; quarterly national accounts vintage -- see metadata"
2016-10-01,national,IND,Промышленность,3283615.027804143,"seasonally and calendar adjusted (X13-ARIMA-SEATS, JDemetra+ 2.2.4), discrete quarter, as published; quarterly national accounts vintage -- see metadata"
2017-01-01,national,IND,Промышленность,3507515.589023978,"seasonally and calendar adjusted (X13-ARIMA-SEATS, JDemetra+ 2.2.4), discrete quarter, as published; quarterly national accounts vintage -- see metadata"
2017-04-01,national,IND,Промышленность,3480623.5655114306,"seasonally and calendar adjusted (X13-ARIMA-SEATS, JDemetra+ 2.2.4), discrete quarter, as published; quarterly national accounts vintage -- see metadata"
2017-07-01,national,IND,Промышленность,3724899.960541623,"seasonally and calendar adjusted (X13-ARIMA-SEATS, JDemetra+ 2.2.4), discrete quarter, as published; quarterly national accounts vintage -- see metadata"
2017-10-01,national,IND,Промышленность,3917546.7718805787,"seasonally and calendar adjusted (X13-ARIMA-SEATS, JDemetra+ 2.2.4), discrete quarter, as published; quarterly national accounts vintage -- see metadata"
2018-01-01,national,IND,Промышленность,4233012.954551844,"seasonally and calendar adjusted (X13-ARIMA-SEATS, JDemetra+ 2.2.4), discrete quarter, as published; quarterly national accounts vintage -- see metadata"
2018-04-01,national,IND,Промышленность,4448140.674507711,"seasonally and calendar adjusted (X13-ARIMA-SEATS, JDemetra+ 2.2.4), discrete quarter, as published; quarterly national accounts vintage -- see metadata"
2018-07-01,national,IND,Промышленность,4446449.226305355,"seasonally and calendar adjusted (X13-ARIMA-SEATS, JDemetra+ 2.2.4), discrete quarter, as published; quarterly national accounts vintage -- see metadata"
2018-10-01,national,IND,Промышленность,4321847.187147834,"seasonally and calendar adjusted (X13-ARIMA-SEATS, JDemetra+ 2.2.4), discrete quarter, as published; quarterly national accounts vintage -- see metadata"
2019-01-01,national,IND,Промышленность,4548299.790034601,"seasonally and calendar adjusted (X13-ARIMA-SEATS, JDemetra+ 2.2.4), discrete quarter, as published; quarterly national accounts vintage -- see metadata"
2019-04-01,national,IND,Промышленность,4926552.813599205,"seasonally and calendar adjusted (X13-ARIMA-SEATS, JDemetra+ 2.2.4), discrete quarter, as published; quarterly national accounts vintage -- see metadata"
2019-07-01,national,IND,Промышленность,4860323.975731944,"seasonally and calendar adjusted (X13-ARIMA-SEATS, JDemetra+ 2.2.4), discrete quarter, as published; quarterly national accounts vintage -- see metadata"
2019-10-01,national,IND,Промышленность,4837123.66211381,"seasonally and calendar adjusted (X13-ARIMA-SEATS, JDemetra+ 2.2.4), discrete quarter, as published; quarterly national accounts vintage -- see metadata"
2020-01-01,national,IND,Промышленность,4660439.156909892,"seasonally and calendar adjusted (X13-ARIMA-SEATS, JDemetra+ 2.2.4), discrete quarter, as published; quarterly national accounts vintage -- see metadata"
2020-04-01,national,IND,Промышленность,4264283.579326915,"seasonally and calendar adjusted (X13-ARIMA-SEATS, JDemetra+ 2.2.4), discrete quarter, as published; quarterly national accounts vintage -- see metadata"
2020-07-01,national,IND,Промышленность,4758641.335965036,"seasonally and calendar adjusted (X13-ARIMA-SEATS, JDemetra+ 2.2.4), discrete quarter, as published; quarterly national accounts vintage -- see metadata"
2020-10-01,national,IND,Промышленность,5384692.9644399285,"seasonally and calendar adjusted (X13-ARIMA-SEATS, JDemetra+ 2.2.4), discrete quarter, as published; quarterly national accounts vintage -- see metadata"
2021-01-01,national,IND,Промышленность,5727036.792540381,"seasonally and calendar adjusted (X13-ARIMA-SEATS, JDemetra+ 2.2.4), discrete quarter, as published; quarterly national accounts vintage -- see metadata"
2021-04-01,national,IND,Промышленность,6351180.518741401,"seasonally and calendar adjusted (X13-ARIMA-SEATS, JDemetra+ 2.2.4), discrete quarter, as published; quarterly national accounts vintage -- see metadata"
2021-07-01,national,IND,Промышленность,5881116.522081271,"seasonally and calendar adjusted (X13-ARIMA-SEATS, JDemetra+ 2.2.4), discrete quarter, as published; quarterly national accounts vintage -- see metadata"
2021-10-01,national,IND,Промышленность,6834361.191067368,"seasonally and calendar adjusted (X13-ARIMA-SEATS, JDemetra+ 2.2.4), discrete quarter, as published; quarterly national accounts vintage -- see metadata"
2022-01-01,national,IND,Промышленность,7885812.604601224,"seasonally and calendar adjusted (X13-ARIMA-SEATS, JDemetra+ 2.2.4), discrete quarter, as published; quarterly national accounts vintage -- see metadata"
2022-04-01,national,IND,Промышленность,7724598.396529058,"seasonally and calendar adjusted (X13-ARIMA-SEATS, JDemetra+ 2.2.4), discrete quarter, as published; quarterly national accounts vintage -- see metadata"
2022-07-01,national,IND,Промышленность,7608278.072567546,"seasonally and calendar adjusted (X13-ARIMA-SEATS, JDemetra+ 2.2.4), discrete quarter, as published; quarterly national accounts vintage -- see metadata"
2022-10-01,national,IND,Промышленность,7559630.627584735,"seasonally and calendar adjusted (X13-ARIMA-SEATS, JDemetra+ 2.2.4), discrete quarter, as published; quarterly national accounts vintage -- see metadata"
2023-01-01,national,IND,Промышленность,7606914.852418294,"seasonally and calendar adjusted (X13-ARIMA-SEATS, JDemetra+ 2.2.4), discrete quarter, as published; quarterly national accounts vintage -- see metadata"
2023-04-01,national,IND,Промышленность,7976196.450317382,"seasonally and calendar adjusted (X13-ARIMA-SEATS, JDemetra+ 2.2.4), discrete quarter, as published; quarterly national accounts vintage -- see metadata"
2023-07-01,national,IND,Промышленность,8137945.956269299,"seasonally and calendar adjusted (X13-ARIMA-SEATS, JDemetra+ 2.2.4), discrete quarter, as published; quarterly national accounts vintage -- see metadata"
2023-10-01,national,IND,Промышленность,8242096.300777918,"seasonally and calendar adjusted (X13-ARIMA-SEATS, JDemetra+ 2.2.4), discrete quarter, as published; quarterly national accounts vintage -- see metadata"
2024-01-01,national,IND,Промышленность,7984791.841899637,"seasonally and calendar adjusted (X13-ARIMA-SEATS, JDemetra+ 2.2.4), discrete quarter, as published; quarterly national accounts vintage -- see metadata"
2024-04-01,national,IND,Промышленность,8783277.05996246,"seasonally and calendar adjusted (X13-ARIMA-SEATS, JDemetra+ 2.2.4), discrete quarter, as published; quarterly national accounts vintage -- see metadata"
2024-07-01,national,IND,Промышленность,9364673.343940385,"seasonally and calendar adjusted (X13-ARIMA-SEATS, JDemetra+ 2.2.4), discrete quarter, as published; quarterly national accounts vintage -- see metadata"
2024-10-01,national,IND,Промышленность,9540676.430911481,"seasonally and calendar adjusted (X13-ARIMA-SEATS, JDemetra+ 2.2.4), discrete quarter, as published; quarterly national accounts vintage -- see metadata"
2025-01-01,national,IND,Промышленность,9831107.65838716,"seasonally and calendar adjusted (X13-ARIMA-SEATS, JDemetra+ 2.2.4), discrete quarter, as published; quarterly national accounts vintage -- see metadata"
2025-04-01,national,IND,Промышленность,10331789.077704381,"seasonally and calendar adjusted (X13-ARIMA-SEATS, JDemetra+ 2.2.4), discrete quarter, as published; quarterly national accounts vintage -- see metadata"
2025-07-01,national,IND,Промышленность,11174139.639457561,"seasonally and calendar adjusted (X13-ARIMA-SEATS, JDemetra+ 2.2.4), discrete quarter, as published; quarterly national accounts vintage -- see metadata"
2025-10-01,national,IND,Промышленность,10679724.548100617,"seasonally and calendar adjusted (X13-ARIMA-SEATS, JDemetra+ 2.2.4), discrete quarter, as published; quarterly national accounts vintage -- see metadata"
2026-01-01,national,IND,Промышленность,10235794.808535265,"seasonally and calendar adjusted (X13-ARIMA-SEATS, JDemetra+ 2.2.4), discrete quarter, as published; quarterly national accounts vintage -- see metadata"
2010-01-01,national,J,Информация и связь,157361.07454275008,"seasonally and calendar adjusted (X13-ARIMA-SEATS, JDemetra+ 2.2.4), discrete quarter, as published; quarterly national accounts vintage -- see metadata"
2010-04-01,national,J,Информация и связь,166671.50873997193,"seasonally and calendar adjusted (X13-ARIMA-SEATS, JDemetra+ 2.2.4), discrete quarter, as published; quarterly national accounts vintage -- see metadata"
2010-07-01,national,J,Информация и связь,161833.79848577888,"seasonally and calendar adjusted (X13-ARIMA-SEATS, JDemetra+ 2.2.4), discrete quarter, as published; quarterly national accounts vintage -- see metadata"
2010-10-01,national,J,Информация и связь,160205.0405068447,"seasonally and calendar adjusted (X13-ARIMA-SEATS, JDemetra+ 2.2.4), discrete quarter, as published; quarterly national accounts vintage -- see metadata"
2011-01-01,national,J,Информация и связь,169204.75199361375,"seasonally and calendar adjusted (X13-ARIMA-SEATS, JDemetra+ 2.2.4), discrete quarter, as published; quarterly national accounts vintage -- see metadata"
2011-04-01,national,J,Информация и связь,171435.52963228268,"seasonally and calendar adjusted (X13-ARIMA-SEATS, JDemetra+ 2.2.4), discrete quarter, as published; quarterly national accounts vintage -- see metadata"
2011-07-01,national,J,Информация и связь,172887.10314510355,"seasonally and calendar adjusted (X13-ARIMA-SEATS, JDemetra+ 2.2.4), discrete quarter, as published; quarterly national accounts vintage -- see metadata"
2011-10-01,national,J,Информация и связь,175837.0331763307,"seasonally and calendar adjusted (X13-ARIMA-SEATS, JDemetra+ 2.2.4), discrete quarter, as published; quarterly national accounts vintage -- see metadata"
2012-01-01,national,J,Информация и связь,173268.87646614652,"seasonally and calendar adjusted (X13-ARIMA-SEATS, JDemetra+ 2.2.4), discrete quarter, as published; quarterly national accounts vintage -- see metadata"
2012-04-01,national,J,Информация и связь,173330.88654687305,"seasonally and calendar adjusted (X13-ARIMA-SEATS, JDemetra+ 2.2.4), discrete quarter, as published; quarterly national accounts vintage -- see metadata"
2012-07-01,national,J,Информация и связь,186732.08785053852,"seasonally and calendar adjusted (X13-ARIMA-SEATS, JDemetra+ 2.2.4), discrete quarter, as published; quarterly national accounts vintage -- see metadata"
2012-10-01,national,J,Информация и связь,194507.24496546114,"seasonally and calendar adjusted (X13-ARIMA-SEATS, JDemetra+ 2.2.4), discrete quarter, as published; quarterly national accounts vintage -- see metadata"
2013-01-01,national,J,Информация и связь,204974.9338755874,"seasonally and calendar adjusted (X13-ARIMA-SEATS, JDemetra+ 2.2.4), discrete quarter, as published; quarterly national accounts vintage -- see metadata"
2013-04-01,national,J,Информация и связь,219571.31388969434,"seasonally and calendar adjusted (X13-ARIMA-SEATS, JDemetra+ 2.2.4), discrete quarter, as published; quarterly national accounts vintage -- see metadata"
2013-07-01,national,J,Информация и связь,210089.86805324286,"seasonally and calendar adjusted (X13-ARIMA-SEATS, JDemetra+ 2.2.4), discrete quarter, as published; quarterly national accounts vintage -- see metadata"
2013-10-01,national,J,Информация и связь,227329.40087519033,"seasonally and calendar adjusted (X13-ARIMA-SEATS, JDemetra+ 2.2.4), discrete quarter, as published; quarterly national accounts vintage -- see metadata"
2014-01-01,national,J,Информация и связь,236217.10868712055,"seasonally and calendar adjusted (X13-ARIMA-SEATS, JDemetra+ 2.2.4), discrete quarter, as published; quarterly national accounts vintage -- see metadata"
2014-04-01,national,J,Информация и связь,243565.7632311219,"seasonally and calendar adjusted (X13-ARIMA-SEATS, JDemetra+ 2.2.4), discrete quarter, as published; quarterly national accounts vintage -- see metadata"
2014-07-01,national,J,Информация и связь,240064.01757254844,"seasonally and calendar adjusted (X13-ARIMA-SEATS, JDemetra+ 2.2.4), discrete quarter, as published; quarterly national accounts vintage -- see metadata"
2014-10-01,national,J,Информация и связь,232818.584793608,"seasonally and calendar adjusted (X13-ARIMA-SEATS, JDemetra+ 2.2.4), discrete quarter, as published; quarterly national accounts vintage -- see metadata"
2015-01-01,national,J,Информация и связь,240926.6228190247,"seasonally and calendar adjusted (X13-ARIMA-SEATS, JDemetra+ 2.2.4), discrete quarter, as published; quarterly national accounts vintage -- see metadata"
2015-04-01,national,J,Информация и связь,256121.08378732862,"seasonally and calendar adjusted (X13-ARIMA-SEATS, JDemetra+ 2.2.4), discrete quarter, as published; quarterly national accounts vintage -- see metadata"
2015-07-01,national,J,Информация и связь,266201.7436460776,"seasonally and calendar adjusted (X13-ARIMA-SEATS, JDemetra+ 2.2.4), discrete quarter, as published; quarterly national accounts vintage -- see metadata"
2015-10-01,national,J,Информация и связь,255082.62546769078,"seasonally and calendar adjusted (X13-ARIMA-SEATS, JDemetra+ 2.2.4), discrete quarter, as published; quarterly national accounts vintage -- see metadata"
2016-01-01,national,J,Информация и связь,246583.56743699903,"seasonally and calendar adjusted (X13-ARIMA-SEATS, JDemetra+ 2.2.4), discrete quarter, as published; quarterly national accounts vintage -- see metadata"
2016-04-01,national,J,Информация и связь,246849.86152523308,"seasonally and calendar adjusted (X13-ARIMA-SEATS, JDemetra+ 2.2.4), discrete quarter, as published; quarterly national accounts vintage -- see metadata"
2016-07-01,national,J,Информация и связь,241992.60433966387,"seasonally and calendar adjusted (X13-ARIMA-SEATS, JDemetra+ 2.2.4), discrete quarter, as published; quarterly national accounts vintage -- see metadata"
2016-10-01,national,J,Информация и связь,253238.3412712651,"seasonally and calendar adjusted (X13-ARIMA-SEATS, JDemetra+ 2.2.4), discrete quarter, as published; quarterly national accounts vintage -- see metadata"
2017-01-01,national,J,Информация и связь,262112.92510355695,"seasonally and calendar adjusted (X13-ARIMA-SEATS, JDemetra+ 2.2.4), discrete quarter, as published; quarterly national accounts vintage -- see metadata"
2017-04-01,national,J,Информация и связь,262872.24082550954,"seasonally and calendar adjusted (X13-ARIMA-SEATS, JDemetra+ 2.2.4), discrete quarter, as published; quarterly national accounts vintage -- see metadata"
2017-07-01,national,J,Информация и связь,282197.9704673089,"seasonally and calendar adjusted (X13-ARIMA-SEATS, JDemetra+ 2.2.4), discrete quarter, as published; quarterly national accounts vintage -- see metadata"
2017-10-01,national,J,Информация и связь,285365.25129588984,"seasonally and calendar adjusted (X13-ARIMA-SEATS, JDemetra+ 2.2.4), discrete quarter, as published; quarterly national accounts vintage -- see metadata"
2018-01-01,national,J,Информация и связь,283801.7642249345,"seasonally and calendar adjusted (X13-ARIMA-SEATS, JDemetra+ 2.2.4), discrete quarter, as published; quarterly national accounts vintage -- see metadata"
2018-04-01,national,J,Информация и связь,288075.01111250586,"seasonally and calendar adjusted (X13-ARIMA-SEATS, JDemetra+ 2.2.4), discrete quarter, as published; quarterly national accounts vintage -- see metadata"
2018-07-01,national,J,Информация и связь,292604.48060337483,"seasonally and calendar adjusted (X13-ARIMA-SEATS, JDemetra+ 2.2.4), discrete quarter, as published; quarterly national accounts vintage -- see metadata"
2018-10-01,national,J,Информация и связь,313737.930339876,"seasonally and calendar adjusted (X13-ARIMA-SEATS, JDemetra+ 2.2.4), discrete quarter, as published; quarterly national accounts vintage -- see metadata"
2019-01-01,national,J,Информация и связь,316107.66516404395,"seasonally and calendar adjusted (X13-ARIMA-SEATS, JDemetra+ 2.2.4), discrete quarter, as published; quarterly national accounts vintage -- see metadata"
2019-04-01,national,J,Информация и связь,331730.3155267878,"seasonally and calendar adjusted (X13-ARIMA-SEATS, JDemetra+ 2.2.4), discrete quarter, as published; quarterly national accounts vintage -- see metadata"
2019-07-01,national,J,Информация и связь,343548.05675175023,"seasonally and calendar adjusted (X13-ARIMA-SEATS, JDemetra+ 2.2.4), discrete quarter, as published; quarterly national accounts vintage -- see metadata"
2019-10-01,national,J,Информация и связь,352723.32401684124,"seasonally and calendar adjusted (X13-ARIMA-SEATS, JDemetra+ 2.2.4), discrete quarter, as published; quarterly national accounts vintage -- see metadata"
2020-01-01,national,J,Информация и связь,384912.3886811007,"seasonally and calendar adjusted (X13-ARIMA-SEATS, JDemetra+ 2.2.4), discrete quarter, as published; quarterly national accounts vintage -- see metadata"
2020-04-01,national,J,Информация и связь,375093.50265123334,"seasonally and calendar adjusted (X13-ARIMA-SEATS, JDemetra+ 2.2.4), discrete quarter, as published; quarterly national accounts vintage -- see metadata"
2020-07-01,national,J,Информация и связь,407968.59096335893,"seasonally and calendar adjusted (X13-ARIMA-SEATS, JDemetra+ 2.2.4), discrete quarter, as published; quarterly national accounts vintage -- see metadata"
2020-10-01,national,J,Информация и связь,481553.62680777826,"seasonally and calendar adjusted (X13-ARIMA-SEATS, JDemetra+ 2.2.4), discrete quarter, as published; quarterly national accounts vintage -- see metadata"
2021-01-01,national,J,Информация и связь,494358.04458037746,"seasonally and calendar adjusted (X13-ARIMA-SEATS, JDemetra+ 2.2.4), discrete quarter, as published; quarterly national accounts vintage -- see metadata"
2021-04-01,national,J,Информация и связь,514327.55452038645,"seasonally and calendar adjusted (X13-ARIMA-SEATS, JDemetra+ 2.2.4), discrete quarter, as published; quarterly national accounts vintage -- see metadata"
2021-07-01,national,J,Информация и связь,531293.7711425915,"seasonally and calendar adjusted (X13-ARIMA-SEATS, JDemetra+ 2.2.4), discrete quarter, as published; quarterly national accounts vintage -- see metadata"
2021-10-01,national,J,Информация и связь,494195.65426239144,"seasonally and calendar adjusted (X13-ARIMA-SEATS, JDemetra+ 2.2.4), discrete quarter, as published; quarterly national accounts vintage -- see metadata"
2022-01-01,national,J,Информация и связь,509367.4642173744,"seasonally and calendar adjusted (X13-ARIMA-SEATS, JDemetra+ 2.2.4), discrete quarter, as published; quarterly national accounts vintage -- see metadata"
2022-04-01,national,J,Информация и связь,517579.7086429256,"seasonally and calendar adjusted (X13-ARIMA-SEATS, JDemetra+ 2.2.4), discrete quarter, as published; quarterly national accounts vintage -- see metadata"
2022-07-01,national,J,Информация и связь,535905.0647239849,"seasonally and calendar adjusted (X13-ARIMA-SEATS, JDemetra+ 2.2.4), discrete quarter, as published; quarterly national accounts vintage -- see metadata"
2022-10-01,national,J,Информация и связь,552715.7761853647,"seasonally and calendar adjusted (X13-ARIMA-SEATS, JDemetra+ 2.2.4), discrete quarter, as published; quarterly national accounts vintage -- see metadata"
2023-01-01,national,J,Информация и связь,597934.0710980977,"seasonally and calendar adjusted (X13-ARIMA-SEATS, JDemetra+ 2.2.4), discrete quarter, as published; quarterly national accounts vintage -- see metadata"
2023-04-01,national,J,Информация и связь,688482.0978345618,"seasonally and calendar adjusted (X13-ARIMA-SEATS, JDemetra+ 2.2.4), discrete quarter, as published; quarterly national accounts vintage -- see metadata"
2023-07-01,national,J,Информация и связь,659813.0850999804,"seasonally and calendar adjusted (X13-ARIMA-SEATS, JDemetra+ 2.2.4), discrete quarter, as published; quarterly national accounts vintage -- see metadata"
2023-10-01,national,J,Информация и связь,659585.0769546338,"seasonally and calendar adjusted (X13-ARIMA-SEATS, JDemetra+ 2.2.4), discrete quarter, as published; quarterly national accounts vintage -- see metadata"
2024-01-01,national,J,Информация и связь,696348.7588286255,"seasonally and calendar adjusted (X13-ARIMA-SEATS, JDemetra+ 2.2.4), discrete quarter, as published; quarterly national accounts vintage -- see metadata"
2024-04-01,national,J,Информация и связь,720297.436503443,"seasonally and calendar adjusted (X13-ARIMA-SEATS, JDemetra+ 2.2.4), discrete quarter, as published; quarterly national accounts vintage -- see metadata"
2024-07-01,national,J,Информация и связь,741251.9547098939,"seasonally and calendar adjusted (X13-ARIMA-SEATS, JDemetra+ 2.2.4), discrete quarter, as published; quarterly national accounts vintage -- see metadata"
2024-10-01,national,J,Информация и связь,820398.8025680279,"seasonally and calendar adjusted (X13-ARIMA-SEATS, JDemetra+ 2.2.4), discrete quarter, as published; quarterly national accounts vintage -- see metadata"
2025-01-01,national,J,Информация и связь,867970.8779232671,"seasonally and calendar adjusted (X13-ARIMA-SEATS, JDemetra+ 2.2.4), discrete quarter, as published; quarterly national accounts vintage -- see metadata"
2025-04-01,national,J,Информация и связь,884906.6936446097,"seasonally and calendar adjusted (X13-ARIMA-SEATS, JDemetra+ 2.2.4), discrete quarter, as published; quarterly national accounts vintage -- see metadata"
2025-07-01,national,J,Информация и связь,1088953.3498646843,"seasonally and calendar adjusted (X13-ARIMA-SEATS, JDemetra+ 2.2.4), discrete quarter, as published; quarterly national accounts vintage -- see metadata"
2025-10-01,national,J,Информация и связь,1187002.9220438309,"seasonally and calendar adjusted (X13-ARIMA-SEATS, JDemetra+ 2.2.4), discrete quarter, as published; quarterly national accounts vintage -- see metadata"
2026-01-01,national,J,Информация и связь,1195249.3846787873,"seasonally and calendar adjusted (X13-ARIMA-SEATS, JDemetra+ 2.2.4), discrete quarter, as published; quarterly national accounts vintage -- see metadata"
2010-01-01,national,K,Финансовая и страховая деятельность,138974.42692645825,"seasonally and calendar adjusted (X13-ARIMA-SEATS, JDemetra+ 2.2.4), discrete quarter, as published; quarterly national accounts vintage -- see metadata"
2010-04-01,national,K,Финансовая и страховая деятельность,147219.89388413657,"seasonally and calendar adjusted (X13-ARIMA-SEATS, JDemetra+ 2.2.4), discrete quarter, as published; quarterly national accounts vintage -- see metadata"
2010-07-01,national,K,Финансовая и страховая деятельность,145933.97022825913,"seasonally and calendar adjusted (X13-ARIMA-SEATS, JDemetra+ 2.2.4), discrete quarter, as published; quarterly national accounts vintage -- see metadata"
2010-10-01,national,K,Финансовая и страховая деятельность,219512.20896114624,"seasonally and calendar adjusted (X13-ARIMA-SEATS, JDemetra+ 2.2.4), discrete quarter, as published; quarterly national accounts vintage -- see metadata"
2011-01-01,national,K,Финансовая и страховая деятельность,220438.91368723405,"seasonally and calendar adjusted (X13-ARIMA-SEATS, JDemetra+ 2.2.4), discrete quarter, as published; quarterly national accounts vintage -- see metadata"
2011-04-01,national,K,Финансовая и страховая деятельность,226104.0586567488,"seasonally and calendar adjusted (X13-ARIMA-SEATS, JDemetra+ 2.2.4), discrete quarter, as published; quarterly national accounts vintage -- see metadata"
2011-07-01,national,K,Финансовая и страховая деятельность,224536.43973875197,"seasonally and calendar adjusted (X13-ARIMA-SEATS, JDemetra+ 2.2.4), discrete quarter, as published; quarterly national accounts vintage -- see metadata"
2011-10-01,national,K,Финансовая и страховая деятельность,228003.58791726525,"seasonally and calendar adjusted (X13-ARIMA-SEATS, JDemetra+ 2.2.4), discrete quarter, as published; quarterly national accounts vintage -- see metadata"
2012-01-01,national,K,Финансовая и страховая деятельность,270256.2653631156,"seasonally and calendar adjusted (X13-ARIMA-SEATS, JDemetra+ 2.2.4), discrete quarter, as published; quarterly national accounts vintage -- see metadata"
2012-04-01,national,K,Финансовая и страховая деятельность,276936.8934932264,"seasonally and calendar adjusted (X13-ARIMA-SEATS, JDemetra+ 2.2.4), discrete quarter, as published; quarterly national accounts vintage -- see metadata"
2012-07-01,national,K,Финансовая и страховая деятельность,245740.30194208387,"seasonally and calendar adjusted (X13-ARIMA-SEATS, JDemetra+ 2.2.4), discrete quarter, as published; quarterly national accounts vintage -- see metadata"
2012-10-01,national,K,Финансовая и страховая деятельность,253190.43920157422,"seasonally and calendar adjusted (X13-ARIMA-SEATS, JDemetra+ 2.2.4), discrete quarter, as published; quarterly national accounts vintage -- see metadata"
2013-01-01,national,K,Финансовая и страховая деятельность,298405.21318062773,"seasonally and calendar adjusted (X13-ARIMA-SEATS, JDemetra+ 2.2.4), discrete quarter, as published; quarterly national accounts vintage -- see metadata"
2013-04-01,national,K,Финансовая и страховая деятельность,371059.86818516254,"seasonally and calendar adjusted (X13-ARIMA-SEATS, JDemetra+ 2.2.4), discrete quarter, as published; quarterly national accounts vintage -- see metadata"
2013-07-01,national,K,Финансовая и страховая деятельность,299713.4693832712,"seasonally and calendar adjusted (X13-ARIMA-SEATS, JDemetra+ 2.2.4), discrete quarter, as published; quarterly national accounts vintage -- see metadata"
2013-10-01,national,K,Финансовая и страховая деятельность,319713.6492509383,"seasonally and calendar adjusted (X13-ARIMA-SEATS, JDemetra+ 2.2.4), discrete quarter, as published; quarterly national accounts vintage -- see metadata"
2014-01-01,national,K,Финансовая и страховая деятельность,341291.47396887734,"seasonally and calendar adjusted (X13-ARIMA-SEATS, JDemetra+ 2.2.4), discrete quarter, as published; quarterly national accounts vintage -- see metadata"
2014-04-01,national,K,Финансовая и страховая деятельность,373082.2413994491,"seasonally and calendar adjusted (X13-ARIMA-SEATS, JDemetra+ 2.2.4), discrete quarter, as published; quarterly national accounts vintage -- see metadata"
2014-07-01,national,K,Финансовая и страховая деятельность,332187.4166961506,"seasonally and calendar adjusted (X13-ARIMA-SEATS, JDemetra+ 2.2.4), discrete quarter, as published; quarterly national accounts vintage -- see metadata"
2014-10-01,national,K,Финансовая и страховая деятельность,385459.467935523,"seasonally and calendar adjusted (X13-ARIMA-SEATS, JDemetra+ 2.2.4), discrete quarter, as published; quarterly national accounts vintage -- see metadata"
2015-01-01,national,K,Финансовая и страховая деятельность,390160.94622545096,"seasonally and calendar adjusted (X13-ARIMA-SEATS, JDemetra+ 2.2.4), discrete quarter, as published; quarterly national accounts vintage -- see metadata"
2015-04-01,national,K,Финансовая и страховая деятельность,394414.7017154044,"seasonally and calendar adjusted (X13-ARIMA-SEATS, JDemetra+ 2.2.4), discrete quarter, as published; quarterly national accounts vintage -- see metadata"
2015-07-01,national,K,Финансовая и страховая деятельность,475893.89189978363,"seasonally and calendar adjusted (X13-ARIMA-SEATS, JDemetra+ 2.2.4), discrete quarter, as published; quarterly national accounts vintage -- see metadata"
2015-10-01,national,K,Финансовая и страховая деятельность,433047.4261071313,"seasonally and calendar adjusted (X13-ARIMA-SEATS, JDemetra+ 2.2.4), discrete quarter, as published; quarterly national accounts vintage -- see metadata"
2016-01-01,national,K,Финансовая и страховая деятельность,466018.6962876031,"seasonally and calendar adjusted (X13-ARIMA-SEATS, JDemetra+ 2.2.4), discrete quarter, as published; quarterly national accounts vintage -- see metadata"
2016-04-01,national,K,Финансовая и страховая деятельность,460060.0196271716,"seasonally and calendar adjusted (X13-ARIMA-SEATS, JDemetra+ 2.2.4), discrete quarter, as published; quarterly national accounts vintage -- see metadata"
2016-07-01,national,K,Финансовая и страховая деятельность,479557.69025033043,"seasonally and calendar adjusted (X13-ARIMA-SEATS, JDemetra+ 2.2.4), discrete quarter, as published; quarterly national accounts vintage -- see metadata"
2016-10-01,national,K,Финансовая и страховая деятельность,433466.7415698973,"seasonally and calendar adjusted (X13-ARIMA-SEATS, JDemetra+ 2.2.4), discrete quarter, as published; quarterly national accounts vintage -- see metadata"
2017-01-01,national,K,Финансовая и страховая деятельность,485658.48298366164,"seasonally and calendar adjusted (X13-ARIMA-SEATS, JDemetra+ 2.2.4), discrete quarter, as published; quarterly national accounts vintage -- see metadata"
2017-04-01,national,K,Финансовая и страховая деятельность,501946.0498243064,"seasonally and calendar adjusted (X13-ARIMA-SEATS, JDemetra+ 2.2.4), discrete quarter, as published; quarterly national accounts vintage -- see metadata"
2017-07-01,national,K,Финансовая и страховая деятельность,495186.31210350536,"seasonally and calendar adjusted (X13-ARIMA-SEATS, JDemetra+ 2.2.4), discrete quarter, as published; quarterly national accounts vintage -- see metadata"
2017-10-01,national,K,Финансовая и страховая деятельность,532945.7946243036,"seasonally and calendar adjusted (X13-ARIMA-SEATS, JDemetra+ 2.2.4), discrete quarter, as published; quarterly national accounts vintage -- see metadata"
2018-01-01,national,K,Финансовая и страховая деятельность,488779.1872499927,"seasonally and calendar adjusted (X13-ARIMA-SEATS, JDemetra+ 2.2.4), discrete quarter, as published; quarterly national accounts vintage -- see metadata"
2018-04-01,national,K,Финансовая и страховая деятельность,503824.5999115913,"seasonally and calendar adjusted (X13-ARIMA-SEATS, JDemetra+ 2.2.4), discrete quarter, as published; quarterly national accounts vintage -- see metadata"
2018-07-01,national,K,Финансовая и страховая деятельность,522941.3799746699,"seasonally and calendar adjusted (X13-ARIMA-SEATS, JDemetra+ 2.2.4), discrete quarter, as published; quarterly national accounts vintage -- see metadata"
2018-10-01,national,K,Финансовая и страховая деятельность,528834.790485149,"seasonally and calendar adjusted (X13-ARIMA-SEATS, JDemetra+ 2.2.4), discrete quarter, as published; quarterly national accounts vintage -- see metadata"
2019-01-01,national,K,Финансовая и страховая деятельность,517113.8748761062,"seasonally and calendar adjusted (X13-ARIMA-SEATS, JDemetra+ 2.2.4), discrete quarter, as published; quarterly national accounts vintage -- see metadata"
2019-04-01,national,K,Финансовая и страховая деятельность,548973.323399643,"seasonally and calendar adjusted (X13-ARIMA-SEATS, JDemetra+ 2.2.4), discrete quarter, as published; quarterly national accounts vintage -- see metadata"
2019-07-01,national,K,Финансовая и страховая деятельность,549191.7908945542,"seasonally and calendar adjusted (X13-ARIMA-SEATS, JDemetra+ 2.2.4), discrete quarter, as published; quarterly national accounts vintage -- see metadata"
2019-10-01,national,K,Финансовая и страховая деятельность,611095.587378903,"seasonally and calendar adjusted (X13-ARIMA-SEATS, JDemetra+ 2.2.4), discrete quarter, as published; quarterly national accounts vintage -- see metadata"
2020-01-01,national,K,Финансовая и страховая деятельность,604896.6676960506,"seasonally and calendar adjusted (X13-ARIMA-SEATS, JDemetra+ 2.2.4), discrete quarter, as published; quarterly national accounts vintage -- see metadata"
2020-04-01,national,K,Финансовая и страховая деятельность,563750.5916027483,"seasonally and calendar adjusted (X13-ARIMA-SEATS, JDemetra+ 2.2.4), discrete quarter, as published; quarterly national accounts vintage -- see metadata"
2020-07-01,national,K,Финансовая и страховая деятельность,580430.6636816034,"seasonally and calendar adjusted (X13-ARIMA-SEATS, JDemetra+ 2.2.4), discrete quarter, as published; quarterly national accounts vintage -- see metadata"
2020-10-01,national,K,Финансовая и страховая деятельность,625493.3917692823,"seasonally and calendar adjusted (X13-ARIMA-SEATS, JDemetra+ 2.2.4), discrete quarter, as published; quarterly national accounts vintage -- see metadata"
2021-01-01,national,K,Финансовая и страховая деятельность,619390.3681979587,"seasonally and calendar adjusted (X13-ARIMA-SEATS, JDemetra+ 2.2.4), discrete quarter, as published; quarterly national accounts vintage -- see metadata"
2021-04-01,national,K,Финансовая и страховая деятельность,597331.0244807786,"seasonally and calendar adjusted (X13-ARIMA-SEATS, JDemetra+ 2.2.4), discrete quarter, as published; quarterly national accounts vintage -- see metadata"
2021-07-01,national,K,Финансовая и страховая деятельность,584283.5734970769,"seasonally and calendar adjusted (X13-ARIMA-SEATS, JDemetra+ 2.2.4), discrete quarter, as published; quarterly national accounts vintage -- see metadata"
2021-10-01,national,K,Финансовая и страховая деятельность,638660.240855313,"seasonally and calendar adjusted (X13-ARIMA-SEATS, JDemetra+ 2.2.4), discrete quarter, as published; quarterly national accounts vintage -- see metadata"
2022-01-01,national,K,Финансовая и страховая деятельность,757409.2535463271,"seasonally and calendar adjusted (X13-ARIMA-SEATS, JDemetra+ 2.2.4), discrete quarter, as published; quarterly national accounts vintage -- see metadata"
2022-04-01,national,K,Финансовая и страховая деятельность,865871.3276247043,"seasonally and calendar adjusted (X13-ARIMA-SEATS, JDemetra+ 2.2.4), discrete quarter, as published; quarterly national accounts vintage -- see metadata"
2022-07-01,national,K,Финансовая и страховая деятельность,773159.6106798371,"seasonally and calendar adjusted (X13-ARIMA-SEATS, JDemetra+ 2.2.4), discrete quarter, as published; quarterly national accounts vintage -- see metadata"
2022-10-01,national,K,Финансовая и страховая деятельность,781993.3346050088,"seasonally and calendar adjusted (X13-ARIMA-SEATS, JDemetra+ 2.2.4), discrete quarter, as published; quarterly national accounts vintage -- see metadata"
2023-01-01,national,K,Финансовая и страховая деятельность,825486.4355211537,"seasonally and calendar adjusted (X13-ARIMA-SEATS, JDemetra+ 2.2.4), discrete quarter, as published; quarterly national accounts vintage -- see metadata"
2023-04-01,national,K,Финансовая и страховая деятельность,885674.9871566246,"seasonally and calendar adjusted (X13-ARIMA-SEATS, JDemetra+ 2.2.4), discrete quarter, as published; quarterly national accounts vintage -- see metadata"
2023-07-01,national,K,Финансовая и страховая деятельность,1045756.9034238926,"seasonally and calendar adjusted (X13-ARIMA-SEATS, JDemetra+ 2.2.4), discrete quarter, as published; quarterly national accounts vintage -- see metadata"
2023-10-01,national,K,Финансовая и страховая деятельность,1182006.731605241,"seasonally and calendar adjusted (X13-ARIMA-SEATS, JDemetra+ 2.2.4), discrete quarter, as published; quarterly national accounts vintage -- see metadata"
2024-01-01,national,K,Финансовая и страховая деятельность,1090002.6258450875,"seasonally and calendar adjusted (X13-ARIMA-SEATS, JDemetra+ 2.2.4), discrete quarter, as published; quarterly national accounts vintage -- see metadata"
2024-04-01,national,K,Финансовая и страховая деятельность,1194738.0926984607,"seasonally and calendar adjusted (X13-ARIMA-SEATS, JDemetra+ 2.2.4), discrete quarter, as published; quarterly national accounts vintage -- see metadata"
2024-07-01,national,K,Финансовая и страховая деятельность,1301367.7690709217,"seasonally and calendar adjusted (X13-ARIMA-SEATS, JDemetra+ 2.2.4), discrete quarter, as published; quarterly national accounts vintage -- see metadata"
2024-10-01,national,K,Финансовая и страховая деятельность,1070174.078136587,"seasonally and calendar adjusted (X13-ARIMA-SEATS, JDemetra+ 2.2.4), discrete quarter, as published; quarterly national accounts vintage -- see metadata"
2025-01-01,national,K,Финансовая и страховая деятельность,1422581.1401188266,"seasonally and calendar adjusted (X13-ARIMA-SEATS, JDemetra+ 2.2.4), discrete quarter, as published; quarterly national accounts vintage -- see metadata"
2025-04-01,national,K,Финансовая и страховая деятельность,1444416.4470764915,"seasonally and calendar adjusted (X13-ARIMA-SEATS, JDemetra+ 2.2.4), discrete quarter, as published; quarterly national accounts vintage -- see metadata"
2025-07-01,national,K,Финансовая и страховая деятельность,1477040.6164539035,"seasonally and calendar adjusted (X13-ARIMA-SEATS, JDemetra+ 2.2.4), discrete quarter, as published; quarterly national accounts vintage -- see metadata"
2025-10-01,national,K,Финансовая и страховая деятельность,1269599.441587308,"seasonally and calendar adjusted (X13-ARIMA-SEATS, JDemetra+ 2.2.4), discrete quarter, as published; quarterly national accounts vintage -- see metadata"
2026-01-01,national,K,Финансовая и страховая деятельность,1476361.792688517,"seasonally and calendar adjusted (X13-ARIMA-SEATS, JDemetra+ 2.2.4), discrete quarter, as published; quarterly national accounts vintage -- see metadata"
2010-01-01,national,L,Операции с недвижимым имуществом,389905.6931032966,"seasonally and calendar adjusted (X13-ARIMA-SEATS, JDemetra+ 2.2.4), discrete quarter, as published; quarterly national accounts vintage -- see metadata"
2010-04-01,national,L,Операции с недвижимым имуществом,436039.01598028187,"seasonally and calendar adjusted (X13-ARIMA-SEATS, JDemetra+ 2.2.4), discrete quarter, as published; quarterly national accounts vintage -- see metadata"
2010-07-01,national,L,Операции с недвижимым имуществом,466009.0342394542,"seasonally and calendar adjusted (X13-ARIMA-SEATS, JDemetra+ 2.2.4), discrete quarter, as published; quarterly national accounts vintage -- see metadata"
2010-10-01,national,L,Операции с недвижимым имуществом,489619.5440849096,"seasonally and calendar adjusted (X13-ARIMA-SEATS, JDemetra+ 2.2.4), discrete quarter, as published; quarterly national accounts vintage -- see metadata"
2011-01-01,national,L,Операции с недвижимым имуществом,513796.20560163376,"seasonally and calendar adjusted (X13-ARIMA-SEATS, JDemetra+ 2.2.4), discrete quarter, as published; quarterly national accounts vintage -- see metadata"
2011-04-01,national,L,Операции с недвижимым имуществом,545909.0999126869,"seasonally and calendar adjusted (X13-ARIMA-SEATS, JDemetra+ 2.2.4), discrete quarter, as published; quarterly national accounts vintage -- see metadata"
2011-07-01,national,L,Операции с недвижимым имуществом,613140.0358962759,"seasonally and calendar adjusted (X13-ARIMA-SEATS, JDemetra+ 2.2.4), discrete quarter, as published; quarterly national accounts vintage -- see metadata"
2011-10-01,national,L,Операции с недвижимым имуществом,605957.9237486488,"seasonally and calendar adjusted (X13-ARIMA-SEATS, JDemetra+ 2.2.4), discrete quarter, as published; quarterly national accounts vintage -- see metadata"
2012-01-01,national,L,Операции с недвижимым имуществом,629367.3997767753,"seasonally and calendar adjusted (X13-ARIMA-SEATS, JDemetra+ 2.2.4), discrete quarter, as published; quarterly national accounts vintage -- see metadata"
2012-04-01,national,L,Операции с недвижимым имуществом,643517.7569604021,"seasonally and calendar adjusted (X13-ARIMA-SEATS, JDemetra+ 2.2.4), discrete quarter, as published; quarterly national accounts vintage -- see metadata"
2012-07-01,national,L,Операции с недвижимым имуществом,633149.8294925542,"seasonally and calendar adjusted (X13-ARIMA-SEATS, JDemetra+ 2.2.4), discrete quarter, as published; quarterly national accounts vintage -- see metadata"
2012-10-01,national,L,Операции с недвижимым имуществом,649858.5312776916,"seasonally and calendar adjusted (X13-ARIMA-SEATS, JDemetra+ 2.2.4), discrete quarter, as published; quarterly national accounts vintage -- see metadata"
2013-01-01,national,L,Операции с недвижимым имуществом,697606.8131556669,"seasonally and calendar adjusted (X13-ARIMA-SEATS, JDemetra+ 2.2.4), discrete quarter, as published; quarterly national accounts vintage -- see metadata"
2013-04-01,national,L,Операции с недвижимым имуществом,704411.4035022642,"seasonally and calendar adjusted (X13-ARIMA-SEATS, JDemetra+ 2.2.4), discrete quarter, as published; quarterly national accounts vintage -- see metadata"
2013-07-01,national,L,Операции с недвижимым имуществом,749849.8320399934,"seasonally and calendar adjusted (X13-ARIMA-SEATS, JDemetra+ 2.2.4), discrete quarter, as published; quarterly national accounts vintage -- see metadata"
2013-10-01,national,L,Операции с недвижимым имуществом,774295.256417543,"seasonally and calendar adjusted (X13-ARIMA-SEATS, JDemetra+ 2.2.4), discrete quarter, as published; quarterly national accounts vintage -- see metadata"
2014-01-01,national,L,Операции с недвижимым имуществом,760665.739673946,"seasonally and calendar adjusted (X13-ARIMA-SEATS, JDemetra+ 2.2.4), discrete quarter, as published; quarterly national accounts vintage -- see metadata"
2014-04-01,national,L,Операции с недвижимым имуществом,818435.394056615,"seasonally and calendar adjusted (X13-ARIMA-SEATS, JDemetra+ 2.2.4), discrete quarter, as published; quarterly national accounts vintage -- see metadata"
2014-07-01,national,L,Операции с недвижимым имуществом,854765.4989082394,"seasonally and calendar adjusted (X13-ARIMA-SEATS, JDemetra+ 2.2.4), discrete quarter, as published; quarterly national accounts vintage -- see metadata"
2014-10-01,national,L,Операции с недвижимым имуществом,798942.9357064203,"seasonally and calendar adjusted (X13-ARIMA-SEATS, JDemetra+ 2.2.4), discrete quarter, as published; quarterly national accounts vintage -- see metadata"
2015-01-01,national,L,Операции с недвижимым имуществом,920409.2326446882,"seasonally and calendar adjusted (X13-ARIMA-SEATS, JDemetra+ 2.2.4), discrete quarter, as published; quarterly national accounts vintage -- see metadata"
2015-04-01,national,L,Операции с недвижимым имуществом,907896.4914326265,"seasonally and calendar adjusted (X13-ARIMA-SEATS, JDemetra+ 2.2.4), discrete quarter, as published; quarterly national accounts vintage -- see metadata"
2015-07-01,national,L,Операции с недвижимым имуществом,912499.831444076,"seasonally and calendar adjusted (X13-ARIMA-SEATS, JDemetra+ 2.2.4), discrete quarter, as published; quarterly national accounts vintage -- see metadata"
2015-10-01,national,L,Операции с недвижимым имуществом,929311.1044230841,"seasonally and calendar adjusted (X13-ARIMA-SEATS, JDemetra+ 2.2.4), discrete quarter, as published; quarterly national accounts vintage -- see metadata"
2016-01-01,national,L,Операции с недвижимым имуществом,1019731.5731344428,"seasonally and calendar adjusted (X13-ARIMA-SEATS, JDemetra+ 2.2.4), discrete quarter, as published; quarterly national accounts vintage -- see metadata"
2016-04-01,national,L,Операции с недвижимым имуществом,1017741.6171996341,"seasonally and calendar adjusted (X13-ARIMA-SEATS, JDemetra+ 2.2.4), discrete quarter, as published; quarterly national accounts vintage -- see metadata"
2016-07-01,national,L,Операции с недвижимым имуществом,1005301.2016882931,"seasonally and calendar adjusted (X13-ARIMA-SEATS, JDemetra+ 2.2.4), discrete quarter, as published; quarterly national accounts vintage -- see metadata"
2016-10-01,national,L,Операции с недвижимым имуществом,1042652.5770355376,"seasonally and calendar adjusted (X13-ARIMA-SEATS, JDemetra+ 2.2.4), discrete quarter, as published; quarterly national accounts vintage -- see metadata"
2017-01-01,national,L,Операции с недвижимым имуществом,1064186.0496698678,"seasonally and calendar adjusted (X13-ARIMA-SEATS, JDemetra+ 2.2.4), discrete quarter, as published; quarterly national accounts vintage -- see metadata"
2017-04-01,national,L,Операции с недвижимым имуществом,1096110.550820585,"seasonally and calendar adjusted (X13-ARIMA-SEATS, JDemetra+ 2.2.4), discrete quarter, as published; quarterly national accounts vintage -- see metadata"
2017-07-01,national,L,Операции с недвижимым имуществом,1143534.6080326766,"seasonally and calendar adjusted (X13-ARIMA-SEATS, JDemetra+ 2.2.4), discrete quarter, as published; quarterly national accounts vintage -- see metadata"
2017-10-01,national,L,Операции с недвижимым имуществом,1191323.3961214595,"seasonally and calendar adjusted (X13-ARIMA-SEATS, JDemetra+ 2.2.4), discrete quarter, as published; quarterly national accounts vintage -- see metadata"
2018-01-01,national,L,Операции с недвижимым имуществом,1047259.2395160178,"seasonally and calendar adjusted (X13-ARIMA-SEATS, JDemetra+ 2.2.4), discrete quarter, as published; quarterly national accounts vintage -- see metadata"
2018-04-01,national,L,Операции с недвижимым имуществом,1160766.5264945184,"seasonally and calendar adjusted (X13-ARIMA-SEATS, JDemetra+ 2.2.4), discrete quarter, as published; quarterly national accounts vintage -- see metadata"
2018-07-01,national,L,Операции с недвижимым имуществом,1232763.3724588556,"seasonally and calendar adjusted (X13-ARIMA-SEATS, JDemetra+ 2.2.4), discrete quarter, as published; quarterly national accounts vintage -- see metadata"
2018-10-01,national,L,Операции с недвижимым имуществом,1322325.4261263371,"seasonally and calendar adjusted (X13-ARIMA-SEATS, JDemetra+ 2.2.4), discrete quarter, as published; quarterly national accounts vintage -- see metadata"
2019-01-01,national,L,Операции с недвижимым имуществом,1242681.7322461484,"seasonally and calendar adjusted (X13-ARIMA-SEATS, JDemetra+ 2.2.4), discrete quarter, as published; quarterly national accounts vintage -- see metadata"
2019-04-01,national,L,Операции с недвижимым имуществом,1329022.5315126234,"seasonally and calendar adjusted (X13-ARIMA-SEATS, JDemetra+ 2.2.4), discrete quarter, as published; quarterly national accounts vintage -- see metadata"
2019-07-01,national,L,Операции с недвижимым имуществом,1307168.3557074163,"seasonally and calendar adjusted (X13-ARIMA-SEATS, JDemetra+ 2.2.4), discrete quarter, as published; quarterly national accounts vintage -- see metadata"
2019-10-01,national,L,Операции с недвижимым имуществом,1343682.2847537433,"seasonally and calendar adjusted (X13-ARIMA-SEATS, JDemetra+ 2.2.4), discrete quarter, as published; quarterly national accounts vintage -- see metadata"
2020-01-01,national,L,Операции с недвижимым имуществом,1263794.6622739974,"seasonally and calendar adjusted (X13-ARIMA-SEATS, JDemetra+ 2.2.4), discrete quarter, as published; quarterly national accounts vintage -- see metadata"
2020-04-01,national,L,Операции с недвижимым имуществом,1219850.2456819075,"seasonally and calendar adjusted (X13-ARIMA-SEATS, JDemetra+ 2.2.4), discrete quarter, as published; quarterly national accounts vintage -- see metadata"
2020-07-01,national,L,Операции с недвижимым имуществом,1338153.759286756,"seasonally and calendar adjusted (X13-ARIMA-SEATS, JDemetra+ 2.2.4), discrete quarter, as published; quarterly national accounts vintage -- see metadata"
2020-10-01,national,L,Операции с недвижимым имуществом,1335172.9072535317,"seasonally and calendar adjusted (X13-ARIMA-SEATS, JDemetra+ 2.2.4), discrete quarter, as published; quarterly national accounts vintage -- see metadata"
2021-01-01,national,L,Операции с недвижимым имуществом,1338737.7473413262,"seasonally and calendar adjusted (X13-ARIMA-SEATS, JDemetra+ 2.2.4), discrete quarter, as published; quarterly national accounts vintage -- see metadata"
2021-04-01,national,L,Операции с недвижимым имуществом,1349491.878102419,"seasonally and calendar adjusted (X13-ARIMA-SEATS, JDemetra+ 2.2.4), discrete quarter, as published; quarterly national accounts vintage -- see metadata"
2021-07-01,national,L,Операции с недвижимым имуществом,1372039.797761764,"seasonally and calendar adjusted (X13-ARIMA-SEATS, JDemetra+ 2.2.4), discrete quarter, as published; quarterly national accounts vintage -- see metadata"
2021-10-01,national,L,Операции с недвижимым имуществом,1439363.8820453756,"seasonally and calendar adjusted (X13-ARIMA-SEATS, JDemetra+ 2.2.4), discrete quarter, as published; quarterly national accounts vintage -- see metadata"
2022-01-01,national,L,Операции с недвижимым имуществом,1564567.6792631873,"seasonally and calendar adjusted (X13-ARIMA-SEATS, JDemetra+ 2.2.4), discrete quarter, as published; quarterly national accounts vintage -- see metadata"
2022-04-01,national,L,Операции с недвижимым имуществом,1655725.5133481107,"seasonally and calendar adjusted (X13-ARIMA-SEATS, JDemetra+ 2.2.4), discrete quarter, as published; quarterly national accounts vintage -- see metadata"
2022-07-01,national,L,Операции с недвижимым имуществом,1698342.1620221073,"seasonally and calendar adjusted (X13-ARIMA-SEATS, JDemetra+ 2.2.4), discrete quarter, as published; quarterly national accounts vintage -- see metadata"
2022-10-01,national,L,Операции с недвижимым имуществом,1823354.2117052914,"seasonally and calendar adjusted (X13-ARIMA-SEATS, JDemetra+ 2.2.4), discrete quarter, as published; quarterly national accounts vintage -- see metadata"
2023-01-01,national,L,Операции с недвижимым имуществом,2119686.0688918075,"seasonally and calendar adjusted (X13-ARIMA-SEATS, JDemetra+ 2.2.4), discrete quarter, as published; quarterly national accounts vintage -- see metadata"
2023-04-01,national,L,Операции с недвижимым имуществом,2230979.353876008,"seasonally and calendar adjusted (X13-ARIMA-SEATS, JDemetra+ 2.2.4), discrete quarter, as published; quarterly national accounts vintage -- see metadata"
2023-07-01,national,L,Операции с недвижимым имуществом,2304035.0152232395,"seasonally and calendar adjusted (X13-ARIMA-SEATS, JDemetra+ 2.2.4), discrete quarter, as published; quarterly national accounts vintage -- see metadata"
2023-10-01,national,L,Операции с недвижимым имуществом,2305236.3824787536,"seasonally and calendar adjusted (X13-ARIMA-SEATS, JDemetra+ 2.2.4), discrete quarter, as published; quarterly national accounts vintage -- see metadata"
2024-01-01,national,L,Операции с недвижимым имуществом,2619930.0034378925,"seasonally and calendar adjusted (X13-ARIMA-SEATS, JDemetra+ 2.2.4), discrete quarter, as published; quarterly national accounts vintage -- see metadata"
2024-04-01,national,L,Операции с недвижимым имуществом,2817134.2017683694,"seasonally and calendar adjusted (X13-ARIMA-SEATS, JDemetra+ 2.2.4), discrete quarter, as published; quarterly national accounts vintage -- see metadata"
2024-07-01,national,L,Операции с недвижимым имуществом,2917592.892916051,"seasonally and calendar adjusted (X13-ARIMA-SEATS, JDemetra+ 2.2.4), discrete quarter, as published; quarterly national accounts vintage -- see metadata"
2024-10-01,national,L,Операции с недвижимым имуществом,3221048.5835495284,"seasonally and calendar adjusted (X13-ARIMA-SEATS, JDemetra+ 2.2.4), discrete quarter, as published; quarterly national accounts vintage -- see metadata"
2025-01-01,national,L,Операции с недвижимым имуществом,3436889.430628435,"seasonally and calendar adjusted (X13-ARIMA-SEATS, JDemetra+ 2.2.4), discrete quarter, as published; quarterly national accounts vintage -- see metadata"
2025-04-01,national,L,Операции с недвижимым имуществом,3574983.181146927,"seasonally and calendar adjusted (X13-ARIMA-SEATS, JDemetra+ 2.2.4), discrete quarter, as published; quarterly national accounts vintage -- see metadata"
2025-07-01,national,L,Операции с недвижимым имуществом,3908143.8480765624,"seasonally and calendar adjusted (X13-ARIMA-SEATS, JDemetra+ 2.2.4), discrete quarter, as published; quarterly national accounts vintage -- see metadata"
2025-10-01,national,L,Операции с недвижимым имуществом,4091637.6807901138,"seasonally and calendar adjusted (X13-ARIMA-SEATS, JDemetra+ 2.2.4), discrete quarter, as published; quarterly national accounts vintage -- see metadata"
2026-01-01,national,L,Операции с недвижимым имуществом,4319025.692431511,"seasonally and calendar adjusted (X13-ARIMA-SEATS, JDemetra+ 2.2.4), discrete quarter, as published; quarterly national accounts vintage -- see metadata"
2010-01-01,national,M,"Профессиональная, научная и техническая деятельность",246396.63064879793,"seasonally and calendar adjusted (X13-ARIMA-SEATS, JDemetra+ 2.2.4), discrete quarter, as published; quarterly national accounts vintage -- see metadata"
2010-04-01,national,M,"Профессиональная, научная и техническая деятельность",259763.04520774345,"seasonally and calendar adjusted (X13-ARIMA-SEATS, JDemetra+ 2.2.4), discrete quarter, as published; quarterly national accounts vintage -- see metadata"
2010-07-01,national,M,"Профессиональная, научная и техническая деятельность",213752.2713173672,"seasonally and calendar adjusted (X13-ARIMA-SEATS, JDemetra+ 2.2.4), discrete quarter, as published; quarterly national accounts vintage -- see metadata"
2010-10-01,national,M,"Профессиональная, научная и техническая деятельность",137456.71736327134,"seasonally and calendar adjusted (X13-ARIMA-SEATS, JDemetra+ 2.2.4), discrete quarter, as published; quarterly national accounts vintage -- see metadata"
2011-01-01,national,M,"Профессиональная, научная и техническая деятельность",312416.6192277593,"seasonally and calendar adjusted (X13-ARIMA-SEATS, JDemetra+ 2.2.4), discrete quarter, as published; quarterly national accounts vintage -- see metadata"
2011-04-01,national,M,"Профессиональная, научная и техническая деятельность",306117.7280571541,"seasonally and calendar adjusted (X13-ARIMA-SEATS, JDemetra+ 2.2.4), discrete quarter, as published; quarterly national accounts vintage -- see metadata"
2011-07-01,national,M,"Профессиональная, научная и техническая деятельность",315992.18708917935,"seasonally and calendar adjusted (X13-ARIMA-SEATS, JDemetra+ 2.2.4), discrete quarter, as published; quarterly national accounts vintage -- see metadata"
2011-10-01,national,M,"Профессиональная, научная и техническая деятельность",287267.7869862907,"seasonally and calendar adjusted (X13-ARIMA-SEATS, JDemetra+ 2.2.4), discrete quarter, as published; quarterly national accounts vintage -- see metadata"
2012-01-01,national,M,"Профессиональная, научная и техническая деятельность",319154.1851269386,"seasonally and calendar adjusted (X13-ARIMA-SEATS, JDemetra+ 2.2.4), discrete quarter, as published; quarterly national accounts vintage -- see metadata"
2012-04-01,national,M,"Профессиональная, научная и техническая деятельность",325539.255289087,"seasonally and calendar adjusted (X13-ARIMA-SEATS, JDemetra+ 2.2.4), discrete quarter, as published; quarterly national accounts vintage -- see metadata"
2012-07-01,national,M,"Профессиональная, научная и техническая деятельность",345950.0792769689,"seasonally and calendar adjusted (X13-ARIMA-SEATS, JDemetra+ 2.2.4), discrete quarter, as published; quarterly national accounts vintage -- see metadata"
2012-10-01,national,M,"Профессиональная, научная и техническая деятельность",342873.13311249315,"seasonally and calendar adjusted (X13-ARIMA-SEATS, JDemetra+ 2.2.4), discrete quarter, as published; quarterly national accounts vintage -- see metadata"
2013-01-01,national,M,"Профессиональная, научная и техническая деятельность",348550.9659240408,"seasonally and calendar adjusted (X13-ARIMA-SEATS, JDemetra+ 2.2.4), discrete quarter, as published; quarterly national accounts vintage -- see metadata"
2013-04-01,national,M,"Профессиональная, научная и техническая деятельность",342307.9783713122,"seasonally and calendar adjusted (X13-ARIMA-SEATS, JDemetra+ 2.2.4), discrete quarter, as published; quarterly national accounts vintage -- see metadata"
2013-07-01,national,M,"Профессиональная, научная и техническая деятельность",383951.38166555477,"seasonally and calendar adjusted (X13-ARIMA-SEATS, JDemetra+ 2.2.4), discrete quarter, as published; quarterly national accounts vintage -- see metadata"
2013-10-01,national,M,"Профессиональная, научная и техническая деятельность",388924.40454738075,"seasonally and calendar adjusted (X13-ARIMA-SEATS, JDemetra+ 2.2.4), discrete quarter, as published; quarterly national accounts vintage -- see metadata"
2014-01-01,national,M,"Профессиональная, научная и техническая деятельность",378914.1425827487,"seasonally and calendar adjusted (X13-ARIMA-SEATS, JDemetra+ 2.2.4), discrete quarter, as published; quarterly national accounts vintage -- see metadata"
2014-04-01,national,M,"Профессиональная, научная и техническая деятельность",386417.42073311773,"seasonally and calendar adjusted (X13-ARIMA-SEATS, JDemetra+ 2.2.4), discrete quarter, as published; quarterly national accounts vintage -- see metadata"
2014-07-01,national,M,"Профессиональная, научная и техническая деятельность",390066.6412478419,"seasonally and calendar adjusted (X13-ARIMA-SEATS, JDemetra+ 2.2.4), discrete quarter, as published; quarterly national accounts vintage -- see metadata"
2014-10-01,national,M,"Профессиональная, научная и техническая деятельность",477673.5827119523,"seasonally and calendar adjusted (X13-ARIMA-SEATS, JDemetra+ 2.2.4), discrete quarter, as published; quarterly national accounts vintage -- see metadata"
2015-01-01,national,M,"Профессиональная, научная и техническая деятельность",414581.75354332244,"seasonally and calendar adjusted (X13-ARIMA-SEATS, JDemetra+ 2.2.4), discrete quarter, as published; quarterly national accounts vintage -- see metadata"
2015-04-01,national,M,"Профессиональная, научная и техническая деятельность",474037.75916602183,"seasonally and calendar adjusted (X13-ARIMA-SEATS, JDemetra+ 2.2.4), discrete quarter, as published; quarterly national accounts vintage -- see metadata"
2015-07-01,national,M,"Профессиональная, научная и техническая деятельность",455855.8769804067,"seasonally and calendar adjusted (X13-ARIMA-SEATS, JDemetra+ 2.2.4), discrete quarter, as published; quarterly national accounts vintage -- see metadata"
2015-10-01,national,M,"Профессиональная, научная и техническая деятельность",489743.545627823,"seasonally and calendar adjusted (X13-ARIMA-SEATS, JDemetra+ 2.2.4), discrete quarter, as published; quarterly national accounts vintage -- see metadata"
2016-01-01,national,M,"Профессиональная, научная и техническая деятельность",535241.6705624413,"seasonally and calendar adjusted (X13-ARIMA-SEATS, JDemetra+ 2.2.4), discrete quarter, as published; quarterly national accounts vintage -- see metadata"
2016-04-01,national,M,"Профессиональная, научная и техническая деятельность",560820.4664694321,"seasonally and calendar adjusted (X13-ARIMA-SEATS, JDemetra+ 2.2.4), discrete quarter, as published; quarterly national accounts vintage -- see metadata"
2016-07-01,national,M,"Профессиональная, научная и техническая деятельность",605863.3883480331,"seasonally and calendar adjusted (X13-ARIMA-SEATS, JDemetra+ 2.2.4), discrete quarter, as published; quarterly national accounts vintage -- see metadata"
2016-10-01,national,M,"Профессиональная, научная и техническая деятельность",616606.4187864781,"seasonally and calendar adjusted (X13-ARIMA-SEATS, JDemetra+ 2.2.4), discrete quarter, as published; quarterly national accounts vintage -- see metadata"
2017-01-01,national,M,"Профессиональная, научная и техническая деятельность",567654.160135881,"seasonally and calendar adjusted (X13-ARIMA-SEATS, JDemetra+ 2.2.4), discrete quarter, as published; quarterly national accounts vintage -- see metadata"
2017-04-01,national,M,"Профессиональная, научная и техническая деятельность",615573.8846453829,"seasonally and calendar adjusted (X13-ARIMA-SEATS, JDemetra+ 2.2.4), discrete quarter, as published; quarterly national accounts vintage -- see metadata"
2017-07-01,national,M,"Профессиональная, научная и техническая деятельность",647623.4270265981,"seasonally and calendar adjusted (X13-ARIMA-SEATS, JDemetra+ 2.2.4), discrete quarter, as published; quarterly national accounts vintage -- see metadata"
2017-10-01,national,M,"Профессиональная, научная и техническая деятельность",651984.2672437057,"seasonally and calendar adjusted (X13-ARIMA-SEATS, JDemetra+ 2.2.4), discrete quarter, as published; quarterly national accounts vintage -- see metadata"
2018-01-01,national,M,"Профессиональная, научная и техническая деятельность",649905.0386027622,"seasonally and calendar adjusted (X13-ARIMA-SEATS, JDemetra+ 2.2.4), discrete quarter, as published; quarterly national accounts vintage -- see metadata"
2018-04-01,national,M,"Профессиональная, научная и техническая деятельность",690770.7277473293,"seasonally and calendar adjusted (X13-ARIMA-SEATS, JDemetra+ 2.2.4), discrete quarter, as published; quarterly national accounts vintage -- see metadata"
2018-07-01,national,M,"Профессиональная, научная и техническая деятельность",702385.9429246831,"seasonally and calendar adjusted (X13-ARIMA-SEATS, JDemetra+ 2.2.4), discrete quarter, as published; quarterly national accounts vintage -- see metadata"
2018-10-01,national,M,"Профессиональная, научная и техническая деятельность",710167.7709089352,"seasonally and calendar adjusted (X13-ARIMA-SEATS, JDemetra+ 2.2.4), discrete quarter, as published; quarterly national accounts vintage -- see metadata"
2019-01-01,national,M,"Профессиональная, научная и техническая деятельность",728005.192946165,"seasonally and calendar adjusted (X13-ARIMA-SEATS, JDemetra+ 2.2.4), discrete quarter, as published; quarterly national accounts vintage -- see metadata"
2019-04-01,national,M,"Профессиональная, научная и техническая деятельность",761421.0541029794,"seasonally and calendar adjusted (X13-ARIMA-SEATS, JDemetra+ 2.2.4), discrete quarter, as published; quarterly national accounts vintage -- see metadata"
2019-07-01,national,M,"Профессиональная, научная и техническая деятельность",793091.6889710604,"seasonally and calendar adjusted (X13-ARIMA-SEATS, JDemetra+ 2.2.4), discrete quarter, as published; quarterly national accounts vintage -- see metadata"
2019-10-01,national,M,"Профессиональная, научная и техническая деятельность",770012.2156337264,"seasonally and calendar adjusted (X13-ARIMA-SEATS, JDemetra+ 2.2.4), discrete quarter, as published; quarterly national accounts vintage -- see metadata"
2020-01-01,national,M,"Профессиональная, научная и техническая деятельность",784450.2964265454,"seasonally and calendar adjusted (X13-ARIMA-SEATS, JDemetra+ 2.2.4), discrete quarter, as published; quarterly national accounts vintage -- see metadata"
2020-04-01,national,M,"Профессиональная, научная и техническая деятельность",731975.6388745918,"seasonally and calendar adjusted (X13-ARIMA-SEATS, JDemetra+ 2.2.4), discrete quarter, as published; quarterly national accounts vintage -- see metadata"
2020-07-01,national,M,"Профессиональная, научная и техническая деятельность",709599.1123338577,"seasonally and calendar adjusted (X13-ARIMA-SEATS, JDemetra+ 2.2.4), discrete quarter, as published; quarterly national accounts vintage -- see metadata"
2020-10-01,national,M,"Профессиональная, научная и техническая деятельность",677083.4612174248,"seasonally and calendar adjusted (X13-ARIMA-SEATS, JDemetra+ 2.2.4), discrete quarter, as published; quarterly national accounts vintage -- see metadata"
2021-01-01,national,M,"Профессиональная, научная и техническая деятельность",781135.7765392981,"seasonally and calendar adjusted (X13-ARIMA-SEATS, JDemetra+ 2.2.4), discrete quarter, as published; quarterly national accounts vintage -- see metadata"
2021-04-01,national,M,"Профессиональная, научная и техническая деятельность",775244.938861563,"seasonally and calendar adjusted (X13-ARIMA-SEATS, JDemetra+ 2.2.4), discrete quarter, as published; quarterly national accounts vintage -- see metadata"
2021-07-01,national,M,"Профессиональная, научная и техническая деятельность",781628.1132531598,"seasonally and calendar adjusted (X13-ARIMA-SEATS, JDemetra+ 2.2.4), discrete quarter, as published; quarterly national accounts vintage -- see metadata"
2021-10-01,national,M,"Профессиональная, научная и техническая деятельность",763641.1226536927,"seasonally and calendar adjusted (X13-ARIMA-SEATS, JDemetra+ 2.2.4), discrete quarter, as published; quarterly national accounts vintage -- see metadata"
2022-01-01,national,M,"Профессиональная, научная и техническая деятельность",794964.8197986197,"seasonally and calendar adjusted (X13-ARIMA-SEATS, JDemetra+ 2.2.4), discrete quarter, as published; quarterly national accounts vintage -- see metadata"
2022-04-01,national,M,"Профессиональная, научная и техническая деятельность",827127.6136800182,"seasonally and calendar adjusted (X13-ARIMA-SEATS, JDemetra+ 2.2.4), discrete quarter, as published; quarterly national accounts vintage -- see metadata"
2022-07-01,national,M,"Профессиональная, научная и техническая деятельность",870827.7456822968,"seasonally and calendar adjusted (X13-ARIMA-SEATS, JDemetra+ 2.2.4), discrete quarter, as published; quarterly national accounts vintage -- see metadata"
2022-10-01,national,M,"Профессиональная, научная и техническая деятельность",923391.873980141,"seasonally and calendar adjusted (X13-ARIMA-SEATS, JDemetra+ 2.2.4), discrete quarter, as published; quarterly national accounts vintage -- see metadata"
2023-01-01,national,M,"Профессиональная, научная и техническая деятельность",992646.4399479524,"seasonally and calendar adjusted (X13-ARIMA-SEATS, JDemetra+ 2.2.4), discrete quarter, as published; quarterly national accounts vintage -- see metadata"
2023-04-01,national,M,"Профессиональная, научная и техническая деятельность",1043755.9886049555,"seasonally and calendar adjusted (X13-ARIMA-SEATS, JDemetra+ 2.2.4), discrete quarter, as published; quarterly national accounts vintage -- see metadata"
2023-07-01,national,M,"Профессиональная, научная и техническая деятельность",1057656.8650238563,"seasonally and calendar adjusted (X13-ARIMA-SEATS, JDemetra+ 2.2.4), discrete quarter, as published; quarterly national accounts vintage -- see metadata"
2023-10-01,national,M,"Профессиональная, научная и техническая деятельность",1097268.1470486168,"seasonally and calendar adjusted (X13-ARIMA-SEATS, JDemetra+ 2.2.4), discrete quarter, as published; quarterly national accounts vintage -- see metadata"
2024-01-01,national,M,"Профессиональная, научная и техническая деятельность",1062570.016590542,"seasonally and calendar adjusted (X13-ARIMA-SEATS, JDemetra+ 2.2.4), discrete quarter, as published; quarterly national accounts vintage -- see metadata"
2024-04-01,national,M,"Профессиональная, научная и техническая деятельность",1036573.1565486039,"seasonally and calendar adjusted (X13-ARIMA-SEATS, JDemetra+ 2.2.4), discrete quarter, as published; quarterly national accounts vintage -- see metadata"
2024-07-01,national,M,"Профессиональная, научная и техническая деятельность",1064400.688521273,"seasonally and calendar adjusted (X13-ARIMA-SEATS, JDemetra+ 2.2.4), discrete quarter, as published; quarterly national accounts vintage -- see metadata"
2024-10-01,national,M,"Профессиональная, научная и техническая деятельность",1033586.2173133007,"seasonally and calendar adjusted (X13-ARIMA-SEATS, JDemetra+ 2.2.4), discrete quarter, as published; quarterly national accounts vintage -- see metadata"
2025-01-01,national,M,"Профессиональная, научная и техническая деятельность",1065925.7076687133,"seasonally and calendar adjusted (X13-ARIMA-SEATS, JDemetra+ 2.2.4), discrete quarter, as published; quarterly national accounts vintage -- see metadata"
2025-04-01,national,M,"Профессиональная, научная и техническая деятельность",1127830.694970602,"seasonally and calendar adjusted (X13-ARIMA-SEATS, JDemetra+ 2.2.4), discrete quarter, as published; quarterly national accounts vintage -- see metadata"
2025-07-01,national,M,"Профессиональная, научная и техническая деятельность",1183879.2787989797,"seasonally and calendar adjusted (X13-ARIMA-SEATS, JDemetra+ 2.2.4), discrete quarter, as published; quarterly national accounts vintage -- see metadata"
2025-10-01,national,M,"Профессиональная, научная и техническая деятельность",1309862.1604111325,"seasonally and calendar adjusted (X13-ARIMA-SEATS, JDemetra+ 2.2.4), discrete quarter, as published; quarterly national accounts vintage -- see metadata"
2026-01-01,national,M,"Профессиональная, научная и техническая деятельность",1147707.4058271325,"seasonally and calendar adjusted (X13-ARIMA-SEATS, JDemetra+ 2.2.4), discrete quarter, as published; quarterly national accounts vintage -- see metadata"
2010-01-01,national,N,Деятельность в области административного и вспомогательного обслуживания,102439.51854147736,"seasonally and calendar adjusted (X13-ARIMA-SEATS, JDemetra+ 2.2.4), discrete quarter, as published; quarterly national accounts vintage -- see metadata"
2010-04-01,national,N,Деятельность в области административного и вспомогательного обслуживания,107792.54008119274,"seasonally and calendar adjusted (X13-ARIMA-SEATS, JDemetra+ 2.2.4), discrete quarter, as published; quarterly national accounts vintage -- see metadata"
2010-07-01,national,N,Деятельность в области административного и вспомогательного обслуживания,122358.18292671508,"seasonally and calendar adjusted (X13-ARIMA-SEATS, JDemetra+ 2.2.4), discrete quarter, as published; quarterly national accounts vintage -- see metadata"
2010-10-01,national,N,Деятельность в области административного и вспомогательного обслуживания,106534.35845061476,"seasonally and calendar adjusted (X13-ARIMA-SEATS, JDemetra+ 2.2.4), discrete quarter, as published; quarterly national accounts vintage -- see metadata"
2011-01-01,national,N,Деятельность в области административного и вспомогательного обслуживания,131777.2551156771,"seasonally and calendar adjusted (X13-ARIMA-SEATS, JDemetra+ 2.2.4), discrete quarter, as published; quarterly national accounts vintage -- see metadata"
2011-04-01,national,N,Деятельность в области административного и вспомогательного обслуживания,123309.46548906495,"seasonally and calendar adjusted (X13-ARIMA-SEATS, JDemetra+ 2.2.4), discrete quarter, as published; quarterly national accounts vintage -- see metadata"
2011-07-01,national,N,Деятельность в области административного и вспомогательного обслуживания,135299.47625401278,"seasonally and calendar adjusted (X13-ARIMA-SEATS, JDemetra+ 2.2.4), discrete quarter, as published; quarterly national accounts vintage -- see metadata"
2011-10-01,national,N,Деятельность в области административного и вспомогательного обслуживания,137307.30314124518,"seasonally and calendar adjusted (X13-ARIMA-SEATS, JDemetra+ 2.2.4), discrete quarter, as published; quarterly national accounts vintage -- see metadata"
2012-01-01,national,N,Деятельность в области административного и вспомогательного обслуживания,147571.19301124854,"seasonally and calendar adjusted (X13-ARIMA-SEATS, JDemetra+ 2.2.4), discrete quarter, as published; quarterly national accounts vintage -- see metadata"
2012-04-01,national,N,Деятельность в области административного и вспомогательного обслуживания,141064.4140135204,"seasonally and calendar adjusted (X13-ARIMA-SEATS, JDemetra+ 2.2.4), discrete quarter, as published; quarterly national accounts vintage -- see metadata"
2012-07-01,national,N,Деятельность в области административного и вспомогательного обслуживания,149365.1223922091,"seasonally and calendar adjusted (X13-ARIMA-SEATS, JDemetra+ 2.2.4), discrete quarter, as published; quarterly national accounts vintage -- see metadata"
2012-10-01,national,N,Деятельность в области административного и вспомогательного обслуживания,151769.46159583758,"seasonally and calendar adjusted (X13-ARIMA-SEATS, JDemetra+ 2.2.4), discrete quarter, as published; quarterly national accounts vintage -- see metadata"
2013-01-01,national,N,Деятельность в области административного и вспомогательного обслуживания,174624.60443278428,"seasonally and calendar adjusted (X13-ARIMA-SEATS, JDemetra+ 2.2.4), discrete quarter, as published; quarterly national accounts vintage -- see metadata"
2013-04-01,national,N,Деятельность в области административного и вспомогательного обслуживания,143608.87503018594,"seasonally and calendar adjusted (X13-ARIMA-SEATS, JDemetra+ 2.2.4), discrete quarter, as published; quarterly national accounts vintage -- see metadata"
2013-07-01,national,N,Деятельность в области административного и вспомогательного обслуживания,155422.7911708819,"seasonally and calendar adjusted (X13-ARIMA-SEATS, JDemetra+ 2.2.4), discrete quarter, as published; quarterly national accounts vintage -- see metadata"
2013-10-01,national,N,Деятельность в области административного и вспомогательного обслуживания,196032.84727744418,"seasonally and calendar adjusted (X13-ARIMA-SEATS, JDemetra+ 2.2.4), discrete quarter, as published; quarterly national accounts vintage -- see metadata"
2014-01-01,national,N,Деятельность в области административного и вспомогательного обслуживания,179303.03126888824,"seasonally and calendar adjusted (X13-ARIMA-SEATS, JDemetra+ 2.2.4), discrete quarter, as published; quarterly national accounts vintage -- see metadata"
2014-04-01,national,N,Деятельность в области административного и вспомогательного обслуживания,209840.59495815635,"seasonally and calendar adjusted (X13-ARIMA-SEATS, JDemetra+ 2.2.4), discrete quarter, as published; quarterly national accounts vintage -- see metadata"
2014-07-01,national,N,Деятельность в области административного и вспомогательного обслуживания,213651.81209842025,"seasonally and calendar adjusted (X13-ARIMA-SEATS, JDemetra+ 2.2.4), discrete quarter, as published; quarterly national accounts vintage -- see metadata"
2014-10-01,national,N,Деятельность в области административного и вспомогательного обслуживания,204493.57075839257,"seasonally and calendar adjusted (X13-ARIMA-SEATS, JDemetra+ 2.2.4), discrete quarter, as published; quarterly national accounts vintage -- see metadata"
2015-01-01,national,N,Деятельность в области административного и вспомогательного обслуживания,200104.13504327304,"seasonally and calendar adjusted (X13-ARIMA-SEATS, JDemetra+ 2.2.4), discrete quarter, as published; quarterly national accounts vintage -- see metadata"
2015-04-01,national,N,Деятельность в области административного и вспомогательного обслуживания,236686.935818506,"seasonally and calendar adjusted (X13-ARIMA-SEATS, JDemetra+ 2.2.4), discrete quarter, as published; quarterly national accounts vintage -- see metadata"
2015-07-01,national,N,Деятельность в области административного и вспомогательного обслуживания,225750.1452211441,"seasonally and calendar adjusted (X13-ARIMA-SEATS, JDemetra+ 2.2.4), discrete quarter, as published; quarterly national accounts vintage -- see metadata"
2015-10-01,national,N,Деятельность в области административного и вспомогательного обслуживания,257144.85673612982,"seasonally and calendar adjusted (X13-ARIMA-SEATS, JDemetra+ 2.2.4), discrete quarter, as published; quarterly national accounts vintage -- see metadata"
2016-01-01,national,N,Деятельность в области административного и вспомогательного обслуживания,270165.61614639964,"seasonally and calendar adjusted (X13-ARIMA-SEATS, JDemetra+ 2.2.4), discrete quarter, as published; quarterly national accounts vintage -- see metadata"
2016-04-01,national,N,Деятельность в области административного и вспомогательного обслуживания,277961.09306254954,"seasonally and calendar adjusted (X13-ARIMA-SEATS, JDemetra+ 2.2.4), discrete quarter, as published; quarterly national accounts vintage -- see metadata"
2016-07-01,national,N,Деятельность в области административного и вспомогательного обслуживания,280870.1532981155,"seasonally and calendar adjusted (X13-ARIMA-SEATS, JDemetra+ 2.2.4), discrete quarter, as published; quarterly national accounts vintage -- see metadata"
2016-10-01,national,N,Деятельность в области административного и вспомогательного обслуживания,271228.63357465167,"seasonally and calendar adjusted (X13-ARIMA-SEATS, JDemetra+ 2.2.4), discrete quarter, as published; quarterly national accounts vintage -- see metadata"
2017-01-01,national,N,Деятельность в области административного и вспомогательного обслуживания,288407.2898083854,"seasonally and calendar adjusted (X13-ARIMA-SEATS, JDemetra+ 2.2.4), discrete quarter, as published; quarterly national accounts vintage -- see metadata"
2017-04-01,national,N,Деятельность в области административного и вспомогательного обслуживания,296491.18325859075,"seasonally and calendar adjusted (X13-ARIMA-SEATS, JDemetra+ 2.2.4), discrete quarter, as published; quarterly national accounts vintage -- see metadata"
2017-07-01,national,N,Деятельность в области административного и вспомогательного обслуживания,342181.3390849405,"seasonally and calendar adjusted (X13-ARIMA-SEATS, JDemetra+ 2.2.4), discrete quarter, as published; quarterly national accounts vintage -- see metadata"
2017-10-01,national,N,Деятельность в области административного и вспомогательного обслуживания,313218.89758292417,"seasonally and calendar adjusted (X13-ARIMA-SEATS, JDemetra+ 2.2.4), discrete quarter, as published; quarterly national accounts vintage -- see metadata"
2018-01-01,national,N,Деятельность в области административного и вспомогательного обслуживания,321004.8243439201,"seasonally and calendar adjusted (X13-ARIMA-SEATS, JDemetra+ 2.2.4), discrete quarter, as published; quarterly national accounts vintage -- see metadata"
2018-04-01,national,N,Деятельность в области административного и вспомогательного обслуживания,328055.72555252124,"seasonally and calendar adjusted (X13-ARIMA-SEATS, JDemetra+ 2.2.4), discrete quarter, as published; quarterly national accounts vintage -- see metadata"
2018-07-01,national,N,Деятельность в области административного и вспомогательного обслуживания,350444.6132971782,"seasonally and calendar adjusted (X13-ARIMA-SEATS, JDemetra+ 2.2.4), discrete quarter, as published; quarterly national accounts vintage -- see metadata"
2018-10-01,national,N,Деятельность в области административного и вспомогательного обслуживания,368415.4796038738,"seasonally and calendar adjusted (X13-ARIMA-SEATS, JDemetra+ 2.2.4), discrete quarter, as published; quarterly national accounts vintage -- see metadata"
2019-01-01,national,N,Деятельность в области административного и вспомогательного обслуживания,383417.84054923744,"seasonally and calendar adjusted (X13-ARIMA-SEATS, JDemetra+ 2.2.4), discrete quarter, as published; quarterly national accounts vintage -- see metadata"
2019-04-01,national,N,Деятельность в области административного и вспомогательного обслуживания,395764.8286552762,"seasonally and calendar adjusted (X13-ARIMA-SEATS, JDemetra+ 2.2.4), discrete quarter, as published; quarterly national accounts vintage -- see metadata"
2019-07-01,national,N,Деятельность в области административного и вспомогательного обслуживания,399634.87749135954,"seasonally and calendar adjusted (X13-ARIMA-SEATS, JDemetra+ 2.2.4), discrete quarter, as published; quarterly national accounts vintage -- see metadata"
2019-10-01,national,N,Деятельность в области административного и вспомогательного обслуживания,418166.2755626308,"seasonally and calendar adjusted (X13-ARIMA-SEATS, JDemetra+ 2.2.4), discrete quarter, as published; quarterly national accounts vintage -- see metadata"
2020-01-01,national,N,Деятельность в области административного и вспомогательного обслуживания,453085.14905428607,"seasonally and calendar adjusted (X13-ARIMA-SEATS, JDemetra+ 2.2.4), discrete quarter, as published; quarterly national accounts vintage -- see metadata"
2020-04-01,national,N,Деятельность в области административного и вспомогательного обслуживания,392728.88532521104,"seasonally and calendar adjusted (X13-ARIMA-SEATS, JDemetra+ 2.2.4), discrete quarter, as published; quarterly national accounts vintage -- see metadata"
2020-07-01,national,N,Деятельность в области административного и вспомогательного обслуживания,371151.36894752784,"seasonally and calendar adjusted (X13-ARIMA-SEATS, JDemetra+ 2.2.4), discrete quarter, as published; quarterly national accounts vintage -- see metadata"
2020-10-01,national,N,Деятельность в области административного и вспомогательного обслуживания,390681.10123425344,"seasonally and calendar adjusted (X13-ARIMA-SEATS, JDemetra+ 2.2.4), discrete quarter, as published; quarterly national accounts vintage -- see metadata"
2021-01-01,national,N,Деятельность в области административного и вспомогательного обслуживания,407256.11090792704,"seasonally and calendar adjusted (X13-ARIMA-SEATS, JDemetra+ 2.2.4), discrete quarter, as published; quarterly national accounts vintage -- see metadata"
2021-04-01,national,N,Деятельность в области административного и вспомогательного обслуживания,418792.12048367393,"seasonally and calendar adjusted (X13-ARIMA-SEATS, JDemetra+ 2.2.4), discrete quarter, as published; quarterly national accounts vintage -- see metadata"
2021-07-01,national,N,Деятельность в области административного и вспомогательного обслуживания,452374.7651913654,"seasonally and calendar adjusted (X13-ARIMA-SEATS, JDemetra+ 2.2.4), discrete quarter, as published; quarterly national accounts vintage -- see metadata"
2021-10-01,national,N,Деятельность в области административного и вспомогательного обслуживания,454769.1849973168,"seasonally and calendar adjusted (X13-ARIMA-SEATS, JDemetra+ 2.2.4), discrete quarter, as published; quarterly national accounts vintage -- see metadata"
2022-01-01,national,N,Деятельность в области административного и вспомогательного обслуживания,522001.25032569334,"seasonally and calendar adjusted (X13-ARIMA-SEATS, JDemetra+ 2.2.4), discrete quarter, as published; quarterly national accounts vintage -- see metadata"
2022-04-01,national,N,Деятельность в области административного и вспомогательного обслуживания,536385.83545885,"seasonally and calendar adjusted (X13-ARIMA-SEATS, JDemetra+ 2.2.4), discrete quarter, as published; quarterly national accounts vintage -- see metadata"
2022-07-01,national,N,Деятельность в области административного и вспомогательного обслуживания,569265.9426668035,"seasonally and calendar adjusted (X13-ARIMA-SEATS, JDemetra+ 2.2.4), discrete quarter, as published; quarterly national accounts vintage -- see metadata"
2022-10-01,national,N,Деятельность в области административного и вспомогательного обслуживания,578434.3962528089,"seasonally and calendar adjusted (X13-ARIMA-SEATS, JDemetra+ 2.2.4), discrete quarter, as published; quarterly national accounts vintage -- see metadata"
2023-01-01,national,N,Деятельность в области административного и вспомогательного обслуживания,607972.1308928552,"seasonally and calendar adjusted (X13-ARIMA-SEATS, JDemetra+ 2.2.4), discrete quarter, as published; quarterly national accounts vintage -- see metadata"
2023-04-01,national,N,Деятельность в области административного и вспомогательного обслуживания,704463.544029926,"seasonally and calendar adjusted (X13-ARIMA-SEATS, JDemetra+ 2.2.4), discrete quarter, as published; quarterly national accounts vintage -- see metadata"
2023-07-01,national,N,Деятельность в области административного и вспомогательного обслуживания,716709.3562045495,"seasonally and calendar adjusted (X13-ARIMA-SEATS, JDemetra+ 2.2.4), discrete quarter, as published; quarterly national accounts vintage -- see metadata"
2023-10-01,national,N,Деятельность в области административного и вспомогательного обслуживания,774895.528864721,"seasonally and calendar adjusted (X13-ARIMA-SEATS, JDemetra+ 2.2.4), discrete quarter, as published; quarterly national accounts vintage -- see metadata"
2024-01-01,national,N,Деятельность в области административного и вспомогательного обслуживания,789089.526433738,"seasonally and calendar adjusted (X13-ARIMA-SEATS, JDemetra+ 2.2.4), discrete quarter, as published; quarterly national accounts vintage -- see metadata"
2024-04-01,national,N,Деятельность в области административного и вспомогательного обслуживания,692488.6133573902,"seasonally and calendar adjusted (X13-ARIMA-SEATS, JDemetra+ 2.2.4), discrete quarter, as published; quarterly national accounts vintage -- see metadata"
2024-07-01,national,N,Деятельность в области административного и вспомогательного обслуживания,974655.6436538963,"seasonally and calendar adjusted (X13-ARIMA-SEATS, JDemetra+ 2.2.4), discrete quarter, as published; quarterly national accounts vintage -- see metadata"
2024-10-01,national,N,Деятельность в области административного и вспомогательного обслуживания,748007.8014215436,"seasonally and calendar adjusted (X13-ARIMA-SEATS, JDemetra+ 2.2.4), discrete quarter, as published; quarterly national accounts vintage -- see metadata"
2025-01-01,national,N,Деятельность в области административного и вспомогательного обслуживания,837707.909320885,"seasonally and calendar adjusted (X13-ARIMA-SEATS, JDemetra+ 2.2.4), discrete quarter, as published; quarterly national accounts vintage -- see metadata"
2025-04-01,national,N,Деятельность в области административного и вспомогательного обслуживания,841515.3526194784,"seasonally and calendar adjusted (X13-ARIMA-SEATS, JDemetra+ 2.2.4), discrete quarter, as published; quarterly national accounts vintage -- see metadata"
2025-07-01,national,N,Деятельность в области административного и вспомогательного обслуживания,838160.5331185979,"seasonally and calendar adjusted (X13-ARIMA-SEATS, JDemetra+ 2.2.4), discrete quarter, as published; quarterly national accounts vintage -- see metadata"
2025-10-01,national,N,Деятельность в области административного и вспомогательного обслуживания,891558.8035121957,"seasonally and calendar adjusted (X13-ARIMA-SEATS, JDemetra+ 2.2.4), discrete quarter, as published; quarterly national accounts vintage -- see metadata"
2026-01-01,national,N,Деятельность в области административного и вспомогательного обслуживания,820527.7985484479,"seasonally and calendar adjusted (X13-ARIMA-SEATS, JDemetra+ 2.2.4), discrete quarter, as published; quarterly national accounts vintage -- see metadata"
2010-01-01,national,NET_TAXES,Чистые налоги на продукты,208985.06152178728,"seasonally and calendar adjusted (X13-ARIMA-SEATS, JDemetra+ 2.2.4), discrete quarter, as published; quarterly national accounts vintage -- see metadata"
2010-04-01,national,NET_TAXES,Чистые налоги на продукты,246474.77624028537,"seasonally and calendar adjusted (X13-ARIMA-SEATS, JDemetra+ 2.2.4), discrete quarter, as published; quarterly national accounts vintage -- see metadata"
2010-07-01,national,NET_TAXES,Чистые налоги на продукты,296276.2534101968,"seasonally and calendar adjusted (X13-ARIMA-SEATS, JDemetra+ 2.2.4), discrete quarter, as published; quarterly national accounts vintage -- see metadata"
2010-10-01,national,NET_TAXES,Чистые налоги на продукты,736839.9168742864,"seasonally and calendar adjusted (X13-ARIMA-SEATS, JDemetra+ 2.2.4), discrete quarter, as published; quarterly national accounts vintage -- see metadata"
2011-01-01,national,NET_TAXES,Чистые налоги на продукты,531724.8130642644,"seasonally and calendar adjusted (X13-ARIMA-SEATS, JDemetra+ 2.2.4), discrete quarter, as published; quarterly national accounts vintage -- see metadata"
2011-04-01,national,NET_TAXES,Чистые налоги на продукты,689834.5667437864,"seasonally and calendar adjusted (X13-ARIMA-SEATS, JDemetra+ 2.2.4), discrete quarter, as published; quarterly national accounts vintage -- see metadata"
2011-07-01,national,NET_TAXES,Чистые налоги на продукты,689805.5728799478,"seasonally and calendar adjusted (X13-ARIMA-SEATS, JDemetra+ 2.2.4), discrete quarter, as published; quarterly national accounts vintage -- see metadata"
2011-10-01,national,NET_TAXES,Чистые налоги на продукты,597974.6465339666,"seasonally and calendar adjusted (X13-ARIMA-SEATS, JDemetra+ 2.2.4), discrete quarter, as published; quarterly national accounts vintage -- see metadata"
2012-01-01,national,NET_TAXES,Чистые налоги на продукты,608521.3265315343,"seasonally and calendar adjusted (X13-ARIMA-SEATS, JDemetra+ 2.2.4), discrete quarter, as published; quarterly national accounts vintage -- see metadata"
2012-04-01,national,NET_TAXES,Чистые налоги на продукты,663170.9045749807,"seasonally and calendar adjusted (X13-ARIMA-SEATS, JDemetra+ 2.2.4), discrete quarter, as published; quarterly national accounts vintage -- see metadata"
2012-07-01,national,NET_TAXES,Чистые налоги на продукты,614402.2116864506,"seasonally and calendar adjusted (X13-ARIMA-SEATS, JDemetra+ 2.2.4), discrete quarter, as published; quarterly national accounts vintage -- see metadata"
2012-10-01,national,NET_TAXES,Чистые налоги на продукты,616888.363314741,"seasonally and calendar adjusted (X13-ARIMA-SEATS, JDemetra+ 2.2.4), discrete quarter, as published; quarterly national accounts vintage -- see metadata"
2013-01-01,national,NET_TAXES,Чистые налоги на продукты,714258.5144947491,"seasonally and calendar adjusted (X13-ARIMA-SEATS, JDemetra+ 2.2.4), discrete quarter, as published; quarterly national accounts vintage -- see metadata"
2013-04-01,national,NET_TAXES,Чистые налоги на продукты,830077.3389695002,"seasonally and calendar adjusted (X13-ARIMA-SEATS, JDemetra+ 2.2.4), discrete quarter, as published; quarterly national accounts vintage -- see metadata"
2013-07-01,national,NET_TAXES,Чистые налоги на продукты,743775.2231712531,"seasonally and calendar adjusted (X13-ARIMA-SEATS, JDemetra+ 2.2.4), discrete quarter, as published; quarterly national accounts vintage -- see metadata"
2013-10-01,national,NET_TAXES,Чистые налоги на продукты,804377.1837708533,"seasonally and calendar adjusted (X13-ARIMA-SEATS, JDemetra+ 2.2.4), discrete quarter, as published; quarterly national accounts vintage -- see metadata"
2014-01-01,national,NET_TAXES,Чистые налоги на продукты,790285.9651010289,"seasonally and calendar adjusted (X13-ARIMA-SEATS, JDemetra+ 2.2.4), discrete quarter, as published; quarterly national accounts vintage -- see metadata"
2014-04-01,national,NET_TAXES,Чистые налоги на продукты,738657.7183248126,"seasonally and calendar adjusted (X13-ARIMA-SEATS, JDemetra+ 2.2.4), discrete quarter, as published; quarterly national accounts vintage -- see metadata"
2014-07-01,national,NET_TAXES,Чистые налоги на продукты,778522.1408497405,"seasonally and calendar adjusted (X13-ARIMA-SEATS, JDemetra+ 2.2.4), discrete quarter, as published; quarterly national accounts vintage -- see metadata"
2014-10-01,national,NET_TAXES,Чистые налоги на продукты,722693.4218395174,"seasonally and calendar adjusted (X13-ARIMA-SEATS, JDemetra+ 2.2.4), discrete quarter, as published; quarterly national accounts vintage -- see metadata"
2015-01-01,national,NET_TAXES,Чистые налоги на продукты,446232.1537666134,"seasonally and calendar adjusted (X13-ARIMA-SEATS, JDemetra+ 2.2.4), discrete quarter, as published; quarterly national accounts vintage -- see metadata"
2015-04-01,national,NET_TAXES,Чистые налоги на продукты,470502.4883950801,"seasonally and calendar adjusted (X13-ARIMA-SEATS, JDemetra+ 2.2.4), discrete quarter, as published; quarterly national accounts vintage -- see metadata"
2015-07-01,national,NET_TAXES,Чистые налоги на продукты,579616.8215055496,"seasonally and calendar adjusted (X13-ARIMA-SEATS, JDemetra+ 2.2.4), discrete quarter, as published; quarterly national accounts vintage -- see metadata"
2015-10-01,national,NET_TAXES,Чистые налоги на продукты,650420.9305854456,"seasonally and calendar adjusted (X13-ARIMA-SEATS, JDemetra+ 2.2.4), discrete quarter, as published; quarterly national accounts vintage -- see metadata"
2016-01-01,national,NET_TAXES,Чистые налоги на продукты,664238.6522667506,"seasonally and calendar adjusted (X13-ARIMA-SEATS, JDemetra+ 2.2.4), discrete quarter, as published; quarterly national accounts vintage -- see metadata"
2016-04-01,national,NET_TAXES,Чистые налоги на продукты,680039.8277744388,"seasonally and calendar adjusted (X13-ARIMA-SEATS, JDemetra+ 2.2.4), discrete quarter, as published; quarterly national accounts vintage -- see metadata"
2016-07-01,national,NET_TAXES,Чистые налоги на продукты,708542.2403101525,"seasonally and calendar adjusted (X13-ARIMA-SEATS, JDemetra+ 2.2.4), discrete quarter, as published; quarterly national accounts vintage -- see metadata"
2016-10-01,national,NET_TAXES,Чистые налоги на продукты,671400.59126718,"seasonally and calendar adjusted (X13-ARIMA-SEATS, JDemetra+ 2.2.4), discrete quarter, as published; quarterly national accounts vintage -- see metadata"
2017-01-01,national,NET_TAXES,Чистые налоги на продукты,823452.3433531042,"seasonally and calendar adjusted (X13-ARIMA-SEATS, JDemetra+ 2.2.4), discrete quarter, as published; quarterly national accounts vintage -- see metadata"
2017-04-01,national,NET_TAXES,Чистые налоги на продукты,808641.8938403,"seasonally and calendar adjusted (X13-ARIMA-SEATS, JDemetra+ 2.2.4), discrete quarter, as published; quarterly national accounts vintage -- see metadata"
2017-07-01,national,NET_TAXES,Чистые налоги на продукты,715951.6614407809,"seasonally and calendar adjusted (X13-ARIMA-SEATS, JDemetra+ 2.2.4), discrete quarter, as published; quarterly national accounts vintage -- see metadata"
2017-10-01,national,NET_TAXES,Чистые налоги на продукты,958677.4137846592,"seasonally and calendar adjusted (X13-ARIMA-SEATS, JDemetra+ 2.2.4), discrete quarter, as published; quarterly national accounts vintage -- see metadata"
2018-01-01,national,NET_TAXES,Чистые налоги на продукты,942072.8132713734,"seasonally and calendar adjusted (X13-ARIMA-SEATS, JDemetra+ 2.2.4), discrete quarter, as published; quarterly national accounts vintage -- see metadata"
2018-04-01,national,NET_TAXES,Чистые налоги на продукты,1051625.1920157482,"seasonally and calendar adjusted (X13-ARIMA-SEATS, JDemetra+ 2.2.4), discrete quarter, as published; quarterly national accounts vintage -- see metadata"
2018-07-01,national,NET_TAXES,Чистые налоги на продукты,1088087.1620579467,"seasonally and calendar adjusted (X13-ARIMA-SEATS, JDemetra+ 2.2.4), discrete quarter, as published; quarterly national accounts vintage -- see metadata"
2018-10-01,national,NET_TAXES,Чистые налоги на продукты,1105156.7213514992,"seasonally and calendar adjusted (X13-ARIMA-SEATS, JDemetra+ 2.2.4), discrete quarter, as published; quarterly national accounts vintage -- see metadata"
2019-01-01,national,NET_TAXES,Чистые налоги на продукты,1167417.4029125664,"seasonally and calendar adjusted (X13-ARIMA-SEATS, JDemetra+ 2.2.4), discrete quarter, as published; quarterly national accounts vintage -- see metadata"
2019-04-01,national,NET_TAXES,Чистые налоги на продукты,1248126.6350007674,"seasonally and calendar adjusted (X13-ARIMA-SEATS, JDemetra+ 2.2.4), discrete quarter, as published; quarterly national accounts vintage -- see metadata"
2019-07-01,national,NET_TAXES,Чистые налоги на продукты,1225412.6553139049,"seasonally and calendar adjusted (X13-ARIMA-SEATS, JDemetra+ 2.2.4), discrete quarter, as published; quarterly national accounts vintage -- see metadata"
2019-10-01,national,NET_TAXES,Чистые налоги на продукты,1298510.597442388,"seasonally and calendar adjusted (X13-ARIMA-SEATS, JDemetra+ 2.2.4), discrete quarter, as published; quarterly national accounts vintage -- see metadata"
2020-01-01,national,NET_TAXES,Чистые налоги на продукты,1106734.661230047,"seasonally and calendar adjusted (X13-ARIMA-SEATS, JDemetra+ 2.2.4), discrete quarter, as published; quarterly national accounts vintage -- see metadata"
2020-04-01,national,NET_TAXES,Чистые налоги на продукты,718889.3995040008,"seasonally and calendar adjusted (X13-ARIMA-SEATS, JDemetra+ 2.2.4), discrete quarter, as published; quarterly national accounts vintage -- see metadata"
2020-07-01,national,NET_TAXES,Чистые налоги на продукты,1001585.9315494807,"seasonally and calendar adjusted (X13-ARIMA-SEATS, JDemetra+ 2.2.4), discrete quarter, as published; quarterly national accounts vintage -- see metadata"
2020-10-01,national,NET_TAXES,Чистые налоги на продукты,1097301.6536346588,"seasonally and calendar adjusted (X13-ARIMA-SEATS, JDemetra+ 2.2.4), discrete quarter, as published; quarterly national accounts vintage -- see metadata"
2021-01-01,national,NET_TAXES,Чистые налоги на продукты,911551.5065871462,"seasonally and calendar adjusted (X13-ARIMA-SEATS, JDemetra+ 2.2.4), discrete quarter, as published; quarterly national accounts vintage -- see metadata"
2021-04-01,national,NET_TAXES,Чистые налоги на продукты,1477452.8601543251,"seasonally and calendar adjusted (X13-ARIMA-SEATS, JDemetra+ 2.2.4), discrete quarter, as published; quarterly national accounts vintage -- see metadata"
2021-07-01,national,NET_TAXES,Чистые налоги на продукты,1354008.6131580672,"seasonally and calendar adjusted (X13-ARIMA-SEATS, JDemetra+ 2.2.4), discrete quarter, as published; quarterly national accounts vintage -- see metadata"
2021-10-01,national,NET_TAXES,Чистые налоги на продукты,1209345.6917341377,"seasonally and calendar adjusted (X13-ARIMA-SEATS, JDemetra+ 2.2.4), discrete quarter, as published; quarterly national accounts vintage -- see metadata"
2022-01-01,national,NET_TAXES,Чистые налоги на продукты,1757790.46416889,"seasonally and calendar adjusted (X13-ARIMA-SEATS, JDemetra+ 2.2.4), discrete quarter, as published; quarterly national accounts vintage -- see metadata"
2022-04-01,national,NET_TAXES,Чистые налоги на продукты,1911968.06101726,"seasonally and calendar adjusted (X13-ARIMA-SEATS, JDemetra+ 2.2.4), discrete quarter, as published; quarterly national accounts vintage -- see metadata"
2022-07-01,national,NET_TAXES,Чистые налоги на продукты,1952203.4699609566,"seasonally and calendar adjusted (X13-ARIMA-SEATS, JDemetra+ 2.2.4), discrete quarter, as published; quarterly national accounts vintage -- see metadata"
2022-10-01,national,NET_TAXES,Чистые налоги на продукты,1886815.3003454807,"seasonally and calendar adjusted (X13-ARIMA-SEATS, JDemetra+ 2.2.4), discrete quarter, as published; quarterly national accounts vintage -- see metadata"
2023-01-01,national,NET_TAXES,Чистые налоги на продукты,2219071.8285233015,"seasonally and calendar adjusted (X13-ARIMA-SEATS, JDemetra+ 2.2.4), discrete quarter, as published; quarterly national accounts vintage -- see metadata"
2023-04-01,national,NET_TAXES,Чистые налоги на продукты,2188277.5854811408,"seasonally and calendar adjusted (X13-ARIMA-SEATS, JDemetra+ 2.2.4), discrete quarter, as published; quarterly national accounts vintage -- see metadata"
2023-07-01,national,NET_TAXES,Чистые налоги на продукты,2146561.570370637,"seasonally and calendar adjusted (X13-ARIMA-SEATS, JDemetra+ 2.2.4), discrete quarter, as published; quarterly national accounts vintage -- see metadata"
2023-10-01,national,NET_TAXES,Чистые налоги на продукты,2274397.6460067993,"seasonally and calendar adjusted (X13-ARIMA-SEATS, JDemetra+ 2.2.4), discrete quarter, as published; quarterly national accounts vintage -- see metadata"
2024-01-01,national,NET_TAXES,Чистые налоги на продукты,1973343.075215951,"seasonally and calendar adjusted (X13-ARIMA-SEATS, JDemetra+ 2.2.4), discrete quarter, as published; quarterly national accounts vintage -- see metadata"
2024-04-01,national,NET_TAXES,Чистые налоги на продукты,1924751.6963385008,"seasonally and calendar adjusted (X13-ARIMA-SEATS, JDemetra+ 2.2.4), discrete quarter, as published; quarterly national accounts vintage -- see metadata"
2024-07-01,national,NET_TAXES,Чистые налоги на продукты,2188023.851047017,"seasonally and calendar adjusted (X13-ARIMA-SEATS, JDemetra+ 2.2.4), discrete quarter, as published; quarterly national accounts vintage -- see metadata"
2024-10-01,national,NET_TAXES,Чистые налоги на продукты,2156924.0171236624,"seasonally and calendar adjusted (X13-ARIMA-SEATS, JDemetra+ 2.2.4), discrete quarter, as published; quarterly national accounts vintage -- see metadata"
2025-01-01,national,NET_TAXES,Чистые налоги на продукты,2091207.4094180216,"seasonally and calendar adjusted (X13-ARIMA-SEATS, JDemetra+ 2.2.4), discrete quarter, as published; quarterly national accounts vintage -- see metadata"
2025-04-01,national,NET_TAXES,Чистые налоги на продукты,2307569.0731841614,"seasonally and calendar adjusted (X13-ARIMA-SEATS, JDemetra+ 2.2.4), discrete quarter, as published; quarterly national accounts vintage -- see metadata"
2025-07-01,national,NET_TAXES,Чистые налоги на продукты,2317707.8440704443,"seasonally and calendar adjusted (X13-ARIMA-SEATS, JDemetra+ 2.2.4), discrete quarter, as published; quarterly national accounts vintage -- see metadata"
2025-10-01,national,NET_TAXES,Чистые налоги на продукты,2556306.253817013,"seasonally and calendar adjusted (X13-ARIMA-SEATS, JDemetra+ 2.2.4), discrete quarter, as published; quarterly national accounts vintage -- see metadata"
2026-01-01,national,NET_TAXES,Чистые налоги на продукты,2715434.8691833946,"seasonally and calendar adjusted (X13-ARIMA-SEATS, JDemetra+ 2.2.4), discrete quarter, as published; quarterly national accounts vintage -- see metadata"
2010-01-01,national,O,Государственное управление и оборона; обязательное социальное обеспечение,122904.27443815231,"seasonally and calendar adjusted (X13-ARIMA-SEATS, JDemetra+ 2.2.4), discrete quarter, as published; quarterly national accounts vintage -- see metadata"
2010-04-01,national,O,Государственное управление и оборона; обязательное социальное обеспечение,121297.34917730575,"seasonally and calendar adjusted (X13-ARIMA-SEATS, JDemetra+ 2.2.4), discrete quarter, as published; quarterly national accounts vintage -- see metadata"
2010-07-01,national,O,Государственное управление и оборона; обязательное социальное обеспечение,131628.86210935176,"seasonally and calendar adjusted (X13-ARIMA-SEATS, JDemetra+ 2.2.4), discrete quarter, as published; quarterly national accounts vintage -- see metadata"
2010-10-01,national,O,Государственное управление и оборона; обязательное социальное обеспечение,120950.00137885696,"seasonally and calendar adjusted (X13-ARIMA-SEATS, JDemetra+ 2.2.4), discrete quarter, as published; quarterly national accounts vintage -- see metadata"
2011-01-01,national,O,Государственное управление и оборона; обязательное социальное обеспечение,142096.97561778725,"seasonally and calendar adjusted (X13-ARIMA-SEATS, JDemetra+ 2.2.4), discrete quarter, as published; quarterly national accounts vintage -- see metadata"
2011-04-01,national,O,Государственное управление и оборона; обязательное социальное обеспечение,137199.1395838079,"seasonally and calendar adjusted (X13-ARIMA-SEATS, JDemetra+ 2.2.4), discrete quarter, as published; quarterly national accounts vintage -- see metadata"
2011-07-01,national,O,Государственное управление и оборона; обязательное социальное обеспечение,146491.51773997393,"seasonally and calendar adjusted (X13-ARIMA-SEATS, JDemetra+ 2.2.4), discrete quarter, as published; quarterly national accounts vintage -- see metadata"
2011-10-01,national,O,Государственное управление и оборона; обязательное социальное обеспечение,164322.02206550425,"seasonally and calendar adjusted (X13-ARIMA-SEATS, JDemetra+ 2.2.4), discrete quarter, as published; quarterly national accounts vintage -- see metadata"
2012-01-01,national,O,Государственное управление и оборона; обязательное социальное обеспечение,149866.337905482,"seasonally and calendar adjusted (X13-ARIMA-SEATS, JDemetra+ 2.2.4), discrete quarter, as published; quarterly national accounts vintage -- see metadata"
2012-04-01,national,O,Государственное управление и оборона; обязательное социальное обеспечение,170046.49723511457,"seasonally and calendar adjusted (X13-ARIMA-SEATS, JDemetra+ 2.2.4), discrete quarter, as published; quarterly national accounts vintage -- see metadata"
2012-07-01,national,O,Государственное управление и оборона; обязательное социальное обеспечение,173797.4239271598,"seasonally and calendar adjusted (X13-ARIMA-SEATS, JDemetra+ 2.2.4), discrete quarter, as published; quarterly national accounts vintage -- see metadata"
2012-10-01,national,O,Государственное управление и оборона; обязательное социальное обеспечение,186946.99157387647,"seasonally and calendar adjusted (X13-ARIMA-SEATS, JDemetra+ 2.2.4), discrete quarter, as published; quarterly national accounts vintage -- see metadata"
2013-01-01,national,O,Государственное управление и оборона; обязательное социальное обеспечение,173017.23125508623,"seasonally and calendar adjusted (X13-ARIMA-SEATS, JDemetra+ 2.2.4), discrete quarter, as published; quarterly national accounts vintage -- see metadata"
2013-04-01,national,O,Государственное управление и оборона; обязательное социальное обеспечение,197782.48580839776,"seasonally and calendar adjusted (X13-ARIMA-SEATS, JDemetra+ 2.2.4), discrete quarter, as published; quarterly national accounts vintage -- see metadata"
2013-07-01,national,O,Государственное управление и оборона; обязательное социальное обеспечение,202622.8274394614,"seasonally and calendar adjusted (X13-ARIMA-SEATS, JDemetra+ 2.2.4), discrete quarter, as published; quarterly national accounts vintage -- see metadata"
2013-10-01,national,O,Государственное управление и оборона; обязательное социальное обеспечение,199959.22510265975,"seasonally and calendar adjusted (X13-ARIMA-SEATS, JDemetra+ 2.2.4), discrete quarter, as published; quarterly national accounts vintage -- see metadata"
2014-01-01,national,O,Государственное управление и оборона; обязательное социальное обеспечение,208093.4274103149,"seasonally and calendar adjusted (X13-ARIMA-SEATS, JDemetra+ 2.2.4), discrete quarter, as published; quarterly national accounts vintage -- see metadata"
2014-04-01,national,O,Государственное управление и оборона; обязательное социальное обеспечение,219858.75011200513,"seasonally and calendar adjusted (X13-ARIMA-SEATS, JDemetra+ 2.2.4), discrete quarter, as published; quarterly national accounts vintage -- see metadata"
2014-07-01,national,O,Государственное управление и оборона; обязательное социальное обеспечение,209941.5941144841,"seasonally and calendar adjusted (X13-ARIMA-SEATS, JDemetra+ 2.2.4), discrete quarter, as published; quarterly national accounts vintage -- see metadata"
2014-10-01,national,O,Государственное управление и оборона; обязательное социальное обеспечение,205665.34229014904,"seasonally and calendar adjusted (X13-ARIMA-SEATS, JDemetra+ 2.2.4), discrete quarter, as published; quarterly national accounts vintage -- see metadata"
2015-01-01,national,O,Государственное управление и оборона; обязательное социальное обеспечение,225769.5785989671,"seasonally and calendar adjusted (X13-ARIMA-SEATS, JDemetra+ 2.2.4), discrete quarter, as published; quarterly national accounts vintage -- see metadata"
2015-04-01,national,O,Государственное управление и оборона; обязательное социальное обеспечение,224814.67778576844,"seasonally and calendar adjusted (X13-ARIMA-SEATS, JDemetra+ 2.2.4), discrete quarter, as published; quarterly national accounts vintage -- see metadata"
2015-07-01,national,O,Государственное управление и оборона; обязательное социальное обеспечение,227874.0342033045,"seasonally and calendar adjusted (X13-ARIMA-SEATS, JDemetra+ 2.2.4), discrete quarter, as published; quarterly national accounts vintage -- see metadata"
2015-10-01,national,O,Государственное управление и оборона; обязательное социальное обеспечение,225326.85122770935,"seasonally and calendar adjusted (X13-ARIMA-SEATS, JDemetra+ 2.2.4), discrete quarter, as published; quarterly national accounts vintage -- see metadata"
2016-01-01,national,O,Государственное управление и оборона; обязательное социальное обеспечение,263041.5499911982,"seasonally and calendar adjusted (X13-ARIMA-SEATS, JDemetra+ 2.2.4), discrete quarter, as published; quarterly national accounts vintage -- see metadata"
2016-04-01,national,O,Государственное управление и оборона; обязательное социальное обеспечение,229774.21504102348,"seasonally and calendar adjusted (X13-ARIMA-SEATS, JDemetra+ 2.2.4), discrete quarter, as published; quarterly national accounts vintage -- see metadata"
2016-07-01,national,O,Государственное управление и оборона; обязательное социальное обеспечение,228765.69350681064,"seasonally and calendar adjusted (X13-ARIMA-SEATS, JDemetra+ 2.2.4), discrete quarter, as published; quarterly national accounts vintage -- see metadata"
2016-10-01,national,O,Государственное управление и оборона; обязательное социальное обеспечение,246161.46568224143,"seasonally and calendar adjusted (X13-ARIMA-SEATS, JDemetra+ 2.2.4), discrete quarter, as published; quarterly national accounts vintage -- see metadata"
2017-01-01,national,O,Государственное управление и оборона; обязательное социальное обеспечение,252807.3891393793,"seasonally and calendar adjusted (X13-ARIMA-SEATS, JDemetra+ 2.2.4), discrete quarter, as published; quarterly national accounts vintage -- see metadata"
2017-04-01,national,O,Государственное управление и оборона; обязательное социальное обеспечение,241940.7942176918,"seasonally and calendar adjusted (X13-ARIMA-SEATS, JDemetra+ 2.2.4), discrete quarter, as published; quarterly national accounts vintage -- see metadata"
2017-07-01,national,O,Государственное управление и оборона; обязательное социальное обеспечение,251102.79418680357,"seasonally and calendar adjusted (X13-ARIMA-SEATS, JDemetra+ 2.2.4), discrete quarter, as published; quarterly national accounts vintage -- see metadata"
2017-10-01,national,O,Государственное управление и оборона; обязательное социальное обеспечение,264054.3530336904,"seasonally and calendar adjusted (X13-ARIMA-SEATS, JDemetra+ 2.2.4), discrete quarter, as published; quarterly national accounts vintage -- see metadata"
2018-01-01,national,O,Государственное управление и оборона; обязательное социальное обеспечение,262279.4341304695,"seasonally and calendar adjusted (X13-ARIMA-SEATS, JDemetra+ 2.2.4), discrete quarter, as published; quarterly national accounts vintage -- see metadata"
2018-04-01,national,O,Государственное управление и оборона; обязательное социальное обеспечение,250187.5105491369,"seasonally and calendar adjusted (X13-ARIMA-SEATS, JDemetra+ 2.2.4), discrete quarter, as published; quarterly national accounts vintage -- see metadata"
2018-07-01,national,O,Государственное управление и оборона; обязательное социальное обеспечение,281116.55623430695,"seasonally and calendar adjusted (X13-ARIMA-SEATS, JDemetra+ 2.2.4), discrete quarter, as published; quarterly national accounts vintage -- see metadata"
2018-10-01,national,O,Государственное управление и оборона; обязательное социальное обеспечение,275253.10617001675,"seasonally and calendar adjusted (X13-ARIMA-SEATS, JDemetra+ 2.2.4), discrete quarter, as published; quarterly national accounts vintage -- see metadata"
2019-01-01,national,O,Государственное управление и оборона; обязательное социальное обеспечение,280979.3773279434,"seasonally and calendar adjusted (X13-ARIMA-SEATS, JDemetra+ 2.2.4), discrete quarter, as published; quarterly national accounts vintage -- see metadata"
2019-04-01,national,O,Государственное управление и оборона; обязательное социальное обеспечение,313667.71854157455,"seasonally and calendar adjusted (X13-ARIMA-SEATS, JDemetra+ 2.2.4), discrete quarter, as published; quarterly national accounts vintage -- see metadata"
2019-07-01,national,O,Государственное управление и оборона; обязательное социальное обеспечение,310915.64021308563,"seasonally and calendar adjusted (X13-ARIMA-SEATS, JDemetra+ 2.2.4), discrete quarter, as published; quarterly national accounts vintage -- see metadata"
2019-10-01,national,O,Государственное управление и оборона; обязательное социальное обеспечение,357013.26160291163,"seasonally and calendar adjusted (X13-ARIMA-SEATS, JDemetra+ 2.2.4), discrete quarter, as published; quarterly national accounts vintage -- see metadata"
2020-01-01,national,O,Государственное управление и оборона; обязательное социальное обеспечение,346157.0823316291,"seasonally and calendar adjusted (X13-ARIMA-SEATS, JDemetra+ 2.2.4), discrete quarter, as published; quarterly national accounts vintage -- see metadata"
2020-04-01,national,O,Государственное управление и оборона; обязательное социальное обеспечение,375760.4275595708,"seasonally and calendar adjusted (X13-ARIMA-SEATS, JDemetra+ 2.2.4), discrete quarter, as published; quarterly national accounts vintage -- see metadata"
2020-07-01,national,O,Государственное управление и оборона; обязательное социальное обеспечение,389221.6303713452,"seasonally and calendar adjusted (X13-ARIMA-SEATS, JDemetra+ 2.2.4), discrete quarter, as published; quarterly national accounts vintage -- see metadata"
2020-10-01,national,O,Государственное управление и оборона; обязательное социальное обеспечение,354724.541809091,"seasonally and calendar adjusted (X13-ARIMA-SEATS, JDemetra+ 2.2.4), discrete quarter, as published; quarterly national accounts vintage -- see metadata"
2021-01-01,national,O,Государственное управление и оборона; обязательное социальное обеспечение,408080.2277798401,"seasonally and calendar adjusted (X13-ARIMA-SEATS, JDemetra+ 2.2.4), discrete quarter, as published; quarterly national accounts vintage -- see metadata"
2021-04-01,national,O,Государственное управление и оборона; обязательное социальное обеспечение,392438.2100423412,"seasonally and calendar adjusted (X13-ARIMA-SEATS, JDemetra+ 2.2.4), discrete quarter, as published; quarterly national accounts vintage -- see metadata"
2021-07-01,national,O,Государственное управление и оборона; обязательное социальное обеспечение,451918.4782522564,"seasonally and calendar adjusted (X13-ARIMA-SEATS, JDemetra+ 2.2.4), discrete quarter, as published; quarterly national accounts vintage -- see metadata"
2021-10-01,national,O,Государственное управление и оборона; обязательное социальное обеспечение,426926.42838860245,"seasonally and calendar adjusted (X13-ARIMA-SEATS, JDemetra+ 2.2.4), discrete quarter, as published; quarterly national accounts vintage -- see metadata"
2022-01-01,national,O,Государственное управление и оборона; обязательное социальное обеспечение,513556.55668803636,"seasonally and calendar adjusted (X13-ARIMA-SEATS, JDemetra+ 2.2.4), discrete quarter, as published; quarterly national accounts vintage -- see metadata"
2022-04-01,national,O,Государственное управление и оборона; обязательное социальное обеспечение,527788.585479053,"seasonally and calendar adjusted (X13-ARIMA-SEATS, JDemetra+ 2.2.4), discrete quarter, as published; quarterly national accounts vintage -- see metadata"
2022-07-01,national,O,Государственное управление и оборона; обязательное социальное обеспечение,502140.6717517979,"seasonally and calendar adjusted (X13-ARIMA-SEATS, JDemetra+ 2.2.4), discrete quarter, as published; quarterly national accounts vintage -- see metadata"
2022-10-01,national,O,Государственное управление и оборона; обязательное социальное обеспечение,554598.0943390767,"seasonally and calendar adjusted (X13-ARIMA-SEATS, JDemetra+ 2.2.4), discrete quarter, as published; quarterly national accounts vintage -- see metadata"
2023-01-01,national,O,Государственное управление и оборона; обязательное социальное обеспечение,570552.4983847769,"seasonally and calendar adjusted (X13-ARIMA-SEATS, JDemetra+ 2.2.4), discrete quarter, as published; quarterly national accounts vintage -- see metadata"
2023-04-01,national,O,Государственное управление и оборона; обязательное социальное обеспечение,613346.4715168589,"seasonally and calendar adjusted (X13-ARIMA-SEATS, JDemetra+ 2.2.4), discrete quarter, as published; quarterly national accounts vintage -- see metadata"
2023-07-01,national,O,Государственное управление и оборона; обязательное социальное обеспечение,539432.7889108844,"seasonally and calendar adjusted (X13-ARIMA-SEATS, JDemetra+ 2.2.4), discrete quarter, as published; quarterly national accounts vintage -- see metadata"
2023-10-01,national,O,Государственное управление и оборона; обязательное социальное обеспечение,691679.9997307291,"seasonally and calendar adjusted (X13-ARIMA-SEATS, JDemetra+ 2.2.4), discrete quarter, as published; quarterly national accounts vintage -- see metadata"
2024-01-01,national,O,Государственное управление и оборона; обязательное социальное обеспечение,585944.7345491853,"seasonally and calendar adjusted (X13-ARIMA-SEATS, JDemetra+ 2.2.4), discrete quarter, as published; quarterly national accounts vintage -- see metadata"
2024-04-01,national,O,Государственное управление и оборона; обязательное социальное обеспечение,602282.9223355001,"seasonally and calendar adjusted (X13-ARIMA-SEATS, JDemetra+ 2.2.4), discrete quarter, as published; quarterly national accounts vintage -- see metadata"
2024-07-01,national,O,Государственное управление и оборона; обязательное социальное обеспечение,690951.259831301,"seasonally and calendar adjusted (X13-ARIMA-SEATS, JDemetra+ 2.2.4), discrete quarter, as published; quarterly national accounts vintage -- see metadata"
2024-10-01,national,O,Государственное управление и оборона; обязательное социальное обеспечение,733966.7346193336,"seasonally and calendar adjusted (X13-ARIMA-SEATS, JDemetra+ 2.2.4), discrete quarter, as published; quarterly national accounts vintage -- see metadata"
2025-01-01,national,O,Государственное управление и оборона; обязательное социальное обеспечение,670275.0011884982,"seasonally and calendar adjusted (X13-ARIMA-SEATS, JDemetra+ 2.2.4), discrete quarter, as published; quarterly national accounts vintage -- see metadata"
2025-04-01,national,O,Государственное управление и оборона; обязательное социальное обеспечение,761187.0746986812,"seasonally and calendar adjusted (X13-ARIMA-SEATS, JDemetra+ 2.2.4), discrete quarter, as published; quarterly national accounts vintage -- see metadata"
2025-07-01,national,O,Государственное управление и оборона; обязательное социальное обеспечение,752196.4718426437,"seasonally and calendar adjusted (X13-ARIMA-SEATS, JDemetra+ 2.2.4), discrete quarter, as published; quarterly national accounts vintage -- see metadata"
2025-10-01,national,O,Государственное управление и оборона; обязательное социальное обеспечение,796073.8615286621,"seasonally and calendar adjusted (X13-ARIMA-SEATS, JDemetra+ 2.2.4), discrete quarter, as published; quarterly national accounts vintage -- see metadata"
2026-01-01,national,O,Государственное управление и оборона; обязательное социальное обеспечение,820636.3893931238,"seasonally and calendar adjusted (X13-ARIMA-SEATS, JDemetra+ 2.2.4), discrete quarter, as published; quarterly national accounts vintage -- see metadata"
2010-01-01,national,P,Образование,180031.9351135429,"seasonally and calendar adjusted (X13-ARIMA-SEATS, JDemetra+ 2.2.4), discrete quarter, as published; quarterly national accounts vintage -- see metadata"
2010-04-01,national,P,Образование,164622.7493486535,"seasonally and calendar adjusted (X13-ARIMA-SEATS, JDemetra+ 2.2.4), discrete quarter, as published; quarterly national accounts vintage -- see metadata"
2010-07-01,national,P,Образование,199385.33738593952,"seasonally and calendar adjusted (X13-ARIMA-SEATS, JDemetra+ 2.2.4), discrete quarter, as published; quarterly national accounts vintage -- see metadata"
2010-10-01,national,P,Образование,184391.05039903295,"seasonally and calendar adjusted (X13-ARIMA-SEATS, JDemetra+ 2.2.4), discrete quarter, as published; quarterly national accounts vintage -- see metadata"
2011-01-01,national,P,Образование,218886.1241734582,"seasonally and calendar adjusted (X13-ARIMA-SEATS, JDemetra+ 2.2.4), discrete quarter, as published; quarterly national accounts vintage -- see metadata"
2011-04-01,national,P,Образование,221427.24047334923,"seasonally and calendar adjusted (X13-ARIMA-SEATS, JDemetra+ 2.2.4), discrete quarter, as published; quarterly national accounts vintage -- see metadata"
2011-07-01,national,P,Образование,219117.106672559,"seasonally and calendar adjusted (X13-ARIMA-SEATS, JDemetra+ 2.2.4), discrete quarter, as published; quarterly national accounts vintage -- see metadata"
2011-10-01,national,P,Образование,264807.74617835094,"seasonally and calendar adjusted (X13-ARIMA-SEATS, JDemetra+ 2.2.4), discrete quarter, as published; quarterly national accounts vintage -- see metadata"
2012-01-01,national,P,Образование,246725.5136813492,"seasonally and calendar adjusted (X13-ARIMA-SEATS, JDemetra+ 2.2.4), discrete quarter, as published; quarterly national accounts vintage -- see metadata"
2012-04-01,national,P,Образование,251859.59520518727,"seasonally and calendar adjusted (X13-ARIMA-SEATS, JDemetra+ 2.2.4), discrete quarter, as published; quarterly national accounts vintage -- see metadata"
2012-07-01,national,P,Образование,272210.933409701,"seasonally and calendar adjusted (X13-ARIMA-SEATS, JDemetra+ 2.2.4), discrete quarter, as published; quarterly national accounts vintage -- see metadata"
2012-10-01,national,P,Образование,270255.68364143913,"seasonally and calendar adjusted (X13-ARIMA-SEATS, JDemetra+ 2.2.4), discrete quarter, as published; quarterly national accounts vintage -- see metadata"
2013-01-01,national,P,Образование,267198.02435388713,"seasonally and calendar adjusted (X13-ARIMA-SEATS, JDemetra+ 2.2.4), discrete quarter, as published; quarterly national accounts vintage -- see metadata"
2013-04-01,national,P,Образование,292890.73944579635,"seasonally and calendar adjusted (X13-ARIMA-SEATS, JDemetra+ 2.2.4), discrete quarter, as published; quarterly national accounts vintage -- see metadata"
2013-07-01,national,P,Образование,294894.2459852738,"seasonally and calendar adjusted (X13-ARIMA-SEATS, JDemetra+ 2.2.4), discrete quarter, as published; quarterly national accounts vintage -- see metadata"
2013-10-01,national,P,Образование,284128.4236975977,"seasonally and calendar adjusted (X13-ARIMA-SEATS, JDemetra+ 2.2.4), discrete quarter, as published; quarterly national accounts vintage -- see metadata"
2014-01-01,national,P,Образование,303146.3964467318,"seasonally and calendar adjusted (X13-ARIMA-SEATS, JDemetra+ 2.2.4), discrete quarter, as published; quarterly national accounts vintage -- see metadata"
2014-04-01,national,P,Образование,304234.19744923315,"seasonally and calendar adjusted (X13-ARIMA-SEATS, JDemetra+ 2.2.4), discrete quarter, as published; quarterly national accounts vintage -- see metadata"
2014-07-01,national,P,Образование,302992.0191209481,"seasonally and calendar adjusted (X13-ARIMA-SEATS, JDemetra+ 2.2.4), discrete quarter, as published; quarterly national accounts vintage -- see metadata"
2014-10-01,national,P,Образование,331192.97090197826,"seasonally and calendar adjusted (X13-ARIMA-SEATS, JDemetra+ 2.2.4), discrete quarter, as published; quarterly national accounts vintage -- see metadata"
2015-01-01,national,P,Образование,320031.24062115815,"seasonally and calendar adjusted (X13-ARIMA-SEATS, JDemetra+ 2.2.4), discrete quarter, as published; quarterly national accounts vintage -- see metadata"
2015-04-01,national,P,Образование,331061.0687510431,"seasonally and calendar adjusted (X13-ARIMA-SEATS, JDemetra+ 2.2.4), discrete quarter, as published; quarterly national accounts vintage -- see metadata"
2015-07-01,national,P,Образование,337031.8725467183,"seasonally and calendar adjusted (X13-ARIMA-SEATS, JDemetra+ 2.2.4), discrete quarter, as published; quarterly national accounts vintage -- see metadata"
2015-10-01,national,P,Образование,334108.2436235958,"seasonally and calendar adjusted (X13-ARIMA-SEATS, JDemetra+ 2.2.4), discrete quarter, as published; quarterly national accounts vintage -- see metadata"
2016-01-01,national,P,Образование,336944.4397014255,"seasonally and calendar adjusted (X13-ARIMA-SEATS, JDemetra+ 2.2.4), discrete quarter, as published; quarterly national accounts vintage -- see metadata"
2016-04-01,national,P,Образование,352008.7108047963,"seasonally and calendar adjusted (X13-ARIMA-SEATS, JDemetra+ 2.2.4), discrete quarter, as published; quarterly national accounts vintage -- see metadata"
2016-07-01,national,P,Образование,355867.4734392512,"seasonally and calendar adjusted (X13-ARIMA-SEATS, JDemetra+ 2.2.4), discrete quarter, as published; quarterly national accounts vintage -- see metadata"
2016-10-01,national,P,Образование,364984.74990579596,"seasonally and calendar adjusted (X13-ARIMA-SEATS, JDemetra+ 2.2.4), discrete quarter, as published; quarterly national accounts vintage -- see metadata"
2017-01-01,national,P,Образование,376413.9687770216,"seasonally and calendar adjusted (X13-ARIMA-SEATS, JDemetra+ 2.2.4), discrete quarter, as published; quarterly national accounts vintage -- see metadata"
2017-04-01,national,P,Образование,367194.5814074608,"seasonally and calendar adjusted (X13-ARIMA-SEATS, JDemetra+ 2.2.4), discrete quarter, as published; quarterly national accounts vintage -- see metadata"
2017-07-01,national,P,Образование,384463.76398829464,"seasonally and calendar adjusted (X13-ARIMA-SEATS, JDemetra+ 2.2.4), discrete quarter, as published; quarterly national accounts vintage -- see metadata"
2017-10-01,national,P,Образование,401318.15301046974,"seasonally and calendar adjusted (X13-ARIMA-SEATS, JDemetra+ 2.2.4), discrete quarter, as published; quarterly national accounts vintage -- see metadata"
2018-01-01,national,P,Образование,375251.2674624345,"seasonally and calendar adjusted (X13-ARIMA-SEATS, JDemetra+ 2.2.4), discrete quarter, as published; quarterly national accounts vintage -- see metadata"
2018-04-01,national,P,Образование,424419.63709167973,"seasonally and calendar adjusted (X13-ARIMA-SEATS, JDemetra+ 2.2.4), discrete quarter, as published; quarterly national accounts vintage -- see metadata"
2018-07-01,national,P,Образование,426610.76788403606,"seasonally and calendar adjusted (X13-ARIMA-SEATS, JDemetra+ 2.2.4), discrete quarter, as published; quarterly national accounts vintage -- see metadata"
2018-10-01,national,P,Образование,429663.16902685264,"seasonally and calendar adjusted (X13-ARIMA-SEATS, JDemetra+ 2.2.4), discrete quarter, as published; quarterly national accounts vintage -- see metadata"
2019-01-01,national,P,Образование,433651.4715548319,"seasonally and calendar adjusted (X13-ARIMA-SEATS, JDemetra+ 2.2.4), discrete quarter, as published; quarterly national accounts vintage -- see metadata"
2019-04-01,national,P,Образование,442650.4173844683,"seasonally and calendar adjusted (X13-ARIMA-SEATS, JDemetra+ 2.2.4), discrete quarter, as published; quarterly national accounts vintage -- see metadata"
2019-07-01,national,P,Образование,475870.9917504853,"seasonally and calendar adjusted (X13-ARIMA-SEATS, JDemetra+ 2.2.4), discrete quarter, as published; quarterly national accounts vintage -- see metadata"
2019-10-01,national,P,Образование,506875.98991188273,"seasonally and calendar adjusted (X13-ARIMA-SEATS, JDemetra+ 2.2.4), discrete quarter, as published; quarterly national accounts vintage -- see metadata"
2020-01-01,national,P,Образование,593219.338024096,"seasonally and calendar adjusted (X13-ARIMA-SEATS, JDemetra+ 2.2.4), discrete quarter, as published; quarterly national accounts vintage -- see metadata"
2020-04-01,national,P,Образование,636090.4342085534,"seasonally and calendar adjusted (X13-ARIMA-SEATS, JDemetra+ 2.2.4), discrete quarter, as published; quarterly national accounts vintage -- see metadata"
2020-07-01,national,P,Образование,654914.9237972762,"seasonally and calendar adjusted (X13-ARIMA-SEATS, JDemetra+ 2.2.4), discrete quarter, as published; quarterly national accounts vintage -- see metadata"
2020-10-01,national,P,Образование,684770.6132542822,"seasonally and calendar adjusted (X13-ARIMA-SEATS, JDemetra+ 2.2.4), discrete quarter, as published; quarterly national accounts vintage -- see metadata"
2021-01-01,national,P,Образование,741690.7575321611,"seasonally and calendar adjusted (X13-ARIMA-SEATS, JDemetra+ 2.2.4), discrete quarter, as published; quarterly national accounts vintage -- see metadata"
2021-04-01,national,P,Образование,750730.8693898501,"seasonally and calendar adjusted (X13-ARIMA-SEATS, JDemetra+ 2.2.4), discrete quarter, as published; quarterly national accounts vintage -- see metadata"
2021-07-01,national,P,Образование,836007.8322377416,"seasonally and calendar adjusted (X13-ARIMA-SEATS, JDemetra+ 2.2.4), discrete quarter, as published; quarterly national accounts vintage -- see metadata"
2021-10-01,national,P,Образование,915407.8455155009,"seasonally and calendar adjusted (X13-ARIMA-SEATS, JDemetra+ 2.2.4), discrete quarter, as published; quarterly national accounts vintage -- see metadata"
2022-01-01,national,P,Образование,971547.652654256,"seasonally and calendar adjusted (X13-ARIMA-SEATS, JDemetra+ 2.2.4), discrete quarter, as published; quarterly national accounts vintage -- see metadata"
2022-04-01,national,P,Образование,1010566.9232749501,"seasonally and calendar adjusted (X13-ARIMA-SEATS, JDemetra+ 2.2.4), discrete quarter, as published; quarterly national accounts vintage -- see metadata"
2022-07-01,national,P,Образование,1107272.443154723,"seasonally and calendar adjusted (X13-ARIMA-SEATS, JDemetra+ 2.2.4), discrete quarter, as published; quarterly national accounts vintage -- see metadata"
2022-10-01,national,P,Образование,1125660.8797727053,"seasonally and calendar adjusted (X13-ARIMA-SEATS, JDemetra+ 2.2.4), discrete quarter, as published; quarterly national accounts vintage -- see metadata"
2023-01-01,national,P,Образование,1218954.9089215454,"seasonally and calendar adjusted (X13-ARIMA-SEATS, JDemetra+ 2.2.4), discrete quarter, as published; quarterly national accounts vintage -- see metadata"
2023-04-01,national,P,Образование,1315055.4893389978,"seasonally and calendar adjusted (X13-ARIMA-SEATS, JDemetra+ 2.2.4), discrete quarter, as published; quarterly national accounts vintage -- see metadata"
2023-07-01,national,P,Образование,1351320.5893893947,"seasonally and calendar adjusted (X13-ARIMA-SEATS, JDemetra+ 2.2.4), discrete quarter, as published; quarterly national accounts vintage -- see metadata"
2023-10-01,national,P,Образование,1427174.57118904,"seasonally and calendar adjusted (X13-ARIMA-SEATS, JDemetra+ 2.2.4), discrete quarter, as published; quarterly national accounts vintage -- see metadata"
2024-01-01,national,P,Образование,1401607.253966973,"seasonally and calendar adjusted (X13-ARIMA-SEATS, JDemetra+ 2.2.4), discrete quarter, as published; quarterly national accounts vintage -- see metadata"
2024-04-01,national,P,Образование,1479666.2052977735,"seasonally and calendar adjusted (X13-ARIMA-SEATS, JDemetra+ 2.2.4), discrete quarter, as published; quarterly national accounts vintage -- see metadata"
2024-07-01,national,P,Образование,1436306.2119780835,"seasonally and calendar adjusted (X13-ARIMA-SEATS, JDemetra+ 2.2.4), discrete quarter, as published; quarterly national accounts vintage -- see metadata"
2024-10-01,national,P,Образование,1394204.895646764,"seasonally and calendar adjusted (X13-ARIMA-SEATS, JDemetra+ 2.2.4), discrete quarter, as published; quarterly national accounts vintage -- see metadata"
2025-01-01,national,P,Образование,1274984.1703234033,"seasonally and calendar adjusted (X13-ARIMA-SEATS, JDemetra+ 2.2.4), discrete quarter, as published; quarterly national accounts vintage -- see metadata"
2025-04-01,national,P,Образование,1201573.198394254,"seasonally and calendar adjusted (X13-ARIMA-SEATS, JDemetra+ 2.2.4), discrete quarter, as published; quarterly national accounts vintage -- see metadata"
2025-07-01,national,P,Образование,1141215.8034465364,"seasonally and calendar adjusted (X13-ARIMA-SEATS, JDemetra+ 2.2.4), discrete quarter, as published; quarterly national accounts vintage -- see metadata"
2025-10-01,national,P,Образование,1218260.0691398564,"seasonally and calendar adjusted (X13-ARIMA-SEATS, JDemetra+ 2.2.4), discrete quarter, as published; quarterly national accounts vintage -- see metadata"
2026-01-01,national,P,Образование,1115129.131328427,"seasonally and calendar adjusted (X13-ARIMA-SEATS, JDemetra+ 2.2.4), discrete quarter, as published; quarterly national accounts vintage -- see metadata"
2010-01-01,national,Q,Здравоохранение и социальное обслуживание населения,100615.41745726392,"seasonally and calendar adjusted (X13-ARIMA-SEATS, JDemetra+ 2.2.4), discrete quarter, as published; quarterly national accounts vintage -- see metadata"
2010-04-01,national,Q,Здравоохранение и социальное обслуживание населения,106160.98831845503,"seasonally and calendar adjusted (X13-ARIMA-SEATS, JDemetra+ 2.2.4), discrete quarter, as published; quarterly national accounts vintage -- see metadata"
2010-07-01,national,Q,Здравоохранение и социальное обслуживание населения,110925.04930208642,"seasonally and calendar adjusted (X13-ARIMA-SEATS, JDemetra+ 2.2.4), discrete quarter, as published; quarterly national accounts vintage -- see metadata"
2010-10-01,national,Q,Здравоохранение и социальное обслуживание населения,111618.10152245533,"seasonally and calendar adjusted (X13-ARIMA-SEATS, JDemetra+ 2.2.4), discrete quarter, as published; quarterly national accounts vintage -- see metadata"
2011-01-01,national,Q,Здравоохранение и социальное обслуживание населения,121836.11186378192,"seasonally and calendar adjusted (X13-ARIMA-SEATS, JDemetra+ 2.2.4), discrete quarter, as published; quarterly national accounts vintage -- see metadata"
2011-04-01,national,Q,Здравоохранение и социальное обслуживание населения,125537.52255571328,"seasonally and calendar adjusted (X13-ARIMA-SEATS, JDemetra+ 2.2.4), discrete quarter, as published; quarterly national accounts vintage -- see metadata"
2011-07-01,national,Q,Здравоохранение и социальное обслуживание населения,130045.70175730182,"seasonally and calendar adjusted (X13-ARIMA-SEATS, JDemetra+ 2.2.4), discrete quarter, as published; quarterly national accounts vintage -- see metadata"
2011-10-01,national,Q,Здравоохранение и социальное обслуживание населения,137304.91177216553,"seasonally and calendar adjusted (X13-ARIMA-SEATS, JDemetra+ 2.2.4), discrete quarter, as published; quarterly national accounts vintage -- see metadata"
2012-01-01,national,Q,Здравоохранение и социальное обслуживание населения,139496.56511344458,"seasonally and calendar adjusted (X13-ARIMA-SEATS, JDemetra+ 2.2.4), discrete quarter, as published; quarterly national accounts vintage -- see metadata"
2012-04-01,national,Q,Здравоохранение и социальное обслуживание населения,143872.61408539338,"seasonally and calendar adjusted (X13-ARIMA-SEATS, JDemetra+ 2.2.4), discrete quarter, as published; quarterly national accounts vintage -- see metadata"
2012-07-01,national,Q,Здравоохранение и социальное обслуживание населения,148561.6747230006,"seasonally and calendar adjusted (X13-ARIMA-SEATS, JDemetra+ 2.2.4), discrete quarter, as published; quarterly national accounts vintage -- see metadata"
2012-10-01,national,Q,Здравоохранение и социальное обслуживание населения,151551.98180591938,"seasonally and calendar adjusted (X13-ARIMA-SEATS, JDemetra+ 2.2.4), discrete quarter, as published; quarterly national accounts vintage -- see metadata"
2013-01-01,national,Q,Здравоохранение и социальное обслуживание населения,159015.93219662557,"seasonally and calendar adjusted (X13-ARIMA-SEATS, JDemetra+ 2.2.4), discrete quarter, as published; quarterly national accounts vintage -- see metadata"
2013-04-01,national,Q,Здравоохранение и социальное обслуживание населения,165603.00459716853,"seasonally and calendar adjusted (X13-ARIMA-SEATS, JDemetra+ 2.2.4), discrete quarter, as published; quarterly national accounts vintage -- see metadata"
2013-07-01,national,Q,Здравоохранение и социальное обслуживание населения,171915.11188286962,"seasonally and calendar adjusted (X13-ARIMA-SEATS, JDemetra+ 2.2.4), discrete quarter, as published; quarterly national accounts vintage -- see metadata"
2013-10-01,national,Q,Здравоохранение и социальное обслуживание населения,168384.59993685328,"seasonally and calendar adjusted (X13-ARIMA-SEATS, JDemetra+ 2.2.4), discrete quarter, as published; quarterly national accounts vintage -- see metadata"
2014-01-01,national,Q,Здравоохранение и социальное обслуживание населения,183110.6909493831,"seasonally and calendar adjusted (X13-ARIMA-SEATS, JDemetra+ 2.2.4), discrete quarter, as published; quarterly national accounts vintage -- see metadata"
2014-04-01,national,Q,Здравоохранение и социальное обслуживание населения,187485.18326167233,"seasonally and calendar adjusted (X13-ARIMA-SEATS, JDemetra+ 2.2.4), discrete quarter, as published; quarterly national accounts vintage -- see metadata"
2014-07-01,national,Q,Здравоохранение и социальное обслуживание населения,199677.00688129375,"seasonally and calendar adjusted (X13-ARIMA-SEATS, JDemetra+ 2.2.4), discrete quarter, as published; quarterly national accounts vintage -- see metadata"
2014-10-01,national,Q,Здравоохранение и социальное обслуживание населения,208859.0644024846,"seasonally and calendar adjusted (X13-ARIMA-SEATS, JDemetra+ 2.2.4), discrete quarter, as published; quarterly national accounts vintage -- see metadata"
2015-01-01,national,Q,Здравоохранение и социальное обслуживание населения,206817.19362327788,"seasonally and calendar adjusted (X13-ARIMA-SEATS, JDemetra+ 2.2.4), discrete quarter, as published; quarterly national accounts vintage -- see metadata"
2015-04-01,national,Q,Здравоохранение и социальное обслуживание населения,217277.51618667188,"seasonally and calendar adjusted (X13-ARIMA-SEATS, JDemetra+ 2.2.4), discrete quarter, as published; quarterly national accounts vintage -- see metadata"
2015-07-01,national,Q,Здравоохранение и социальное обслуживание населения,215041.6828346166,"seasonally and calendar adjusted (X13-ARIMA-SEATS, JDemetra+ 2.2.4), discrete quarter, as published; quarterly national accounts vintage -- see metadata"
2015-10-01,national,Q,Здравоохранение и социальное обслуживание населения,217129.3883916937,"seasonally and calendar adjusted (X13-ARIMA-SEATS, JDemetra+ 2.2.4), discrete quarter, as published; quarterly national accounts vintage -- see metadata"
2016-01-01,national,Q,Здравоохранение и социальное обслуживание населения,228825.34808433658,"seasonally and calendar adjusted (X13-ARIMA-SEATS, JDemetra+ 2.2.4), discrete quarter, as published; quarterly national accounts vintage -- see metadata"
2016-04-01,national,Q,Здравоохранение и социальное обслуживание населения,215692.22447304637,"seasonally and calendar adjusted (X13-ARIMA-SEATS, JDemetra+ 2.2.4), discrete quarter, as published; quarterly national accounts vintage -- see metadata"
2016-07-01,national,Q,Здравоохранение и социальное обслуживание населения,237703.23728467745,"seasonally and calendar adjusted (X13-ARIMA-SEATS, JDemetra+ 2.2.4), discrete quarter, as published; quarterly national accounts vintage -- see metadata"
2016-10-01,national,Q,Здравоохранение и социальное обслуживание населения,243371.16706617145,"seasonally and calendar adjusted (X13-ARIMA-SEATS, JDemetra+ 2.2.4), discrete quarter, as published; quarterly national accounts vintage -- see metadata"
2017-01-01,national,Q,Здравоохранение и социальное обслуживание населения,246356.9657605859,"seasonally and calendar adjusted (X13-ARIMA-SEATS, JDemetra+ 2.2.4), discrete quarter, as published; quarterly national accounts vintage -- see metadata"
2017-04-01,national,Q,Здравоохранение и социальное обслуживание населения,262321.1285311382,"seasonally and calendar adjusted (X13-ARIMA-SEATS, JDemetra+ 2.2.4), discrete quarter, as published; quarterly national accounts vintage -- see metadata"
2017-07-01,national,Q,Здравоохранение и социальное обслуживание населения,258011.1267258049,"seasonally and calendar adjusted (X13-ARIMA-SEATS, JDemetra+ 2.2.4), discrete quarter, as published; quarterly national accounts vintage -- see metadata"
2017-10-01,national,Q,Здравоохранение и социальное обслуживание населения,275869.56847002084,"seasonally and calendar adjusted (X13-ARIMA-SEATS, JDemetra+ 2.2.4), discrete quarter, as published; quarterly national accounts vintage -- see metadata"
2018-01-01,national,Q,Здравоохранение и социальное обслуживание населения,252522.84274726198,"seasonally and calendar adjusted (X13-ARIMA-SEATS, JDemetra+ 2.2.4), discrete quarter, as published; quarterly national accounts vintage -- see metadata"
2018-04-01,national,Q,Здравоохранение и социальное обслуживание населения,280133.10078480165,"seasonally and calendar adjusted (X13-ARIMA-SEATS, JDemetra+ 2.2.4), discrete quarter, as published; quarterly national accounts vintage -- see metadata"
2018-07-01,national,Q,Здравоохранение и социальное обслуживание населения,300069.44811954093,"seasonally and calendar adjusted (X13-ARIMA-SEATS, JDemetra+ 2.2.4), discrete quarter, as published; quarterly national accounts vintage -- see metadata"
2018-10-01,national,Q,Здравоохранение и социальное обслуживание населения,316432.55163227714,"seasonally and calendar adjusted (X13-ARIMA-SEATS, JDemetra+ 2.2.4), discrete quarter, as published; quarterly national accounts vintage -- see metadata"
2019-01-01,national,Q,Здравоохранение и социальное обслуживание населения,309924.868667502,"seasonally and calendar adjusted (X13-ARIMA-SEATS, JDemetra+ 2.2.4), discrete quarter, as published; quarterly national accounts vintage -- see metadata"
2019-04-01,national,Q,Здравоохранение и социальное обслуживание населения,301251.3089384387,"seasonally and calendar adjusted (X13-ARIMA-SEATS, JDemetra+ 2.2.4), discrete quarter, as published; quarterly national accounts vintage -- see metadata"
2019-07-01,national,Q,Здравоохранение и социальное обслуживание населения,305884.2595236858,"seasonally and calendar adjusted (X13-ARIMA-SEATS, JDemetra+ 2.2.4), discrete quarter, as published; quarterly national accounts vintage -- see metadata"
2019-10-01,national,Q,Здравоохранение и социальное обслуживание населения,330649.14940175804,"seasonally and calendar adjusted (X13-ARIMA-SEATS, JDemetra+ 2.2.4), discrete quarter, as published; quarterly national accounts vintage -- see metadata"
2020-01-01,national,Q,Здравоохранение и социальное обслуживание населения,371109.9127813424,"seasonally and calendar adjusted (X13-ARIMA-SEATS, JDemetra+ 2.2.4), discrete quarter, as published; quarterly national accounts vintage -- see metadata"
2020-04-01,national,Q,Здравоохранение и социальное обслуживание населения,381669.97366357315,"seasonally and calendar adjusted (X13-ARIMA-SEATS, JDemetra+ 2.2.4), discrete quarter, as published; quarterly national accounts vintage -- see metadata"
2020-07-01,national,Q,Здравоохранение и социальное обслуживание населения,501842.20330774144,"seasonally and calendar adjusted (X13-ARIMA-SEATS, JDemetra+ 2.2.4), discrete quarter, as published; quarterly national accounts vintage -- see metadata"
2020-10-01,national,Q,Здравоохранение и социальное обслуживание населения,509658.8390125092,"seasonally and calendar adjusted (X13-ARIMA-SEATS, JDemetra+ 2.2.4), discrete quarter, as published; quarterly national accounts vintage -- see metadata"
2021-01-01,national,Q,Здравоохранение и социальное обслуживание населения,580393.9294778968,"seasonally and calendar adjusted (X13-ARIMA-SEATS, JDemetra+ 2.2.4), discrete quarter, as published; quarterly national accounts vintage -- see metadata"
2021-04-01,national,Q,Здравоохранение и социальное обслуживание населения,580086.9306053485,"seasonally and calendar adjusted (X13-ARIMA-SEATS, JDemetra+ 2.2.4), discrete quarter, as published; quarterly national accounts vintage -- see metadata"
2021-07-01,national,Q,Здравоохранение и социальное обслуживание населения,617062.7330105832,"seasonally and calendar adjusted (X13-ARIMA-SEATS, JDemetra+ 2.2.4), discrete quarter, as published; quarterly national accounts vintage -- see metadata"
2021-10-01,national,Q,Здравоохранение и социальное обслуживание населения,634115.8441171009,"seasonally and calendar adjusted (X13-ARIMA-SEATS, JDemetra+ 2.2.4), discrete quarter, as published; quarterly national accounts vintage -- see metadata"
2022-01-01,national,Q,Здравоохранение и социальное обслуживание населения,672870.3827014952,"seasonally and calendar adjusted (X13-ARIMA-SEATS, JDemetra+ 2.2.4), discrete quarter, as published; quarterly national accounts vintage -- see metadata"
2022-04-01,national,Q,Здравоохранение и социальное обслуживание населения,746899.4568760867,"seasonally and calendar adjusted (X13-ARIMA-SEATS, JDemetra+ 2.2.4), discrete quarter, as published; quarterly national accounts vintage -- see metadata"
2022-07-01,national,Q,Здравоохранение и социальное обслуживание населения,745968.2604059267,"seasonally and calendar adjusted (X13-ARIMA-SEATS, JDemetra+ 2.2.4), discrete quarter, as published; quarterly national accounts vintage -- see metadata"
2022-10-01,national,Q,Здравоохранение и социальное обслуживание населения,773234.872845681,"seasonally and calendar adjusted (X13-ARIMA-SEATS, JDemetra+ 2.2.4), discrete quarter, as published; quarterly national accounts vintage -- see metadata"
2023-01-01,national,Q,Здравоохранение и социальное обслуживание населения,820081.2199114588,"seasonally and calendar adjusted (X13-ARIMA-SEATS, JDemetra+ 2.2.4), discrete quarter, as published; quarterly national accounts vintage -- see metadata"
2023-04-01,national,Q,Здравоохранение и социальное обслуживание населения,848874.136138237,"seasonally and calendar adjusted (X13-ARIMA-SEATS, JDemetra+ 2.2.4), discrete quarter, as published; quarterly national accounts vintage -- see metadata"
2023-07-01,national,Q,Здравоохранение и социальное обслуживание населения,892175.3650307676,"seasonally and calendar adjusted (X13-ARIMA-SEATS, JDemetra+ 2.2.4), discrete quarter, as published; quarterly national accounts vintage -- see metadata"
2023-10-01,national,Q,Здравоохранение и социальное обслуживание населения,900598.1247339409,"seasonally and calendar adjusted (X13-ARIMA-SEATS, JDemetra+ 2.2.4), discrete quarter, as published; quarterly national accounts vintage -- see metadata"
2024-01-01,national,Q,Здравоохранение и социальное обслуживание населения,951725.5823069427,"seasonally and calendar adjusted (X13-ARIMA-SEATS, JDemetra+ 2.2.4), discrete quarter, as published; quarterly national accounts vintage -- see metadata"
2024-04-01,national,Q,Здравоохранение и социальное обслуживание населения,987545.471664731,"seasonally and calendar adjusted (X13-ARIMA-SEATS, JDemetra+ 2.2.4), discrete quarter, as published; quarterly national accounts vintage -- see metadata"
2024-07-01,national,Q,Здравоохранение и социальное обслуживание населения,1121914.7715126441,"seasonally and calendar adjusted (X13-ARIMA-SEATS, JDemetra+ 2.2.4), discrete quarter, as published; quarterly national accounts vintage -- see metadata"
2024-10-01,national,Q,Здравоохранение и социальное обслуживание населения,997143.8967152411,"seasonally and calendar adjusted (X13-ARIMA-SEATS, JDemetra+ 2.2.4), discrete quarter, as published; quarterly national accounts vintage -- see metadata"
2025-01-01,national,Q,Здравоохранение и социальное обслуживание населения,836678.5188996474,"seasonally and calendar adjusted (X13-ARIMA-SEATS, JDemetra+ 2.2.4), discrete quarter, as published; quarterly national accounts vintage -- see metadata"
2025-04-01,national,Q,Здравоохранение и социальное обслуживание населения,755239.3921769324,"seasonally and calendar adjusted (X13-ARIMA-SEATS, JDemetra+ 2.2.4), discrete quarter, as published; quarterly national accounts vintage -- see metadata"
2025-07-01,national,Q,Здравоохранение и социальное обслуживание населения,685341.896012354,"seasonally and calendar adjusted (X13-ARIMA-SEATS, JDemetra+ 2.2.4), discrete quarter, as published; quarterly national accounts vintage -- see metadata"
2025-10-01,national,Q,Здравоохранение и социальное обслуживание населения,660240.5724455202,"seasonally and calendar adjusted (X13-ARIMA-SEATS, JDemetra+ 2.2.4), discrete quarter, as published; quarterly national accounts vintage -- see metadata"
2026-01-01,national,Q,Здравоохранение и социальное обслуживание населения,609829.8623874724,"seasonally and calendar adjusted (X13-ARIMA-SEATS, JDemetra+ 2.2.4), discrete quarter, as published; quarterly national accounts vintage -- see metadata"
2010-01-01,national,R,"Искусство, развлечения и отдых",25408.87494647491,"seasonally and calendar adjusted (X13-ARIMA-SEATS, JDemetra+ 2.2.4), discrete quarter, as published; quarterly national accounts vintage -- see metadata"
2010-04-01,national,R,"Искусство, развлечения и отдых",27581.891965058177,"seasonally and calendar adjusted (X13-ARIMA-SEATS, JDemetra+ 2.2.4), discrete quarter, as published; quarterly national accounts vintage -- see metadata"
2010-07-01,national,R,"Искусство, развлечения и отдых",28050.81297756591,"seasonally and calendar adjusted (X13-ARIMA-SEATS, JDemetra+ 2.2.4), discrete quarter, as published; quarterly national accounts vintage -- see metadata"
2010-10-01,national,R,"Искусство, развлечения и отдых",29512.420110901003,"seasonally and calendar adjusted (X13-ARIMA-SEATS, JDemetra+ 2.2.4), discrete quarter, as published; quarterly national accounts vintage -- see metadata"
2011-01-01,national,R,"Искусство, развлечения и отдых",36448.03313591452,"seasonally and calendar adjusted (X13-ARIMA-SEATS, JDemetra+ 2.2.4), discrete quarter, as published; quarterly national accounts vintage -- see metadata"
2011-04-01,national,R,"Искусство, развлечения и отдых",41470.5765103972,"seasonally and calendar adjusted (X13-ARIMA-SEATS, JDemetra+ 2.2.4), discrete quarter, as published; quarterly national accounts vintage -- see metadata"
2011-07-01,national,R,"Искусство, развлечения и отдых",41275.42559743332,"seasonally and calendar adjusted (X13-ARIMA-SEATS, JDemetra+ 2.2.4), discrete quarter, as published; quarterly national accounts vintage -- see metadata"
2011-10-01,national,R,"Искусство, развлечения и отдых",30605.26475625493,"seasonally and calendar adjusted (X13-ARIMA-SEATS, JDemetra+ 2.2.4), discrete quarter, as published; quarterly national accounts vintage -- see metadata"
2012-01-01,national,R,"Искусство, развлечения и отдых",43950.925153976,"seasonally and calendar adjusted (X13-ARIMA-SEATS, JDemetra+ 2.2.4), discrete quarter, as published; quarterly national accounts vintage -- see metadata"
2012-04-01,national,R,"Искусство, развлечения и отдых",47607.88742194981,"seasonally and calendar adjusted (X13-ARIMA-SEATS, JDemetra+ 2.2.4), discrete quarter, as published; quarterly national accounts vintage -- see metadata"
2012-07-01,national,R,"Искусство, развлечения и отдых",48713.297759300855,"seasonally and calendar adjusted (X13-ARIMA-SEATS, JDemetra+ 2.2.4), discrete quarter, as published; quarterly national accounts vintage -- see metadata"
2012-10-01,national,R,"Искусство, развлечения и отдых",35801.489664773406,"seasonally and calendar adjusted (X13-ARIMA-SEATS, JDemetra+ 2.2.4), discrete quarter, as published; quarterly national accounts vintage -- see metadata"
2013-01-01,national,R,"Искусство, развлечения и отдых",58041.85998975117,"seasonally and calendar adjusted (X13-ARIMA-SEATS, JDemetra+ 2.2.4), discrete quarter, as published; quarterly national accounts vintage -- see metadata"
2013-04-01,national,R,"Искусство, развлечения и отдых",53407.940876893794,"seasonally and calendar adjusted (X13-ARIMA-SEATS, JDemetra+ 2.2.4), discrete quarter, as published; quarterly national accounts vintage -- see metadata"
2013-07-01,national,R,"Искусство, развлечения и отдых",56297.13644772522,"seasonally and calendar adjusted (X13-ARIMA-SEATS, JDemetra+ 2.2.4), discrete quarter, as published; quarterly national accounts vintage -- see metadata"
2013-10-01,national,R,"Искусство, развлечения и отдых",55559.96268562976,"seasonally and calendar adjusted (X13-ARIMA-SEATS, JDemetra+ 2.2.4), discrete quarter, as published; quarterly national accounts vintage -- see metadata"
2014-01-01,national,R,"Искусство, развлечения и отдых",65787.83906635645,"seasonally and calendar adjusted (X13-ARIMA-SEATS, JDemetra+ 2.2.4), discrete quarter, as published; quarterly national accounts vintage -- see metadata"
2014-04-01,national,R,"Искусство, развлечения и отдых",73602.6039834025,"seasonally and calendar adjusted (X13-ARIMA-SEATS, JDemetra+ 2.2.4), discrete quarter, as published; quarterly national accounts vintage -- see metadata"
2014-07-01,national,R,"Искусство, развлечения и отдых",71828.64222981522,"seasonally and calendar adjusted (X13-ARIMA-SEATS, JDemetra+ 2.2.4), discrete quarter, as published; quarterly national accounts vintage -- see metadata"
2014-10-01,national,R,"Искусство, развлечения и отдых",68118.71472042585,"seasonally and calendar adjusted (X13-ARIMA-SEATS, JDemetra+ 2.2.4), discrete quarter, as published; quarterly national accounts vintage -- see metadata"
2015-01-01,national,R,"Искусство, развлечения и отдых",72485.42325144277,"seasonally and calendar adjusted (X13-ARIMA-SEATS, JDemetra+ 2.2.4), discrete quarter, as published; quarterly national accounts vintage -- see metadata"
2015-04-01,national,R,"Искусство, развлечения и отдых",77071.96852077126,"seasonally and calendar adjusted (X13-ARIMA-SEATS, JDemetra+ 2.2.4), discrete quarter, as published; quarterly national accounts vintage -- see metadata"
2015-07-01,national,R,"Искусство, развлечения и отдых",76550.588755322,"seasonally and calendar adjusted (X13-ARIMA-SEATS, JDemetra+ 2.2.4), discrete quarter, as published; quarterly national accounts vintage -- see metadata"
2015-10-01,national,R,"Искусство, развлечения и отдых",95509.71947246398,"seasonally and calendar adjusted (X13-ARIMA-SEATS, JDemetra+ 2.2.4), discrete quarter, as published; quarterly national accounts vintage -- see metadata"
2016-01-01,national,R,"Искусство, развлечения и отдых",87353.02897057837,"seasonally and calendar adjusted (X13-ARIMA-SEATS, JDemetra+ 2.2.4), discrete quarter, as published; quarterly national accounts vintage -- see metadata"
2016-04-01,national,R,"Искусство, развлечения и отдых",90627.8241144901,"seasonally and calendar adjusted (X13-ARIMA-SEATS, JDemetra+ 2.2.4), discrete quarter, as published; quarterly national accounts vintage -- see metadata"
2016-07-01,national,R,"Искусство, развлечения и отдых",91926.88815816728,"seasonally and calendar adjusted (X13-ARIMA-SEATS, JDemetra+ 2.2.4), discrete quarter, as published; quarterly national accounts vintage -- see metadata"
2016-10-01,national,R,"Искусство, развлечения и отдых",101192.45875676436,"seasonally and calendar adjusted (X13-ARIMA-SEATS, JDemetra+ 2.2.4), discrete quarter, as published; quarterly national accounts vintage -- see metadata"
2017-01-01,national,R,"Искусство, развлечения и отдых",100018.28086558453,"seasonally and calendar adjusted (X13-ARIMA-SEATS, JDemetra+ 2.2.4), discrete quarter, as published; quarterly national accounts vintage -- see metadata"
2017-04-01,national,R,"Искусство, развлечения и отдых",107274.63103351966,"seasonally and calendar adjusted (X13-ARIMA-SEATS, JDemetra+ 2.2.4), discrete quarter, as published; quarterly national accounts vintage -- see metadata"
2017-07-01,national,R,"Искусство, развлечения и отдых",104912.76184747009,"seasonally and calendar adjusted (X13-ARIMA-SEATS, JDemetra+ 2.2.4), discrete quarter, as published; quarterly national accounts vintage -- see metadata"
2017-10-01,national,R,"Искусство, развлечения и отдых",103530.32625342574,"seasonally and calendar adjusted (X13-ARIMA-SEATS, JDemetra+ 2.2.4), discrete quarter, as published; quarterly national accounts vintage -- see metadata"
2018-01-01,national,R,"Искусство, развлечения и отдых",103844.78258749953,"seasonally and calendar adjusted (X13-ARIMA-SEATS, JDemetra+ 2.2.4), discrete quarter, as published; quarterly national accounts vintage -- see metadata"
2018-04-01,national,R,"Искусство, развлечения и отдых",113388.9347659499,"seasonally and calendar adjusted (X13-ARIMA-SEATS, JDemetra+ 2.2.4), discrete quarter, as published; quarterly national accounts vintage -- see metadata"
2018-07-01,national,R,"Искусство, развлечения и отдых",118347.06989337102,"seasonally and calendar adjusted (X13-ARIMA-SEATS, JDemetra+ 2.2.4), discrete quarter, as published; quarterly national accounts vintage -- see metadata"
2018-10-01,national,R,"Искусство, развлечения и отдых",114513.81275317953,"seasonally and calendar adjusted (X13-ARIMA-SEATS, JDemetra+ 2.2.4), discrete quarter, as published; quarterly national accounts vintage -- see metadata"
2019-01-01,national,R,"Искусство, развлечения и отдых",107668.91601626156,"seasonally and calendar adjusted (X13-ARIMA-SEATS, JDemetra+ 2.2.4), discrete quarter, as published; quarterly national accounts vintage -- see metadata"
2019-04-01,national,R,"Искусство, развлечения и отдых",118360.63828267224,"seasonally and calendar adjusted (X13-ARIMA-SEATS, JDemetra+ 2.2.4), discrete quarter, as published; quarterly national accounts vintage -- see metadata"
2019-07-01,national,R,"Искусство, развлечения и отдых",132666.31793645836,"seasonally and calendar adjusted (X13-ARIMA-SEATS, JDemetra+ 2.2.4), discrete quarter, as published; quarterly national accounts vintage -- see metadata"
2019-10-01,national,R,"Искусство, развлечения и отдых",150176.22776460781,"seasonally and calendar adjusted (X13-ARIMA-SEATS, JDemetra+ 2.2.4), discrete quarter, as published; quarterly national accounts vintage -- see metadata"
2020-01-01,national,R,"Искусство, развлечения и отдых",159444.69795939335,"seasonally and calendar adjusted (X13-ARIMA-SEATS, JDemetra+ 2.2.4), discrete quarter, as published; quarterly national accounts vintage -- see metadata"
2020-04-01,national,R,"Искусство, развлечения и отдых",157816.2782969101,"seasonally and calendar adjusted (X13-ARIMA-SEATS, JDemetra+ 2.2.4), discrete quarter, as published; quarterly national accounts vintage -- see metadata"
2020-07-01,national,R,"Искусство, развлечения и отдых",155002.35334636964,"seasonally and calendar adjusted (X13-ARIMA-SEATS, JDemetra+ 2.2.4), discrete quarter, as published; quarterly national accounts vintage -- see metadata"
2020-10-01,national,R,"Искусство, развлечения и отдых",167417.27039732685,"seasonally and calendar adjusted (X13-ARIMA-SEATS, JDemetra+ 2.2.4), discrete quarter, as published; quarterly national accounts vintage -- see metadata"
2021-01-01,national,R,"Искусство, развлечения и отдых",161444.8767976159,"seasonally and calendar adjusted (X13-ARIMA-SEATS, JDemetra+ 2.2.4), discrete quarter, as published; quarterly national accounts vintage -- see metadata"
2021-04-01,national,R,"Искусство, развлечения и отдых",217443.77130071603,"seasonally and calendar adjusted (X13-ARIMA-SEATS, JDemetra+ 2.2.4), discrete quarter, as published; quarterly national accounts vintage -- see metadata"
2021-07-01,national,R,"Искусство, развлечения и отдых",178447.9129434881,"seasonally and calendar adjusted (X13-ARIMA-SEATS, JDemetra+ 2.2.4), discrete quarter, as published; quarterly national accounts vintage -- see metadata"
2021-10-01,national,R,"Искусство, развлечения и отдых",174161.43895817996,"seasonally and calendar adjusted (X13-ARIMA-SEATS, JDemetra+ 2.2.4), discrete quarter, as published; quarterly national accounts vintage -- see metadata"
2022-01-01,national,R,"Искусство, развлечения и отдых",214062.41015566577,"seasonally and calendar adjusted (X13-ARIMA-SEATS, JDemetra+ 2.2.4), discrete quarter, as published; quarterly national accounts vintage -- see metadata"
2022-04-01,national,R,"Искусство, развлечения и отдых",238938.37200367101,"seasonally and calendar adjusted (X13-ARIMA-SEATS, JDemetra+ 2.2.4), discrete quarter, as published; quarterly national accounts vintage -- see metadata"
2022-07-01,national,R,"Искусство, развлечения и отдых",247125.30273903173,"seasonally and calendar adjusted (X13-ARIMA-SEATS, JDemetra+ 2.2.4), discrete quarter, as published; quarterly national accounts vintage -- see metadata"
2022-10-01,national,R,"Искусство, развлечения и отдых",220451.2151016315,"seasonally and calendar adjusted (X13-ARIMA-SEATS, JDemetra+ 2.2.4), discrete quarter, as published; quarterly national accounts vintage -- see metadata"
2023-01-01,national,R,"Искусство, развлечения и отдых",242849.50719799637,"seasonally and calendar adjusted (X13-ARIMA-SEATS, JDemetra+ 2.2.4), discrete quarter, as published; quarterly national accounts vintage -- see metadata"
2023-04-01,national,R,"Искусство, развлечения и отдых",258263.93549474794,"seasonally and calendar adjusted (X13-ARIMA-SEATS, JDemetra+ 2.2.4), discrete quarter, as published; quarterly national accounts vintage -- see metadata"
2023-07-01,national,R,"Искусство, развлечения и отдых",261733.93573156418,"seasonally and calendar adjusted (X13-ARIMA-SEATS, JDemetra+ 2.2.4), discrete quarter, as published; quarterly national accounts vintage -- see metadata"
2023-10-01,national,R,"Искусство, развлечения и отдых",284346.0215756915,"seasonally and calendar adjusted (X13-ARIMA-SEATS, JDemetra+ 2.2.4), discrete quarter, as published; quarterly national accounts vintage -- see metadata"
2024-01-01,national,R,"Искусство, развлечения и отдых",258732.94004804347,"seasonally and calendar adjusted (X13-ARIMA-SEATS, JDemetra+ 2.2.4), discrete quarter, as published; quarterly national accounts vintage -- see metadata"
2024-04-01,national,R,"Искусство, развлечения и отдых",292954.7923886647,"seasonally and calendar adjusted (X13-ARIMA-SEATS, JDemetra+ 2.2.4), discrete quarter, as published; quarterly national accounts vintage -- see metadata"
2024-07-01,national,R,"Искусство, развлечения и отдых",327869.13841638167,"seasonally and calendar adjusted (X13-ARIMA-SEATS, JDemetra+ 2.2.4), discrete quarter, as published; quarterly national accounts vintage -- see metadata"
2024-10-01,national,R,"Искусство, развлечения и отдых",378194.0291469101,"seasonally and calendar adjusted (X13-ARIMA-SEATS, JDemetra+ 2.2.4), discrete quarter, as published; quarterly national accounts vintage -- see metadata"
2025-01-01,national,R,"Искусство, развлечения и отдых",322368.997893172,"seasonally and calendar adjusted (X13-ARIMA-SEATS, JDemetra+ 2.2.4), discrete quarter, as published; quarterly national accounts vintage -- see metadata"
2025-04-01,national,R,"Искусство, развлечения и отдых",354054.9082931913,"seasonally and calendar adjusted (X13-ARIMA-SEATS, JDemetra+ 2.2.4), discrete quarter, as published; quarterly national accounts vintage -- see metadata"
2025-07-01,national,R,"Искусство, развлечения и отдых",405156.8651392338,"seasonally and calendar adjusted (X13-ARIMA-SEATS, JDemetra+ 2.2.4), discrete quarter, as published; quarterly national accounts vintage -- see metadata"
2025-10-01,national,R,"Искусство, развлечения и отдых",445812.7286744029,"seasonally and calendar adjusted (X13-ARIMA-SEATS, JDemetra+ 2.2.4), discrete quarter, as published; quarterly national accounts vintage -- see metadata"
2026-01-01,national,R,"Искусство, развлечения и отдых",359571.75464737735,"seasonally and calendar adjusted (X13-ARIMA-SEATS, JDemetra+ 2.2.4), discrete quarter, as published; quarterly national accounts vintage -- see metadata"
2010-01-01,national,S,Предоставление прочих видов услуг,143163.10671629154,"seasonally and calendar adjusted (X13-ARIMA-SEATS, JDemetra+ 2.2.4), discrete quarter, as published; quarterly national accounts vintage -- see metadata"
2010-04-01,national,S,Предоставление прочих видов услуг,146976.9295549708,"seasonally and calendar adjusted (X13-ARIMA-SEATS, JDemetra+ 2.2.4), discrete quarter, as published; quarterly national accounts vintage -- see metadata"
2010-07-01,national,S,Предоставление прочих видов услуг,156128.16911696843,"seasonally and calendar adjusted (X13-ARIMA-SEATS, JDemetra+ 2.2.4), discrete quarter, as published; quarterly national accounts vintage -- see metadata"
2010-10-01,national,S,Предоставление прочих видов услуг,151607.74858128256,"seasonally and calendar adjusted (X13-ARIMA-SEATS, JDemetra+ 2.2.4), discrete quarter, as published; quarterly national accounts vintage -- see metadata"
2011-01-01,national,S,Предоставление прочих видов услуг,172699.33017412547,"seasonally and calendar adjusted (X13-ARIMA-SEATS, JDemetra+ 2.2.4), discrete quarter, as published; quarterly national accounts vintage -- see metadata"
2011-04-01,national,S,Предоставление прочих видов услуг,188019.7939700149,"seasonally and calendar adjusted (X13-ARIMA-SEATS, JDemetra+ 2.2.4), discrete quarter, as published; quarterly national accounts vintage -- see metadata"
2011-07-01,national,S,Предоставление прочих видов услуг,178353.81587634154,"seasonally and calendar adjusted (X13-ARIMA-SEATS, JDemetra+ 2.2.4), discrete quarter, as published; quarterly national accounts vintage -- see metadata"
2011-10-01,national,S,Предоставление прочих видов услуг,210521.4231468636,"seasonally and calendar adjusted (X13-ARIMA-SEATS, JDemetra+ 2.2.4), discrete quarter, as published; quarterly national accounts vintage -- see metadata"
2012-01-01,national,S,Предоставление прочих видов услуг,173469.42742390142,"seasonally and calendar adjusted (X13-ARIMA-SEATS, JDemetra+ 2.2.4), discrete quarter, as published; quarterly national accounts vintage -- see metadata"
2012-04-01,national,S,Предоставление прочих видов услуг,202121.69759976937,"seasonally and calendar adjusted (X13-ARIMA-SEATS, JDemetra+ 2.2.4), discrete quarter, as published; quarterly national accounts vintage -- see metadata"
2012-07-01,national,S,Предоставление прочих видов услуг,196690.69041245725,"seasonally and calendar adjusted (X13-ARIMA-SEATS, JDemetra+ 2.2.4), discrete quarter, as published; quarterly national accounts vintage -- see metadata"
2012-10-01,national,S,Предоставление прочих видов услуг,213704.9441864468,"seasonally and calendar adjusted (X13-ARIMA-SEATS, JDemetra+ 2.2.4), discrete quarter, as published; quarterly national accounts vintage -- see metadata"
2013-01-01,national,S,Предоставление прочих видов услуг,214180.59755891998,"seasonally and calendar adjusted (X13-ARIMA-SEATS, JDemetra+ 2.2.4), discrete quarter, as published; quarterly national accounts vintage -- see metadata"
2013-04-01,national,S,Предоставление прочих видов услуг,221206.89720536425,"seasonally and calendar adjusted (X13-ARIMA-SEATS, JDemetra+ 2.2.4), discrete quarter, as published; quarterly national accounts vintage -- see metadata"
2013-07-01,national,S,Предоставление прочих видов услуг,225959.05209968527,"seasonally and calendar adjusted (X13-ARIMA-SEATS, JDemetra+ 2.2.4), discrete quarter, as published; quarterly national accounts vintage -- see metadata"
2013-10-01,national,S,Предоставление прочих видов услуг,253606.20277973302,"seasonally and calendar adjusted (X13-ARIMA-SEATS, JDemetra+ 2.2.4), discrete quarter, as published; quarterly national accounts vintage -- see metadata"
2014-01-01,national,S,Предоставление прочих видов услуг,217518.78969930537,"seasonally and calendar adjusted (X13-ARIMA-SEATS, JDemetra+ 2.2.4), discrete quarter, as published; quarterly national accounts vintage -- see metadata"
2014-04-01,national,S,Предоставление прочих видов услуг,225304.5007007376,"seasonally and calendar adjusted (X13-ARIMA-SEATS, JDemetra+ 2.2.4), discrete quarter, as published; quarterly national accounts vintage -- see metadata"
2014-07-01,national,S,Предоставление прочих видов услуг,285848.31842490437,"seasonally and calendar adjusted (X13-ARIMA-SEATS, JDemetra+ 2.2.4), discrete quarter, as published; quarterly national accounts vintage -- see metadata"
2014-10-01,national,S,Предоставление прочих видов услуг,272362.280297381,"seasonally and calendar adjusted (X13-ARIMA-SEATS, JDemetra+ 2.2.4), discrete quarter, as published; quarterly national accounts vintage -- see metadata"
2015-01-01,national,S,Предоставление прочих видов услуг,259482.58955237476,"seasonally and calendar adjusted (X13-ARIMA-SEATS, JDemetra+ 2.2.4), discrete quarter, as published; quarterly national accounts vintage -- see metadata"
2015-04-01,national,S,Предоставление прочих видов услуг,278258.4828308628,"seasonally and calendar adjusted (X13-ARIMA-SEATS, JDemetra+ 2.2.4), discrete quarter, as published; quarterly national accounts vintage -- see metadata"
2015-07-01,national,S,Предоставление прочих видов услуг,302393.88014389615,"seasonally and calendar adjusted (X13-ARIMA-SEATS, JDemetra+ 2.2.4), discrete quarter, as published; quarterly national accounts vintage -- see metadata"
2015-10-01,national,S,Предоставление прочих видов услуг,311672.5604023079,"seasonally and calendar adjusted (X13-ARIMA-SEATS, JDemetra+ 2.2.4), discrete quarter, as published; quarterly national accounts vintage -- see metadata"
2016-01-01,national,S,Предоставление прочих видов услуг,305408.9470089942,"seasonally and calendar adjusted (X13-ARIMA-SEATS, JDemetra+ 2.2.4), discrete quarter, as published; quarterly national accounts vintage -- see metadata"
2016-04-01,national,S,Предоставление прочих видов услуг,339559.52102688333,"seasonally and calendar adjusted (X13-ARIMA-SEATS, JDemetra+ 2.2.4), discrete quarter, as published; quarterly national accounts vintage -- see metadata"
2016-07-01,national,S,Предоставление прочих видов услуг,327342.80263499054,"seasonally and calendar adjusted (X13-ARIMA-SEATS, JDemetra+ 2.2.4), discrete quarter, as published; quarterly national accounts vintage -- see metadata"
2016-10-01,national,S,Предоставление прочих видов услуг,362930.78481335356,"seasonally and calendar adjusted (X13-ARIMA-SEATS, JDemetra+ 2.2.4), discrete quarter, as published; quarterly national accounts vintage -- see metadata"
2017-01-01,national,S,Предоставление прочих видов услуг,378484.8526502893,"seasonally and calendar adjusted (X13-ARIMA-SEATS, JDemetra+ 2.2.4), discrete quarter, as published; quarterly national accounts vintage -- see metadata"
2017-04-01,national,S,Предоставление прочих видов услуг,388382.29889359936,"seasonally and calendar adjusted (X13-ARIMA-SEATS, JDemetra+ 2.2.4), discrete quarter, as published; quarterly national accounts vintage -- see metadata"
2017-07-01,national,S,Предоставление прочих видов услуг,362819.5650398846,"seasonally and calendar adjusted (X13-ARIMA-SEATS, JDemetra+ 2.2.4), discrete quarter, as published; quarterly national accounts vintage -- see metadata"
2017-10-01,national,S,Предоставление прочих видов услуг,374962.3749414766,"seasonally and calendar adjusted (X13-ARIMA-SEATS, JDemetra+ 2.2.4), discrete quarter, as published; quarterly national accounts vintage -- see metadata"
2018-01-01,national,S,Предоставление прочих видов услуг,391017.38175707153,"seasonally and calendar adjusted (X13-ARIMA-SEATS, JDemetra+ 2.2.4), discrete quarter, as published; quarterly national accounts vintage -- see metadata"
2018-04-01,national,S,Предоставление прочих видов услуг,397111.3178749527,"seasonally and calendar adjusted (X13-ARIMA-SEATS, JDemetra+ 2.2.4), discrete quarter, as published; quarterly national accounts vintage -- see metadata"
2018-07-01,national,S,Предоставление прочих видов услуг,418946.0886280601,"seasonally and calendar adjusted (X13-ARIMA-SEATS, JDemetra+ 2.2.4), discrete quarter, as published; quarterly national accounts vintage -- see metadata"
2018-10-01,national,S,Предоставление прочих видов услуг,373932.9044640988,"seasonally and calendar adjusted (X13-ARIMA-SEATS, JDemetra+ 2.2.4), discrete quarter, as published; quarterly national accounts vintage -- see metadata"
2019-01-01,national,S,Предоставление прочих видов услуг,446578.43881488935,"seasonally and calendar adjusted (X13-ARIMA-SEATS, JDemetra+ 2.2.4), discrete quarter, as published; quarterly national accounts vintage -- see metadata"
2019-04-01,national,S,Предоставление прочих видов услуг,487695.5906061254,"seasonally and calendar adjusted (X13-ARIMA-SEATS, JDemetra+ 2.2.4), discrete quarter, as published; quarterly national accounts vintage -- see metadata"
2019-07-01,national,S,Предоставление прочих видов услуг,422129.71197921387,"seasonally and calendar adjusted (X13-ARIMA-SEATS, JDemetra+ 2.2.4), discrete quarter, as published; quarterly national accounts vintage -- see metadata"
2019-10-01,national,S,Предоставление прочих видов услуг,499416.66561935283,"seasonally and calendar adjusted (X13-ARIMA-SEATS, JDemetra+ 2.2.4), discrete quarter, as published; quarterly national accounts vintage -- see metadata"
2020-01-01,national,S,Предоставление прочих видов услуг,404482.3198295063,"seasonally and calendar adjusted (X13-ARIMA-SEATS, JDemetra+ 2.2.4), discrete quarter, as published; quarterly national accounts vintage -- see metadata"
2020-04-01,national,S,Предоставление прочих видов услуг,346771.0620204682,"seasonally and calendar adjusted (X13-ARIMA-SEATS, JDemetra+ 2.2.4), discrete quarter, as published; quarterly national accounts vintage -- see metadata"
2020-07-01,national,S,Предоставление прочих видов услуг,425879.78478449374,"seasonally and calendar adjusted (X13-ARIMA-SEATS, JDemetra+ 2.2.4), discrete quarter, as published; quarterly national accounts vintage -- see metadata"
2020-10-01,national,S,Предоставление прочих видов услуг,427545.4210360329,"seasonally and calendar adjusted (X13-ARIMA-SEATS, JDemetra+ 2.2.4), discrete quarter, as published; quarterly national accounts vintage -- see metadata"
2021-01-01,national,S,Предоставление прочих видов услуг,433589.33950440784,"seasonally and calendar adjusted (X13-ARIMA-SEATS, JDemetra+ 2.2.4), discrete quarter, as published; quarterly national accounts vintage -- see metadata"
2021-04-01,national,S,Предоставление прочих видов услуг,384920.3657025873,"seasonally and calendar adjusted (X13-ARIMA-SEATS, JDemetra+ 2.2.4), discrete quarter, as published; quarterly national accounts vintage -- see metadata"
2021-07-01,national,S,Предоставление прочих видов услуг,448862.48467115604,"seasonally and calendar adjusted (X13-ARIMA-SEATS, JDemetra+ 2.2.4), discrete quarter, as published; quarterly national accounts vintage -- see metadata"
2021-10-01,national,S,Предоставление прочих видов услуг,471984.01505980274,"seasonally and calendar adjusted (X13-ARIMA-SEATS, JDemetra+ 2.2.4), discrete quarter, as published; quarterly national accounts vintage -- see metadata"
2022-01-01,national,S,Предоставление прочих видов услуг,524637.9516389171,"seasonally and calendar adjusted (X13-ARIMA-SEATS, JDemetra+ 2.2.4), discrete quarter, as published; quarterly national accounts vintage -- see metadata"
2022-04-01,national,S,Предоставление прочих видов услуг,570646.0378514595,"seasonally and calendar adjusted (X13-ARIMA-SEATS, JDemetra+ 2.2.4), discrete quarter, as published; quarterly national accounts vintage -- see metadata"
2022-07-01,national,S,Предоставление прочих видов услуг,601906.3255107125,"seasonally and calendar adjusted (X13-ARIMA-SEATS, JDemetra+ 2.2.4), discrete quarter, as published; quarterly national accounts vintage -- see metadata"
2022-10-01,national,S,Предоставление прочих видов услуг,620302.9724877876,"seasonally and calendar adjusted (X13-ARIMA-SEATS, JDemetra+ 2.2.4), discrete quarter, as published; quarterly national accounts vintage -- see metadata"
2023-01-01,national,S,Предоставление прочих видов услуг,584650.3958824492,"seasonally and calendar adjusted (X13-ARIMA-SEATS, JDemetra+ 2.2.4), discrete quarter, as published; quarterly national accounts vintage -- see metadata"
2023-04-01,national,S,Предоставление прочих видов услуг,672708.7583288021,"seasonally and calendar adjusted (X13-ARIMA-SEATS, JDemetra+ 2.2.4), discrete quarter, as published; quarterly national accounts vintage -- see metadata"
2023-07-01,national,S,Предоставление прочих видов услуг,636157.948667358,"seasonally and calendar adjusted (X13-ARIMA-SEATS, JDemetra+ 2.2.4), discrete quarter, as published; quarterly national accounts vintage -- see metadata"
2023-10-01,national,S,Предоставление прочих видов услуг,612394.3413797723,"seasonally and calendar adjusted (X13-ARIMA-SEATS, JDemetra+ 2.2.4), discrete quarter, as published; quarterly national accounts vintage -- see metadata"
2024-01-01,national,S,Предоставление прочих видов услуг,768421.9127414507,"seasonally and calendar adjusted (X13-ARIMA-SEATS, JDemetra+ 2.2.4), discrete quarter, as published; quarterly national accounts vintage -- see metadata"
2024-04-01,national,S,Предоставление прочих видов услуг,718327.6544325082,"seasonally and calendar adjusted (X13-ARIMA-SEATS, JDemetra+ 2.2.4), discrete quarter, as published; quarterly national accounts vintage -- see metadata"
2024-07-01,national,S,Предоставление прочих видов услуг,805996.8041508804,"seasonally and calendar adjusted (X13-ARIMA-SEATS, JDemetra+ 2.2.4), discrete quarter, as published; quarterly national accounts vintage -- see metadata"
2024-10-01,national,S,Предоставление прочих видов услуг,808290.7305287453,"seasonally and calendar adjusted (X13-ARIMA-SEATS, JDemetra+ 2.2.4), discrete quarter, as published; quarterly national accounts vintage -- see metadata"
2025-01-01,national,S,Предоставление прочих видов услуг,974763.272865005,"seasonally and calendar adjusted (X13-ARIMA-SEATS, JDemetra+ 2.2.4), discrete quarter, as published; quarterly national accounts vintage -- see metadata"
2025-04-01,national,S,Предоставление прочих видов услуг,851695.37612152,"seasonally and calendar adjusted (X13-ARIMA-SEATS, JDemetra+ 2.2.4), discrete quarter, as published; quarterly national accounts vintage -- see metadata"
2025-07-01,national,S,Предоставление прочих видов услуг,749850.916934011,"seasonally and calendar adjusted (X13-ARIMA-SEATS, JDemetra+ 2.2.4), discrete quarter, as published; quarterly national accounts vintage -- see metadata"
2025-10-01,national,S,Предоставление прочих видов услуг,786463.8105222018,"seasonally and calendar adjusted (X13-ARIMA-SEATS, JDemetra+ 2.2.4), discrete quarter, as published; quarterly national accounts vintage -- see metadata"
2026-01-01,national,S,Предоставление прочих видов услуг,932929.3717281272,"seasonally and calendar adjusted (X13-ARIMA-SEATS, JDemetra+ 2.2.4), discrete quarter, as published; quarterly national accounts vintage -- see metadata"
2010-01-01,national,SERVICES,Производство услуг,2821945.4244489986,"seasonally and calendar adjusted (X13-ARIMA-SEATS, JDemetra+ 2.2.4), discrete quarter, as published; quarterly national accounts vintage -- see metadata"
2010-04-01,national,SERVICES,Производство услуг,2944893.0568738715,"seasonally and calendar adjusted (X13-ARIMA-SEATS, JDemetra+ 2.2.4), discrete quarter, as published; quarterly national accounts vintage -- see metadata"
2010-07-01,national,SERVICES,Производство услуг,3052463.71929794,"seasonally and calendar adjusted (X13-ARIMA-SEATS, JDemetra+ 2.2.4), discrete quarter, as published; quarterly national accounts vintage -- see metadata"
2010-10-01,national,SERVICES,Производство услуг,3087018.121774885,"seasonally and calendar adjusted (X13-ARIMA-SEATS, JDemetra+ 2.2.4), discrete quarter, as published; quarterly national accounts vintage -- see metadata"
2011-01-01,national,SERVICES,Производство услуг,3491106.978473218,"seasonally and calendar adjusted (X13-ARIMA-SEATS, JDemetra+ 2.2.4), discrete quarter, as published; quarterly national accounts vintage -- see metadata"
2011-04-01,national,SERVICES,Производство услуг,3558852.6028450117,"seasonally and calendar adjusted (X13-ARIMA-SEATS, JDemetra+ 2.2.4), discrete quarter, as published; quarterly national accounts vintage -- see metadata"
2011-07-01,national,SERVICES,Производство услуг,3776521.4990083394,"seasonally and calendar adjusted (X13-ARIMA-SEATS, JDemetra+ 2.2.4), discrete quarter, as published; quarterly national accounts vintage -- see metadata"
2011-10-01,national,SERVICES,Производство услуг,3903202.6572975055,"seasonally and calendar adjusted (X13-ARIMA-SEATS, JDemetra+ 2.2.4), discrete quarter, as published; quarterly national accounts vintage -- see metadata"
2012-01-01,national,SERVICES,Производство услуг,3984116.6745981756,"seasonally and calendar adjusted (X13-ARIMA-SEATS, JDemetra+ 2.2.4), discrete quarter, as published; quarterly national accounts vintage -- see metadata"
2012-04-01,national,SERVICES,Производство услуг,4130313.633609848,"seasonally and calendar adjusted (X13-ARIMA-SEATS, JDemetra+ 2.2.4), discrete quarter, as published; quarterly national accounts vintage -- see metadata"
2012-07-01,national,SERVICES,Производство услуг,4265656.528423649,"seasonally and calendar adjusted (X13-ARIMA-SEATS, JDemetra+ 2.2.4), discrete quarter, as published; quarterly national accounts vintage -- see metadata"
2012-10-01,national,SERVICES,Производство услуг,4489608.188250764,"seasonally and calendar adjusted (X13-ARIMA-SEATS, JDemetra+ 2.2.4), discrete quarter, as published; quarterly national accounts vintage -- see metadata"
2013-01-01,national,SERVICES,Производство услуг,4696651.500255837,"seasonally and calendar adjusted (X13-ARIMA-SEATS, JDemetra+ 2.2.4), discrete quarter, as published; quarterly national accounts vintage -- see metadata"
2013-04-01,national,SERVICES,Производство услуг,4831649.040568428,"seasonally and calendar adjusted (X13-ARIMA-SEATS, JDemetra+ 2.2.4), discrete quarter, as published; quarterly national accounts vintage -- see metadata"
2013-07-01,national,SERVICES,Производство услуг,5036359.00311124,"seasonally and calendar adjusted (X13-ARIMA-SEATS, JDemetra+ 2.2.4), discrete quarter, as published; quarterly national accounts vintage -- see metadata"
2013-10-01,national,SERVICES,Производство услуг,4937294.624461117,"seasonally and calendar adjusted (X13-ARIMA-SEATS, JDemetra+ 2.2.4), discrete quarter, as published; quarterly national accounts vintage -- see metadata"
2014-01-01,national,SERVICES,Производство услуг,5147402.6623112615,"seasonally and calendar adjusted (X13-ARIMA-SEATS, JDemetra+ 2.2.4), discrete quarter, as published; quarterly national accounts vintage -- see metadata"
2014-04-01,national,SERVICES,Производство услуг,5401084.995798904,"seasonally and calendar adjusted (X13-ARIMA-SEATS, JDemetra+ 2.2.4), discrete quarter, as published; quarterly national accounts vintage -- see metadata"
2014-07-01,national,SERVICES,Производство услуг,5514529.991740653,"seasonally and calendar adjusted (X13-ARIMA-SEATS, JDemetra+ 2.2.4), discrete quarter, as published; quarterly national accounts vintage -- see metadata"
2014-10-01,national,SERVICES,Производство услуг,5791298.30955006,"seasonally and calendar adjusted (X13-ARIMA-SEATS, JDemetra+ 2.2.4), discrete quarter, as published; quarterly national accounts vintage -- see metadata"
2015-01-01,national,SERVICES,Производство услуг,5793557.703730045,"seasonally and calendar adjusted (X13-ARIMA-SEATS, JDemetra+ 2.2.4), discrete quarter, as published; quarterly national accounts vintage -- see metadata"
2015-04-01,national,SERVICES,Производство услуг,6040366.041547621,"seasonally and calendar adjusted (X13-ARIMA-SEATS, JDemetra+ 2.2.4), discrete quarter, as published; quarterly national accounts vintage -- see metadata"
2015-07-01,national,SERVICES,Производство услуг,6098067.680227388,"seasonally and calendar adjusted (X13-ARIMA-SEATS, JDemetra+ 2.2.4), discrete quarter, as published; quarterly national accounts vintage -- see metadata"
2015-10-01,national,SERVICES,Производство услуг,6193444.120770267,"seasonally and calendar adjusted (X13-ARIMA-SEATS, JDemetra+ 2.2.4), discrete quarter, as published; quarterly national accounts vintage -- see metadata"
2016-01-01,national,SERVICES,Производство услуг,6627501.474013398,"seasonally and calendar adjusted (X13-ARIMA-SEATS, JDemetra+ 2.2.4), discrete quarter, as published; quarterly national accounts vintage -- see metadata"
2016-04-01,national,SERVICES,Производство услуг,6554473.037581502,"seasonally and calendar adjusted (X13-ARIMA-SEATS, JDemetra+ 2.2.4), discrete quarter, as published; quarterly national accounts vintage -- see metadata"
2016-07-01,national,SERVICES,Производство услуг,6689468.831608589,"seasonally and calendar adjusted (X13-ARIMA-SEATS, JDemetra+ 2.2.4), discrete quarter, as published; quarterly national accounts vintage -- see metadata"
2016-10-01,national,SERVICES,Производство услуг,6947383.940391584,"seasonally and calendar adjusted (X13-ARIMA-SEATS, JDemetra+ 2.2.4), discrete quarter, as published; quarterly national accounts vintage -- see metadata"
2017-01-01,national,SERVICES,Производство услуг,7065425.606820138,"seasonally and calendar adjusted (X13-ARIMA-SEATS, JDemetra+ 2.2.4), discrete quarter, as published; quarterly national accounts vintage -- see metadata"
2017-04-01,national,SERVICES,Производство услуг,7157561.536983075,"seasonally and calendar adjusted (X13-ARIMA-SEATS, JDemetra+ 2.2.4), discrete quarter, as published; quarterly national accounts vintage -- see metadata"
2017-07-01,national,SERVICES,Производство услуг,7510557.571413714,"seasonally and calendar adjusted (X13-ARIMA-SEATS, JDemetra+ 2.2.4), discrete quarter, as published; quarterly national accounts vintage -- see metadata"
2017-10-01,national,SERVICES,Производство услуг,7683618.446650955,"seasonally and calendar adjusted (X13-ARIMA-SEATS, JDemetra+ 2.2.4), discrete quarter, as published; quarterly national accounts vintage -- see metadata"
2018-01-01,national,SERVICES,Производство услуг,7428472.456127745,"seasonally and calendar adjusted (X13-ARIMA-SEATS, JDemetra+ 2.2.4), discrete quarter, as published; quarterly national accounts vintage -- see metadata"
2018-04-01,national,SERVICES,Производство услуг,8048357.137456043,"seasonally and calendar adjusted (X13-ARIMA-SEATS, JDemetra+ 2.2.4), discrete quarter, as published; quarterly national accounts vintage -- see metadata"
2018-07-01,national,SERVICES,Производство услуг,8300186.625846184,"seasonally and calendar adjusted (X13-ARIMA-SEATS, JDemetra+ 2.2.4), discrete quarter, as published; quarterly national accounts vintage -- see metadata"
2018-10-01,national,SERVICES,Производство услуг,8453181.19387823,"seasonally and calendar adjusted (X13-ARIMA-SEATS, JDemetra+ 2.2.4), discrete quarter, as published; quarterly national accounts vintage -- see metadata"
2019-01-01,national,SERVICES,Производство услуг,8633564.190332899,"seasonally and calendar adjusted (X13-ARIMA-SEATS, JDemetra+ 2.2.4), discrete quarter, as published; quarterly national accounts vintage -- see metadata"
2019-04-01,national,SERVICES,Производство услуг,9064124.838563092,"seasonally and calendar adjusted (X13-ARIMA-SEATS, JDemetra+ 2.2.4), discrete quarter, as published; quarterly national accounts vintage -- see metadata"
2019-07-01,national,SERVICES,Производство услуг,9182961.65748903,"seasonally and calendar adjusted (X13-ARIMA-SEATS, JDemetra+ 2.2.4), discrete quarter, as published; quarterly national accounts vintage -- see metadata"
2019-10-01,national,SERVICES,Производство услуг,9439245.035596024,"seasonally and calendar adjusted (X13-ARIMA-SEATS, JDemetra+ 2.2.4), discrete quarter, as published; quarterly national accounts vintage -- see metadata"
2020-01-01,national,SERVICES,Производство услуг,9657002.115876393,"seasonally and calendar adjusted (X13-ARIMA-SEATS, JDemetra+ 2.2.4), discrete quarter, as published; quarterly national accounts vintage -- see metadata"
2020-04-01,national,SERVICES,Производство услуг,8872654.846281743,"seasonally and calendar adjusted (X13-ARIMA-SEATS, JDemetra+ 2.2.4), discrete quarter, as published; quarterly national accounts vintage -- see metadata"
2020-07-01,national,SERVICES,Производство услуг,9474562.653110843,"seasonally and calendar adjusted (X13-ARIMA-SEATS, JDemetra+ 2.2.4), discrete quarter, as published; quarterly national accounts vintage -- see metadata"
2020-10-01,national,SERVICES,Производство услуг,9988853.603291005,"seasonally and calendar adjusted (X13-ARIMA-SEATS, JDemetra+ 2.2.4), discrete quarter, as published; quarterly national accounts vintage -- see metadata"
2021-01-01,national,SERVICES,Производство услуг,10462854.119031668,"seasonally and calendar adjusted (X13-ARIMA-SEATS, JDemetra+ 2.2.4), discrete quarter, as published; quarterly national accounts vintage -- see metadata"
2021-04-01,national,SERVICES,Производство услуг,10719940.652560867,"seasonally and calendar adjusted (X13-ARIMA-SEATS, JDemetra+ 2.2.4), discrete quarter, as published; quarterly national accounts vintage -- see metadata"
2021-07-01,national,SERVICES,Производство услуг,11193020.727431217,"seasonally and calendar adjusted (X13-ARIMA-SEATS, JDemetra+ 2.2.4), discrete quarter, as published; quarterly national accounts vintage -- see metadata"
2021-10-01,national,SERVICES,Производство услуг,11253176.413360072,"seasonally and calendar adjusted (X13-ARIMA-SEATS, JDemetra+ 2.2.4), discrete quarter, as published; quarterly national accounts vintage -- see metadata"
2022-01-01,national,SERVICES,Производство услуг,12630511.375953121,"seasonally and calendar adjusted (X13-ARIMA-SEATS, JDemetra+ 2.2.4), discrete quarter, as published; quarterly national accounts vintage -- see metadata"
2022-04-01,national,SERVICES,Производство услуг,13026815.050093036,"seasonally and calendar adjusted (X13-ARIMA-SEATS, JDemetra+ 2.2.4), discrete quarter, as published; quarterly national accounts vintage -- see metadata"
2022-07-01,national,SERVICES,Производство услуг,13248770.243116412,"seasonally and calendar adjusted (X13-ARIMA-SEATS, JDemetra+ 2.2.4), discrete quarter, as published; quarterly national accounts vintage -- see metadata"
2022-10-01,national,SERVICES,Производство услуг,14190782.64917319,"seasonally and calendar adjusted (X13-ARIMA-SEATS, JDemetra+ 2.2.4), discrete quarter, as published; quarterly national accounts vintage -- see metadata"
2023-01-01,national,SERVICES,Производство услуг,15614006.907601595,"seasonally and calendar adjusted (X13-ARIMA-SEATS, JDemetra+ 2.2.4), discrete quarter, as published; quarterly national accounts vintage -- see metadata"
2023-04-01,national,SERVICES,Производство услуг,16486834.84307183,"seasonally and calendar adjusted (X13-ARIMA-SEATS, JDemetra+ 2.2.4), discrete quarter, as published; quarterly national accounts vintage -- see metadata"
2023-07-01,national,SERVICES,Производство услуг,17121274.676099677,"seasonally and calendar adjusted (X13-ARIMA-SEATS, JDemetra+ 2.2.4), discrete quarter, as published; quarterly national accounts vintage -- see metadata"
2023-10-01,national,SERVICES,Производство услуг,17559913.505775366,"seasonally and calendar adjusted (X13-ARIMA-SEATS, JDemetra+ 2.2.4), discrete quarter, as published; quarterly national accounts vintage -- see metadata"
2024-01-01,national,SERVICES,Производство услуг,18200398.481285244,"seasonally and calendar adjusted (X13-ARIMA-SEATS, JDemetra+ 2.2.4), discrete quarter, as published; quarterly national accounts vintage -- see metadata"
2024-04-01,national,SERVICES,Производство услуг,19173758.65292996,"seasonally and calendar adjusted (X13-ARIMA-SEATS, JDemetra+ 2.2.4), discrete quarter, as published; quarterly national accounts vintage -- see metadata"
2024-07-01,national,SERVICES,Производство услуг,20488138.06752219,"seasonally and calendar adjusted (X13-ARIMA-SEATS, JDemetra+ 2.2.4), discrete quarter, as published; quarterly national accounts vintage -- see metadata"
2024-10-01,national,SERVICES,Производство услуг,20773110.69963399,"seasonally and calendar adjusted (X13-ARIMA-SEATS, JDemetra+ 2.2.4), discrete quarter, as published; quarterly national accounts vintage -- see metadata"
2025-01-01,national,SERVICES,Производство услуг,21152764.365928542,"seasonally and calendar adjusted (X13-ARIMA-SEATS, JDemetra+ 2.2.4), discrete quarter, as published; quarterly national accounts vintage -- see metadata"
2025-04-01,national,SERVICES,Производство услуг,22282991.963366143,"seasonally and calendar adjusted (X13-ARIMA-SEATS, JDemetra+ 2.2.4), discrete quarter, as published; quarterly national accounts vintage -- see metadata"
2025-07-01,national,SERVICES,Производство услуг,23424520.935438722,"seasonally and calendar adjusted (X13-ARIMA-SEATS, JDemetra+ 2.2.4), discrete quarter, as published; quarterly national accounts vintage -- see metadata"
2025-10-01,national,SERVICES,Производство услуг,24536232.893101007,"seasonally and calendar adjusted (X13-ARIMA-SEATS, JDemetra+ 2.2.4), discrete quarter, as published; quarterly national accounts vintage -- see metadata"
2026-01-01,national,SERVICES,Производство услуг,23986028.11551623,"seasonally and calendar adjusted (X13-ARIMA-SEATS, JDemetra+ 2.2.4), discrete quarter, as published; quarterly national accounts vintage -- see metadata"
2010-01-01,national,T,"Деятельность домашних хозяйств, нанимающих домашнюю прислугу и производящих товары и услуги для собственного потребления",2503.746621365762,"seasonally and calendar adjusted (X13-ARIMA-SEATS, JDemetra+ 2.2.4), discrete quarter, as published; quarterly national accounts vintage -- see metadata"
2010-04-01,national,T,"Деятельность домашних хозяйств, нанимающих домашнюю прислугу и производящих товары и услуги для собственного потребления",2656.026698681967,"seasonally and calendar adjusted (X13-ARIMA-SEATS, JDemetra+ 2.2.4), discrete quarter, as published; quarterly national accounts vintage -- see metadata"
2010-07-01,national,T,"Деятельность домашних хозяйств, нанимающих домашнюю прислугу и производящих товары и услуги для собственного потребления",3164.9819531335465,"seasonally and calendar adjusted (X13-ARIMA-SEATS, JDemetra+ 2.2.4), discrete quarter, as published; quarterly national accounts vintage -- see metadata"
2010-10-01,national,T,"Деятельность домашних хозяйств, нанимающих домашнюю прислугу и производящих товары и услуги для собственного потребления",2795.5447268187268,"seasonally and calendar adjusted (X13-ARIMA-SEATS, JDemetra+ 2.2.4), discrete quarter, as published; quarterly national accounts vintage -- see metadata"
2011-01-01,national,T,"Деятельность домашних хозяйств, нанимающих домашнюю прислугу и производящих товары и услуги для собственного потребления",3857.4663256413246,"seasonally and calendar adjusted (X13-ARIMA-SEATS, JDemetra+ 2.2.4), discrete quarter, as published; quarterly national accounts vintage -- see metadata"
2011-04-01,national,T,"Деятельность домашних хозяйств, нанимающих домашнюю прислугу и производящих товары и услуги для собственного потребления",4182.2845482375415,"seasonally and calendar adjusted (X13-ARIMA-SEATS, JDemetra+ 2.2.4), discrete quarter, as published; quarterly national accounts vintage -- see metadata"
2011-07-01,national,T,"Деятельность домашних хозяйств, нанимающих домашнюю прислугу и производящих товары и услуги для собственного потребления",4670.535088128255,"seasonally and calendar adjusted (X13-ARIMA-SEATS, JDemetra+ 2.2.4), discrete quarter, as published; quarterly national accounts vintage -- see metadata"
2011-10-01,national,T,"Деятельность домашних хозяйств, нанимающих домашнюю прислугу и производящих товары и услуги для собственного потребления",4170.314037992877,"seasonally and calendar adjusted (X13-ARIMA-SEATS, JDemetra+ 2.2.4), discrete quarter, as published; quarterly national accounts vintage -- see metadata"
2012-01-01,national,T,"Деятельность домашних хозяйств, нанимающих домашнюю прислугу и производящих товары и услуги для собственного потребления",8288.873135837324,"seasonally and calendar adjusted (X13-ARIMA-SEATS, JDemetra+ 2.2.4), discrete quarter, as published; quarterly national accounts vintage -- see metadata"
2012-04-01,national,T,"Деятельность домашних хозяйств, нанимающих домашнюю прислугу и производящих товары и услуги для собственного потребления",9462.227987359376,"seasonally and calendar adjusted (X13-ARIMA-SEATS, JDemetra+ 2.2.4), discrete quarter, as published; quarterly national accounts vintage -- see metadata"
2012-07-01,national,T,"Деятельность домашних хозяйств, нанимающих домашнюю прислугу и производящих товары и услуги для собственного потребления",8780.48173327571,"seasonally and calendar adjusted (X13-ARIMA-SEATS, JDemetra+ 2.2.4), discrete quarter, as published; quarterly national accounts vintage -- see metadata"
2012-10-01,national,T,"Деятельность домашних хозяйств, нанимающих домашнюю прислугу и производящих товары и услуги для собственного потребления",8710.517143527592,"seasonally and calendar adjusted (X13-ARIMA-SEATS, JDemetra+ 2.2.4), discrete quarter, as published; quarterly national accounts vintage -- see metadata"
2013-01-01,national,T,"Деятельность домашних хозяйств, нанимающих домашнюю прислугу и производящих товары и услуги для собственного потребления",9759.876614373521,"seasonally and calendar adjusted (X13-ARIMA-SEATS, JDemetra+ 2.2.4), discrete quarter, as published; quarterly national accounts vintage -- see metadata"
2013-04-01,national,T,"Деятельность домашних хозяйств, нанимающих домашнюю прислугу и производящих товары и услуги для собственного потребления",9710.355823968272,"seasonally and calendar adjusted (X13-ARIMA-SEATS, JDemetra+ 2.2.4), discrete quarter, as published; quarterly national accounts vintage -- see metadata"
2013-07-01,national,T,"Деятельность домашних хозяйств, нанимающих домашнюю прислугу и производящих товары и услуги для собственного потребления",9944.93512070045,"seasonally and calendar adjusted (X13-ARIMA-SEATS, JDemetra+ 2.2.4), discrete quarter, as published; quarterly national accounts vintage -- see metadata"
2013-10-01,national,T,"Деятельность домашних хозяйств, нанимающих домашнюю прислугу и производящих товары и услуги для собственного потребления",9082.132440957763,"seasonally and calendar adjusted (X13-ARIMA-SEATS, JDemetra+ 2.2.4), discrete quarter, as published; quarterly national accounts vintage -- see metadata"
2014-01-01,national,T,"Деятельность домашних хозяйств, нанимающих домашнюю прислугу и производящих товары и услуги для собственного потребления",9827.832232173088,"seasonally and calendar adjusted (X13-ARIMA-SEATS, JDemetra+ 2.2.4), discrete quarter, as published; quarterly national accounts vintage -- see metadata"
2014-04-01,national,T,"Деятельность домашних хозяйств, нанимающих домашнюю прислугу и производящих товары и услуги для собственного потребления",11429.465403908816,"seasonally and calendar adjusted (X13-ARIMA-SEATS, JDemetra+ 2.2.4), discrete quarter, as published; quarterly national accounts vintage -- see metadata"
2014-07-01,national,T,"Деятельность домашних хозяйств, нанимающих домашнюю прислугу и производящих товары и услуги для собственного потребления",10857.233705552608,"seasonally and calendar adjusted (X13-ARIMA-SEATS, JDemetra+ 2.2.4), discrete quarter, as published; quarterly national accounts vintage -- see metadata"
2014-10-01,national,T,"Деятельность домашних хозяйств, нанимающих домашнюю прислугу и производящих товары и услуги для собственного потребления",9598.168658365483,"seasonally and calendar adjusted (X13-ARIMA-SEATS, JDemetra+ 2.2.4), discrete quarter, as published; quarterly national accounts vintage -- see metadata"
2015-01-01,national,T,"Деятельность домашних хозяйств, нанимающих домашнюю прислугу и производящих товары и услуги для собственного потребления",10563.276586081247,"seasonally and calendar adjusted (X13-ARIMA-SEATS, JDemetra+ 2.2.4), discrete quarter, as published; quarterly national accounts vintage -- see metadata"
2015-04-01,national,T,"Деятельность домашних хозяйств, нанимающих домашнюю прислугу и производящих товары и услуги для собственного потребления",11697.47423604748,"seasonally and calendar adjusted (X13-ARIMA-SEATS, JDemetra+ 2.2.4), discrete quarter, as published; quarterly national accounts vintage -- see metadata"
2015-07-01,national,T,"Деятельность домашних хозяйств, нанимающих домашнюю прислугу и производящих товары и услуги для собственного потребления",11476.32392886283,"seasonally and calendar adjusted (X13-ARIMA-SEATS, JDemetra+ 2.2.4), discrete quarter, as published; quarterly national accounts vintage -- see metadata"
2015-10-01,national,T,"Деятельность домашних хозяйств, нанимающих домашнюю прислугу и производящих товары и услуги для собственного потребления",10601.625249008444,"seasonally and calendar adjusted (X13-ARIMA-SEATS, JDemetra+ 2.2.4), discrete quarter, as published; quarterly national accounts vintage -- see metadata"
2016-01-01,national,T,"Деятельность домашних хозяйств, нанимающих домашнюю прислугу и производящих товары и услуги для собственного потребления",10920.737881513429,"seasonally and calendar adjusted (X13-ARIMA-SEATS, JDemetra+ 2.2.4), discrete quarter, as published; quarterly national accounts vintage -- see metadata"
2016-04-01,national,T,"Деятельность домашних хозяйств, нанимающих домашнюю прислугу и производящих товары и услуги для собственного потребления",11718.4575023141,"seasonally and calendar adjusted (X13-ARIMA-SEATS, JDemetra+ 2.2.4), discrete quarter, as published; quarterly national accounts vintage -- see metadata"
2016-07-01,national,T,"Деятельность домашних хозяйств, нанимающих домашнюю прислугу и производящих товары и услуги для собственного потребления",11970.610007167808,"seasonally and calendar adjusted (X13-ARIMA-SEATS, JDemetra+ 2.2.4), discrete quarter, as published; quarterly national accounts vintage -- see metadata"
2016-10-01,national,T,"Деятельность домашних хозяйств, нанимающих домашнюю прислугу и производящих товары и услуги для собственного потребления",11422.894609004656,"seasonally and calendar adjusted (X13-ARIMA-SEATS, JDemetra+ 2.2.4), discrete quarter, as published; quarterly national accounts vintage -- see metadata"
2017-01-01,national,T,"Деятельность домашних хозяйств, нанимающих домашнюю прислугу и производящих товары и услуги для собственного потребления",16086.906238595315,"seasonally and calendar adjusted (X13-ARIMA-SEATS, JDemetra+ 2.2.4), discrete quarter, as published; quarterly national accounts vintage -- see metadata"
2017-04-01,national,T,"Деятельность домашних хозяйств, нанимающих домашнюю прислугу и производящих товары и услуги для собственного потребления",17704.538663860447,"seasonally and calendar adjusted (X13-ARIMA-SEATS, JDemetra+ 2.2.4), discrete quarter, as published; quarterly national accounts vintage -- see metadata"
2017-07-01,national,T,"Деятельность домашних хозяйств, нанимающих домашнюю прислугу и производящих товары и услуги для собственного потребления",21092.659946023825,"seasonally and calendar adjusted (X13-ARIMA-SEATS, JDemetra+ 2.2.4), discrete quarter, as published; quarterly national accounts vintage -- see metadata"
2017-10-01,national,T,"Деятельность домашних хозяйств, нанимающих домашнюю прислугу и производящих товары и услуги для собственного потребления",19782.595151520418,"seasonally and calendar adjusted (X13-ARIMA-SEATS, JDemetra+ 2.2.4), discrete quarter, as published; quarterly national accounts vintage -- see metadata"
2018-01-01,national,T,"Деятельность домашних хозяйств, нанимающих домашнюю прислугу и производящих товары и услуги для собственного потребления",18367.48108108042,"seasonally and calendar adjusted (X13-ARIMA-SEATS, JDemetra+ 2.2.4), discrete quarter, as published; quarterly national accounts vintage -- see metadata"
2018-04-01,national,T,"Деятельность домашних хозяйств, нанимающих домашнюю прислугу и производящих товары и услуги для собственного потребления",20082.45703051041,"seasonally and calendar adjusted (X13-ARIMA-SEATS, JDemetra+ 2.2.4), discrete quarter, as published; quarterly national accounts vintage -- see metadata"
2018-07-01,national,T,"Деятельность домашних хозяйств, нанимающих домашнюю прислугу и производящих товары и услуги для собственного потребления",21194.01645370884,"seasonally and calendar adjusted (X13-ARIMA-SEATS, JDemetra+ 2.2.4), discrete quarter, as published; quarterly national accounts vintage -- see metadata"
2018-10-01,national,T,"Деятельность домашних хозяйств, нанимающих домашнюю прислугу и производящих товары и услуги для собственного потребления",19838.84543470033,"seasonally and calendar adjusted (X13-ARIMA-SEATS, JDemetra+ 2.2.4), discrete quarter, as published; quarterly national accounts vintage -- see metadata"
2019-01-01,national,T,"Деятельность домашних хозяйств, нанимающих домашнюю прислугу и производящих товары и услуги для собственного потребления",24409.871055045827,"seasonally and calendar adjusted (X13-ARIMA-SEATS, JDemetra+ 2.2.4), discrete quarter, as published; quarterly national accounts vintage -- see metadata"
2019-04-01,national,T,"Деятельность домашних хозяйств, нанимающих домашнюю прислугу и производящих товары и услуги для собственного потребления",24647.382229054172,"seasonally and calendar adjusted (X13-ARIMA-SEATS, JDemetra+ 2.2.4), discrete quarter, as published; quarterly national accounts vintage -- see metadata"
2019-07-01,national,T,"Деятельность домашних хозяйств, нанимающих домашнюю прислугу и производящих товары и услуги для собственного потребления",21904.395215028642,"seasonally and calendar adjusted (X13-ARIMA-SEATS, JDemetra+ 2.2.4), discrete quarter, as published; quarterly national accounts vintage -- see metadata"
2019-10-01,national,T,"Деятельность домашних хозяйств, нанимающих домашнюю прислугу и производящих товары и услуги для собственного потребления",22198.851500871366,"seasonally and calendar adjusted (X13-ARIMA-SEATS, JDemetra+ 2.2.4), discrete quarter, as published; quarterly national accounts vintage -- see metadata"
2020-01-01,national,T,"Деятельность домашних хозяйств, нанимающих домашнюю прислугу и производящих товары и услуги для собственного потребления",19886.226010600487,"seasonally and calendar adjusted (X13-ARIMA-SEATS, JDemetra+ 2.2.4), discrete quarter, as published; quarterly national accounts vintage -- see metadata"
2020-04-01,national,T,"Деятельность домашних хозяйств, нанимающих домашнюю прислугу и производящих товары и услуги для собственного потребления",19572.194966709903,"seasonally and calendar adjusted (X13-ARIMA-SEATS, JDemetra+ 2.2.4), discrete quarter, as published; quarterly national accounts vintage -- see metadata"
2020-07-01,national,T,"Деятельность домашних хозяйств, нанимающих домашнюю прислугу и производящих товары и услуги для собственного потребления",19867.095531190404,"seasonally and calendar adjusted (X13-ARIMA-SEATS, JDemetra+ 2.2.4), discrete quarter, as published; quarterly national accounts vintage -- see metadata"
2020-10-01,national,T,"Деятельность домашних хозяйств, нанимающих домашнюю прислугу и производящих товары и услуги для собственного потребления",21740.88349149921,"seasonally and calendar adjusted (X13-ARIMA-SEATS, JDemetra+ 2.2.4), discrete quarter, as published; quarterly national accounts vintage -- see metadata"
2021-01-01,national,T,"Деятельность домашних хозяйств, нанимающих домашнюю прислугу и производящих товары и услуги для собственного потребления",19676.588132338256,"seasonally and calendar adjusted (X13-ARIMA-SEATS, JDemetra+ 2.2.4), discrete quarter, as published; quarterly national accounts vintage -- see metadata"
2021-04-01,national,T,"Деятельность домашних хозяйств, нанимающих домашнюю прислугу и производящих товары и услуги для собственного потребления",25920.847741714046,"seasonally and calendar adjusted (X13-ARIMA-SEATS, JDemetra+ 2.2.4), discrete quarter, as published; quarterly national accounts vintage -- see metadata"
2021-07-01,national,T,"Деятельность домашних хозяйств, нанимающих домашнюю прислугу и производящих товары и услуги для собственного потребления",23497.886004643555,"seasonally and calendar adjusted (X13-ARIMA-SEATS, JDemetra+ 2.2.4), discrete quarter, as published; quarterly national accounts vintage -- see metadata"
2021-10-01,national,T,"Деятельность домашних хозяйств, нанимающих домашнюю прислугу и производящих товары и услуги для собственного потребления",23564.778121304153,"seasonally and calendar adjusted (X13-ARIMA-SEATS, JDemetra+ 2.2.4), discrete quarter, as published; quarterly national accounts vintage -- see metadata"
2022-01-01,national,T,"Деятельность домашних хозяйств, нанимающих домашнюю прислугу и производящих товары и услуги для собственного потребления",31441.082009764596,"seasonally and calendar adjusted (X13-ARIMA-SEATS, JDemetra+ 2.2.4), discrete quarter, as published; quarterly national accounts vintage -- see metadata"
2022-04-01,national,T,"Деятельность домашних хозяйств, нанимающих домашнюю прислугу и производящих товары и услуги для собственного потребления",38510.367629885026,"seasonally and calendar adjusted (X13-ARIMA-SEATS, JDemetra+ 2.2.4), discrete quarter, as published; quarterly national accounts vintage -- see metadata"
2022-07-01,national,T,"Деятельность домашних хозяйств, нанимающих домашнюю прислугу и производящих товары и услуги для собственного потребления",30722.230134801353,"seasonally and calendar adjusted (X13-ARIMA-SEATS, JDemetra+ 2.2.4), discrete quarter, as published; quarterly national accounts vintage -- see metadata"
2022-10-01,national,T,"Деятельность домашних хозяйств, нанимающих домашнюю прислугу и производящих товары и услуги для собственного потребления",36837.32022554901,"seasonally and calendar adjusted (X13-ARIMA-SEATS, JDemetra+ 2.2.4), discrete quarter, as published; quarterly national accounts vintage -- see metadata"
2023-01-01,national,T,"Деятельность домашних хозяйств, нанимающих домашнюю прислугу и производящих товары и услуги для собственного потребления",55535.37449121542,"seasonally and calendar adjusted (X13-ARIMA-SEATS, JDemetra+ 2.2.4), discrete quarter, as published; quarterly national accounts vintage -- see metadata"
2023-04-01,national,T,"Деятельность домашних хозяйств, нанимающих домашнюю прислугу и производящих товары и услуги для собственного потребления",19534.749849047268,"seasonally and calendar adjusted (X13-ARIMA-SEATS, JDemetra+ 2.2.4), discrete quarter, as published; quarterly national accounts vintage -- see metadata"
2023-07-01,national,T,"Деятельность домашних хозяйств, нанимающих домашнюю прислугу и производящих товары и услуги для собственного потребления",70201.78693088226,"seasonally and calendar adjusted (X13-ARIMA-SEATS, JDemetra+ 2.2.4), discrete quarter, as published; quarterly national accounts vintage -- see metadata"
2023-10-01,national,T,"Деятельность домашних хозяйств, нанимающих домашнюю прислугу и производящих товары и услуги для собственного потребления",55959.588728855044,"seasonally and calendar adjusted (X13-ARIMA-SEATS, JDemetra+ 2.2.4), discrete quarter, as published; quarterly national accounts vintage -- see metadata"
2024-01-01,national,T,"Деятельность домашних хозяйств, нанимающих домашнюю прислугу и производящих товары и услуги для собственного потребления",58788.88044527714,"seasonally and calendar adjusted (X13-ARIMA-SEATS, JDemetra+ 2.2.4), discrete quarter, as published; quarterly national accounts vintage -- see metadata"
2024-04-01,national,T,"Деятельность домашних хозяйств, нанимающих домашнюю прислугу и производящих товары и услуги для собственного потребления",67566.98485957923,"seasonally and calendar adjusted (X13-ARIMA-SEATS, JDemetra+ 2.2.4), discrete quarter, as published; quarterly national accounts vintage -- see metadata"
2024-07-01,national,T,"Деятельность домашних хозяйств, нанимающих домашнюю прислугу и производящих товары и услуги для собственного потребления",73786.60794145647,"seasonally and calendar adjusted (X13-ARIMA-SEATS, JDemetra+ 2.2.4), discrete quarter, as published; quarterly national accounts vintage -- see metadata"
2024-10-01,national,T,"Деятельность домашних хозяйств, нанимающих домашнюю прислугу и производящих товары и услуги для собственного потребления",93058.82675368719,"seasonally and calendar adjusted (X13-ARIMA-SEATS, JDemetra+ 2.2.4), discrete quarter, as published; quarterly national accounts vintage -- see metadata"
2025-01-01,national,T,"Деятельность домашних хозяйств, нанимающих домашнюю прислугу и производящих товары и услуги для собственного потребления",53907.893364536656,"seasonally and calendar adjusted (X13-ARIMA-SEATS, JDemetra+ 2.2.4), discrete quarter, as published; quarterly national accounts vintage -- see metadata"
2025-04-01,national,T,"Деятельность домашних хозяйств, нанимающих домашнюю прислугу и производящих товары и услуги для собственного потребления",70403.97075080777,"seasonally and calendar adjusted (X13-ARIMA-SEATS, JDemetra+ 2.2.4), discrete quarter, as published; quarterly national accounts vintage -- see metadata"
2025-07-01,national,T,"Деятельность домашних хозяйств, нанимающих домашнюю прислугу и производящих товары и услуги для собственного потребления",77754.71342951711,"seasonally and calendar adjusted (X13-ARIMA-SEATS, JDemetra+ 2.2.4), discrete quarter, as published; quarterly national accounts vintage -- see metadata"
2025-10-01,national,T,"Деятельность домашних хозяйств, нанимающих домашнюю прислугу и производящих товары и услуги для собственного потребления",84085.52245513845,"seasonally and calendar adjusted (X13-ARIMA-SEATS, JDemetra+ 2.2.4), discrete quarter, as published; quarterly national accounts vintage -- see metadata"
2026-01-01,national,T,"Деятельность домашних хозяйств, нанимающих домашнюю прислугу и производящих товары и услуги для собственного потребления",103561.53601257704,"seasonally and calendar adjusted (X13-ARIMA-SEATS, JDemetra+ 2.2.4), discrete quarter, as published; quarterly national accounts vintage -- see metadata"
