date,region,item_code,item_name,value,transformation
2010-01-01,national,EXPORTS,экспорт товаров и услуг,2364901.9,"level (discrete quarter, as published; quarterly national accounts vintage -- see metadata)"
2010-04-01,national,EXPORTS,экспорт товаров и услуг,2427385.1,"level (discrete quarter, as published; quarterly national accounts vintage -- see metadata)"
2010-07-01,national,EXPORTS,экспорт товаров и услуг,2424166.1,"level (discrete quarter, as published; quarterly national accounts vintage -- see metadata)"
2010-10-01,national,EXPORTS,экспорт товаров и услуг,2654030.1,"level (discrete quarter, as published; quarterly national accounts vintage -- see metadata)"
2011-01-01,national,EXPORTS,экспорт товаров и услуг,3748719.5,"level (discrete quarter, as published; quarterly national accounts vintage -- see metadata)"
2011-04-01,national,EXPORTS,экспорт товаров и услуг,3379475.6,"level (discrete quarter, as published; quarterly national accounts vintage -- see metadata)"
2011-07-01,national,EXPORTS,экспорт товаров и услуг,3234494.4,"level (discrete quarter, as published; quarterly national accounts vintage -- see metadata)"
2011-10-01,national,EXPORTS,экспорт товаров и услуг,3374540.3,"level (discrete quarter, as published; quarterly national accounts vintage -- see metadata)"
2012-01-01,national,EXPORTS,экспорт товаров и услуг,3584728.5,"level (discrete quarter, as published; quarterly national accounts vintage -- see metadata)"
2012-04-01,national,EXPORTS,экспорт товаров и услуг,3335793.1,"level (discrete quarter, as published; quarterly national accounts vintage -- see metadata)"
2012-07-01,national,EXPORTS,экспорт товаров и услуг,3387723.7,"level (discrete quarter, as published; quarterly national accounts vintage -- see metadata)"
2012-10-01,national,EXPORTS,экспорт товаров и услуг,3524087.2,"level (discrete quarter, as published; quarterly national accounts vintage -- see metadata)"
2013-01-01,national,EXPORTS,экспорт товаров и услуг,3448784.2,"level (discrete quarter, as published; quarterly national accounts vintage -- see metadata)"
2013-04-01,national,EXPORTS,экспорт товаров и услуг,3382880.1,"level (discrete quarter, as published; quarterly national accounts vintage -- see metadata)"
2013-07-01,national,EXPORTS,экспорт товаров и услуг,3563006.4,"level (discrete quarter, as published; quarterly national accounts vintage -- see metadata)"
2013-10-01,national,EXPORTS,экспорт товаров и услуг,3934023.1,"level (discrete quarter, as published; quarterly national accounts vintage -- see metadata)"
2014-01-01,national,EXPORTS,экспорт товаров и услуг,3601948.2,"level (discrete quarter, as published; quarterly national accounts vintage -- see metadata)"
2014-04-01,national,EXPORTS,экспорт товаров и услуг,3864098.6,"level (discrete quarter, as published; quarterly national accounts vintage -- see metadata)"
2014-07-01,national,EXPORTS,экспорт товаров и услуг,3554434.5,"level (discrete quarter, as published; quarterly national accounts vintage -- see metadata)"
2014-10-01,national,EXPORTS,экспорт товаров и услуг,2856678.5,"level (discrete quarter, as published; quarterly national accounts vintage -- see metadata)"
2015-01-01,national,EXPORTS,экспорт товаров и услуг,2418119.9,"level (discrete quarter, as published; quarterly national accounts vintage -- see metadata)"
2015-04-01,national,EXPORTS,экспорт товаров и услуг,2400019.0,"level (discrete quarter, as published; quarterly national accounts vintage -- see metadata)"
2015-07-01,national,EXPORTS,экспорт товаров и услуг,2430710.3,"level (discrete quarter, as published; quarterly national accounts vintage -- see metadata)"
2015-10-01,national,EXPORTS,экспорт товаров и услуг,3294568.8,"level (discrete quarter, as published; quarterly national accounts vintage -- see metadata)"
2016-01-01,national,EXPORTS,экспорт товаров и услуг,3306888.9,"level (discrete quarter, as published; quarterly national accounts vintage -- see metadata)"
2016-04-01,national,EXPORTS,экспорт товаров и услуг,3600334.1,"level (discrete quarter, as published; quarterly national accounts vintage -- see metadata)"
2016-07-01,national,EXPORTS,экспорт товаров и услуг,3738286.9,"level (discrete quarter, as published; quarterly national accounts vintage -- see metadata)"
2016-10-01,national,EXPORTS,экспорт товаров и услуг,4138134.9,"level (discrete quarter, as published; quarterly national accounts vintage -- see metadata)"
2017-01-01,national,EXPORTS,экспорт товаров и услуг,4081082.4,"level (discrete quarter, as published; quarterly national accounts vintage -- see metadata)"
2017-04-01,national,EXPORTS,экспорт товаров и услуг,4175589.1,"level (discrete quarter, as published; quarterly national accounts vintage -- see metadata)"
2017-07-01,national,EXPORTS,экспорт товаров и услуг,4728807.9,"level (discrete quarter, as published; quarterly national accounts vintage -- see metadata)"
2017-10-01,national,EXPORTS,экспорт товаров и услуг,5355133.0,"level (discrete quarter, as published; quarterly national accounts vintage -- see metadata)"
2018-01-01,national,EXPORTS,экспорт товаров и услуг,5321818.8,"level (discrete quarter, as published; quarterly national accounts vintage -- see metadata)"
2018-04-01,national,EXPORTS,экспорт товаров и услуг,5765482.2,"level (discrete quarter, as published; quarterly national accounts vintage -- see metadata)"
2018-07-01,national,EXPORTS,экспорт товаров и услуг,6082943.9,"level (discrete quarter, as published; quarterly national accounts vintage -- see metadata)"
2018-10-01,national,EXPORTS,экспорт товаров и услуг,5732053.5,"level (discrete quarter, as published; quarterly national accounts vintage -- see metadata)"
2019-01-01,national,EXPORTS,экспорт товаров и услуг,6282402.6,"level (discrete quarter, as published; quarterly national accounts vintage -- see metadata)"
2019-04-01,national,EXPORTS,экспорт товаров и услуг,6333711.8,"level (discrete quarter, as published; quarterly national accounts vintage -- see metadata)"
2019-07-01,national,EXPORTS,экспорт товаров и услуг,6603488.4,"level (discrete quarter, as published; quarterly national accounts vintage -- see metadata)"
2019-10-01,national,EXPORTS,экспорт товаров и услуг,6628147.2,"level (discrete quarter, as published; quarterly national accounts vintage -- see metadata)"
2020-01-01,national,EXPORTS,экспорт товаров и услуг,5295684.4,"level (discrete quarter, as published; quarterly national accounts vintage -- see metadata)"
2020-04-01,national,EXPORTS,экспорт товаров и услуг,4296086.2,"level (discrete quarter, as published; quarterly national accounts vintage -- see metadata)"
2020-07-01,national,EXPORTS,экспорт товаров и услуг,5047904.2,"level (discrete quarter, as published; quarterly national accounts vintage -- see metadata)"
2020-10-01,national,EXPORTS,экспорт товаров и услуг,5719188.5,"level (discrete quarter, as published; quarterly national accounts vintage -- see metadata)"
2021-01-01,national,EXPORTS,экспорт товаров и услуг,6298760.0,"level (discrete quarter, as published; quarterly national accounts vintage -- see metadata)"
2021-04-01,national,EXPORTS,экспорт товаров и услуг,7729057.7,"level (discrete quarter, as published; quarterly national accounts vintage -- see metadata)"
2021-07-01,national,EXPORTS,экспорт товаров и услуг,7593415.6,"level (discrete quarter, as published; quarterly national accounts vintage -- see metadata)"
2021-10-01,national,EXPORTS,экспорт товаров и услуг,9003690.1,"level (discrete quarter, as published; quarterly national accounts vintage -- see metadata)"
2022-01-01,national,EXPORTS,экспорт товаров и услуг,10679957.6,"level (discrete quarter, as published; quarterly national accounts vintage -- see metadata)"
2022-04-01,national,EXPORTS,экспорт товаров и услуг,10183855.5,"level (discrete quarter, as published; quarterly national accounts vintage -- see metadata)"
2022-07-01,national,EXPORTS,экспорт товаров и услуг,11273360.4,"level (discrete quarter, as published; quarterly national accounts vintage -- see metadata)"
2022-10-01,national,EXPORTS,экспорт товаров и услуг,11016406.8,"level (discrete quarter, as published; quarterly national accounts vintage -- see metadata)"
2023-01-01,national,EXPORTS,экспорт товаров и услуг,9726601.6,"level (discrete quarter, as published; quarterly national accounts vintage -- see metadata)"
2023-04-01,national,EXPORTS,экспорт товаров и услуг,10094147.2,"level (discrete quarter, as published; quarterly national accounts vintage -- see metadata)"
2023-07-01,national,EXPORTS,экспорт товаров и услуг,10590226.5,"level (discrete quarter, as published; quarterly national accounts vintage -- see metadata)"
2023-10-01,national,EXPORTS,экспорт товаров и услуг,10976467.7,"level (discrete quarter, as published; quarterly national accounts vintage -- see metadata)"
2024-01-01,national,EXPORTS,экспорт товаров и услуг,9766840.2,"level (discrete quarter, as published; quarterly national accounts vintage -- see metadata)"
2024-04-01,national,EXPORTS,экспорт товаров и услуг,10672116.3,"level (discrete quarter, as published; quarterly national accounts vintage -- see metadata)"
2024-07-01,national,EXPORTS,экспорт товаров и услуг,11042919.7,"level (discrete quarter, as published; quarterly national accounts vintage -- see metadata)"
2024-10-01,national,EXPORTS,экспорт товаров и услуг,11162395.1,"level (discrete quarter, as published; quarterly national accounts vintage -- see metadata)"
2025-01-01,national,EXPORTS,экспорт товаров и услуг,10827537.7,"level (discrete quarter, as published; quarterly national accounts vintage -- see metadata)"
2025-04-01,national,EXPORTS,экспорт товаров и услуг,11680015.4,"level (discrete quarter, as published; quarterly national accounts vintage -- see metadata)"
2025-07-01,national,EXPORTS,экспорт товаров и услуг,12705008.6,"level (discrete quarter, as published; quarterly national accounts vintage -- see metadata)"
2025-10-01,national,EXPORTS,экспорт товаров и услуг,11880199.1,"level (discrete quarter, as published; quarterly national accounts vintage -- see metadata)"
2026-01-01,national,EXPORTS,экспорт товаров и услуг,11122267.7,"level (discrete quarter, as published; quarterly national accounts vintage -- see metadata)"
2010-01-01,national,FINAL_CONSUMPTION,Расходы на конечное потребление,2869068.361567541,"level (discrete quarter, as published; quarterly national accounts vintage -- see metadata)"
2010-04-01,national,FINAL_CONSUMPTION,Расходы на конечное потребление,3118554.017820872,"level (discrete quarter, as published; quarterly national accounts vintage -- see metadata)"
2010-07-01,national,FINAL_CONSUMPTION,Расходы на конечное потребление,3466211.2491531475,"level (discrete quarter, as published; quarterly national accounts vintage -- see metadata)"
2010-10-01,national,FINAL_CONSUMPTION,Расходы на конечное потребление,3715340.27145844,"level (discrete quarter, as published; quarterly national accounts vintage -- see metadata)"
2011-01-01,national,FINAL_CONSUMPTION,Расходы на конечное потребление,3077527.0625366187,"level (discrete quarter, as published; quarterly national accounts vintage -- see metadata)"
2011-04-01,national,FINAL_CONSUMPTION,Расходы на конечное потребление,3688676.645350201,"level (discrete quarter, as published; quarterly national accounts vintage -- see metadata)"
2011-07-01,national,FINAL_CONSUMPTION,Расходы на конечное потребление,4318366.0401256215,"level (discrete quarter, as published; quarterly national accounts vintage -- see metadata)"
2011-10-01,national,FINAL_CONSUMPTION,Расходы на конечное потребление,4578814.751987558,"level (discrete quarter, as published; quarterly national accounts vintage -- see metadata)"
2012-01-01,national,FINAL_CONSUMPTION,Расходы на конечное потребление,3907417.544250369,"level (discrete quarter, as published; quarterly national accounts vintage -- see metadata)"
2012-04-01,national,FINAL_CONSUMPTION,Расходы на конечное потребление,4398477.628877721,"level (discrete quarter, as published; quarterly national accounts vintage -- see metadata)"
2012-07-01,national,FINAL_CONSUMPTION,Расходы на конечное потребление,4969964.104384305,"level (discrete quarter, as published; quarterly national accounts vintage -- see metadata)"
2012-10-01,national,FINAL_CONSUMPTION,Расходы на конечное потребление,5261356.822487604,"level (discrete quarter, as published; quarterly national accounts vintage -- see metadata)"
2013-01-01,national,FINAL_CONSUMPTION,Расходы на конечное потребление,4971723.248410646,"level (discrete quarter, as published; quarterly national accounts vintage -- see metadata)"
2013-04-01,national,FINAL_CONSUMPTION,Расходы на конечное потребление,5343114.80096095,"level (discrete quarter, as published; quarterly national accounts vintage -- see metadata)"
2013-07-01,national,FINAL_CONSUMPTION,Расходы на конечное потребление,5724550.539715686,"level (discrete quarter, as published; quarterly national accounts vintage -- see metadata)"
2013-10-01,national,FINAL_CONSUMPTION,Расходы на конечное потребление,5461599.210912716,"level (discrete quarter, as published; quarterly national accounts vintage -- see metadata)"
2014-01-01,national,FINAL_CONSUMPTION,Расходы на конечное потребление,5273357.830900177,"level (discrete quarter, as published; quarterly national accounts vintage -- see metadata)"
2014-04-01,national,FINAL_CONSUMPTION,Расходы на конечное потребление,5658249.075812888,"level (discrete quarter, as published; quarterly national accounts vintage -- see metadata)"
2014-07-01,national,FINAL_CONSUMPTION,Расходы на конечное потребление,6481211.817408005,"level (discrete quarter, as published; quarterly national accounts vintage -- see metadata)"
2014-10-01,national,FINAL_CONSUMPTION,Расходы на конечное потребление,7236525.67587893,"level (discrete quarter, as published; quarterly national accounts vintage -- see metadata)"
2015-01-01,national,FINAL_CONSUMPTION,Расходы на конечное потребление,6224858.766730615,"level (discrete quarter, as published; quarterly national accounts vintage -- see metadata)"
2015-04-01,national,FINAL_CONSUMPTION,Расходы на конечное потребление,6548218.428864153,"level (discrete quarter, as published; quarterly national accounts vintage -- see metadata)"
2015-07-01,national,FINAL_CONSUMPTION,Расходы на конечное потребление,7182783.038305009,"level (discrete quarter, as published; quarterly national accounts vintage -- see metadata)"
2015-10-01,national,FINAL_CONSUMPTION,Расходы на конечное потребление,7321345.666100221,"level (discrete quarter, as published; quarterly national accounts vintage -- see metadata)"
2016-01-01,national,FINAL_CONSUMPTION,Расходы на конечное потребление,7183626.950632025,"level (discrete quarter, as published; quarterly national accounts vintage -- see metadata)"
2016-04-01,national,FINAL_CONSUMPTION,Расходы на конечное потребление,6943298.228025144,"level (discrete quarter, as published; quarterly national accounts vintage -- see metadata)"
2016-07-01,national,FINAL_CONSUMPTION,Расходы на конечное потребление,7949909.400768145,"level (discrete quarter, as published; quarterly national accounts vintage -- see metadata)"
2016-10-01,national,FINAL_CONSUMPTION,Расходы на конечное потребление,7961256.520574686,"level (discrete quarter, as published; quarterly national accounts vintage -- see metadata)"
2017-01-01,national,FINAL_CONSUMPTION,Расходы на конечное потребление,7570279.7259241855,"level (discrete quarter, as published; quarterly national accounts vintage -- see metadata)"
2017-04-01,national,FINAL_CONSUMPTION,Расходы на конечное потребление,7624455.634227397,"level (discrete quarter, as published; quarterly national accounts vintage -- see metadata)"
2017-07-01,national,FINAL_CONSUMPTION,Расходы на конечное потребление,8372212.033554598,"level (discrete quarter, as published; quarterly national accounts vintage -- see metadata)"
2017-10-01,national,FINAL_CONSUMPTION,Расходы на конечное потребление,8500867.706293818,"level (discrete quarter, as published; quarterly national accounts vintage -- see metadata)"
2018-01-01,national,FINAL_CONSUMPTION,Расходы на конечное потребление,7752148.658797735,"level (discrete quarter, as published; quarterly national accounts vintage -- see metadata)"
2018-04-01,national,FINAL_CONSUMPTION,Расходы на конечное потребление,8542894.33817265,"level (discrete quarter, as published; quarterly national accounts vintage -- see metadata)"
2018-07-01,national,FINAL_CONSUMPTION,Расходы на конечное потребление,9224170.264091134,"level (discrete quarter, as published; quarterly national accounts vintage -- see metadata)"
2018-10-01,national,FINAL_CONSUMPTION,Расходы на конечное потребление,10355896.538938481,"level (discrete quarter, as published; quarterly national accounts vintage -- see metadata)"
2019-01-01,national,FINAL_CONSUMPTION,Расходы на конечное потребление,8781584.162549822,"level (discrete quarter, as published; quarterly national accounts vintage -- see metadata)"
2019-04-01,national,FINAL_CONSUMPTION,Расходы на конечное потребление,9623473.752033256,"level (discrete quarter, as published; quarterly national accounts vintage -- see metadata)"
2019-07-01,national,FINAL_CONSUMPTION,Расходы на конечное потребление,10894057.590593105,"level (discrete quarter, as published; quarterly national accounts vintage -- see metadata)"
2019-10-01,national,FINAL_CONSUMPTION,Расходы на конечное потребление,11700886.794823822,"level (discrete quarter, as published; quarterly national accounts vintage -- see metadata)"
2020-01-01,national,FINAL_CONSUMPTION,Расходы на конечное потребление,9865119.075443322,"level (discrete quarter, as published; quarterly national accounts vintage -- see metadata)"
2020-04-01,national,FINAL_CONSUMPTION,Расходы на конечное потребление,10477412.985372853,"level (discrete quarter, as published; quarterly national accounts vintage -- see metadata)"
2020-07-01,national,FINAL_CONSUMPTION,Расходы на конечное потребление,11993053.321350057,"level (discrete quarter, as published; quarterly national accounts vintage -- see metadata)"
2020-10-01,national,FINAL_CONSUMPTION,Расходы на конечное потребление,12436005.01783377,"level (discrete quarter, as published; quarterly national accounts vintage -- see metadata)"
2021-01-01,national,FINAL_CONSUMPTION,Расходы на конечное потребление,11709682.30373923,"level (discrete quarter, as published; quarterly national accounts vintage -- see metadata)"
2021-04-01,national,FINAL_CONSUMPTION,Расходы на конечное потребление,11929141.070373757,"level (discrete quarter, as published; quarterly national accounts vintage -- see metadata)"
2021-07-01,national,FINAL_CONSUMPTION,Расходы на конечное потребление,13356549.931049882,"level (discrete quarter, as published; quarterly national accounts vintage -- see metadata)"
2021-10-01,national,FINAL_CONSUMPTION,Расходы на конечное потребление,13983179.894837128,"level (discrete quarter, as published; quarterly national accounts vintage -- see metadata)"
2022-01-01,national,FINAL_CONSUMPTION,Расходы на конечное потребление,13075068.6826318,"level (discrete quarter, as published; quarterly national accounts vintage -- see metadata)"
2022-04-01,national,FINAL_CONSUMPTION,Расходы на конечное потребление,14674195.969427448,"level (discrete quarter, as published; quarterly national accounts vintage -- see metadata)"
2022-07-01,national,FINAL_CONSUMPTION,Расходы на конечное потребление,15797442.445071787,"level (discrete quarter, as published; quarterly national accounts vintage -- see metadata)"
2022-10-01,national,FINAL_CONSUMPTION,Расходы на конечное потребление,17649477.002868973,"level (discrete quarter, as published; quarterly national accounts vintage -- see metadata)"
2023-01-01,national,FINAL_CONSUMPTION,Расходы на конечное потребление,17530233.00155895,"level (discrete quarter, as published; quarterly national accounts vintage -- see metadata)"
2023-04-01,national,FINAL_CONSUMPTION,Расходы на конечное потребление,17945743.237723608,"level (discrete quarter, as published; quarterly national accounts vintage -- see metadata)"
2023-07-01,national,FINAL_CONSUMPTION,Расходы на конечное потребление,18501748.33262761,"level (discrete quarter, as published; quarterly national accounts vintage -- see metadata)"
2023-10-01,national,FINAL_CONSUMPTION,Расходы на конечное потребление,21177142.72808984,"level (discrete quarter, as published; quarterly national accounts vintage -- see metadata)"
2024-01-01,national,FINAL_CONSUMPTION,Расходы на конечное потребление,19764111.071315184,"level (discrete quarter, as published; quarterly national accounts vintage -- see metadata)"
2024-04-01,national,FINAL_CONSUMPTION,Расходы на конечное потребление,20316411.87503428,"level (discrete quarter, as published; quarterly national accounts vintage -- see metadata)"
2024-07-01,national,FINAL_CONSUMPTION,Расходы на конечное потребление,22146018.966572426,"level (discrete quarter, as published; quarterly national accounts vintage -- see metadata)"
2024-10-01,national,FINAL_CONSUMPTION,Расходы на конечное потребление,26018908.387078114,"level (discrete quarter, as published; quarterly national accounts vintage -- see metadata)"
2025-01-01,national,FINAL_CONSUMPTION,Расходы на конечное потребление,23617844.858955912,"level (discrete quarter, as published; quarterly national accounts vintage -- see metadata)"
2025-04-01,national,FINAL_CONSUMPTION,Расходы на конечное потребление,25059888.341402885,"level (discrete quarter, as published; quarterly national accounts vintage -- see metadata)"
2025-07-01,national,FINAL_CONSUMPTION,Расходы на конечное потребление,27117758.380663157,"level (discrete quarter, as published; quarterly national accounts vintage -- see metadata)"
2025-10-01,national,FINAL_CONSUMPTION,Расходы на конечное потребление,29249878.31897804,"level (discrete quarter, as published; quarterly national accounts vintage -- see metadata)"
2026-01-01,national,FINAL_CONSUMPTION,Расходы на конечное потребление,27962768.83766074,"level (discrete quarter, as published; quarterly national accounts vintage -- see metadata)"
2010-01-01,national,GDP,Валовой внутренний продукт,4851770.904556662,"level (discrete quarter, as published; quarterly national accounts vintage -- see metadata)"
2010-04-01,national,GDP,Валовой внутренний продукт,5362442.12265738,"level (discrete quarter, as published; quarterly national accounts vintage -- see metadata)"
2010-07-01,national,GDP,Валовой внутренний продукт,5967794.74049266,"level (discrete quarter, as published; quarterly national accounts vintage -- see metadata)"
2010-10-01,national,GDP,Валовой внутренний продукт,6738378.62876674,"level (discrete quarter, as published; quarterly national accounts vintage -- see metadata)"
2011-01-01,national,GDP,Валовой внутренний продукт,6332899.573801896,"level (discrete quarter, as published; quarterly national accounts vintage -- see metadata)"
2011-04-01,national,GDP,Валовой внутренний продукт,6694361.027164675,"level (discrete quarter, as published; quarterly national accounts vintage -- see metadata)"
2011-07-01,national,GDP,Валовой внутренний продукт,7523209.600860977,"level (discrete quarter, as published; quarterly national accounts vintage -- see metadata)"
2011-10-01,national,GDP,Валовой внутренний продукт,8344595.970604203,"level (discrete quarter, as published; quarterly national accounts vintage -- see metadata)"
2012-01-01,national,GDP,Валовой внутренний продукт,6850869.430646259,"level (discrete quarter, as published; quarterly national accounts vintage -- see metadata)"
2012-04-01,national,GDP,Валовой внутренний продукт,7528159.034216004,"level (discrete quarter, as published; quarterly national accounts vintage -- see metadata)"
2012-07-01,national,GDP,Валовой внутренний продукт,8194492.212642099,"level (discrete quarter, as published; quarterly national accounts vintage -- see metadata)"
2012-10-01,national,GDP,Валовой внутренний продукт,8973921.383582134,"level (discrete quarter, as published; quarterly national accounts vintage -- see metadata)"
2013-01-01,national,GDP,Валовой внутренний продукт,7828673.041453991,"level (discrete quarter, as published; quarterly national accounts vintage -- see metadata)"
2013-04-01,national,GDP,Валовой внутренний продукт,8484318.35162451,"level (discrete quarter, as published; quarterly national accounts vintage -- see metadata)"
2013-07-01,national,GDP,Валовой внутренний продукт,9423478.459821159,"level (discrete quarter, as published; quarterly national accounts vintage -- see metadata)"
2013-10-01,national,GDP,Валовой внутренний продукт,10004034.266096195,"level (discrete quarter, as published; quarterly national accounts vintage -- see metadata)"
2014-01-01,national,GDP,Валовой внутренний продукт,8499983.987633009,"level (discrete quarter, as published; quarterly national accounts vintage -- see metadata)"
2014-04-01,national,GDP,Валовой внутренний продукт,9581976.093377884,"level (discrete quarter, as published; quarterly national accounts vintage -- see metadata)"
2014-07-01,national,GDP,Валовой внутренний продукт,10329772.194909971,"level (discrete quarter, as published; quarterly national accounts vintage -- see metadata)"
2014-10-01,national,GDP,Валовой внутренний продукт,10851841.924079135,"level (discrete quarter, as published; quarterly national accounts vintage -- see metadata)"
2015-01-01,national,GDP,Валовой внутренний продукт,8490897.848527612,"level (discrete quarter, as published; quarterly national accounts vintage -- see metadata)"
2015-04-01,national,GDP,Валовой внутренний продукт,9656310.933383446,"level (discrete quarter, as published; quarterly national accounts vintage -- see metadata)"
2015-07-01,national,GDP,Валовой внутренний продукт,10421016.417698914,"level (discrete quarter, as published; quarterly national accounts vintage -- see metadata)"
2015-10-01,national,GDP,Валовой внутренний продукт,11330206.940579832,"level (discrete quarter, as published; quarterly national accounts vintage -- see metadata)"
2016-01-01,national,GDP,Валовой внутренний продукт,9913280.258719485,"level (discrete quarter, as published; quarterly national accounts vintage -- see metadata)"
2016-04-01,national,GDP,Валовой внутренний продукт,10889013.609185047,"level (discrete quarter, as published; quarterly national accounts vintage -- see metadata)"
2016-07-01,national,GDP,Валовой внутренний продукт,11875538.502864089,"level (discrete quarter, as published; quarterly national accounts vintage -- see metadata)"
2016-10-01,national,GDP,Валовой внутренний продукт,13114643.514074171,"level (discrete quarter, as published; quarterly national accounts vintage -- see metadata)"
2017-01-01,national,GDP,Валовой внутренний продукт,11322794.06892075,"level (discrete quarter, as published; quarterly national accounts vintage -- see metadata)"
2017-04-01,national,GDP,Валовой внутренний продукт,12065699.863538362,"level (discrete quarter, as published; quarterly national accounts vintage -- see metadata)"
2017-07-01,national,GDP,Валовой внутренний продукт,13351262.32234621,"level (discrete quarter, as published; quarterly national accounts vintage -- see metadata)"
2017-10-01,national,GDP,Валовой внутренний продукт,14820651.210937936,"level (discrete quarter, as published; quarterly national accounts vintage -- see metadata)"
2018-01-01,national,GDP,Валовой внутренний продукт,12873383.548388103,"level (discrete quarter, as published; quarterly national accounts vintage -- see metadata)"
2018-04-01,national,GDP,Валовой внутренний продукт,14336456.585909225,"level (discrete quarter, as published; quarterly national accounts vintage -- see metadata)"
2018-07-01,national,GDP,Валовой внутренний продукт,14965009.736174706,"level (discrete quarter, as published; quarterly national accounts vintage -- see metadata)"
2018-10-01,national,GDP,Валовой внутренний продукт,16300475.360929849,"level (discrete quarter, as published; quarterly national accounts vintage -- see metadata)"
2019-01-01,national,GDP,Валовой внутренний продукт,14333396.709613241,"level (discrete quarter, as published; quarterly national accounts vintage -- see metadata)"
2019-04-01,national,GDP,Валовой внутренний продукт,15881513.831346236,"level (discrete quarter, as published; quarterly national accounts vintage -- see metadata)"
2019-07-01,national,GDP,Валовой внутренний продукт,16835862.89268937,"level (discrete quarter, as published; quarterly national accounts vintage -- see metadata)"
2019-10-01,national,GDP,Валовой внутренний продукт,18671856.643170364,"level (discrete quarter, as published; quarterly national accounts vintage -- see metadata)"
2020-01-01,national,GDP,Валовой внутренний продукт,15173145.626961563,"level (discrete quarter, as published; quarterly national accounts vintage -- see metadata)"
2020-04-01,national,GDP,Валовой внутренний продукт,14695947.069355257,"level (discrete quarter, as published; quarterly national accounts vintage -- see metadata)"
2020-07-01,national,GDP,Валовой внутренний продукт,16612568.130009297,"level (discrete quarter, as published; quarterly national accounts vintage -- see metadata)"
2020-10-01,national,GDP,Валовой внутренний продукт,19949734.37367388,"level (discrete quarter, as published; quarterly national accounts vintage -- see metadata)"
2021-01-01,national,GDP,Валовой внутренний продукт,17653734.574831504,"level (discrete quarter, as published; quarterly national accounts vintage -- see metadata)"
2021-04-01,national,GDP,Валовой внутренний продукт,19602291.75663533,"level (discrete quarter, as published; quarterly national accounts vintage -- see metadata)"
2021-07-01,national,GDP,Валовой внутренний продукт,20893443.690765247,"level (discrete quarter, as published; quarterly national accounts vintage -- see metadata)"
2021-10-01,national,GDP,Валовой внутренний продукт,24026296.32810804,"level (discrete quarter, as published; quarterly national accounts vintage -- see metadata)"
2022-01-01,national,GDP,Валовой внутренний продукт,22769321.843553744,"level (discrete quarter, as published; quarterly national accounts vintage -- see metadata)"
2022-04-01,national,GDP,Валовой внутренний продукт,23899632.9623999,"level (discrete quarter, as published; quarterly national accounts vintage -- see metadata)"
2022-07-01,national,GDP,Валовой внутренний продукт,26058664.943766776,"level (discrete quarter, as published; quarterly national accounts vintage -- see metadata)"
2022-10-01,national,GDP,Валовой внутренний продукт,28954038.297786776,"level (discrete quarter, as published; quarterly national accounts vintage -- see metadata)"
2023-01-01,national,GDP,Валовой внутренний продукт,25133932.21346943,"level (discrete quarter, as published; quarterly national accounts vintage -- see metadata)"
2023-04-01,national,GDP,Валовой внутренний продукт,27005774.889382362,"level (discrete quarter, as published; quarterly national accounts vintage -- see metadata)"
2023-07-01,national,GDP,Валовой внутренний продукт,29849878.798860397,"level (discrete quarter, as published; quarterly national accounts vintage -- see metadata)"
2023-10-01,national,GDP,Валовой внутренний продукт,35118199.08860298,"level (discrete quarter, as published; quarterly national accounts vintage -- see metadata)"
2024-01-01,national,GDP,Валовой внутренний продукт,28001877.236861352,"level (discrete quarter, as published; quarterly national accounts vintage -- see metadata)"
2024-04-01,national,GDP,Валовой внутренний продукт,30254995.06227922,"level (discrete quarter, as published; quarterly national accounts vintage -- see metadata)"
2024-07-01,national,GDP,Валовой внутренний продукт,34097350.44229235,"level (discrete quarter, as published; quarterly national accounts vintage -- see metadata)"
2024-10-01,national,GDP,Валовой внутренний продукт,40803610.90113181,"level (discrete quarter, as published; quarterly national accounts vintage -- see metadata)"
2025-01-01,national,GDP,Валовой внутренний продукт,32618023.03317391,"level (discrete quarter, as published; quarterly national accounts vintage -- see metadata)"
2025-04-01,national,GDP,Валовой внутренний продукт,36391087.91891939,"level (discrete quarter, as published; quarterly national accounts vintage -- see metadata)"
2025-07-01,national,GDP,Валовой внутренний продукт,40615033.49067385,"level (discrete quarter, as published; quarterly national accounts vintage -- see metadata)"
2025-10-01,national,GDP,Валовой внутренний продукт,45705308.167705014,"level (discrete quarter, as published; quarterly national accounts vintage -- see metadata)"
2026-01-01,national,GDP,Валовой внутренний продукт,37631023.051020876,"level (discrete quarter, as published; quarterly national accounts vintage -- see metadata)"
2010-01-01,national,GDP_PRODUCTION,Валовой внутренний продукт методом производства,4988685.554761673,"level (discrete quarter, as published; quarterly national accounts vintage -- see metadata)"
2010-04-01,national,GDP_PRODUCTION,Валовой внутренний продукт методом производства,5546029.27814223,"level (discrete quarter, as published; quarterly national accounts vintage -- see metadata)"
2010-07-01,national,GDP_PRODUCTION,Валовой внутренний продукт методом производства,6270494.891817496,"level (discrete quarter, as published; quarterly national accounts vintage -- see metadata)"
2010-10-01,national,GDP_PRODUCTION,Валовой внутренний продукт методом производства,7069103.0752786035,"level (discrete quarter, as published; quarterly national accounts vintage -- see metadata)"
2011-01-01,national,GDP_PRODUCTION,Валовой внутренний продукт методом производства,6484297.584917594,"level (discrete quarter, as published; quarterly national accounts vintage -- see metadata)"
2011-04-01,national,GDP_PRODUCTION,Валовой внутренний продукт методом производства,7082745.402445024,"level (discrete quarter, as published; quarterly national accounts vintage -- see metadata)"
2011-07-01,national,GDP_PRODUCTION,Валовой внутренний продукт методом производства,7957591.795784722,"level (discrete quarter, as published; quarterly national accounts vintage -- see metadata)"
2011-10-01,national,GDP_PRODUCTION,Валовой внутренний продукт методом производства,8561870.51685266,"level (discrete quarter, as published; quarterly national accounts vintage -- see metadata)"
2012-01-01,national,GDP_PRODUCTION,Валовой внутренний продукт методом производства,7152554.079810401,"level (discrete quarter, as published; quarterly national accounts vintage -- see metadata)"
2012-04-01,national,GDP_PRODUCTION,Валовой внутренний продукт методом производства,7812599.809562996,"level (discrete quarter, as published; quarterly national accounts vintage -- see metadata)"
2012-07-01,national,GDP_PRODUCTION,Валовой внутренний продукт методом производства,8517237.22028813,"level (discrete quarter, as published; quarterly national accounts vintage -- see metadata)"
2012-10-01,national,GDP_PRODUCTION,Валовой внутренний продукт методом производства,9349787.090338474,"level (discrete quarter, as published; quarterly national accounts vintage -- see metadata)"
2013-01-01,national,GDP_PRODUCTION,Валовой внутренний продукт методом производства,8145259.2502950365,"level (discrete quarter, as published; quarterly national accounts vintage -- see metadata)"
2013-04-01,national,GDP_PRODUCTION,Валовой внутренний продукт методом производства,8837174.846144676,"level (discrete quarter, as published; quarterly national accounts vintage -- see metadata)"
2013-07-01,national,GDP_PRODUCTION,Валовой внутренний продукт методом производства,9818280.15743774,"level (discrete quarter, as published; quarterly national accounts vintage -- see metadata)"
2013-10-01,national,GDP_PRODUCTION,Валовой внутренний продукт методом производства,10418345.046122545,"level (discrete quarter, as published; quarterly national accounts vintage -- see metadata)"
2014-01-01,national,GDP_PRODUCTION,Валовой внутренний продукт методом производства,8842321.958401086,"level (discrete quarter, as published; quarterly national accounts vintage -- see metadata)"
2014-04-01,national,GDP_PRODUCTION,Валовой внутренний продукт методом производства,9972433.09256166,"level (discrete quarter, as published; quarterly national accounts vintage -- see metadata)"
2014-07-01,national,GDP_PRODUCTION,Валовой внутренний продукт методом производства,10764043.245027939,"level (discrete quarter, as published; quarterly national accounts vintage -- see metadata)"
2014-10-01,national,GDP_PRODUCTION,Валовой внутренний продукт методом производства,11312298.104009315,"level (discrete quarter, as published; quarterly national accounts vintage -- see metadata)"
2015-01-01,national,GDP_PRODUCTION,Валовой внутренний продукт методом производства,8867831.340095134,"level (discrete quarter, as published; quarterly national accounts vintage -- see metadata)"
2015-04-01,national,GDP_PRODUCTION,Валовой внутренний продукт методом производства,10056862.684791537,"level (discrete quarter, as published; quarterly national accounts vintage -- see metadata)"
2015-07-01,national,GDP_PRODUCTION,Валовой внутренний продукт методом производства,10841656.210913144,"level (discrete quarter, as published; quarterly national accounts vintage -- see metadata)"
2015-10-01,national,GDP_PRODUCTION,Валовой внутренний продукт методом производства,11781510.964200184,"level (discrete quarter, as published; quarterly national accounts vintage -- see metadata)"
2016-01-01,national,GDP_PRODUCTION,Валовой внутренний продукт методом производства,10248858.0825103,"level (discrete quarter, as published; quarterly national accounts vintage -- see metadata)"
2016-04-01,national,GDP_PRODUCTION,Валовой внутренний продукт методом производства,11229608.166849004,"level (discrete quarter, as published; quarterly national accounts vintage -- see metadata)"
2016-07-01,national,GDP_PRODUCTION,Валовой внутренний продукт методом производства,12105583.269172097,"level (discrete quarter, as published; quarterly national accounts vintage -- see metadata)"
2016-10-01,national,GDP_PRODUCTION,Валовой внутренний продукт методом производства,13444347.581468597,"level (discrete quarter, as published; quarterly national accounts vintage -- see metadata)"
2017-01-01,national,GDP_PRODUCTION,Валовой внутренний продукт методом производства,11557524.659197362,"level (discrete quarter, as published; quarterly national accounts vintage -- see metadata)"
2017-04-01,national,GDP_PRODUCTION,Валовой внутренний продукт методом производства,12400570.306021359,"level (discrete quarter, as published; quarterly national accounts vintage -- see metadata)"
2017-07-01,national,GDP_PRODUCTION,Валовой внутренний продукт методом производства,13699270.195490498,"level (discrete quarter, as published; quarterly national accounts vintage -- see metadata)"
2017-10-01,national,GDP_PRODUCTION,Валовой внутренний продукт методом производства,15284410.539290776,"level (discrete quarter, as published; quarterly national accounts vintage -- see metadata)"
2018-01-01,national,GDP_PRODUCTION,Валовой внутренний продукт методом производства,12839144.545563,"level (discrete quarter, as published; quarterly national accounts vintage -- see metadata)"
2018-04-01,national,GDP_PRODUCTION,Валовой внутренний продукт методом производства,14560289.425638048,"level (discrete quarter, as published; quarterly national accounts vintage -- see metadata)"
2018-07-01,national,GDP_PRODUCTION,Валовой внутренний продукт методом производства,15661261.373093814,"level (discrete quarter, as published; quarterly national accounts vintage -- see metadata)"
2018-10-01,national,GDP_PRODUCTION,Валовой внутренний продукт методом производства,16994936.75570514,"level (discrete quarter, as published; quarterly national accounts vintage -- see metadata)"
2019-01-01,national,GDP_PRODUCTION,Валовой внутренний продукт методом производства,14637078.429244447,"level (discrete quarter, as published; quarterly national accounts vintage -- see metadata)"
2019-04-01,national,GDP_PRODUCTION,Валовой внутренний продукт методом производства,16342749.976613702,"level (discrete quarter, as published; quarterly national accounts vintage -- see metadata)"
2019-07-01,national,GDP_PRODUCTION,Валовой внутренний продукт методом производства,17413488.26550202,"level (discrete quarter, as published; quarterly national accounts vintage -- see metadata)"
2019-10-01,national,GDP_PRODUCTION,Валовой внутренний продукт методом производства,19105697.228639826,"level (discrete quarter, as published; quarterly national accounts vintage -- see metadata)"
2020-01-01,national,GDP_PRODUCTION,Валовой внутренний продукт методом производства,15751278.002367215,"level (discrete quarter, as published; quarterly national accounts vintage -- see metadata)"
2020-04-01,national,GDP_PRODUCTION,Валовой внутренний продукт методом производства,15114088.920600137,"level (discrete quarter, as published; quarterly national accounts vintage -- see metadata)"
2020-07-01,national,GDP_PRODUCTION,Валовой внутренний продукт методом производства,17890900.656642515,"level (discrete quarter, as published; quarterly national accounts vintage -- see metadata)"
2020-10-01,national,GDP_PRODUCTION,Валовой внутренний продукт методом производства,20448402.120390136,"level (discrete quarter, as published; quarterly national accounts vintage -- see metadata)"
2021-01-01,national,GDP_PRODUCTION,Валовой внутренний продукт методом производства,17666866.866889555,"level (discrete quarter, as published; quarterly national accounts vintage -- see metadata)"
2021-04-01,national,GDP_PRODUCTION,Валовой внутренний продукт методом производства,19878078.773788426,"level (discrete quarter, as published; quarterly national accounts vintage -- see metadata)"
2021-07-01,national,GDP_PRODUCTION,Валовой внутренний продукт методом производства,21432013.776158668,"level (discrete quarter, as published; quarterly national accounts vintage -- see metadata)"
2021-10-01,national,GDP_PRODUCTION,Валовой внутренний продукт методом производства,23660110.583163343,"level (discrete quarter, as published; quarterly national accounts vintage -- see metadata)"
2022-01-01,national,GDP_PRODUCTION,Валовой внутренний продукт методом производства,22819521.063031837,"level (discrete quarter, as published; quarterly national accounts vintage -- see metadata)"
2022-04-01,national,GDP_PRODUCTION,Валовой внутренний продукт методом производства,24013167.37832815,"level (discrete quarter, as published; quarterly national accounts vintage -- see metadata)"
2022-07-01,national,GDP_PRODUCTION,Валовой внутренний продукт методом производства,26344291.59483028,"level (discrete quarter, as published; quarterly national accounts vintage -- see metadata)"
2022-10-01,national,GDP_PRODUCTION,Валовой внутренний продукт методом производства,29016832.963809744,"level (discrete quarter, as published; quarterly national accounts vintage -- see metadata)"
2023-01-01,national,GDP_PRODUCTION,Валовой внутренний продукт методом производства,25677018.359903365,"level (discrete quarter, as published; quarterly national accounts vintage -- see metadata)"
2023-04-01,national,GDP_PRODUCTION,Валовой внутренний продукт методом производства,28074227.14406119,"level (discrete quarter, as published; quarterly national accounts vintage -- see metadata)"
2023-07-01,national,GDP_PRODUCTION,Валовой внутренний продукт методом производства,31020476.440550487,"level (discrete quarter, as published; quarterly national accounts vintage -- see metadata)"
2023-10-01,national,GDP_PRODUCTION,Валовой внутренний продукт методом производства,34670567.75548496,"level (discrete quarter, as published; quarterly national accounts vintage -- see metadata)"
2024-01-01,national,GDP_PRODUCTION,Валовой внутренний продукт методом производства,27983929.33009132,"level (discrete quarter, as published; quarterly national accounts vintage -- see metadata)"
2024-04-01,national,GDP_PRODUCTION,Валовой внутренний продукт методом производства,31286093.673224904,"level (discrete quarter, as published; quarterly national accounts vintage -- see metadata)"
2024-07-01,national,GDP_PRODUCTION,Валовой внутренний продукт методом производства,36512784.1713295,"level (discrete quarter, as published; quarterly national accounts vintage -- see metadata)"
2024-10-01,national,GDP_PRODUCTION,Валовой внутренний продукт методом производства,40910511.125354275,"level (discrete quarter, as published; quarterly national accounts vintage -- see metadata)"
2025-01-01,national,GDP_PRODUCTION,Валовой внутренний продукт методом производства,32617328.20714227,"level (discrete quarter, as published; quarterly national accounts vintage -- see metadata)"
2025-04-01,national,GDP_PRODUCTION,Валовой внутренний продукт методом производства,36407780.597306095,"level (discrete quarter, as published; quarterly national accounts vintage -- see metadata)"
2025-07-01,national,GDP_PRODUCTION,Валовой внутренний продукт методом производства,41922692.68383279,"level (discrete quarter, as published; quarterly national accounts vintage -- see metadata)"
2025-10-01,national,GDP_PRODUCTION,Валовой внутренний продукт методом производства,48635949.21171886,"level (discrete quarter, as published; quarterly national accounts vintage -- see metadata)"
2026-01-01,national,GDP_PRODUCTION,Валовой внутренний продукт методом производства,36036429.87065822,"level (discrete quarter, as published; quarterly national accounts vintage -- see metadata)"
2010-01-01,national,GFCF,валовое накопление основного капитала,713569.3043009947,"level (discrete quarter, as published; quarterly national accounts vintage -- see metadata)"
2010-04-01,national,GFCF,валовое накопление основного капитала,1226907.9114631638,"level (discrete quarter, as published; quarterly national accounts vintage -- see metadata)"
2010-07-01,national,GFCF,валовое накопление основного капитала,1793572.326799136,"level (discrete quarter, as published; quarterly national accounts vintage -- see metadata)"
2010-10-01,national,GFCF,валовое накопление основного капитала,2236135.253910146,"level (discrete quarter, as published; quarterly national accounts vintage -- see metadata)"
2011-01-01,national,GFCF,валовое накопление основного капитала,744819.5280438955,"level (discrete quarter, as published; quarterly national accounts vintage -- see metadata)"
2011-04-01,national,GFCF,валовое накопление основного капитала,1490442.7082472383,"level (discrete quarter, as published; quarterly national accounts vintage -- see metadata)"
2011-07-01,national,GFCF,валовое накопление основного капитала,1834060.975097209,"level (discrete quarter, as published; quarterly national accounts vintage -- see metadata)"
2011-10-01,national,GFCF,валовое накопление основного капитала,2447124.1610434083,"level (discrete quarter, as published; quarterly national accounts vintage -- see metadata)"
2012-01-01,national,GFCF,валовое накопление основного капитала,991027.8899567894,"level (discrete quarter, as published; quarterly national accounts vintage -- see metadata)"
2012-04-01,national,GFCF,валовое накопление основного капитала,1750020.0696120802,"level (discrete quarter, as published; quarterly national accounts vintage -- see metadata)"
2012-07-01,national,GFCF,валовое накопление основного капитала,2065871.6109864712,"level (discrete quarter, as published; quarterly national accounts vintage -- see metadata)"
2012-10-01,national,GFCF,валовое накопление основного капитала,2694663.9905311572,"level (discrete quarter, as published; quarterly national accounts vintage -- see metadata)"
2013-01-01,national,GFCF,валовое накопление основного капитала,1130399.42639081,"level (discrete quarter, as published; quarterly national accounts vintage -- see metadata)"
2013-04-01,national,GFCF,валовое накопление основного капитала,1989329.6457495743,"level (discrete quarter, as published; quarterly national accounts vintage -- see metadata)"
2013-07-01,national,GFCF,валовое накопление основного капитала,2460183.9374346635,"level (discrete quarter, as published; quarterly national accounts vintage -- see metadata)"
2013-10-01,national,GFCF,валовое накопление основного капитала,2981317.2094208086,"level (discrete quarter, as published; quarterly national accounts vintage -- see metadata)"
2014-01-01,national,GFCF,валовое накопление основного капитала,1267830.1023301072,"level (discrete quarter, as published; quarterly national accounts vintage -- see metadata)"
2014-04-01,national,GFCF,валовое накопление основного капитала,2365684.022874728,"level (discrete quarter, as published; quarterly national accounts vintage -- see metadata)"
2014-07-01,national,GFCF,валовое накопление основного капитала,2630420.451416248,"level (discrete quarter, as published; quarterly national accounts vintage -- see metadata)"
2014-10-01,national,GFCF,валовое накопление основного капитала,3017574.2233789177,"level (discrete quarter, as published; quarterly national accounts vintage -- see metadata)"
2015-01-01,national,GFCF,валовое накопление основного капитала,1308124.0591000207,"level (discrete quarter, as published; quarterly national accounts vintage -- see metadata)"
2015-04-01,national,GFCF,валовое накопление основного капитала,2425723.1065989668,"level (discrete quarter, as published; quarterly national accounts vintage -- see metadata)"
2015-07-01,national,GFCF,валовое накопление основного капитала,2847583.475081818,"level (discrete quarter, as published; quarterly national accounts vintage -- see metadata)"
2015-10-01,national,GFCF,валовое накопление основного капитала,3312727.7994089974,"level (discrete quarter, as published; quarterly national accounts vintage -- see metadata)"
2016-01-01,national,GFCF,валовое накопление основного капитала,1664036.282670747,"level (discrete quarter, as published; quarterly national accounts vintage -- see metadata)"
2016-04-01,national,GFCF,валовое накопление основного капитала,2689234.3439236176,"level (discrete quarter, as published; quarterly national accounts vintage -- see metadata)"
2016-07-01,national,GFCF,валовое накопление основного капитала,2931104.554945785,"level (discrete quarter, as published; quarterly national accounts vintage -- see metadata)"
2016-10-01,national,GFCF,валовое накопление основного капитала,3840652.6033026427,"level (discrete quarter, as published; quarterly national accounts vintage -- see metadata)"
2017-01-01,national,GFCF,валовое накопление основного капитала,1840749.481331509,"level (discrete quarter, as published; quarterly national accounts vintage -- see metadata)"
2017-04-01,national,GFCF,валовое накопление основного капитала,2904522.402319994,"level (discrete quarter, as published; quarterly national accounts vintage -- see metadata)"
2017-07-01,national,GFCF,валовое накопление основного капитала,3213856.2130037067,"level (discrete quarter, as published; quarterly national accounts vintage -- see metadata)"
2017-10-01,national,GFCF,валовое накопление основного капитала,4146790.669088053,"level (discrete quarter, as published; quarterly national accounts vintage -- see metadata)"
2018-01-01,national,GFCF,валовое накопление основного капитала,2538585.8560903464,"level (discrete quarter, as published; quarterly national accounts vintage -- see metadata)"
2018-04-01,national,GFCF,валовое накопление основного капитала,3253083.4579768563,"level (discrete quarter, as published; quarterly national accounts vintage -- see metadata)"
2018-07-01,national,GFCF,валовое накопление основного капитала,3525925.7156022727,"level (discrete quarter, as published; quarterly national accounts vintage -- see metadata)"
2018-10-01,national,GFCF,валовое накопление основного капитала,4159697.2017324083,"level (discrete quarter, as published; quarterly national accounts vintage -- see metadata)"
2019-01-01,national,GFCF,валовое накопление основного капитала,2325199.5100448783,"level (discrete quarter, as published; quarterly national accounts vintage -- see metadata)"
2019-04-01,national,GFCF,валовое накопление основного капитала,4348385.189048457,"level (discrete quarter, as published; quarterly national accounts vintage -- see metadata)"
2019-07-01,national,GFCF,валовое накопление основного капитала,4397939.801401895,"level (discrete quarter, as published; quarterly national accounts vintage -- see metadata)"
2019-10-01,national,GFCF,валовое накопление основного капитала,5105862.076323971,"level (discrete quarter, as published; quarterly national accounts vintage -- see metadata)"
2020-01-01,national,GFCF,валовое накопление основного капитала,3177527.4388781814,"level (discrete quarter, as published; quarterly national accounts vintage -- see metadata)"
2020-04-01,national,GFCF,валовое накопление основного капитала,3883888.9534388823,"level (discrete quarter, as published; quarterly national accounts vintage -- see metadata)"
2020-07-01,national,GFCF,валовое накопление основного капитала,4198663.878606104,"level (discrete quarter, as published; quarterly national accounts vintage -- see metadata)"
2020-10-01,national,GFCF,валовое накопление основного капитала,6251926.72907683,"level (discrete quarter, as published; quarterly national accounts vintage -- see metadata)"
2021-01-01,national,GFCF,валовое накопление основного капитала,3052543.1477225213,"level (discrete quarter, as published; quarterly national accounts vintage -- see metadata)"
2021-04-01,national,GFCF,валовое накопление основного капитала,4600158.867976596,"level (discrete quarter, as published; quarterly national accounts vintage -- see metadata)"
2021-07-01,national,GFCF,валовое накопление основного капитала,4873418.524567167,"level (discrete quarter, as published; quarterly national accounts vintage -- see metadata)"
2021-10-01,national,GFCF,валовое накопление основного капитала,6382162.61007384,"level (discrete quarter, as published; quarterly national accounts vintage -- see metadata)"
2022-01-01,national,GFCF,валовое накопление основного капитала,3629831.37880423,"level (discrete quarter, as published; quarterly national accounts vintage -- see metadata)"
2022-04-01,national,GFCF,валовое накопление основного капитала,4817625.980223844,"level (discrete quarter, as published; quarterly national accounts vintage -- see metadata)"
2022-07-01,national,GFCF,валовое накопление основного капитала,5878337.283938731,"level (discrete quarter, as published; quarterly national accounts vintage -- see metadata)"
2022-10-01,national,GFCF,валовое накопление основного капитала,7889059.504540383,"level (discrete quarter, as published; quarterly national accounts vintage -- see metadata)"
2023-01-01,national,GFCF,валовое накопление основного капитала,4549254.826657734,"level (discrete quarter, as published; quarterly national accounts vintage -- see metadata)"
2023-04-01,national,GFCF,валовое накопление основного капитала,6383206.9576459415,"level (discrete quarter, as published; quarterly national accounts vintage -- see metadata)"
2023-07-01,national,GFCF,валовое накопление основного капитала,8149674.443043041,"level (discrete quarter, as published; quarterly national accounts vintage -- see metadata)"
2023-10-01,national,GFCF,валовое накопление основного капитала,10729679.662968455,"level (discrete quarter, as published; quarterly national accounts vintage -- see metadata)"
2024-01-01,national,GFCF,валовое накопление основного капитала,4831479.106034282,"level (discrete quarter, as published; quarterly national accounts vintage -- see metadata)"
2024-04-01,national,GFCF,валовое накопление основного капитала,6770154.904428999,"level (discrete quarter, as published; quarterly national accounts vintage -- see metadata)"
2024-07-01,national,GFCF,валовое накопление основного капитала,9355223.663822126,"level (discrete quarter, as published; quarterly national accounts vintage -- see metadata)"
2024-10-01,national,GFCF,валовое накопление основного капитала,12512352.268279327,"level (discrete quarter, as published; quarterly national accounts vintage -- see metadata)"
2025-01-01,national,GFCF,валовое накопление основного капитала,5421722.467211343,"level (discrete quarter, as published; quarterly national accounts vintage -- see metadata)"
2025-04-01,national,GFCF,валовое накопление основного капитала,8644205.220402488,"level (discrete quarter, as published; quarterly national accounts vintage -- see metadata)"
2025-07-01,national,GFCF,валовое накопление основного капитала,10397968.921586521,"level (discrete quarter, as published; quarterly national accounts vintage -- see metadata)"
2025-10-01,national,GFCF,валовое накопление основного капитала,14706204.710277786,"level (discrete quarter, as published; quarterly national accounts vintage -- see metadata)"
2026-01-01,national,GFCF,валовое накопление основного капитала,6288231.550639415,"level (discrete quarter, as published; quarterly national accounts vintage -- see metadata)"
2010-01-01,national,GOVERNMENT,органов государственного управления,467945.89999999997,"level (discrete quarter, as published; quarterly national accounts vintage -- see metadata)"
2010-04-01,national,GOVERNMENT,органов государственного управления,602019.0109799998,"level (discrete quarter, as published; quarterly national accounts vintage -- see metadata)"
2010-07-01,national,GOVERNMENT,органов государственного управления,587891.045884,"level (discrete quarter, as published; quarterly national accounts vintage -- see metadata)"
2010-10-01,national,GOVERNMENT,органов государственного управления,707337.2431359999,"level (discrete quarter, as published; quarterly national accounts vintage -- see metadata)"
2011-01-01,national,GOVERNMENT,органов государственного управления,624982.3999999997,"level (discrete quarter, as published; quarterly national accounts vintage -- see metadata)"
2011-04-01,national,GOVERNMENT,органов государственного управления,710809.2999999998,"level (discrete quarter, as published; quarterly national accounts vintage -- see metadata)"
2011-07-01,national,GOVERNMENT,органов государственного управления,683217.3313210001,"level (discrete quarter, as published; quarterly national accounts vintage -- see metadata)"
2011-10-01,national,GOVERNMENT,органов государственного управления,930532.4686789999,"level (discrete quarter, as published; quarterly national accounts vintage -- see metadata)"
2012-01-01,national,GOVERNMENT,органов государственного управления,794065.0000000002,"level (discrete quarter, as published; quarterly national accounts vintage -- see metadata)"
2012-04-01,national,GOVERNMENT,органов государственного управления,913355.3999999999,"level (discrete quarter, as published; quarterly national accounts vintage -- see metadata)"
2012-07-01,national,GOVERNMENT,органов государственного управления,818527.2000000007,"level (discrete quarter, as published; quarterly national accounts vintage -- see metadata)"
2012-10-01,national,GOVERNMENT,органов государственного управления,1041896.2999999996,"level (discrete quarter, as published; quarterly national accounts vintage -- see metadata)"
2013-01-01,national,GOVERNMENT,органов государственного управления,754897.7552600002,"level (discrete quarter, as published; quarterly national accounts vintage -- see metadata)"
2013-04-01,national,GOVERNMENT,органов государственного управления,973494.3447399999,"level (discrete quarter, as published; quarterly national accounts vintage -- see metadata)"
2013-07-01,national,GOVERNMENT,органов государственного управления,880144.3999999997,"level (discrete quarter, as published; quarterly national accounts vintage -- see metadata)"
2013-10-01,national,GOVERNMENT,органов государственного управления,1040249.2999999999,"level (discrete quarter, as published; quarterly national accounts vintage -- see metadata)"
2014-01-01,national,GOVERNMENT,органов государственного управления,922016.4216565127,"level (discrete quarter, as published; quarterly national accounts vintage -- see metadata)"
2014-04-01,national,GOVERNMENT,органов государственного управления,1143847.0783434873,"level (discrete quarter, as published; quarterly national accounts vintage -- see metadata)"
2014-07-01,national,GOVERNMENT,органов государственного управления,978045.1999999996,"level (discrete quarter, as published; quarterly national accounts vintage -- see metadata)"
2014-10-01,national,GOVERNMENT,органов государственного управления,1182395.0000000005,"level (discrete quarter, as published; quarterly national accounts vintage -- see metadata)"
2015-01-01,national,GOVERNMENT,органов государственного управления,1062349.7999999996,"level (discrete quarter, as published; quarterly national accounts vintage -- see metadata)"
2015-04-01,national,GOVERNMENT,органов государственного управления,1225068.3,"level (discrete quarter, as published; quarterly national accounts vintage -- see metadata)"
2015-07-01,national,GOVERNMENT,органов государственного управления,1085216.2,"level (discrete quarter, as published; quarterly national accounts vintage -- see metadata)"
2015-10-01,national,GOVERNMENT,органов государственного управления,1351992.4000000008,"level (discrete quarter, as published; quarterly national accounts vintage -- see metadata)"
2016-01-01,national,GOVERNMENT,органов государственного управления,1355818.4000000006,"level (discrete quarter, as published; quarterly national accounts vintage -- see metadata)"
2016-04-01,national,GOVERNMENT,органов государственного управления,1286988.4000000008,"level (discrete quarter, as published; quarterly national accounts vintage -- see metadata)"
2016-07-01,national,GOVERNMENT,органов государственного управления,1201020.1999999993,"level (discrete quarter, as published; quarterly national accounts vintage -- see metadata)"
2016-10-01,national,GOVERNMENT,органов государственного управления,1601099.9000000004,"level (discrete quarter, as published; quarterly national accounts vintage -- see metadata)"
2017-01-01,national,GOVERNMENT,органов государственного управления,1237584.8999999994,"level (discrete quarter, as published; quarterly national accounts vintage -- see metadata)"
2017-04-01,national,GOVERNMENT,органов государственного управления,1468473.5999999996,"level (discrete quarter, as published; quarterly national accounts vintage -- see metadata)"
2017-07-01,national,GOVERNMENT,органов государственного управления,1330736.0000000005,"level (discrete quarter, as published; quarterly national accounts vintage -- see metadata)"
2017-10-01,national,GOVERNMENT,органов государственного управления,1690750.4999999998,"level (discrete quarter, as published; quarterly national accounts vintage -- see metadata)"
2018-01-01,national,GOVERNMENT,органов государственного управления,1359631.5000000014,"level (discrete quarter, as published; quarterly national accounts vintage -- see metadata)"
2018-04-01,national,GOVERNMENT,органов государственного управления,1501425.8000000007,"level (discrete quarter, as published; quarterly national accounts vintage -- see metadata)"
2018-07-01,national,GOVERNMENT,органов государственного управления,1470581.7000000007,"level (discrete quarter, as published; quarterly national accounts vintage -- see metadata)"
2018-10-01,national,GOVERNMENT,органов государственного управления,1793367.6999999974,"level (discrete quarter, as published; quarterly national accounts vintage -- see metadata)"
2019-01-01,national,GOVERNMENT,органов государственного управления,1467358.9999999986,"level (discrete quarter, as published; quarterly national accounts vintage -- see metadata)"
2019-04-01,national,GOVERNMENT,органов государственного управления,1899513.299999999,"level (discrete quarter, as published; quarterly national accounts vintage -- see metadata)"
2019-07-01,national,GOVERNMENT,органов государственного управления,1634220.7000000011,"level (discrete quarter, as published; quarterly national accounts vintage -- see metadata)"
2019-10-01,national,GOVERNMENT,органов государственного управления,2388132.400000002,"level (discrete quarter, as published; quarterly national accounts vintage -- see metadata)"
2020-01-01,national,GOVERNMENT,органов государственного управления,1841168.0000000023,"level (discrete quarter, as published; quarterly national accounts vintage -- see metadata)"
2020-04-01,national,GOVERNMENT,органов государственного управления,2337953.0,"level (discrete quarter, as published; quarterly national accounts vintage -- see metadata)"
2020-07-01,national,GOVERNMENT,органов государственного управления,2086142.9,"level (discrete quarter, as published; quarterly national accounts vintage -- see metadata)"
2020-10-01,national,GOVERNMENT,органов государственного управления,2419094.899999998,"level (discrete quarter, as published; quarterly national accounts vintage -- see metadata)"
2021-01-01,national,GOVERNMENT,органов государственного управления,2132967.7999999984,"level (discrete quarter, as published; quarterly national accounts vintage -- see metadata)"
2021-04-01,national,GOVERNMENT,органов государственного управления,2400015.700000001,"level (discrete quarter, as published; quarterly national accounts vintage -- see metadata)"
2021-07-01,national,GOVERNMENT,органов государственного управления,2316372.5999999996,"level (discrete quarter, as published; quarterly national accounts vintage -- see metadata)"
2021-10-01,national,GOVERNMENT,органов государственного управления,2743402.9000000004,"level (discrete quarter, as published; quarterly national accounts vintage -- see metadata)"
2022-01-01,national,GOVERNMENT,органов государственного управления,2406493.8,"level (discrete quarter, as published; quarterly national accounts vintage -- see metadata)"
2022-04-01,national,GOVERNMENT,органов государственного управления,2922734.1000000006,"level (discrete quarter, as published; quarterly national accounts vintage -- see metadata)"
2022-07-01,national,GOVERNMENT,органов государственного управления,2299559.8000000003,"level (discrete quarter, as published; quarterly national accounts vintage -- see metadata)"
2022-10-01,national,GOVERNMENT,органов государственного управления,3423481.7,"level (discrete quarter, as published; quarterly national accounts vintage -- see metadata)"
2023-01-01,national,GOVERNMENT,органов государственного управления,2731387.8,"level (discrete quarter, as published; quarterly national accounts vintage -- see metadata)"
2023-04-01,national,GOVERNMENT,органов государственного управления,3671524.4000000004,"level (discrete quarter, as published; quarterly national accounts vintage -- see metadata)"
2023-07-01,national,GOVERNMENT,органов государственного управления,2754437.4999999986,"level (discrete quarter, as published; quarterly national accounts vintage -- see metadata)"
2023-10-01,national,GOVERNMENT,органов государственного управления,4276472.100000001,"level (discrete quarter, as published; quarterly national accounts vintage -- see metadata)"
2024-01-01,national,GOVERNMENT,органов государственного управления,2866660.9,"level (discrete quarter, as published; quarterly national accounts vintage -- see metadata)"
2024-04-01,national,GOVERNMENT,органов государственного управления,3651020.700000001,"level (discrete quarter, as published; quarterly national accounts vintage -- see metadata)"
2024-07-01,national,GOVERNMENT,органов государственного управления,3435446.8000000007,"level (discrete quarter, as published; quarterly national accounts vintage -- see metadata)"
2024-10-01,national,GOVERNMENT,органов государственного управления,4796468.599999998,"level (discrete quarter, as published; quarterly national accounts vintage -- see metadata)"
2025-01-01,national,GOVERNMENT,органов государственного управления,3211395.3999999994,"level (discrete quarter, as published; quarterly national accounts vintage -- see metadata)"
2025-04-01,national,GOVERNMENT,органов государственного управления,4464338.899999999,"level (discrete quarter, as published; quarterly national accounts vintage -- see metadata)"
2025-07-01,national,GOVERNMENT,органов государственного управления,3649125.9000000004,"level (discrete quarter, as published; quarterly national accounts vintage -- see metadata)"
2025-10-01,national,GOVERNMENT,органов государственного управления,5173181.499999999,"level (discrete quarter, as published; quarterly national accounts vintage -- see metadata)"
2026-01-01,national,GOVERNMENT,органов государственного управления,3870848.8999999994,"level (discrete quarter, as published; quarterly national accounts vintage -- see metadata)"
2010-01-01,national,GOV_COLLECTIVE,на коллективные услуги,228075.00000000012,"level (discrete quarter, as published; quarterly national accounts vintage -- see metadata)"
2010-04-01,national,GOV_COLLECTIVE,на коллективные услуги,241695.26919999998,"level (discrete quarter, as published; quarterly national accounts vintage -- see metadata)"
2010-07-01,national,GOV_COLLECTIVE,на коллективные услуги,306527.7783839999,"level (discrete quarter, as published; quarterly national accounts vintage -- see metadata)"
2010-10-01,national,GOV_COLLECTIVE,на коллективные услуги,521822.25241599994,"level (discrete quarter, as published; quarterly national accounts vintage -- see metadata)"
2011-01-01,national,GOV_COLLECTIVE,на коллективные услуги,286214.29999999964,"level (discrete quarter, as published; quarterly national accounts vintage -- see metadata)"
2011-04-01,national,GOV_COLLECTIVE,на коллективные услуги,361041.90000000014,"level (discrete quarter, as published; quarterly national accounts vintage -- see metadata)"
2011-07-01,national,GOV_COLLECTIVE,на коллективные услуги,283885.964469,"level (discrete quarter, as published; quarterly national accounts vintage -- see metadata)"
2011-10-01,national,GOV_COLLECTIVE,на коллективные услуги,647625.635531,"level (discrete quarter, as published; quarterly national accounts vintage -- see metadata)"
2012-01-01,national,GOV_COLLECTIVE,на коллективные услуги,361370.4000000004,"level (discrete quarter, as published; quarterly national accounts vintage -- see metadata)"
2012-04-01,national,GOV_COLLECTIVE,на коллективные услуги,480471.1999999996,"level (discrete quarter, as published; quarterly national accounts vintage -- see metadata)"
2012-07-01,national,GOV_COLLECTIVE,на коллективные услуги,475698.90000000066,"level (discrete quarter, as published; quarterly national accounts vintage -- see metadata)"
2012-10-01,national,GOV_COLLECTIVE,на коллективные услуги,598571.7999999996,"level (discrete quarter, as published; quarterly national accounts vintage -- see metadata)"
2013-01-01,national,GOV_COLLECTIVE,на коллективные услуги,276031.0683600002,"level (discrete quarter, as published; quarterly national accounts vintage -- see metadata)"
2013-04-01,national,GOV_COLLECTIVE,на коллективные услуги,527502.93164,"level (discrete quarter, as published; quarterly national accounts vintage -- see metadata)"
2013-07-01,national,GOV_COLLECTIVE,на коллективные услуги,510940.50000000035,"level (discrete quarter, as published; quarterly national accounts vintage -- see metadata)"
2013-10-01,national,GOV_COLLECTIVE,на коллективные услуги,580565.5999999995,"level (discrete quarter, as published; quarterly national accounts vintage -- see metadata)"
2014-01-01,national,GOV_COLLECTIVE,на коллективные услуги,424211.06282946205,"level (discrete quarter, as published; quarterly national accounts vintage -- see metadata)"
2014-04-01,national,GOV_COLLECTIVE,на коллективные услуги,596962.8371705376,"level (discrete quarter, as published; quarterly national accounts vintage -- see metadata)"
2014-07-01,national,GOV_COLLECTIVE,на коллективные услуги,574934.6999999995,"level (discrete quarter, as published; quarterly national accounts vintage -- see metadata)"
2014-10-01,national,GOV_COLLECTIVE,на коллективные услуги,667334.3000000009,"level (discrete quarter, as published; quarterly national accounts vintage -- see metadata)"
2015-01-01,national,GOV_COLLECTIVE,на коллективные услуги,537284.9999999998,"level (discrete quarter, as published; quarterly national accounts vintage -- see metadata)"
2015-04-01,national,GOV_COLLECTIVE,на коллективные услуги,665102.1999999998,"level (discrete quarter, as published; quarterly national accounts vintage -- see metadata)"
2015-07-01,national,GOV_COLLECTIVE,на коллективные услуги,650462.3999999998,"level (discrete quarter, as published; quarterly national accounts vintage -- see metadata)"
2015-10-01,national,GOV_COLLECTIVE,на коллективные услуги,801688.3000000006,"level (discrete quarter, as published; quarterly national accounts vintage -- see metadata)"
2016-01-01,national,GOV_COLLECTIVE,на коллективные услуги,691994.7999999999,"level (discrete quarter, as published; quarterly national accounts vintage -- see metadata)"
2016-04-01,national,GOV_COLLECTIVE,на коллективные услуги,598227.4000000008,"level (discrete quarter, as published; quarterly national accounts vintage -- see metadata)"
2016-07-01,national,GOV_COLLECTIVE,на коллективные услуги,657755.5999999993,"level (discrete quarter, as published; quarterly national accounts vintage -- see metadata)"
2016-10-01,national,GOV_COLLECTIVE,на коллективные услуги,858796.9000000008,"level (discrete quarter, as published; quarterly national accounts vintage -- see metadata)"
2017-01-01,national,GOV_COLLECTIVE,на коллективные услуги,563924.7999999999,"level (discrete quarter, as published; quarterly national accounts vintage -- see metadata)"
2017-04-01,national,GOV_COLLECTIVE,на коллективные услуги,644787.8999999994,"level (discrete quarter, as published; quarterly national accounts vintage -- see metadata)"
2017-07-01,national,GOV_COLLECTIVE,на коллективные услуги,754166.9000000003,"level (discrete quarter, as published; quarterly national accounts vintage -- see metadata)"
2017-10-01,national,GOV_COLLECTIVE,на коллективные услуги,938589.1000000001,"level (discrete quarter, as published; quarterly national accounts vintage -- see metadata)"
2018-01-01,national,GOV_COLLECTIVE,на коллективные услуги,583554.800000001,"level (discrete quarter, as published; quarterly national accounts vintage -- see metadata)"
2018-04-01,national,GOV_COLLECTIVE,на коллективные услуги,681726.2000000003,"level (discrete quarter, as published; quarterly national accounts vintage -- see metadata)"
2018-07-01,national,GOV_COLLECTIVE,на коллективные услуги,839818.8000000007,"level (discrete quarter, as published; quarterly national accounts vintage -- see metadata)"
2018-10-01,national,GOV_COLLECTIVE,на коллективные услуги,932527.3999999983,"level (discrete quarter, as published; quarterly national accounts vintage -- see metadata)"
2019-01-01,national,GOV_COLLECTIVE,на коллективные услуги,603747.3999999992,"level (discrete quarter, as published; quarterly national accounts vintage -- see metadata)"
2019-04-01,national,GOV_COLLECTIVE,на коллективные услуги,981302.1999999991,"level (discrete quarter, as published; quarterly national accounts vintage -- see metadata)"
2019-07-01,national,GOV_COLLECTIVE,на коллективные услуги,895449.9000000006,"level (discrete quarter, as published; quarterly national accounts vintage -- see metadata)"
2019-10-01,national,GOV_COLLECTIVE,на коллективные услуги,1348924.2000000011,"level (discrete quarter, as published; quarterly national accounts vintage -- see metadata)"
2020-01-01,national,GOV_COLLECTIVE,на коллективные услуги,761094.9000000019,"level (discrete quarter, as published; quarterly national accounts vintage -- see metadata)"
2020-04-01,national,GOV_COLLECTIVE,на коллективные услуги,1050844.2000000004,"level (discrete quarter, as published; quarterly national accounts vintage -- see metadata)"
2020-07-01,national,GOV_COLLECTIVE,на коллективные услуги,1116285.1,"level (discrete quarter, as published; quarterly national accounts vintage -- see metadata)"
2020-10-01,national,GOV_COLLECTIVE,на коллективные услуги,1436799.7999999982,"level (discrete quarter, as published; quarterly national accounts vintage -- see metadata)"
2021-01-01,national,GOV_COLLECTIVE,на коллективные услуги,768700.8999999993,"level (discrete quarter, as published; quarterly national accounts vintage -- see metadata)"
2021-04-01,national,GOV_COLLECTIVE,на коллективные услуги,1013927.7000000002,"level (discrete quarter, as published; quarterly national accounts vintage -- see metadata)"
2021-07-01,national,GOV_COLLECTIVE,на коллективные услуги,1145461.3000000003,"level (discrete quarter, as published; quarterly national accounts vintage -- see metadata)"
2021-10-01,national,GOV_COLLECTIVE,на коллективные услуги,1435231.6999999995,"level (discrete quarter, as published; quarterly national accounts vintage -- see metadata)"
2022-01-01,national,GOV_COLLECTIVE,на коллективные услуги,920218.6000000001,"level (discrete quarter, as published; quarterly national accounts vintage -- see metadata)"
2022-04-01,national,GOV_COLLECTIVE,на коллективные услуги,1252460.2999999998,"level (discrete quarter, as published; quarterly national accounts vintage -- see metadata)"
2022-07-01,national,GOV_COLLECTIVE,на коллективные услуги,1335763.4999999998,"level (discrete quarter, as published; quarterly national accounts vintage -- see metadata)"
2022-10-01,national,GOV_COLLECTIVE,на коллективные услуги,1752201.6000000008,"level (discrete quarter, as published; quarterly national accounts vintage -- see metadata)"
2023-01-01,national,GOV_COLLECTIVE,на коллективные услуги,1343344.0000000007,"level (discrete quarter, as published; quarterly national accounts vintage -- see metadata)"
2023-04-01,national,GOV_COLLECTIVE,на коллективные услуги,1454717.700000001,"level (discrete quarter, as published; quarterly national accounts vintage -- see metadata)"
2023-07-01,national,GOV_COLLECTIVE,на коллективные услуги,1600434.8999999985,"level (discrete quarter, as published; quarterly national accounts vintage -- see metadata)"
2023-10-01,national,GOV_COLLECTIVE,на коллективные услуги,2050579.5999999999,"level (discrete quarter, as published; quarterly national accounts vintage -- see metadata)"
2024-01-01,national,GOV_COLLECTIVE,на коллективные услуги,1153876.4999999995,"level (discrete quarter, as published; quarterly national accounts vintage -- see metadata)"
2024-04-01,national,GOV_COLLECTIVE,на коллективные услуги,1511123.4000000015,"level (discrete quarter, as published; quarterly national accounts vintage -- see metadata)"
2024-07-01,national,GOV_COLLECTIVE,на коллективные услуги,1902224.9000000004,"level (discrete quarter, as published; quarterly national accounts vintage -- see metadata)"
2024-10-01,national,GOV_COLLECTIVE,на коллективные услуги,2294392.699999999,"level (discrete quarter, as published; quarterly national accounts vintage -- see metadata)"
2025-01-01,national,GOV_COLLECTIVE,на коллективные услуги,1335473.2,"level (discrete quarter, as published; quarterly national accounts vintage -- see metadata)"
2025-04-01,national,GOV_COLLECTIVE,на коллективные услуги,1916467.4000000001,"level (discrete quarter, as published; quarterly national accounts vintage -- see metadata)"
2025-07-01,national,GOV_COLLECTIVE,на коллективные услуги,1998209.4000000015,"level (discrete quarter, as published; quarterly national accounts vintage -- see metadata)"
2025-10-01,national,GOV_COLLECTIVE,на коллективные услуги,2746901.4999999977,"level (discrete quarter, as published; quarterly national accounts vintage -- see metadata)"
2026-01-01,national,GOV_COLLECTIVE,на коллективные услуги,1675741.9,"level (discrete quarter, as published; quarterly national accounts vintage -- see metadata)"
2010-01-01,national,GOV_INDIVIDUAL,на индивидуальные товары и услуги,239870.89999999985,"level (discrete quarter, as published; quarterly national accounts vintage -- see metadata)"
2010-04-01,national,GOV_INDIVIDUAL,на индивидуальные товары и услуги,360323.74177999987,"level (discrete quarter, as published; quarterly national accounts vintage -- see metadata)"
2010-07-01,national,GOV_INDIVIDUAL,на индивидуальные товары и услуги,281363.26750000013,"level (discrete quarter, as published; quarterly national accounts vintage -- see metadata)"
2010-10-01,national,GOV_INDIVIDUAL,на индивидуальные товары и услуги,185514.99071999997,"level (discrete quarter, as published; quarterly national accounts vintage -- see metadata)"
2011-01-01,national,GOV_INDIVIDUAL,на индивидуальные товары и услуги,338768.10000000003,"level (discrete quarter, as published; quarterly national accounts vintage -- see metadata)"
2011-04-01,national,GOV_INDIVIDUAL,на индивидуальные товары и услуги,349767.3999999997,"level (discrete quarter, as published; quarterly national accounts vintage -- see metadata)"
2011-07-01,national,GOV_INDIVIDUAL,на индивидуальные товары и услуги,399331.3668520001,"level (discrete quarter, as published; quarterly national accounts vintage -- see metadata)"
2011-10-01,national,GOV_INDIVIDUAL,на индивидуальные товары и услуги,282906.83314799995,"level (discrete quarter, as published; quarterly national accounts vintage -- see metadata)"
2012-01-01,national,GOV_INDIVIDUAL,на индивидуальные товары и услуги,432694.59999999986,"level (discrete quarter, as published; quarterly national accounts vintage -- see metadata)"
2012-04-01,national,GOV_INDIVIDUAL,на индивидуальные товары и услуги,432884.2000000003,"level (discrete quarter, as published; quarterly national accounts vintage -- see metadata)"
2012-07-01,national,GOV_INDIVIDUAL,на индивидуальные товары и услуги,342828.29999999993,"level (discrete quarter, as published; quarterly national accounts vintage -- see metadata)"
2012-10-01,national,GOV_INDIVIDUAL,на индивидуальные товары и услуги,443324.5,"level (discrete quarter, as published; quarterly national accounts vintage -- see metadata)"
2013-01-01,national,GOV_INDIVIDUAL,на индивидуальные товары и услуги,478866.6869000001,"level (discrete quarter, as published; quarterly national accounts vintage -- see metadata)"
2013-04-01,national,GOV_INDIVIDUAL,на индивидуальные товары и услуги,445991.41309999995,"level (discrete quarter, as published; quarterly national accounts vintage -- see metadata)"
2013-07-01,national,GOV_INDIVIDUAL,на индивидуальные товары и услуги,369203.89999999927,"level (discrete quarter, as published; quarterly national accounts vintage -- see metadata)"
2013-10-01,national,GOV_INDIVIDUAL,на индивидуальные товары и услуги,459683.7000000004,"level (discrete quarter, as published; quarterly national accounts vintage -- see metadata)"
2014-01-01,national,GOV_INDIVIDUAL,на индивидуальные товары и услуги,497805.35882705054,"level (discrete quarter, as published; quarterly national accounts vintage -- see metadata)"
2014-04-01,national,GOV_INDIVIDUAL,на индивидуальные товары и услуги,546884.2411729499,"level (discrete quarter, as published; quarterly national accounts vintage -- see metadata)"
2014-07-01,national,GOV_INDIVIDUAL,на индивидуальные товары и услуги,403110.5000000001,"level (discrete quarter, as published; quarterly national accounts vintage -- see metadata)"
2014-10-01,national,GOV_INDIVIDUAL,на индивидуальные товары и услуги,515060.69999999966,"level (discrete quarter, as published; quarterly national accounts vintage -- see metadata)"
2015-01-01,national,GOV_INDIVIDUAL,на индивидуальные товары и услуги,525064.7999999998,"level (discrete quarter, as published; quarterly national accounts vintage -- see metadata)"
2015-04-01,national,GOV_INDIVIDUAL,на индивидуальные товары и услуги,559966.1000000002,"level (discrete quarter, as published; quarterly national accounts vintage -- see metadata)"
2015-07-01,national,GOV_INDIVIDUAL,на индивидуальные товары и услуги,434753.80000000016,"level (discrete quarter, as published; quarterly national accounts vintage -- see metadata)"
2015-10-01,national,GOV_INDIVIDUAL,на индивидуальные товары и услуги,550304.1000000001,"level (discrete quarter, as published; quarterly national accounts vintage -- see metadata)"
2016-01-01,national,GOV_INDIVIDUAL,на индивидуальные товары и услуги,663823.6000000007,"level (discrete quarter, as published; quarterly national accounts vintage -- see metadata)"
2016-04-01,national,GOV_INDIVIDUAL,на индивидуальные товары и услуги,688761.0000000001,"level (discrete quarter, as published; quarterly national accounts vintage -- see metadata)"
2016-07-01,national,GOV_INDIVIDUAL,на индивидуальные товары и услуги,543264.5999999999,"level (discrete quarter, as published; quarterly national accounts vintage -- see metadata)"
2016-10-01,national,GOV_INDIVIDUAL,на индивидуальные товары и услуги,742302.9999999995,"level (discrete quarter, as published; quarterly national accounts vintage -- see metadata)"
2017-01-01,national,GOV_INDIVIDUAL,на индивидуальные товары и услуги,673660.0999999995,"level (discrete quarter, as published; quarterly national accounts vintage -- see metadata)"
2017-04-01,national,GOV_INDIVIDUAL,на индивидуальные товары и услуги,823685.7000000001,"level (discrete quarter, as published; quarterly national accounts vintage -- see metadata)"
2017-07-01,national,GOV_INDIVIDUAL,на индивидуальные товары и услуги,576569.1000000002,"level (discrete quarter, as published; quarterly national accounts vintage -- see metadata)"
2017-10-01,national,GOV_INDIVIDUAL,на индивидуальные товары и услуги,752161.3999999997,"level (discrete quarter, as published; quarterly national accounts vintage -- see metadata)"
2018-01-01,national,GOV_INDIVIDUAL,на индивидуальные товары и услуги,776076.7000000005,"level (discrete quarter, as published; quarterly national accounts vintage -- see metadata)"
2018-04-01,national,GOV_INDIVIDUAL,на индивидуальные товары и услуги,819699.6000000006,"level (discrete quarter, as published; quarterly national accounts vintage -- see metadata)"
2018-07-01,national,GOV_INDIVIDUAL,на индивидуальные товары и услуги,630762.8999999999,"level (discrete quarter, as published; quarterly national accounts vintage -- see metadata)"
2018-10-01,national,GOV_INDIVIDUAL,на индивидуальные товары и услуги,860840.299999999,"level (discrete quarter, as published; quarterly national accounts vintage -- see metadata)"
2019-01-01,national,GOV_INDIVIDUAL,на индивидуальные товары и услуги,863611.5999999994,"level (discrete quarter, as published; quarterly national accounts vintage -- see metadata)"
2019-04-01,national,GOV_INDIVIDUAL,на индивидуальные товары и услуги,918211.1,"level (discrete quarter, as published; quarterly national accounts vintage -- see metadata)"
2019-07-01,national,GOV_INDIVIDUAL,на индивидуальные товары и услуги,738770.8000000004,"level (discrete quarter, as published; quarterly national accounts vintage -- see metadata)"
2019-10-01,national,GOV_INDIVIDUAL,на индивидуальные товары и услуги,1039208.2000000007,"level (discrete quarter, as published; quarterly national accounts vintage -- see metadata)"
2020-01-01,national,GOV_INDIVIDUAL,на индивидуальные товары и услуги,1080073.1000000003,"level (discrete quarter, as published; quarterly national accounts vintage -- see metadata)"
2020-04-01,national,GOV_INDIVIDUAL,на индивидуальные товары и услуги,1287108.7999999996,"level (discrete quarter, as published; quarterly national accounts vintage -- see metadata)"
2020-07-01,national,GOV_INDIVIDUAL,на индивидуальные товары и услуги,969857.7999999999,"level (discrete quarter, as published; quarterly national accounts vintage -- see metadata)"
2020-10-01,national,GOV_INDIVIDUAL,на индивидуальные товары и услуги,982295.0999999999,"level (discrete quarter, as published; quarterly national accounts vintage -- see metadata)"
2021-01-01,national,GOV_INDIVIDUAL,на индивидуальные товары и услуги,1364266.899999999,"level (discrete quarter, as published; quarterly national accounts vintage -- see metadata)"
2021-04-01,national,GOV_INDIVIDUAL,на индивидуальные товары и услуги,1386088.0000000012,"level (discrete quarter, as published; quarterly national accounts vintage -- see metadata)"
2021-07-01,national,GOV_INDIVIDUAL,на индивидуальные товары и услуги,1170911.2999999993,"level (discrete quarter, as published; quarterly national accounts vintage -- see metadata)"
2021-10-01,national,GOV_INDIVIDUAL,на индивидуальные товары и услуги,1308171.2000000007,"level (discrete quarter, as published; quarterly national accounts vintage -- see metadata)"
2022-01-01,national,GOV_INDIVIDUAL,на индивидуальные товары и услуги,1486275.1999999997,"level (discrete quarter, as published; quarterly national accounts vintage -- see metadata)"
2022-04-01,national,GOV_INDIVIDUAL,на индивидуальные товары и услуги,1670273.8000000005,"level (discrete quarter, as published; quarterly national accounts vintage -- see metadata)"
2022-07-01,national,GOV_INDIVIDUAL,на индивидуальные товары и услуги,963796.3000000005,"level (discrete quarter, as published; quarterly national accounts vintage -- see metadata)"
2022-10-01,national,GOV_INDIVIDUAL,на индивидуальные товары и услуги,1671280.0999999992,"level (discrete quarter, as published; quarterly national accounts vintage -- see metadata)"
2023-01-01,national,GOV_INDIVIDUAL,на индивидуальные товары и услуги,1388043.799999999,"level (discrete quarter, as published; quarterly national accounts vintage -- see metadata)"
2023-04-01,national,GOV_INDIVIDUAL,на индивидуальные товары и услуги,2216806.6999999997,"level (discrete quarter, as published; quarterly national accounts vintage -- see metadata)"
2023-07-01,national,GOV_INDIVIDUAL,на индивидуальные товары и услуги,1154002.6,"level (discrete quarter, as published; quarterly national accounts vintage -- see metadata)"
2023-10-01,national,GOV_INDIVIDUAL,на индивидуальные товары и услуги,2225892.500000001,"level (discrete quarter, as published; quarterly national accounts vintage -- see metadata)"
2024-01-01,national,GOV_INDIVIDUAL,на индивидуальные товары и услуги,1712784.4000000004,"level (discrete quarter, as published; quarterly national accounts vintage -- see metadata)"
2024-04-01,national,GOV_INDIVIDUAL,на индивидуальные товары и услуги,2139897.3,"level (discrete quarter, as published; quarterly national accounts vintage -- see metadata)"
2024-07-01,national,GOV_INDIVIDUAL,на индивидуальные товары и услуги,1533221.9000000006,"level (discrete quarter, as published; quarterly national accounts vintage -- see metadata)"
2024-10-01,national,GOV_INDIVIDUAL,на индивидуальные товары и услуги,2502075.8999999985,"level (discrete quarter, as published; quarterly national accounts vintage -- see metadata)"
2025-01-01,national,GOV_INDIVIDUAL,на индивидуальные товары и услуги,1875922.1999999997,"level (discrete quarter, as published; quarterly national accounts vintage -- see metadata)"
2025-04-01,national,GOV_INDIVIDUAL,на индивидуальные товары и услуги,2547871.4999999995,"level (discrete quarter, as published; quarterly national accounts vintage -- see metadata)"
2025-07-01,national,GOV_INDIVIDUAL,на индивидуальные товары и услуги,1650916.4999999986,"level (discrete quarter, as published; quarterly national accounts vintage -- see metadata)"
2025-10-01,national,GOV_INDIVIDUAL,на индивидуальные товары и услуги,2426280.0000000014,"level (discrete quarter, as published; quarterly national accounts vintage -- see metadata)"
2026-01-01,national,GOV_INDIVIDUAL,на индивидуальные товары и услуги,2195106.9999999995,"level (discrete quarter, as published; quarterly national accounts vintage -- see metadata)"
2010-01-01,national,GROSS_CAPITAL_FORMATION,Валовое накопление,806872.7429891214,"level (discrete quarter, as published; quarterly national accounts vintage -- see metadata)"
2010-04-01,national,GROSS_CAPITAL_FORMATION,Валовое накопление,1344079.3048365086,"level (discrete quarter, as published; quarterly national accounts vintage -- see metadata)"
2010-07-01,national,GROSS_CAPITAL_FORMATION,Валовое накопление,1906744.6913395121,"level (discrete quarter, as published; quarterly national accounts vintage -- see metadata)"
2010-10-01,national,GROSS_CAPITAL_FORMATION,Валовое накопление,2357772.257308299,"level (discrete quarter, as published; quarterly national accounts vintage -- see metadata)"
2011-01-01,national,GROSS_CAPITAL_FORMATION,Валовое накопление,853292.5112652765,"level (discrete quarter, as published; quarterly national accounts vintage -- see metadata)"
2011-04-01,national,GROSS_CAPITAL_FORMATION,Валовое накопление,1606679.481814474,"level (discrete quarter, as published; quarterly national accounts vintage -- see metadata)"
2011-07-01,national,GROSS_CAPITAL_FORMATION,Валовое накопление,1965532.5607353554,"level (discrete quarter, as published; quarterly national accounts vintage -- see metadata)"
2011-10-01,national,GROSS_CAPITAL_FORMATION,Валовое накопление,2608511.918616645,"level (discrete quarter, as published; quarterly national accounts vintage -- see metadata)"
2012-01-01,national,GROSS_CAPITAL_FORMATION,Валовое накопление,1159207.28639589,"level (discrete quarter, as published; quarterly national accounts vintage -- see metadata)"
2012-04-01,national,GROSS_CAPITAL_FORMATION,Валовое накопление,1945310.9053382836,"level (discrete quarter, as published; quarterly national accounts vintage -- see metadata)"
2012-07-01,national,GROSS_CAPITAL_FORMATION,Валовое накопление,2285432.4082577936,"level (discrete quarter, as published; quarterly national accounts vintage -- see metadata)"
2012-10-01,national,GROSS_CAPITAL_FORMATION,Валовое накопление,2908475.9610945308,"level (discrete quarter, as published; quarterly national accounts vintage -- see metadata)"
2013-01-01,national,GROSS_CAPITAL_FORMATION,Валовое накопление,1347793.1930433447,"level (discrete quarter, as published; quarterly national accounts vintage -- see metadata)"
2013-04-01,national,GROSS_CAPITAL_FORMATION,Валовое накопление,2231976.550663559,"level (discrete quarter, as published; quarterly national accounts vintage -- see metadata)"
2013-07-01,national,GROSS_CAPITAL_FORMATION,Валовое накопление,2704333.5201054737,"level (discrete quarter, as published; quarterly national accounts vintage -- see metadata)"
2013-10-01,national,GROSS_CAPITAL_FORMATION,Валовое накопление,3269956.4551834795,"level (discrete quarter, as published; quarterly national accounts vintage -- see metadata)"
2014-01-01,national,GROSS_CAPITAL_FORMATION,Валовое накопление,1580408.5567328304,"level (discrete quarter, as published; quarterly national accounts vintage -- see metadata)"
2014-04-01,national,GROSS_CAPITAL_FORMATION,Валовое накопление,2736344.1175649962,"level (discrete quarter, as published; quarterly national accounts vintage -- see metadata)"
2014-07-01,national,GROSS_CAPITAL_FORMATION,Валовое накопление,3064341.177501967,"level (discrete quarter, as published; quarterly national accounts vintage -- see metadata)"
2014-10-01,national,GROSS_CAPITAL_FORMATION,Валовое накопление,3486144.748200206,"level (discrete quarter, as published; quarterly national accounts vintage -- see metadata)"
2015-01-01,national,GROSS_CAPITAL_FORMATION,Валовое накопление,1781633.181796998,"level (discrete quarter, as published; quarterly national accounts vintage -- see metadata)"
2015-04-01,national,GROSS_CAPITAL_FORMATION,Валовое накопление,2930244.7045192914,"level (discrete quarter, as published; quarterly national accounts vintage -- see metadata)"
2015-07-01,national,GROSS_CAPITAL_FORMATION,Валовое накопление,3408824.979393905,"level (discrete quarter, as published; quarterly national accounts vintage -- see metadata)"
2015-10-01,national,GROSS_CAPITAL_FORMATION,Валовое накопление,3859110.974479609,"level (discrete quarter, as published; quarterly national accounts vintage -- see metadata)"
2016-01-01,national,GROSS_CAPITAL_FORMATION,Валовое накопление,2177233.40808746,"level (discrete quarter, as published; quarterly national accounts vintage -- see metadata)"
2016-04-01,national,GROSS_CAPITAL_FORMATION,Валовое накопление,3264186.081159903,"level (discrete quarter, as published; quarterly national accounts vintage -- see metadata)"
2016-07-01,national,GROSS_CAPITAL_FORMATION,Валовое накопление,3551265.902095945,"level (discrete quarter, as published; quarterly national accounts vintage -- see metadata)"
2016-10-01,national,GROSS_CAPITAL_FORMATION,Валовое накопление,4433041.393499484,"level (discrete quarter, as published; quarterly national accounts vintage -- see metadata)"
2017-01-01,national,GROSS_CAPITAL_FORMATION,Валовое накопление,2453371.5429965663,"level (discrete quarter, as published; quarterly national accounts vintage -- see metadata)"
2017-04-01,national,GROSS_CAPITAL_FORMATION,Валовое накопление,3545809.529310966,"level (discrete quarter, as published; quarterly national accounts vintage -- see metadata)"
2017-07-01,national,GROSS_CAPITAL_FORMATION,Валовое накопление,3811913.0887916135,"level (discrete quarter, as published; quarterly national accounts vintage -- see metadata)"
2017-10-01,national,GROSS_CAPITAL_FORMATION,Валовое накопление,4788988.204644117,"level (discrete quarter, as published; quarterly national accounts vintage -- see metadata)"
2018-01-01,national,GROSS_CAPITAL_FORMATION,Валовое накопление,3115929.9895903682,"level (discrete quarter, as published; quarterly national accounts vintage -- see metadata)"
2018-04-01,national,GROSS_CAPITAL_FORMATION,Валовое накопление,3860836.247736575,"level (discrete quarter, as published; quarterly national accounts vintage -- see metadata)"
2018-07-01,national,GROSS_CAPITAL_FORMATION,Валовое накопление,4169928.872083572,"level (discrete quarter, as published; quarterly national accounts vintage -- see metadata)"
2018-10-01,national,GROSS_CAPITAL_FORMATION,Валовое накопление,4858212.721991369,"level (discrete quarter, as published; quarterly national accounts vintage -- see metadata)"
2019-01-01,national,GROSS_CAPITAL_FORMATION,Валовое накопление,3034543.2470634207,"level (discrete quarter, as published; quarterly national accounts vintage -- see metadata)"
2019-04-01,national,GROSS_CAPITAL_FORMATION,Валовое накопление,5041435.779312979,"level (discrete quarter, as published; quarterly national accounts vintage -- see metadata)"
2019-07-01,national,GROSS_CAPITAL_FORMATION,Валовое накопление,5125715.902096261,"level (discrete quarter, as published; quarterly national accounts vintage -- see metadata)"
2019-10-01,national,GROSS_CAPITAL_FORMATION,Валовое накопление,5878774.94834654,"level (discrete quarter, as published; quarterly national accounts vintage -- see metadata)"
2020-01-01,national,GROSS_CAPITAL_FORMATION,Валовое накопление,4010124.3515182426,"level (discrete quarter, as published; quarterly national accounts vintage -- see metadata)"
2020-04-01,national,GROSS_CAPITAL_FORMATION,Валовое накопление,4596362.783982403,"level (discrete quarter, as published; quarterly national accounts vintage -- see metadata)"
2020-07-01,national,GROSS_CAPITAL_FORMATION,Валовое накопление,5000895.008659242,"level (discrete quarter, as published; quarterly national accounts vintage -- see metadata)"
2020-10-01,national,GROSS_CAPITAL_FORMATION,Валовое накопление,6971607.955840111,"level (discrete quarter, as published; quarterly national accounts vintage -- see metadata)"
2021-01-01,national,GROSS_CAPITAL_FORMATION,Валовое накопление,3773390.6710922727,"level (discrete quarter, as published; quarterly national accounts vintage -- see metadata)"
2021-04-01,national,GROSS_CAPITAL_FORMATION,Валовое накопление,5297978.986261575,"level (discrete quarter, as published; quarterly national accounts vintage -- see metadata)"
2021-07-01,national,GROSS_CAPITAL_FORMATION,Валовое накопление,5584092.859715365,"level (discrete quarter, as published; quarterly national accounts vintage -- see metadata)"
2021-10-01,national,GROSS_CAPITAL_FORMATION,Валовое накопление,7095558.033270912,"level (discrete quarter, as published; quarterly national accounts vintage -- see metadata)"
2022-01-01,national,GROSS_CAPITAL_FORMATION,Валовое накопление,4362091.560921944,"level (discrete quarter, as published; quarterly national accounts vintage -- see metadata)"
2022-04-01,national,GROSS_CAPITAL_FORMATION,Валовое накопление,5491875.99297245,"level (discrete quarter, as published; quarterly national accounts vintage -- see metadata)"
2022-07-01,national,GROSS_CAPITAL_FORMATION,Валовое накопление,6599938.79869499,"level (discrete quarter, as published; quarterly national accounts vintage -- see metadata)"
2022-10-01,national,GROSS_CAPITAL_FORMATION,Валовое накопление,8676434.694917802,"level (discrete quarter, as published; quarterly national accounts vintage -- see metadata)"
2023-01-01,national,GROSS_CAPITAL_FORMATION,Валовое накопление,5407967.411910483,"level (discrete quarter, as published; quarterly national accounts vintage -- see metadata)"
2023-04-01,national,GROSS_CAPITAL_FORMATION,Валовое накопление,7316850.251658758,"level (discrete quarter, as published; quarterly national accounts vintage -- see metadata)"
2023-07-01,national,GROSS_CAPITAL_FORMATION,Валовое накопление,9179234.766232787,"level (discrete quarter, as published; quarterly national accounts vintage -- see metadata)"
2023-10-01,national,GROSS_CAPITAL_FORMATION,Валовое накопление,11727474.960513145,"level (discrete quarter, as published; quarterly national accounts vintage -- see metadata)"
2024-01-01,national,GROSS_CAPITAL_FORMATION,Валовое накопление,5791007.965546168,"level (discrete quarter, as published; quarterly national accounts vintage -- see metadata)"
2024-04-01,national,GROSS_CAPITAL_FORMATION,Валовое накопление,7670922.1872449415,"level (discrete quarter, as published; quarterly national accounts vintage -- see metadata)"
2024-07-01,national,GROSS_CAPITAL_FORMATION,Валовое накопление,10256509.775719928,"level (discrete quarter, as published; quarterly national accounts vintage -- see metadata)"
2024-10-01,national,GROSS_CAPITAL_FORMATION,Валовое накопление,13738991.214053696,"level (discrete quarter, as published; quarterly national accounts vintage -- see metadata)"
2025-01-01,national,GROSS_CAPITAL_FORMATION,Валовое накопление,6713689.874218,"level (discrete quarter, as published; quarterly national accounts vintage -- see metadata)"
2025-04-01,national,GROSS_CAPITAL_FORMATION,Валовое накопление,10019129.377516506,"level (discrete quarter, as published; quarterly national accounts vintage -- see metadata)"
2025-07-01,national,GROSS_CAPITAL_FORMATION,Валовое накопление,11894289.310010692,"level (discrete quarter, as published; quarterly national accounts vintage -- see metadata)"
2025-10-01,national,GROSS_CAPITAL_FORMATION,Валовое накопление,16482980.948726973,"level (discrete quarter, as published; quarterly national accounts vintage -- see metadata)"
2026-01-01,national,GROSS_CAPITAL_FORMATION,Валовое накопление,7726229.013360139,"level (discrete quarter, as published; quarterly national accounts vintage -- see metadata)"
2010-01-01,national,HOUSEHOLDS,домашних хозяйств,2367521.6307451674,"level (discrete quarter, as published; quarterly national accounts vintage -- see metadata)"
2010-04-01,national,HOUSEHOLDS,домашних хозяйств,2481970.4128595972,"level (discrete quarter, as published; quarterly national accounts vintage -- see metadata)"
2010-07-01,national,HOUSEHOLDS,домашних хозяйств,2842075.8658046913,"level (discrete quarter, as published; quarterly national accounts vintage -- see metadata)"
2010-10-01,national,HOUSEHOLDS,домашних хозяйств,2970097.1905905446,"level (discrete quarter, as published; quarterly national accounts vintage -- see metadata)"
2011-01-01,national,HOUSEHOLDS,домашних хозяйств,2411827.7115235073,"level (discrete quarter, as published; quarterly national accounts vintage -- see metadata)"
2011-04-01,national,HOUSEHOLDS,домашних хозяйств,2931971.46869174,"level (discrete quarter, as published; quarterly national accounts vintage -- see metadata)"
2011-07-01,national,HOUSEHOLDS,домашних хозяйств,3591453.984844077,"level (discrete quarter, as published; quarterly national accounts vintage -- see metadata)"
2011-10-01,national,HOUSEHOLDS,домашних хозяйств,3591584.9349406753,"level (discrete quarter, as published; quarterly national accounts vintage -- see metadata)"
2012-01-01,national,HOUSEHOLDS,домашних хозяйств,3058728.9888759013,"level (discrete quarter, as published; quarterly national accounts vintage -- see metadata)"
2012-04-01,national,HOUSEHOLDS,домашних хозяйств,3432084.887068473,"level (discrete quarter, as published; quarterly national accounts vintage -- see metadata)"
2012-07-01,national,HOUSEHOLDS,домашних хозяйств,4101829.1521722833,"level (discrete quarter, as published; quarterly national accounts vintage -- see metadata)"
2012-10-01,national,HOUSEHOLDS,домашних хозяйств,4164632.971883341,"level (discrete quarter, as published; quarterly national accounts vintage -- see metadata)"
2013-01-01,national,HOUSEHOLDS,домашних хозяйств,4164875.457442891,"level (discrete quarter, as published; quarterly national accounts vintage -- see metadata)"
2013-04-01,national,HOUSEHOLDS,домашних хозяйств,4316818.528764108,"level (discrete quarter, as published; quarterly national accounts vintage -- see metadata)"
2013-07-01,national,HOUSEHOLDS,домашних хозяйств,4792858.599666599,"level (discrete quarter, as published; quarterly national accounts vintage -- see metadata)"
2013-10-01,national,HOUSEHOLDS,домашних хозяйств,4360372.714126399,"level (discrete quarter, as published; quarterly national accounts vintage -- see metadata)"
2014-01-01,national,HOUSEHOLDS,домашних хозяйств,4285327.609624681,"level (discrete quarter, as published; quarterly national accounts vintage -- see metadata)"
2014-04-01,national,HOUSEHOLDS,домашних хозяйств,4431955.891378945,"level (discrete quarter, as published; quarterly national accounts vintage -- see metadata)"
2014-07-01,national,HOUSEHOLDS,домашних хозяйств,5417216.808588532,"level (discrete quarter, as published; quarterly national accounts vintage -- see metadata)"
2014-10-01,national,HOUSEHOLDS,домашних хозяйств,5957825.990407843,"level (discrete quarter, as published; quarterly national accounts vintage -- see metadata)"
2015-01-01,national,HOUSEHOLDS,домашних хозяйств,5106362.917947537,"level (discrete quarter, as published; quarterly national accounts vintage -- see metadata)"
2015-04-01,national,HOUSEHOLDS,домашних хозяйств,5261167.55112206,"level (discrete quarter, as published; quarterly national accounts vintage -- see metadata)"
2015-07-01,national,HOUSEHOLDS,домашних хозяйств,6040012.314254573,"level (discrete quarter, as published; quarterly national accounts vintage -- see metadata)"
2015-10-01,national,HOUSEHOLDS,домашних хозяйств,5902946.316675827,"level (discrete quarter, as published; quarterly national accounts vintage -- see metadata)"
2016-01-01,national,HOUSEHOLDS,домашних хозяйств,5774587.943071058,"level (discrete quarter, as published; quarterly national accounts vintage -- see metadata)"
2016-04-01,national,HOUSEHOLDS,домашних хозяйств,5596659.035205821,"level (discrete quarter, as published; quarterly national accounts vintage -- see metadata)"
2016-07-01,national,HOUSEHOLDS,домашних хозяйств,6694301.538381717,"level (discrete quarter, as published; quarterly national accounts vintage -- see metadata)"
2016-10-01,national,HOUSEHOLDS,домашних хозяйств,6296956.783341404,"level (discrete quarter, as published; quarterly national accounts vintage -- see metadata)"
2017-01-01,national,HOUSEHOLDS,домашних хозяйств,6274502.929324455,"level (discrete quarter, as published; quarterly national accounts vintage -- see metadata)"
2017-04-01,national,HOUSEHOLDS,домашних хозяйств,6095413.209734383,"level (discrete quarter, as published; quarterly national accounts vintage -- see metadata)"
2017-07-01,national,HOUSEHOLDS,домашних хозяйств,6990609.643066433,"level (discrete quarter, as published; quarterly national accounts vintage -- see metadata)"
2017-10-01,national,HOUSEHOLDS,домашних хозяйств,6751455.417874728,"level (discrete quarter, as published; quarterly national accounts vintage -- see metadata)"
2018-01-01,national,HOUSEHOLDS,домашних хозяйств,6338699.732997534,"level (discrete quarter, as published; quarterly national accounts vintage -- see metadata)"
2018-04-01,national,HOUSEHOLDS,домашних хозяйств,6981431.797994873,"level (discrete quarter, as published; quarterly national accounts vintage -- see metadata)"
2018-07-01,national,HOUSEHOLDS,домашних хозяйств,7699261.397240612,"level (discrete quarter, as published; quarterly national accounts vintage -- see metadata)"
2018-10-01,national,HOUSEHOLDS,домашних хозяйств,8499767.171766983,"level (discrete quarter, as published; quarterly national accounts vintage -- see metadata)"
2019-01-01,national,HOUSEHOLDS,домашних хозяйств,7249248.77075894,"level (discrete quarter, as published; quarterly national accounts vintage -- see metadata)"
2019-04-01,national,HOUSEHOLDS,домашних хозяйств,7651248.4202409685,"level (discrete quarter, as published; quarterly national accounts vintage -- see metadata)"
2019-07-01,national,HOUSEHOLDS,домашних хозяйств,9195425.385185963,"level (discrete quarter, as published; quarterly national accounts vintage -- see metadata)"
2019-10-01,national,HOUSEHOLDS,домашних хозяйств,9232987.423814133,"level (discrete quarter, as published; quarterly national accounts vintage -- see metadata)"
2020-01-01,national,HOUSEHOLDS,домашних хозяйств,7953381.218447138,"level (discrete quarter, as published; quarterly national accounts vintage -- see metadata)"
2020-04-01,national,HOUSEHOLDS,домашних хозяйств,8067212.527321723,"level (discrete quarter, as published; quarterly national accounts vintage -- see metadata)"
2020-07-01,national,HOUSEHOLDS,домашних хозяйств,9835903.865190566,"level (discrete quarter, as published; quarterly national accounts vintage -- see metadata)"
2020-10-01,national,HOUSEHOLDS,домашних хозяйств,9933904.289040573,"level (discrete quarter, as published; quarterly national accounts vintage -- see metadata)"
2021-01-01,national,HOUSEHOLDS,домашних хозяйств,9500343.21541564,"level (discrete quarter, as published; quarterly national accounts vintage -- see metadata)"
2021-04-01,national,HOUSEHOLDS,домашних хозяйств,9450405.023744648,"level (discrete quarter, as published; quarterly national accounts vintage -- see metadata)"
2021-07-01,national,HOUSEHOLDS,домашних хозяйств,10966550.369231215,"level (discrete quarter, as published; quarterly national accounts vintage -- see metadata)"
2021-10-01,national,HOUSEHOLDS,домашних хозяйств,11149217.991608491,"level (discrete quarter, as published; quarterly national accounts vintage -- see metadata)"
2022-01-01,national,HOUSEHOLDS,домашних хозяйств,10589354.597618867,"level (discrete quarter, as published; quarterly national accounts vintage -- see metadata)"
2022-04-01,national,HOUSEHOLDS,домашних хозяйств,11661052.066108389,"level (discrete quarter, as published; quarterly national accounts vintage -- see metadata)"
2022-07-01,national,HOUSEHOLDS,домашних хозяйств,13416712.739322152,"level (discrete quarter, as published; quarterly national accounts vintage -- see metadata)"
2022-10-01,national,HOUSEHOLDS,домашних хозяйств,14129618.796950597,"level (discrete quarter, as published; quarterly national accounts vintage -- see metadata)"
2023-01-01,national,HOUSEHOLDS,домашних хозяйств,14709644.379419297,"level (discrete quarter, as published; quarterly national accounts vintage -- see metadata)"
2023-04-01,national,HOUSEHOLDS,домашних хозяйств,14172475.755041743,"level (discrete quarter, as published; quarterly national accounts vintage -- see metadata)"
2023-07-01,national,HOUSEHOLDS,домашних хозяйств,15663418.03517242,"level (discrete quarter, as published; quarterly national accounts vintage -- see metadata)"
2023-10-01,national,HOUSEHOLDS,домашних хозяйств,16802924.83036655,"level (discrete quarter, as published; quarterly national accounts vintage -- see metadata)"
2024-01-01,national,HOUSEHOLDS,домашних хозяйств,16823296.56840632,"level (discrete quarter, as published; quarterly national accounts vintage -- see metadata)"
2024-04-01,national,HOUSEHOLDS,домашних хозяйств,16584691.213246247,"level (discrete quarter, as published; quarterly national accounts vintage -- see metadata)"
2024-07-01,national,HOUSEHOLDS,домашних хозяйств,18636070.972823564,"level (discrete quarter, as published; quarterly national accounts vintage -- see metadata)"
2024-10-01,national,HOUSEHOLDS,домашних хозяйств,21126956.645523876,"level (discrete quarter, as published; quarterly national accounts vintage -- see metadata)"
2025-01-01,national,HOUSEHOLDS,домашних хозяйств,20318415.068040702,"level (discrete quarter, as published; quarterly national accounts vintage -- see metadata)"
2025-04-01,national,HOUSEHOLDS,домашних хозяйств,20496069.275615342,"level (discrete quarter, as published; quarterly national accounts vintage -- see metadata)"
2025-07-01,national,HOUSEHOLDS,домашних хозяйств,23383706.779471997,"level (discrete quarter, as published; quarterly national accounts vintage -- see metadata)"
2025-10-01,national,HOUSEHOLDS,домашних хозяйств,23964066.376871955,"level (discrete quarter, as published; quarterly national accounts vintage -- see metadata)"
2026-01-01,national,HOUSEHOLDS,домашних хозяйств,23999537.477268975,"level (discrete quarter, as published; quarterly national accounts vintage -- see metadata)"
2010-01-01,national,IMPORTS,импорт товаров и услуг,1189072.1,"level (discrete quarter, as published; quarterly national accounts vintage -- see metadata)"
2010-04-01,national,IMPORTS,импорт товаров и услуг,1527576.3,"level (discrete quarter, as published; quarterly national accounts vintage -- see metadata)"
2010-07-01,national,IMPORTS,импорт товаров и услуг,1829327.3,"level (discrete quarter, as published; quarterly national accounts vintage -- see metadata)"
2010-10-01,national,IMPORTS,импорт товаров и услуг,1988764.0,"level (discrete quarter, as published; quarterly national accounts vintage -- see metadata)"
2011-01-01,national,IMPORTS,импорт товаров и услуг,1346639.5,"level (discrete quarter, as published; quarterly national accounts vintage -- see metadata)"
2011-04-01,national,IMPORTS,импорт товаров и услуг,1980470.7,"level (discrete quarter, as published; quarterly national accounts vintage -- see metadata)"
2011-07-01,national,IMPORTS,импорт товаров и услуг,1995183.4,"level (discrete quarter, as published; quarterly national accounts vintage -- see metadata)"
2011-10-01,national,IMPORTS,импорт товаров и услуг,2217271.0,"level (discrete quarter, as published; quarterly national accounts vintage -- see metadata)"
2012-01-01,national,IMPORTS,импорт товаров и услуг,1800483.9,"level (discrete quarter, as published; quarterly national accounts vintage -- see metadata)"
2012-04-01,national,IMPORTS,импорт товаров и услуг,2151422.6,"level (discrete quarter, as published; quarterly national accounts vintage -- see metadata)"
2012-07-01,national,IMPORTS,импорт товаров и услуг,2448628.0,"level (discrete quarter, as published; quarterly national accounts vintage -- see metadata)"
2012-10-01,national,IMPORTS,импорт товаров и услуг,2719998.6,"level (discrete quarter, as published; quarterly national accounts vintage -- see metadata)"
2013-01-01,national,IMPORTS,импорт товаров и услуг,1939627.6,"level (discrete quarter, as published; quarterly national accounts vintage -- see metadata)"
2013-04-01,national,IMPORTS,импорт товаров и услуг,2473653.1,"level (discrete quarter, as published; quarterly national accounts vintage -- see metadata)"
2013-07-01,national,IMPORTS,импорт товаров и услуг,2568412.0,"level (discrete quarter, as published; quarterly national accounts vintage -- see metadata)"
2013-10-01,national,IMPORTS,импорт товаров и услуг,2661544.5,"level (discrete quarter, as published; quarterly national accounts vintage -- see metadata)"
2014-01-01,national,IMPORTS,импорт товаров и услуг,1955730.6,"level (discrete quarter, as published; quarterly national accounts vintage -- see metadata)"
2014-04-01,national,IMPORTS,импорт товаров и услуг,2676715.7,"level (discrete quarter, as published; quarterly national accounts vintage -- see metadata)"
2014-07-01,national,IMPORTS,импорт товаров и услуг,2770215.3,"level (discrete quarter, as published; quarterly national accounts vintage -- see metadata)"
2014-10-01,national,IMPORTS,импорт товаров и услуг,2727507.0,"level (discrete quarter, as published; quarterly national accounts vintage -- see metadata)"
2015-01-01,national,IMPORTS,импорт товаров и услуг,1933714.0,"level (discrete quarter, as published; quarterly national accounts vintage -- see metadata)"
2015-04-01,national,IMPORTS,импорт товаров и услуг,2222171.2,"level (discrete quarter, as published; quarterly national accounts vintage -- see metadata)"
2015-07-01,national,IMPORTS,импорт товаров и услуг,2601301.9,"level (discrete quarter, as published; quarterly national accounts vintage -- see metadata)"
2015-10-01,national,IMPORTS,импорт товаров и услуг,3144818.5,"level (discrete quarter, as published; quarterly national accounts vintage -- see metadata)"
2016-01-01,national,IMPORTS,импорт товаров и услуг,2754469.0,"level (discrete quarter, as published; quarterly national accounts vintage -- see metadata)"
2016-04-01,national,IMPORTS,импорт товаров и услуг,2918804.8,"level (discrete quarter, as published; quarterly national accounts vintage -- see metadata)"
2016-07-01,national,IMPORTS,импорт товаров и услуг,3363923.7,"level (discrete quarter, as published; quarterly national accounts vintage -- see metadata)"
2016-10-01,national,IMPORTS,импорт товаров и услуг,3417789.3,"level (discrete quarter, as published; quarterly national accounts vintage -- see metadata)"
2017-01-01,national,IMPORTS,импорт товаров и услуг,2781939.6,"level (discrete quarter, as published; quarterly national accounts vintage -- see metadata)"
2017-04-01,national,IMPORTS,импорт товаров и услуг,3280154.4,"level (discrete quarter, as published; quarterly national accounts vintage -- see metadata)"
2017-07-01,national,IMPORTS,импорт товаров и услуг,3561670.7,"level (discrete quarter, as published; quarterly national accounts vintage -- see metadata)"
2017-10-01,national,IMPORTS,импорт товаров и услуг,3824337.7,"level (discrete quarter, as published; quarterly national accounts vintage -- see metadata)"
2018-01-01,national,IMPORTS,импорт товаров и услуг,3316513.9,"level (discrete quarter, as published; quarterly national accounts vintage -- see metadata)"
2018-04-01,national,IMPORTS,импорт товаров и услуг,3832756.2,"level (discrete quarter, as published; quarterly national accounts vintage -- see metadata)"
2018-07-01,national,IMPORTS,импорт товаров и услуг,4512033.3,"level (discrete quarter, as published; quarterly national accounts vintage -- see metadata)"
2018-10-01,national,IMPORTS,импорт товаров и услуг,4645687.4,"level (discrete quarter, as published; quarterly national accounts vintage -- see metadata)"
2019-01-01,national,IMPORTS,импорт товаров и услуг,3765133.3,"level (discrete quarter, as published; quarterly national accounts vintage -- see metadata)"
2019-04-01,national,IMPORTS,импорт товаров и услуг,5117107.5,"level (discrete quarter, as published; quarterly national accounts vintage -- see metadata)"
2019-07-01,national,IMPORTS,импорт товаров и услуг,5787399.0,"level (discrete quarter, as published; quarterly national accounts vintage -- see metadata)"
2019-10-01,national,IMPORTS,импорт товаров и услуг,5535952.3,"level (discrete quarter, as published; quarterly national accounts vintage -- see metadata)"
2020-01-01,national,IMPORTS,импорт товаров и услуг,3997782.2,"level (discrete quarter, as published; quarterly national accounts vintage -- see metadata)"
2020-04-01,national,IMPORTS,импорт товаров и услуг,4673914.9,"level (discrete quarter, as published; quarterly national accounts vintage -- see metadata)"
2020-07-01,national,IMPORTS,импорт товаров и услуг,5429284.4,"level (discrete quarter, as published; quarterly national accounts vintage -- see metadata)"
2020-10-01,national,IMPORTS,импорт товаров и услуг,5177067.1,"level (discrete quarter, as published; quarterly national accounts vintage -- see metadata)"
2021-01-01,national,IMPORTS,импорт товаров и услуг,4128098.4,"level (discrete quarter, as published; quarterly national accounts vintage -- see metadata)"
2021-04-01,national,IMPORTS,импорт товаров и услуг,5353886.0,"level (discrete quarter, as published; quarterly national accounts vintage -- see metadata)"
2021-07-01,national,IMPORTS,импорт товаров и услуг,5640614.7,"level (discrete quarter, as published; quarterly national accounts vintage -- see metadata)"
2021-10-01,national,IMPORTS,импорт товаров и услуг,6056131.7,"level (discrete quarter, as published; quarterly national accounts vintage -- see metadata)"
2022-01-01,national,IMPORTS,импорт товаров и услуг,5347796.0,"level (discrete quarter, as published; quarterly national accounts vintage -- see metadata)"
2022-04-01,national,IMPORTS,импорт товаров и услуг,6450294.5,"level (discrete quarter, as published; quarterly national accounts vintage -- see metadata)"
2022-07-01,national,IMPORTS,импорт товаров и услуг,7612076.7,"level (discrete quarter, as published; quarterly national accounts vintage -- see metadata)"
2022-10-01,national,IMPORTS,импорт товаров и услуг,8388280.2,"level (discrete quarter, as published; quarterly national accounts vintage -- see metadata)"
2023-01-01,national,IMPORTS,импорт товаров и услуг,7530869.8,"level (discrete quarter, as published; quarterly national accounts vintage -- see metadata)"
2023-04-01,national,IMPORTS,импорт товаров и услуг,8350965.8,"level (discrete quarter, as published; quarterly national accounts vintage -- see metadata)"
2023-07-01,national,IMPORTS,импорт товаров и услуг,8421330.8,"level (discrete quarter, as published; quarterly national accounts vintage -- see metadata)"
2023-10-01,national,IMPORTS,импорт товаров и услуг,8762886.3,"level (discrete quarter, as published; quarterly national accounts vintage -- see metadata)"
2024-01-01,national,IMPORTS,импорт товаров и услуг,7320082.0,"level (discrete quarter, as published; quarterly national accounts vintage -- see metadata)"
2024-04-01,national,IMPORTS,импорт товаров и услуг,8404455.3,"level (discrete quarter, as published; quarterly national accounts vintage -- see metadata)"
2024-07-01,national,IMPORTS,импорт товаров и услуг,9348098.0,"level (discrete quarter, as published; quarterly national accounts vintage -- see metadata)"
2024-10-01,national,IMPORTS,импорт товаров и услуг,10116683.8,"level (discrete quarter, as published; quarterly national accounts vintage -- see metadata)"
2025-01-01,national,IMPORTS,импорт товаров и услуг,8541049.4,"level (discrete quarter, as published; quarterly national accounts vintage -- see metadata)"
2025-04-01,national,IMPORTS,импорт товаров и услуг,10367945.2,"level (discrete quarter, as published; quarterly national accounts vintage -- see metadata)"
2025-07-01,national,IMPORTS,импорт товаров и услуг,11102022.8,"level (discrete quarter, as published; quarterly national accounts vintage -- see metadata)"
2025-10-01,national,IMPORTS,импорт товаров и услуг,11907750.2,"level (discrete quarter, as published; quarterly national accounts vintage -- see metadata)"
2026-01-01,national,IMPORTS,импорт товаров и услуг,9180242.5,"level (discrete quarter, as published; quarterly national accounts vintage -- see metadata)"
2010-01-01,national,INVENTORIES,изменение запасов материальных оборотных средств,93004.22471890178,"level (discrete quarter, as published; quarterly national accounts vintage -- see metadata)"
2010-04-01,national,INVENTORIES,изменение запасов материальных оборотных средств,116841.81136643735,"level (discrete quarter, as published; quarterly national accounts vintage -- see metadata)"
2010-07-01,national,INVENTORIES,изменение запасов материальных оборотных средств,112819.90892244913,"level (discrete quarter, as published; quarterly national accounts vintage -- see metadata)"
2010-10-01,national,INVENTORIES,изменение запасов материальных оборотных средств,121048.35499221171,"level (discrete quarter, as published; quarterly national accounts vintage -- see metadata)"
2011-01-01,national,INVENTORIES,изменение запасов материальных оборотных средств,107793.27765513606,"level (discrete quarter, as published; quarterly national accounts vintage -- see metadata)"
2011-04-01,national,INVENTORIES,изменение запасов материальных оборотных средств,115493.68380577517,"level (discrete quarter, as published; quarterly national accounts vintage -- see metadata)"
2011-07-01,national,INVENTORIES,изменение запасов материальных оборотных средств,130733.81737409282,"level (discrete quarter, as published; quarterly national accounts vintage -- see metadata)"
2011-10-01,national,INVENTORIES,изменение запасов материальных оборотных средств,160684.92116499605,"level (discrete quarter, as published; quarterly national accounts vintage -- see metadata)"
2012-01-01,national,INVENTORIES,изменение запасов материальных оборотных средств,167456.77112213612,"level (discrete quarter, as published; quarterly national accounts vintage -- see metadata)"
2012-04-01,national,INVENTORIES,изменение запасов материальных оборотных средств,194633.63662945872,"level (discrete quarter, as published; quarterly national accounts vintage -- see metadata)"
2012-07-01,national,INVENTORIES,изменение запасов материальных оборотных средств,219024.35083021256,"level (discrete quarter, as published; quarterly national accounts vintage -- see metadata)"
2012-10-01,national,INVENTORIES,изменение запасов материальных оборотных средств,213282.54141819268,"level (discrete quarter, as published; quarterly national accounts vintage -- see metadata)"
2013-01-01,national,INVENTORIES,изменение запасов материальных оборотных средств,216767.04783484444,"level (discrete quarter, as published; quarterly national accounts vintage -- see metadata)"
2013-04-01,national,INVENTORIES,изменение запасов материальных оборотных средств,241868.5906337027,"level (discrete quarter, as published; quarterly national accounts vintage -- see metadata)"
2013-07-01,national,INVENTORIES,изменение запасов материальных оборотных средств,243526.15240442482,"level (discrete quarter, as published; quarterly national accounts vintage -- see metadata)"
2013-10-01,national,INVENTORIES,изменение запасов материальных оборотных средств,287983.60912702826,"level (discrete quarter, as published; quarterly national accounts vintage -- see metadata)"
2014-01-01,national,INVENTORIES,изменение запасов материальных оборотных средств,311892.94203562377,"level (discrete quarter, as published; quarterly national accounts vintage -- see metadata)"
2014-04-01,national,INVENTORIES,изменение запасов материальных оборотных средств,369937.8101583088,"level (discrete quarter, as published; quarterly national accounts vintage -- see metadata)"
2014-07-01,national,INVENTORIES,изменение запасов материальных оборотных средств,433312.7934503748,"level (discrete quarter, as published; quarterly national accounts vintage -- see metadata)"
2014-10-01,national,INVENTORIES,изменение запасов материальных оборотных средств,467917.35435569263,"level (discrete quarter, as published; quarterly national accounts vintage -- see metadata)"
2015-01-01,national,INVENTORIES,изменение запасов материальных оборотных средств,472922.8606740673,"level (discrete quarter, as published; quarterly national accounts vintage -- see metadata)"
2015-04-01,national,INVENTORIES,изменение запасов материальных оборотных средств,503995.56047400256,"level (discrete quarter, as published; quarterly national accounts vintage -- see metadata)"
2015-07-01,national,INVENTORIES,изменение запасов материальных оборотных средств,560607.4407413965,"level (discrete quarter, as published; quarterly national accounts vintage -- see metadata)"
2015-10-01,national,INVENTORIES,изменение запасов материальных оборотных средств,545749.4381105338,"level (discrete quarter, as published; quarterly national accounts vintage -- see metadata)"
2016-01-01,national,INVENTORIES,изменение запасов материальных оборотных средств,512545.5263706902,"level (discrete quarter, as published; quarterly national accounts vintage -- see metadata)"
2016-04-01,national,INVENTORIES,изменение запасов материальных оборотных средств,574316.3663559469,"level (discrete quarter, as published; quarterly national accounts vintage -- see metadata)"
2016-07-01,national,INVENTORIES,изменение запасов материальных оборотных средств,619483.9288294849,"level (discrete quarter, as published; quarterly national accounts vintage -- see metadata)"
2016-10-01,national,INVENTORIES,изменение запасов материальных оборотных средств,591741.0784438782,"level (discrete quarter, as published; quarterly national accounts vintage -- see metadata)"
2017-01-01,national,INVENTORIES,изменение запасов материальных оборотных средств,612021.3899620192,"level (discrete quarter, as published; quarterly national accounts vintage -- see metadata)"
2017-04-01,national,INVENTORIES,изменение запасов материальных оборотных средств,640688.4153267954,"level (discrete quarter, as published; quarterly national accounts vintage -- see metadata)"
2017-07-01,national,INVENTORIES,изменение запасов материальных оборотных средств,597427.8366861806,"level (discrete quarter, as published; quarterly national accounts vintage -- see metadata)"
2017-10-01,national,INVENTORIES,изменение запасов материальных оборотных средств,641347.1580250046,"level (discrete quarter, as published; quarterly national accounts vintage -- see metadata)"
2018-01-01,national,INVENTORIES,изменение запасов материальных оборотных средств,576532.4374519394,"level (discrete quarter, as published; quarterly national accounts vintage -- see metadata)"
2018-04-01,national,INVENTORIES,изменение запасов материальных оборотных средств,606776.2148672857,"level (discrete quarter, as published; quarterly national accounts vintage -- see metadata)"
2018-07-01,national,INVENTORIES,изменение запасов материальных оборотных средств,642839.4136212211,"level (discrete quarter, as published; quarterly national accounts vintage -- see metadata)"
2018-10-01,national,INVENTORIES,изменение запасов материальных оборотных средств,696945.8340595538,"level (discrete quarter, as published; quarterly national accounts vintage -- see metadata)"
2019-01-01,national,INVENTORIES,изменение запасов материальных оборотных средств,707798.7713569676,"level (discrete quarter, as published; quarterly national accounts vintage -- see metadata)"
2019-04-01,national,INVENTORIES,изменение запасов материальных оборотных средств,690990.3597455533,"level (discrete quarter, as published; quarterly national accounts vintage -- see metadata)"
2019-07-01,national,INVENTORIES,изменение запасов материальных оборотных средств,725226.3273814023,"level (discrete quarter, as published; quarterly national accounts vintage -- see metadata)"
2019-10-01,national,INVENTORIES,изменение запасов материальных оборотных средств,768640.5415160764,"level (discrete quarter, as published; quarterly national accounts vintage -- see metadata)"
2020-01-01,national,INVENTORIES,изменение запасов материальных оборотных средств,827819.9461565731,"level (discrete quarter, as published; quarterly national accounts vintage -- see metadata)"
2020-04-01,national,INVENTORIES,изменение запасов материальных оборотных средств,706979.3572655316,"level (discrete quarter, as published; quarterly national accounts vintage -- see metadata)"
2020-07-01,national,INVENTORIES,изменение запасов материальных оборотных средств,796043.8922663728,"level (discrete quarter, as published; quarterly national accounts vintage -- see metadata)"
2020-10-01,national,INVENTORIES,изменение запасов материальных оборотных средств,711048.3043115227,"level (discrete quarter, as published; quarterly national accounts vintage -- see metadata)"
2021-01-01,national,INVENTORIES,изменение запасов материальных оборотных средств,712712.7153736746,"level (discrete quarter, as published; quarterly national accounts vintage -- see metadata)"
2021-04-01,national,INVENTORIES,изменение запасов материальных оборотных средств,689531.8882958586,"level (discrete quarter, as published; quarterly national accounts vintage -- see metadata)"
2021-07-01,national,INVENTORIES,изменение запасов материальных оборотных средств,703102.4739623656,"level (discrete quarter, as published; quarterly national accounts vintage -- see metadata)"
2021-10-01,national,INVENTORIES,изменение запасов материальных оборотных средств,704724.4223681012,"level (discrete quarter, as published; quarterly national accounts vintage -- see metadata)"
2022-01-01,national,INVENTORIES,изменение запасов материальных оборотных средств,724302.9776152982,"level (discrete quarter, as published; quarterly national accounts vintage -- see metadata)"
2022-04-01,national,INVENTORIES,изменение запасов материальных оборотных средств,666030.7164362896,"level (discrete quarter, as published; quarterly national accounts vintage -- see metadata)"
2022-07-01,national,INVENTORIES,изменение запасов материальных оборотных средств,714933.478111425,"level (discrete quarter, as published; quarterly national accounts vintage -- see metadata)"
2022-10-01,national,INVENTORIES,изменение запасов материальных оборотных средств,780222.0278369876,"level (discrete quarter, as published; quarterly national accounts vintage -- see metadata)"
2023-01-01,national,INVENTORIES,изменение запасов материальных оборотных средств,851346.9853886814,"level (discrete quarter, as published; quarterly national accounts vintage -- see metadata)"
2023-04-01,national,INVENTORIES,изменение запасов материальных оборотных средств,925039.0367305458,"level (discrete quarter, as published; quarterly national accounts vintage -- see metadata)"
2023-07-01,national,INVENTORIES,изменение запасов материальных оборотных средств,1018342.4071134004,"level (discrete quarter, as published; quarterly national accounts vintage -- see metadata)"
2023-10-01,national,INVENTORIES,изменение запасов материальных оборотных средств,983283.9707673724,"level (discrete quarter, as published; quarterly national accounts vintage -- see metadata)"
2024-01-01,national,INVENTORIES,изменение запасов материальных оборотных средств,944659.3502934567,"level (discrete quarter, as published; quarterly national accounts vintage -- see metadata)"
2024-04-01,national,INVENTORIES,изменение запасов материальных оборотных средств,883118.0803914332,"level (discrete quarter, as published; quarterly national accounts vintage -- see metadata)"
2024-07-01,national,INVENTORIES,изменение запасов материальных оборотных средств,880503.0498027572,"level (discrete quarter, as published; quarterly national accounts vintage -- see metadata)"
2024-10-01,national,INVENTORIES,изменение запасов материальных оборотных средств,1210027.2195123532,"level (discrete quarter, as published; quarterly national accounts vintage -- see metadata)"
2025-01-01,national,INVENTORIES,изменение запасов материальных оборотных средств,1270301.881186866,"level (discrete quarter, as published; quarterly national accounts vintage -- see metadata)"
2025-04-01,national,INVENTORIES,изменение запасов материальных оборотных средств,1353714.7601208831,"level (discrete quarter, as published; quarterly national accounts vintage -- see metadata)"
2025-07-01,national,INVENTORIES,изменение запасов материальных оборотных средств,1473512.4698001002,"level (discrete quarter, as published; quarterly national accounts vintage -- see metadata)"
2025-10-01,national,INVENTORIES,изменение запасов материальных оборотных средств,1749230.1888921508,"level (discrete quarter, as published; quarterly national accounts vintage -- see metadata)"
2026-01-01,national,INVENTORIES,изменение запасов материальных оборотных средств,1415972.960014088,"level (discrete quarter, as published; quarterly national accounts vintage -- see metadata)"
2010-01-01,national,NET_EXPORTS,Чистый экспорт,1175829.7999999998,"level (discrete quarter, as published; quarterly national accounts vintage -- see metadata)"
2010-04-01,national,NET_EXPORTS,Чистый экспорт,899808.8,"level (discrete quarter, as published; quarterly national accounts vintage -- see metadata)"
2010-07-01,national,NET_EXPORTS,Чистый экспорт,594838.8,"level (discrete quarter, as published; quarterly national accounts vintage -- see metadata)"
2010-10-01,national,NET_EXPORTS,Чистый экспорт,665266.1000000001,"level (discrete quarter, as published; quarterly national accounts vintage -- see metadata)"
2011-01-01,national,NET_EXPORTS,Чистый экспорт,2402080.0,"level (discrete quarter, as published; quarterly national accounts vintage -- see metadata)"
2011-04-01,national,NET_EXPORTS,Чистый экспорт,1399004.9000000001,"level (discrete quarter, as published; quarterly national accounts vintage -- see metadata)"
2011-07-01,national,NET_EXPORTS,Чистый экспорт,1239311.0,"level (discrete quarter, as published; quarterly national accounts vintage -- see metadata)"
2011-10-01,national,NET_EXPORTS,Чистый экспорт,1157269.2999999998,"level (discrete quarter, as published; quarterly national accounts vintage -- see metadata)"
2012-01-01,national,NET_EXPORTS,Чистый экспорт,1784244.6,"level (discrete quarter, as published; quarterly national accounts vintage -- see metadata)"
2012-04-01,national,NET_EXPORTS,Чистый экспорт,1184370.5,"level (discrete quarter, as published; quarterly national accounts vintage -- see metadata)"
2012-07-01,national,NET_EXPORTS,Чистый экспорт,939095.7000000002,"level (discrete quarter, as published; quarterly national accounts vintage -- see metadata)"
2012-10-01,national,NET_EXPORTS,Чистый экспорт,804088.6000000001,"level (discrete quarter, as published; quarterly national accounts vintage -- see metadata)"
2013-01-01,national,NET_EXPORTS,Чистый экспорт,1509156.6,"level (discrete quarter, as published; quarterly national accounts vintage -- see metadata)"
2013-04-01,national,NET_EXPORTS,Чистый экспорт,909227.0,"level (discrete quarter, as published; quarterly national accounts vintage -- see metadata)"
2013-07-01,national,NET_EXPORTS,Чистый экспорт,994594.3999999999,"level (discrete quarter, as published; quarterly national accounts vintage -- see metadata)"
2013-10-01,national,NET_EXPORTS,Чистый экспорт,1272478.6,"level (discrete quarter, as published; quarterly national accounts vintage -- see metadata)"
2014-01-01,national,NET_EXPORTS,Чистый экспорт,1646217.6,"level (discrete quarter, as published; quarterly national accounts vintage -- see metadata)"
2014-04-01,national,NET_EXPORTS,Чистый экспорт,1187382.9,"level (discrete quarter, as published; quarterly national accounts vintage -- see metadata)"
2014-07-01,national,NET_EXPORTS,Чистый экспорт,784219.2000000002,"level (discrete quarter, as published; quarterly national accounts vintage -- see metadata)"
2014-10-01,national,NET_EXPORTS,Чистый экспорт,129171.5,"level (discrete quarter, as published; quarterly national accounts vintage -- see metadata)"
2015-01-01,national,NET_EXPORTS,Чистый экспорт,484405.8999999999,"level (discrete quarter, as published; quarterly national accounts vintage -- see metadata)"
2015-04-01,national,NET_EXPORTS,Чистый экспорт,177847.7999999998,"level (discrete quarter, as published; quarterly national accounts vintage -- see metadata)"
2015-07-01,national,NET_EXPORTS,Чистый экспорт,-170591.6000000001,"level (discrete quarter, as published; quarterly national accounts vintage -- see metadata)"
2015-10-01,national,NET_EXPORTS,Чистый экспорт,149750.2999999998,"level (discrete quarter, as published; quarterly national accounts vintage -- see metadata)"
2016-01-01,national,NET_EXPORTS,Чистый экспорт,552419.8999999999,"level (discrete quarter, as published; quarterly national accounts vintage -- see metadata)"
2016-04-01,national,NET_EXPORTS,Чистый экспорт,681529.3000000003,"level (discrete quarter, as published; quarterly national accounts vintage -- see metadata)"
2016-07-01,national,NET_EXPORTS,Чистый экспорт,374363.1999999997,"level (discrete quarter, as published; quarterly national accounts vintage -- see metadata)"
2016-10-01,national,NET_EXPORTS,Чистый экспорт,720345.6000000001,"level (discrete quarter, as published; quarterly national accounts vintage -- see metadata)"
2017-01-01,national,NET_EXPORTS,Чистый экспорт,1299142.7999999998,"level (discrete quarter, as published; quarterly national accounts vintage -- see metadata)"
2017-04-01,national,NET_EXPORTS,Чистый экспорт,895434.7000000002,"level (discrete quarter, as published; quarterly national accounts vintage -- see metadata)"
2017-07-01,national,NET_EXPORTS,Чистый экспорт,1167137.2000000002,"level (discrete quarter, as published; quarterly national accounts vintage -- see metadata)"
2017-10-01,national,NET_EXPORTS,Чистый экспорт,1530795.2999999998,"level (discrete quarter, as published; quarterly national accounts vintage -- see metadata)"
2018-01-01,national,NET_EXPORTS,Чистый экспорт,2005304.9,"level (discrete quarter, as published; quarterly national accounts vintage -- see metadata)"
2018-04-01,national,NET_EXPORTS,Чистый экспорт,1932726.0,"level (discrete quarter, as published; quarterly national accounts vintage -- see metadata)"
2018-07-01,national,NET_EXPORTS,Чистый экспорт,1570910.6000000006,"level (discrete quarter, as published; quarterly national accounts vintage -- see metadata)"
2018-10-01,national,NET_EXPORTS,Чистый экспорт,1086366.0999999996,"level (discrete quarter, as published; quarterly national accounts vintage -- see metadata)"
2019-01-01,national,NET_EXPORTS,Чистый экспорт,2517269.3,"level (discrete quarter, as published; quarterly national accounts vintage -- see metadata)"
2019-04-01,national,NET_EXPORTS,Чистый экспорт,1216604.2999999998,"level (discrete quarter, as published; quarterly national accounts vintage -- see metadata)"
2019-07-01,national,NET_EXPORTS,Чистый экспорт,816089.4000000004,"level (discrete quarter, as published; quarterly national accounts vintage -- see metadata)"
2019-10-01,national,NET_EXPORTS,Чистый экспорт,1092194.9000000004,"level (discrete quarter, as published; quarterly national accounts vintage -- see metadata)"
2020-01-01,national,NET_EXPORTS,Чистый экспорт,1297902.2000000002,"level (discrete quarter, as published; quarterly national accounts vintage -- see metadata)"
2020-04-01,national,NET_EXPORTS,Чистый экспорт,-377828.7000000002,"level (discrete quarter, as published; quarterly national accounts vintage -- see metadata)"
2020-07-01,national,NET_EXPORTS,Чистый экспорт,-381380.2000000002,"level (discrete quarter, as published; quarterly national accounts vintage -- see metadata)"
2020-10-01,national,NET_EXPORTS,Чистый экспорт,542121.4000000004,"level (discrete quarter, as published; quarterly national accounts vintage -- see metadata)"
2021-01-01,national,NET_EXPORTS,Чистый экспорт,2170661.6,"level (discrete quarter, as published; quarterly national accounts vintage -- see metadata)"
2021-04-01,national,NET_EXPORTS,Чистый экспорт,2375171.7,"level (discrete quarter, as published; quarterly national accounts vintage -- see metadata)"
2021-07-01,national,NET_EXPORTS,Чистый экспорт,1952800.8999999994,"level (discrete quarter, as published; quarterly national accounts vintage -- see metadata)"
2021-10-01,national,NET_EXPORTS,Чистый экспорт,2947558.3999999994,"level (discrete quarter, as published; quarterly national accounts vintage -- see metadata)"
2022-01-01,national,NET_EXPORTS,Чистый экспорт,5332161.6,"level (discrete quarter, as published; quarterly national accounts vintage -- see metadata)"
2022-04-01,national,NET_EXPORTS,Чистый экспорт,3733561.0,"level (discrete quarter, as published; quarterly national accounts vintage -- see metadata)"
2022-07-01,national,NET_EXPORTS,Чистый экспорт,3661283.7,"level (discrete quarter, as published; quarterly national accounts vintage -- see metadata)"
2022-10-01,national,NET_EXPORTS,Чистый экспорт,2628126.6000000006,"level (discrete quarter, as published; quarterly national accounts vintage -- see metadata)"
2023-01-01,national,NET_EXPORTS,Чистый экспорт,2195731.8,"level (discrete quarter, as published; quarterly national accounts vintage -- see metadata)"
2023-04-01,national,NET_EXPORTS,Чистый экспорт,1743181.3999999994,"level (discrete quarter, as published; quarterly national accounts vintage -- see metadata)"
2023-07-01,national,NET_EXPORTS,Чистый экспорт,2168895.6999999993,"level (discrete quarter, as published; quarterly national accounts vintage -- see metadata)"
2023-10-01,national,NET_EXPORTS,Чистый экспорт,2213581.3999999985,"level (discrete quarter, as published; quarterly national accounts vintage -- see metadata)"
2024-01-01,national,NET_EXPORTS,Чистый экспорт,2446758.1999999993,"level (discrete quarter, as published; quarterly national accounts vintage -- see metadata)"
2024-04-01,national,NET_EXPORTS,Чистый экспорт,2267661.0,"level (discrete quarter, as published; quarterly national accounts vintage -- see metadata)"
2024-07-01,national,NET_EXPORTS,Чистый экспорт,1694821.6999999993,"level (discrete quarter, as published; quarterly national accounts vintage -- see metadata)"
2024-10-01,national,NET_EXPORTS,Чистый экспорт,1045711.2999999989,"level (discrete quarter, as published; quarterly national accounts vintage -- see metadata)"
2025-01-01,national,NET_EXPORTS,Чистый экспорт,2286488.299999999,"level (discrete quarter, as published; quarterly national accounts vintage -- see metadata)"
2025-04-01,national,NET_EXPORTS,Чистый экспорт,1312070.2000000011,"level (discrete quarter, as published; quarterly national accounts vintage -- see metadata)"
2025-07-01,national,NET_EXPORTS,Чистый экспорт,1602985.7999999989,"level (discrete quarter, as published; quarterly national accounts vintage -- see metadata)"
2025-10-01,national,NET_EXPORTS,Чистый экспорт,-27551.099999999627,"level (discrete quarter, as published; quarterly national accounts vintage -- see metadata)"
2026-01-01,national,NET_EXPORTS,Чистый экспорт,1942025.1999999993,"level (discrete quarter, as published; quarterly national accounts vintage -- see metadata)"
2010-01-01,national,NPISH,"некоммерческих организаций, обслуживающих домашние хозяйства",33600.8308223739,"level (discrete quarter, as published; quarterly national accounts vintage -- see metadata)"
2010-04-01,national,NPISH,"некоммерческих организаций, обслуживающих домашние хозяйства",34564.59398127478,"level (discrete quarter, as published; quarterly national accounts vintage -- see metadata)"
2010-07-01,national,NPISH,"некоммерческих организаций, обслуживающих домашние хозяйства",36244.33746445588,"level (discrete quarter, as published; quarterly national accounts vintage -- see metadata)"
2010-10-01,national,NPISH,"некоммерческих организаций, обслуживающих домашние хозяйства",37905.83773189547,"level (discrete quarter, as published; quarterly national accounts vintage -- see metadata)"
2011-01-01,national,NPISH,"некоммерческих организаций, обслуживающих домашние хозяйства",40716.9510131113,"level (discrete quarter, as published; quarterly national accounts vintage -- see metadata)"
2011-04-01,national,NPISH,"некоммерческих организаций, обслуживающих домашние хозяйства",45895.87665846087,"level (discrete quarter, as published; quarterly national accounts vintage -- see metadata)"
2011-07-01,national,NPISH,"некоммерческих организаций, обслуживающих домашние хозяйства",43694.72396054501,"level (discrete quarter, as published; quarterly national accounts vintage -- see metadata)"
2011-10-01,national,NPISH,"некоммерческих организаций, обслуживающих домашние хозяйства",56697.34836788287,"level (discrete quarter, as published; quarterly national accounts vintage -- see metadata)"
2012-01-01,national,NPISH,"некоммерческих организаций, обслуживающих домашние хозяйства",54623.55537446758,"level (discrete quarter, as published; quarterly national accounts vintage -- see metadata)"
2012-04-01,national,NPISH,"некоммерческих организаций, обслуживающих домашние хозяйства",53037.34180924746,"level (discrete quarter, as published; quarterly national accounts vintage -- see metadata)"
2012-07-01,national,NPISH,"некоммерческих организаций, обслуживающих домашние хозяйства",49607.75221202176,"level (discrete quarter, as published; quarterly national accounts vintage -- see metadata)"
2012-10-01,national,NPISH,"некоммерческих организаций, обслуживающих домашние хозяйства",54827.55060426321,"level (discrete quarter, as published; quarterly national accounts vintage -- see metadata)"
2013-01-01,national,NPISH,"некоммерческих организаций, обслуживающих домашние хозяйства",51950.03570775486,"level (discrete quarter, as published; quarterly national accounts vintage -- see metadata)"
2013-04-01,national,NPISH,"некоммерческих организаций, обслуживающих домашние хозяйства",52801.927456841404,"level (discrete quarter, as published; quarterly national accounts vintage -- see metadata)"
2013-07-01,national,NPISH,"некоммерческих организаций, обслуживающих домашние хозяйства",51547.54004908707,"level (discrete quarter, as published; quarterly national accounts vintage -- see metadata)"
2013-10-01,national,NPISH,"некоммерческих организаций, обслуживающих домашние хозяйства",60977.196786316694,"level (discrete quarter, as published; quarterly national accounts vintage -- see metadata)"
2014-01-01,national,NPISH,"некоммерческих организаций, обслуживающих домашние хозяйства",66013.79961898389,"level (discrete quarter, as published; quarterly national accounts vintage -- see metadata)"
2014-04-01,national,NPISH,"некоммерческих организаций, обслуживающих домашние хозяйства",82446.1060904561,"level (discrete quarter, as published; quarterly national accounts vintage -- see metadata)"
2014-07-01,national,NPISH,"некоммерческих организаций, обслуживающих домашние хозяйства",85949.80881947342,"level (discrete quarter, as published; quarterly national accounts vintage -- see metadata)"
2014-10-01,national,NPISH,"некоммерческих организаций, обслуживающих домашние хозяйства",96304.68547108659,"level (discrete quarter, as published; quarterly national accounts vintage -- see metadata)"
2015-01-01,national,NPISH,"некоммерческих организаций, обслуживающих домашние хозяйства",56146.048783077465,"level (discrete quarter, as published; quarterly national accounts vintage -- see metadata)"
2015-04-01,national,NPISH,"некоммерческих организаций, обслуживающих домашние хозяйства",61982.57774209369,"level (discrete quarter, as published; quarterly national accounts vintage -- see metadata)"
2015-07-01,national,NPISH,"некоммерческих организаций, обслуживающих домашние хозяйства",57554.52405043576,"level (discrete quarter, as published; quarterly national accounts vintage -- see metadata)"
2015-10-01,national,NPISH,"некоммерческих организаций, обслуживающих домашние хозяйства",66406.94942439308,"level (discrete quarter, as published; quarterly national accounts vintage -- see metadata)"
2016-01-01,national,NPISH,"некоммерческих организаций, обслуживающих домашние хозяйства",53220.60756096619,"level (discrete quarter, as published; quarterly national accounts vintage -- see metadata)"
2016-04-01,national,NPISH,"некоммерческих организаций, обслуживающих домашние хозяйства",59650.792819323244,"level (discrete quarter, as published; quarterly national accounts vintage -- see metadata)"
2016-07-01,national,NPISH,"некоммерческих организаций, обслуживающих домашние хозяйства",54587.66238642853,"level (discrete quarter, as published; quarterly national accounts vintage -- see metadata)"
2016-10-01,national,NPISH,"некоммерческих организаций, обслуживающих домашние хозяйства",63199.83723328201,"level (discrete quarter, as published; quarterly national accounts vintage -- see metadata)"
2017-01-01,national,NPISH,"некоммерческих организаций, обслуживающих домашние хозяйства",58191.89659973141,"level (discrete quarter, as published; quarterly national accounts vintage -- see metadata)"
2017-04-01,national,NPISH,"некоммерческих организаций, обслуживающих домашние хозяйства",60568.82449301432,"level (discrete quarter, as published; quarterly national accounts vintage -- see metadata)"
2017-07-01,national,NPISH,"некоммерческих организаций, обслуживающих домашние хозяйства",50866.39048816337,"level (discrete quarter, as published; quarterly national accounts vintage -- see metadata)"
2017-10-01,national,NPISH,"некоммерческих организаций, обслуживающих домашние хозяйства",58661.7884190909,"level (discrete quarter, as published; quarterly national accounts vintage -- see metadata)"
2018-01-01,national,NPISH,"некоммерческих организаций, обслуживающих домашние хозяйства",53817.42580020076,"level (discrete quarter, as published; quarterly national accounts vintage -- see metadata)"
2018-04-01,national,NPISH,"некоммерческих организаций, обслуживающих домашние хозяйства",60036.74017777652,"level (discrete quarter, as published; quarterly national accounts vintage -- see metadata)"
2018-07-01,national,NPISH,"некоммерческих организаций, обслуживающих домашние хозяйства",54327.16685052164,"level (discrete quarter, as published; quarterly national accounts vintage -- see metadata)"
2018-10-01,national,NPISH,"некоммерческих организаций, обслуживающих домашние хозяйства",62761.667171501074,"level (discrete quarter, as published; quarterly national accounts vintage -- see metadata)"
2019-01-01,national,NPISH,"некоммерческих организаций, обслуживающих домашние хозяйства",64976.39179088447,"level (discrete quarter, as published; quarterly national accounts vintage -- see metadata)"
2019-04-01,national,NPISH,"некоммерческих организаций, обслуживающих домашние хозяйства",72712.03179228792,"level (discrete quarter, as published; quarterly national accounts vintage -- see metadata)"
2019-07-01,national,NPISH,"некоммерческих организаций, обслуживающих домашние хозяйства",64411.505407141005,"level (discrete quarter, as published; quarterly national accounts vintage -- see metadata)"
2019-10-01,national,NPISH,"некоммерческих организаций, обслуживающих домашние хозяйства",79766.9710096866,"level (discrete quarter, as published; quarterly national accounts vintage -- see metadata)"
2020-01-01,national,NPISH,"некоммерческих организаций, обслуживающих домашние хозяйства",70569.85699618215,"level (discrete quarter, as published; quarterly national accounts vintage -- see metadata)"
2020-04-01,national,NPISH,"некоммерческих организаций, обслуживающих домашние хозяйства",72247.45805112938,"level (discrete quarter, as published; quarterly national accounts vintage -- see metadata)"
2020-07-01,national,NPISH,"некоммерческих организаций, обслуживающих домашние хозяйства",71006.55615949044,"level (discrete quarter, as published; quarterly national accounts vintage -- see metadata)"
2020-10-01,national,NPISH,"некоммерческих организаций, обслуживающих домашние хозяйства",83005.82879319804,"level (discrete quarter, as published; quarterly national accounts vintage -- see metadata)"
2021-01-01,national,NPISH,"некоммерческих организаций, обслуживающих домашние хозяйства",76371.28832358978,"level (discrete quarter, as published; quarterly national accounts vintage -- see metadata)"
2021-04-01,national,NPISH,"некоммерческих организаций, обслуживающих домашние хозяйства",78720.34662910788,"level (discrete quarter, as published; quarterly national accounts vintage -- see metadata)"
2021-07-01,national,NPISH,"некоммерческих организаций, обслуживающих домашние хозяйства",73626.96181866666,"level (discrete quarter, as published; quarterly national accounts vintage -- see metadata)"
2021-10-01,national,NPISH,"некоммерческих организаций, обслуживающих домашние хозяйства",90559.00322863567,"level (discrete quarter, as published; quarterly national accounts vintage -- see metadata)"
2022-01-01,national,NPISH,"некоммерческих организаций, обслуживающих домашние хозяйства",79220.2850129317,"level (discrete quarter, as published; quarterly national accounts vintage -- see metadata)"
2022-04-01,national,NPISH,"некоммерческих организаций, обслуживающих домашние хозяйства",90409.80331905842,"level (discrete quarter, as published; quarterly national accounts vintage -- see metadata)"
2022-07-01,national,NPISH,"некоммерческих организаций, обслуживающих домашние хозяйства",81169.90574963408,"level (discrete quarter, as published; quarterly national accounts vintage -- see metadata)"
2022-10-01,national,NPISH,"некоммерческих организаций, обслуживающих домашние хозяйства",96376.50591837583,"level (discrete quarter, as published; quarterly national accounts vintage -- see metadata)"
2023-01-01,national,NPISH,"некоммерческих организаций, обслуживающих домашние хозяйства",89200.82213964986,"level (discrete quarter, as published; quarterly national accounts vintage -- see metadata)"
2023-04-01,national,NPISH,"некоммерческих организаций, обслуживающих домашние хозяйства",101743.08268186616,"level (discrete quarter, as published; quarterly national accounts vintage -- see metadata)"
2023-07-01,national,NPISH,"некоммерческих организаций, обслуживающих домашние хозяйства",83892.79745519291,"level (discrete quarter, as published; quarterly national accounts vintage -- see metadata)"
2023-10-01,national,NPISH,"некоммерческих организаций, обслуживающих домашние хозяйства",97745.79772329108,"level (discrete quarter, as published; quarterly national accounts vintage -- see metadata)"
2024-01-01,national,NPISH,"некоммерческих организаций, обслуживающих домашние хозяйства",74153.60290886559,"level (discrete quarter, as published; quarterly national accounts vintage -- see metadata)"
2024-04-01,national,NPISH,"некоммерческих организаций, обслуживающих домашние хозяйства",80699.96178803295,"level (discrete quarter, as published; quarterly national accounts vintage -- see metadata)"
2024-07-01,national,NPISH,"некоммерческих организаций, обслуживающих домашние хозяйства",74501.19374886206,"level (discrete quarter, as published; quarterly national accounts vintage -- see metadata)"
2024-10-01,national,NPISH,"некоммерческих организаций, обслуживающих домашние хозяйства",95483.14155423944,"level (discrete quarter, as published; quarterly national accounts vintage -- see metadata)"
2025-01-01,national,NPISH,"некоммерческих организаций, обслуживающих домашние хозяйства",88034.3909152102,"level (discrete quarter, as published; quarterly national accounts vintage -- see metadata)"
2025-04-01,national,NPISH,"некоммерческих организаций, обслуживающих домашние хозяйства",99480.16578754548,"level (discrete quarter, as published; quarterly national accounts vintage -- see metadata)"
2025-07-01,national,NPISH,"некоммерческих организаций, обслуживающих домашние хозяйства",84925.70119115787,"level (discrete quarter, as published; quarterly national accounts vintage -- see metadata)"
2025-10-01,national,NPISH,"некоммерческих организаций, обслуживающих домашние хозяйства",112630.44210608646,"level (discrete quarter, as published; quarterly national accounts vintage -- see metadata)"
2026-01-01,national,NPISH,"некоммерческих организаций, обслуживающих домашние хозяйства",92382.46039176834,"level (discrete quarter, as published; quarterly national accounts vintage -- see metadata)"
2010-01-01,national,STAT_DISCREPANCY,Статистическое расхождение,136914.65020501148,"level (discrete quarter, as published; quarterly national accounts vintage -- see metadata)"
2010-04-01,national,STAT_DISCREPANCY,Статистическое расхождение,183587.1554848496,"level (discrete quarter, as published; quarterly national accounts vintage -- see metadata)"
2010-07-01,national,STAT_DISCREPANCY,Статистическое расхождение,302700.15132483654,"level (discrete quarter, as published; quarterly national accounts vintage -- see metadata)"
2010-10-01,national,STAT_DISCREPANCY,Статистическое расхождение,330724.44651186373,"level (discrete quarter, as published; quarterly national accounts vintage -- see metadata)"
2011-01-01,national,STAT_DISCREPANCY,Статистическое расхождение,151398.01111569814,"level (discrete quarter, as published; quarterly national accounts vintage -- see metadata)"
2011-04-01,national,STAT_DISCREPANCY,Статистическое расхождение,388384.3752803486,"level (discrete quarter, as published; quarterly national accounts vintage -- see metadata)"
2011-07-01,national,STAT_DISCREPANCY,Статистическое расхождение,434382.19492374547,"level (discrete quarter, as published; quarterly national accounts vintage -- see metadata)"
2011-10-01,national,STAT_DISCREPANCY,Статистическое расхождение,217274.5462484574,"level (discrete quarter, as published; quarterly national accounts vintage -- see metadata)"
2012-01-01,national,STAT_DISCREPANCY,Статистическое расхождение,301684.6491641421,"level (discrete quarter, as published; quarterly national accounts vintage -- see metadata)"
2012-04-01,national,STAT_DISCREPANCY,Статистическое расхождение,284440.7753469916,"level (discrete quarter, as published; quarterly national accounts vintage -- see metadata)"
2012-07-01,national,STAT_DISCREPANCY,Статистическое расхождение,322745.00764603075,"level (discrete quarter, as published; quarterly national accounts vintage -- see metadata)"
2012-10-01,national,STAT_DISCREPANCY,Статистическое расхождение,375865.70675634034,"level (discrete quarter, as published; quarterly national accounts vintage -- see metadata)"
2013-01-01,national,STAT_DISCREPANCY,Статистическое расхождение,316586.2088410454,"level (discrete quarter, as published; quarterly national accounts vintage -- see metadata)"
2013-04-01,national,STAT_DISCREPANCY,Статистическое расхождение,352856.4945201669,"level (discrete quarter, as published; quarterly national accounts vintage -- see metadata)"
2013-07-01,national,STAT_DISCREPANCY,Статистическое расхождение,394801.6976165809,"level (discrete quarter, as published; quarterly national accounts vintage -- see metadata)"
2013-10-01,national,STAT_DISCREPANCY,Статистическое расхождение,414310.78002635017,"level (discrete quarter, as published; quarterly national accounts vintage -- see metadata)"
2014-01-01,national,STAT_DISCREPANCY,Статистическое расхождение,342337.9707680773,"level (discrete quarter, as published; quarterly national accounts vintage -- see metadata)"
2014-04-01,national,STAT_DISCREPANCY,Статистическое расхождение,390456.99918377586,"level (discrete quarter, as published; quarterly national accounts vintage -- see metadata)"
2014-07-01,national,STAT_DISCREPANCY,Статистическое расхождение,434271.05011796765,"level (discrete quarter, as published; quarterly national accounts vintage -- see metadata)"
2014-10-01,national,STAT_DISCREPANCY,Статистическое расхождение,460456.1799301803,"level (discrete quarter, as published; quarterly national accounts vintage -- see metadata)"
2015-01-01,national,STAT_DISCREPANCY,Статистическое расхождение,376933.4915675223,"level (discrete quarter, as published; quarterly national accounts vintage -- see metadata)"
2015-04-01,national,STAT_DISCREPANCY,Статистическое расхождение,400551.7514080908,"level (discrete quarter, as published; quarterly national accounts vintage -- see metadata)"
2015-07-01,national,STAT_DISCREPANCY,Статистическое расхождение,420639.79321422987,"level (discrete quarter, as published; quarterly national accounts vintage -- see metadata)"
2015-10-01,national,STAT_DISCREPANCY,Статистическое расхождение,451304.02362035215,"level (discrete quarter, as published; quarterly national accounts vintage -- see metadata)"
2016-01-01,national,STAT_DISCREPANCY,Статистическое расхождение,335577.8237908147,"level (discrete quarter, as published; quarterly national accounts vintage -- see metadata)"
2016-04-01,national,STAT_DISCREPANCY,Статистическое расхождение,340594.55766395666,"level (discrete quarter, as published; quarterly national accounts vintage -- see metadata)"
2016-07-01,national,STAT_DISCREPANCY,Статистическое расхождение,230044.76630800776,"level (discrete quarter, as published; quarterly national accounts vintage -- see metadata)"
2016-10-01,national,STAT_DISCREPANCY,Статистическое расхождение,329704.0673944261,"level (discrete quarter, as published; quarterly national accounts vintage -- see metadata)"
2017-01-01,national,STAT_DISCREPANCY,Статистическое расхождение,234730.59027661197,"level (discrete quarter, as published; quarterly national accounts vintage -- see metadata)"
2017-04-01,national,STAT_DISCREPANCY,Статистическое расхождение,334870.44248299673,"level (discrete quarter, as published; quarterly national accounts vintage -- see metadata)"
2017-07-01,national,STAT_DISCREPANCY,Статистическое расхождение,348007.8731442876,"level (discrete quarter, as published; quarterly national accounts vintage -- see metadata)"
2017-10-01,national,STAT_DISCREPANCY,Статистическое расхождение,463759.3283528406,"level (discrete quarter, as published; quarterly national accounts vintage -- see metadata)"
2018-01-01,national,STAT_DISCREPANCY,Статистическое расхождение,-34239.0028251037,"level (discrete quarter, as published; quarterly national accounts vintage -- see metadata)"
2018-04-01,national,STAT_DISCREPANCY,Статистическое расхождение,223832.83972882293,"level (discrete quarter, as published; quarterly national accounts vintage -- see metadata)"
2018-07-01,national,STAT_DISCREPANCY,Статистическое расхождение,696251.6369191073,"level (discrete quarter, as published; quarterly national accounts vintage -- see metadata)"
2018-10-01,national,STAT_DISCREPANCY,Статистическое расхождение,694461.3947752919,"level (discrete quarter, as published; quarterly national accounts vintage -- see metadata)"
2019-01-01,national,STAT_DISCREPANCY,Статистическое расхождение,303681.71963120624,"level (discrete quarter, as published; quarterly national accounts vintage -- see metadata)"
2019-04-01,national,STAT_DISCREPANCY,Статистическое расхождение,461236.1452674661,"level (discrete quarter, as published; quarterly national accounts vintage -- see metadata)"
2019-07-01,national,STAT_DISCREPANCY,Статистическое расхождение,577625.3728126511,"level (discrete quarter, as published; quarterly national accounts vintage -- see metadata)"
2019-10-01,national,STAT_DISCREPANCY,Статистическое расхождение,433840.585469462,"level (discrete quarter, as published; quarterly national accounts vintage -- see metadata)"
2020-01-01,national,STAT_DISCREPANCY,Статистическое расхождение,578132.3754056524,"level (discrete quarter, as published; quarterly national accounts vintage -- see metadata)"
2020-04-01,national,STAT_DISCREPANCY,Статистическое расхождение,418141.8512448799,"level (discrete quarter, as published; quarterly national accounts vintage -- see metadata)"
2020-07-01,national,STAT_DISCREPANCY,Статистическое расхождение,1278332.526633218,"level (discrete quarter, as published; quarterly national accounts vintage -- see metadata)"
2020-10-01,national,STAT_DISCREPANCY,Статистическое расхождение,498667.7467162572,"level (discrete quarter, as published; quarterly national accounts vintage -- see metadata)"
2021-01-01,national,STAT_DISCREPANCY,Статистическое расхождение,13132.292058050632,"level (discrete quarter, as published; quarterly national accounts vintage -- see metadata)"
2021-04-01,national,STAT_DISCREPANCY,Статистическое расхождение,275787.01715309545,"level (discrete quarter, as published; quarterly national accounts vintage -- see metadata)"
2021-07-01,national,STAT_DISCREPANCY,Статистическое расхождение,538570.0853934214,"level (discrete quarter, as published; quarterly national accounts vintage -- see metadata)"
2021-10-01,national,STAT_DISCREPANCY,Статистическое расхождение,-366185.7449446954,"level (discrete quarter, as published; quarterly national accounts vintage -- see metadata)"
2022-01-01,national,STAT_DISCREPANCY,Статистическое расхождение,50199.21947809309,"level (discrete quarter, as published; quarterly national accounts vintage -- see metadata)"
2022-04-01,national,STAT_DISCREPANCY,Статистическое расхождение,113534.41592824832,"level (discrete quarter, as published; quarterly national accounts vintage -- see metadata)"
2022-07-01,national,STAT_DISCREPANCY,Статистическое расхождение,285626.65106350183,"level (discrete quarter, as published; quarterly national accounts vintage -- see metadata)"
2022-10-01,national,STAT_DISCREPANCY,Статистическое расхождение,62794.66602296755,"level (discrete quarter, as published; quarterly national accounts vintage -- see metadata)"
2023-01-01,national,STAT_DISCREPANCY,Статистическое расхождение,543086.1464339346,"level (discrete quarter, as published; quarterly national accounts vintage -- see metadata)"
2023-04-01,national,STAT_DISCREPANCY,Статистическое расхождение,1068452.2546788268,"level (discrete quarter, as published; quarterly national accounts vintage -- see metadata)"
2023-07-01,national,STAT_DISCREPANCY,Статистическое расхождение,1170597.6416900903,"level (discrete quarter, as published; quarterly national accounts vintage -- see metadata)"
2023-10-01,national,STAT_DISCREPANCY,Статистическое расхождение,-447631.3331180215,"level (discrete quarter, as published; quarterly national accounts vintage -- see metadata)"
2024-01-01,national,STAT_DISCREPANCY,Статистическое расхождение,-17947.9067700319,"level (discrete quarter, as published; quarterly national accounts vintage -- see metadata)"
2024-04-01,national,STAT_DISCREPANCY,Статистическое расхождение,1031098.610945683,"level (discrete quarter, as published; quarterly national accounts vintage -- see metadata)"
2024-07-01,national,STAT_DISCREPANCY,Статистическое расхождение,2415433.7290371507,"level (discrete quarter, as published; quarterly national accounts vintage -- see metadata)"
2024-10-01,national,STAT_DISCREPANCY,Статистическое расхождение,106900.22422246635,"level (discrete quarter, as published; quarterly national accounts vintage -- see metadata)"
2025-01-01,national,STAT_DISCREPANCY,Статистическое расхождение,-694.826031640172,"level (discrete quarter, as published; quarterly national accounts vintage -- see metadata)"
2025-04-01,national,STAT_DISCREPANCY,Статистическое расхождение,16692.678386703134,"level (discrete quarter, as published; quarterly national accounts vintage -- see metadata)"
2025-07-01,national,STAT_DISCREPANCY,Статистическое расхождение,1307659.1931589395,"level (discrete quarter, as published; quarterly national accounts vintage -- see metadata)"
2025-10-01,national,STAT_DISCREPANCY,Статистическое расхождение,2930641.044013843,"level (discrete quarter, as published; quarterly national accounts vintage -- see metadata)"
2026-01-01,national,STAT_DISCREPANCY,Статистическое расхождение,-1594593.1803626567,"level (discrete quarter, as published; quarterly national accounts vintage -- see metadata)"
2010-01-01,national,VALUABLES,приобретение минус выбытие ценностей,299.2139692247754,"level (discrete quarter, as published; quarterly national accounts vintage -- see metadata)"
2010-04-01,national,VALUABLES,приобретение минус выбытие ценностей,329.58200690722975,"level (discrete quarter, as published; quarterly national accounts vintage -- see metadata)"
2010-07-01,national,VALUABLES,приобретение минус выбытие ценностей,352.45561792696947,"level (discrete quarter, as published; quarterly national accounts vintage -- see metadata)"
2010-10-01,national,VALUABLES,приобретение минус выбытие ценностей,588.6484059410255,"level (discrete quarter, as published; quarterly national accounts vintage -- see metadata)"
2011-01-01,national,VALUABLES,приобретение минус выбытие ценностей,679.7055662448836,"level (discrete quarter, as published; quarterly national accounts vintage -- see metadata)"
2011-04-01,national,VALUABLES,приобретение минус выбытие ценностей,743.0897614607787,"level (discrete quarter, as published; quarterly national accounts vintage -- see metadata)"
2011-07-01,national,VALUABLES,приобретение минус выбытие ценностей,737.7682640537337,"level (discrete quarter, as published; quarterly national accounts vintage -- see metadata)"
2011-10-01,national,VALUABLES,приобретение минус выбытие ценностей,702.8364082406042,"level (discrete quarter, as published; quarterly national accounts vintage -- see metadata)"
2012-01-01,national,VALUABLES,приобретение минус выбытие ценностей,722.6253169645482,"level (discrete quarter, as published; quarterly national accounts vintage -- see metadata)"
2012-04-01,national,VALUABLES,приобретение минус выбытие ценностей,657.1990967446723,"level (discrete quarter, as published; quarterly national accounts vintage -- see metadata)"
2012-07-01,national,VALUABLES,приобретение минус выбытие ценностей,536.4464411097291,"level (discrete quarter, as published; quarterly national accounts vintage -- see metadata)"
2012-10-01,national,VALUABLES,приобретение минус выбытие ценностей,529.4291451810507,"level (discrete quarter, as published; quarterly national accounts vintage -- see metadata)"
2013-01-01,national,VALUABLES,приобретение минус выбытие ценностей,626.7188176903528,"level (discrete quarter, as published; quarterly national accounts vintage -- see metadata)"
2013-04-01,national,VALUABLES,приобретение минус выбытие ценностей,778.3142802820203,"level (discrete quarter, as published; quarterly national accounts vintage -- see metadata)"
2013-07-01,national,VALUABLES,приобретение минус выбытие ценностей,623.4302663852931,"level (discrete quarter, as published; quarterly national accounts vintage -- see metadata)"
2013-10-01,national,VALUABLES,приобретение минус выбытие ценностей,655.6366356423338,"level (discrete quarter, as published; quarterly national accounts vintage -- see metadata)"
2014-01-01,national,VALUABLES,приобретение минус выбытие ценностей,685.5123670992117,"level (discrete quarter, as published; quarterly national accounts vintage -- see metadata)"
2014-04-01,national,VALUABLES,приобретение минус выбытие ценностей,722.2845319599504,"level (discrete quarter, as published; quarterly national accounts vintage -- see metadata)"
2014-07-01,national,VALUABLES,приобретение минус выбытие ценностей,607.93263534473,"level (discrete quarter, as published; quarterly national accounts vintage -- see metadata)"
2014-10-01,national,VALUABLES,приобретение минус выбытие ценностей,653.1704655961078,"level (discrete quarter, as published; quarterly national accounts vintage -- see metadata)"
2015-01-01,national,VALUABLES,приобретение минус выбытие ценностей,586.2620229098515,"level (discrete quarter, as published; quarterly national accounts vintage -- see metadata)"
2015-04-01,national,VALUABLES,приобретение минус выбытие ценностей,526.0374463218145,"level (discrete quarter, as published; quarterly national accounts vintage -- see metadata)"
2015-07-01,national,VALUABLES,приобретение минус выбытие ценностей,634.063570690414,"level (discrete quarter, as published; quarterly national accounts vintage -- see metadata)"
2015-10-01,national,VALUABLES,приобретение минус выбытие ценностей,633.7369600779198,"level (discrete quarter, as published; quarterly national accounts vintage -- see metadata)"
2016-01-01,national,VALUABLES,приобретение минус выбытие ценностей,651.5990460228188,"level (discrete quarter, as published; quarterly national accounts vintage -- see metadata)"
2016-04-01,national,VALUABLES,приобретение минус выбытие ценностей,635.3708803389172,"level (discrete quarter, as published; quarterly national accounts vintage -- see metadata)"
2016-07-01,national,VALUABLES,приобретение минус выбытие ценностей,677.4183206749777,"level (discrete quarter, as published; quarterly national accounts vintage -- see metadata)"
2016-10-01,national,VALUABLES,приобретение минус выбытие ценностей,647.7117529632862,"level (discrete quarter, as published; quarterly national accounts vintage -- see metadata)"
2017-01-01,national,VALUABLES,приобретение минус выбытие ценностей,600.6717030382273,"level (discrete quarter, as published; quarterly national accounts vintage -- see metadata)"
2017-04-01,national,VALUABLES,приобретение минус выбытие ценностей,598.7116641763542,"level (discrete quarter, as published; quarterly national accounts vintage -- see metadata)"
2017-07-01,national,VALUABLES,приобретение минус выбытие ценностей,629.0391017261941,"level (discrete quarter, as published; quarterly national accounts vintage -- see metadata)"
2017-10-01,national,VALUABLES,приобретение минус выбытие ценностей,850.3775310592247,"level (discrete quarter, as published; quarterly national accounts vintage -- see metadata)"
2018-01-01,national,VALUABLES,приобретение минус выбытие ценностей,811.6960480825,"level (discrete quarter, as published; quarterly national accounts vintage -- see metadata)"
2018-04-01,national,VALUABLES,приобретение минус выбытие ценностей,976.5748924334243,"level (discrete quarter, as published; quarterly national accounts vintage -- see metadata)"
2018-07-01,national,VALUABLES,приобретение минус выбытие ценностей,1163.7428600783526,"level (discrete quarter, as published; quarterly national accounts vintage -- see metadata)"
2018-10-01,national,VALUABLES,приобретение минус выбытие ценностей,1569.6861994057222,"level (discrete quarter, as published; quarterly national accounts vintage -- see metadata)"
2019-01-01,national,VALUABLES,приобретение минус выбытие ценностей,1544.9656615745657,"level (discrete quarter, as published; quarterly national accounts vintage -- see metadata)"
2019-04-01,national,VALUABLES,приобретение минус выбытие ценностей,2060.2305189685894,"level (discrete quarter, as published; quarterly national accounts vintage -- see metadata)"
2019-07-01,national,VALUABLES,приобретение минус выбытие ценностей,2549.7733129643907,"level (discrete quarter, as published; quarterly national accounts vintage -- see metadata)"
2019-10-01,national,VALUABLES,приобретение минус выбытие ценностей,4272.330506492453,"level (discrete quarter, as published; quarterly national accounts vintage -- see metadata)"
2020-01-01,national,VALUABLES,приобретение минус выбытие ценностей,4776.966483488071,"level (discrete quarter, as published; quarterly national accounts vintage -- see metadata)"
2020-04-01,national,VALUABLES,приобретение минус выбытие ценностей,5494.473277988505,"level (discrete quarter, as published; quarterly national accounts vintage -- see metadata)"
2020-07-01,national,VALUABLES,приобретение минус выбытие ценностей,6187.237786764545,"level (discrete quarter, as published; quarterly national accounts vintage -- see metadata)"
2020-10-01,national,VALUABLES,приобретение минус выбытие ценностей,8632.922451758877,"level (discrete quarter, as published; quarterly national accounts vintage -- see metadata)"
2021-01-01,national,VALUABLES,приобретение минус выбытие ценностей,8134.80799607635,"level (discrete quarter, as published; quarterly national accounts vintage -- see metadata)"
2021-04-01,national,VALUABLES,приобретение минус выбытие ценностей,8288.22998912068,"level (discrete quarter, as published; quarterly national accounts vintage -- see metadata)"
2021-07-01,national,VALUABLES,приобретение минус выбытие ценностей,7571.861185832283,"level (discrete quarter, as published; quarterly national accounts vintage -- see metadata)"
2021-10-01,national,VALUABLES,приобретение минус выбытие ценностей,8671.00082897069,"level (discrete quarter, as published; quarterly national accounts vintage -- see metadata)"
2022-01-01,national,VALUABLES,приобретение минус выбытие ценностей,7957.204502415842,"level (discrete quarter, as published; quarterly national accounts vintage -- see metadata)"
2022-04-01,national,VALUABLES,приобретение минус выбытие ценностей,8219.296312317474,"level (discrete quarter, as published; quarterly national accounts vintage -- see metadata)"
2022-07-01,national,VALUABLES,приобретение минус выбытие ценностей,6668.036644833761,"level (discrete quarter, as published; quarterly national accounts vintage -- see metadata)"
2022-10-01,national,VALUABLES,приобретение минус выбытие ценностей,7153.162540432924,"level (discrete quarter, as published; quarterly national accounts vintage -- see metadata)"
2023-01-01,national,VALUABLES,приобретение минус выбытие ценностей,7365.599864067449,"level (discrete quarter, as published; quarterly national accounts vintage -- see metadata)"
2023-04-01,national,VALUABLES,приобретение минус выбытие ценностей,8604.257282271392,"level (discrete quarter, as published; quarterly national accounts vintage -- see metadata)"
2023-07-01,national,VALUABLES,приобретение минус выбытие ценностей,11217.916076345035,"level (discrete quarter, as published; quarterly national accounts vintage -- see metadata)"
2023-10-01,national,VALUABLES,приобретение минус выбытие ценностей,14511.32677731613,"level (discrete quarter, as published; quarterly national accounts vintage -- see metadata)"
2024-01-01,national,VALUABLES,приобретение минус выбытие ценностей,14869.509218430298,"level (discrete quarter, as published; quarterly national accounts vintage -- see metadata)"
2024-04-01,national,VALUABLES,приобретение минус выбытие ценностей,17649.20242450968,"level (discrete quarter, as published; quarterly national accounts vintage -- see metadata)"
2024-07-01,national,VALUABLES,приобретение минус выбытие ценностей,20783.06209504383,"level (discrete quarter, as published; quarterly national accounts vintage -- see metadata)"
2024-10-01,national,VALUABLES,приобретение минус выбытие ценностей,16611.72626201619,"level (discrete quarter, as published; quarterly national accounts vintage -- see metadata)"
2025-01-01,national,VALUABLES,приобретение минус выбытие ценностей,21665.525819790582,"level (discrete quarter, as published; quarterly national accounts vintage -- see metadata)"
2025-04-01,national,VALUABLES,приобретение минус выбытие ценностей,21209.396993134927,"level (discrete quarter, as published; quarterly national accounts vintage -- see metadata)"
2025-07-01,national,VALUABLES,приобретение минус выбытие ценностей,22807.918624071528,"level (discrete quarter, as published; quarterly national accounts vintage -- see metadata)"
2025-10-01,national,VALUABLES,приобретение минус выбытие ценностей,27546.04955703583,"level (discrete quarter, as published; quarterly national accounts vintage -- see metadata)"
2026-01-01,national,VALUABLES,приобретение минус выбытие ценностей,22024.502706635445,"level (discrete quarter, as published; quarterly national accounts vintage -- see metadata)"
