date,region,item_code,item_name,value,transformation
2022-10-01,national,CP01,Продукты питания и безалкогольные напитки,125.0,level
2022-11-01,national,CP01,Продукты питания и безалкогольные напитки,126.1,level
2022-12-01,national,CP01,Продукты питания и безалкогольные напитки,127.3,level
2023-01-01,national,CP01,Продукты питания и безалкогольные напитки,127.8,level
2023-02-01,national,CP01,Продукты питания и безалкогольные напитки,128.2,level
2023-03-01,national,CP01,Продукты питания и безалкогольные напитки,122.4,level
2023-04-01,national,CP01,Продукты питания и безалкогольные напитки,119.6,level
2023-05-01,national,CP01,Продукты питания и безалкогольные напитки,117.8,level
2023-06-01,national,CP01,Продукты питания и безалкогольные напитки,115.6,level
2023-07-01,national,CP01,Продукты питания и безалкогольные напитки,114.2,level
2023-08-01,national,CP01,Продукты питания и безалкогольные напитки,112.9,level
2023-09-01,national,CP01,Продукты питания и безалкогольные напитки,111.5,level
2023-10-01,national,CP01,Продукты питания и безалкогольные напитки,110.3,level
2023-11-01,national,CP01,Продукты питания и безалкогольные напитки,108.9,level
2023-12-01,national,CP01,Продукты питания и безалкогольные напитки,108.1,level
2024-01-01,national,CP01,Продукты питания и безалкогольные напитки,107.7,level
2024-02-01,national,CP01,Продукты питания и безалкогольные напитки,106.9,level
2024-03-01,national,CP01,Продукты питания и безалкогольные напитки,106.3,level
2024-04-01,national,CP01,Продукты питания и безалкогольные напитки,105.8,level
2024-05-01,national,CP01,Продукты питания и безалкогольные напитки,105.2,level
2024-06-01,national,CP01,Продукты питания и безалкогольные напитки,105.0,level
2024-07-01,national,CP01,Продукты питания и безалкогольные напитки,105.0,level
2024-08-01,national,CP01,Продукты питания и безалкогольные напитки,105.1,level
2024-09-01,national,CP01,Продукты питания и безалкогольные напитки,104.9,level
2024-10-01,national,CP01,Продукты питания и безалкогольные напитки,104.9,level
2024-11-01,national,CP01,Продукты питания и безалкогольные напитки,105.5,level
2024-12-01,national,CP01,Продукты питания и безалкогольные напитки,105.7,level
2025-01-01,national,CP01,Продукты питания и безалкогольные напитки,105.9,level
2025-02-01,national,CP01,Продукты питания и безалкогольные напитки,106.6,level
2025-03-01,national,CP01,Продукты питания и безалкогольные напитки,107.7,level
2025-04-01,national,CP01,Продукты питания и безалкогольные напитки,108.4,level
2025-05-01,national,CP01,Продукты питания и безалкогольные напитки,109.6,level
2025-06-01,national,CP01,Продукты питания и безалкогольные напитки,110.5,level
2025-07-01,national,CP01,Продукты питания и безалкогольные напитки,111.2,level
2025-08-01,national,CP01,Продукты питания и безалкогольные напитки,111.7,level
2025-09-01,national,CP01,Продукты питания и безалкогольные напитки,112.7,level
2025-10-01,national,CP01,Продукты питания и безалкогольные напитки,113.3,level
2025-11-01,national,CP01,Продукты питания и безалкогольные напитки,113.2,level
2025-12-01,national,CP01,Продукты питания и безалкогольные напитки,113.4,level
2026-01-01,national,CP01,Продукты питания и безалкогольные напитки,113.1,level
2026-02-01,national,CP01,Продукты питания и безалкогольные напитки,113.4,level
2026-03-01,national,CP01,Продукты питания и безалкогольные напитки,112.4,level
2026-04-01,national,CP01,Продукты питания и безалкогольные напитки,112.1,level
2026-05-01,national,CP01,Продукты питания и безалкогольные напитки,111.4,level
2026-06-01,national,CP01,Продукты питания и безалкогольные напитки,110.8,level
2026-07-01,national,CP01,Продукты питания и безалкогольные напитки,110.6,level
2026-08-01,national,CP01,Продукты питания и безалкогольные напитки,109.9,level
2022-10-01,national,CP02,Алкогольные напитки и табачные изделия,118.6,level
2022-11-01,national,CP02,Алкогольные напитки и табачные изделия,118.7,level
2022-12-01,national,CP02,Алкогольные напитки и табачные изделия,119.6,level
2023-01-01,national,CP02,Алкогольные напитки и табачные изделия,121.1,level
2023-02-01,national,CP02,Алкогольные напитки и табачные изделия,121.6,level
2023-03-01,national,CP02,Алкогольные напитки и табачные изделия,119.0,level
2023-04-01,national,CP02,Алкогольные напитки и табачные изделия,119.0,level
2023-05-01,national,CP02,Алкогольные напитки и табачные изделия,118.0,level
2023-06-01,national,CP02,Алкогольные напитки и табачные изделия,117.6,level
2023-07-01,national,CP02,Алкогольные напитки и табачные изделия,117.9,level
2023-08-01,national,CP02,Алкогольные напитки и табачные изделия,117.2,level
2023-09-01,national,CP02,Алкогольные напитки и табачные изделия,116.1,level
2023-10-01,national,CP02,Алкогольные напитки и табачные изделия,116.6,level
2023-11-01,national,CP02,Алкогольные напитки и табачные изделия,116.3,level
2023-12-01,national,CP02,Алкогольные напитки и табачные изделия,115.6,level
2024-01-01,national,CP02,Алкогольные напитки и табачные изделия,115.0,level
2024-02-01,national,CP02,Алкогольные напитки и табачные изделия,114.4,level
2024-03-01,national,CP02,Алкогольные напитки и табачные изделия,114.2,level
2024-04-01,national,CP02,Алкогольные напитки и табачные изделия,113.4,level
2024-05-01,national,CP02,Алкогольные напитки и табачные изделия,113.1,level
2024-06-01,national,CP02,Алкогольные напитки и табачные изделия,112.3,level
2024-07-01,national,CP02,Алкогольные напитки и табачные изделия,112.9,level
2024-08-01,national,CP02,Алкогольные напитки и табачные изделия,112.9,level
2024-09-01,national,CP02,Алкогольные напитки и табачные изделия,113.0,level
2024-10-01,national,CP02,Алкогольные напитки и табачные изделия,111.9,level
2024-11-01,national,CP02,Алкогольные напитки и табачные изделия,112.0,level
2024-12-01,national,CP02,Алкогольные напитки и табачные изделия,111.9,level
2025-01-01,national,CP02,Алкогольные напитки и табачные изделия,111.7,level
2025-02-01,national,CP02,Алкогольные напитки и табачные изделия,113.0,level
2025-03-01,national,CP02,Алкогольные напитки и табачные изделия,113.0,level
2025-04-01,national,CP02,Алкогольные напитки и табачные изделия,112.7,level
2025-05-01,national,CP02,Алкогольные напитки и табачные изделия,111.9,level
2025-06-01,national,CP02,Алкогольные напитки и табачные изделия,111.6,level
2025-07-01,national,CP02,Алкогольные напитки и табачные изделия,110.6,level
2025-08-01,national,CP02,Алкогольные напитки и табачные изделия,111.0,level
2025-09-01,national,CP02,Алкогольные напитки и табачные изделия,111.6,level
2025-10-01,national,CP02,Алкогольные напитки и табачные изделия,111.6,level
2025-11-01,national,CP02,Алкогольные напитки и табачные изделия,111.9,level
2025-12-01,national,CP02,Алкогольные напитки и табачные изделия,111.9,level
2026-01-01,national,CP02,Алкогольные напитки и табачные изделия,111.5,level
2026-02-01,national,CP02,Алкогольные напитки и табачные изделия,113.8,level
2026-03-01,national,CP02,Алкогольные напитки и табачные изделия,113.6,level
2026-04-01,national,CP02,Алкогольные напитки и табачные изделия,113.5,level
2026-05-01,national,CP02,Алкогольные напитки и табачные изделия,113.5,level
2026-06-01,national,CP02,Алкогольные напитки и табачные изделия,113.6,level
2026-07-01,national,CP02,Алкогольные напитки и табачные изделия,112.9,level
2026-08-01,national,CP02,Алкогольные напитки и табачные изделия,114.1,level
2022-10-01,ABY,FOOD,Продовольственные товары,123.7,level
2022-11-01,ABY,FOOD,Продовольственные товары,123.7,level
2022-12-01,ABY,FOOD,Продовольственные товары,124.7,level
2023-01-01,ABY,FOOD,Продовольственные товары,125.5,level
2023-02-01,ABY,FOOD,Продовольственные товары,125.8,level
2023-03-01,ABY,FOOD,Продовольственные товары,122.4,level
2023-04-01,ABY,FOOD,Продовольственные товары,120.7,level
2023-05-01,ABY,FOOD,Продовольственные товары,119.6,level
2023-06-01,ABY,FOOD,Продовольственные товары,118.1,level
2023-07-01,ABY,FOOD,Продовольственные товары,116.5,level
2023-08-01,ABY,FOOD,Продовольственные товары,114.7,level
2023-09-01,ABY,FOOD,Продовольственные товары,113.6,level
2023-10-01,ABY,FOOD,Продовольственные товары,112.2,level
2023-11-01,ABY,FOOD,Продовольственные товары,111.1,level
2023-12-01,ABY,FOOD,Продовольственные товары,110.0,level
2024-01-01,ABY,FOOD,Продовольственные товары,110.4,level
2024-02-01,ABY,FOOD,Продовольственные товары,109.6,level
2024-03-01,ABY,FOOD,Продовольственные товары,108.1,level
2024-04-01,ABY,FOOD,Продовольственные товары,106.5,level
2024-05-01,ABY,FOOD,Продовольственные товары,106.2,level
2024-06-01,ABY,FOOD,Продовольственные товары,105.7,level
2024-07-01,ABY,FOOD,Продовольственные товары,105.8,level
2024-08-01,ABY,FOOD,Продовольственные товары,106.4,level
2024-09-01,ABY,FOOD,Продовольственные товары,106.3,level
2024-10-01,ABY,FOOD,Продовольственные товары,106.6,level
2024-11-01,ABY,FOOD,Продовольственные товары,106.9,level
2024-12-01,ABY,FOOD,Продовольственные товары,107.8,level
2025-01-01,ABY,FOOD,Продовольственные товары,107.7,level
2025-02-01,ABY,FOOD,Продовольственные товары,108.1,level
2025-03-01,ABY,FOOD,Продовольственные товары,109.1,level
2025-04-01,ABY,FOOD,Продовольственные товары,109.5,level
2025-05-01,ABY,FOOD,Продовольственные товары,110.4,level
2025-06-01,ABY,FOOD,Продовольственные товары,111.1,level
2025-07-01,ABY,FOOD,Продовольственные товары,111.3,level
2025-08-01,ABY,FOOD,Продовольственные товары,110.6,level
2025-09-01,ABY,FOOD,Продовольственные товары,111.0,level
2025-10-01,ABY,FOOD,Продовольственные товары,111.4,level
2025-11-01,ABY,FOOD,Продовольственные товары,111.8,level
2025-12-01,ABY,FOOD,Продовольственные товары,111.3,level
2026-01-01,ABY,FOOD,Продовольственные товары,110.5,level
2026-02-01,ABY,FOOD,Продовольственные товары,111.4,level
2026-03-01,ABY,FOOD,Продовольственные товары,110.6,level
2026-04-01,ABY,FOOD,Продовольственные товары,110.3,level
2026-05-01,ABY,FOOD,Продовольственные товары,109.1,level
2026-06-01,ABY,FOOD,Продовольственные товары,108.8,level
2026-07-01,ABY,FOOD,Продовольственные товары,108.5,level
2026-08-01,ABY,FOOD,Продовольственные товары,108.6,level
2022-10-01,AKM,FOOD,Продовольственные товары,125.8,level
2022-11-01,AKM,FOOD,Продовольственные товары,126.2,level
2022-12-01,AKM,FOOD,Продовольственные товары,126.6,level
2023-01-01,AKM,FOOD,Продовольственные товары,126.9,level
2023-02-01,AKM,FOOD,Продовольственные товары,127.2,level
2023-03-01,AKM,FOOD,Продовольственные товары,122.2,level
2023-04-01,AKM,FOOD,Продовольственные товары,119.1,level
2023-05-01,AKM,FOOD,Продовольственные товары,118.5,level
2023-06-01,AKM,FOOD,Продовольственные товары,116.7,level
2023-07-01,AKM,FOOD,Продовольственные товары,114.6,level
2023-08-01,AKM,FOOD,Продовольственные товары,113.2,level
2023-09-01,AKM,FOOD,Продовольственные товары,111.9,level
2023-10-01,AKM,FOOD,Продовольственные товары,110.6,level
2023-11-01,AKM,FOOD,Продовольственные товары,109.1,level
2023-12-01,AKM,FOOD,Продовольственные товары,108.8,level
2024-01-01,AKM,FOOD,Продовольственные товары,108.0,level
2024-02-01,AKM,FOOD,Продовольственные товары,107.1,level
2024-03-01,AKM,FOOD,Продовольственные товары,106.4,level
2024-04-01,AKM,FOOD,Продовольственные товары,105.8,level
2024-05-01,AKM,FOOD,Продовольственные товары,104.8,level
2024-06-01,AKM,FOOD,Продовольственные товары,104.3,level
2024-07-01,AKM,FOOD,Продовольственные товары,104.7,level
2024-08-01,AKM,FOOD,Продовольственные товары,104.2,level
2024-09-01,AKM,FOOD,Продовольственные товары,104.2,level
2024-10-01,AKM,FOOD,Продовольственные товары,104.4,level
2024-11-01,AKM,FOOD,Продовольственные товары,105.7,level
2024-12-01,AKM,FOOD,Продовольственные товары,106.1,level
2025-01-01,AKM,FOOD,Продовольственные товары,106.5,level
2025-02-01,AKM,FOOD,Продовольственные товары,107.2,level
2025-03-01,AKM,FOOD,Продовольственные товары,109.4,level
2025-04-01,AKM,FOOD,Продовольственные товары,110.3,level
2025-05-01,AKM,FOOD,Продовольственные товары,110.9,level
2025-06-01,AKM,FOOD,Продовольственные товары,112.0,level
2025-07-01,AKM,FOOD,Продовольственные товары,113.0,level
2025-08-01,AKM,FOOD,Продовольственные товары,113.4,level
2025-09-01,AKM,FOOD,Продовольственные товары,115.0,level
2025-10-01,AKM,FOOD,Продовольственные товары,115.4,level
2025-11-01,AKM,FOOD,Продовольственные товары,114.9,level
2025-12-01,AKM,FOOD,Продовольственные товары,115.3,level
2026-01-01,AKM,FOOD,Продовольственные товары,115.2,level
2026-02-01,AKM,FOOD,Продовольственные товары,116.2,level
2026-03-01,AKM,FOOD,Продовольственные товары,115.1,level
2026-04-01,AKM,FOOD,Продовольственные товары,114.4,level
2026-05-01,AKM,FOOD,Продовольственные товары,114.0,level
2026-06-01,AKM,FOOD,Продовольственные товары,112.9,level
2026-07-01,AKM,FOOD,Продовольственные товары,112.5,level
2026-08-01,AKM,FOOD,Продовольственные товары,112.0,level
2022-10-01,AKT,FOOD,Продовольственные товары,125.9,level
2022-11-01,AKT,FOOD,Продовольственные товары,126.4,level
2022-12-01,AKT,FOOD,Продовольственные товары,126.7,level
2023-01-01,AKT,FOOD,Продовольственные товары,127.4,level
2023-02-01,AKT,FOOD,Продовольственные товары,127.2,level
2023-03-01,AKT,FOOD,Продовольственные товары,120.2,level
2023-04-01,AKT,FOOD,Продовольственные товары,119.4,level
2023-05-01,AKT,FOOD,Продовольственные товары,117.4,level
2023-06-01,AKT,FOOD,Продовольственные товары,114.4,level
2023-07-01,AKT,FOOD,Продовольственные товары,113.1,level
2023-08-01,AKT,FOOD,Продовольственные товары,110.9,level
2023-09-01,AKT,FOOD,Продовольственные товары,109.8,level
2023-10-01,AKT,FOOD,Продовольственные товары,108.8,level
2023-11-01,AKT,FOOD,Продовольственные товары,108.0,level
2023-12-01,AKT,FOOD,Продовольственные товары,107.1,level
2024-01-01,AKT,FOOD,Продовольственные товары,106.3,level
2024-02-01,AKT,FOOD,Продовольственные товары,106.2,level
2024-03-01,AKT,FOOD,Продовольственные товары,105.5,level
2024-04-01,AKT,FOOD,Продовольственные товары,104.1,level
2024-05-01,AKT,FOOD,Продовольственные товары,103.9,level
2024-06-01,AKT,FOOD,Продовольственные товары,104.2,level
2024-07-01,AKT,FOOD,Продовольственные товары,104.3,level
2024-08-01,AKT,FOOD,Продовольственные товары,105.3,level
2024-09-01,AKT,FOOD,Продовольственные товары,105.6,level
2024-10-01,AKT,FOOD,Продовольственные товары,105.6,level
2024-11-01,AKT,FOOD,Продовольственные товары,106.0,level
2024-12-01,AKT,FOOD,Продовольственные товары,105.9,level
2025-01-01,AKT,FOOD,Продовольственные товары,106.7,level
2025-02-01,AKT,FOOD,Продовольственные товары,107.6,level
2025-03-01,AKT,FOOD,Продовольственные товары,107.9,level
2025-04-01,AKT,FOOD,Продовольственные товары,109.6,level
2025-05-01,AKT,FOOD,Продовольственные товары,110.3,level
2025-06-01,AKT,FOOD,Продовольственные товары,110.7,level
2025-07-01,AKT,FOOD,Продовольственные товары,111.0,level
2025-08-01,AKT,FOOD,Продовольственные товары,111.6,level
2025-09-01,AKT,FOOD,Продовольственные товары,113.1,level
2025-10-01,AKT,FOOD,Продовольственные товары,113.7,level
2025-11-01,AKT,FOOD,Продовольственные товары,113.2,level
2025-12-01,AKT,FOOD,Продовольственные товары,113.1,level
2026-01-01,AKT,FOOD,Продовольственные товары,112.4,level
2026-02-01,AKT,FOOD,Продовольственные товары,112.3,level
2026-03-01,AKT,FOOD,Продовольственные товары,112.5,level
2026-04-01,AKT,FOOD,Продовольственные товары,111.4,level
2026-05-01,AKT,FOOD,Продовольственные товары,111.0,level
2026-06-01,AKT,FOOD,Продовольственные товары,112.3,level
2026-07-01,AKT,FOOD,Продовольственные товары,111.6,level
2026-08-01,AKT,FOOD,Продовольственные товары,111.1,level
2022-10-01,ALA,FOOD,Продовольственные товары,123.6,level
2022-11-01,ALA,FOOD,Продовольственные товары,124.8,level
2022-12-01,ALA,FOOD,Продовольственные товары,125.3,level
2023-01-01,ALA,FOOD,Продовольственные товары,125.4,level
2023-02-01,ALA,FOOD,Продовольственные товары,125.3,level
2023-03-01,ALA,FOOD,Продовольственные товары,119.7,level
2023-04-01,ALA,FOOD,Продовольственные товары,117.3,level
2023-05-01,ALA,FOOD,Продовольственные товары,114.8,level
2023-06-01,ALA,FOOD,Продовольственные товары,113.2,level
2023-07-01,ALA,FOOD,Продовольственные товары,112.2,level
2023-08-01,ALA,FOOD,Продовольственные товары,112.0,level
2023-09-01,ALA,FOOD,Продовольственные товары,111.8,level
2023-10-01,ALA,FOOD,Продовольственные товары,111.4,level
2023-11-01,ALA,FOOD,Продовольственные товары,110.1,level
2023-12-01,ALA,FOOD,Продовольственные товары,109.9,level
2024-01-01,ALA,FOOD,Продовольственные товары,110.2,level
2024-02-01,ALA,FOOD,Продовольственные товары,110.4,level
2024-03-01,ALA,FOOD,Продовольственные товары,110.3,level
2024-04-01,ALA,FOOD,Продовольственные товары,109.7,level
2024-05-01,ALA,FOOD,Продовольственные товары,109.9,level
2024-06-01,ALA,FOOD,Продовольственные товары,109.4,level
2024-07-01,ALA,FOOD,Продовольственные товары,109.8,level
2024-08-01,ALA,FOOD,Продовольственные товары,109.6,level
2024-09-01,ALA,FOOD,Продовольственные товары,109.3,level
2024-10-01,ALA,FOOD,Продовольственные товары,108.5,level
2024-11-01,ALA,FOOD,Продовольственные товары,108.6,level
2024-12-01,ALA,FOOD,Продовольственные товары,108.4,level
2025-01-01,ALA,FOOD,Продовольственные товары,107.8,level
2025-02-01,ALA,FOOD,Продовольственные товары,107.5,level
2025-03-01,ALA,FOOD,Продовольственные товары,107.9,level
2025-04-01,ALA,FOOD,Продовольственные товары,108.1,level
2025-05-01,ALA,FOOD,Продовольственные товары,108.9,level
2025-06-01,ALA,FOOD,Продовольственные товары,109.7,level
2025-07-01,ALA,FOOD,Продовольственные товары,109.5,level
2025-08-01,ALA,FOOD,Продовольственные товары,109.4,level
2025-09-01,ALA,FOOD,Продовольственные товары,110.1,level
2025-10-01,ALA,FOOD,Продовольственные товары,110.6,level
2025-11-01,ALA,FOOD,Продовольственные товары,111.3,level
2025-12-01,ALA,FOOD,Продовольственные товары,112.8,level
2026-01-01,ALA,FOOD,Продовольственные товары,112.6,level
2026-02-01,ALA,FOOD,Продовольственные товары,114.4,level
2026-03-01,ALA,FOOD,Продовольственные товары,113.7,level
2026-04-01,ALA,FOOD,Продовольственные товары,113.7,level
2026-05-01,ALA,FOOD,Продовольственные товары,113.0,level
2026-06-01,ALA,FOOD,Продовольственные товары,112.6,level
2026-07-01,ALA,FOOD,Продовольственные товары,112.2,level
2026-08-01,ALA,FOOD,Продовольственные товары,111.9,level
2022-10-01,ALM,FOOD,Продовольственные товары,123.0,level
2022-11-01,ALM,FOOD,Продовольственные товары,123.8,level
2022-12-01,ALM,FOOD,Продовольственные товары,124.2,level
2023-01-01,ALM,FOOD,Продовольственные товары,124.8,level
2023-02-01,ALM,FOOD,Продовольственные товары,125.9,level
2023-03-01,ALM,FOOD,Продовольственные товары,122.1,level
2023-04-01,ALM,FOOD,Продовольственные товары,119.1,level
2023-05-01,ALM,FOOD,Продовольственные товары,117.0,level
2023-06-01,ALM,FOOD,Продовольственные товары,114.6,level
2023-07-01,ALM,FOOD,Продовольственные товары,113.3,level
2023-08-01,ALM,FOOD,Продовольственные товары,111.9,level
2023-09-01,ALM,FOOD,Продовольственные товары,109.0,level
2023-10-01,ALM,FOOD,Продовольственные товары,108.8,level
2023-11-01,ALM,FOOD,Продовольственные товары,107.6,level
2023-12-01,ALM,FOOD,Продовольственные товары,107.9,level
2024-01-01,ALM,FOOD,Продовольственные товары,107.6,level
2024-02-01,ALM,FOOD,Продовольственные товары,105.8,level
2024-03-01,ALM,FOOD,Продовольственные товары,104.8,level
2024-04-01,ALM,FOOD,Продовольственные товары,104.9,level
2024-05-01,ALM,FOOD,Продовольственные товары,104.3,level
2024-06-01,ALM,FOOD,Продовольственные товары,104.5,level
2024-07-01,ALM,FOOD,Продовольственные товары,105.4,level
2024-08-01,ALM,FOOD,Продовольственные товары,105.5,level
2024-09-01,ALM,FOOD,Продовольственные товары,105.9,level
2024-10-01,ALM,FOOD,Продовольственные товары,106.5,level
2024-11-01,ALM,FOOD,Продовольственные товары,107.0,level
2024-12-01,ALM,FOOD,Продовольственные товары,107.0,level
2025-01-01,ALM,FOOD,Продовольственные товары,106.8,level
2025-02-01,ALM,FOOD,Продовольственные товары,108.6,level
2025-03-01,ALM,FOOD,Продовольственные товары,110.1,level
2025-04-01,ALM,FOOD,Продовольственные товары,111.0,level
2025-05-01,ALM,FOOD,Продовольственные товары,111.2,level
2025-06-01,ALM,FOOD,Продовольственные товары,111.1,level
2025-07-01,ALM,FOOD,Продовольственные товары,111.6,level
2025-08-01,ALM,FOOD,Продовольственные товары,111.9,level
2025-09-01,ALM,FOOD,Продовольственные товары,113.1,level
2025-10-01,ALM,FOOD,Продовольственные товары,113.4,level
2025-11-01,ALM,FOOD,Продовольственные товары,112.8,level
2025-12-01,ALM,FOOD,Продовольственные товары,111.7,level
2026-01-01,ALM,FOOD,Продовольственные товары,112.2,level
2026-02-01,ALM,FOOD,Продовольственные товары,112.5,level
2026-03-01,ALM,FOOD,Продовольственные товары,110.5,level
2026-04-01,ALM,FOOD,Продовольственные товары,110.0,level
2026-05-01,ALM,FOOD,Продовольственные товары,110.0,level
2026-06-01,ALM,FOOD,Продовольственные товары,109.3,level
2026-07-01,ALM,FOOD,Продовольственные товары,109.1,level
2026-08-01,ALM,FOOD,Продовольственные товары,109.0,level
2022-10-01,AST,FOOD,Продовольственные товары,124.0,level
2022-11-01,AST,FOOD,Продовольственные товары,125.2,level
2022-12-01,AST,FOOD,Продовольственные товары,125.9,level
2023-01-01,AST,FOOD,Продовольственные товары,127.8,level
2023-02-01,AST,FOOD,Продовольственные товары,127.5,level
2023-03-01,AST,FOOD,Продовольственные товары,122.7,level
2023-04-01,AST,FOOD,Продовольственные товары,119.6,level
2023-05-01,AST,FOOD,Продовольственные товары,118.6,level
2023-06-01,AST,FOOD,Продовольственные товары,117.4,level
2023-07-01,AST,FOOD,Продовольственные товары,117.2,level
2023-08-01,AST,FOOD,Продовольственные товары,116.4,level
2023-09-01,AST,FOOD,Продовольственные товары,113.6,level
2023-10-01,AST,FOOD,Продовольственные товары,111.3,level
2023-11-01,AST,FOOD,Продовольственные товары,109.6,level
2023-12-01,AST,FOOD,Продовольственные товары,109.2,level
2024-01-01,AST,FOOD,Продовольственные товары,108.2,level
2024-02-01,AST,FOOD,Продовольственные товары,107.0,level
2024-03-01,AST,FOOD,Продовольственные товары,106.4,level
2024-04-01,AST,FOOD,Продовольственные товары,105.8,level
2024-05-01,AST,FOOD,Продовольственные товары,105.9,level
2024-06-01,AST,FOOD,Продовольственные товары,106.1,level
2024-07-01,AST,FOOD,Продовольственные товары,105.8,level
2024-08-01,AST,FOOD,Продовольственные товары,105.6,level
2024-09-01,AST,FOOD,Продовольственные товары,105.1,level
2024-10-01,AST,FOOD,Продовольственные товары,105.6,level
2024-11-01,AST,FOOD,Продовольственные товары,106.3,level
2024-12-01,AST,FOOD,Продовольственные товары,106.5,level
2025-01-01,AST,FOOD,Продовольственные товары,106.5,level
2025-02-01,AST,FOOD,Продовольственные товары,108.8,level
2025-03-01,AST,FOOD,Продовольственные товары,110.5,level
2025-04-01,AST,FOOD,Продовольственные товары,110.9,level
2025-05-01,AST,FOOD,Продовольственные товары,110.6,level
2025-06-01,AST,FOOD,Продовольственные товары,111.1,level
2025-07-01,AST,FOOD,Продовольственные товары,111.7,level
2025-08-01,AST,FOOD,Продовольственные товары,112.7,level
2025-09-01,AST,FOOD,Продовольственные товары,114.0,level
2025-10-01,AST,FOOD,Продовольственные товары,115.0,level
2025-11-01,AST,FOOD,Продовольственные товары,114.4,level
2025-12-01,AST,FOOD,Продовольственные товары,114.5,level
2026-01-01,AST,FOOD,Продовольственные товары,114.4,level
2026-02-01,AST,FOOD,Продовольственные товары,113.9,level
2026-03-01,AST,FOOD,Продовольственные товары,112.5,level
2026-04-01,AST,FOOD,Продовольственные товары,112.2,level
2026-05-01,AST,FOOD,Продовольственные товары,112.3,level
2026-06-01,AST,FOOD,Продовольственные товары,111.3,level
2026-07-01,AST,FOOD,Продовольственные товары,110.9,level
2026-08-01,AST,FOOD,Продовольственные товары,110.3,level
2022-10-01,ATY,FOOD,Продовольственные товары,122.5,level
2022-11-01,ATY,FOOD,Продовольственные товары,123.6,level
2022-12-01,ATY,FOOD,Продовольственные товары,124.8,level
2023-01-01,ATY,FOOD,Продовольственные товары,125.0,level
2023-02-01,ATY,FOOD,Продовольственные товары,126.1,level
2023-03-01,ATY,FOOD,Продовольственные товары,121.9,level
2023-04-01,ATY,FOOD,Продовольственные товары,119.7,level
2023-05-01,ATY,FOOD,Продовольственные товары,118.1,level
2023-06-01,ATY,FOOD,Продовольственные товары,114.3,level
2023-07-01,ATY,FOOD,Продовольственные товары,112.2,level
2023-08-01,ATY,FOOD,Продовольственные товары,111.5,level
2023-09-01,ATY,FOOD,Продовольственные товары,111.5,level
2023-10-01,ATY,FOOD,Продовольственные товары,111.0,level
2023-11-01,ATY,FOOD,Продовольственные товары,110.1,level
2023-12-01,ATY,FOOD,Продовольственные товары,109.3,level
2024-01-01,ATY,FOOD,Продовольственные товары,109.3,level
2024-02-01,ATY,FOOD,Продовольственные товары,107.9,level
2024-03-01,ATY,FOOD,Продовольственные товары,107.2,level
2024-04-01,ATY,FOOD,Продовольственные товары,107.0,level
2024-05-01,ATY,FOOD,Продовольственные товары,105.7,level
2024-06-01,ATY,FOOD,Продовольственные товары,105.9,level
2024-07-01,ATY,FOOD,Продовольственные товары,106.6,level
2024-08-01,ATY,FOOD,Продовольственные товары,106.4,level
2024-09-01,ATY,FOOD,Продовольственные товары,105.7,level
2024-10-01,ATY,FOOD,Продовольственные товары,106.0,level
2024-11-01,ATY,FOOD,Продовольственные товары,106.6,level
2024-12-01,ATY,FOOD,Продовольственные товары,106.6,level
2025-01-01,ATY,FOOD,Продовольственные товары,106.9,level
2025-02-01,ATY,FOOD,Продовольственные товары,107.4,level
2025-03-01,ATY,FOOD,Продовольственные товары,108.1,level
2025-04-01,ATY,FOOD,Продовольственные товары,108.3,level
2025-05-01,ATY,FOOD,Продовольственные товары,109.6,level
2025-06-01,ATY,FOOD,Продовольственные товары,109.7,level
2025-07-01,ATY,FOOD,Продовольственные товары,110.1,level
2025-08-01,ATY,FOOD,Продовольственные товары,111.4,level
2025-09-01,ATY,FOOD,Продовольственные товары,111.9,level
2025-10-01,ATY,FOOD,Продовольственные товары,111.9,level
2025-11-01,ATY,FOOD,Продовольственные товары,111.3,level
2025-12-01,ATY,FOOD,Продовольственные товары,111.6,level
2026-01-01,ATY,FOOD,Продовольственные товары,111.2,level
2026-02-01,ATY,FOOD,Продовольственные товары,112.0,level
2026-03-01,ATY,FOOD,Продовольственные товары,111.4,level
2026-04-01,ATY,FOOD,Продовольственные товары,111.1,level
2026-05-01,ATY,FOOD,Продовольственные товары,110.1,level
2026-06-01,ATY,FOOD,Продовольственные товары,110.1,level
2026-07-01,ATY,FOOD,Продовольственные товары,109.9,level
2026-08-01,ATY,FOOD,Продовольственные товары,109.1,level
2022-10-01,KRG,FOOD,Продовольственные товары,124.3,level
2022-11-01,KRG,FOOD,Продовольственные товары,125.6,level
2022-12-01,KRG,FOOD,Продовольственные товары,126.8,level
2023-01-01,KRG,FOOD,Продовольственные товары,126.8,level
2023-02-01,KRG,FOOD,Продовольственные товары,127.5,level
2023-03-01,KRG,FOOD,Продовольственные товары,122.2,level
2023-04-01,KRG,FOOD,Продовольственные товары,119.3,level
2023-05-01,KRG,FOOD,Продовольственные товары,117.1,level
2023-06-01,KRG,FOOD,Продовольственные товары,115.2,level
2023-07-01,KRG,FOOD,Продовольственные товары,114.3,level
2023-08-01,KRG,FOOD,Продовольственные товары,113.1,level
2023-09-01,KRG,FOOD,Продовольственные товары,110.8,level
2023-10-01,KRG,FOOD,Продовольственные товары,109.4,level
2023-11-01,KRG,FOOD,Продовольственные товары,108.3,level
2023-12-01,KRG,FOOD,Продовольственные товары,107.1,level
2024-01-01,KRG,FOOD,Продовольственные товары,107.1,level
2024-02-01,KRG,FOOD,Продовольственные товары,105.7,level
2024-03-01,KRG,FOOD,Продовольственные товары,105.4,level
2024-04-01,KRG,FOOD,Продовольственные товары,105.0,level
2024-05-01,KRG,FOOD,Продовольственные товары,104.3,level
2024-06-01,KRG,FOOD,Продовольственные товары,104.3,level
2024-07-01,KRG,FOOD,Продовольственные товары,104.3,level
2024-08-01,KRG,FOOD,Продовольственные товары,104.4,level
2024-09-01,KRG,FOOD,Продовольственные товары,104.2,level
2024-10-01,KRG,FOOD,Продовольственные товары,104.3,level
2024-11-01,KRG,FOOD,Продовольственные товары,105.4,level
2024-12-01,KRG,FOOD,Продовольственные товары,106.4,level
2025-01-01,KRG,FOOD,Продовольственные товары,106.7,level
2025-02-01,KRG,FOOD,Продовольственные товары,108.4,level
2025-03-01,KRG,FOOD,Продовольственные товары,110.6,level
2025-04-01,KRG,FOOD,Продовольственные товары,111.2,level
2025-05-01,KRG,FOOD,Продовольственные товары,111.5,level
2025-06-01,KRG,FOOD,Продовольственные товары,112.9,level
2025-07-01,KRG,FOOD,Продовольственные товары,113.9,level
2025-08-01,KRG,FOOD,Продовольственные товары,114.8,level
2025-09-01,KRG,FOOD,Продовольственные товары,115.4,level
2025-10-01,KRG,FOOD,Продовольственные товары,115.4,level
2025-11-01,KRG,FOOD,Продовольственные товары,114.6,level
2025-12-01,KRG,FOOD,Продовольственные товары,114.1,level
2026-01-01,KRG,FOOD,Продовольственные товары,113.8,level
2026-02-01,KRG,FOOD,Продовольственные товары,112.5,level
2026-03-01,KRG,FOOD,Продовольственные товары,110.5,level
2026-04-01,KRG,FOOD,Продовольственные товары,110.1,level
2026-05-01,KRG,FOOD,Продовольственные товары,110.1,level
2026-06-01,KRG,FOOD,Продовольственные товары,109.6,level
2026-07-01,KRG,FOOD,Продовольственные товары,108.6,level
2026-08-01,KRG,FOOD,Продовольственные товары,107.9,level
2022-10-01,KST,FOOD,Продовольственные товары,123.7,level
2022-11-01,KST,FOOD,Продовольственные товары,124.2,level
2022-12-01,KST,FOOD,Продовольственные товары,125.9,level
2023-01-01,KST,FOOD,Продовольственные товары,126.8,level
2023-02-01,KST,FOOD,Продовольственные товары,127.4,level
2023-03-01,KST,FOOD,Продовольственные товары,121.4,level
2023-04-01,KST,FOOD,Продовольственные товары,120.1,level
2023-05-01,KST,FOOD,Продовольственные товары,119.3,level
2023-06-01,KST,FOOD,Продовольственные товары,117.1,level
2023-07-01,KST,FOOD,Продовольственные товары,115.6,level
2023-08-01,KST,FOOD,Продовольственные товары,113.9,level
2023-09-01,KST,FOOD,Продовольственные товары,112.7,level
2023-10-01,KST,FOOD,Продовольственные товары,112.6,level
2023-11-01,KST,FOOD,Продовольственные товары,111.3,level
2023-12-01,KST,FOOD,Продовольственные товары,109.6,level
2024-01-01,KST,FOOD,Продовольственные товары,108.5,level
2024-02-01,KST,FOOD,Продовольственные товары,107.7,level
2024-03-01,KST,FOOD,Продовольственные товары,107.0,level
2024-04-01,KST,FOOD,Продовольственные товары,106.1,level
2024-05-01,KST,FOOD,Продовольственные товары,105.1,level
2024-06-01,KST,FOOD,Продовольственные товары,104.4,level
2024-07-01,KST,FOOD,Продовольственные товары,104.3,level
2024-08-01,KST,FOOD,Продовольственные товары,104.7,level
2024-09-01,KST,FOOD,Продовольственные товары,104.5,level
2024-10-01,KST,FOOD,Продовольственные товары,103.6,level
2024-11-01,KST,FOOD,Продовольственные товары,104.1,level
2024-12-01,KST,FOOD,Продовольственные товары,104.6,level
2025-01-01,KST,FOOD,Продовольственные товары,105.2,level
2025-02-01,KST,FOOD,Продовольственные товары,105.3,level
2025-03-01,KST,FOOD,Продовольственные товары,106.3,level
2025-04-01,KST,FOOD,Продовольственные товары,107.7,level
2025-05-01,KST,FOOD,Продовольственные товары,108.7,level
2025-06-01,KST,FOOD,Продовольственные товары,109.6,level
2025-07-01,KST,FOOD,Продовольственные товары,110.0,level
2025-08-01,KST,FOOD,Продовольственные товары,110.6,level
2025-09-01,KST,FOOD,Продовольственные товары,111.8,level
2025-10-01,KST,FOOD,Продовольственные товары,112.7,level
2025-11-01,KST,FOOD,Продовольственные товары,113.2,level
2025-12-01,KST,FOOD,Продовольственные товары,112.9,level
2026-01-01,KST,FOOD,Продовольственные товары,112.6,level
2026-02-01,KST,FOOD,Продовольственные товары,114.0,level
2026-03-01,KST,FOOD,Продовольственные товары,113.5,level
2026-04-01,KST,FOOD,Продовольственные товары,112.4,level
2026-05-01,KST,FOOD,Продовольственные товары,111.7,level
2026-06-01,KST,FOOD,Продовольственные товары,111.4,level
2026-07-01,KST,FOOD,Продовольственные товары,111.1,level
2026-08-01,KST,FOOD,Продовольственные товары,110.7,level
2022-10-01,KZL,FOOD,Продовольственные товары,124.4,level
2022-11-01,KZL,FOOD,Продовольственные товары,125.2,level
2022-12-01,KZL,FOOD,Продовольственные товары,126.9,level
2023-01-01,KZL,FOOD,Продовольственные товары,128.6,level
2023-02-01,KZL,FOOD,Продовольственные товары,129.0,level
2023-03-01,KZL,FOOD,Продовольственные товары,125.0,level
2023-04-01,KZL,FOOD,Продовольственные товары,122.1,level
2023-05-01,KZL,FOOD,Продовольственные товары,119.9,level
2023-06-01,KZL,FOOD,Продовольственные товары,118.7,level
2023-07-01,KZL,FOOD,Продовольственные товары,117.6,level
2023-08-01,KZL,FOOD,Продовольственные товары,117.3,level
2023-09-01,KZL,FOOD,Продовольственные товары,115.5,level
2023-10-01,KZL,FOOD,Продовольственные товары,114.0,level
2023-11-01,KZL,FOOD,Продовольственные товары,112.6,level
2023-12-01,KZL,FOOD,Продовольственные товары,111.1,level
2024-01-01,KZL,FOOD,Продовольственные товары,109.5,level
2024-02-01,KZL,FOOD,Продовольственные товары,109.2,level
2024-03-01,KZL,FOOD,Продовольственные товары,109.1,level
2024-04-01,KZL,FOOD,Продовольственные товары,108.6,level
2024-05-01,KZL,FOOD,Продовольственные товары,108.0,level
2024-06-01,KZL,FOOD,Продовольственные товары,106.8,level
2024-07-01,KZL,FOOD,Продовольственные товары,107.1,level
2024-08-01,KZL,FOOD,Продовольственные товары,106.4,level
2024-09-01,KZL,FOOD,Продовольственные товары,106.2,level
2024-10-01,KZL,FOOD,Продовольственные товары,105.9,level
2024-11-01,KZL,FOOD,Продовольственные товары,105.5,level
2024-12-01,KZL,FOOD,Продовольственные товары,105.7,level
2025-01-01,KZL,FOOD,Продовольственные товары,106.5,level
2025-02-01,KZL,FOOD,Продовольственные товары,106.6,level
2025-03-01,KZL,FOOD,Продовольственные товары,106.8,level
2025-04-01,KZL,FOOD,Продовольственные товары,107.2,level
2025-05-01,KZL,FOOD,Продовольственные товары,108.4,level
2025-06-01,KZL,FOOD,Продовольственные товары,109.7,level
2025-07-01,KZL,FOOD,Продовольственные товары,109.7,level
2025-08-01,KZL,FOOD,Продовольственные товары,110.0,level
2025-09-01,KZL,FOOD,Продовольственные товары,110.5,level
2025-10-01,KZL,FOOD,Продовольственные товары,112.4,level
2025-11-01,KZL,FOOD,Продовольственные товары,113.2,level
2025-12-01,KZL,FOOD,Продовольственные товары,113.7,level
2026-01-01,KZL,FOOD,Продовольственные товары,113.2,level
2026-02-01,KZL,FOOD,Продовольственные товары,113.8,level
2026-03-01,KZL,FOOD,Продовольственные товары,113.5,level
2026-04-01,KZL,FOOD,Продовольственные товары,113.3,level
2026-05-01,KZL,FOOD,Продовольственные товары,112.2,level
2026-06-01,KZL,FOOD,Продовольственные товары,110.6,level
2026-07-01,KZL,FOOD,Продовольственные товары,111.8,level
2026-08-01,KZL,FOOD,Продовольственные товары,111.8,level
2022-10-01,MNG,FOOD,Продовольственные товары,130.9,level
2022-11-01,MNG,FOOD,Продовольственные товары,131.4,level
2022-12-01,MNG,FOOD,Продовольственные товары,131.7,level
2023-01-01,MNG,FOOD,Продовольственные товары,131.6,level
2023-02-01,MNG,FOOD,Продовольственные товары,131.8,level
2023-03-01,MNG,FOOD,Продовольственные товары,127.0,level
2023-04-01,MNG,FOOD,Продовольственные товары,123.3,level
2023-05-01,MNG,FOOD,Продовольственные товары,121.8,level
2023-06-01,MNG,FOOD,Продовольственные товары,118.7,level
2023-07-01,MNG,FOOD,Продовольственные товары,117.5,level
2023-08-01,MNG,FOOD,Продовольственные товары,115.1,level
2023-09-01,MNG,FOOD,Продовольственные товары,111.8,level
2023-10-01,MNG,FOOD,Продовольственные товары,110.9,level
2023-11-01,MNG,FOOD,Продовольственные товары,110.9,level
2023-12-01,MNG,FOOD,Продовольственные товары,111.3,level
2024-01-01,MNG,FOOD,Продовольственные товары,111.1,level
2024-02-01,MNG,FOOD,Продовольственные товары,110.4,level
2024-03-01,MNG,FOOD,Продовольственные товары,110.3,level
2024-04-01,MNG,FOOD,Продовольственные товары,110.2,level
2024-05-01,MNG,FOOD,Продовольственные товары,109.3,level
2024-06-01,MNG,FOOD,Продовольственные товары,108.9,level
2024-07-01,MNG,FOOD,Продовольственные товары,109.0,level
2024-08-01,MNG,FOOD,Продовольственные товары,108.9,level
2024-09-01,MNG,FOOD,Продовольственные товары,108.9,level
2024-10-01,MNG,FOOD,Продовольственные товары,108.2,level
2024-11-01,MNG,FOOD,Продовольственные товары,107.7,level
2024-12-01,MNG,FOOD,Продовольственные товары,107.1,level
2025-01-01,MNG,FOOD,Продовольственные товары,107.3,level
2025-02-01,MNG,FOOD,Продовольственные товары,108.3,level
2025-03-01,MNG,FOOD,Продовольственные товары,108.3,level
2025-04-01,MNG,FOOD,Продовольственные товары,108.1,level
2025-05-01,MNG,FOOD,Продовольственные товары,108.9,level
2025-06-01,MNG,FOOD,Продовольственные товары,108.9,level
2025-07-01,MNG,FOOD,Продовольственные товары,109.6,level
2025-08-01,MNG,FOOD,Продовольственные товары,110.6,level
2025-09-01,MNG,FOOD,Продовольственные товары,111.3,level
2025-10-01,MNG,FOOD,Продовольственные товары,112.5,level
2025-11-01,MNG,FOOD,Продовольственные товары,112.8,level
2025-12-01,MNG,FOOD,Продовольственные товары,113.3,level
2026-01-01,MNG,FOOD,Продовольственные товары,113.6,level
2026-02-01,MNG,FOOD,Продовольственные товары,114.2,level
2026-03-01,MNG,FOOD,Продовольственные товары,114.1,level
2026-04-01,MNG,FOOD,Продовольственные товары,114.0,level
2026-05-01,MNG,FOOD,Продовольственные товары,113.1,level
2026-06-01,MNG,FOOD,Продовольственные товары,112.4,level
2026-07-01,MNG,FOOD,Продовольственные товары,112.6,level
2026-08-01,MNG,FOOD,Продовольственные товары,111.0,level
2022-10-01,PVL,FOOD,Продовольственные товары,123.1,level
2022-11-01,PVL,FOOD,Продовольственные товары,123.9,level
2022-12-01,PVL,FOOD,Продовольственные товары,126.1,level
2023-01-01,PVL,FOOD,Продовольственные товары,126.6,level
2023-02-01,PVL,FOOD,Продовольственные товары,127.2,level
2023-03-01,PVL,FOOD,Продовольственные товары,122.0,level
2023-04-01,PVL,FOOD,Продовольственные товары,120.1,level
2023-05-01,PVL,FOOD,Продовольственные товары,117.6,level
2023-06-01,PVL,FOOD,Продовольственные товары,116.6,level
2023-07-01,PVL,FOOD,Продовольственные товары,113.7,level
2023-08-01,PVL,FOOD,Продовольственные товары,112.1,level
2023-09-01,PVL,FOOD,Продовольственные товары,111.0,level
2023-10-01,PVL,FOOD,Продовольственные товары,110.3,level
2023-11-01,PVL,FOOD,Продовольственные товары,109.0,level
2023-12-01,PVL,FOOD,Продовольственные товары,107.0,level
2024-01-01,PVL,FOOD,Продовольственные товары,106.6,level
2024-02-01,PVL,FOOD,Продовольственные товары,106.2,level
2024-03-01,PVL,FOOD,Продовольственные товары,106.0,level
2024-04-01,PVL,FOOD,Продовольственные товары,105.0,level
2024-05-01,PVL,FOOD,Продовольственные товары,104.8,level
2024-06-01,PVL,FOOD,Продовольственные товары,104.2,level
2024-07-01,PVL,FOOD,Продовольственные товары,105.3,level
2024-08-01,PVL,FOOD,Продовольственные товары,105.3,level
2024-09-01,PVL,FOOD,Продовольственные товары,104.7,level
2024-10-01,PVL,FOOD,Продовольственные товары,104.1,level
2024-11-01,PVL,FOOD,Продовольственные товары,105.0,level
2024-12-01,PVL,FOOD,Продовольственные товары,104.9,level
2025-01-01,PVL,FOOD,Продовольственные товары,105.9,level
2025-02-01,PVL,FOOD,Продовольственные товары,106.2,level
2025-03-01,PVL,FOOD,Продовольственные товары,107.3,level
2025-04-01,PVL,FOOD,Продовольственные товары,108.2,level
2025-05-01,PVL,FOOD,Продовольственные товары,110.1,level
2025-06-01,PVL,FOOD,Продовольственные товары,110.9,level
2025-07-01,PVL,FOOD,Продовольственные товары,110.4,level
2025-08-01,PVL,FOOD,Продовольственные товары,112.4,level
2025-09-01,PVL,FOOD,Продовольственные товары,114.9,level
2025-10-01,PVL,FOOD,Продовольственные товары,115.9,level
2025-11-01,PVL,FOOD,Продовольственные товары,116.9,level
2025-12-01,PVL,FOOD,Продовольственные товары,117.7,level
2026-01-01,PVL,FOOD,Продовольственные товары,116.9,level
2026-02-01,PVL,FOOD,Продовольственные товары,117.2,level
2026-03-01,PVL,FOOD,Продовольственные товары,115.7,level
2026-04-01,PVL,FOOD,Продовольственные товары,115.4,level
2026-05-01,PVL,FOOD,Продовольственные товары,114.4,level
2026-06-01,PVL,FOOD,Продовольственные товары,114.1,level
2026-07-01,PVL,FOOD,Продовольственные товары,113.9,level
2026-08-01,PVL,FOOD,Продовольственные товары,112.1,level
2022-10-01,SHM,FOOD,Продовольственные товары,125.4,level
2022-11-01,SHM,FOOD,Продовольственные товары,126.9,level
2022-12-01,SHM,FOOD,Продовольственные товары,127.3,level
2023-01-01,SHM,FOOD,Продовольственные товары,128.3,level
2023-02-01,SHM,FOOD,Продовольственные товары,129.6,level
2023-03-01,SHM,FOOD,Продовольственные товары,122.0,level
2023-04-01,SHM,FOOD,Продовольственные товары,119.4,level
2023-05-01,SHM,FOOD,Продовольственные товары,116.6,level
2023-06-01,SHM,FOOD,Продовольственные товары,114.6,level
2023-07-01,SHM,FOOD,Продовольственные товары,113.0,level
2023-08-01,SHM,FOOD,Продовольственные товары,111.1,level
2023-09-01,SHM,FOOD,Продовольственные товары,110.6,level
2023-10-01,SHM,FOOD,Продовольственные товары,109.2,level
2023-11-01,SHM,FOOD,Продовольственные товары,108.1,level
2023-12-01,SHM,FOOD,Продовольственные товары,108.1,level
2024-01-01,SHM,FOOD,Продовольственные товары,106.9,level
2024-02-01,SHM,FOOD,Продовольственные товары,106.1,level
2024-03-01,SHM,FOOD,Продовольственные товары,105.7,level
2024-04-01,SHM,FOOD,Продовольственные товары,105.5,level
2024-05-01,SHM,FOOD,Продовольственные товары,105.0,level
2024-06-01,SHM,FOOD,Продовольственные товары,105.0,level
2024-07-01,SHM,FOOD,Продовольственные товары,105.4,level
2024-08-01,SHM,FOOD,Продовольственные товары,105.6,level
2024-09-01,SHM,FOOD,Продовольственные товары,105.4,level
2024-10-01,SHM,FOOD,Продовольственные товары,104.1,level
2024-11-01,SHM,FOOD,Продовольственные товары,105.0,level
2024-12-01,SHM,FOOD,Продовольственные товары,104.7,level
2025-01-01,SHM,FOOD,Продовольственные товары,105.3,level
2025-02-01,SHM,FOOD,Продовольственные товары,106.7,level
2025-03-01,SHM,FOOD,Продовольственные товары,107.2,level
2025-04-01,SHM,FOOD,Продовольственные товары,108.3,level
2025-05-01,SHM,FOOD,Продовольственные товары,110.3,level
2025-06-01,SHM,FOOD,Продовольственные товары,110.6,level
2025-07-01,SHM,FOOD,Продовольственные товары,111.4,level
2025-08-01,SHM,FOOD,Продовольственные товары,111.7,level
2025-09-01,SHM,FOOD,Продовольственные товары,111.5,level
2025-10-01,SHM,FOOD,Продовольственные товары,111.7,level
2025-11-01,SHM,FOOD,Продовольственные товары,110.8,level
2025-12-01,SHM,FOOD,Продовольственные товары,111.3,level
2026-01-01,SHM,FOOD,Продовольственные товары,110.9,level
2026-02-01,SHM,FOOD,Продовольственные товары,110.7,level
2026-03-01,SHM,FOOD,Продовольственные товары,110.0,level
2026-04-01,SHM,FOOD,Продовольственные товары,110.0,level
2026-05-01,SHM,FOOD,Продовольственные товары,108.5,level
2026-06-01,SHM,FOOD,Продовольственные товары,109.0,level
2026-07-01,SHM,FOOD,Продовольственные товары,108.7,level
2026-08-01,SHM,FOOD,Продовольственные товары,109.0,level
2022-10-01,SKO,FOOD,Продовольственные товары,123.6,level
2022-11-01,SKO,FOOD,Продовольственные товары,124.4,level
2022-12-01,SKO,FOOD,Продовольственные товары,125.8,level
2023-01-01,SKO,FOOD,Продовольственные товары,126.5,level
2023-02-01,SKO,FOOD,Продовольственные товары,127.1,level
2023-03-01,SKO,FOOD,Продовольственные товары,121.4,level
2023-04-01,SKO,FOOD,Продовольственные товары,119.3,level
2023-05-01,SKO,FOOD,Продовольственные товары,118.3,level
2023-06-01,SKO,FOOD,Продовольственные товары,116.3,level
2023-07-01,SKO,FOOD,Продовольственные товары,115.2,level
2023-08-01,SKO,FOOD,Продовольственные товары,112.8,level
2023-09-01,SKO,FOOD,Продовольственные товары,112.0,level
2023-10-01,SKO,FOOD,Продовольственные товары,110.8,level
2023-11-01,SKO,FOOD,Продовольственные товары,109.4,level
2023-12-01,SKO,FOOD,Продовольственные товары,108.5,level
2024-01-01,SKO,FOOD,Продовольственные товары,107.8,level
2024-02-01,SKO,FOOD,Продовольственные товары,106.9,level
2024-03-01,SKO,FOOD,Продовольственные товары,105.9,level
2024-04-01,SKO,FOOD,Продовольственные товары,105.5,level
2024-05-01,SKO,FOOD,Продовольственные товары,105.1,level
2024-06-01,SKO,FOOD,Продовольственные товары,104.7,level
2024-07-01,SKO,FOOD,Продовольственные товары,104.9,level
2024-08-01,SKO,FOOD,Продовольственные товары,105.5,level
2024-09-01,SKO,FOOD,Продовольственные товары,104.8,level
2024-10-01,SKO,FOOD,Продовольственные товары,104.7,level
2024-11-01,SKO,FOOD,Продовольственные товары,105.4,level
2024-12-01,SKO,FOOD,Продовольственные товары,105.1,level
2025-01-01,SKO,FOOD,Продовольственные товары,105.1,level
2025-02-01,SKO,FOOD,Продовольственные товары,106.2,level
2025-03-01,SKO,FOOD,Продовольственные товары,107.5,level
2025-04-01,SKO,FOOD,Продовольственные товары,109.1,level
2025-05-01,SKO,FOOD,Продовольственные товары,110.5,level
2025-06-01,SKO,FOOD,Продовольственные товары,112.1,level
2025-07-01,SKO,FOOD,Продовольственные товары,113.4,level
2025-08-01,SKO,FOOD,Продовольственные товары,114.0,level
2025-09-01,SKO,FOOD,Продовольственные товары,115.4,level
2025-10-01,SKO,FOOD,Продовольственные товары,115.8,level
2025-11-01,SKO,FOOD,Продовольственные товары,115.9,level
2025-12-01,SKO,FOOD,Продовольственные товары,116.3,level
2026-01-01,SKO,FOOD,Продовольственные товары,115.9,level
2026-02-01,SKO,FOOD,Продовольственные товары,116.5,level
2026-03-01,SKO,FOOD,Продовольственные товары,114.7,level
2026-04-01,SKO,FOOD,Продовольственные товары,113.8,level
2026-05-01,SKO,FOOD,Продовольственные товары,113.0,level
2026-06-01,SKO,FOOD,Продовольственные товары,112.3,level
2026-07-01,SKO,FOOD,Продовольственные товары,111.4,level
2026-08-01,SKO,FOOD,Продовольственные товары,110.5,level
2022-10-01,TRK,FOOD,Продовольственные товары,123.6,level
2022-11-01,TRK,FOOD,Продовольственные товары,126.2,level
2022-12-01,TRK,FOOD,Продовольственные товары,129.1,level
2023-01-01,TRK,FOOD,Продовольственные товары,129.2,level
2023-02-01,TRK,FOOD,Продовольственные товары,129.7,level
2023-03-01,TRK,FOOD,Продовольственные товары,122.0,level
2023-04-01,TRK,FOOD,Продовольственные товары,118.0,level
2023-05-01,TRK,FOOD,Продовольственные товары,117.1,level
2023-06-01,TRK,FOOD,Продовольственные товары,115.1,level
2023-07-01,TRK,FOOD,Продовольственные товары,114.8,level
2023-08-01,TRK,FOOD,Продовольственные товары,113.6,level
2023-09-01,TRK,FOOD,Продовольственные товары,112.5,level
2023-10-01,TRK,FOOD,Продовольственные товары,111.6,level
2023-11-01,TRK,FOOD,Продовольственные товары,110.3,level
2023-12-01,TRK,FOOD,Продовольственные товары,108.7,level
2024-01-01,TRK,FOOD,Продовольственные товары,108.7,level
2024-02-01,TRK,FOOD,Продовольственные товары,107.5,level
2024-03-01,TRK,FOOD,Продовольственные товары,107.4,level
2024-04-01,TRK,FOOD,Продовольственные товары,106.7,level
2024-05-01,TRK,FOOD,Продовольственные товары,105.7,level
2024-06-01,TRK,FOOD,Продовольственные товары,105.7,level
2024-07-01,TRK,FOOD,Продовольственные товары,104.6,level
2024-08-01,TRK,FOOD,Продовольственные товары,104.6,level
2024-09-01,TRK,FOOD,Продовольственные товары,104.4,level
2024-10-01,TRK,FOOD,Продовольственные товары,104.6,level
2024-11-01,TRK,FOOD,Продовольственные товары,105.0,level
2024-12-01,TRK,FOOD,Продовольственные товары,105.0,level
2025-01-01,TRK,FOOD,Продовольственные товары,105.3,level
2025-02-01,TRK,FOOD,Продовольственные товары,106.1,level
2025-03-01,TRK,FOOD,Продовольственные товары,106.8,level
2025-04-01,TRK,FOOD,Продовольственные товары,107.2,level
2025-05-01,TRK,FOOD,Продовольственные товары,108.3,level
2025-06-01,TRK,FOOD,Продовольственные товары,109.8,level
2025-07-01,TRK,FOOD,Продовольственные товары,110.5,level
2025-08-01,TRK,FOOD,Продовольственные товары,111.1,level
2025-09-01,TRK,FOOD,Продовольственные товары,112.3,level
2025-10-01,TRK,FOOD,Продовольственные товары,112.6,level
2025-11-01,TRK,FOOD,Продовольственные товары,112.3,level
2025-12-01,TRK,FOOD,Продовольственные товары,112.8,level
2026-01-01,TRK,FOOD,Продовольственные товары,112.2,level
2026-02-01,TRK,FOOD,Продовольственные товары,112.4,level
2026-03-01,TRK,FOOD,Продовольственные товары,111.5,level
2026-04-01,TRK,FOOD,Продовольственные товары,112.8,level
2026-05-01,TRK,FOOD,Продовольственные товары,112.5,level
2026-06-01,TRK,FOOD,Продовольственные товары,111.4,level
2026-07-01,TRK,FOOD,Продовольственные товары,111.7,level
2026-08-01,TRK,FOOD,Продовольственные товары,111.5,level
2022-10-01,ULT,FOOD,Продовольственные товары,123.6,level
2022-11-01,ULT,FOOD,Продовольственные товары,125.6,level
2022-12-01,ULT,FOOD,Продовольственные товары,125.9,level
2023-01-01,ULT,FOOD,Продовольственные товары,126.4,level
2023-02-01,ULT,FOOD,Продовольственные товары,126.3,level
2023-03-01,ULT,FOOD,Продовольственные товары,120.9,level
2023-04-01,ULT,FOOD,Продовольственные товары,118.9,level
2023-05-01,ULT,FOOD,Продовольственные товары,118.2,level
2023-06-01,ULT,FOOD,Продовольственные товары,118.2,level
2023-07-01,ULT,FOOD,Продовольственные товары,118.3,level
2023-08-01,ULT,FOOD,Продовольственные товары,117.4,level
2023-09-01,ULT,FOOD,Продовольственные товары,116.1,level
2023-10-01,ULT,FOOD,Продовольственные товары,115.2,level
2023-11-01,ULT,FOOD,Продовольственные товары,113.2,level
2023-12-01,ULT,FOOD,Продовольственные товары,112.8,level
2024-01-01,ULT,FOOD,Продовольственные товары,112.3,level
2024-02-01,ULT,FOOD,Продовольственные товары,111.0,level
2024-03-01,ULT,FOOD,Продовольственные товары,111.1,level
2024-04-01,ULT,FOOD,Продовольственные товары,110.3,level
2024-05-01,ULT,FOOD,Продовольственные товары,108.1,level
2024-06-01,ULT,FOOD,Продовольственные товары,106.6,level
2024-07-01,ULT,FOOD,Продовольственные товары,106.4,level
2024-08-01,ULT,FOOD,Продовольственные товары,105.1,level
2024-09-01,ULT,FOOD,Продовольственные товары,104.6,level
2024-10-01,ULT,FOOD,Продовольственные товары,104.2,level
2024-11-01,ULT,FOOD,Продовольственные товары,105.0,level
2024-12-01,ULT,FOOD,Продовольственные товары,105.6,level
2025-01-01,ULT,FOOD,Продовольственные товары,105.7,level
2025-02-01,ULT,FOOD,Продовольственные товары,107.3,level
2025-03-01,ULT,FOOD,Продовольственные товары,107.8,level
2025-04-01,ULT,FOOD,Продовольственные товары,108.6,level
2025-05-01,ULT,FOOD,Продовольственные товары,109.8,level
2025-06-01,ULT,FOOD,Продовольственные товары,110.1,level
2025-07-01,ULT,FOOD,Продовольственные товары,111.6,level
2025-08-01,ULT,FOOD,Продовольственные товары,113.1,level
2025-09-01,ULT,FOOD,Продовольственные товары,114.3,level
2025-10-01,ULT,FOOD,Продовольственные товары,115.2,level
2025-11-01,ULT,FOOD,Продовольственные товары,115.2,level
2025-12-01,ULT,FOOD,Продовольственные товары,114.8,level
2026-01-01,ULT,FOOD,Продовольственные товары,115.1,level
2026-02-01,ULT,FOOD,Продовольственные товары,115.5,level
2026-03-01,ULT,FOOD,Продовольственные товары,116.0,level
2026-04-01,ULT,FOOD,Продовольственные товары,115.1,level
2026-05-01,ULT,FOOD,Продовольственные товары,114.5,level
2026-06-01,ULT,FOOD,Продовольственные товары,114.3,level
2026-07-01,ULT,FOOD,Продовольственные товары,113.2,level
2026-08-01,ULT,FOOD,Продовольственные товары,112.5,level
2022-10-01,VKO,FOOD,Продовольственные товары,123.9,level
2022-11-01,VKO,FOOD,Продовольственные товары,123.8,level
2022-12-01,VKO,FOOD,Продовольственные товары,125.0,level
2023-01-01,VKO,FOOD,Продовольственные товары,125.8,level
2023-02-01,VKO,FOOD,Продовольственные товары,126.3,level
2023-03-01,VKO,FOOD,Продовольственные товары,122.7,level
2023-04-01,VKO,FOOD,Продовольственные товары,119.8,level
2023-05-01,VKO,FOOD,Продовольственные товары,118.6,level
2023-06-01,VKO,FOOD,Продовольственные товары,117.2,level
2023-07-01,VKO,FOOD,Продовольственные товары,115.6,level
2023-08-01,VKO,FOOD,Продовольственные товары,113.7,level
2023-09-01,VKO,FOOD,Продовольственные товары,111.2,level
2023-10-01,VKO,FOOD,Продовольственные товары,110.5,level
2023-11-01,VKO,FOOD,Продовольственные товары,109.5,level
2023-12-01,VKO,FOOD,Продовольственные товары,108.5,level
2024-01-01,VKO,FOOD,Продовольственные товары,107.9,level
2024-02-01,VKO,FOOD,Продовольственные товары,107.4,level
2024-03-01,VKO,FOOD,Продовольственные товары,106.0,level
2024-04-01,VKO,FOOD,Продовольственные товары,106.0,level
2024-05-01,VKO,FOOD,Продовольственные товары,104.7,level
2024-06-01,VKO,FOOD,Продовольственные товары,104.4,level
2024-07-01,VKO,FOOD,Продовольственные товары,104.6,level
2024-08-01,VKO,FOOD,Продовольственные товары,105.1,level
2024-09-01,VKO,FOOD,Продовольственные товары,105.8,level
2024-10-01,VKO,FOOD,Продовольственные товары,106.1,level
2024-11-01,VKO,FOOD,Продовольственные товары,106.3,level
2024-12-01,VKO,FOOD,Продовольственные товары,106.3,level
2025-01-01,VKO,FOOD,Продовольственные товары,107.0,level
2025-02-01,VKO,FOOD,Продовольственные товары,107.3,level
2025-03-01,VKO,FOOD,Продовольственные товары,108.3,level
2025-04-01,VKO,FOOD,Продовольственные товары,108.7,level
2025-05-01,VKO,FOOD,Продовольственные товары,110.2,level
2025-06-01,VKO,FOOD,Продовольственные товары,111.8,level
2025-07-01,VKO,FOOD,Продовольственные товары,111.8,level
2025-08-01,VKO,FOOD,Продовольственные товары,111.9,level
2025-09-01,VKO,FOOD,Продовольственные товары,112.4,level
2025-10-01,VKO,FOOD,Продовольственные товары,112.8,level
2025-11-01,VKO,FOOD,Продовольственные товары,112.9,level
2025-12-01,VKO,FOOD,Продовольственные товары,113.0,level
2026-01-01,VKO,FOOD,Продовольственные товары,112.4,level
2026-02-01,VKO,FOOD,Продовольственные товары,113.0,level
2026-03-01,VKO,FOOD,Продовольственные товары,112.3,level
2026-04-01,VKO,FOOD,Продовольственные товары,112.2,level
2026-05-01,VKO,FOOD,Продовольственные товары,112.0,level
2026-06-01,VKO,FOOD,Продовольственные товары,110.7,level
2026-07-01,VKO,FOOD,Продовольственные товары,110.4,level
2026-08-01,VKO,FOOD,Продовольственные товары,109.9,level
2022-10-01,ZHM,FOOD,Продовольственные товары,123.4,level
2022-11-01,ZHM,FOOD,Продовольственные товары,124.6,level
2022-12-01,ZHM,FOOD,Продовольственные товары,126.8,level
2023-01-01,ZHM,FOOD,Продовольственные товары,127.7,level
2023-02-01,ZHM,FOOD,Продовольственные товары,128.0,level
2023-03-01,ZHM,FOOD,Продовольственные товары,121.6,level
2023-04-01,ZHM,FOOD,Продовольственные товары,119.4,level
2023-05-01,ZHM,FOOD,Продовольственные товары,118.8,level
2023-06-01,ZHM,FOOD,Продовольственные товары,117.2,level
2023-07-01,ZHM,FOOD,Продовольственные товары,116.0,level
2023-08-01,ZHM,FOOD,Продовольственные товары,115.6,level
2023-09-01,ZHM,FOOD,Продовольственные товары,115.2,level
2023-10-01,ZHM,FOOD,Продовольственные товары,114.0,level
2023-11-01,ZHM,FOOD,Продовольственные товары,111.9,level
2023-12-01,ZHM,FOOD,Продовольственные товары,110.0,level
2024-01-01,ZHM,FOOD,Продовольственные товары,109.2,level
2024-02-01,ZHM,FOOD,Продовольственные товары,109.1,level
2024-03-01,ZHM,FOOD,Продовольственные товары,108.0,level
2024-04-01,ZHM,FOOD,Продовольственные товары,108.3,level
2024-05-01,ZHM,FOOD,Продовольственные товары,106.8,level
2024-06-01,ZHM,FOOD,Продовольственные товары,106.9,level
2024-07-01,ZHM,FOOD,Продовольственные товары,106.7,level
2024-08-01,ZHM,FOOD,Продовольственные товары,106.0,level
2024-09-01,ZHM,FOOD,Продовольственные товары,105.3,level
2024-10-01,ZHM,FOOD,Продовольственные товары,105.1,level
2024-11-01,ZHM,FOOD,Продовольственные товары,105.7,level
2024-12-01,ZHM,FOOD,Продовольственные товары,106.7,level
2025-01-01,ZHM,FOOD,Продовольственные товары,107.6,level
2025-02-01,ZHM,FOOD,Продовольственные товары,107.4,level
2025-03-01,ZHM,FOOD,Продовольственные товары,107.5,level
2025-04-01,ZHM,FOOD,Продовольственные товары,107.2,level
2025-05-01,ZHM,FOOD,Продовольственные товары,108.2,level
2025-06-01,ZHM,FOOD,Продовольственные товары,108.6,level
2025-07-01,ZHM,FOOD,Продовольственные товары,109.1,level
2025-08-01,ZHM,FOOD,Продовольственные товары,109.2,level
2025-09-01,ZHM,FOOD,Продовольственные товары,110.3,level
2025-10-01,ZHM,FOOD,Продовольственные товары,110.9,level
2025-11-01,ZHM,FOOD,Продовольственные товары,110.7,level
2025-12-01,ZHM,FOOD,Продовольственные товары,110.0,level
2026-01-01,ZHM,FOOD,Продовольственные товары,108.8,level
2026-02-01,ZHM,FOOD,Продовольственные товары,111.1,level
2026-03-01,ZHM,FOOD,Продовольственные товары,110.8,level
2026-04-01,ZHM,FOOD,Продовольственные товары,110.8,level
2026-05-01,ZHM,FOOD,Продовольственные товары,110.4,level
2026-06-01,ZHM,FOOD,Продовольственные товары,110.4,level
2026-07-01,ZHM,FOOD,Продовольственные товары,110.2,level
2026-08-01,ZHM,FOOD,Продовольственные товары,110.2,level
2022-10-01,ZHT,FOOD,Продовольственные товары,125.5,level
2022-11-01,ZHT,FOOD,Продовольственные товары,126.0,level
2022-12-01,ZHT,FOOD,Продовольственные товары,126.7,level
2023-01-01,ZHT,FOOD,Продовольственные товары,127.0,level
2023-02-01,ZHT,FOOD,Продовольственные товары,127.5,level
2023-03-01,ZHT,FOOD,Продовольственные товары,123.5,level
2023-04-01,ZHT,FOOD,Продовольственные товары,121.5,level
2023-05-01,ZHT,FOOD,Продовольственные товары,119.4,level
2023-06-01,ZHT,FOOD,Продовольственные товары,115.9,level
2023-07-01,ZHT,FOOD,Продовольственные товары,114.8,level
2023-08-01,ZHT,FOOD,Продовольственные товары,112.3,level
2023-09-01,ZHT,FOOD,Продовольственные товары,111.3,level
2023-10-01,ZHT,FOOD,Продовольственные товары,110.8,level
2023-11-01,ZHT,FOOD,Продовольственные товары,109.4,level
2023-12-01,ZHT,FOOD,Продовольственные товары,109.1,level
2024-01-01,ZHT,FOOD,Продовольственные товары,109.0,level
2024-02-01,ZHT,FOOD,Продовольственные товары,108.7,level
2024-03-01,ZHT,FOOD,Продовольственные товары,108.6,level
2024-04-01,ZHT,FOOD,Продовольственные товары,108.6,level
2024-05-01,ZHT,FOOD,Продовольственные товары,108.2,level
2024-06-01,ZHT,FOOD,Продовольственные товары,107.7,level
2024-07-01,ZHT,FOOD,Продовольственные товары,107.8,level
2024-08-01,ZHT,FOOD,Продовольственные товары,108.1,level
2024-09-01,ZHT,FOOD,Продовольственные товары,108.2,level
2024-10-01,ZHT,FOOD,Продовольственные товары,108.0,level
2024-11-01,ZHT,FOOD,Продовольственные товары,108.8,level
2024-12-01,ZHT,FOOD,Продовольственные товары,108.8,level
2025-01-01,ZHT,FOOD,Продовольственные товары,109.0,level
2025-02-01,ZHT,FOOD,Продовольственные товары,109.0,level
2025-03-01,ZHT,FOOD,Продовольственные товары,108.7,level
2025-04-01,ZHT,FOOD,Продовольственные товары,108.6,level
2025-05-01,ZHT,FOOD,Продовольственные товары,110.3,level
2025-06-01,ZHT,FOOD,Продовольственные товары,112.1,level
2025-07-01,ZHT,FOOD,Продовольственные товары,112.6,level
2025-08-01,ZHT,FOOD,Продовольственные товары,113.4,level
2025-09-01,ZHT,FOOD,Продовольственные товары,114.1,level
2025-10-01,ZHT,FOOD,Продовольственные товары,114.3,level
2025-11-01,ZHT,FOOD,Продовольственные товары,113.8,level
2025-12-01,ZHT,FOOD,Продовольственные товары,113.0,level
2026-01-01,ZHT,FOOD,Продовольственные товары,113.1,level
2026-02-01,ZHT,FOOD,Продовольственные товары,113.9,level
2026-03-01,ZHT,FOOD,Продовольственные товары,113.4,level
2026-04-01,ZHT,FOOD,Продовольственные товары,113.0,level
2026-05-01,ZHT,FOOD,Продовольственные товары,111.4,level
2026-06-01,ZHT,FOOD,Продовольственные товары,111.3,level
2026-07-01,ZHT,FOOD,Продовольственные товары,111.8,level
2026-08-01,ZHT,FOOD,Продовольственные товары,110.5,level
2022-10-01,ZKO,FOOD,Продовольственные товары,123.2,level
2022-11-01,ZKO,FOOD,Продовольственные товары,123.8,level
2022-12-01,ZKO,FOOD,Продовольственные товары,126.2,level
2023-01-01,ZKO,FOOD,Продовольственные товары,127.7,level
2023-02-01,ZKO,FOOD,Продовольственные товары,128.0,level
2023-03-01,ZKO,FOOD,Продовольственные товары,124.0,level
2023-04-01,ZKO,FOOD,Продовольственные товары,123.4,level
2023-05-01,ZKO,FOOD,Продовольственные товары,121.2,level
2023-06-01,ZKO,FOOD,Продовольственные товары,117.0,level
2023-07-01,ZKO,FOOD,Продовольственные товары,116.4,level
2023-08-01,ZKO,FOOD,Продовольственные товары,114.2,level
2023-09-01,ZKO,FOOD,Продовольственные товары,113.1,level
2023-10-01,ZKO,FOOD,Продовольственные товары,112.4,level
2023-11-01,ZKO,FOOD,Продовольственные товары,111.1,level
2023-12-01,ZKO,FOOD,Продовольственные товары,109.7,level
2024-01-01,ZKO,FOOD,Продовольственные товары,109.1,level
2024-02-01,ZKO,FOOD,Продовольственные товары,109.0,level
2024-03-01,ZKO,FOOD,Продовольственные товары,108.5,level
2024-04-01,ZKO,FOOD,Продовольственные товары,106.7,level
2024-05-01,ZKO,FOOD,Продовольственные товары,106.3,level
2024-06-01,ZKO,FOOD,Продовольственные товары,106.8,level
2024-07-01,ZKO,FOOD,Продовольственные товары,106.0,level
2024-08-01,ZKO,FOOD,Продовольственные товары,106.8,level
2024-09-01,ZKO,FOOD,Продовольственные товары,107.3,level
2024-10-01,ZKO,FOOD,Продовольственные товары,107.0,level
2024-11-01,ZKO,FOOD,Продовольственные товары,107.7,level
2024-12-01,ZKO,FOOD,Продовольственные товары,107.9,level
2025-01-01,ZKO,FOOD,Продовольственные товары,107.6,level
2025-02-01,ZKO,FOOD,Продовольственные товары,107.4,level
2025-03-01,ZKO,FOOD,Продовольственные товары,108.3,level
2025-04-01,ZKO,FOOD,Продовольственные товары,109.4,level
2025-05-01,ZKO,FOOD,Продовольственные товары,110.6,level
2025-06-01,ZKO,FOOD,Продовольственные товары,110.6,level
2025-07-01,ZKO,FOOD,Продовольственные товары,111.3,level
2025-08-01,ZKO,FOOD,Продовольственные товары,112.0,level
2025-09-01,ZKO,FOOD,Продовольственные товары,112.5,level
2025-10-01,ZKO,FOOD,Продовольственные товары,113.3,level
2025-11-01,ZKO,FOOD,Продовольственные товары,112.9,level
2025-12-01,ZKO,FOOD,Продовольственные товары,112.1,level
2026-01-01,ZKO,FOOD,Продовольственные товары,112.2,level
2026-02-01,ZKO,FOOD,Продовольственные товары,113.2,level
2026-03-01,ZKO,FOOD,Продовольственные товары,112.9,level
2026-04-01,ZKO,FOOD,Продовольственные товары,112.3,level
2026-05-01,ZKO,FOOD,Продовольственные товары,110.2,level
2026-06-01,ZKO,FOOD,Продовольственные товары,111.7,level
2026-07-01,ZKO,FOOD,Продовольственные товары,111.4,level
2026-08-01,ZKO,FOOD,Продовольственные товары,110.5,level
2022-10-01,national,FOOD,Продовольственные товары,124.1,level
2022-11-01,national,FOOD,Продовольственные товары,125.1,level
2022-12-01,national,FOOD,Продовольственные товары,126.2,level
2023-01-01,national,FOOD,Продовольственные товары,126.8,level
2023-02-01,national,FOOD,Продовольственные товары,127.2,level
2023-03-01,national,FOOD,Продовольственные товары,122.0,level
2023-04-01,national,FOOD,Продовольственные товары,119.4,level
2023-05-01,national,FOOD,Продовольственные товары,117.7,level
2023-06-01,national,FOOD,Продовольственные товары,115.7,level
2023-07-01,national,FOOD,Продовольственные товары,114.6,level
2023-08-01,national,FOOD,Продовольственные товары,113.3,level
2023-09-01,national,FOOD,Продовольственные товары,111.9,level
2023-10-01,national,FOOD,Продовольственные товары,111.0,level
2023-11-01,national,FOOD,Продовольственные товары,109.7,level
2023-12-01,national,FOOD,Продовольственные товары,108.9,level
2024-01-01,national,FOOD,Продовольственные товары,108.5,level
2024-02-01,national,FOOD,Продовольственные товары,107.8,level
2024-03-01,national,FOOD,Продовольственные товары,107.2,level
2024-04-01,national,FOOD,Продовольственные товары,106.6,level
2024-05-01,national,FOOD,Продовольственные товары,106.1,level
2024-06-01,national,FOOD,Продовольственные товары,105.8,level
2024-07-01,national,FOOD,Продовольственные товары,106.0,level
2024-08-01,national,FOOD,Продовольственные товары,106.1,level
2024-09-01,national,FOOD,Продовольственные товары,105.9,level
2024-10-01,national,FOOD,Продовольственные товары,105.8,level
2024-11-01,national,FOOD,Продовольственные товары,106.3,level
2024-12-01,national,FOOD,Продовольственные товары,106.5,level
2025-01-01,national,FOOD,Продовольственные товары,106.7,level
2025-02-01,national,FOOD,Продовольственные товары,107.4,level
2025-03-01,national,FOOD,Продовольственные товары,108.3,level
2025-04-01,national,FOOD,Продовольственные товары,108.9,level
2025-05-01,national,FOOD,Продовольственные товары,109.8,level
2025-06-01,national,FOOD,Продовольственные товары,110.7,level
2025-07-01,national,FOOD,Продовольственные товары,111.1,level
2025-08-01,national,FOOD,Продовольственные товары,111.6,level
2025-09-01,national,FOOD,Продовольственные товары,112.5,level
2025-10-01,national,FOOD,Продовольственные товары,113.1,level
2025-11-01,national,FOOD,Продовольственные товары,113.0,level
2025-12-01,national,FOOD,Продовольственные товары,113.2,level
2026-01-01,national,FOOD,Продовольственные товары,112.9,level
2026-02-01,national,FOOD,Продовольственные товары,113.5,level
2026-03-01,national,FOOD,Продовольственные товары,112.6,level
2026-04-01,national,FOOD,Продовольственные товары,112.3,level
2026-05-01,national,FOOD,Продовольственные товары,111.7,level
2026-06-01,national,FOOD,Продовольственные товары,111.2,level
2026-07-01,national,FOOD,Продовольственные товары,110.9,level
2026-08-01,national,FOOD,Продовольственные товары,110.4,level
2022-10-01,ABY,GOODS,Товары,119.0,level
2022-11-01,ABY,GOODS,Товары,118.5,level
2022-12-01,ABY,GOODS,Товары,119.0,level
2023-01-01,ABY,GOODS,Товары,119.3,level
2023-02-01,ABY,GOODS,Товары,119.4,level
2023-03-01,ABY,GOODS,Товары,116.2,level
2023-04-01,ABY,GOODS,Товары,116.3,level
2023-05-01,ABY,GOODS,Товары,114.8,level
2023-06-01,ABY,GOODS,Товары,113.7,level
2023-07-01,ABY,GOODS,Товары,112.6,level
2023-08-01,ABY,GOODS,Товары,110.0,level
2023-09-01,ABY,GOODS,Товары,108.8,level
2023-10-01,ABY,GOODS,Товары,108.2,level
2023-11-01,ABY,GOODS,Товары,107.4,level
2023-12-01,ABY,GOODS,Товары,106.7,level
2024-01-01,ABY,GOODS,Товары,106.3,level
2024-02-01,ABY,GOODS,Товары,106.2,level
2024-03-01,ABY,GOODS,Товары,105.6,level
2024-04-01,ABY,GOODS,Товары,104.4,level
2024-05-01,ABY,GOODS,Товары,104.8,level
2024-06-01,ABY,GOODS,Товары,104.4,level
2024-07-01,ABY,GOODS,Товары,104.2,level
2024-08-01,ABY,GOODS,Товары,105.2,level
2024-09-01,ABY,GOODS,Товары,105.4,level
2024-10-01,ABY,GOODS,Товары,105.9,level
2024-11-01,ABY,GOODS,Товары,106.5,level
2024-12-01,ABY,GOODS,Товары,106.9,level
2025-01-01,ABY,GOODS,Товары,107.5,level
2025-02-01,ABY,GOODS,Товары,107.6,level
2025-03-01,ABY,GOODS,Товары,108.2,level
2025-04-01,ABY,GOODS,Товары,108.4,level
2025-05-01,ABY,GOODS,Товары,108.8,level
2025-06-01,ABY,GOODS,Товары,109.9,level
2025-07-01,ABY,GOODS,Товары,110.5,level
2025-08-01,ABY,GOODS,Товары,109.9,level
2025-09-01,ABY,GOODS,Товары,110.7,level
2025-10-01,ABY,GOODS,Товары,110.4,level
2025-11-01,ABY,GOODS,Товары,110.7,level
2025-12-01,ABY,GOODS,Товары,110.7,level
2026-01-01,ABY,GOODS,Товары,110.8,level
2026-02-01,ABY,GOODS,Товары,111.4,level
2026-03-01,ABY,GOODS,Товары,110.7,level
2026-04-01,ABY,GOODS,Товары,110.6,level
2026-05-01,ABY,GOODS,Товары,110.5,level
2026-06-01,ABY,GOODS,Товары,110.0,level
2026-07-01,ABY,GOODS,Товары,109.4,level
2026-08-01,ABY,GOODS,Товары,109.6,level
2022-10-01,AKM,GOODS,Товары,120.1,level
2022-11-01,AKM,GOODS,Товары,121.1,level
2022-12-01,AKM,GOODS,Товары,120.9,level
2023-01-01,AKM,GOODS,Товары,121.2,level
2023-02-01,AKM,GOODS,Товары,121.0,level
2023-03-01,AKM,GOODS,Товары,116.9,level
2023-04-01,AKM,GOODS,Товары,116.5,level
2023-05-01,AKM,GOODS,Товары,116.3,level
2023-06-01,AKM,GOODS,Товары,114.9,level
2023-07-01,AKM,GOODS,Товары,114.2,level
2023-08-01,AKM,GOODS,Товары,111.6,level
2023-09-01,AKM,GOODS,Товары,110.7,level
2023-10-01,AKM,GOODS,Товары,110.2,level
2023-11-01,AKM,GOODS,Товары,108.2,level
2023-12-01,AKM,GOODS,Товары,107.7,level
2024-01-01,AKM,GOODS,Товары,107.1,level
2024-02-01,AKM,GOODS,Товары,107.0,level
2024-03-01,AKM,GOODS,Товары,106.5,level
2024-04-01,AKM,GOODS,Товары,106.2,level
2024-05-01,AKM,GOODS,Товары,105.9,level
2024-06-01,AKM,GOODS,Товары,104.9,level
2024-07-01,AKM,GOODS,Товары,104.8,level
2024-08-01,AKM,GOODS,Товары,105.0,level
2024-09-01,AKM,GOODS,Товары,104.9,level
2024-10-01,AKM,GOODS,Товары,105.2,level
2024-11-01,AKM,GOODS,Товары,106.0,level
2024-12-01,AKM,GOODS,Товары,106.3,level
2025-01-01,AKM,GOODS,Товары,106.7,level
2025-02-01,AKM,GOODS,Товары,107.0,level
2025-03-01,AKM,GOODS,Товары,107.8,level
2025-04-01,AKM,GOODS,Товары,107.9,level
2025-05-01,AKM,GOODS,Товары,108.4,level
2025-06-01,AKM,GOODS,Товары,109.2,level
2025-07-01,AKM,GOODS,Товары,109.6,level
2025-08-01,AKM,GOODS,Товары,109.5,level
2025-09-01,AKM,GOODS,Товары,111.3,level
2025-10-01,AKM,GOODS,Товары,111.1,level
2025-11-01,AKM,GOODS,Товары,111.6,level
2025-12-01,AKM,GOODS,Товары,111.8,level
2026-01-01,AKM,GOODS,Товары,112.1,level
2026-02-01,AKM,GOODS,Товары,112.6,level
2026-03-01,AKM,GOODS,Товары,112.1,level
2026-04-01,AKM,GOODS,Товары,112.3,level
2026-05-01,AKM,GOODS,Товары,111.9,level
2026-06-01,AKM,GOODS,Товары,111.4,level
2026-07-01,AKM,GOODS,Товары,111.3,level
2026-08-01,AKM,GOODS,Товары,111.2,level
2022-10-01,AKT,GOODS,Товары,119.6,level
2022-11-01,AKT,GOODS,Товары,119.7,level
2022-12-01,AKT,GOODS,Товары,120.0,level
2023-01-01,AKT,GOODS,Товары,119.9,level
2023-02-01,AKT,GOODS,Товары,119.3,level
2023-03-01,AKT,GOODS,Товары,115.6,level
2023-04-01,AKT,GOODS,Товары,115.9,level
2023-05-01,AKT,GOODS,Товары,114.6,level
2023-06-01,AKT,GOODS,Товары,112.6,level
2023-07-01,AKT,GOODS,Товары,111.8,level
2023-08-01,AKT,GOODS,Товары,109.4,level
2023-09-01,AKT,GOODS,Товары,108.4,level
2023-10-01,AKT,GOODS,Товары,107.8,level
2023-11-01,AKT,GOODS,Товары,106.9,level
2023-12-01,AKT,GOODS,Товары,106.1,level
2024-01-01,AKT,GOODS,Товары,105.5,level
2024-02-01,AKT,GOODS,Товары,105.8,level
2024-03-01,AKT,GOODS,Товары,105.1,level
2024-04-01,AKT,GOODS,Товары,104.7,level
2024-05-01,AKT,GOODS,Товары,104.7,level
2024-06-01,AKT,GOODS,Товары,104.5,level
2024-07-01,AKT,GOODS,Товары,104.3,level
2024-08-01,AKT,GOODS,Товары,105.4,level
2024-09-01,AKT,GOODS,Товары,105.3,level
2024-10-01,AKT,GOODS,Товары,105.6,level
2024-11-01,AKT,GOODS,Товары,106.2,level
2024-12-01,AKT,GOODS,Товары,106.3,level
2025-01-01,AKT,GOODS,Товары,107.2,level
2025-02-01,AKT,GOODS,Товары,108.0,level
2025-03-01,AKT,GOODS,Товары,108.6,level
2025-04-01,AKT,GOODS,Товары,108.9,level
2025-05-01,AKT,GOODS,Товары,109.4,level
2025-06-01,AKT,GOODS,Товары,109.9,level
2025-07-01,AKT,GOODS,Товары,110.0,level
2025-08-01,AKT,GOODS,Товары,110.7,level
2025-09-01,AKT,GOODS,Товары,112.3,level
2025-10-01,AKT,GOODS,Товары,112.3,level
2025-11-01,AKT,GOODS,Товары,112.0,level
2025-12-01,AKT,GOODS,Товары,111.7,level
2026-01-01,AKT,GOODS,Товары,111.4,level
2026-02-01,AKT,GOODS,Товары,111.1,level
2026-03-01,AKT,GOODS,Товары,111.0,level
2026-04-01,AKT,GOODS,Товары,111.4,level
2026-05-01,AKT,GOODS,Товары,111.8,level
2026-06-01,AKT,GOODS,Товары,111.8,level
2026-07-01,AKT,GOODS,Товары,111.6,level
2026-08-01,AKT,GOODS,Товары,110.4,level
2022-10-01,ALA,GOODS,Товары,118.0,level
2022-11-01,ALA,GOODS,Товары,118.8,level
2022-12-01,ALA,GOODS,Товары,120.1,level
2023-01-01,ALA,GOODS,Товары,120.3,level
2023-02-01,ALA,GOODS,Товары,120.4,level
2023-03-01,ALA,GOODS,Товары,116.7,level
2023-04-01,ALA,GOODS,Товары,116.8,level
2023-05-01,ALA,GOODS,Товары,115.8,level
2023-06-01,ALA,GOODS,Товары,114.6,level
2023-07-01,ALA,GOODS,Товары,114.3,level
2023-08-01,ALA,GOODS,Товары,112.8,level
2023-09-01,ALA,GOODS,Товары,112.1,level
2023-10-01,ALA,GOODS,Товары,111.4,level
2023-11-01,ALA,GOODS,Товары,109.9,level
2023-12-01,ALA,GOODS,Товары,108.3,level
2024-01-01,ALA,GOODS,Товары,108.0,level
2024-02-01,ALA,GOODS,Товары,108.3,level
2024-03-01,ALA,GOODS,Товары,107.9,level
2024-04-01,ALA,GOODS,Товары,106.8,level
2024-05-01,ALA,GOODS,Товары,106.9,level
2024-06-01,ALA,GOODS,Товары,106.3,level
2024-07-01,ALA,GOODS,Товары,106.1,level
2024-08-01,ALA,GOODS,Товары,107.0,level
2024-09-01,ALA,GOODS,Товары,106.6,level
2024-10-01,ALA,GOODS,Товары,106.4,level
2024-11-01,ALA,GOODS,Товары,106.7,level
2024-12-01,ALA,GOODS,Товары,107.1,level
2025-01-01,ALA,GOODS,Товары,107.1,level
2025-02-01,ALA,GOODS,Товары,107.0,level
2025-03-01,ALA,GOODS,Товары,107.3,level
2025-04-01,ALA,GOODS,Товары,106.9,level
2025-05-01,ALA,GOODS,Товары,107.2,level
2025-06-01,ALA,GOODS,Товары,107.9,level
2025-07-01,ALA,GOODS,Товары,107.8,level
2025-08-01,ALA,GOODS,Товары,107.1,level
2025-09-01,ALA,GOODS,Товары,108.3,level
2025-10-01,ALA,GOODS,Товары,108.3,level
2025-11-01,ALA,GOODS,Товары,109.1,level
2025-12-01,ALA,GOODS,Товары,109.3,level
2026-01-01,ALA,GOODS,Товары,109.6,level
2026-02-01,ALA,GOODS,Товары,110.2,level
2026-03-01,ALA,GOODS,Товары,109.4,level
2026-04-01,ALA,GOODS,Товары,109.9,level
2026-05-01,ALA,GOODS,Товары,109.6,level
2026-06-01,ALA,GOODS,Товары,109.4,level
2026-07-01,ALA,GOODS,Товары,109.3,level
2026-08-01,ALA,GOODS,Товары,109.7,level
2022-10-01,ALM,GOODS,Товары,118.3,level
2022-11-01,ALM,GOODS,Товары,118.5,level
2022-12-01,ALM,GOODS,Товары,118.0,level
2023-01-01,ALM,GOODS,Товары,118.1,level
2023-02-01,ALM,GOODS,Товары,118.7,level
2023-03-01,ALM,GOODS,Товары,115.2,level
2023-04-01,ALM,GOODS,Товары,115.7,level
2023-05-01,ALM,GOODS,Товары,113.7,level
2023-06-01,ALM,GOODS,Товары,111.6,level
2023-07-01,ALM,GOODS,Товары,110.9,level
2023-08-01,ALM,GOODS,Товары,109.4,level
2023-09-01,ALM,GOODS,Товары,107.4,level
2023-10-01,ALM,GOODS,Товары,107.0,level
2023-11-01,ALM,GOODS,Товары,106.1,level
2023-12-01,ALM,GOODS,Товары,106.0,level
2024-01-01,ALM,GOODS,Товары,106.1,level
2024-02-01,ALM,GOODS,Товары,105.9,level
2024-03-01,ALM,GOODS,Товары,105.5,level
2024-04-01,ALM,GOODS,Товары,104.7,level
2024-05-01,ALM,GOODS,Товары,105.0,level
2024-06-01,ALM,GOODS,Товары,105.0,level
2024-07-01,ALM,GOODS,Товары,105.0,level
2024-08-01,ALM,GOODS,Товары,105.7,level
2024-09-01,ALM,GOODS,Товары,106.0,level
2024-10-01,ALM,GOODS,Товары,106.5,level
2024-11-01,ALM,GOODS,Товары,106.5,level
2024-12-01,ALM,GOODS,Товары,107.0,level
2025-01-01,ALM,GOODS,Товары,106.5,level
2025-02-01,ALM,GOODS,Товары,106.4,level
2025-03-01,ALM,GOODS,Товары,107.0,level
2025-04-01,ALM,GOODS,Товары,107.4,level
2025-05-01,ALM,GOODS,Товары,107.8,level
2025-06-01,ALM,GOODS,Товары,108.2,level
2025-07-01,ALM,GOODS,Товары,108.9,level
2025-08-01,ALM,GOODS,Товары,108.7,level
2025-09-01,ALM,GOODS,Товары,109.8,level
2025-10-01,ALM,GOODS,Товары,109.5,level
2025-11-01,ALM,GOODS,Товары,109.6,level
2025-12-01,ALM,GOODS,Товары,108.8,level
2026-01-01,ALM,GOODS,Товары,109.9,level
2026-02-01,ALM,GOODS,Товары,110.3,level
2026-03-01,ALM,GOODS,Товары,109.2,level
2026-04-01,ALM,GOODS,Товары,109.2,level
2026-05-01,ALM,GOODS,Товары,109.1,level
2026-06-01,ALM,GOODS,Товары,108.8,level
2026-07-01,ALM,GOODS,Товары,108.7,level
2026-08-01,ALM,GOODS,Товары,108.7,level
2022-10-01,AST,GOODS,Товары,125.1,level
2022-11-01,AST,GOODS,Товары,125.8,level
2022-12-01,AST,GOODS,Товары,126.5,level
2023-01-01,AST,GOODS,Товары,127.7,level
2023-02-01,AST,GOODS,Товары,127.4,level
2023-03-01,AST,GOODS,Товары,123.6,level
2023-04-01,AST,GOODS,Товары,122.3,level
2023-05-01,AST,GOODS,Товары,120.3,level
2023-06-01,AST,GOODS,Товары,118.4,level
2023-07-01,AST,GOODS,Товары,117.5,level
2023-08-01,AST,GOODS,Товары,114.8,level
2023-09-01,AST,GOODS,Товары,111.3,level
2023-10-01,AST,GOODS,Товары,109.8,level
2023-11-01,AST,GOODS,Товары,108.5,level
2023-12-01,AST,GOODS,Товары,108.2,level
2024-01-01,AST,GOODS,Товары,107.0,level
2024-02-01,AST,GOODS,Товары,106.9,level
2024-03-01,AST,GOODS,Товары,106.5,level
2024-04-01,AST,GOODS,Товары,105.9,level
2024-05-01,AST,GOODS,Товары,106.2,level
2024-06-01,AST,GOODS,Товары,105.8,level
2024-07-01,AST,GOODS,Товары,105.4,level
2024-08-01,AST,GOODS,Товары,105.9,level
2024-09-01,AST,GOODS,Товары,105.7,level
2024-10-01,AST,GOODS,Товары,105.9,level
2024-11-01,AST,GOODS,Товары,106.2,level
2024-12-01,AST,GOODS,Товары,106.2,level
2025-01-01,AST,GOODS,Товары,107.2,level
2025-02-01,AST,GOODS,Товары,108.2,level
2025-03-01,AST,GOODS,Товары,109.1,level
2025-04-01,AST,GOODS,Товары,109.2,level
2025-05-01,AST,GOODS,Товары,109.4,level
2025-06-01,AST,GOODS,Товары,110.2,level
2025-07-01,AST,GOODS,Товары,110.4,level
2025-08-01,AST,GOODS,Товары,110.5,level
2025-09-01,AST,GOODS,Товары,112.0,level
2025-10-01,AST,GOODS,Товары,112.4,level
2025-11-01,AST,GOODS,Товары,112.2,level
2025-12-01,AST,GOODS,Товары,112.1,level
2026-01-01,AST,GOODS,Товары,112.5,level
2026-02-01,AST,GOODS,Товары,112.1,level
2026-03-01,AST,GOODS,Товары,110.8,level
2026-04-01,AST,GOODS,Товары,110.9,level
2026-05-01,AST,GOODS,Товары,110.9,level
2026-06-01,AST,GOODS,Товары,110.4,level
2026-07-01,AST,GOODS,Товары,110.2,level
2026-08-01,AST,GOODS,Товары,110.2,level
2022-10-01,ATY,GOODS,Товары,119.4,level
2022-11-01,ATY,GOODS,Товары,120.6,level
2022-12-01,ATY,GOODS,Товары,121.5,level
2023-01-01,ATY,GOODS,Товары,121.4,level
2023-02-01,ATY,GOODS,Товары,122.1,level
2023-03-01,ATY,GOODS,Товары,118.6,level
2023-04-01,ATY,GOODS,Товары,116.9,level
2023-05-01,ATY,GOODS,Товары,115.2,level
2023-06-01,ATY,GOODS,Товары,113.2,level
2023-07-01,ATY,GOODS,Товары,112.2,level
2023-08-01,ATY,GOODS,Товары,110.7,level
2023-09-01,ATY,GOODS,Товары,110.3,level
2023-10-01,ATY,GOODS,Товары,110.0,level
2023-11-01,ATY,GOODS,Товары,108.5,level
2023-12-01,ATY,GOODS,Товары,107.6,level
2024-01-01,ATY,GOODS,Товары,107.4,level
2024-02-01,ATY,GOODS,Товары,106.9,level
2024-03-01,ATY,GOODS,Товары,106.3,level
2024-04-01,ATY,GOODS,Товары,106.8,level
2024-05-01,ATY,GOODS,Товары,106.4,level
2024-06-01,ATY,GOODS,Товары,105.9,level
2024-07-01,ATY,GOODS,Товары,105.9,level
2024-08-01,ATY,GOODS,Товары,106.9,level
2024-09-01,ATY,GOODS,Товары,106.5,level
2024-10-01,ATY,GOODS,Товары,106.8,level
2024-11-01,ATY,GOODS,Товары,107.5,level
2024-12-01,ATY,GOODS,Товары,108.0,level
2025-01-01,ATY,GOODS,Товары,108.2,level
2025-02-01,ATY,GOODS,Товары,108.5,level
2025-03-01,ATY,GOODS,Товары,109.2,level
2025-04-01,ATY,GOODS,Товары,108.6,level
2025-05-01,ATY,GOODS,Товары,109.1,level
2025-06-01,ATY,GOODS,Товары,109.5,level
2025-07-01,ATY,GOODS,Товары,109.8,level
2025-08-01,ATY,GOODS,Товары,109.8,level
2025-09-01,ATY,GOODS,Товары,110.8,level
2025-10-01,ATY,GOODS,Товары,110.6,level
2025-11-01,ATY,GOODS,Товары,110.5,level
2025-12-01,ATY,GOODS,Товары,110.1,level
2026-01-01,ATY,GOODS,Товары,110.2,level
2026-02-01,ATY,GOODS,Товары,110.5,level
2026-03-01,ATY,GOODS,Товары,109.6,level
2026-04-01,ATY,GOODS,Товары,110.1,level
2026-05-01,ATY,GOODS,Товары,109.9,level
2026-06-01,ATY,GOODS,Товары,110.0,level
2026-07-01,ATY,GOODS,Товары,109.8,level
2026-08-01,ATY,GOODS,Товары,109.4,level
2022-10-01,KRG,GOODS,Товары,117.9,level
2022-11-01,KRG,GOODS,Товары,118.4,level
2022-12-01,KRG,GOODS,Товары,118.7,level
2023-01-01,KRG,GOODS,Товары,118.5,level
2023-02-01,KRG,GOODS,Товары,118.8,level
2023-03-01,KRG,GOODS,Товары,115.6,level
2023-04-01,KRG,GOODS,Товары,115.0,level
2023-05-01,KRG,GOODS,Товары,113.0,level
2023-06-01,KRG,GOODS,Товары,111.7,level
2023-07-01,KRG,GOODS,Товары,111.8,level
2023-08-01,KRG,GOODS,Товары,109.8,level
2023-09-01,KRG,GOODS,Товары,108.6,level
2023-10-01,KRG,GOODS,Товары,108.4,level
2023-11-01,KRG,GOODS,Товары,107.7,level
2023-12-01,KRG,GOODS,Товары,107.1,level
2024-01-01,KRG,GOODS,Товары,107.1,level
2024-02-01,KRG,GOODS,Товары,107.1,level
2024-03-01,KRG,GOODS,Товары,106.5,level
2024-04-01,KRG,GOODS,Товары,106.4,level
2024-05-01,KRG,GOODS,Товары,106.7,level
2024-06-01,KRG,GOODS,Товары,106.7,level
2024-07-01,KRG,GOODS,Товары,106.2,level
2024-08-01,KRG,GOODS,Товары,106.9,level
2024-09-01,KRG,GOODS,Товары,106.4,level
2024-10-01,KRG,GOODS,Товары,106.8,level
2024-11-01,KRG,GOODS,Товары,107.2,level
2024-12-01,KRG,GOODS,Товары,108.0,level
2025-01-01,KRG,GOODS,Товары,108.6,level
2025-02-01,KRG,GOODS,Товары,109.7,level
2025-03-01,KRG,GOODS,Товары,110.8,level
2025-04-01,KRG,GOODS,Товары,110.6,level
2025-05-01,KRG,GOODS,Товары,110.6,level
2025-06-01,KRG,GOODS,Товары,111.1,level
2025-07-01,KRG,GOODS,Товары,111.4,level
2025-08-01,KRG,GOODS,Товары,111.5,level
2025-09-01,KRG,GOODS,Товары,112.6,level
2025-10-01,KRG,GOODS,Товары,112.2,level
2025-11-01,KRG,GOODS,Товары,111.9,level
2025-12-01,KRG,GOODS,Товары,111.5,level
2026-01-01,KRG,GOODS,Товары,111.2,level
2026-02-01,KRG,GOODS,Товары,110.1,level
2026-03-01,KRG,GOODS,Товары,109.3,level
2026-04-01,KRG,GOODS,Товары,109.8,level
2026-05-01,KRG,GOODS,Товары,110.2,level
2026-06-01,KRG,GOODS,Товары,109.9,level
2026-07-01,KRG,GOODS,Товары,109.4,level
2026-08-01,KRG,GOODS,Товары,108.7,level
2022-10-01,KST,GOODS,Товары,117.6,level
2022-11-01,KST,GOODS,Товары,118.0,level
2022-12-01,KST,GOODS,Товары,119.2,level
2023-01-01,KST,GOODS,Товары,119.5,level
2023-02-01,KST,GOODS,Товары,119.8,level
2023-03-01,KST,GOODS,Товары,115.8,level
2023-04-01,KST,GOODS,Товары,115.6,level
2023-05-01,KST,GOODS,Товары,115.0,level
2023-06-01,KST,GOODS,Товары,113.9,level
2023-07-01,KST,GOODS,Товары,113.2,level
2023-08-01,KST,GOODS,Товары,111.1,level
2023-09-01,KST,GOODS,Товары,110.0,level
2023-10-01,KST,GOODS,Товары,109.9,level
2023-11-01,KST,GOODS,Товары,108.9,level
2023-12-01,KST,GOODS,Товары,107.3,level
2024-01-01,KST,GOODS,Товары,106.8,level
2024-02-01,KST,GOODS,Товары,106.4,level
2024-03-01,KST,GOODS,Товары,105.9,level
2024-04-01,KST,GOODS,Товары,106.1,level
2024-05-01,KST,GOODS,Товары,105.5,level
2024-06-01,KST,GOODS,Товары,104.7,level
2024-07-01,KST,GOODS,Товары,104.4,level
2024-08-01,KST,GOODS,Товары,105.3,level
2024-09-01,KST,GOODS,Товары,105.2,level
2024-10-01,KST,GOODS,Товары,105.3,level
2024-11-01,KST,GOODS,Товары,105.7,level
2024-12-01,KST,GOODS,Товары,106.4,level
2025-01-01,KST,GOODS,Товары,107.2,level
2025-02-01,KST,GOODS,Товары,107.4,level
2025-03-01,KST,GOODS,Товары,108.1,level
2025-04-01,KST,GOODS,Товары,108.1,level
2025-05-01,KST,GOODS,Товары,108.5,level
2025-06-01,KST,GOODS,Товары,108.9,level
2025-07-01,KST,GOODS,Товары,109.0,level
2025-08-01,KST,GOODS,Товары,108.9,level
2025-09-01,KST,GOODS,Товары,110.0,level
2025-10-01,KST,GOODS,Товары,109.9,level
2025-11-01,KST,GOODS,Товары,110.5,level
2025-12-01,KST,GOODS,Товары,110.3,level
2026-01-01,KST,GOODS,Товары,109.9,level
2026-02-01,KST,GOODS,Товары,110.2,level
2026-03-01,KST,GOODS,Товары,109.5,level
2026-04-01,KST,GOODS,Товары,109.9,level
2026-05-01,KST,GOODS,Товары,109.8,level
2026-06-01,KST,GOODS,Товары,109.8,level
2026-07-01,KST,GOODS,Товары,109.8,level
2026-08-01,KST,GOODS,Товары,109.6,level
2022-10-01,KZL,GOODS,Товары,119.5,level
2022-11-01,KZL,GOODS,Товары,119.8,level
2022-12-01,KZL,GOODS,Товары,120.1,level
2023-01-01,KZL,GOODS,Товары,120.7,level
2023-02-01,KZL,GOODS,Товары,120.4,level
2023-03-01,KZL,GOODS,Товары,116.9,level
2023-04-01,KZL,GOODS,Товары,116.9,level
2023-05-01,KZL,GOODS,Товары,115.3,level
2023-06-01,KZL,GOODS,Товары,113.8,level
2023-07-01,KZL,GOODS,Товары,113.8,level
2023-08-01,KZL,GOODS,Товары,112.4,level
2023-09-01,KZL,GOODS,Товары,110.8,level
2023-10-01,KZL,GOODS,Товары,109.1,level
2023-11-01,KZL,GOODS,Товары,108.1,level
2023-12-01,KZL,GOODS,Товары,107.6,level
2024-01-01,KZL,GOODS,Товары,106.8,level
2024-02-01,KZL,GOODS,Товары,107.3,level
2024-03-01,KZL,GOODS,Товары,107.0,level
2024-04-01,KZL,GOODS,Товары,106.5,level
2024-05-01,KZL,GOODS,Товары,106.7,level
2024-06-01,KZL,GOODS,Товары,106.1,level
2024-07-01,KZL,GOODS,Товары,105.6,level
2024-08-01,KZL,GOODS,Товары,106.0,level
2024-09-01,KZL,GOODS,Товары,106.1,level
2024-10-01,KZL,GOODS,Товары,106.4,level
2024-11-01,KZL,GOODS,Товары,106.7,level
2024-12-01,KZL,GOODS,Товары,107.1,level
2025-01-01,KZL,GOODS,Товары,108.3,level
2025-02-01,KZL,GOODS,Товары,108.4,level
2025-03-01,KZL,GOODS,Товары,109.0,level
2025-04-01,KZL,GOODS,Товары,108.8,level
2025-05-01,KZL,GOODS,Товары,109.3,level
2025-06-01,KZL,GOODS,Товары,110.1,level
2025-07-01,KZL,GOODS,Товары,110.0,level
2025-08-01,KZL,GOODS,Товары,109.9,level
2025-09-01,KZL,GOODS,Товары,110.6,level
2025-10-01,KZL,GOODS,Товары,110.9,level
2025-11-01,KZL,GOODS,Товары,111.1,level
2025-12-01,KZL,GOODS,Товары,110.8,level
2026-01-01,KZL,GOODS,Товары,110.3,level
2026-02-01,KZL,GOODS,Товары,110.4,level
2026-03-01,KZL,GOODS,Товары,110.0,level
2026-04-01,KZL,GOODS,Товары,110.8,level
2026-05-01,KZL,GOODS,Товары,110.7,level
2026-06-01,KZL,GOODS,Товары,109.6,level
2026-07-01,KZL,GOODS,Товары,110.2,level
2026-08-01,KZL,GOODS,Товары,110.0,level
2022-10-01,MNG,GOODS,Товары,121.8,level
2022-11-01,MNG,GOODS,Товары,122.1,level
2022-12-01,MNG,GOODS,Товары,122.7,level
2023-01-01,MNG,GOODS,Товары,122.4,level
2023-02-01,MNG,GOODS,Товары,122.4,level
2023-03-01,MNG,GOODS,Товары,119.0,level
2023-04-01,MNG,GOODS,Товары,117.5,level
2023-05-01,MNG,GOODS,Товары,115.4,level
2023-06-01,MNG,GOODS,Товары,113.0,level
2023-07-01,MNG,GOODS,Товары,112.3,level
2023-08-01,MNG,GOODS,Товары,110.5,level
2023-09-01,MNG,GOODS,Товары,108.8,level
2023-10-01,MNG,GOODS,Товары,108.5,level
2023-11-01,MNG,GOODS,Товары,108.0,level
2023-12-01,MNG,GOODS,Товары,108.0,level
2024-01-01,MNG,GOODS,Товары,107.6,level
2024-02-01,MNG,GOODS,Товары,107.8,level
2024-03-01,MNG,GOODS,Товары,107.9,level
2024-04-01,MNG,GOODS,Товары,107.6,level
2024-05-01,MNG,GOODS,Товары,107.9,level
2024-06-01,MNG,GOODS,Товары,107.4,level
2024-07-01,MNG,GOODS,Товары,107.1,level
2024-08-01,MNG,GOODS,Товары,107.2,level
2024-09-01,MNG,GOODS,Товары,106.8,level
2024-10-01,MNG,GOODS,Товары,106.5,level
2024-11-01,MNG,GOODS,Товары,107.0,level
2024-12-01,MNG,GOODS,Товары,106.5,level
2025-01-01,MNG,GOODS,Товары,106.8,level
2025-02-01,MNG,GOODS,Товары,107.2,level
2025-03-01,MNG,GOODS,Товары,107.1,level
2025-04-01,MNG,GOODS,Товары,106.5,level
2025-05-01,MNG,GOODS,Товары,106.4,level
2025-06-01,MNG,GOODS,Товары,106.9,level
2025-07-01,MNG,GOODS,Товары,107.8,level
2025-08-01,MNG,GOODS,Товары,108.0,level
2025-09-01,MNG,GOODS,Товары,109.5,level
2025-10-01,MNG,GOODS,Товары,109.6,level
2025-11-01,MNG,GOODS,Товары,109.5,level
2025-12-01,MNG,GOODS,Товары,109.8,level
2026-01-01,MNG,GOODS,Товары,110.4,level
2026-02-01,MNG,GOODS,Товары,110.7,level
2026-03-01,MNG,GOODS,Товары,110.3,level
2026-04-01,MNG,GOODS,Товары,111.3,level
2026-05-01,MNG,GOODS,Товары,111.5,level
2026-06-01,MNG,GOODS,Товары,111.0,level
2026-07-01,MNG,GOODS,Товары,110.5,level
2026-08-01,MNG,GOODS,Товары,109.8,level
2022-10-01,PVL,GOODS,Товары,117.2,level
2022-11-01,PVL,GOODS,Товары,117.5,level
2022-12-01,PVL,GOODS,Товары,118.6,level
2023-01-01,PVL,GOODS,Товары,118.6,level
2023-02-01,PVL,GOODS,Товары,118.7,level
2023-03-01,PVL,GOODS,Товары,114.9,level
2023-04-01,PVL,GOODS,Товары,115.4,level
2023-05-01,PVL,GOODS,Товары,113.5,level
2023-06-01,PVL,GOODS,Товары,112.4,level
2023-07-01,PVL,GOODS,Товары,111.1,level
2023-08-01,PVL,GOODS,Товары,109.6,level
2023-09-01,PVL,GOODS,Товары,108.8,level
2023-10-01,PVL,GOODS,Товары,108.2,level
2023-11-01,PVL,GOODS,Товары,107.2,level
2023-12-01,PVL,GOODS,Товары,106.0,level
2024-01-01,PVL,GOODS,Товары,105.5,level
2024-02-01,PVL,GOODS,Товары,105.9,level
2024-03-01,PVL,GOODS,Товары,105.8,level
2024-04-01,PVL,GOODS,Товары,105.1,level
2024-05-01,PVL,GOODS,Товары,105.6,level
2024-06-01,PVL,GOODS,Товары,105.2,level
2024-07-01,PVL,GOODS,Товары,105.3,level
2024-08-01,PVL,GOODS,Товары,105.7,level
2024-09-01,PVL,GOODS,Товары,105.5,level
2024-10-01,PVL,GOODS,Товары,105.3,level
2024-11-01,PVL,GOODS,Товары,105.4,level
2024-12-01,PVL,GOODS,Товары,105.5,level
2025-01-01,PVL,GOODS,Товары,106.6,level
2025-02-01,PVL,GOODS,Товары,106.9,level
2025-03-01,PVL,GOODS,Товары,107.5,level
2025-04-01,PVL,GOODS,Товары,107.2,level
2025-05-01,PVL,GOODS,Товары,107.6,level
2025-06-01,PVL,GOODS,Товары,108.5,level
2025-07-01,PVL,GOODS,Товары,108.7,level
2025-08-01,PVL,GOODS,Товары,109.0,level
2025-09-01,PVL,GOODS,Товары,110.8,level
2025-10-01,PVL,GOODS,Товары,111.0,level
2025-11-01,PVL,GOODS,Товары,111.6,level
2025-12-01,PVL,GOODS,Товары,112.0,level
2026-01-01,PVL,GOODS,Товары,112.3,level
2026-02-01,PVL,GOODS,Товары,111.9,level
2026-03-01,PVL,GOODS,Товары,111.0,level
2026-04-01,PVL,GOODS,Товары,111.4,level
2026-05-01,PVL,GOODS,Товары,111.4,level
2026-06-01,PVL,GOODS,Товары,110.8,level
2026-07-01,PVL,GOODS,Товары,110.7,level
2026-08-01,PVL,GOODS,Товары,110.0,level
2022-10-01,SHM,GOODS,Товары,117.6,level
2022-11-01,SHM,GOODS,Товары,118.3,level
2022-12-01,SHM,GOODS,Товары,118.6,level
2023-01-01,SHM,GOODS,Товары,119.0,level
2023-02-01,SHM,GOODS,Товары,119.5,level
2023-03-01,SHM,GOODS,Товары,114.6,level
2023-04-01,SHM,GOODS,Товары,115.4,level
2023-05-01,SHM,GOODS,Товары,113.9,level
2023-06-01,SHM,GOODS,Товары,112.6,level
2023-07-01,SHM,GOODS,Товары,111.3,level
2023-08-01,SHM,GOODS,Товары,109.4,level
2023-09-01,SHM,GOODS,Товары,108.4,level
2023-10-01,SHM,GOODS,Товары,107.5,level
2023-11-01,SHM,GOODS,Товары,106.9,level
2023-12-01,SHM,GOODS,Товары,106.7,level
2024-01-01,SHM,GOODS,Товары,106.1,level
2024-02-01,SHM,GOODS,Товары,105.9,level
2024-03-01,SHM,GOODS,Товары,105.7,level
2024-04-01,SHM,GOODS,Товары,105.1,level
2024-05-01,SHM,GOODS,Товары,105.4,level
2024-06-01,SHM,GOODS,Товары,105.0,level
2024-07-01,SHM,GOODS,Товары,105.1,level
2024-08-01,SHM,GOODS,Товары,106.0,level
2024-09-01,SHM,GOODS,Товары,105.8,level
2024-10-01,SHM,GOODS,Товары,105.7,level
2024-11-01,SHM,GOODS,Товары,105.8,level
2024-12-01,SHM,GOODS,Товары,106.0,level
2025-01-01,SHM,GOODS,Товары,106.3,level
2025-02-01,SHM,GOODS,Товары,107.0,level
2025-03-01,SHM,GOODS,Товары,107.4,level
2025-04-01,SHM,GOODS,Товары,107.6,level
2025-05-01,SHM,GOODS,Товары,108.3,level
2025-06-01,SHM,GOODS,Товары,108.7,level
2025-07-01,SHM,GOODS,Товары,109.6,level
2025-08-01,SHM,GOODS,Товары,109.6,level
2025-09-01,SHM,GOODS,Товары,110.6,level
2025-10-01,SHM,GOODS,Товары,110.5,level
2025-11-01,SHM,GOODS,Товары,110.5,level
2025-12-01,SHM,GOODS,Товары,110.6,level
2026-01-01,SHM,GOODS,Товары,110.6,level
2026-02-01,SHM,GOODS,Товары,110.3,level
2026-03-01,SHM,GOODS,Товары,109.4,level
2026-04-01,SHM,GOODS,Товары,109.5,level
2026-05-01,SHM,GOODS,Товары,109.3,level
2026-06-01,SHM,GOODS,Товары,109.8,level
2026-07-01,SHM,GOODS,Товары,109.1,level
2026-08-01,SHM,GOODS,Товары,109.1,level
2022-10-01,SKO,GOODS,Товары,118.4,level
2022-11-01,SKO,GOODS,Товары,119.2,level
2022-12-01,SKO,GOODS,Товары,119.9,level
2023-01-01,SKO,GOODS,Товары,120.6,level
2023-02-01,SKO,GOODS,Товары,121.4,level
2023-03-01,SKO,GOODS,Товары,117.0,level
2023-04-01,SKO,GOODS,Товары,117.0,level
2023-05-01,SKO,GOODS,Товары,116.9,level
2023-06-01,SKO,GOODS,Товары,115.0,level
2023-07-01,SKO,GOODS,Товары,114.5,level
2023-08-01,SKO,GOODS,Товары,112.0,level
2023-09-01,SKO,GOODS,Товары,111.4,level
2023-10-01,SKO,GOODS,Товары,110.5,level
2023-11-01,SKO,GOODS,Товары,108.8,level
2023-12-01,SKO,GOODS,Товары,108.3,level
2024-01-01,SKO,GOODS,Товары,107.6,level
2024-02-01,SKO,GOODS,Товары,107.0,level
2024-03-01,SKO,GOODS,Товары,106.6,level
2024-04-01,SKO,GOODS,Товары,106.7,level
2024-05-01,SKO,GOODS,Товары,106.2,level
2024-06-01,SKO,GOODS,Товары,105.7,level
2024-07-01,SKO,GOODS,Товары,105.7,level
2024-08-01,SKO,GOODS,Товары,106.8,level
2024-09-01,SKO,GOODS,Товары,106.4,level
2024-10-01,SKO,GOODS,Товары,106.7,level
2024-11-01,SKO,GOODS,Товары,107.2,level
2024-12-01,SKO,GOODS,Товары,107.2,level
2025-01-01,SKO,GOODS,Товары,107.7,level
2025-02-01,SKO,GOODS,Товары,108.4,level
2025-03-01,SKO,GOODS,Товары,108.9,level
2025-04-01,SKO,GOODS,Товары,108.8,level
2025-05-01,SKO,GOODS,Товары,109.0,level
2025-06-01,SKO,GOODS,Товары,110.0,level
2025-07-01,SKO,GOODS,Товары,110.4,level
2025-08-01,SKO,GOODS,Товары,110.4,level
2025-09-01,SKO,GOODS,Товары,111.8,level
2025-10-01,SKO,GOODS,Товары,111.8,level
2025-11-01,SKO,GOODS,Товары,112.2,level
2025-12-01,SKO,GOODS,Товары,112.1,level
2026-01-01,SKO,GOODS,Товары,112.2,level
2026-02-01,SKO,GOODS,Товары,112.5,level
2026-03-01,SKO,GOODS,Товары,111.9,level
2026-04-01,SKO,GOODS,Товары,112.6,level
2026-05-01,SKO,GOODS,Товары,113.1,level
2026-06-01,SKO,GOODS,Товары,112.7,level
2026-07-01,SKO,GOODS,Товары,112.1,level
2026-08-01,SKO,GOODS,Товары,111.4,level
2022-10-01,TRK,GOODS,Товары,118.9,level
2022-11-01,TRK,GOODS,Товары,119.9,level
2022-12-01,TRK,GOODS,Товары,121.2,level
2023-01-01,TRK,GOODS,Товары,121.5,level
2023-02-01,TRK,GOODS,Товары,121.6,level
2023-03-01,TRK,GOODS,Товары,116.9,level
2023-04-01,TRK,GOODS,Товары,116.5,level
2023-05-01,TRK,GOODS,Товары,115.5,level
2023-06-01,TRK,GOODS,Товары,114.4,level
2023-07-01,TRK,GOODS,Товары,113.5,level
2023-08-01,TRK,GOODS,Товары,111.6,level
2023-09-01,TRK,GOODS,Товары,109.9,level
2023-10-01,TRK,GOODS,Товары,109.3,level
2023-11-01,TRK,GOODS,Товары,108.5,level
2023-12-01,TRK,GOODS,Товары,107.5,level
2024-01-01,TRK,GOODS,Товары,107.1,level
2024-02-01,TRK,GOODS,Товары,107.0,level
2024-03-01,TRK,GOODS,Товары,106.5,level
2024-04-01,TRK,GOODS,Товары,105.6,level
2024-05-01,TRK,GOODS,Товары,105.7,level
2024-06-01,TRK,GOODS,Товары,105.9,level
2024-07-01,TRK,GOODS,Товары,105.9,level
2024-08-01,TRK,GOODS,Товары,107.0,level
2024-09-01,TRK,GOODS,Товары,107.2,level
2024-10-01,TRK,GOODS,Товары,107.5,level
2024-11-01,TRK,GOODS,Товары,107.8,level
2024-12-01,TRK,GOODS,Товары,108.0,level
2025-01-01,TRK,GOODS,Товары,108.2,level
2025-02-01,TRK,GOODS,Товары,108.9,level
2025-03-01,TRK,GOODS,Товары,109.6,level
2025-04-01,TRK,GOODS,Товары,110.3,level
2025-05-01,TRK,GOODS,Товары,110.8,level
2025-06-01,TRK,GOODS,Товары,111.4,level
2025-07-01,TRK,GOODS,Товары,111.2,level
2025-08-01,TRK,GOODS,Товары,110.5,level
2025-09-01,TRK,GOODS,Товары,111.5,level
2025-10-01,TRK,GOODS,Товары,111.5,level
2025-11-01,TRK,GOODS,Товары,111.9,level
2025-12-01,TRK,GOODS,Товары,111.8,level
2026-01-01,TRK,GOODS,Товары,112.3,level
2026-02-01,TRK,GOODS,Товары,112.1,level
2026-03-01,TRK,GOODS,Товары,111.2,level
2026-04-01,TRK,GOODS,Товары,110.6,level
2026-05-01,TRK,GOODS,Товары,110.8,level
2026-06-01,TRK,GOODS,Товары,110.2,level
2026-07-01,TRK,GOODS,Товары,110.2,level
2026-08-01,TRK,GOODS,Товары,110.2,level
2022-10-01,ULT,GOODS,Товары,117.4,level
2022-11-01,ULT,GOODS,Товары,117.4,level
2022-12-01,ULT,GOODS,Товары,117.2,level
2023-01-01,ULT,GOODS,Товары,117.2,level
2023-02-01,ULT,GOODS,Товары,117.3,level
2023-03-01,ULT,GOODS,Товары,113.5,level
2023-04-01,ULT,GOODS,Товары,113.8,level
2023-05-01,ULT,GOODS,Товары,112.2,level
2023-06-01,ULT,GOODS,Товары,111.3,level
2023-07-01,ULT,GOODS,Товары,111.3,level
2023-08-01,ULT,GOODS,Товары,109.4,level
2023-09-01,ULT,GOODS,Товары,108.4,level
2023-10-01,ULT,GOODS,Товары,108.3,level
2023-11-01,ULT,GOODS,Товары,107.6,level
2023-12-01,ULT,GOODS,Товары,107.7,level
2024-01-01,ULT,GOODS,Товары,107.5,level
2024-02-01,ULT,GOODS,Товары,107.3,level
2024-03-01,ULT,GOODS,Товары,107.3,level
2024-04-01,ULT,GOODS,Товары,106.6,level
2024-05-01,ULT,GOODS,Товары,106.3,level
2024-06-01,ULT,GOODS,Товары,105.8,level
2024-07-01,ULT,GOODS,Товары,105.4,level
2024-08-01,ULT,GOODS,Товары,106.0,level
2024-09-01,ULT,GOODS,Товары,105.9,level
2024-10-01,ULT,GOODS,Товары,106.0,level
2024-11-01,ULT,GOODS,Товары,106.2,level
2024-12-01,ULT,GOODS,Товары,106.6,level
2025-01-01,ULT,GOODS,Товары,107.2,level
2025-02-01,ULT,GOODS,Товары,108.0,level
2025-03-01,ULT,GOODS,Товары,108.7,level
2025-04-01,ULT,GOODS,Товары,108.4,level
2025-05-01,ULT,GOODS,Товары,109.1,level
2025-06-01,ULT,GOODS,Товары,109.6,level
2025-07-01,ULT,GOODS,Товары,110.0,level
2025-08-01,ULT,GOODS,Товары,110.4,level
2025-09-01,ULT,GOODS,Товары,111.4,level
2025-10-01,ULT,GOODS,Товары,111.5,level
2025-11-01,ULT,GOODS,Товары,111.8,level
2025-12-01,ULT,GOODS,Товары,111.5,level
2026-01-01,ULT,GOODS,Товары,111.5,level
2026-02-01,ULT,GOODS,Товары,111.3,level
2026-03-01,ULT,GOODS,Товары,110.8,level
2026-04-01,ULT,GOODS,Товары,111.4,level
2026-05-01,ULT,GOODS,Товары,111.2,level
2026-06-01,ULT,GOODS,Товары,110.5,level
2026-07-01,ULT,GOODS,Товары,109.9,level
2026-08-01,ULT,GOODS,Товары,109.2,level
2022-10-01,VKO,GOODS,Товары,119.8,level
2022-11-01,VKO,GOODS,Товары,120.2,level
2022-12-01,VKO,GOODS,Товары,120.4,level
2023-01-01,VKO,GOODS,Товары,121.2,level
2023-02-01,VKO,GOODS,Товары,121.8,level
2023-03-01,VKO,GOODS,Товары,118.9,level
2023-04-01,VKO,GOODS,Товары,118.2,level
2023-05-01,VKO,GOODS,Товары,116.8,level
2023-06-01,VKO,GOODS,Товары,116.2,level
2023-07-01,VKO,GOODS,Товары,114.4,level
2023-08-01,VKO,GOODS,Товары,112.5,level
2023-09-01,VKO,GOODS,Товары,110.2,level
2023-10-01,VKO,GOODS,Товары,109.7,level
2023-11-01,VKO,GOODS,Товары,108.1,level
2023-12-01,VKO,GOODS,Товары,107.5,level
2024-01-01,VKO,GOODS,Товары,106.8,level
2024-02-01,VKO,GOODS,Товары,106.6,level
2024-03-01,VKO,GOODS,Товары,105.6,level
2024-04-01,VKO,GOODS,Товары,105.4,level
2024-05-01,VKO,GOODS,Товары,105.3,level
2024-06-01,VKO,GOODS,Товары,104.6,level
2024-07-01,VKO,GOODS,Товары,104.7,level
2024-08-01,VKO,GOODS,Товары,105.5,level
2024-09-01,VKO,GOODS,Товары,105.8,level
2024-10-01,VKO,GOODS,Товары,106.3,level
2024-11-01,VKO,GOODS,Товары,106.8,level
2024-12-01,VKO,GOODS,Товары,107.3,level
2025-01-01,VKO,GOODS,Товары,107.7,level
2025-02-01,VKO,GOODS,Товары,107.7,level
2025-03-01,VKO,GOODS,Товары,108.3,level
2025-04-01,VKO,GOODS,Товары,108.0,level
2025-05-01,VKO,GOODS,Товары,108.4,level
2025-06-01,VKO,GOODS,Товары,109.6,level
2025-07-01,VKO,GOODS,Товары,109.7,level
2025-08-01,VKO,GOODS,Товары,109.4,level
2025-09-01,VKO,GOODS,Товары,110.3,level
2025-10-01,VKO,GOODS,Товары,110.3,level
2025-11-01,VKO,GOODS,Товары,110.7,level
2025-12-01,VKO,GOODS,Товары,110.7,level
2026-01-01,VKO,GOODS,Товары,111.1,level
2026-02-01,VKO,GOODS,Товары,111.6,level
2026-03-01,VKO,GOODS,Товары,111.3,level
2026-04-01,VKO,GOODS,Товары,112.0,level
2026-05-01,VKO,GOODS,Товары,112.1,level
2026-06-01,VKO,GOODS,Товары,111.2,level
2026-07-01,VKO,GOODS,Товары,111.0,level
2026-08-01,VKO,GOODS,Товары,111.0,level
2022-10-01,ZHM,GOODS,Товары,118.0,level
2022-11-01,ZHM,GOODS,Товары,118.6,level
2022-12-01,ZHM,GOODS,Товары,119.9,level
2023-01-01,ZHM,GOODS,Товары,120.5,level
2023-02-01,ZHM,GOODS,Товары,120.7,level
2023-03-01,ZHM,GOODS,Товары,116.1,level
2023-04-01,ZHM,GOODS,Товары,116.8,level
2023-05-01,ZHM,GOODS,Товары,116.0,level
2023-06-01,ZHM,GOODS,Товары,115.1,level
2023-07-01,ZHM,GOODS,Товары,114.5,level
2023-08-01,ZHM,GOODS,Товары,112.9,level
2023-09-01,ZHM,GOODS,Товары,111.9,level
2023-10-01,ZHM,GOODS,Товары,111.3,level
2023-11-01,ZHM,GOODS,Товары,109.8,level
2023-12-01,ZHM,GOODS,Товары,108.2,level
2024-01-01,ZHM,GOODS,Товары,107.3,level
2024-02-01,ZHM,GOODS,Товары,107.5,level
2024-03-01,ZHM,GOODS,Товары,106.3,level
2024-04-01,ZHM,GOODS,Товары,105.4,level
2024-05-01,ZHM,GOODS,Товары,104.8,level
2024-06-01,ZHM,GOODS,Товары,104.6,level
2024-07-01,ZHM,GOODS,Товары,104.3,level
2024-08-01,ZHM,GOODS,Товары,104.6,level
2024-09-01,ZHM,GOODS,Товары,104.0,level
2024-10-01,ZHM,GOODS,Товары,104.1,level
2024-11-01,ZHM,GOODS,Товары,104.6,level
2024-12-01,ZHM,GOODS,Товары,105.5,level
2025-01-01,ZHM,GOODS,Товары,106.0,level
2025-02-01,ZHM,GOODS,Товары,106.0,level
2025-03-01,ZHM,GOODS,Товары,106.7,level
2025-04-01,ZHM,GOODS,Товары,106.4,level
2025-05-01,ZHM,GOODS,Товары,107.2,level
2025-06-01,ZHM,GOODS,Товары,107.8,level
2025-07-01,ZHM,GOODS,Товары,108.3,level
2025-08-01,ZHM,GOODS,Товары,108.0,level
2025-09-01,ZHM,GOODS,Товары,109.5,level
2025-10-01,ZHM,GOODS,Товары,109.4,level
2025-11-01,ZHM,GOODS,Товары,109.7,level
2025-12-01,ZHM,GOODS,Товары,109.2,level
2026-01-01,ZHM,GOODS,Товары,109.5,level
2026-02-01,ZHM,GOODS,Товары,110.2,level
2026-03-01,ZHM,GOODS,Товары,110.1,level
2026-04-01,ZHM,GOODS,Товары,111.1,level
2026-05-01,ZHM,GOODS,Товары,111.2,level
2026-06-01,ZHM,GOODS,Товары,110.0,level
2026-07-01,ZHM,GOODS,Товары,110.0,level
2026-08-01,ZHM,GOODS,Товары,110.3,level
2022-10-01,ZHT,GOODS,Товары,120.5,level
2022-11-01,ZHT,GOODS,Товары,120.8,level
2022-12-01,ZHT,GOODS,Товары,120.7,level
2023-01-01,ZHT,GOODS,Товары,120.9,level
2023-02-01,ZHT,GOODS,Товары,121.1,level
2023-03-01,ZHT,GOODS,Товары,117.5,level
2023-04-01,ZHT,GOODS,Товары,117.6,level
2023-05-01,ZHT,GOODS,Товары,115.9,level
2023-06-01,ZHT,GOODS,Товары,112.3,level
2023-07-01,ZHT,GOODS,Товары,111.7,level
2023-08-01,ZHT,GOODS,Товары,109.4,level
2023-09-01,ZHT,GOODS,Товары,108.2,level
2023-10-01,ZHT,GOODS,Товары,108.1,level
2023-11-01,ZHT,GOODS,Товары,106.6,level
2023-12-01,ZHT,GOODS,Товары,105.8,level
2024-01-01,ZHT,GOODS,Товары,105.4,level
2024-02-01,ZHT,GOODS,Товары,105.3,level
2024-03-01,ZHT,GOODS,Товары,105.1,level
2024-04-01,ZHT,GOODS,Товары,105.1,level
2024-05-01,ZHT,GOODS,Товары,105.3,level
2024-06-01,ZHT,GOODS,Товары,104.9,level
2024-07-01,ZHT,GOODS,Товары,104.7,level
2024-08-01,ZHT,GOODS,Товары,105.6,level
2024-09-01,ZHT,GOODS,Товары,105.5,level
2024-10-01,ZHT,GOODS,Товары,105.4,level
2024-11-01,ZHT,GOODS,Товары,106.0,level
2024-12-01,ZHT,GOODS,Товары,106.8,level
2025-01-01,ZHT,GOODS,Товары,106.8,level
2025-02-01,ZHT,GOODS,Товары,107.1,level
2025-03-01,ZHT,GOODS,Товары,107.1,level
2025-04-01,ZHT,GOODS,Товары,107.8,level
2025-05-01,ZHT,GOODS,Товары,108.5,level
2025-06-01,ZHT,GOODS,Товары,109.7,level
2025-07-01,ZHT,GOODS,Товары,110.1,level
2025-08-01,ZHT,GOODS,Товары,110.0,level
2025-09-01,ZHT,GOODS,Товары,111.5,level
2025-10-01,ZHT,GOODS,Товары,111.4,level
2025-11-01,ZHT,GOODS,Товары,111.5,level
2025-12-01,ZHT,GOODS,Товары,111.1,level
2026-01-01,ZHT,GOODS,Товары,111.7,level
2026-02-01,ZHT,GOODS,Товары,111.6,level
2026-03-01,ZHT,GOODS,Товары,111.5,level
2026-04-01,ZHT,GOODS,Товары,110.9,level
2026-05-01,ZHT,GOODS,Товары,110.6,level
2026-06-01,ZHT,GOODS,Товары,110.7,level
2026-07-01,ZHT,GOODS,Товары,110.7,level
2026-08-01,ZHT,GOODS,Товары,109.8,level
2022-10-01,ZKO,GOODS,Товары,117.8,level
2022-11-01,ZKO,GOODS,Товары,118.0,level
2022-12-01,ZKO,GOODS,Товары,119.1,level
2023-01-01,ZKO,GOODS,Товары,119.7,level
2023-02-01,ZKO,GOODS,Товары,120.0,level
2023-03-01,ZKO,GOODS,Товары,117.1,level
2023-04-01,ZKO,GOODS,Товары,117.1,level
2023-05-01,ZKO,GOODS,Товары,115.7,level
2023-06-01,ZKO,GOODS,Товары,113.7,level
2023-07-01,ZKO,GOODS,Товары,113.3,level
2023-08-01,ZKO,GOODS,Товары,110.9,level
2023-09-01,ZKO,GOODS,Товары,109.8,level
2023-10-01,ZKO,GOODS,Товары,109.4,level
2023-11-01,ZKO,GOODS,Товары,108.7,level
2023-12-01,ZKO,GOODS,Товары,107.9,level
2024-01-01,ZKO,GOODS,Товары,107.0,level
2024-02-01,ZKO,GOODS,Товары,107.2,level
2024-03-01,ZKO,GOODS,Товары,107.1,level
2024-04-01,ZKO,GOODS,Товары,106.2,level
2024-05-01,ZKO,GOODS,Товары,106.2,level
2024-06-01,ZKO,GOODS,Товары,106.2,level
2024-07-01,ZKO,GOODS,Товары,105.6,level
2024-08-01,ZKO,GOODS,Товары,106.6,level
2024-09-01,ZKO,GOODS,Товары,106.7,level
2024-10-01,ZKO,GOODS,Товары,106.9,level
2024-11-01,ZKO,GOODS,Товары,107.3,level
2024-12-01,ZKO,GOODS,Товары,106.7,level
2025-01-01,ZKO,GOODS,Товары,107.8,level
2025-02-01,ZKO,GOODS,Товары,108.1,level
2025-03-01,ZKO,GOODS,Товары,108.5,level
2025-04-01,ZKO,GOODS,Товары,108.3,level
2025-05-01,ZKO,GOODS,Товары,108.7,level
2025-06-01,ZKO,GOODS,Товары,108.9,level
2025-07-01,ZKO,GOODS,Товары,109.1,level
2025-08-01,ZKO,GOODS,Товары,109.1,level
2025-09-01,ZKO,GOODS,Товары,110.0,level
2025-10-01,ZKO,GOODS,Товары,109.8,level
2025-11-01,ZKO,GOODS,Товары,109.7,level
2025-12-01,ZKO,GOODS,Товары,109.6,level
2026-01-01,ZKO,GOODS,Товары,108.9,level
2026-02-01,ZKO,GOODS,Товары,109.2,level
2026-03-01,ZKO,GOODS,Товары,109.0,level
2026-04-01,ZKO,GOODS,Товары,109.4,level
2026-05-01,ZKO,GOODS,Товары,109.1,level
2026-06-01,ZKO,GOODS,Товары,109.6,level
2026-07-01,ZKO,GOODS,Товары,109.5,level
2026-08-01,ZKO,GOODS,Товары,109.3,level
2022-10-01,national,GOODS,Товары,119.0,level
2022-11-01,national,GOODS,Товары,119.6,level
2022-12-01,national,GOODS,Товары,120.2,level
2023-01-01,national,GOODS,Товары,120.5,level
2023-02-01,national,GOODS,Товары,120.7,level
2023-03-01,national,GOODS,Товары,116.9,level
2023-04-01,national,GOODS,Товары,116.7,level
2023-05-01,national,GOODS,Товары,115.3,level
2023-06-01,national,GOODS,Товары,113.8,level
2023-07-01,national,GOODS,Товары,113.2,level
2023-08-01,national,GOODS,Товары,111.2,level
2023-09-01,national,GOODS,Товары,109.9,level
2023-10-01,national,GOODS,Товары,109.3,level
2023-11-01,national,GOODS,Товары,108.1,level
2023-12-01,national,GOODS,Товары,107.3,level
2024-01-01,national,GOODS,Товары,106.9,level
2024-02-01,national,GOODS,Товары,106.8,level
2024-03-01,national,GOODS,Товары,106.4,level
2024-04-01,national,GOODS,Товары,105.9,level
2024-05-01,national,GOODS,Товары,106.0,level
2024-06-01,national,GOODS,Товары,105.6,level
2024-07-01,national,GOODS,Товары,105.4,level
2024-08-01,national,GOODS,Товары,106.2,level
2024-09-01,national,GOODS,Товары,106.0,level
2024-10-01,national,GOODS,Товары,106.2,level
2024-11-01,national,GOODS,Товары,106.6,level
2024-12-01,national,GOODS,Товары,107.0,level
2025-01-01,national,GOODS,Товары,107.6,level
2025-02-01,national,GOODS,Товары,108.0,level
2025-03-01,national,GOODS,Товары,108.6,level
2025-04-01,national,GOODS,Товары,108.4,level
2025-05-01,national,GOODS,Товары,108.8,level
2025-06-01,national,GOODS,Товары,109.5,level
2025-07-01,national,GOODS,Товары,109.6,level
2025-08-01,national,GOODS,Товары,109.4,level
2025-09-01,national,GOODS,Товары,110.6,level
2025-10-01,national,GOODS,Товары,110.6,level
2025-11-01,national,GOODS,Товары,110.8,level
2025-12-01,national,GOODS,Товары,110.6,level
2026-01-01,national,GOODS,Товары,110.6,level
2026-02-01,national,GOODS,Товары,110.7,level
2026-03-01,national,GOODS,Товары,109.9,level
2026-04-01,national,GOODS,Товары,110.3,level
2026-05-01,national,GOODS,Товары,110.2,level
2026-06-01,national,GOODS,Товары,109.8,level
2026-07-01,national,GOODS,Товары,109.7,level
2026-08-01,national,GOODS,Товары,109.5,level
2022-10-01,ABY,NONFOOD,Непродовольственные товары,116.6,level
2022-11-01,ABY,NONFOOD,Непродовольственные товары,115.8,level
2022-12-01,ABY,NONFOOD,Непродовольственные товары,116.0,level
2023-01-01,ABY,NONFOOD,Непродовольственные товары,116.1,level
2023-02-01,ABY,NONFOOD,Непродовольственные товары,116.1,level
2023-03-01,ABY,NONFOOD,Непродовольственные товары,113.0,level
2023-04-01,ABY,NONFOOD,Непродовольственные товары,114.0,level
2023-05-01,ABY,NONFOOD,Непродовольственные товары,112.2,level
2023-06-01,ABY,NONFOOD,Непродовольственные товары,111.4,level
2023-07-01,ABY,NONFOOD,Непродовольственные товары,110.5,level
2023-08-01,ABY,NONFOOD,Непродовольственные товары,107.6,level
2023-09-01,ABY,NONFOOD,Непродовольственные товары,106.2,level
2023-10-01,ABY,NONFOOD,Непродовольственные товары,106.0,level
2023-11-01,ABY,NONFOOD,Непродовольственные товары,105.4,level
2023-12-01,ABY,NONFOOD,Непродовольственные товары,104.9,level
2024-01-01,ABY,NONFOOD,Непродовольственные товары,104.3,level
2024-02-01,ABY,NONFOOD,Непродовольственные товары,104.5,level
2024-03-01,ABY,NONFOOD,Непродовольственные товары,104.3,level
2024-04-01,ABY,NONFOOD,Непродовольственные товары,103.4,level
2024-05-01,ABY,NONFOOD,Непродовольственные товары,104.1,level
2024-06-01,ABY,NONFOOD,Непродовольственные товары,103.7,level
2024-07-01,ABY,NONFOOD,Непродовольственные товары,103.4,level
2024-08-01,ABY,NONFOOD,Непродовольственные товары,104.6,level
2024-09-01,ABY,NONFOOD,Непродовольственные товары,104.9,level
2024-10-01,ABY,NONFOOD,Непродовольственные товары,105.5,level
2024-11-01,ABY,NONFOOD,Непродовольственные товары,106.4,level
2024-12-01,ABY,NONFOOD,Непродовольственные товары,106.6,level
2025-01-01,ABY,NONFOOD,Непродовольственные товары,107.4,level
2025-02-01,ABY,NONFOOD,Непродовольственные товары,107.5,level
2025-03-01,ABY,NONFOOD,Непродовольственные товары,107.8,level
2025-04-01,ABY,NONFOOD,Непродовольственные товары,107.8,level
2025-05-01,ABY,NONFOOD,Непродовольственные товары,108.1,level
2025-06-01,ABY,NONFOOD,Непродовольственные товары,109.4,level
2025-07-01,ABY,NONFOOD,Непродовольственные товары,110.2,level
2025-08-01,ABY,NONFOOD,Непродовольственные товары,109.7,level
2025-09-01,ABY,NONFOOD,Непродовольственные товары,110.5,level
2025-10-01,ABY,NONFOOD,Непродовольственные товары,109.9,level
2025-11-01,ABY,NONFOOD,Непродовольственные товары,110.2,level
2025-12-01,ABY,NONFOOD,Непродовольственные товары,110.4,level
2026-01-01,ABY,NONFOOD,Непродовольственные товары,110.9,level
2026-02-01,ABY,NONFOOD,Непродовольственные товары,111.4,level
2026-03-01,ABY,NONFOOD,Непродовольственные товары,110.8,level
2026-04-01,ABY,NONFOOD,Непродовольственные товары,110.8,level
2026-05-01,ABY,NONFOOD,Непродовольственные товары,111.1,level
2026-06-01,ABY,NONFOOD,Непродовольственные товары,110.5,level
2026-07-01,ABY,NONFOOD,Непродовольственные товары,109.8,level
2026-08-01,ABY,NONFOOD,Непродовольственные товары,110.0,level
2022-10-01,AKM,NONFOOD,Непродовольственные товары,117.1,level
2022-11-01,AKM,NONFOOD,Непродовольственные товары,118.4,level
2022-12-01,AKM,NONFOOD,Непродовольственные товары,117.9,level
2023-01-01,AKM,NONFOOD,Непродовольственные товары,118.2,level
2023-02-01,AKM,NONFOOD,Непродовольственные товары,117.7,level
2023-03-01,AKM,NONFOOD,Непродовольственные товары,114.2,level
2023-04-01,AKM,NONFOOD,Непродовольственные товары,115.0,level
2023-05-01,AKM,NONFOOD,Непродовольственные товары,115.1,level
2023-06-01,AKM,NONFOOD,Непродовольственные товары,113.9,level
2023-07-01,AKM,NONFOOD,Непродовольственные товары,113.9,level
2023-08-01,AKM,NONFOOD,Непродовольственные товары,110.8,level
2023-09-01,AKM,NONFOOD,Непродовольственные товары,110.1,level
2023-10-01,AKM,NONFOOD,Непродовольственные товары,110.0,level
2023-11-01,AKM,NONFOOD,Непродовольственные товары,107.6,level
2023-12-01,AKM,NONFOOD,Непродовольственные товары,107.2,level
2024-01-01,AKM,NONFOOD,Непродовольственные товары,106.6,level
2024-02-01,AKM,NONFOOD,Непродовольственные товары,106.9,level
2024-03-01,AKM,NONFOOD,Непродовольственные товары,106.5,level
2024-04-01,AKM,NONFOOD,Непродовольственные товары,106.4,level
2024-05-01,AKM,NONFOOD,Непродовольственные товары,106.4,level
2024-06-01,AKM,NONFOOD,Непродовольственные товары,105.3,level
2024-07-01,AKM,NONFOOD,Непродовольственные товары,104.9,level
2024-08-01,AKM,NONFOOD,Непродовольственные товары,105.3,level
2024-09-01,AKM,NONFOOD,Непродовольственные товары,105.2,level
2024-10-01,AKM,NONFOOD,Непродовольственные товары,105.6,level
2024-11-01,AKM,NONFOOD,Непродовольственные товары,106.1,level
2024-12-01,AKM,NONFOOD,Непродовольственные товары,106.3,level
2025-01-01,AKM,NONFOOD,Непродовольственные товары,106.9,level
2025-02-01,AKM,NONFOOD,Непродовольственные товары,106.9,level
2025-03-01,AKM,NONFOOD,Непродовольственные товары,107.1,level
2025-04-01,AKM,NONFOOD,Непродовольственные товары,106.9,level
2025-05-01,AKM,NONFOOD,Непродовольственные товары,107.2,level
2025-06-01,AKM,NONFOOD,Непродовольственные товары,108.0,level
2025-07-01,AKM,NONFOOD,Непродовольственные товары,108.1,level
2025-08-01,AKM,NONFOOD,Непродовольственные товары,107.8,level
2025-09-01,AKM,NONFOOD,Непродовольственные товары,109.6,level
2025-10-01,AKM,NONFOOD,Непродовольственные товары,109.2,level
2025-11-01,AKM,NONFOOD,Непродовольственные товары,110.1,level
2025-12-01,AKM,NONFOOD,Непродовольственные товары,110.3,level
2026-01-01,AKM,NONFOOD,Непродовольственные товары,110.8,level
2026-02-01,AKM,NONFOOD,Непродовольственные товары,111.0,level
2026-03-01,AKM,NONFOOD,Непродовольственные товары,110.8,level
2026-04-01,AKM,NONFOOD,Непродовольственные товары,111.4,level
2026-05-01,AKM,NONFOOD,Непродовольственные товары,111.0,level
2026-06-01,AKM,NONFOOD,Непродовольственные товары,110.8,level
2026-07-01,AKM,NONFOOD,Непродовольственные товары,110.8,level
2026-08-01,AKM,NONFOOD,Непродовольственные товары,110.9,level
2022-10-01,AKT,NONFOOD,Непродовольственные товары,116.3,level
2022-11-01,AKT,NONFOOD,Непродовольственные товары,116.2,level
2022-12-01,AKT,NONFOOD,Непродовольственные товары,116.4,level
2023-01-01,AKT,NONFOOD,Непродовольственные товары,116.0,level
2023-02-01,AKT,NONFOOD,Непродовольственные товары,115.2,level
2023-03-01,AKT,NONFOOD,Непродовольственные товары,113.2,level
2023-04-01,AKT,NONFOOD,Непродовольственные товары,114.0,level
2023-05-01,AKT,NONFOOD,Непродовольственные товары,113.1,level
2023-06-01,AKT,NONFOOD,Непродовольственные товары,111.7,level
2023-07-01,AKT,NONFOOD,Непродовольственные товары,111.1,level
2023-08-01,AKT,NONFOOD,Непродовольственные товары,108.6,level
2023-09-01,AKT,NONFOOD,Непродовольственные товары,107.5,level
2023-10-01,AKT,NONFOOD,Непродовольственные товары,107.2,level
2023-11-01,AKT,NONFOOD,Непродовольственные товары,106.3,level
2023-12-01,AKT,NONFOOD,Непродовольственные товары,105.5,level
2024-01-01,AKT,NONFOOD,Непродовольственные товары,105.2,level
2024-02-01,AKT,NONFOOD,Непродовольственные товары,105.6,level
2024-03-01,AKT,NONFOOD,Непродовольственные товары,105.0,level
2024-04-01,AKT,NONFOOD,Непродовольственные товары,105.0,level
2024-05-01,AKT,NONFOOD,Непродовольственные товары,105.1,level
2024-06-01,AKT,NONFOOD,Непродовольственные товары,104.8,level
2024-07-01,AKT,NONFOOD,Непродовольственные товары,104.4,level
2024-08-01,AKT,NONFOOD,Непродовольственные товары,105.5,level
2024-09-01,AKT,NONFOOD,Непродовольственные товары,105.1,level
2024-10-01,AKT,NONFOOD,Непродовольственные товары,105.5,level
2024-11-01,AKT,NONFOOD,Непродовольственные товары,106.3,level
2024-12-01,AKT,NONFOOD,Непродовольственные товары,106.5,level
2025-01-01,AKT,NONFOOD,Непродовольственные товары,107.5,level
2025-02-01,AKT,NONFOOD,Непродовольственные товары,108.2,level
2025-03-01,AKT,NONFOOD,Непродовольственные товары,108.9,level
2025-04-01,AKT,NONFOOD,Непродовольственные товары,108.6,level
2025-05-01,AKT,NONFOOD,Непродовольственные товары,109.0,level
2025-06-01,AKT,NONFOOD,Непродовольственные товары,109.6,level
2025-07-01,AKT,NONFOOD,Непродовольственные товары,109.6,level
2025-08-01,AKT,NONFOOD,Непродовольственные товары,110.3,level
2025-09-01,AKT,NONFOOD,Непродовольственные товары,111.9,level
2025-10-01,AKT,NONFOOD,Непродовольственные товары,111.7,level
2025-11-01,AKT,NONFOOD,Непродовольственные товары,111.5,level
2025-12-01,AKT,NONFOOD,Непродовольственные товары,111.0,level
2026-01-01,AKT,NONFOOD,Непродовольственные товары,111.0,level
2026-02-01,AKT,NONFOOD,Непродовольственные товары,110.6,level
2026-03-01,AKT,NONFOOD,Непродовольственные товары,110.4,level
2026-04-01,AKT,NONFOOD,Непродовольственные товары,111.4,level
2026-05-01,AKT,NONFOOD,Непродовольственные товары,112.1,level
2026-06-01,AKT,NONFOOD,Непродовольственные товары,111.6,level
2026-07-01,AKT,NONFOOD,Непродовольственные товары,111.5,level
2026-08-01,AKT,NONFOOD,Непродовольственные товары,110.1,level
2022-10-01,ALA,NONFOOD,Непродовольственные товары,115.0,level
2022-11-01,ALA,NONFOOD,Непродовольственные товары,115.6,level
2022-12-01,ALA,NONFOOD,Непродовольственные товары,117.3,level
2023-01-01,ALA,NONFOOD,Непродовольственные товары,117.6,level
2023-02-01,ALA,NONFOOD,Непродовольственные товары,117.8,level
2023-03-01,ALA,NONFOOD,Непродовольственные товары,115.2,level
2023-04-01,ALA,NONFOOD,Непродовольственные товары,116.5,level
2023-05-01,ALA,NONFOOD,Непродовольственные товары,116.3,level
2023-06-01,ALA,NONFOOD,Непродовольственные товары,115.4,level
2023-07-01,ALA,NONFOOD,Непродовольственные товары,115.4,level
2023-08-01,ALA,NONFOOD,Непродовольственные товары,113.3,level
2023-09-01,ALA,NONFOOD,Непродовольственные товары,112.2,level
2023-10-01,ALA,NONFOOD,Непродовольственные товары,111.3,level
2023-11-01,ALA,NONFOOD,Непродовольственные товары,109.8,level
2023-12-01,ALA,NONFOOD,Непродовольственные товары,107.4,level
2024-01-01,ALA,NONFOOD,Непродовольственные товары,106.9,level
2024-02-01,ALA,NONFOOD,Непродовольственные товары,107.2,level
2024-03-01,ALA,NONFOOD,Непродовольственные товары,106.6,level
2024-04-01,ALA,NONFOOD,Непродовольственные товары,105.4,level
2024-05-01,ALA,NONFOOD,Непродовольственные товары,105.4,level
2024-06-01,ALA,NONFOOD,Непродовольственные товары,104.8,level
2024-07-01,ALA,NONFOOD,Непродовольственные товары,104.3,level
2024-08-01,ALA,NONFOOD,Непродовольственные товары,105.7,level
2024-09-01,ALA,NONFOOD,Непродовольственные товары,105.2,level
2024-10-01,ALA,NONFOOD,Непродовольственные товары,105.3,level
2024-11-01,ALA,NONFOOD,Непродовольственные товары,105.7,level
2024-12-01,ALA,NONFOOD,Непродовольственные товары,106.5,level
2025-01-01,ALA,NONFOOD,Непродовольственные товары,106.8,level
2025-02-01,ALA,NONFOOD,Непродовольственные товары,106.7,level
2025-03-01,ALA,NONFOOD,Непродовольственные товары,107.1,level
2025-04-01,ALA,NONFOOD,Непродовольственные товары,106.4,level
2025-05-01,ALA,NONFOOD,Непродовольственные товары,106.5,level
2025-06-01,ALA,NONFOOD,Непродовольственные товары,107.1,level
2025-07-01,ALA,NONFOOD,Непродовольственные товары,107.1,level
2025-08-01,ALA,NONFOOD,Непродовольственные товары,106.1,level
2025-09-01,ALA,NONFOOD,Непродовольственные товары,107.5,level
2025-10-01,ALA,NONFOOD,Непродовольственные товары,107.4,level
2025-11-01,ALA,NONFOOD,Непродовольственные товары,108.1,level
2025-12-01,ALA,NONFOOD,Непродовольственные товары,107.7,level
2026-01-01,ALA,NONFOOD,Непродовольственные товары,108.3,level
2026-02-01,ALA,NONFOOD,Непродовольственные товары,108.4,level
2026-03-01,ALA,NONFOOD,Непродовольственные товары,107.5,level
2026-04-01,ALA,NONFOOD,Непродовольственные товары,108.2,level
2026-05-01,ALA,NONFOOD,Непродовольственные товары,108.2,level
2026-06-01,ALA,NONFOOD,Непродовольственные товары,108.0,level
2026-07-01,ALA,NONFOOD,Непродовольственные товары,108.0,level
2026-08-01,ALA,NONFOOD,Непродовольственные товары,108.7,level
2022-10-01,ALM,NONFOOD,Непродовольственные товары,115.8,level
2022-11-01,ALM,NONFOOD,Непродовольственные товары,115.7,level
2022-12-01,ALM,NONFOOD,Непродовольственные товары,114.7,level
2023-01-01,ALM,NONFOOD,Непродовольственные товары,114.7,level
2023-02-01,ALM,NONFOOD,Непродовольственные товары,115.0,level
2023-03-01,ALM,NONFOOD,Непродовольственные товары,111.6,level
2023-04-01,ALM,NONFOOD,Непродовольственные товары,114.0,level
2023-05-01,ALM,NONFOOD,Непродовольственные товары,111.9,level
2023-06-01,ALM,NONFOOD,Непродовольственные товары,110.0,level
2023-07-01,ALM,NONFOOD,Непродовольственные товары,109.6,level
2023-08-01,ALM,NONFOOD,Непродовольственные товары,108.0,level
2023-09-01,ALM,NONFOOD,Непродовольственные товары,106.5,level
2023-10-01,ALM,NONFOOD,Непродовольственные товары,106.0,level
2023-11-01,ALM,NONFOOD,Непродовольственные товары,105.3,level
2023-12-01,ALM,NONFOOD,Непродовольственные товары,105.0,level
2024-01-01,ALM,NONFOOD,Непродовольственные товары,105.3,level
2024-02-01,ALM,NONFOOD,Непродовольственные товары,105.9,level
2024-03-01,ALM,NONFOOD,Непродовольственные товары,105.8,level
2024-04-01,ALM,NONFOOD,Непродовольственные товары,104.5,level
2024-05-01,ALM,NONFOOD,Непродовольственные товары,105.4,level
2024-06-01,ALM,NONFOOD,Непродовольственные товары,105.2,level
2024-07-01,ALM,NONFOOD,Непродовольственные товары,104.7,level
2024-08-01,ALM,NONFOOD,Непродовольственные товары,105.7,level
2024-09-01,ALM,NONFOOD,Непродовольственные товары,105.9,level
2024-10-01,ALM,NONFOOD,Непродовольственные товары,106.4,level
2024-11-01,ALM,NONFOOD,Непродовольственные товары,106.2,level
2024-12-01,ALM,NONFOOD,Непродовольственные товары,107.0,level
2025-01-01,ALM,NONFOOD,Непродовольственные товары,106.4,level
2025-02-01,ALM,NONFOOD,Непродовольственные товары,105.5,level
2025-03-01,ALM,NONFOOD,Непродовольственные товары,105.7,level
2025-04-01,ALM,NONFOOD,Непродовольственные товары,105.8,level
2025-05-01,ALM,NONFOOD,Непродовольственные товары,106.3,level
2025-06-01,ALM,NONFOOD,Непродовольственные товары,106.8,level
2025-07-01,ALM,NONFOOD,Непродовольственные товары,107.7,level
2025-08-01,ALM,NONFOOD,Непродовольственные товары,107.3,level
2025-09-01,ALM,NONFOOD,Непродовольственные товары,108.3,level
2025-10-01,ALM,NONFOOD,Непродовольственные товары,107.8,level
2025-11-01,ALM,NONFOOD,Непродовольственные товары,108.2,level
2025-12-01,ALM,NONFOOD,Непродовольственные товары,107.6,level
2026-01-01,ALM,NONFOOD,Непродовольственные товары,108.9,level
2026-02-01,ALM,NONFOOD,Непродовольственные товары,109.4,level
2026-03-01,ALM,NONFOOD,Непродовольственные товары,108.7,level
2026-04-01,ALM,NONFOOD,Непродовольственные товары,108.8,level
2026-05-01,ALM,NONFOOD,Непродовольственные товары,108.7,level
2026-06-01,ALM,NONFOOD,Непродовольственные товары,108.6,level
2026-07-01,ALM,NONFOOD,Непродовольственные товары,108.6,level
2026-08-01,ALM,NONFOOD,Непродовольственные товары,108.6,level
2022-10-01,AST,NONFOOD,Непродовольственные товары,125.6,level
2022-11-01,AST,NONFOOD,Непродовольственные товары,126.2,level
2022-12-01,AST,NONFOOD,Непродовольственные товары,126.9,level
2023-01-01,AST,NONFOOD,Непродовольственные товары,127.6,level
2023-02-01,AST,NONFOOD,Непродовольственные товары,127.3,level
2023-03-01,AST,NONFOOD,Непродовольственные товары,124.0,level
2023-04-01,AST,NONFOOD,Непродовольственные товары,123.7,level
2023-05-01,AST,NONFOOD,Непродовольственные товары,121.1,level
2023-06-01,AST,NONFOOD,Непродовольственные товары,118.9,level
2023-07-01,AST,NONFOOD,Непродовольственные товары,117.6,level
2023-08-01,AST,NONFOOD,Непродовольственные товары,113.9,level
2023-09-01,AST,NONFOOD,Непродовольственные товары,110.0,level
2023-10-01,AST,NONFOOD,Непродовольственные товары,108.9,level
2023-11-01,AST,NONFOOD,Непродовольственные товары,107.9,level
2023-12-01,AST,NONFOOD,Непродовольственные товары,107.7,level
2024-01-01,AST,NONFOOD,Непродовольственные товары,106.5,level
2024-02-01,AST,NONFOOD,Непродовольственные товары,106.8,level
2024-03-01,AST,NONFOOD,Непродовольственные товары,106.6,level
2024-04-01,AST,NONFOOD,Непродовольственные товары,106.0,level
2024-05-01,AST,NONFOOD,Непродовольственные товары,106.5,level
2024-06-01,AST,NONFOOD,Непродовольственные товары,105.8,level
2024-07-01,AST,NONFOOD,Непродовольственные товары,105.2,level
2024-08-01,AST,NONFOOD,Непродовольственные товары,106.1,level
2024-09-01,AST,NONFOOD,Непродовольственные товары,106.0,level
2024-10-01,AST,NONFOOD,Непродовольственные товары,106.0,level
2024-11-01,AST,NONFOOD,Непродовольственные товары,106.1,level
2024-12-01,AST,NONFOOD,Непродовольственные товары,106.0,level
2025-01-01,AST,NONFOOD,Непродовольственные товары,107.6,level
2025-02-01,AST,NONFOOD,Непродовольственные товары,107.9,level
2025-03-01,AST,NONFOOD,Непродовольственные товары,108.6,level
2025-04-01,AST,NONFOOD,Непродовольственные товары,108.5,level
2025-05-01,AST,NONFOOD,Непродовольственные товары,108.8,level
2025-06-01,AST,NONFOOD,Непродовольственные товары,109.8,level
2025-07-01,AST,NONFOOD,Непродовольственные товары,109.8,level
2025-08-01,AST,NONFOOD,Непродовольственные товары,109.5,level
2025-09-01,AST,NONFOOD,Непродовольственные товары,111.0,level
2025-10-01,AST,NONFOOD,Непродовольственные товары,111.2,level
2025-11-01,AST,NONFOOD,Непродовольственные товары,111.3,level
2025-12-01,AST,NONFOOD,Непродовольственные товары,111.1,level
2026-01-01,AST,NONFOOD,Непродовольственные товары,111.7,level
2026-02-01,AST,NONFOOD,Непродовольственные товары,111.3,level
2026-03-01,AST,NONFOOD,Непродовольственные товары,110.1,level
2026-04-01,AST,NONFOOD,Непродовольственные товары,110.4,level
2026-05-01,AST,NONFOOD,Непродовольственные товары,110.3,level
2026-06-01,AST,NONFOOD,Непродовольственные товары,110.0,level
2026-07-01,AST,NONFOOD,Непродовольственные товары,109.9,level
2026-08-01,AST,NONFOOD,Непродовольственные товары,110.2,level
2022-10-01,ATY,NONFOOD,Непродовольственные товары,117.7,level
2022-11-01,ATY,NONFOOD,Непродовольственные товары,119.0,level
2022-12-01,ATY,NONFOOD,Непродовольственные товары,119.7,level
2023-01-01,ATY,NONFOOD,Непродовольственные товары,119.5,level
2023-02-01,ATY,NONFOOD,Непродовольственные товары,119.9,level
2023-03-01,ATY,NONFOOD,Непродовольственные товары,116.8,level
2023-04-01,ATY,NONFOOD,Непродовольственные товары,115.4,level
2023-05-01,ATY,NONFOOD,Непродовольственные товары,113.7,level
2023-06-01,ATY,NONFOOD,Непродовольственные товары,112.5,level
2023-07-01,ATY,NONFOOD,Непродовольственные товары,112.1,level
2023-08-01,ATY,NONFOOD,Непродовольственные товары,110.3,level
2023-09-01,ATY,NONFOOD,Непродовольственные товары,109.6,level
2023-10-01,ATY,NONFOOD,Непродовольственные товары,109.4,level
2023-11-01,ATY,NONFOOD,Непродовольственные товары,107.7,level
2023-12-01,ATY,NONFOOD,Непродовольственные товары,106.6,level
2024-01-01,ATY,NONFOOD,Непродовольственные товары,106.3,level
2024-02-01,ATY,NONFOOD,Непродовольственные товары,106.4,level
2024-03-01,ATY,NONFOOD,Непродовольственные товары,105.8,level
2024-04-01,ATY,NONFOOD,Непродовольственные товары,106.6,level
2024-05-01,ATY,NONFOOD,Непродовольственные товары,106.7,level
2024-06-01,ATY,NONFOOD,Непродовольственные товары,105.9,level
2024-07-01,ATY,NONFOOD,Непродовольственные товары,105.4,level
2024-08-01,ATY,NONFOOD,Непродовольственные товары,107.1,level
2024-09-01,ATY,NONFOOD,Непродовольственные товары,106.8,level
2024-10-01,ATY,NONFOOD,Непродовольственные товары,107.2,level
2024-11-01,ATY,NONFOOD,Непродовольственные товары,107.9,level
2024-12-01,ATY,NONFOOD,Непродовольственные товары,108.6,level
2025-01-01,ATY,NONFOOD,Непродовольственные товары,108.8,level
2025-02-01,ATY,NONFOOD,Непродовольственные товары,109.1,level
2025-03-01,ATY,NONFOOD,Непродовольственные товары,109.7,level
2025-04-01,ATY,NONFOOD,Непродовольственные товары,108.7,level
2025-05-01,ATY,NONFOOD,Непродовольственные товары,108.9,level
2025-06-01,ATY,NONFOOD,Непродовольственные товары,109.5,level
2025-07-01,ATY,NONFOOD,Непродовольственные товары,109.7,level
2025-08-01,ATY,NONFOOD,Непродовольственные товары,109.0,level
2025-09-01,ATY,NONFOOD,Непродовольственные товары,110.3,level
2025-10-01,ATY,NONFOOD,Непродовольственные товары,110.0,level
2025-11-01,ATY,NONFOOD,Непродовольственные товары,110.2,level
2025-12-01,ATY,NONFOOD,Непродовольственные товары,109.4,level
2026-01-01,ATY,NONFOOD,Непродовольственные товары,109.7,level
2026-02-01,ATY,NONFOOD,Непродовольственные товары,109.8,level
2026-03-01,ATY,NONFOOD,Непродовольственные товары,108.8,level
2026-04-01,ATY,NONFOOD,Непродовольственные товары,109.7,level
2026-05-01,ATY,NONFOOD,Непродовольственные товары,109.8,level
2026-06-01,ATY,NONFOOD,Непродовольственные товары,110.0,level
2026-07-01,ATY,NONFOOD,Непродовольственные товары,109.7,level
2026-08-01,ATY,NONFOOD,Непродовольственные товары,109.4,level
2022-10-01,KRG,NONFOOD,Непродовольственные товары,114.6,level
2022-11-01,KRG,NONFOOD,Непродовольственные товары,114.7,level
2022-12-01,KRG,NONFOOD,Непродовольственные товары,114.5,level
2023-01-01,KRG,NONFOOD,Непродовольственные товары,114.2,level
2023-02-01,KRG,NONFOOD,Непродовольственные товары,114.3,level
2023-03-01,KRG,NONFOOD,Непродовольственные товары,112.1,level
2023-04-01,KRG,NONFOOD,Непродовольственные товары,112.7,level
2023-05-01,KRG,NONFOOD,Непродовольственные товары,110.8,level
2023-06-01,KRG,NONFOOD,Непродовольственные товары,109.8,level
2023-07-01,KRG,NONFOOD,Непродовольственные товары,110.4,level
2023-08-01,KRG,NONFOOD,Непродовольственные товары,108.1,level
2023-09-01,KRG,NONFOOD,Непродовольственные товары,107.4,level
2023-10-01,KRG,NONFOOD,Непродовольственные товары,107.8,level
2023-11-01,KRG,NONFOOD,Непродовольственные товары,107.4,level
2023-12-01,KRG,NONFOOD,Непродовольственные товары,107.1,level
2024-01-01,KRG,NONFOOD,Непродовольственные товары,107.2,level
2024-02-01,KRG,NONFOOD,Непродовольственные товары,107.9,level
2024-03-01,KRG,NONFOOD,Непродовольственные товары,107.2,level
2024-04-01,KRG,NONFOOD,Непродовольственные товары,107.1,level
2024-05-01,KRG,NONFOOD,Непродовольственные товары,108.1,level
2024-06-01,KRG,NONFOOD,Непродовольственные товары,108.0,level
2024-07-01,KRG,NONFOOD,Непродовольственные товары,107.2,level
2024-08-01,KRG,NONFOOD,Непродовольственные товары,108.2,level
2024-09-01,KRG,NONFOOD,Непродовольственные товары,107.5,level
2024-10-01,KRG,NONFOOD,Непродовольственные товары,108.1,level
2024-11-01,KRG,NONFOOD,Непродовольственные товары,108.1,level
2024-12-01,KRG,NONFOOD,Непродовольственные товары,108.8,level
2025-01-01,KRG,NONFOOD,Непродовольственные товары,109.6,level
2025-02-01,KRG,NONFOOD,Непродовольственные товары,110.3,level
2025-03-01,KRG,NONFOOD,Непродовольственные товары,111.0,level
2025-04-01,KRG,NONFOOD,Непродовольственные товары,110.4,level
2025-05-01,KRG,NONFOOD,Непродовольственные товары,110.2,level
2025-06-01,KRG,NONFOOD,Непродовольственные товары,110.3,level
2025-07-01,KRG,NONFOOD,Непродовольственные товары,110.3,level
2025-08-01,KRG,NONFOOD,Непродовольственные товары,110.1,level
2025-09-01,KRG,NONFOOD,Непродовольственные товары,111.4,level
2025-10-01,KRG,NONFOOD,Непродовольственные товары,110.8,level
2025-11-01,KRG,NONFOOD,Непродовольственные товары,110.7,level
2025-12-01,KRG,NONFOOD,Непродовольственные товары,110.3,level
2026-01-01,KRG,NONFOOD,Непродовольственные товары,110.0,level
2026-02-01,KRG,NONFOOD,Непродовольственные товары,109.1,level
2026-03-01,KRG,NONFOOD,Непродовольственные товары,108.7,level
2026-04-01,KRG,NONFOOD,Непродовольственные товары,109.7,level
2026-05-01,KRG,NONFOOD,Непродовольственные товары,110.2,level
2026-06-01,KRG,NONFOOD,Непродовольственные товары,110.1,level
2026-07-01,KRG,NONFOOD,Непродовольственные товары,109.8,level
2026-08-01,KRG,NONFOOD,Непродовольственные товары,109.1,level
2022-10-01,KST,NONFOOD,Непродовольственные товары,114.4,level
2022-11-01,KST,NONFOOD,Непродовольственные товары,114.7,level
2022-12-01,KST,NONFOOD,Непродовольственные товары,115.6,level
2023-01-01,KST,NONFOOD,Непродовольственные товары,115.7,level
2023-02-01,KST,NONFOOD,Непродовольственные товары,115.9,level
2023-03-01,KST,NONFOOD,Непродовольственные товары,112.9,level
2023-04-01,KST,NONFOOD,Непродовольственные товары,113.2,level
2023-05-01,KST,NONFOOD,Непродовольственные товары,112.7,level
2023-06-01,KST,NONFOOD,Непродовольственные товары,112.2,level
2023-07-01,KST,NONFOOD,Непродовольственные товары,111.9,level
2023-08-01,KST,NONFOOD,Непродовольственные товары,109.6,level
2023-09-01,KST,NONFOOD,Непродовольственные товары,108.6,level
2023-10-01,KST,NONFOOD,Непродовольственные товары,108.5,level
2023-11-01,KST,NONFOOD,Непродовольственные товары,107.5,level
2023-12-01,KST,NONFOOD,Непродовольственные товары,106.0,level
2024-01-01,KST,NONFOOD,Непродовольственные товары,105.8,level
2024-02-01,KST,NONFOOD,Непродовольственные товары,105.8,level
2024-03-01,KST,NONFOOD,Непродовольственные товары,105.4,level
2024-04-01,KST,NONFOOD,Непродовольственные товары,106.0,level
2024-05-01,KST,NONFOOD,Непродовольственные товары,105.8,level
2024-06-01,KST,NONFOOD,Непродовольственные товары,104.8,level
2024-07-01,KST,NONFOOD,Непродовольственные товары,104.4,level
2024-08-01,KST,NONFOOD,Непродовольственные товары,105.6,level
2024-09-01,KST,NONFOOD,Непродовольственные товары,105.6,level
2024-10-01,KST,NONFOOD,Непродовольственные товары,106.2,level
2024-11-01,KST,NONFOOD,Непродовольственные товары,106.4,level
2024-12-01,KST,NONFOOD,Непродовольственные товары,107.2,level
2025-01-01,KST,NONFOOD,Непродовольственные товары,108.1,level
2025-02-01,KST,NONFOOD,Непродовольственные товары,108.5,level
2025-03-01,KST,NONFOOD,Непродовольственные товары,108.9,level
2025-04-01,KST,NONFOOD,Непродовольственные товары,108.3,level
2025-05-01,KST,NONFOOD,Непродовольственные товары,108.5,level
2025-06-01,KST,NONFOOD,Непродовольственные товары,108.7,level
2025-07-01,KST,NONFOOD,Непродовольственные товары,108.6,level
2025-08-01,KST,NONFOOD,Непродовольственные товары,108.1,level
2025-09-01,KST,NONFOOD,Непродовольственные товары,109.3,level
2025-10-01,KST,NONFOOD,Непродовольственные товары,108.6,level
2025-11-01,KST,NONFOOD,Непродовольственные товары,109.3,level
2025-12-01,KST,NONFOOD,Непродовольственные товары,109.1,level
2026-01-01,KST,NONFOOD,Непродовольственные товары,108.7,level
2026-02-01,KST,NONFOOD,Непродовольственные товары,108.5,level
2026-03-01,KST,NONFOOD,Непродовольственные товары,107.8,level
2026-04-01,KST,NONFOOD,Непродовольственные товары,108.8,level
2026-05-01,KST,NONFOOD,Непродовольственные товары,108.9,level
2026-06-01,KST,NONFOOD,Непродовольственные товары,109.1,level
2026-07-01,KST,NONFOOD,Непродовольственные товары,109.2,level
2026-08-01,KST,NONFOOD,Непродовольственные товары,109.1,level
2022-10-01,KZL,NONFOOD,Непродовольственные товары,116.9,level
2022-11-01,KZL,NONFOOD,Непродовольственные товары,116.9,level
2022-12-01,KZL,NONFOOD,Непродовольственные товары,116.6,level
2023-01-01,KZL,NONFOOD,Непродовольственные товары,116.5,level
2023-02-01,KZL,NONFOOD,Непродовольственные товары,116.0,level
2023-03-01,KZL,NONFOOD,Непродовольственные товары,112.8,level
2023-04-01,KZL,NONFOOD,Непродовольственные товары,114.1,level
2023-05-01,KZL,NONFOOD,Непродовольственные товары,112.8,level
2023-06-01,KZL,NONFOOD,Непродовольственные товары,111.2,level
2023-07-01,KZL,NONFOOD,Непродовольственные товары,111.7,level
2023-08-01,KZL,NONFOOD,Непродовольственные товары,109.7,level
2023-09-01,KZL,NONFOOD,Непродовольственные товары,108.3,level
2023-10-01,KZL,NONFOOD,Непродовольственные товары,106.5,level
2023-11-01,KZL,NONFOOD,Непродовольственные товары,105.7,level
2023-12-01,KZL,NONFOOD,Непродовольственные товары,105.7,level
2024-01-01,KZL,NONFOOD,Непродовольственные товары,105.4,level
2024-02-01,KZL,NONFOOD,Непродовольственные товары,106.3,level
2024-03-01,KZL,NONFOOD,Непродовольственные товары,105.9,level
2024-04-01,KZL,NONFOOD,Непродовольственные товары,105.5,level
2024-05-01,KZL,NONFOOD,Непродовольственные товары,106.1,level
2024-06-01,KZL,NONFOOD,Непродовольственные товары,105.8,level
2024-07-01,KZL,NONFOOD,Непродовольственные товары,104.8,level
2024-08-01,KZL,NONFOOD,Непродовольственные товары,105.7,level
2024-09-01,KZL,NONFOOD,Непродовольственные товары,106.1,level
2024-10-01,KZL,NONFOOD,Непродовольственные товары,106.6,level
2024-11-01,KZL,NONFOOD,Непродовольственные товары,107.3,level
2024-12-01,KZL,NONFOOD,Непродовольственные товары,107.7,level
2025-01-01,KZL,NONFOOD,Непродовольственные товары,109.2,level
2025-02-01,KZL,NONFOOD,Непродовольственные товары,109.3,level
2025-03-01,KZL,NONFOOD,Непродовольственные товары,110.0,level
2025-04-01,KZL,NONFOOD,Непродовольственные товары,109.6,level
2025-05-01,KZL,NONFOOD,Непродовольственные товары,109.8,level
2025-06-01,KZL,NONFOOD,Непродовольственные товары,110.3,level
2025-07-01,KZL,NONFOOD,Непродовольственные товары,110.3,level
2025-08-01,KZL,NONFOOD,Непродовольственные товары,109.8,level
2025-09-01,KZL,NONFOOD,Непродовольственные товары,110.7,level
2025-10-01,KZL,NONFOOD,Непродовольственные товары,110.3,level
2025-11-01,KZL,NONFOOD,Непродовольственные товары,110.2,level
2025-12-01,KZL,NONFOOD,Непродовольственные товары,109.6,level
2026-01-01,KZL,NONFOOD,Непродовольственные товары,109.1,level
2026-02-01,KZL,NONFOOD,Непродовольственные товары,109.0,level
2026-03-01,KZL,NONFOOD,Непродовольственные товары,108.5,level
2026-04-01,KZL,NONFOOD,Непродовольственные товары,109.7,level
2026-05-01,KZL,NONFOOD,Непродовольственные товары,110.0,level
2026-06-01,KZL,NONFOOD,Непродовольственные товары,109.1,level
2026-07-01,KZL,NONFOOD,Непродовольственные товары,109.4,level
2026-08-01,KZL,NONFOOD,Непродовольственные товары,109.2,level
2022-10-01,MNG,NONFOOD,Непродовольственные товары,117.1,level
2022-11-01,MNG,NONFOOD,Непродовольственные товары,117.3,level
2022-12-01,MNG,NONFOOD,Непродовольственные товары,118.1,level
2023-01-01,MNG,NONFOOD,Непродовольственные товары,117.7,level
2023-02-01,MNG,NONFOOD,Непродовольственные товары,117.6,level
2023-03-01,MNG,NONFOOD,Непродовольственные товары,114.9,level
2023-04-01,MNG,NONFOOD,Непродовольственные товары,114.5,level
2023-05-01,MNG,NONFOOD,Непродовольственные товары,112.1,level
2023-06-01,MNG,NONFOOD,Непродовольственные товары,110.0,level
2023-07-01,MNG,NONFOOD,Непродовольственные товары,109.5,level
2023-08-01,MNG,NONFOOD,Непродовольственные товары,108.1,level
2023-09-01,MNG,NONFOOD,Непродовольственные товары,107.2,level
2023-10-01,MNG,NONFOOD,Непродовольственные товары,107.1,level
2023-11-01,MNG,NONFOOD,Непродовольственные товары,106.5,level
2023-12-01,MNG,NONFOOD,Непродовольственные товары,106.3,level
2024-01-01,MNG,NONFOOD,Непродовольственные товары,105.8,level
2024-02-01,MNG,NONFOOD,Непродовольственные товары,106.4,level
2024-03-01,MNG,NONFOOD,Непродовольственные товары,106.6,level
2024-04-01,MNG,NONFOOD,Непродовольственные товары,106.2,level
2024-05-01,MNG,NONFOOD,Непродовольственные товары,107.2,level
2024-06-01,MNG,NONFOOD,Непродовольственные товары,106.7,level
2024-07-01,MNG,NONFOOD,Непродовольственные товары,106.1,level
2024-08-01,MNG,NONFOOD,Непродовольственные товары,106.3,level
2024-09-01,MNG,NONFOOD,Непродовольственные товары,105.7,level
2024-10-01,MNG,NONFOOD,Непродовольственные товары,105.7,level
2024-11-01,MNG,NONFOOD,Непродовольственные товары,106.7,level
2024-12-01,MNG,NONFOOD,Непродовольственные товары,106.1,level
2025-01-01,MNG,NONFOOD,Непродовольственные товары,106.6,level
2025-02-01,MNG,NONFOOD,Непродовольственные товары,106.8,level
2025-03-01,MNG,NONFOOD,Непродовольственные товары,106.5,level
2025-04-01,MNG,NONFOOD,Непродовольственные товары,105.7,level
2025-05-01,MNG,NONFOOD,Непродовольственные товары,105.4,level
2025-06-01,MNG,NONFOOD,Непродовольственные товары,106.0,level
2025-07-01,MNG,NONFOOD,Непродовольственные товары,107.0,level
2025-08-01,MNG,NONFOOD,Непродовольственные товары,107.0,level
2025-09-01,MNG,NONFOOD,Непродовольственные товары,108.7,level
2025-10-01,MNG,NONFOOD,Непродовольственные товары,108.4,level
2025-11-01,MNG,NONFOOD,Непродовольственные товары,108.0,level
2025-12-01,MNG,NONFOOD,Непродовольственные товары,108.3,level
2026-01-01,MNG,NONFOOD,Непродовольственные товары,109.0,level
2026-02-01,MNG,NONFOOD,Непродовольственные товары,109.2,level
2026-03-01,MNG,NONFOOD,Непродовольственные товары,108.6,level
2026-04-01,MNG,NONFOOD,Непродовольственные товары,110.1,level
2026-05-01,MNG,NONFOOD,Непродовольственные товары,110.9,level
2026-06-01,MNG,NONFOOD,Непродовольственные товары,110.4,level
2026-07-01,MNG,NONFOOD,Непродовольственные товары,109.6,level
2026-08-01,MNG,NONFOOD,Непродовольственные товары,109.3,level
2022-10-01,PVL,NONFOOD,Непродовольственные товары,114.1,level
2022-11-01,PVL,NONFOOD,Непродовольственные товары,114.2,level
2022-12-01,PVL,NONFOOD,Непродовольственные товары,114.7,level
2023-01-01,PVL,NONFOOD,Непродовольственные товары,114.4,level
2023-02-01,PVL,NONFOOD,Непродовольственные товары,114.3,level
2023-03-01,PVL,NONFOOD,Непродовольственные товары,111.2,level
2023-04-01,PVL,NONFOOD,Непродовольственные товары,112.9,level
2023-05-01,PVL,NONFOOD,Непродовольственные товары,111.3,level
2023-06-01,PVL,NONFOOD,Непродовольственные товары,110.1,level
2023-07-01,PVL,NONFOOD,Непродовольственные товары,109.8,level
2023-08-01,PVL,NONFOOD,Непродовольственные товары,108.2,level
2023-09-01,PVL,NONFOOD,Непродовольственные товары,107.6,level
2023-10-01,PVL,NONFOOD,Непродовольственные товары,107.1,level
2023-11-01,PVL,NONFOOD,Непродовольственные товары,106.2,level
2023-12-01,PVL,NONFOOD,Непродовольственные товары,105.4,level
2024-01-01,PVL,NONFOOD,Непродовольственные товары,104.9,level
2024-02-01,PVL,NONFOOD,Непродовольственные товары,105.7,level
2024-03-01,PVL,NONFOOD,Непродовольственные товары,105.7,level
2024-04-01,PVL,NONFOOD,Непродовольственные товары,105.2,level
2024-05-01,PVL,NONFOOD,Непродовольственные товары,106.1,level
2024-06-01,PVL,NONFOOD,Непродовольственные товары,105.8,level
2024-07-01,PVL,NONFOOD,Непродовольственные товары,105.2,level
2024-08-01,PVL,NONFOOD,Непродовольственные товары,105.9,level
2024-09-01,PVL,NONFOOD,Непродовольственные товары,105.8,level
2024-10-01,PVL,NONFOOD,Непродовольственные товары,105.8,level
2024-11-01,PVL,NONFOOD,Непродовольственные товары,105.5,level
2024-12-01,PVL,NONFOOD,Непродовольственные товары,105.8,level
2025-01-01,PVL,NONFOOD,Непродовольственные товары,106.9,level
2025-02-01,PVL,NONFOOD,Непродовольственные товары,107.2,level
2025-03-01,PVL,NONFOOD,Непродовольственные товары,107.6,level
2025-04-01,PVL,NONFOOD,Непродовольственные товары,106.8,level
2025-05-01,PVL,NONFOOD,Непродовольственные товары,106.5,level
2025-06-01,PVL,NONFOOD,Непродовольственные товары,107.5,level
2025-07-01,PVL,NONFOOD,Непродовольственные товары,107.9,level
2025-08-01,PVL,NONFOOD,Непродовольственные товары,107.6,level
2025-09-01,PVL,NONFOOD,Непродовольственные товары,109.0,level
2025-10-01,PVL,NONFOOD,Непродовольственные товары,108.9,level
2025-11-01,PVL,NONFOOD,Непродовольственные товары,109.3,level
2025-12-01,PVL,NONFOOD,Непродовольственные товары,109.5,level
2026-01-01,PVL,NONFOOD,Непродовольственные товары,110.3,level
2026-02-01,PVL,NONFOOD,Непродовольственные товары,109.7,level
2026-03-01,PVL,NONFOOD,Непродовольственные товары,108.9,level
2026-04-01,PVL,NONFOOD,Непродовольственные товары,109.6,level
2026-05-01,PVL,NONFOOD,Непродовольственные товары,110.1,level
2026-06-01,PVL,NONFOOD,Непродовольственные товары,109.4,level
2026-07-01,PVL,NONFOOD,Непродовольственные товары,109.3,level
2026-08-01,PVL,NONFOOD,Непродовольственные товары,109.0,level
2022-10-01,SHM,NONFOOD,Непродовольственные товары,113.5,level
2022-11-01,SHM,NONFOOD,Непродовольственные товары,113.9,level
2022-12-01,SHM,NONFOOD,Непродовольственные товары,114.2,level
2023-01-01,SHM,NONFOOD,Непродовольственные товары,114.2,level
2023-02-01,SHM,NONFOOD,Непродовольственные товары,114.4,level
2023-03-01,SHM,NONFOOD,Непродовольственные товары,110.8,level
2023-04-01,SHM,NONFOOD,Непродовольственные товары,113.2,level
2023-05-01,SHM,NONFOOD,Непродовольственные товары,112.5,level
2023-06-01,SHM,NONFOOD,Непродовольственные товары,111.6,level
2023-07-01,SHM,NONFOOD,Непродовольственные товары,110.4,level
2023-08-01,SHM,NONFOOD,Непродовольственные товары,108.4,level
2023-09-01,SHM,NONFOOD,Непродовольственные товары,107.2,level
2023-10-01,SHM,NONFOOD,Непродовольственные товары,106.6,level
2023-11-01,SHM,NONFOOD,Непродовольственные товары,106.2,level
2023-12-01,SHM,NONFOOD,Непродовольственные товары,106.0,level
2024-01-01,SHM,NONFOOD,Непродовольственные товары,105.6,level
2024-02-01,SHM,NONFOOD,Непродовольственные товары,105.8,level
2024-03-01,SHM,NONFOOD,Непродовольственные товары,105.8,level
2024-04-01,SHM,NONFOOD,Непродовольственные товары,104.9,level
2024-05-01,SHM,NONFOOD,Непродовольственные товары,105.6,level
2024-06-01,SHM,NONFOOD,Непродовольственные товары,104.9,level
2024-07-01,SHM,NONFOOD,Непродовольственные товары,104.9,level
2024-08-01,SHM,NONFOOD,Непродовольственные товары,106.0,level
2024-09-01,SHM,NONFOOD,Непродовольственные товары,106.0,level
2024-10-01,SHM,NONFOOD,Непродовольственные товары,106.4,level
2024-11-01,SHM,NONFOOD,Непродовольственные товары,106.2,level
2024-12-01,SHM,NONFOOD,Непродовольственные товары,106.6,level
2025-01-01,SHM,NONFOOD,Непродовольственные товары,106.8,level
2025-02-01,SHM,NONFOOD,Непродовольственные товары,107.2,level
2025-03-01,SHM,NONFOOD,Непродовольственные товары,107.6,level
2025-04-01,SHM,NONFOOD,Непродовольственные товары,107.3,level
2025-05-01,SHM,NONFOOD,Непродовольственные товары,107.4,level
2025-06-01,SHM,NONFOOD,Непродовольственные товары,107.9,level
2025-07-01,SHM,NONFOOD,Непродовольственные товары,108.8,level
2025-08-01,SHM,NONFOOD,Непродовольственные товары,108.6,level
2025-09-01,SHM,NONFOOD,Непродовольственные товары,110.2,level
2025-10-01,SHM,NONFOOD,Непродовольственные товары,110.0,level
2025-11-01,SHM,NONFOOD,Непродовольственные товары,110.3,level
2025-12-01,SHM,NONFOOD,Непродовольственные товары,110.2,level
2026-01-01,SHM,NONFOOD,Непродовольственные товары,110.4,level
2026-02-01,SHM,NONFOOD,Непродовольственные товары,110.1,level
2026-03-01,SHM,NONFOOD,Непродовольственные товары,109.1,level
2026-04-01,SHM,NONFOOD,Непродовольственные товары,109.3,level
2026-05-01,SHM,NONFOOD,Непродовольственные товары,109.6,level
2026-06-01,SHM,NONFOOD,Непродовольственные товары,110.1,level
2026-07-01,SHM,NONFOOD,Непродовольственные товары,109.3,level
2026-08-01,SHM,NONFOOD,Непродовольственные товары,109.1,level
2022-10-01,SKO,NONFOOD,Непродовольственные товары,115.7,level
2022-11-01,SKO,NONFOOD,Непродовольственные товары,116.4,level
2022-12-01,SKO,NONFOOD,Непродовольственные товары,116.7,level
2023-01-01,SKO,NONFOOD,Непродовольственные товары,117.5,level
2023-02-01,SKO,NONFOOD,Непродовольственные товары,118.4,level
2023-03-01,SKO,NONFOOD,Непродовольственные товары,114.7,level
2023-04-01,SKO,NONFOOD,Непродовольственные товары,115.8,level
2023-05-01,SKO,NONFOOD,Непродовольственные товары,116.1,level
2023-06-01,SKO,NONFOOD,Непродовольственные товары,114.2,level
2023-07-01,SKO,NONFOOD,Непродовольственные товары,114.1,level
2023-08-01,SKO,NONFOOD,Непродовольственные товары,111.6,level
2023-09-01,SKO,NONFOOD,Непродовольственные товары,111.0,level
2023-10-01,SKO,NONFOOD,Непродовольственные товары,110.3,level
2023-11-01,SKO,NONFOOD,Непродовольственные товары,108.4,level
2023-12-01,SKO,NONFOOD,Непродовольственные товары,108.2,level
2024-01-01,SKO,NONFOOD,Непродовольственные товары,107.5,level
2024-02-01,SKO,NONFOOD,Непродовольственные товары,107.1,level
2024-03-01,SKO,NONFOOD,Непродовольственные товары,107.0,level
2024-04-01,SKO,NONFOOD,Непродовольственные товары,107.3,level
2024-05-01,SKO,NONFOOD,Непродовольственные товары,106.8,level
2024-06-01,SKO,NONFOOD,Непродовольственные товары,106.2,level
2024-07-01,SKO,NONFOOD,Непродовольственные товары,106.2,level
2024-08-01,SKO,NONFOOD,Непродовольственные товары,107.4,level
2024-09-01,SKO,NONFOOD,Непродовольственные товары,107.2,level
2024-10-01,SKO,NONFOOD,Непродовольственные товары,107.7,level
2024-11-01,SKO,NONFOOD,Непродовольственные товары,108.1,level
2024-12-01,SKO,NONFOOD,Непродовольственные товары,108.2,level
2025-01-01,SKO,NONFOOD,Непродовольственные товары,109.0,level
2025-02-01,SKO,NONFOOD,Непродовольственные товары,109.4,level
2025-03-01,SKO,NONFOOD,Непродовольственные товары,109.6,level
2025-04-01,SKO,NONFOOD,Непродовольственные товары,108.7,level
2025-05-01,SKO,NONFOOD,Непродовольственные товары,108.5,level
2025-06-01,SKO,NONFOOD,Непродовольственные товары,109.0,level
2025-07-01,SKO,NONFOOD,Непродовольственные товары,109.2,level
2025-08-01,SKO,NONFOOD,Непродовольственные товары,108.8,level
2025-09-01,SKO,NONFOOD,Непродовольственные товары,110.3,level
2025-10-01,SKO,NONFOOD,Непродовольственные товары,110.1,level
2025-11-01,SKO,NONFOOD,Непродовольственные товары,110.7,level
2025-12-01,SKO,NONFOOD,Непродовольственные товары,110.3,level
2026-01-01,SKO,NONFOOD,Непродовольственные товары,110.5,level
2026-02-01,SKO,NONFOOD,Непродовольственные товары,110.7,level
2026-03-01,SKO,NONFOOD,Непродовольственные товары,110.7,level
2026-04-01,SKO,NONFOOD,Непродовольственные товары,112.0,level
2026-05-01,SKO,NONFOOD,Непродовольственные товары,113.1,level
2026-06-01,SKO,NONFOOD,Непродовольственные товары,112.9,level
2026-07-01,SKO,NONFOOD,Непродовольственные товары,112.4,level
2026-08-01,SKO,NONFOOD,Непродовольственные товары,111.8,level
2022-10-01,TRK,NONFOOD,Непродовольственные товары,116.4,level
2022-11-01,TRK,NONFOOD,Непродовольственные товары,116.5,level
2022-12-01,TRK,NONFOOD,Непродовольственные товары,117.1,level
2023-01-01,TRK,NONFOOD,Непродовольственные товары,117.5,level
2023-02-01,TRK,NONFOOD,Непродовольственные товары,117.4,level
2023-03-01,TRK,NONFOOD,Непродовольственные товары,114.2,level
2023-04-01,TRK,NONFOOD,Непродовольственные товары,115.6,level
2023-05-01,TRK,NONFOOD,Непродовольственные товары,114.6,level
2023-06-01,TRK,NONFOOD,Непродовольственные товары,113.9,level
2023-07-01,TRK,NONFOOD,Непродовольственные товары,112.8,level
2023-08-01,TRK,NONFOOD,Непродовольственные товары,110.5,level
2023-09-01,TRK,NONFOOD,Непродовольственные товары,108.6,level
2023-10-01,TRK,NONFOOD,Непродовольственные товары,108.0,level
2023-11-01,TRK,NONFOOD,Непродовольственные товары,107.5,level
2023-12-01,TRK,NONFOOD,Непродовольственные товары,106.8,level
2024-01-01,TRK,NONFOOD,Непродовольственные товары,106.2,level
2024-02-01,TRK,NONFOOD,Непродовольственные товары,106.8,level
2024-03-01,TRK,NONFOOD,Непродовольственные товары,106.1,level
2024-04-01,TRK,NONFOOD,Непродовольственные товары,105.0,level
2024-05-01,TRK,NONFOOD,Непродовольственные товары,105.8,level
2024-06-01,TRK,NONFOOD,Непродовольственные товары,105.9,level
2024-07-01,TRK,NONFOOD,Непродовольственные товары,106.5,level
2024-08-01,TRK,NONFOOD,Непродовольственные товары,108.1,level
2024-09-01,TRK,NONFOOD,Непродовольственные товары,108.6,level
2024-10-01,TRK,NONFOOD,Непродовольственные товары,108.8,level
2024-11-01,TRK,NONFOOD,Непродовольственные товары,109.1,level
2024-12-01,TRK,NONFOOD,Непродовольственные товары,109.4,level
2025-01-01,TRK,NONFOOD,Непродовольственные товары,109.6,level
2025-02-01,TRK,NONFOOD,Непродовольственные товары,110.2,level
2025-03-01,TRK,NONFOOD,Непродовольственные товары,111.0,level
2025-04-01,TRK,NONFOOD,Непродовольственные товары,111.8,level
2025-05-01,TRK,NONFOOD,Непродовольственные товары,112.0,level
2025-06-01,TRK,NONFOOD,Непродовольственные товары,112.1,level
2025-07-01,TRK,NONFOOD,Непродовольственные товары,111.6,level
2025-08-01,TRK,NONFOOD,Непродовольственные товары,110.2,level
2025-09-01,TRK,NONFOOD,Непродовольственные товары,111.1,level
2025-10-01,TRK,NONFOOD,Непродовольственные товары,111.0,level
2025-11-01,TRK,NONFOOD,Непродовольственные товары,111.7,level
2025-12-01,TRK,NONFOOD,Непродовольственные товары,111.4,level
2026-01-01,TRK,NONFOOD,Непродовольственные товары,112.3,level
2026-02-01,TRK,NONFOOD,Непродовольственные товары,112.0,level
2026-03-01,TRK,NONFOOD,Непродовольственные товары,111.1,level
2026-04-01,TRK,NONFOOD,Непродовольственные товары,109.6,level
2026-05-01,TRK,NONFOOD,Непродовольственные товары,110.0,level
2026-06-01,TRK,NONFOOD,Непродовольственные товары,109.7,level
2026-07-01,TRK,NONFOOD,Непродовольственные товары,109.6,level
2026-08-01,TRK,NONFOOD,Непродовольственные товары,109.6,level
2022-10-01,ULT,NONFOOD,Непродовольственные товары,114.1,level
2022-11-01,ULT,NONFOOD,Непродовольственные товары,113.2,level
2022-12-01,ULT,NONFOOD,Непродовольственные товары,112.7,level
2023-01-01,ULT,NONFOOD,Непродовольственные товары,112.5,level
2023-02-01,ULT,NONFOOD,Непродовольственные товары,112.7,level
2023-03-01,ULT,NONFOOD,Непродовольственные товары,109.6,level
2023-04-01,ULT,NONFOOD,Непродовольственные товары,111.0,level
2023-05-01,ULT,NONFOOD,Непродовольственные товары,109.0,level
2023-06-01,ULT,NONFOOD,Непродовольственные товары,107.7,level
2023-07-01,ULT,NONFOOD,Непродовольственные товары,107.7,level
2023-08-01,ULT,NONFOOD,Непродовольственные товары,105.2,level
2023-09-01,ULT,NONFOOD,Непродовольственные товары,104.3,level
2023-10-01,ULT,NONFOOD,Непродовольственные товары,104.7,level
2023-11-01,ULT,NONFOOD,Непродовольственные товары,104.7,level
2023-12-01,ULT,NONFOOD,Непродовольственные товары,105.0,level
2024-01-01,ULT,NONFOOD,Непродовольственные товары,105.0,level
2024-02-01,ULT,NONFOOD,Непродовольственные товары,105.3,level
2024-03-01,ULT,NONFOOD,Непродовольственные товары,105.3,level
2024-04-01,ULT,NONFOOD,Непродовольственные товары,104.6,level
2024-05-01,ULT,NONFOOD,Непродовольственные товары,105.3,level
2024-06-01,ULT,NONFOOD,Непродовольственные товары,105.4,level
2024-07-01,ULT,NONFOOD,Непродовольственные товары,104.9,level
2024-08-01,ULT,NONFOOD,Непродовольственные товары,106.4,level
2024-09-01,ULT,NONFOOD,Непродовольственные товары,106.5,level
2024-10-01,ULT,NONFOOD,Непродовольственные товары,106.8,level
2024-11-01,ULT,NONFOOD,Непродовольственные товары,106.7,level
2024-12-01,ULT,NONFOOD,Непродовольственные товары,107.1,level
2025-01-01,ULT,NONFOOD,Непродовольственные товары,107.9,level
2025-02-01,ULT,NONFOOD,Непродовольственные товары,108.4,level
2025-03-01,ULT,NONFOOD,Непродовольственные товары,109.1,level
2025-04-01,ULT,NONFOOD,Непродовольственные товары,108.3,level
2025-05-01,ULT,NONFOOD,Непродовольственные товары,108.8,level
2025-06-01,ULT,NONFOOD,Непродовольственные товары,109.4,level
2025-07-01,ULT,NONFOOD,Непродовольственные товары,109.3,level
2025-08-01,ULT,NONFOOD,Непродовольственные товары,109.2,level
2025-09-01,ULT,NONFOOD,Непродовольственные товары,110.1,level
2025-10-01,ULT,NONFOOD,Непродовольственные товары,109.9,level
2025-11-01,ULT,NONFOOD,Непродовольственные товары,110.4,level
2025-12-01,ULT,NONFOOD,Непродовольственные товары,110.1,level
2026-01-01,ULT,NONFOOD,Непродовольственные товары,109.9,level
2026-02-01,ULT,NONFOOD,Непродовольственные товары,109.4,level
2026-03-01,ULT,NONFOOD,Непродовольственные товары,108.6,level
2026-04-01,ULT,NONFOOD,Непродовольственные товары,109.9,level
2026-05-01,ULT,NONFOOD,Непродовольственные товары,109.8,level
2026-06-01,ULT,NONFOOD,Непродовольственные товары,108.9,level
2026-07-01,ULT,NONFOOD,Непродовольственные товары,108.5,level
2026-08-01,ULT,NONFOOD,Непродовольственные товары,107.8,level
2022-10-01,VKO,NONFOOD,Непродовольственные товары,117.7,level
2022-11-01,VKO,NONFOOD,Непродовольственные товары,118.3,level
2022-12-01,VKO,NONFOOD,Непродовольственные товары,118.0,level
2023-01-01,VKO,NONFOOD,Непродовольственные товары,118.7,level
2023-02-01,VKO,NONFOOD,Непродовольственные товары,119.5,level
2023-03-01,VKO,NONFOOD,Непродовольственные товары,116.9,level
2023-04-01,VKO,NONFOOD,Непродовольственные товары,117.3,level
2023-05-01,VKO,NONFOOD,Непродовольственные товары,115.9,level
2023-06-01,VKO,NONFOOD,Непродовольственные товары,115.7,level
2023-07-01,VKO,NONFOOD,Непродовольственные товары,113.7,level
2023-08-01,VKO,NONFOOD,Непродовольственные товары,111.9,level
2023-09-01,VKO,NONFOOD,Непродовольственные товары,109.7,level
2023-10-01,VKO,NONFOOD,Непродовольственные товары,109.3,level
2023-11-01,VKO,NONFOOD,Непродовольственные товары,107.4,level
2023-12-01,VKO,NONFOOD,Непродовольственные товары,106.9,level
2024-01-01,VKO,NONFOOD,Непродовольственные товары,106.3,level
2024-02-01,VKO,NONFOOD,Непродовольственные товары,106.2,level
2024-03-01,VKO,NONFOOD,Непродовольственные товары,105.4,level
2024-04-01,VKO,NONFOOD,Непродовольственные товары,105.1,level
2024-05-01,VKO,NONFOOD,Непродовольственные товары,105.6,level
2024-06-01,VKO,NONFOOD,Непродовольственные товары,104.8,level
2024-07-01,VKO,NONFOOD,Непродовольственные товары,104.7,level
2024-08-01,VKO,NONFOOD,Непродовольственные товары,105.7,level
2024-09-01,VKO,NONFOOD,Непродовольственные товары,105.8,level
2024-10-01,VKO,NONFOOD,Непродовольственные товары,106.3,level
2024-11-01,VKO,NONFOOD,Непродовольственные товары,107.0,level
2024-12-01,VKO,NONFOOD,Непродовольственные товары,107.7,level
2025-01-01,VKO,NONFOOD,Непродовольственные товары,108.0,level
2025-02-01,VKO,NONFOOD,Непродовольственные товары,107.9,level
2025-03-01,VKO,NONFOOD,Непродовольственные товары,108.3,level
2025-04-01,VKO,NONFOOD,Непродовольственные товары,107.7,level
2025-05-01,VKO,NONFOOD,Непродовольственные товары,107.6,level
2025-06-01,VKO,NONFOOD,Непродовольственные товары,108.7,level
2025-07-01,VKO,NONFOOD,Непродовольственные товары,108.9,level
2025-08-01,VKO,NONFOOD,Непродовольственные товары,108.3,level
2025-09-01,VKO,NONFOOD,Непродовольственные товары,109.4,level
2025-10-01,VKO,NONFOOD,Непродовольственные товары,109.2,level
2025-11-01,VKO,NONFOOD,Непродовольственные товары,109.7,level
2025-12-01,VKO,NONFOOD,Непродовольственные товары,109.6,level
2026-01-01,VKO,NONFOOD,Непродовольственные товары,110.5,level
2026-02-01,VKO,NONFOOD,Непродовольственные товары,111.1,level
2026-03-01,VKO,NONFOOD,Непродовольственные товары,110.9,level
2026-04-01,VKO,NONFOOD,Непродовольственные товары,111.9,level
2026-05-01,VKO,NONFOOD,Непродовольственные товары,112.2,level
2026-06-01,VKO,NONFOOD,Непродовольственные товары,111.4,level
2026-07-01,VKO,NONFOOD,Непродовольственные товары,111.4,level
2026-08-01,VKO,NONFOOD,Непродовольственные товары,111.4,level
2022-10-01,ZHM,NONFOOD,Непродовольственные товары,115.1,level
2022-11-01,ZHM,NONFOOD,Непродовольственные товары,115.5,level
2022-12-01,ZHM,NONFOOD,Непродовольственные товары,116.3,level
2023-01-01,ZHM,NONFOOD,Непродовольственные товары,116.8,level
2023-02-01,ZHM,NONFOOD,Непродовольственные товары,116.9,level
2023-03-01,ZHM,NONFOOD,Непродовольственные товары,113.2,level
2023-04-01,ZHM,NONFOOD,Непродовольственные товары,115.5,level
2023-05-01,ZHM,NONFOOD,Непродовольственные товары,114.6,level
2023-06-01,ZHM,NONFOOD,Непродовольственные товары,114.0,level
2023-07-01,ZHM,NONFOOD,Непродовольственные товары,113.6,level
2023-08-01,ZHM,NONFOOD,Непродовольственные товары,111.4,level
2023-09-01,ZHM,NONFOOD,Непродовольственные товары,110.0,level
2023-10-01,ZHM,NONFOOD,Непродовольственные товары,109.8,level
2023-11-01,ZHM,NONFOOD,Непродовольственные товары,108.7,level
2023-12-01,ZHM,NONFOOD,Непродовольственные товары,107.2,level
2024-01-01,ZHM,NONFOOD,Непродовольственные товары,106.3,level
2024-02-01,ZHM,NONFOOD,Непродовольственные товары,106.6,level
2024-03-01,ZHM,NONFOOD,Непродовольственные товары,105.5,level
2024-04-01,ZHM,NONFOOD,Непродовольственные товары,104.0,level
2024-05-01,ZHM,NONFOOD,Непродовольственные товары,103.8,level
2024-06-01,ZHM,NONFOOD,Непродовольственные товары,103.4,level
2024-07-01,ZHM,NONFOOD,Непродовольственные товары,103.1,level
2024-08-01,ZHM,NONFOOD,Непродовольственные товары,103.8,level
2024-09-01,ZHM,NONFOOD,Непродовольственные товары,103.3,level
2024-10-01,ZHM,NONFOOD,Непродовольственные товары,103.6,level
2024-11-01,ZHM,NONFOOD,Непродовольственные товары,104.0,level
2024-12-01,ZHM,NONFOOD,Непродовольственные товары,104.9,level
2025-01-01,ZHM,NONFOOD,Непродовольственные товары,105.3,level
2025-02-01,ZHM,NONFOOD,Непродовольственные товары,105.4,level
2025-03-01,ZHM,NONFOOD,Непродовольственные товары,106.4,level
2025-04-01,ZHM,NONFOOD,Непродовольственные товары,106.0,level
2025-05-01,ZHM,NONFOOD,Непродовольственные товары,106.8,level
2025-06-01,ZHM,NONFOOD,Непродовольственные товары,107.6,level
2025-07-01,ZHM,NONFOOD,Непродовольственные товары,108.0,level
2025-08-01,ZHM,NONFOOD,Непродовольственные товары,107.4,level
2025-09-01,ZHM,NONFOOD,Непродовольственные товары,109.1,level
2025-10-01,ZHM,NONFOOD,Непродовольственные товары,108.7,level
2025-11-01,ZHM,NONFOOD,Непродовольственные товары,109.2,level
2025-12-01,ZHM,NONFOOD,Непродовольственные товары,108.8,level
2026-01-01,ZHM,NONFOOD,Непродовольственные товары,109.8,level
2026-02-01,ZHM,NONFOOD,Непродовольственные товары,109.8,level
2026-03-01,ZHM,NONFOOD,Непродовольственные товары,109.8,level
2026-04-01,ZHM,NONFOOD,Непродовольственные товары,111.3,level
2026-05-01,ZHM,NONFOOD,Непродовольственные товары,111.5,level
2026-06-01,ZHM,NONFOOD,Непродовольственные товары,109.8,level
2026-07-01,ZHM,NONFOOD,Непродовольственные товары,109.8,level
2026-08-01,ZHM,NONFOOD,Непродовольственные товары,110.3,level
2022-10-01,ZHT,NONFOOD,Непродовольственные товары,117.8,level
2022-11-01,ZHT,NONFOOD,Непродовольственные товары,118.0,level
2022-12-01,ZHT,NONFOOD,Непродовольственные товары,117.6,level
2023-01-01,ZHT,NONFOOD,Непродовольственные товары,117.8,level
2023-02-01,ZHT,NONFOOD,Непродовольственные товары,117.8,level
2023-03-01,ZHT,NONFOOD,Непродовольственные товары,114.4,level
2023-04-01,ZHT,NONFOOD,Непродовольственные товары,115.5,level
2023-05-01,ZHT,NONFOOD,Непродовольственные товары,113.9,level
2023-06-01,ZHT,NONFOOD,Непродовольственные товары,110.4,level
2023-07-01,ZHT,NONFOOD,Непродовольственные товары,110.0,level
2023-08-01,ZHT,NONFOOD,Непродовольственные товары,107.8,level
2023-09-01,ZHT,NONFOOD,Непродовольственные товары,106.5,level
2023-10-01,ZHT,NONFOOD,Непродовольственные товары,106.6,level
2023-11-01,ZHT,NONFOOD,Непродовольственные товары,105.0,level
2023-12-01,ZHT,NONFOOD,Непродовольственные товары,104.0,level
2024-01-01,ZHT,NONFOOD,Непродовольственные товары,103.5,level
2024-02-01,ZHT,NONFOOD,Непродовольственные товары,103.5,level
2024-03-01,ZHT,NONFOOD,Непродовольственные товары,103.3,level
2024-04-01,ZHT,NONFOOD,Непродовольственные товары,103.4,level
2024-05-01,ZHT,NONFOOD,Непродовольственные товары,103.8,level
2024-06-01,ZHT,NONFOOD,Непродовольственные товары,103.5,level
2024-07-01,ZHT,NONFOOD,Непродовольственные товары,103.1,level
2024-08-01,ZHT,NONFOOD,Непродовольственные товары,104.4,level
2024-09-01,ZHT,NONFOOD,Непродовольственные товары,104.1,level
2024-10-01,ZHT,NONFOOD,Непродовольственные товары,104.1,level
2024-11-01,ZHT,NONFOOD,Непродовольственные товары,104.6,level
2024-12-01,ZHT,NONFOOD,Непродовольственные товары,105.8,level
2025-01-01,ZHT,NONFOOD,Непродовольственные товары,105.8,level
2025-02-01,ZHT,NONFOOD,Непродовольственные товары,106.3,level
2025-03-01,ZHT,NONFOOD,Непродовольственные товары,106.4,level
2025-04-01,ZHT,NONFOOD,Непродовольственные товары,107.4,level
2025-05-01,ZHT,NONFOOD,Непродовольственные товары,107.7,level
2025-06-01,ZHT,NONFOOD,Непродовольственные товары,108.7,level
2025-07-01,ZHT,NONFOOD,Непродовольственные товары,109.0,level
2025-08-01,ZHT,NONFOOD,Непродовольственные товары,108.6,level
2025-09-01,ZHT,NONFOOD,Непродовольственные товары,110.3,level
2025-10-01,ZHT,NONFOOD,Непродовольственные товары,110.1,level
2025-11-01,ZHT,NONFOOD,Непродовольственные товары,110.5,level
2025-12-01,ZHT,NONFOOD,Непродовольственные товары,110.3,level
2026-01-01,ZHT,NONFOOD,Непродовольственные товары,111.1,level
2026-02-01,ZHT,NONFOOD,Непродовольственные товары,110.6,level
2026-03-01,ZHT,NONFOOD,Непродовольственные товары,110.6,level
2026-04-01,ZHT,NONFOOD,Непродовольственные товары,110.0,level
2026-05-01,ZHT,NONFOOD,Непродовольственные товары,110.3,level
2026-06-01,ZHT,NONFOOD,Непродовольственные товары,110.4,level
2026-07-01,ZHT,NONFOOD,Непродовольственные товары,110.2,level
2026-08-01,ZHT,NONFOOD,Непродовольственные товары,109.5,level
2022-10-01,ZKO,NONFOOD,Непродовольственные товары,115.0,level
2022-11-01,ZKO,NONFOOD,Непродовольственные товары,114.9,level
2022-12-01,ZKO,NONFOOD,Непродовольственные товары,115.4,level
2023-01-01,ZKO,NONFOOD,Непродовольственные товары,115.6,level
2023-02-01,ZKO,NONFOOD,Непродовольственные товары,115.8,level
2023-03-01,ZKO,NONFOOD,Непродовольственные товары,113.5,level
2023-04-01,ZKO,NONFOOD,Непродовольственные товары,113.7,level
2023-05-01,ZKO,NONFOOD,Непродовольственные товары,112.8,level
2023-06-01,ZKO,NONFOOD,Непродовольственные товары,111.9,level
2023-07-01,ZKO,NONFOOD,Непродовольственные товары,111.6,level
2023-08-01,ZKO,NONFOOD,Непродовольственные товары,109.1,level
2023-09-01,ZKO,NONFOOD,Непродовольственные товары,108.0,level
2023-10-01,ZKO,NONFOOD,Непродовольственные товары,107.7,level
2023-11-01,ZKO,NONFOOD,Непродовольственные товары,107.4,level
2023-12-01,ZKO,NONFOOD,Непродовольственные товары,106.9,level
2024-01-01,ZKO,NONFOOD,Непродовольственные товары,105.8,level
2024-02-01,ZKO,NONFOOD,Непродовольственные товары,106.3,level
2024-03-01,ZKO,NONFOOD,Непродовольственные товары,106.4,level
2024-04-01,ZKO,NONFOOD,Непродовольственные товары,106.0,level
2024-05-01,ZKO,NONFOOD,Непродовольственные товары,106.3,level
2024-06-01,ZKO,NONFOOD,Непродовольственные товары,106.0,level
2024-07-01,ZKO,NONFOOD,Непродовольственные товары,105.4,level
2024-08-01,ZKO,NONFOOD,Непродовольственные товары,106.5,level
2024-09-01,ZKO,NONFOOD,Непродовольственные товары,106.4,level
2024-10-01,ZKO,NONFOOD,Непродовольственные товары,106.8,level
2024-11-01,ZKO,NONFOOD,Непродовольственные товары,107.2,level
2024-12-01,ZKO,NONFOOD,Непродовольственные товары,106.2,level
2025-01-01,ZKO,NONFOOD,Непродовольственные товары,107.9,level
2025-02-01,ZKO,NONFOOD,Непродовольственные товары,108.4,level
2025-03-01,ZKO,NONFOOD,Непродовольственные товары,108.5,level
2025-04-01,ZKO,NONFOOD,Непродовольственные товары,107.8,level
2025-05-01,ZKO,NONFOOD,Непродовольственные товары,107.9,level
2025-06-01,ZKO,NONFOOD,Непродовольственные товары,108.2,level
2025-07-01,ZKO,NONFOOD,Непродовольственные товары,108.2,level
2025-08-01,ZKO,NONFOOD,Непродовольственные товары,107.9,level
2025-09-01,ZKO,NONFOOD,Непродовольственные товары,108.8,level
2025-10-01,ZKO,NONFOOD,Непродовольственные товары,108.3,level
2025-11-01,ZKO,NONFOOD,Непродовольственные товары,108.2,level
2025-12-01,ZKO,NONFOOD,Непродовольственные товары,108.5,level
2026-01-01,ZKO,NONFOOD,Непродовольственные товары,107.5,level
2026-02-01,ZKO,NONFOOD,Непродовольственные товары,107.4,level
2026-03-01,ZKO,NONFOOD,Непродовольственные товары,107.2,level
2026-04-01,ZKO,NONFOOD,Непродовольственные товары,108.1,level
2026-05-01,ZKO,NONFOOD,Непродовольственные товары,108.6,level
2026-06-01,ZKO,NONFOOD,Непродовольственные товары,108.7,level
2026-07-01,ZKO,NONFOOD,Непродовольственные товары,108.7,level
2026-08-01,ZKO,NONFOOD,Непродовольственные товары,108.8,level
2022-10-01,national,NONFOOD,Непродовольственные товары,116.4,level
2022-11-01,national,NONFOOD,Непродовольственные товары,116.7,level
2022-12-01,national,NONFOOD,Непродовольственные товары,117.0,level
2023-01-01,national,NONFOOD,Непродовольственные товары,117.2,level
2023-02-01,national,NONFOOD,Непродовольственные товары,117.3,level
2023-03-01,national,NONFOOD,Непродовольственные товары,114.2,level
2023-04-01,national,NONFOOD,Непродовольственные товары,115.2,level
2023-05-01,national,NONFOOD,Непродовольственные товары,113.9,level
2023-06-01,national,NONFOOD,Непродовольственные товары,112.7,level
2023-07-01,national,NONFOOD,Непродовольственные товары,112.4,level
2023-08-01,national,NONFOOD,Непродовольственные товары,110.1,level
2023-09-01,national,NONFOOD,Непродовольственные товары,108.8,level
2023-10-01,national,NONFOOD,Непродовольственные товары,108.3,level
2023-11-01,national,NONFOOD,Непродовольственные товары,107.3,level
2023-12-01,national,NONFOOD,Непродовольственные товары,106.5,level
2024-01-01,national,NONFOOD,Непродовольственные товары,106.0,level
2024-02-01,national,NONFOOD,Непродовольственные товары,106.4,level
2024-03-01,national,NONFOOD,Непродовольственные товары,106.0,level
2024-04-01,national,NONFOOD,Непродовольственные товары,105.5,level
2024-05-01,national,NONFOOD,Непродовольственные товары,106.0,level
2024-06-01,national,NONFOOD,Непродовольственные товары,105.5,level
2024-07-01,national,NONFOOD,Непродовольственные товары,105.1,level
2024-08-01,national,NONFOOD,Непродовольственные товары,106.2,level
2024-09-01,national,NONFOOD,Непродовольственные товары,106.1,level
2024-10-01,national,NONFOOD,Непродовольственные товары,106.4,level
2024-11-01,national,NONFOOD,Непродовольственные товары,106.8,level
2024-12-01,national,NONFOOD,Непродовольственные товары,107.2,level
2025-01-01,national,NONFOOD,Непродовольственные товары,108.0,level
2025-02-01,national,NONFOOD,Непродовольственные товары,108.3,level
2025-03-01,national,NONFOOD,Непродовольственные товары,108.8,level
2025-04-01,national,NONFOOD,Непродовольственные товары,108.2,level
2025-05-01,national,NONFOOD,Непродовольственные товары,108.4,level
2025-06-01,national,NONFOOD,Непродовольственные товары,109.0,level
2025-07-01,national,NONFOOD,Непродовольственные товары,109.0,level
2025-08-01,national,NONFOOD,Непродовольственные товары,108.5,level
2025-09-01,national,NONFOOD,Непродовольственные товары,109.8,level
2025-10-01,national,NONFOOD,Непродовольственные товары,109.5,level
2025-11-01,national,NONFOOD,Непродовольственные товары,109.8,level
2025-12-01,national,NONFOOD,Непродовольственные товары,109.4,level
2026-01-01,national,NONFOOD,Непродовольственные товары,109.6,level
2026-02-01,national,NONFOOD,Непродовольственные товары,109.5,level
2026-03-01,national,NONFOOD,Непродовольственные товары,108.8,level
2026-04-01,national,NONFOOD,Непродовольственные товары,109.4,level
2026-05-01,national,NONFOOD,Непродовольственные товары,109.6,level
2026-06-01,national,NONFOOD,Непродовольственные товары,109.3,level
2026-07-01,national,NONFOOD,Непродовольственные товары,109.2,level
2026-08-01,national,NONFOOD,Непродовольственные товары,109.1,level
2022-10-01,national,alkogolnye_napitki,Алкогольные напитки,120.0,level
2022-11-01,national,alkogolnye_napitki,Алкогольные напитки,120.3,level
2022-12-01,national,alkogolnye_napitki,Алкогольные напитки,121.5,level
2023-01-01,national,alkogolnye_napitki,Алкогольные напитки,122.9,level
2023-02-01,national,alkogolnye_napitki,Алкогольные напитки,123.0,level
2023-03-01,national,alkogolnye_napitki,Алкогольные напитки,121.0,level
2023-04-01,national,alkogolnye_napitki,Алкогольные напитки,119.4,level
2023-05-01,national,alkogolnye_napitki,Алкогольные напитки,117.9,level
2023-06-01,national,alkogolnye_napitki,Алкогольные напитки,117.7,level
2023-07-01,national,alkogolnye_napitki,Алкогольные напитки,116.8,level
2023-08-01,national,alkogolnye_napitki,Алкогольные напитки,115.6,level
2023-09-01,national,alkogolnye_napitki,Алкогольные напитки,114.6,level
2023-10-01,national,alkogolnye_napitki,Алкогольные напитки,114.2,level
2023-11-01,national,alkogolnye_napitki,Алкогольные напитки,113.8,level
2023-12-01,national,alkogolnye_napitki,Алкогольные напитки,113.3,level
2024-01-01,national,alkogolnye_napitki,Алкогольные напитки,112.2,level
2024-02-01,national,alkogolnye_napitki,Алкогольные напитки,111.8,level
2024-03-01,national,alkogolnye_napitki,Алкогольные напитки,111.3,level
2024-04-01,national,alkogolnye_napitki,Алкогольные напитки,111.2,level
2024-05-01,national,alkogolnye_napitki,Алкогольные напитки,110.8,level
2024-06-01,national,alkogolnye_napitki,Алкогольные напитки,109.6,level
2024-07-01,national,alkogolnye_napitki,Алкогольные напитки,109.6,level
2024-08-01,national,alkogolnye_napitki,Алкогольные напитки,109.3,level
2024-09-01,national,alkogolnye_napitki,Алкогольные напитки,109.5,level
2024-10-01,national,alkogolnye_napitki,Алкогольные напитки,108.9,level
2024-11-01,national,alkogolnye_napitki,Алкогольные напитки,108.9,level
2024-12-01,national,alkogolnye_napitki,Алкогольные напитки,108.9,level
2025-01-01,national,alkogolnye_napitki,Алкогольные напитки,109.4,level
2025-02-01,national,alkogolnye_napitki,Алкогольные напитки,110.4,level
2025-03-01,national,alkogolnye_napitki,Алкогольные напитки,110.0,level
2025-04-01,national,alkogolnye_napitki,Алкогольные напитки,110.0,level
2025-05-01,national,alkogolnye_napitki,Алкогольные напитки,109.9,level
2025-06-01,national,alkogolnye_napitki,Алкогольные напитки,109.8,level
2025-07-01,national,alkogolnye_napitki,Алкогольные напитки,109.7,level
2025-08-01,national,alkogolnye_napitki,Алкогольные напитки,110.1,level
2025-09-01,national,alkogolnye_napitki,Алкогольные напитки,110.8,level
2025-10-01,national,alkogolnye_napitki,Алкогольные напитки,110.6,level
2025-11-01,national,alkogolnye_napitki,Алкогольные напитки,111.4,level
2025-12-01,national,alkogolnye_napitki,Алкогольные напитки,111.2,level
2022-10-01,national,avtomobili,Автомобили,110.4,level
2022-11-01,national,avtomobili,Автомобили,111.2,level
2022-12-01,national,avtomobili,Автомобили,108.6,level
2023-01-01,national,avtomobili,Автомобили,107.0,level
2023-02-01,national,avtomobili,Автомобили,106.0,level
2023-03-01,national,avtomobili,Автомобили,103.4,level
2023-04-01,national,avtomobili,Автомобили,102.7,level
2023-05-01,national,avtomobili,Автомобили,102.5,level
2023-06-01,national,avtomobili,Автомобили,101.0,level
2023-07-01,national,avtomobili,Автомобили,101.9,level
2023-08-01,national,avtomobili,Автомобили,102.3,level
2023-09-01,national,avtomobili,Автомобили,102.8,level
2023-10-01,national,avtomobili,Автомобили,103.3,level
2023-11-01,national,avtomobili,Автомобили,104.8,level
2023-12-01,national,avtomobili,Автомобили,102.2,level
2024-01-01,national,avtomobili,Автомобили,101.8,level
2024-02-01,national,avtomobili,Автомобили,103.2,level
2024-03-01,national,avtomobili,Автомобили,102.0,level
2024-04-01,national,avtomobili,Автомобили,100.4,level
2024-05-01,national,avtomobili,Автомобили,101.4,level
2024-06-01,national,avtomobili,Автомобили,103.0,level
2024-07-01,national,avtomobili,Автомобили,108.6,level
2024-08-01,national,avtomobili,Автомобили,104.3,level
2024-09-01,national,avtomobili,Автомобили,105.8,level
2024-10-01,national,avtomobili,Автомобили,104.9,level
2024-11-01,national,avtomobili,Автомобили,103.7,level
2024-12-01,national,avtomobili,Автомобили,106.4,level
2025-01-01,national,avtomobili,Автомобили,107.3,level
2025-02-01,national,avtomobili,Автомобили,107.0,level
2025-03-01,national,avtomobili,Автомобили,108.2,level
2025-04-01,national,avtomobili,Автомобили,110.9,level
2025-05-01,national,avtomobili,Автомобили,110.7,level
2025-06-01,national,avtomobili,Автомобили,105.6,level
2025-07-01,national,avtomobili,Автомобили,109.3,level
2025-08-01,national,avtomobili,Автомобили,108.1,level
2025-09-01,national,avtomobili,Автомобили,106.4,level
2025-10-01,national,avtomobili,Автомобили,105.9,level
2025-11-01,national,avtomobili,Автомобили,104.1,level
2025-12-01,national,avtomobili,Автомобили,103.5,level
2022-10-01,national,batareyki,Батарейки,112.6,level
2022-11-01,national,batareyki,Батарейки,113.7,level
2022-12-01,national,batareyki,Батарейки,114.0,level
2023-01-01,national,batareyki,Батарейки,114.3,level
2023-02-01,national,batareyki,Батарейки,114.0,level
2023-03-01,national,batareyki,Батарейки,114.1,level
2023-04-01,national,batareyki,Батарейки,113.8,level
2023-05-01,national,batareyki,Батарейки,112.8,level
2023-06-01,national,batareyki,Батарейки,114.5,level
2023-07-01,national,batareyki,Батарейки,115.9,level
2023-08-01,national,batareyki,Батарейки,115.2,level
2023-09-01,national,batareyki,Батарейки,112.6,level
2023-10-01,national,batareyki,Батарейки,110.0,level
2023-11-01,national,batareyki,Батарейки,110.8,level
2023-12-01,national,batareyki,Батарейки,110.7,level
2024-01-01,national,batareyki,Батарейки,106.7,level
2024-02-01,national,batareyki,Батарейки,111.4,level
2024-03-01,national,batareyki,Батарейки,112.6,level
2024-04-01,national,batareyki,Батарейки,106.6,level
2024-05-01,national,batareyki,Батарейки,96.8,level
2024-06-01,national,batareyki,Батарейки,84.8,level
2024-07-01,national,batareyki,Батарейки,78.3,level
2024-08-01,national,batareyki,Батарейки,74.0,level
2024-09-01,national,batareyki,Батарейки,68.7,level
2024-10-01,national,batareyki,Батарейки,62.5,level
2024-11-01,national,batareyki,Батарейки,56.9,level
2024-12-01,national,batareyki,Батарейки,55.1,level
2025-01-01,national,batareyki,Батарейки,54.0,level
2025-02-01,national,batareyki,Батарейки,51.0,level
2025-03-01,national,batareyki,Батарейки,44.8,level
2025-04-01,national,batareyki,Батарейки,42.5,level
2025-05-01,national,batareyki,Батарейки,47.5,level
2025-06-01,national,batareyki,Батарейки,59.8,level
2025-07-01,national,batareyki,Батарейки,65.4,level
2025-08-01,national,batareyki,Батарейки,69.1,level
2025-09-01,national,batareyki,Батарейки,74.2,level
2025-10-01,national,batareyki,Батарейки,81.7,level
2025-11-01,national,batareyki,Батарейки,90.5,level
2025-12-01,national,batareyki,Батарейки,94.4,level
2022-10-01,national,bezalkogolnye_napitki,Безалкогольные напитки,123.3,level
2022-11-01,national,bezalkogolnye_napitki,Безалкогольные напитки,124.8,level
2022-12-01,national,bezalkogolnye_napitki,Безалкогольные напитки,126.1,level
2023-01-01,national,bezalkogolnye_napitki,Безалкогольные напитки,126.9,level
2023-02-01,national,bezalkogolnye_napitki,Безалкогольные напитки,126.8,level
2023-03-01,national,bezalkogolnye_napitki,Безалкогольные напитки,125.8,level
2023-04-01,national,bezalkogolnye_napitki,Безалкогольные напитки,122.7,level
2023-05-01,national,bezalkogolnye_napitki,Безалкогольные напитки,121.1,level
2023-06-01,national,bezalkogolnye_napitki,Безалкогольные напитки,119.4,level
2023-07-01,national,bezalkogolnye_napitki,Безалкогольные напитки,117.7,level
2023-08-01,national,bezalkogolnye_napitki,Безалкогольные напитки,116.3,level
2023-09-01,national,bezalkogolnye_napitki,Безалкогольные напитки,115.0,level
2023-10-01,national,bezalkogolnye_napitki,Безалкогольные напитки,114.0,level
2023-11-01,national,bezalkogolnye_napitki,Безалкогольные напитки,112.6,level
2023-12-01,national,bezalkogolnye_napitki,Безалкогольные напитки,111.4,level
2024-01-01,national,bezalkogolnye_napitki,Безалкогольные напитки,110.9,level
2024-02-01,national,bezalkogolnye_napitki,Безалкогольные напитки,110.7,level
2024-03-01,national,bezalkogolnye_napitki,Безалкогольные напитки,109.8,level
2024-04-01,national,bezalkogolnye_napitki,Безалкогольные напитки,109.1,level
2024-05-01,national,bezalkogolnye_napitki,Безалкогольные напитки,108.3,level
2024-06-01,national,bezalkogolnye_napitki,Безалкогольные напитки,107.7,level
2024-07-01,national,bezalkogolnye_napitki,Безалкогольные напитки,108.2,level
2024-08-01,national,bezalkogolnye_napitki,Безалкогольные напитки,108.1,level
2024-09-01,national,bezalkogolnye_napitki,Безалкогольные напитки,108.0,level
2024-10-01,national,bezalkogolnye_napitki,Безалкогольные напитки,108.2,level
2024-11-01,national,bezalkogolnye_napitki,Безалкогольные напитки,108.2,level
2024-12-01,national,bezalkogolnye_napitki,Безалкогольные напитки,108.4,level
2025-01-01,national,bezalkogolnye_napitki,Безалкогольные напитки,108.5,level
2025-02-01,national,bezalkogolnye_napitki,Безалкогольные напитки,109.5,level
2025-03-01,national,bezalkogolnye_napitki,Безалкогольные напитки,109.9,level
2025-04-01,national,bezalkogolnye_napitki,Безалкогольные напитки,110.2,level
2025-05-01,national,bezalkogolnye_napitki,Безалкогольные напитки,111.0,level
2025-06-01,national,bezalkogolnye_napitki,Безалкогольные напитки,111.9,level
2025-07-01,national,bezalkogolnye_napitki,Безалкогольные напитки,112.2,level
2025-08-01,national,bezalkogolnye_napitki,Безалкогольные напитки,113.3,level
2025-09-01,national,bezalkogolnye_napitki,Безалкогольные напитки,114.4,level
2025-10-01,national,bezalkogolnye_napitki,Безалкогольные напитки,115.2,level
2025-11-01,national,bezalkogolnye_napitki,Безалкогольные напитки,115.7,level
2025-12-01,national,bezalkogolnye_napitki,Безалкогольные напитки,116.3,level
2026-01-01,national,bezalkogolnye_napitki,Безалкогольные напитки,116.8,level
2026-02-01,national,bezalkogolnye_napitki,Безалкогольные напитки,118.2,level
2026-03-01,national,bezalkogolnye_napitki,Безалкогольные напитки,117.0,level
2026-04-01,national,bezalkogolnye_napitki,Безалкогольные напитки,117.1,level
2026-05-01,national,bezalkogolnye_napitki,Безалкогольные напитки,115.7,level
2026-06-01,national,bezalkogolnye_napitki,Безалкогольные напитки,113.8,level
2026-07-01,national,bezalkogolnye_napitki,Безалкогольные напитки,113.6,level
2026-08-01,national,bezalkogolnye_napitki,Безалкогольные напитки,112.3,level
2022-10-01,national,botinki_tufli_i_prochaya_obuv,"Ботинки, туфли и прочая обувь",116.6,level
2022-11-01,national,botinki_tufli_i_prochaya_obuv,"Ботинки, туфли и прочая обувь",118.3,level
2022-12-01,national,botinki_tufli_i_prochaya_obuv,"Ботинки, туфли и прочая обувь",118.9,level
2023-01-01,national,botinki_tufli_i_prochaya_obuv,"Ботинки, туфли и прочая обувь",119.5,level
2023-02-01,national,botinki_tufli_i_prochaya_obuv,"Ботинки, туфли и прочая обувь",120.1,level
2023-03-01,national,botinki_tufli_i_prochaya_obuv,"Ботинки, туфли и прочая обувь",119.8,level
2023-04-01,national,botinki_tufli_i_prochaya_obuv,"Ботинки, туфли и прочая обувь",118.2,level
2023-05-01,national,botinki_tufli_i_prochaya_obuv,"Ботинки, туфли и прочая обувь",117.9,level
2023-06-01,national,botinki_tufli_i_prochaya_obuv,"Ботинки, туфли и прочая обувь",116.9,level
2023-07-01,national,botinki_tufli_i_prochaya_obuv,"Ботинки, туфли и прочая обувь",116.6,level
2023-08-01,national,botinki_tufli_i_prochaya_obuv,"Ботинки, туфли и прочая обувь",115.6,level
2023-09-01,national,botinki_tufli_i_prochaya_obuv,"Ботинки, туфли и прочая обувь",114.7,level
2023-10-01,national,botinki_tufli_i_prochaya_obuv,"Ботинки, туфли и прочая обувь",113.2,level
2023-11-01,national,botinki_tufli_i_prochaya_obuv,"Ботинки, туфли и прочая обувь",113.0,level
2023-12-01,national,botinki_tufli_i_prochaya_obuv,"Ботинки, туфли и прочая обувь",112.6,level
2024-01-01,national,botinki_tufli_i_prochaya_obuv,"Ботинки, туфли и прочая обувь",112.5,level
2024-02-01,national,botinki_tufli_i_prochaya_obuv,"Ботинки, туфли и прочая обувь",112.4,level
2024-03-01,national,botinki_tufli_i_prochaya_obuv,"Ботинки, туфли и прочая обувь",112.1,level
2024-04-01,national,botinki_tufli_i_prochaya_obuv,"Ботинки, туфли и прочая обувь",112.5,level
2024-05-01,national,botinki_tufli_i_prochaya_obuv,"Ботинки, туфли и прочая обувь",112.1,level
2024-06-01,national,botinki_tufli_i_prochaya_obuv,"Ботинки, туфли и прочая обувь",112.2,level
2024-07-01,national,botinki_tufli_i_prochaya_obuv,"Ботинки, туфли и прочая обувь",112.2,level
2024-08-01,national,botinki_tufli_i_prochaya_obuv,"Ботинки, туфли и прочая обувь",111.9,level
2024-09-01,national,botinki_tufli_i_prochaya_obuv,"Ботинки, туфли и прочая обувь",111.5,level
2024-10-01,national,botinki_tufli_i_prochaya_obuv,"Ботинки, туфли и прочая обувь",111.8,level
2024-11-01,national,botinki_tufli_i_prochaya_obuv,"Ботинки, туфли и прочая обувь",111.5,level
2024-12-01,national,botinki_tufli_i_prochaya_obuv,"Ботинки, туфли и прочая обувь",111.4,level
2025-01-01,national,botinki_tufli_i_prochaya_obuv,"Ботинки, туфли и прочая обувь",111.3,level
2025-02-01,national,botinki_tufli_i_prochaya_obuv,"Ботинки, туфли и прочая обувь",111.5,level
2025-03-01,national,botinki_tufli_i_prochaya_obuv,"Ботинки, туфли и прочая обувь",111.8,level
2025-04-01,national,botinki_tufli_i_prochaya_obuv,"Ботинки, туфли и прочая обувь",112.1,level
2025-05-01,national,botinki_tufli_i_prochaya_obuv,"Ботинки, туфли и прочая обувь",111.8,level
2025-06-01,national,botinki_tufli_i_prochaya_obuv,"Ботинки, туфли и прочая обувь",111.6,level
2025-07-01,national,botinki_tufli_i_prochaya_obuv,"Ботинки, туфли и прочая обувь",111.6,level
2025-08-01,national,botinki_tufli_i_prochaya_obuv,"Ботинки, туфли и прочая обувь",111.6,level
2025-09-01,national,botinki_tufli_i_prochaya_obuv,"Ботинки, туфли и прочая обувь",111.7,level
2025-10-01,national,botinki_tufli_i_prochaya_obuv,"Ботинки, туфли и прочая обувь",111.3,level
2025-11-01,national,botinki_tufli_i_prochaya_obuv,"Ботинки, туфли и прочая обувь",111.2,level
2025-12-01,national,botinki_tufli_i_prochaya_obuv,"Ботинки, туфли и прочая обувь",111.3,level
2026-01-01,national,botinki_tufli_i_prochaya_obuv,"Ботинки, туфли и прочая обувь",111.7,level
2026-02-01,national,botinki_tufli_i_prochaya_obuv,"Ботинки, туфли и прочая обувь",111.7,level
2026-03-01,national,botinki_tufli_i_prochaya_obuv,"Ботинки, туфли и прочая обувь",111.7,level
2026-04-01,national,botinki_tufli_i_prochaya_obuv,"Ботинки, туфли и прочая обувь",111.0,level
2026-05-01,national,botinki_tufli_i_prochaya_obuv,"Ботинки, туфли и прочая обувь",111.2,level
2026-06-01,national,botinki_tufli_i_prochaya_obuv,"Ботинки, туфли и прочая обувь",111.5,level
2026-07-01,national,botinki_tufli_i_prochaya_obuv,"Ботинки, туфли и прочая обувь",111.2,level
2026-08-01,national,botinki_tufli_i_prochaya_obuv,"Ботинки, туфли и прочая обувь",111.0,level
2022-10-01,national,bulochnye_i_muchnye_konditerskie_izdeliya,Булочные и мучные кондитерские изделия,133.6,level
2022-11-01,national,bulochnye_i_muchnye_konditerskie_izdeliya,Булочные и мучные кондитерские изделия,134.3,level
2022-12-01,national,bulochnye_i_muchnye_konditerskie_izdeliya,Булочные и мучные кондитерские изделия,135.8,level
2023-01-01,national,bulochnye_i_muchnye_konditerskie_izdeliya,Булочные и мучные кондитерские изделия,136.2,level
2023-02-01,national,bulochnye_i_muchnye_konditerskie_izdeliya,Булочные и мучные кондитерские изделия,136.7,level
2023-03-01,national,bulochnye_i_muchnye_konditerskie_izdeliya,Булочные и мучные кондитерские изделия,134.9,level
2023-04-01,national,bulochnye_i_muchnye_konditerskie_izdeliya,Булочные и мучные кондитерские изделия,130.4,level
2023-05-01,national,bulochnye_i_muchnye_konditerskie_izdeliya,Булочные и мучные кондитерские изделия,127.4,level
2023-06-01,national,bulochnye_i_muchnye_konditerskie_izdeliya,Булочные и мучные кондитерские изделия,124.0,level
2023-07-01,national,bulochnye_i_muchnye_konditerskie_izdeliya,Булочные и мучные кондитерские изделия,121.4,level
2023-08-01,national,bulochnye_i_muchnye_konditerskie_izdeliya,Булочные и мучные кондитерские изделия,119.6,level
2023-09-01,national,bulochnye_i_muchnye_konditerskie_izdeliya,Булочные и мучные кондитерские изделия,115.9,level
2023-10-01,national,bulochnye_i_muchnye_konditerskie_izdeliya,Булочные и мучные кондитерские изделия,114.6,level
2023-11-01,national,bulochnye_i_muchnye_konditerskie_izdeliya,Булочные и мучные кондитерские изделия,113.6,level
2023-12-01,national,bulochnye_i_muchnye_konditerskie_izdeliya,Булочные и мучные кондитерские изделия,112.3,level
2024-01-01,national,bulochnye_i_muchnye_konditerskie_izdeliya,Булочные и мучные кондитерские изделия,111.7,level
2024-02-01,national,bulochnye_i_muchnye_konditerskie_izdeliya,Булочные и мучные кондитерские изделия,111.0,level
2024-03-01,national,bulochnye_i_muchnye_konditerskie_izdeliya,Булочные и мучные кондитерские изделия,110.2,level
2024-04-01,national,bulochnye_i_muchnye_konditerskie_izdeliya,Булочные и мучные кондитерские изделия,109.6,level
2024-05-01,national,bulochnye_i_muchnye_konditerskie_izdeliya,Булочные и мучные кондитерские изделия,108.8,level
2024-06-01,national,bulochnye_i_muchnye_konditerskie_izdeliya,Булочные и мучные кондитерские изделия,108.2,level
2024-07-01,national,bulochnye_i_muchnye_konditerskie_izdeliya,Булочные и мучные кондитерские изделия,107.8,level
2024-08-01,national,bulochnye_i_muchnye_konditerskie_izdeliya,Булочные и мучные кондитерские изделия,107.7,level
2024-09-01,national,bulochnye_i_muchnye_konditerskie_izdeliya,Булочные и мучные кондитерские изделия,107.5,level
2024-10-01,national,bulochnye_i_muchnye_konditerskie_izdeliya,Булочные и мучные кондитерские изделия,106.8,level
2024-11-01,national,bulochnye_i_muchnye_konditerskie_izdeliya,Булочные и мучные кондитерские изделия,106.6,level
2024-12-01,national,bulochnye_i_muchnye_konditerskie_izdeliya,Булочные и мучные кондитерские изделия,106.5,level
2025-01-01,national,bulochnye_i_muchnye_konditerskie_izdeliya,Булочные и мучные кондитерские изделия,106.7,level
2025-02-01,national,bulochnye_i_muchnye_konditerskie_izdeliya,Булочные и мучные кондитерские изделия,106.6,level
2025-03-01,national,bulochnye_i_muchnye_konditerskie_izdeliya,Булочные и мучные кондитерские изделия,106.4,level
2025-04-01,national,bulochnye_i_muchnye_konditerskie_izdeliya,Булочные и мучные кондитерские изделия,106.2,level
2025-05-01,national,bulochnye_i_muchnye_konditerskie_izdeliya,Булочные и мучные кондитерские изделия,106.4,level
2025-06-01,national,bulochnye_i_muchnye_konditerskie_izdeliya,Булочные и мучные кондитерские изделия,106.6,level
2025-07-01,national,bulochnye_i_muchnye_konditerskie_izdeliya,Булочные и мучные кондитерские изделия,106.9,level
2025-08-01,national,bulochnye_i_muchnye_konditerskie_izdeliya,Булочные и мучные кондитерские изделия,107.4,level
2025-09-01,national,bulochnye_i_muchnye_konditerskie_izdeliya,Булочные и мучные кондитерские изделия,107.8,level
2025-10-01,national,bulochnye_i_muchnye_konditerskie_izdeliya,Булочные и мучные кондитерские изделия,108.1,level
2025-11-01,national,bulochnye_i_muchnye_konditerskie_izdeliya,Булочные и мучные кондитерские изделия,108.3,level
2025-12-01,national,bulochnye_i_muchnye_konditerskie_izdeliya,Булочные и мучные кондитерские изделия,108.5,level
2026-01-01,national,bytovye_tovary_kratkovremennogo_polzovaniya,Бытовые товары кратковременного пользования,108.2,level
2026-02-01,national,bytovye_tovary_kratkovremennogo_polzovaniya,Бытовые товары кратковременного пользования,109.3,level
2026-03-01,national,bytovye_tovary_kratkovremennogo_polzovaniya,Бытовые товары кратковременного пользования,110.0,level
2026-04-01,national,bytovye_tovary_kratkovremennogo_polzovaniya,Бытовые товары кратковременного пользования,110.5,level
2026-05-01,national,bytovye_tovary_kratkovremennogo_polzovaniya,Бытовые товары кратковременного пользования,110.8,level
2026-06-01,national,bytovye_tovary_kratkovremennogo_polzovaniya,Бытовые товары кратковременного пользования,111.0,level
2026-07-01,national,bytovye_tovary_kratkovremennogo_polzovaniya,Бытовые товары кратковременного пользования,111.1,level
2026-08-01,national,bytovye_tovary_kratkovremennogo_polzovaniya,Бытовые товары кратковременного пользования,111.2,level
2022-10-01,national,domashnie_zhivotnye_i_svyazannye_s_nimi_tovary,Домашние животные и связанные с ними товары,122.5,level
2022-11-01,national,domashnie_zhivotnye_i_svyazannye_s_nimi_tovary,Домашние животные и связанные с ними товары,124.0,level
2022-12-01,national,domashnie_zhivotnye_i_svyazannye_s_nimi_tovary,Домашние животные и связанные с ними товары,125.2,level
2023-01-01,national,domashnie_zhivotnye_i_svyazannye_s_nimi_tovary,Домашние животные и связанные с ними товары,127.9,level
2023-02-01,national,domashnie_zhivotnye_i_svyazannye_s_nimi_tovary,Домашние животные и связанные с ними товары,128.7,level
2023-03-01,national,domashnie_zhivotnye_i_svyazannye_s_nimi_tovary,Домашние животные и связанные с ними товары,132.6,level
2023-04-01,national,domashnie_zhivotnye_i_svyazannye_s_nimi_tovary,Домашние животные и связанные с ними товары,133.9,level
2023-05-01,national,domashnie_zhivotnye_i_svyazannye_s_nimi_tovary,Домашние животные и связанные с ними товары,133.8,level
2023-06-01,national,domashnie_zhivotnye_i_svyazannye_s_nimi_tovary,Домашние животные и связанные с ними товары,134.3,level
2023-07-01,national,domashnie_zhivotnye_i_svyazannye_s_nimi_tovary,Домашние животные и связанные с ними товары,132.6,level
2023-08-01,national,domashnie_zhivotnye_i_svyazannye_s_nimi_tovary,Домашние животные и связанные с ними товары,130.2,level
2023-09-01,national,domashnie_zhivotnye_i_svyazannye_s_nimi_tovary,Домашние животные и связанные с ними товары,128.3,level
2023-10-01,national,domashnie_zhivotnye_i_svyazannye_s_nimi_tovary,Домашние животные и связанные с ними товары,126.5,level
2023-11-01,national,domashnie_zhivotnye_i_svyazannye_s_nimi_tovary,Домашние животные и связанные с ними товары,126.4,level
2023-12-01,national,domashnie_zhivotnye_i_svyazannye_s_nimi_tovary,Домашние животные и связанные с ними товары,125.5,level
2024-01-01,national,domashnie_zhivotnye_i_svyazannye_s_nimi_tovary,Домашние животные и связанные с ними товары,123.2,level
2024-02-01,national,domashnie_zhivotnye_i_svyazannye_s_nimi_tovary,Домашние животные и связанные с ними товары,123.9,level
2024-03-01,national,domashnie_zhivotnye_i_svyazannye_s_nimi_tovary,Домашние животные и связанные с ними товары,117.0,level
2024-04-01,national,domashnie_zhivotnye_i_svyazannye_s_nimi_tovary,Домашние животные и связанные с ними товары,115.0,level
2024-05-01,national,domashnie_zhivotnye_i_svyazannye_s_nimi_tovary,Домашние животные и связанные с ними товары,113.9,level
2024-06-01,national,domashnie_zhivotnye_i_svyazannye_s_nimi_tovary,Домашние животные и связанные с ними товары,112.0,level
2024-07-01,national,domashnie_zhivotnye_i_svyazannye_s_nimi_tovary,Домашние животные и связанные с ними товары,102.5,level
2024-08-01,national,domashnie_zhivotnye_i_svyazannye_s_nimi_tovary,Домашние животные и связанные с ними товары,112.9,level
2024-09-01,national,domashnie_zhivotnye_i_svyazannye_s_nimi_tovary,Домашние животные и связанные с ними товары,113.2,level
2024-10-01,national,domashnie_zhivotnye_i_svyazannye_s_nimi_tovary,Домашние животные и связанные с ними товары,112.0,level
2024-11-01,national,domashnie_zhivotnye_i_svyazannye_s_nimi_tovary,Домашние животные и связанные с ними товары,110.0,level
2024-12-01,national,domashnie_zhivotnye_i_svyazannye_s_nimi_tovary,Домашние животные и связанные с ними товары,109.4,level
2025-01-01,national,domashnie_zhivotnye_i_svyazannye_s_nimi_tovary,Домашние животные и связанные с ними товары,110.0,level
2025-02-01,national,domashnie_zhivotnye_i_svyazannye_s_nimi_tovary,Домашние животные и связанные с ними товары,109.5,level
2025-03-01,national,domashnie_zhivotnye_i_svyazannye_s_nimi_tovary,Домашние животные и связанные с ними товары,110.5,level
2025-04-01,national,domashnie_zhivotnye_i_svyazannye_s_nimi_tovary,Домашние животные и связанные с ними товары,109.5,level
2025-05-01,national,domashnie_zhivotnye_i_svyazannye_s_nimi_tovary,Домашние животные и связанные с ними товары,109.5,level
2025-06-01,national,domashnie_zhivotnye_i_svyazannye_s_nimi_tovary,Домашние животные и связанные с ними товары,101.9,level
2025-07-01,national,domashnie_zhivotnye_i_svyazannye_s_nimi_tovary,Домашние животные и связанные с ними товары,107.8,level
2025-08-01,national,domashnie_zhivotnye_i_svyazannye_s_nimi_tovary,Домашние животные и связанные с ними товары,107.5,level
2025-09-01,national,domashnie_zhivotnye_i_svyazannye_s_nimi_tovary,Домашние животные и связанные с ними товары,107.6,level
2025-10-01,national,domashnie_zhivotnye_i_svyazannye_s_nimi_tovary,Домашние животные и связанные с ними товары,108.2,level
2025-11-01,national,domashnie_zhivotnye_i_svyazannye_s_nimi_tovary,Домашние животные и связанные с ними товары,109.1,level
2025-12-01,national,domashnie_zhivotnye_i_svyazannye_s_nimi_tovary,Домашние животные и связанные с ними товары,110.8,level
2026-01-01,national,drugie_predmety_odezhdy_i_aksessuary_odezhdy,Другие предметы одежды и аксессуары одежды,111.0,level
2026-02-01,national,drugie_predmety_odezhdy_i_aksessuary_odezhdy,Другие предметы одежды и аксессуары одежды,109.4,level
2026-03-01,national,drugie_predmety_odezhdy_i_aksessuary_odezhdy,Другие предметы одежды и аксессуары одежды,109.5,level
2026-04-01,national,drugie_predmety_odezhdy_i_aksessuary_odezhdy,Другие предметы одежды и аксессуары одежды,110.1,level
2026-05-01,national,drugie_predmety_odezhdy_i_aksessuary_odezhdy,Другие предметы одежды и аксессуары одежды,109.5,level
2026-06-01,national,drugie_predmety_odezhdy_i_aksessuary_odezhdy,Другие предметы одежды и аксессуары одежды,109.4,level
2026-07-01,national,drugie_predmety_odezhdy_i_aksessuary_odezhdy,Другие предметы одежды и аксессуары одежды,108.8,level
2026-08-01,national,drugie_predmety_odezhdy_i_aksessuary_odezhdy,Другие предметы одежды и аксессуары одежды,108.9,level
2022-10-01,national,dzhem_med,"Джем, мед",123.2,level
2022-11-01,national,dzhem_med,"Джем, мед",125.2,level
2022-12-01,national,dzhem_med,"Джем, мед",126.4,level
2023-01-01,national,dzhem_med,"Джем, мед",126.8,level
2023-02-01,national,dzhem_med,"Джем, мед",127.1,level
2023-03-01,national,dzhem_med,"Джем, мед",125.1,level
2023-04-01,national,dzhem_med,"Джем, мед",124.3,level
2023-05-01,national,dzhem_med,"Джем, мед",123.3,level
2023-06-01,national,dzhem_med,"Джем, мед",122.7,level
2023-07-01,national,dzhem_med,"Джем, мед",120.5,level
2023-08-01,national,dzhem_med,"Джем, мед",117.7,level
2023-09-01,national,dzhem_med,"Джем, мед",115.8,level
2023-10-01,national,dzhem_med,"Джем, мед",113.8,level
2023-11-01,national,dzhem_med,"Джем, мед",112.7,level
2023-12-01,national,dzhem_med,"Джем, мед",112.0,level
2024-01-01,national,dzhem_med,"Джем, мед",111.6,level
2024-02-01,national,dzhem_med,"Джем, мед",111.7,level
2024-03-01,national,dzhem_med,"Джем, мед",111.3,level
2024-04-01,national,dzhem_med,"Джем, мед",110.1,level
2024-05-01,national,dzhem_med,"Джем, мед",109.6,level
2024-06-01,national,dzhem_med,"Джем, мед",108.5,level
2024-07-01,national,dzhem_med,"Джем, мед",107.3,level
2024-08-01,national,dzhem_med,"Джем, мед",108.4,level
2024-09-01,national,dzhem_med,"Джем, мед",107.8,level
2024-10-01,national,dzhem_med,"Джем, мед",107.0,level
2024-11-01,national,dzhem_med,"Джем, мед",106.8,level
2024-12-01,national,dzhem_med,"Джем, мед",106.2,level
2025-01-01,national,dzhem_med,"Джем, мед",106.6,level
2025-02-01,national,dzhem_med,"Джем, мед",106.0,level
2025-03-01,national,dzhem_med,"Джем, мед",105.7,level
2025-04-01,national,dzhem_med,"Джем, мед",106.0,level
2025-05-01,national,dzhem_med,"Джем, мед",105.8,level
2025-06-01,national,dzhem_med,"Джем, мед",106.2,level
2025-07-01,national,dzhem_med,"Джем, мед",107.0,level
2025-08-01,national,dzhem_med,"Джем, мед",106.5,level
2025-09-01,national,dzhem_med,"Джем, мед",106.8,level
2025-10-01,national,dzhem_med,"Джем, мед",107.8,level
2025-11-01,national,dzhem_med,"Джем, мед",108.1,level
2025-12-01,national,dzhem_med,"Джем, мед",108.4,level
2022-10-01,national,elektricheskie_pribory_lichnogo_polzovaniya,Электрические приборы личного пользования,122.5,level
2022-11-01,national,elektricheskie_pribory_lichnogo_polzovaniya,Электрические приборы личного пользования,123.6,level
2022-12-01,national,elektricheskie_pribory_lichnogo_polzovaniya,Электрические приборы личного пользования,126.9,level
2023-01-01,national,elektricheskie_pribory_lichnogo_polzovaniya,Электрические приборы личного пользования,126.8,level
2023-02-01,national,elektricheskie_pribory_lichnogo_polzovaniya,Электрические приборы личного пользования,126.8,level
2023-03-01,national,elektricheskie_pribory_lichnogo_polzovaniya,Электрические приборы личного пользования,117.0,level
2023-04-01,national,elektricheskie_pribory_lichnogo_polzovaniya,Электрические приборы личного пользования,115.2,level
2023-05-01,national,elektricheskie_pribory_lichnogo_polzovaniya,Электрические приборы личного пользования,113.9,level
2023-06-01,national,elektricheskie_pribory_lichnogo_polzovaniya,Электрические приборы личного пользования,114.1,level
2023-07-01,national,elektricheskie_pribory_lichnogo_polzovaniya,Электрические приборы личного пользования,115.2,level
2023-08-01,national,elektricheskie_pribory_lichnogo_polzovaniya,Электрические приборы личного пользования,114.8,level
2023-09-01,national,elektricheskie_pribory_lichnogo_polzovaniya,Электрические приборы личного пользования,114.0,level
2023-10-01,national,elektricheskie_pribory_lichnogo_polzovaniya,Электрические приборы личного пользования,113.4,level
2023-11-01,national,elektricheskie_pribory_lichnogo_polzovaniya,Электрические приборы личного пользования,112.6,level
2023-12-01,national,elektricheskie_pribory_lichnogo_polzovaniya,Электрические приборы личного пользования,110.0,level
2024-01-01,national,elektricheskie_pribory_lichnogo_polzovaniya,Электрические приборы личного пользования,111.8,level
2024-02-01,national,elektricheskie_pribory_lichnogo_polzovaniya,Электрические приборы личного пользования,111.8,level
2024-03-01,national,elektricheskie_pribory_lichnogo_polzovaniya,Электрические приборы личного пользования,106.6,level
2024-04-01,national,elektricheskie_pribory_lichnogo_polzovaniya,Электрические приборы личного пользования,101.4,level
2024-05-01,national,elektricheskie_pribory_lichnogo_polzovaniya,Электрические приборы личного пользования,99.3,level
2024-06-01,national,elektricheskie_pribory_lichnogo_polzovaniya,Электрические приборы личного пользования,92.6,level
2024-07-01,national,elektricheskie_pribory_lichnogo_polzovaniya,Электрические приборы личного пользования,107.9,level
2024-08-01,national,elektricheskie_pribory_lichnogo_polzovaniya,Электрические приборы личного пользования,102.5,level
2024-09-01,national,elektricheskie_pribory_lichnogo_polzovaniya,Электрические приборы личного пользования,91.2,level
2024-10-01,national,elektricheskie_pribory_lichnogo_polzovaniya,Электрические приборы личного пользования,91.3,level
2024-11-01,national,elektricheskie_pribory_lichnogo_polzovaniya,Электрические приборы личного пользования,90.5,level
2024-12-01,national,elektricheskie_pribory_lichnogo_polzovaniya,Электрические приборы личного пользования,92.9,level
2025-01-01,national,elektricheskie_pribory_lichnogo_polzovaniya,Электрические приборы личного пользования,90.3,level
2025-02-01,national,elektricheskie_pribory_lichnogo_polzovaniya,Электрические приборы личного пользования,92.7,level
2025-03-01,national,elektricheskie_pribory_lichnogo_polzovaniya,Электрические приборы личного пользования,97.5,level
2025-04-01,national,elektricheskie_pribory_lichnogo_polzovaniya,Электрические приборы личного пользования,101.3,level
2025-05-01,national,elektricheskie_pribory_lichnogo_polzovaniya,Электрические приборы личного пользования,103.2,level
2025-06-01,national,elektricheskie_pribory_lichnogo_polzovaniya,Электрические приборы личного пользования,106.3,level
2025-07-01,national,elektricheskie_pribory_lichnogo_polzovaniya,Электрические приборы личного пользования,109.4,level
2025-08-01,national,elektricheskie_pribory_lichnogo_polzovaniya,Электрические приборы личного пользования,98.5,level
2025-09-01,national,elektricheskie_pribory_lichnogo_polzovaniya,Электрические приборы личного пользования,114.0,level
2025-10-01,national,elektricheskie_pribory_lichnogo_polzovaniya,Электрические приборы личного пользования,113.4,level
2025-11-01,national,elektricheskie_pribory_lichnogo_polzovaniya,Электрические приборы личного пользования,113.7,level
2025-12-01,national,elektricheskie_pribory_lichnogo_polzovaniya,Электрические приборы личного пользования,114.6,level
2026-01-01,national,elektricheskie_pribory_lichnogo_polzovaniya,Электрические приборы личного пользования,129.4,level
2026-02-01,national,elektricheskie_pribory_lichnogo_polzovaniya,Электрические приборы личного пользования,127.0,level
2026-03-01,national,elektricheskie_pribory_lichnogo_polzovaniya,Электрические приборы личного пользования,130.6,level
2026-04-01,national,elektricheskie_pribory_lichnogo_polzovaniya,Электрические приборы личного пользования,130.6,level
2026-05-01,national,elektricheskie_pribory_lichnogo_polzovaniya,Электрические приборы личного пользования,132.6,level
2026-06-01,national,elektricheskie_pribory_lichnogo_polzovaniya,Электрические приборы личного пользования,132.0,level
2026-07-01,national,elektricheskie_pribory_lichnogo_polzovaniya,Электрические приборы личного пользования,131.5,level
2026-08-01,national,elektricheskie_pribory_lichnogo_polzovaniya,Электрические приборы личного пользования,137.6,level
2022-10-01,national,farmatsevticheskaya_produktsiya,Фармацевтическая продукция,113.3,level
2022-11-01,national,farmatsevticheskaya_produktsiya,Фармацевтическая продукция,113.2,level
2022-12-01,national,farmatsevticheskaya_produktsiya,Фармацевтическая продукция,113.5,level
2023-01-01,national,farmatsevticheskaya_produktsiya,Фармацевтическая продукция,113.6,level
2023-02-01,national,farmatsevticheskaya_produktsiya,Фармацевтическая продукция,113.6,level
2023-03-01,national,farmatsevticheskaya_produktsiya,Фармацевтическая продукция,112.8,level
2023-04-01,national,farmatsevticheskaya_produktsiya,Фармацевтическая продукция,111.6,level
2023-05-01,national,farmatsevticheskaya_produktsiya,Фармацевтическая продукция,111.0,level
2023-06-01,national,farmatsevticheskaya_produktsiya,Фармацевтическая продукция,111.4,level
2023-07-01,national,farmatsevticheskaya_produktsiya,Фармацевтическая продукция,110.8,level
2023-08-01,national,farmatsevticheskaya_produktsiya,Фармацевтическая продукция,109.8,level
2023-09-01,national,farmatsevticheskaya_produktsiya,Фармацевтическая продукция,109.1,level
2023-10-01,national,farmatsevticheskaya_produktsiya,Фармацевтическая продукция,109.3,level
2023-11-01,national,farmatsevticheskaya_produktsiya,Фармацевтическая продукция,109.9,level
2023-12-01,national,farmatsevticheskaya_produktsiya,Фармацевтическая продукция,110.4,level
2024-01-01,national,farmatsevticheskaya_produktsiya,Фармацевтическая продукция,111.7,level
2024-02-01,national,farmatsevticheskaya_produktsiya,Фармацевтическая продукция,111.7,level
2024-03-01,national,farmatsevticheskaya_produktsiya,Фармацевтическая продукция,111.3,level
2024-04-01,national,farmatsevticheskaya_produktsiya,Фармацевтическая продукция,111.5,level
2024-05-01,national,farmatsevticheskaya_produktsiya,Фармацевтическая продукция,111.5,level
2024-06-01,national,farmatsevticheskaya_produktsiya,Фармацевтическая продукция,111.2,level
2024-07-01,national,farmatsevticheskaya_produktsiya,Фармацевтическая продукция,111.7,level
2024-08-01,national,farmatsevticheskaya_produktsiya,Фармацевтическая продукция,111.6,level
2024-09-01,national,farmatsevticheskaya_produktsiya,Фармацевтическая продукция,112.0,level
2024-10-01,national,farmatsevticheskaya_produktsiya,Фармацевтическая продукция,111.0,level
2024-11-01,national,farmatsevticheskaya_produktsiya,Фармацевтическая продукция,110.5,level
2024-12-01,national,farmatsevticheskaya_produktsiya,Фармацевтическая продукция,110.2,level
2025-01-01,national,farmatsevticheskaya_produktsiya,Фармацевтическая продукция,108.6,level
2025-02-01,national,farmatsevticheskaya_produktsiya,Фармацевтическая продукция,107.9,level
2025-03-01,national,farmatsevticheskaya_produktsiya,Фармацевтическая продукция,107.9,level
2025-04-01,national,farmatsevticheskaya_produktsiya,Фармацевтическая продукция,107.5,level
2025-05-01,national,farmatsevticheskaya_produktsiya,Фармацевтическая продукция,107.7,level
2025-06-01,national,farmatsevticheskaya_produktsiya,Фармацевтическая продукция,108.0,level
2025-07-01,national,farmatsevticheskaya_produktsiya,Фармацевтическая продукция,108.5,level
2025-08-01,national,farmatsevticheskaya_produktsiya,Фармацевтическая продукция,109.9,level
2025-09-01,national,farmatsevticheskaya_produktsiya,Фармацевтическая продукция,111.1,level
2025-10-01,national,farmatsevticheskaya_produktsiya,Фармацевтическая продукция,113.2,level
2025-11-01,national,farmatsevticheskaya_produktsiya,Фармацевтическая продукция,113.5,level
2025-12-01,national,farmatsevticheskaya_produktsiya,Фармацевтическая продукция,113.6,level
2022-10-01,national,foto_i_kinooborudovanie_opticheskie_pribory,"Фото - и кинооборудование, оптические приборы",109.7,level
2022-11-01,national,foto_i_kinooborudovanie_opticheskie_pribory,"Фото - и кинооборудование, оптические приборы",114.3,level
2022-12-01,national,foto_i_kinooborudovanie_opticheskie_pribory,"Фото - и кинооборудование, оптические приборы",114.9,level
2023-01-01,national,foto_i_kinooborudovanie_opticheskie_pribory,"Фото - и кинооборудование, оптические приборы",113.1,level
2023-02-01,national,foto_i_kinooborudovanie_opticheskie_pribory,"Фото - и кинооборудование, оптические приборы",113.1,level
2023-03-01,national,foto_i_kinooborudovanie_opticheskie_pribory,"Фото - и кинооборудование, оптические приборы",111.7,level
2023-04-01,national,foto_i_kinooborudovanie_opticheskie_pribory,"Фото - и кинооборудование, оптические приборы",107.9,level
2023-05-01,national,foto_i_kinooborudovanie_opticheskie_pribory,"Фото - и кинооборудование, оптические приборы",107.6,level
2023-06-01,national,foto_i_kinooborudovanie_opticheskie_pribory,"Фото - и кинооборудование, оптические приборы",107.6,level
2023-07-01,national,foto_i_kinooborudovanie_opticheskie_pribory,"Фото - и кинооборудование, оптические приборы",107.6,level
2023-08-01,national,foto_i_kinooborudovanie_opticheskie_pribory,"Фото - и кинооборудование, оптические приборы",100.0,level
2023-09-01,national,foto_i_kinooborudovanie_opticheskie_pribory,"Фото - и кинооборудование, оптические приборы",100.3,level
2023-10-01,national,foto_i_kinooborudovanie_opticheskie_pribory,"Фото - и кинооборудование, оптические приборы",105.3,level
2023-11-01,national,foto_i_kinooborudovanie_opticheskie_pribory,"Фото - и кинооборудование, оптические приборы",108.0,level
2023-12-01,national,foto_i_kinooborudovanie_opticheskie_pribory,"Фото - и кинооборудование, оптические приборы",110.6,level
2024-01-01,national,foto_i_kinooborudovanie_opticheskie_pribory,"Фото - и кинооборудование, оптические приборы",110.4,level
2024-02-01,national,foto_i_kinooborudovanie_opticheskie_pribory,"Фото - и кинооборудование, оптические приборы",116.5,level
2024-03-01,national,foto_i_kinooborudovanie_opticheskie_pribory,"Фото - и кинооборудование, оптические приборы",124.5,level
2024-04-01,national,foto_i_kinooborudovanie_opticheskie_pribory,"Фото - и кинооборудование, оптические приборы",120.2,level
2024-05-01,national,foto_i_kinooborudovanie_opticheskie_pribory,"Фото - и кинооборудование, оптические приборы",125.7,level
2024-06-01,national,foto_i_kinooborudovanie_opticheskie_pribory,"Фото - и кинооборудование, оптические приборы",129.8,level
2024-07-01,national,foto_i_kinooborudovanie_opticheskie_pribory,"Фото - и кинооборудование, оптические приборы",137.9,level
2024-08-01,national,foto_i_kinooborudovanie_opticheskie_pribory,"Фото - и кинооборудование, оптические приборы",135.0,level
2024-09-01,national,foto_i_kinooborudovanie_opticheskie_pribory,"Фото - и кинооборудование, оптические приборы",132.0,level
2024-10-01,national,foto_i_kinooborudovanie_opticheskie_pribory,"Фото - и кинооборудование, оптические приборы",133.3,level
2024-11-01,national,foto_i_kinooborudovanie_opticheskie_pribory,"Фото - и кинооборудование, оптические приборы",134.4,level
2024-12-01,national,foto_i_kinooborudovanie_opticheskie_pribory,"Фото - и кинооборудование, оптические приборы",137.3,level
2025-01-01,national,foto_i_kinooborudovanie_opticheskie_pribory,"Фото - и кинооборудование, оптические приборы",137.6,level
2025-02-01,national,foto_i_kinooborudovanie_opticheskie_pribory,"Фото - и кинооборудование, оптические приборы",131.9,level
2025-03-01,national,foto_i_kinooborudovanie_opticheskie_pribory,"Фото - и кинооборудование, оптические приборы",123.4,level
2025-04-01,national,foto_i_kinooborudovanie_opticheskie_pribory,"Фото - и кинооборудование, оптические приборы",127.8,level
2025-05-01,national,foto_i_kinooborudovanie_opticheskie_pribory,"Фото - и кинооборудование, оптические приборы",122.8,level
2025-06-01,national,foto_i_kinooborudovanie_opticheskie_pribory,"Фото - и кинооборудование, оптические приборы",142.7,level
2025-07-01,national,foto_i_kinooborudovanie_opticheskie_pribory,"Фото - и кинооборудование, оптические приборы",115.3,level
2025-08-01,national,foto_i_kinooborudovanie_opticheskie_pribory,"Фото - и кинооборудование, оптические приборы",114.6,level
2025-09-01,national,foto_i_kinooborudovanie_opticheskie_pribory,"Фото - и кинооборудование, оптические приборы",116.1,level
2025-10-01,national,foto_i_kinooborudovanie_opticheskie_pribory,"Фото - и кинооборудование, оптические приборы",110.8,level
2025-11-01,national,foto_i_kinooborudovanie_opticheskie_pribory,"Фото - и кинооборудование, оптические приборы",109.1,level
2025-12-01,national,foto_i_kinooborudovanie_opticheskie_pribory,"Фото - и кинооборудование, оптические приборы",105.9,level
2022-10-01,national,frukty_i_ovoshchi,Фрукты и овощи,114.6,level
2022-11-01,national,frukty_i_ovoshchi,Фрукты и овощи,117.4,level
2022-12-01,national,frukty_i_ovoshchi,Фрукты и овощи,121.0,level
2023-01-01,national,frukty_i_ovoshchi,Фрукты и овощи,121.2,level
2023-02-01,national,frukty_i_ovoshchi,Фрукты и овощи,124.1,level
2023-03-01,national,frukty_i_ovoshchi,Фрукты и овощи,110.6,level
2023-04-01,national,frukty_i_ovoshchi,Фрукты и овощи,107.8,level
2023-05-01,national,frukty_i_ovoshchi,Фрукты и овощи,107.6,level
2023-06-01,national,frukty_i_ovoshchi,Фрукты и овощи,106.5,level
2023-07-01,national,frukty_i_ovoshchi,Фрукты и овощи,109.2,level
2023-08-01,national,frukty_i_ovoshchi,Фрукты и овощи,111.8,level
2023-09-01,national,frukty_i_ovoshchi,Фрукты и овощи,115.9,level
2023-10-01,national,frukty_i_ovoshchi,Фрукты и овощи,113.7,level
2023-11-01,national,frukty_i_ovoshchi,Фрукты и овощи,110.7,level
2023-12-01,national,frukty_i_ovoshchi,Фрукты и овощи,109.5,level
2024-01-01,national,frukty_i_ovoshchi,Фрукты и овощи,109.0,level
2024-02-01,national,frukty_i_ovoshchi,Фрукты и овощи,106.2,level
2024-03-01,national,frukty_i_ovoshchi,Фрукты и овощи,105.4,level
2024-04-01,national,frukty_i_ovoshchi,Фрукты и овощи,103.9,level
2024-05-01,national,frukty_i_ovoshchi,Фрукты и овощи,104.2,level
2024-06-01,national,frukty_i_ovoshchi,Фрукты и овощи,104.7,level
2024-07-01,national,frukty_i_ovoshchi,Фрукты и овощи,106.0,level
2024-08-01,national,frukty_i_ovoshchi,Фрукты и овощи,106.5,level
2024-09-01,national,frukty_i_ovoshchi,Фрукты и овощи,103.9,level
2024-10-01,national,frukty_i_ovoshchi,Фрукты и овощи,104.2,level
2024-11-01,national,frukty_i_ovoshchi,Фрукты и овощи,108.4,level
2024-12-01,national,frukty_i_ovoshchi,Фрукты и овощи,109.3,level
2025-01-01,national,frukty_i_ovoshchi,Фрукты и овощи,108.8,level
2025-02-01,national,frukty_i_ovoshchi,Фрукты и овощи,109.3,level
2025-03-01,national,frukty_i_ovoshchi,Фрукты и овощи,111.9,level
2025-04-01,national,frukty_i_ovoshchi,Фрукты и овощи,115.2,level
2025-05-01,national,frukty_i_ovoshchi,Фрукты и овощи,117.0,level
2025-06-01,national,frukty_i_ovoshchi,Фрукты и овощи,120.7,level
2025-07-01,national,frukty_i_ovoshchi,Фрукты и овощи,119.4,level
2025-08-01,national,frukty_i_ovoshchi,Фрукты и овощи,113.5,level
2025-09-01,national,frukty_i_ovoshchi,Фрукты и овощи,112.6,level
2025-10-01,national,frukty_i_ovoshchi,Фрукты и овощи,112.1,level
2025-11-01,national,frukty_i_ovoshchi,Фрукты и овощи,109.0,level
2025-12-01,national,frukty_i_ovoshchi,Фрукты и овощи,107.8,level
2026-01-01,national,frukty_i_ovoshchi,Фрукты и овощи,104.5,level
2026-02-01,national,frukty_i_ovoshchi,Фрукты и овощи,103.6,level
2026-03-01,national,frukty_i_ovoshchi,Фрукты и овощи,100.3,level
2026-04-01,national,frukty_i_ovoshchi,Фрукты и овощи,96.9,level
2026-05-01,national,frukty_i_ovoshchi,Фрукты и овощи,95.0,level
2026-06-01,national,frukty_i_ovoshchi,Фрукты и овощи,95.1,level
2026-07-01,national,frukty_i_ovoshchi,Фрукты и овощи,94.5,level
2026-08-01,national,frukty_i_ovoshchi,Фрукты и овощи,97.5,level
2022-10-01,national,frukty_i_ovoshchi_pererabotannye,Фрукты и овощи переработанные,127.8,level
2022-11-01,national,frukty_i_ovoshchi_pererabotannye,Фрукты и овощи переработанные,128.4,level
2022-12-01,national,frukty_i_ovoshchi_pererabotannye,Фрукты и овощи переработанные,129.1,level
2023-01-01,national,frukty_i_ovoshchi_pererabotannye,Фрукты и овощи переработанные,129.1,level
2023-02-01,national,frukty_i_ovoshchi_pererabotannye,Фрукты и овощи переработанные,129.6,level
2023-03-01,national,frukty_i_ovoshchi_pererabotannye,Фрукты и овощи переработанные,127.1,level
2023-04-01,national,frukty_i_ovoshchi_pererabotannye,Фрукты и овощи переработанные,122.9,level
2023-05-01,national,frukty_i_ovoshchi_pererabotannye,Фрукты и овощи переработанные,119.7,level
2023-06-01,national,frukty_i_ovoshchi_pererabotannye,Фрукты и овощи переработанные,116.9,level
2023-07-01,national,frukty_i_ovoshchi_pererabotannye,Фрукты и овощи переработанные,115.2,level
2023-08-01,national,frukty_i_ovoshchi_pererabotannye,Фрукты и овощи переработанные,112.2,level
2023-09-01,national,frukty_i_ovoshchi_pererabotannye,Фрукты и овощи переработанные,110.2,level
2023-10-01,national,frukty_i_ovoshchi_pererabotannye,Фрукты и овощи переработанные,108.9,level
2023-11-01,national,frukty_i_ovoshchi_pererabotannye,Фрукты и овощи переработанные,108.2,level
2023-12-01,national,frukty_i_ovoshchi_pererabotannye,Фрукты и овощи переработанные,107.3,level
2024-01-01,national,frukty_i_ovoshchi_pererabotannye,Фрукты и овощи переработанные,106.7,level
2024-02-01,national,frukty_i_ovoshchi_pererabotannye,Фрукты и овощи переработанные,106.0,level
2024-03-01,national,frukty_i_ovoshchi_pererabotannye,Фрукты и овощи переработанные,105.1,level
2024-04-01,national,frukty_i_ovoshchi_pererabotannye,Фрукты и овощи переработанные,104.9,level
2024-05-01,national,frukty_i_ovoshchi_pererabotannye,Фрукты и овощи переработанные,103.9,level
2024-06-01,national,frukty_i_ovoshchi_pererabotannye,Фрукты и овощи переработанные,103.7,level
2024-07-01,national,frukty_i_ovoshchi_pererabotannye,Фрукты и овощи переработанные,103.7,level
2024-08-01,national,frukty_i_ovoshchi_pererabotannye,Фрукты и овощи переработанные,103.9,level
2024-09-01,national,frukty_i_ovoshchi_pererabotannye,Фрукты и овощи переработанные,104.2,level
2024-10-01,national,frukty_i_ovoshchi_pererabotannye,Фрукты и овощи переработанные,104.2,level
2024-11-01,national,frukty_i_ovoshchi_pererabotannye,Фрукты и овощи переработанные,104.1,level
2024-12-01,national,frukty_i_ovoshchi_pererabotannye,Фрукты и овощи переработанные,103.6,level
2025-01-01,national,frukty_i_ovoshchi_pererabotannye,Фрукты и овощи переработанные,104.0,level
2025-02-01,national,frukty_i_ovoshchi_pererabotannye,Фрукты и овощи переработанные,104.1,level
2025-03-01,national,frukty_i_ovoshchi_pererabotannye,Фрукты и овощи переработанные,104.2,level
2025-04-01,national,frukty_i_ovoshchi_pererabotannye,Фрукты и овощи переработанные,103.7,level
2025-05-01,national,frukty_i_ovoshchi_pererabotannye,Фрукты и овощи переработанные,103.9,level
2025-06-01,national,frukty_i_ovoshchi_pererabotannye,Фрукты и овощи переработанные,103.9,level
2025-07-01,national,frukty_i_ovoshchi_pererabotannye,Фрукты и овощи переработанные,103.9,level
2025-08-01,national,frukty_i_ovoshchi_pererabotannye,Фрукты и овощи переработанные,104.1,level
2025-09-01,national,frukty_i_ovoshchi_pererabotannye,Фрукты и овощи переработанные,104.2,level
2025-10-01,national,frukty_i_ovoshchi_pererabotannye,Фрукты и овощи переработанные,104.9,level
2025-11-01,national,frukty_i_ovoshchi_pererabotannye,Фрукты и овощи переработанные,106.2,level
2025-12-01,national,frukty_i_ovoshchi_pererabotannye,Фрукты и овощи переработанные,107.3,level
2022-10-01,national,frukty_i_ovoshchi_svezhie,Фрукты и овощи свежие,111.2,level
2022-11-01,national,frukty_i_ovoshchi_svezhie,Фрукты и овощи свежие,115.0,level
2022-12-01,national,frukty_i_ovoshchi_svezhie,Фрукты и овощи свежие,119.7,level
2023-01-01,national,frukty_i_ovoshchi_svezhie,Фрукты и овощи свежие,120.2,level
2023-02-01,national,frukty_i_ovoshchi_svezhie,Фрукты и овощи свежие,124.7,level
2023-03-01,national,frukty_i_ovoshchi_svezhie,Фрукты и овощи свежие,108.5,level
2023-04-01,national,frukty_i_ovoshchi_svezhie,Фрукты и овощи свежие,106.6,level
2023-05-01,national,frukty_i_ovoshchi_svezhie,Фрукты и овощи свежие,107.8,level
2023-06-01,national,frukty_i_ovoshchi_svezhie,Фрукты и овощи свежие,105.9,level
2023-07-01,national,frukty_i_ovoshchi_svezhie,Фрукты и овощи свежие,109.0,level
2023-08-01,national,frukty_i_ovoshchi_svezhie,Фрукты и овощи свежие,113.7,level
2023-09-01,national,frukty_i_ovoshchi_svezhie,Фрукты и овощи свежие,121.0,level
2023-10-01,national,frukty_i_ovoshchi_svezhie,Фрукты и овощи свежие,118.2,level
2023-11-01,national,frukty_i_ovoshchi_svezhie,Фрукты и овощи свежие,114.4,level
2023-12-01,national,frukty_i_ovoshchi_svezhie,Фрукты и овощи свежие,112.8,level
2024-01-01,national,frukty_i_ovoshchi_svezhie,Фрукты и овощи свежие,112.3,level
2024-02-01,national,frukty_i_ovoshchi_svezhie,Фрукты и овощи свежие,108.4,level
2024-03-01,national,frukty_i_ovoshchi_svezhie,Фрукты и овощи свежие,107.4,level
2024-04-01,national,frukty_i_ovoshchi_svezhie,Фрукты и овощи свежие,105.2,level
2024-05-01,national,frukty_i_ovoshchi_svezhie,Фрукты и овощи свежие,104.5,level
2024-06-01,national,frukty_i_ovoshchi_svezhie,Фрукты и овощи свежие,105.1,level
2024-07-01,national,frukty_i_ovoshchi_svezhie,Фрукты и овощи свежие,106.0,level
2024-08-01,national,frukty_i_ovoshchi_svezhie,Фрукты и овощи свежие,106.0,level
2024-09-01,national,frukty_i_ovoshchi_svezhie,Фрукты и овощи свежие,102.9,level
2024-10-01,national,frukty_i_ovoshchi_svezhie,Фрукты и овощи свежие,103.0,level
2024-11-01,national,frukty_i_ovoshchi_svezhie,Фрукты и овощи свежие,107.5,level
2024-12-01,national,frukty_i_ovoshchi_svezhie,Фрукты и овощи свежие,108.0,level
2025-01-01,national,frukty_i_ovoshchi_svezhie,Фрукты и овощи свежие,105.7,level
2025-02-01,national,frukty_i_ovoshchi_svezhie,Фрукты и овощи свежие,106.0,level
2025-03-01,national,frukty_i_ovoshchi_svezhie,Фрукты и овощи свежие,109.1,level
2025-04-01,national,frukty_i_ovoshchi_svezhie,Фрукты и овощи свежие,112.7,level
2025-05-01,national,frukty_i_ovoshchi_svezhie,Фрукты и овощи свежие,115.9,level
2025-06-01,national,frukty_i_ovoshchi_svezhie,Фрукты и овощи свежие,122.1,level
2025-07-01,national,frukty_i_ovoshchi_svezhie,Фрукты и овощи свежие,122.9,level
2025-08-01,national,frukty_i_ovoshchi_svezhie,Фрукты и овощи свежие,117.9,level
2025-09-01,national,frukty_i_ovoshchi_svezhie,Фрукты и овощи свежие,115.8,level
2025-10-01,national,frukty_i_ovoshchi_svezhie,Фрукты и овощи свежие,114.6,level
2025-11-01,national,frukty_i_ovoshchi_svezhie,Фрукты и овощи свежие,109.9,level
2025-12-01,national,frukty_i_ovoshchi_svezhie,Фрукты и овощи свежие,108.5,level
2022-10-01,national,galantereynye_tovary,Галантерейные товары,116.2,level
2022-11-01,national,galantereynye_tovary,Галантерейные товары,117.5,level
2022-12-01,national,galantereynye_tovary,Галантерейные товары,117.2,level
2023-01-01,national,galantereynye_tovary,Галантерейные товары,117.7,level
2023-02-01,national,galantereynye_tovary,Галантерейные товары,120.1,level
2023-03-01,national,galantereynye_tovary,Галантерейные товары,120.9,level
2023-04-01,national,galantereynye_tovary,Галантерейные товары,120.7,level
2023-05-01,national,galantereynye_tovary,Галантерейные товары,120.3,level
2023-06-01,national,galantereynye_tovary,Галантерейные товары,120.9,level
2023-07-01,national,galantereynye_tovary,Галантерейные товары,120.9,level
2023-08-01,national,galantereynye_tovary,Галантерейные товары,120.5,level
2023-09-01,national,galantereynye_tovary,Галантерейные товары,117.8,level
2023-10-01,national,galantereynye_tovary,Галантерейные товары,116.3,level
2023-11-01,national,galantereynye_tovary,Галантерейные товары,115.8,level
2023-12-01,national,galantereynye_tovary,Галантерейные товары,118.0,level
2024-01-01,national,galantereynye_tovary,Галантерейные товары,117.1,level
2024-02-01,national,galantereynye_tovary,Галантерейные товары,115.3,level
2024-03-01,national,galantereynye_tovary,Галантерейные товары,114.7,level
2024-04-01,national,galantereynye_tovary,Галантерейные товары,114.6,level
2024-05-01,national,galantereynye_tovary,Галантерейные товары,115.6,level
2024-06-01,national,galantereynye_tovary,Галантерейные товары,114.6,level
2024-07-01,national,galantereynye_tovary,Галантерейные товары,116.0,level
2024-08-01,national,galantereynye_tovary,Галантерейные товары,116.8,level
2024-09-01,national,galantereynye_tovary,Галантерейные товары,117.0,level
2024-10-01,national,galantereynye_tovary,Галантерейные товары,117.6,level
2024-11-01,national,galantereynye_tovary,Галантерейные товары,117.8,level
2024-12-01,national,galantereynye_tovary,Галантерейные товары,118.2,level
2025-01-01,national,galantereynye_tovary,Галантерейные товары,118.9,level
2025-02-01,national,galantereynye_tovary,Галантерейные товары,120.0,level
2025-03-01,national,galantereynye_tovary,Галантерейные товары,119.9,level
2025-04-01,national,galantereynye_tovary,Галантерейные товары,119.3,level
2025-05-01,national,galantereynye_tovary,Галантерейные товары,117.6,level
2025-06-01,national,galantereynye_tovary,Галантерейные товары,118.1,level
2025-07-01,national,galantereynye_tovary,Галантерейные товары,116.8,level
2025-08-01,national,galantereynye_tovary,Галантерейные товары,115.9,level
2025-09-01,national,galantereynye_tovary,Галантерейные товары,113.8,level
2025-10-01,national,galantereynye_tovary,Галантерейные товары,113.4,level
2025-11-01,national,galantereynye_tovary,Галантерейные товары,113.8,level
2025-12-01,national,galantereynye_tovary,Галантерейные товары,111.6,level
2022-10-01,national,gaz_szhizhennyy_v_ballonakh,Газ сжиженный (в баллонах),89.6,level
2022-11-01,national,gaz_szhizhennyy_v_ballonakh,Газ сжиженный (в баллонах),78.8,level
2022-12-01,national,gaz_szhizhennyy_v_ballonakh,Газ сжиженный (в баллонах),77.0,level
2023-01-01,national,gaz_szhizhennyy_v_ballonakh,Газ сжиженный (в баллонах),99.6,level
2023-02-01,national,gaz_szhizhennyy_v_ballonakh,Газ сжиженный (в баллонах),102.0,level
2023-03-01,national,gaz_szhizhennyy_v_ballonakh,Газ сжиженный (в баллонах),103.2,level
2023-04-01,national,gaz_szhizhennyy_v_ballonakh,Газ сжиженный (в баллонах),103.8,level
2023-05-01,national,gaz_szhizhennyy_v_ballonakh,Газ сжиженный (в баллонах),105.9,level
2023-06-01,national,gaz_szhizhennyy_v_ballonakh,Газ сжиженный (в баллонах),108.1,level
2023-07-01,national,gaz_szhizhennyy_v_ballonakh,Газ сжиженный (в баллонах),114.5,level
2023-08-01,national,gaz_szhizhennyy_v_ballonakh,Газ сжиженный (в баллонах),114.5,level
2023-09-01,national,gaz_szhizhennyy_v_ballonakh,Газ сжиженный (в баллонах),113.1,level
2023-10-01,national,gaz_szhizhennyy_v_ballonakh,Газ сжиженный (в баллонах),112.8,level
2023-11-01,national,gaz_szhizhennyy_v_ballonakh,Газ сжиженный (в баллонах),112.9,level
2023-12-01,national,gaz_szhizhennyy_v_ballonakh,Газ сжиженный (в баллонах),113.6,level
2024-01-01,national,gaz_szhizhennyy_v_ballonakh,Газ сжиженный (в баллонах),113.5,level
2024-02-01,national,gaz_szhizhennyy_v_ballonakh,Газ сжиженный (в баллонах),112.9,level
2024-03-01,national,gaz_szhizhennyy_v_ballonakh,Газ сжиженный (в баллонах),113.0,level
2024-04-01,national,gaz_szhizhennyy_v_ballonakh,Газ сжиженный (в баллонах),112.3,level
2024-05-01,national,gaz_szhizhennyy_v_ballonakh,Газ сжиженный (в баллонах),110.8,level
2024-06-01,national,gaz_szhizhennyy_v_ballonakh,Газ сжиженный (в баллонах),109.7,level
2024-07-01,national,gaz_szhizhennyy_v_ballonakh,Газ сжиженный (в баллонах),108.8,level
2024-08-01,national,gaz_szhizhennyy_v_ballonakh,Газ сжиженный (в баллонах),109.1,level
2024-09-01,national,gaz_szhizhennyy_v_ballonakh,Газ сжиженный (в баллонах),109.2,level
2024-10-01,national,gaz_szhizhennyy_v_ballonakh,Газ сжиженный (в баллонах),109.0,level
2024-11-01,national,gaz_szhizhennyy_v_ballonakh,Газ сжиженный (в баллонах),109.2,level
2024-12-01,national,gaz_szhizhennyy_v_ballonakh,Газ сжиженный (в баллонах),110.1,level
2025-01-01,national,gaz_szhizhennyy_v_ballonakh,Газ сжиженный (в баллонах),110.2,level
2025-02-01,national,gaz_szhizhennyy_v_ballonakh,Газ сжиженный (в баллонах),120.5,level
2025-03-01,national,gaz_szhizhennyy_v_ballonakh,Газ сжиженный (в баллонах),123.0,level
2025-04-01,national,gaz_szhizhennyy_v_ballonakh,Газ сжиженный (в баллонах),123.5,level
2025-05-01,national,gaz_szhizhennyy_v_ballonakh,Газ сжиженный (в баллонах),123.0,level
2025-06-01,national,gaz_szhizhennyy_v_ballonakh,Газ сжиженный (в баллонах),123.7,level
2025-07-01,national,gaz_szhizhennyy_v_ballonakh,Газ сжиженный (в баллонах),118.5,level
2025-08-01,national,gaz_szhizhennyy_v_ballonakh,Газ сжиженный (в баллонах),124.1,level
2025-09-01,national,gaz_szhizhennyy_v_ballonakh,Газ сжиженный (в баллонах),124.1,level
2025-10-01,national,gaz_szhizhennyy_v_ballonakh,Газ сжиженный (в баллонах),123.9,level
2025-11-01,national,gaz_szhizhennyy_v_ballonakh,Газ сжиженный (в баллонах),124.1,level
2025-12-01,national,gaz_szhizhennyy_v_ballonakh,Газ сжиженный (в баллонах),123.2,level
2026-01-01,national,gaz_szhizhennyy_v_ballonakh,Газ сжиженный (в баллонах),124.7,level
2026-02-01,national,gaz_szhizhennyy_v_ballonakh,Газ сжиженный (в баллонах),114.9,level
2026-03-01,national,gaz_szhizhennyy_v_ballonakh,Газ сжиженный (в баллонах),113.4,level
2026-04-01,national,gaz_szhizhennyy_v_ballonakh,Газ сжиженный (в баллонах),115.4,level
2026-05-01,national,gaz_szhizhennyy_v_ballonakh,Газ сжиженный (в баллонах),115.5,level
2026-06-01,national,gaz_szhizhennyy_v_ballonakh,Газ сжиженный (в баллонах),116.0,level
2026-07-01,national,gaz_szhizhennyy_v_ballonakh,Газ сжиженный (в баллонах),116.0,level
2026-08-01,national,gaz_szhizhennyy_v_ballonakh,Газ сжиженный (в баллонах),109.4,level
2022-10-01,national,golovnye_ubory,Головные уборы,109.8,level
2022-11-01,national,golovnye_ubory,Головные уборы,112.6,level
2022-12-01,national,golovnye_ubory,Головные уборы,113.6,level
2023-01-01,national,golovnye_ubory,Головные уборы,115.6,level
2023-02-01,national,golovnye_ubory,Головные уборы,116.4,level
2023-03-01,national,golovnye_ubory,Головные уборы,117.8,level
2023-04-01,national,golovnye_ubory,Головные уборы,118.0,level
2023-05-01,national,golovnye_ubory,Головные уборы,118.1,level
2023-06-01,national,golovnye_ubory,Головные уборы,118.2,level
2023-07-01,national,golovnye_ubory,Головные уборы,117.9,level
2023-08-01,national,golovnye_ubory,Головные уборы,117.5,level
2023-09-01,national,golovnye_ubory,Головные уборы,114.3,level
2023-10-01,national,golovnye_ubory,Головные уборы,114.0,level
2023-11-01,national,golovnye_ubory,Головные уборы,111.8,level
2023-12-01,national,golovnye_ubory,Головные уборы,111.1,level
2024-01-01,national,golovnye_ubory,Головные уборы,110.1,level
2024-02-01,national,golovnye_ubory,Головные уборы,110.1,level
2024-03-01,national,golovnye_ubory,Головные уборы,109.1,level
2024-04-01,national,golovnye_ubory,Головные уборы,108.9,level
2024-05-01,national,golovnye_ubory,Головные уборы,108.9,level
2024-06-01,national,golovnye_ubory,Головные уборы,108.8,level
2024-07-01,national,golovnye_ubory,Головные уборы,108.8,level
2024-08-01,national,golovnye_ubory,Головные уборы,108.6,level
2024-09-01,national,golovnye_ubory,Головные уборы,108.8,level
2024-10-01,national,golovnye_ubory,Головные уборы,109.0,level
2024-11-01,national,golovnye_ubory,Головные уборы,109.0,level
2024-12-01,national,golovnye_ubory,Головные уборы,109.3,level
2025-01-01,national,golovnye_ubory,Головные уборы,110.0,level
2025-02-01,national,golovnye_ubory,Головные уборы,111.9,level
2025-03-01,national,golovnye_ubory,Головные уборы,111.9,level
2025-04-01,national,golovnye_ubory,Головные уборы,111.7,level
2025-05-01,national,golovnye_ubory,Головные уборы,111.9,level
2025-06-01,national,golovnye_ubory,Головные уборы,112.0,level
2025-07-01,national,golovnye_ubory,Головные уборы,112.0,level
2025-08-01,national,golovnye_ubory,Головные уборы,112.0,level
2025-09-01,national,golovnye_ubory,Головные уборы,112.4,level
2025-10-01,national,golovnye_ubory,Головные уборы,111.8,level
2025-11-01,national,golovnye_ubory,Головные уборы,112.9,level
2025-12-01,national,golovnye_ubory,Головные уборы,112.7,level
2022-10-01,national,goryuchesmazochnye_materialy_dlya_lichnykh_transportnykh_sredstv,Горюче-смазочные материалы для личных транспортных средств,104.7,level
2022-11-01,national,goryuchesmazochnye_materialy_dlya_lichnykh_transportnykh_sredstv,Горюче-смазочные материалы для личных транспортных средств,102.8,level
2022-12-01,national,goryuchesmazochnye_materialy_dlya_lichnykh_transportnykh_sredstv,Горюче-смазочные материалы для личных транспортных средств,102.5,level
2023-01-01,national,goryuchesmazochnye_materialy_dlya_lichnykh_transportnykh_sredstv,Горюче-смазочные материалы для личных транспортных средств,102.9,level
2023-02-01,national,goryuchesmazochnye_materialy_dlya_lichnykh_transportnykh_sredstv,Горюче-смазочные материалы для личных транспортных средств,103.0,level
2023-03-01,national,goryuchesmazochnye_materialy_dlya_lichnykh_transportnykh_sredstv,Горюче-смазочные материалы для личных транспортных средств,103.0,level
2023-04-01,national,goryuchesmazochnye_materialy_dlya_lichnykh_transportnykh_sredstv,Горюче-смазочные материалы для личных транспортных средств,114.1,level
2023-05-01,national,goryuchesmazochnye_materialy_dlya_lichnykh_transportnykh_sredstv,Горюче-смазочные материалы для личных транспортных средств,115.5,level
2023-06-01,national,goryuchesmazochnye_materialy_dlya_lichnykh_transportnykh_sredstv,Горюче-смазочные материалы для личных транспортных средств,115.9,level
2023-07-01,national,goryuchesmazochnye_materialy_dlya_lichnykh_transportnykh_sredstv,Горюче-смазочные материалы для личных транспортных средств,116.5,level
2023-08-01,national,goryuchesmazochnye_materialy_dlya_lichnykh_transportnykh_sredstv,Горюче-смазочные материалы для личных транспортных средств,117.0,level
2023-09-01,national,goryuchesmazochnye_materialy_dlya_lichnykh_transportnykh_sredstv,Горюче-смазочные материалы для личных транспортных средств,116.9,level
2023-10-01,national,goryuchesmazochnye_materialy_dlya_lichnykh_transportnykh_sredstv,Горюче-смазочные материалы для личных транспортных средств,117.2,level
2023-11-01,national,goryuchesmazochnye_materialy_dlya_lichnykh_transportnykh_sredstv,Горюче-смазочные материалы для личных транспортных средств,114.3,level
2023-12-01,national,goryuchesmazochnye_materialy_dlya_lichnykh_transportnykh_sredstv,Горюче-смазочные материалы для личных транспортных средств,113.9,level
2024-01-01,national,goryuchesmazochnye_materialy_dlya_lichnykh_transportnykh_sredstv,Горюче-смазочные материалы для личных транспортных средств,113.7,level
2024-02-01,national,goryuchesmazochnye_materialy_dlya_lichnykh_transportnykh_sredstv,Горюче-смазочные материалы для личных транспортных средств,113.8,level
2024-03-01,national,goryuchesmazochnye_materialy_dlya_lichnykh_transportnykh_sredstv,Горюче-смазочные материалы для личных транспортных средств,113.8,level
2024-04-01,national,goryuchesmazochnye_materialy_dlya_lichnykh_transportnykh_sredstv,Горюче-смазочные материалы для личных транспортных средств,102.9,level
2024-05-01,national,goryuchesmazochnye_materialy_dlya_lichnykh_transportnykh_sredstv,Горюче-смазочные материалы для личных транспортных средств,101.7,level
2024-06-01,national,goryuchesmazochnye_materialy_dlya_lichnykh_transportnykh_sredstv,Горюче-смазочные материалы для личных транспортных средств,101.6,level
2024-07-01,national,goryuchesmazochnye_materialy_dlya_lichnykh_transportnykh_sredstv,Горюче-смазочные материалы для личных транспортных средств,82.9,level
2024-08-01,national,goryuchesmazochnye_materialy_dlya_lichnykh_transportnykh_sredstv,Горюче-смазочные материалы для личных транспортных средств,100.5,level
2024-09-01,national,goryuchesmazochnye_materialy_dlya_lichnykh_transportnykh_sredstv,Горюче-смазочные материалы для личных транспортных средств,100.3,level
2024-10-01,national,goryuchesmazochnye_materialy_dlya_lichnykh_transportnykh_sredstv,Горюче-смазочные материалы для личных транспортных средств,100.2,level
2024-11-01,national,goryuchesmazochnye_materialy_dlya_lichnykh_transportnykh_sredstv,Горюче-смазочные материалы для личных транспортных средств,100.6,level
2024-12-01,national,goryuchesmazochnye_materialy_dlya_lichnykh_transportnykh_sredstv,Горюче-смазочные материалы для личных транспортных средств,100.9,level
2025-01-01,national,goryuchesmazochnye_materialy_dlya_lichnykh_transportnykh_sredstv,Горюче-смазочные материалы для личных транспортных средств,101.1,level
2025-02-01,national,goryuchesmazochnye_materialy_dlya_lichnykh_transportnykh_sredstv,Горюче-смазочные материалы для личных транспортных средств,101.5,level
2025-03-01,national,goryuchesmazochnye_materialy_dlya_lichnykh_transportnykh_sredstv,Горюче-смазочные материалы для личных транспортных средств,101.8,level
2025-04-01,national,goryuchesmazochnye_materialy_dlya_lichnykh_transportnykh_sredstv,Горюче-смазочные материалы для личных транспортных средств,102.3,level
2025-05-01,national,goryuchesmazochnye_materialy_dlya_lichnykh_transportnykh_sredstv,Горюче-смазочные материалы для личных транспортных средств,102.8,level
2025-06-01,national,goryuchesmazochnye_materialy_dlya_lichnykh_transportnykh_sredstv,Горюче-смазочные материалы для личных транспортных средств,130.9,level
2025-07-01,national,goryuchesmazochnye_materialy_dlya_lichnykh_transportnykh_sredstv,Горюче-смазочные материалы для личных транспортных средств,105.8,level
2025-08-01,national,goryuchesmazochnye_materialy_dlya_lichnykh_transportnykh_sredstv,Горюче-смазочные материалы для личных транспортных средств,108.4,level
2025-09-01,national,goryuchesmazochnye_materialy_dlya_lichnykh_transportnykh_sredstv,Горюче-смазочные материалы для личных транспортных средств,111.9,level
2025-10-01,national,goryuchesmazochnye_materialy_dlya_lichnykh_transportnykh_sredstv,Горюче-смазочные материалы для личных транспортных средств,114.8,level
2025-11-01,national,goryuchesmazochnye_materialy_dlya_lichnykh_transportnykh_sredstv,Горюче-смазочные материалы для личных транспортных средств,115.4,level
2025-12-01,national,goryuchesmazochnye_materialy_dlya_lichnykh_transportnykh_sredstv,Горюче-смазочные материалы для личных транспортных средств,115.6,level
2026-01-01,national,goryuchesmazochnye_materialy_dlya_lichnykh_transportnykh_sredstv,Горюче-смазочные материалы для личных транспортных средств,116.5,level
2026-02-01,national,goryuchesmazochnye_materialy_dlya_lichnykh_transportnykh_sredstv,Горюче-смазочные материалы для личных транспортных средств,116.1,level
2026-03-01,national,goryuchesmazochnye_materialy_dlya_lichnykh_transportnykh_sredstv,Горюче-смазочные материалы для личных транспортных средств,115.9,level
2026-04-01,national,goryuchesmazochnye_materialy_dlya_lichnykh_transportnykh_sredstv,Горюче-смазочные материалы для личных транспортных средств,115.8,level
2026-05-01,national,goryuchesmazochnye_materialy_dlya_lichnykh_transportnykh_sredstv,Горюче-смазочные материалы для личных транспортных средств,115.7,level
2026-06-01,national,goryuchesmazochnye_materialy_dlya_lichnykh_transportnykh_sredstv,Горюче-смазочные материалы для личных транспортных средств,115.3,level
2026-07-01,national,goryuchesmazochnye_materialy_dlya_lichnykh_transportnykh_sredstv,Горюче-смазочные материалы для личных транспортных средств,114.9,level
2026-08-01,national,goryuchesmazochnye_materialy_dlya_lichnykh_transportnykh_sredstv,Горюче-смазочные материалы для личных транспортных средств,112.4,level
2026-01-01,national,gotovaya_eda_i_drugie_produkty_ne_otnesennye_k_drugim_kategoriyam,"Готовая еда и другие продукты, не отнесенные к другим категориям",113.2,level
2026-02-01,national,gotovaya_eda_i_drugie_produkty_ne_otnesennye_k_drugim_kategoriyam,"Готовая еда и другие продукты, не отнесенные к другим категориям",115.5,level
2026-03-01,national,gotovaya_eda_i_drugie_produkty_ne_otnesennye_k_drugim_kategoriyam,"Готовая еда и другие продукты, не отнесенные к другим категориям",114.5,level
2026-04-01,national,gotovaya_eda_i_drugie_produkty_ne_otnesennye_k_drugim_kategoriyam,"Готовая еда и другие продукты, не отнесенные к другим категориям",115.2,level
2026-05-01,national,gotovaya_eda_i_drugie_produkty_ne_otnesennye_k_drugim_kategoriyam,"Готовая еда и другие продукты, не отнесенные к другим категориям",115.4,level
2026-06-01,national,gotovaya_eda_i_drugie_produkty_ne_otnesennye_k_drugim_kategoriyam,"Готовая еда и другие продукты, не отнесенные к другим категориям",114.6,level
2026-07-01,national,gotovaya_eda_i_drugie_produkty_ne_otnesennye_k_drugim_kategoriyam,"Готовая еда и другие продукты, не отнесенные к другим категориям",114.3,level
2026-08-01,national,gotovaya_eda_i_drugie_produkty_ne_otnesennye_k_drugim_kategoriyam,"Готовая еда и другие продукты, не отнесенные к другим категориям",113.4,level
2022-10-01,national,igry_igrushki,"Игры, игрушки",112.4,level
2022-11-01,national,igry_igrushki,"Игры, игрушки",113.4,level
2022-12-01,national,igry_igrushki,"Игры, игрушки",114.8,level
2023-01-01,national,igry_igrushki,"Игры, игрушки",115.5,level
2023-02-01,national,igry_igrushki,"Игры, игрушки",116.2,level
2023-03-01,national,igry_igrushki,"Игры, игрушки",115.7,level
2023-04-01,national,igry_igrushki,"Игры, игрушки",114.6,level
2023-05-01,national,igry_igrushki,"Игры, игрушки",115.7,level
2023-06-01,national,igry_igrushki,"Игры, игрушки",115.1,level
2023-07-01,national,igry_igrushki,"Игры, игрушки",114.0,level
2023-08-01,national,igry_igrushki,"Игры, игрушки",113.4,level
2023-09-01,national,igry_igrushki,"Игры, игрушки",112.3,level
2023-10-01,national,igry_igrushki,"Игры, игрушки",109.9,level
2023-11-01,national,igry_igrushki,"Игры, игрушки",109.2,level
2023-12-01,national,igry_igrushki,"Игры, игрушки",108.7,level
2024-01-01,national,igry_igrushki,"Игры, игрушки",108.5,level
2024-02-01,national,igry_igrushki,"Игры, игрушки",107.5,level
2024-03-01,national,igry_igrushki,"Игры, игрушки",107.9,level
2024-04-01,national,igry_igrushki,"Игры, игрушки",108.0,level
2024-05-01,national,igry_igrushki,"Игры, игрушки",106.7,level
2024-06-01,national,igry_igrushki,"Игры, игрушки",106.0,level
2024-07-01,national,igry_igrushki,"Игры, игрушки",108.2,level
2024-08-01,national,igry_igrushki,"Игры, игрушки",107.6,level
2024-09-01,national,igry_igrushki,"Игры, игрушки",107.9,level
2024-10-01,national,igry_igrushki,"Игры, игрушки",108.2,level
2024-11-01,national,igry_igrushki,"Игры, игрушки",108.7,level
2024-12-01,national,igry_igrushki,"Игры, игрушки",108.6,level
2025-01-01,national,igry_igrushki,"Игры, игрушки",108.8,level
2025-02-01,national,igry_igrushki,"Игры, игрушки",108.9,level
2025-03-01,national,igry_igrushki,"Игры, игрушки",109.3,level
2025-04-01,national,igry_igrushki,"Игры, игрушки",109.6,level
2025-05-01,national,igry_igrushki,"Игры, игрушки",109.9,level
2025-06-01,national,igry_igrushki,"Игры, игрушки",108.0,level
2025-07-01,national,igry_igrushki,"Игры, игрушки",109.3,level
2025-08-01,national,igry_igrushki,"Игры, игрушки",108.2,level
2025-09-01,national,igry_igrushki,"Игры, игрушки",108.0,level
2025-10-01,national,igry_igrushki,"Игры, игрушки",107.6,level
2025-11-01,national,igry_igrushki,"Игры, игрушки",106.7,level
2025-12-01,national,igry_igrushki,"Игры, игрушки",105.9,level
2026-01-01,national,informatsionnokommunikatsionnoe_oborudovanie,Информационно-коммуникационное оборудование,106.0,level
2026-02-01,national,informatsionnokommunikatsionnoe_oborudovanie,Информационно-коммуникационное оборудование,106.9,level
2026-03-01,national,informatsionnokommunikatsionnoe_oborudovanie,Информационно-коммуникационное оборудование,107.9,level
2026-04-01,national,informatsionnokommunikatsionnoe_oborudovanie,Информационно-коммуникационное оборудование,111.1,level
2026-05-01,national,informatsionnokommunikatsionnoe_oborudovanie,Информационно-коммуникационное оборудование,111.7,level
2026-06-01,national,informatsionnokommunikatsionnoe_oborudovanie,Информационно-коммуникационное оборудование,117.5,level
2026-07-01,national,informatsionnokommunikatsionnoe_oborudovanie,Информационно-коммуникационное оборудование,114.5,level
2026-08-01,national,informatsionnokommunikatsionnoe_oborudovanie,Информационно-коммуникационное оборудование,120.6,level
2026-01-01,national,instrumenty_i_prisposobleniya_ispolzuemye_v_bytu_i_sadovodstve,"Инструменты и приспособления, используемые в быту и садоводстве",107.1,level
2026-02-01,national,instrumenty_i_prisposobleniya_ispolzuemye_v_bytu_i_sadovodstve,"Инструменты и приспособления, используемые в быту и садоводстве",110.7,level
2026-03-01,national,instrumenty_i_prisposobleniya_ispolzuemye_v_bytu_i_sadovodstve,"Инструменты и приспособления, используемые в быту и садоводстве",108.2,level
2026-04-01,national,instrumenty_i_prisposobleniya_ispolzuemye_v_bytu_i_sadovodstve,"Инструменты и приспособления, используемые в быту и садоводстве",107.0,level
2026-05-01,national,instrumenty_i_prisposobleniya_ispolzuemye_v_bytu_i_sadovodstve,"Инструменты и приспособления, используемые в быту и садоводстве",108.0,level
2026-06-01,national,instrumenty_i_prisposobleniya_ispolzuemye_v_bytu_i_sadovodstve,"Инструменты и приспособления, используемые в быту и садоводстве",108.0,level
2026-07-01,national,instrumenty_i_prisposobleniya_ispolzuemye_v_bytu_i_sadovodstve,"Инструменты и приспособления, используемые в быту и садоводстве",105.8,level
2026-08-01,national,instrumenty_i_prisposobleniya_ispolzuemye_v_bytu_i_sadovodstve,"Инструменты и приспособления, используемые в быту и садоводстве",104.9,level
2022-10-01,national,kantselyarskie_tovary,Канцелярские товары,164.2,level
2022-11-01,national,kantselyarskie_tovary,Канцелярские товары,167.9,level
2022-12-01,national,kantselyarskie_tovary,Канцелярские товары,170.3,level
2023-01-01,national,kantselyarskie_tovary,Канцелярские товары,171.4,level
2023-02-01,national,kantselyarskie_tovary,Канцелярские товары,171.8,level
2023-03-01,national,kantselyarskie_tovary,Канцелярские товары,172.8,level
2023-04-01,national,kantselyarskie_tovary,Канцелярские товары,168.5,level
2023-05-01,national,kantselyarskie_tovary,Канцелярские товары,167.5,level
2023-06-01,national,kantselyarskie_tovary,Канцелярские товары,167.7,level
2023-07-01,national,kantselyarskie_tovary,Канцелярские товары,164.4,level
2023-08-01,national,kantselyarskie_tovary,Канцелярские товары,105.9,level
2023-09-01,national,kantselyarskie_tovary,Канцелярские товары,102.7,level
2023-10-01,national,kantselyarskie_tovary,Канцелярские товары,101.2,level
2023-11-01,national,kantselyarskie_tovary,Канцелярские товары,99.5,level
2023-12-01,national,kantselyarskie_tovary,Канцелярские товары,98.2,level
2024-01-01,national,kantselyarskie_tovary,Канцелярские товары,97.4,level
2024-02-01,national,kantselyarskie_tovary,Канцелярские товары,97.3,level
2024-03-01,national,kantselyarskie_tovary,Канцелярские товары,96.5,level
2024-04-01,national,kantselyarskie_tovary,Канцелярские товары,96.1,level
2024-05-01,national,kantselyarskie_tovary,Канцелярские товары,95.7,level
2024-06-01,national,kantselyarskie_tovary,Канцелярские товары,95.3,level
2024-07-01,national,kantselyarskie_tovary,Канцелярские товары,92.5,level
2024-08-01,national,kantselyarskie_tovary,Канцелярские товары,100.5,level
2024-09-01,national,kantselyarskie_tovary,Канцелярские товары,101.5,level
2024-10-01,national,kantselyarskie_tovary,Канцелярские товары,102.0,level
2024-11-01,national,kantselyarskie_tovary,Канцелярские товары,101.8,level
2024-12-01,national,kantselyarskie_tovary,Канцелярские товары,102.0,level
2025-01-01,national,kantselyarskie_tovary,Канцелярские товары,102.2,level
2025-02-01,national,kantselyarskie_tovary,Канцелярские товары,102.4,level
2025-03-01,national,kantselyarskie_tovary,Канцелярские товары,102.8,level
2025-04-01,national,kantselyarskie_tovary,Канцелярские товары,103.1,level
2025-05-01,national,kantselyarskie_tovary,Канцелярские товары,102.9,level
2025-06-01,national,kantselyarskie_tovary,Канцелярские товары,110.1,level
2025-07-01,national,kantselyarskie_tovary,Канцелярские товары,102.9,level
2025-08-01,national,kantselyarskie_tovary,Канцелярские товары,104.8,level
2025-09-01,national,kantselyarskie_tovary,Канцелярские товары,106.1,level
2025-10-01,national,kantselyarskie_tovary,Канцелярские товары,106.0,level
2025-11-01,national,kantselyarskie_tovary,Канцелярские товары,105.9,level
2025-12-01,national,kantselyarskie_tovary,Канцелярские товары,106.6,level
2022-10-01,national,kartofel_i_drugie_klubnevye,Картофель и другие клубневые,107.8,level
2022-11-01,national,kartofel_i_drugie_klubnevye,Картофель и другие клубневые,109.9,level
2022-12-01,national,kartofel_i_drugie_klubnevye,Картофель и другие клубневые,111.9,level
2023-01-01,national,kartofel_i_drugie_klubnevye,Картофель и другие клубневые,109.8,level
2023-02-01,national,kartofel_i_drugie_klubnevye,Картофель и другие клубневые,106.5,level
2023-03-01,national,kartofel_i_drugie_klubnevye,Картофель и другие клубневые,92.4,level
2023-04-01,national,kartofel_i_drugie_klubnevye,Картофель и другие клубневые,86.1,level
2023-05-01,national,kartofel_i_drugie_klubnevye,Картофель и другие клубневые,83.2,level
2023-06-01,national,kartofel_i_drugie_klubnevye,Картофель и другие клубневые,90.9,level
2023-07-01,national,kartofel_i_drugie_klubnevye,Картофель и другие клубневые,98.7,level
2023-08-01,national,kartofel_i_drugie_klubnevye,Картофель и другие клубневые,99.7,level
2023-09-01,national,kartofel_i_drugie_klubnevye,Картофель и другие клубневые,97.8,level
2023-10-01,national,kartofel_i_drugie_klubnevye,Картофель и другие клубневые,96.0,level
2023-11-01,national,kartofel_i_drugie_klubnevye,Картофель и другие клубневые,90.1,level
2023-12-01,national,kartofel_i_drugie_klubnevye,Картофель и другие клубневые,88.7,level
2024-01-01,national,kartofel_i_drugie_klubnevye,Картофель и другие клубневые,87.7,level
2024-02-01,national,kartofel_i_drugie_klubnevye,Картофель и другие клубневые,88.0,level
2024-03-01,national,kartofel_i_drugie_klubnevye,Картофель и другие клубневые,89.1,level
2024-04-01,national,kartofel_i_drugie_klubnevye,Картофель и другие клубневые,89.9,level
2024-05-01,national,kartofel_i_drugie_klubnevye,Картофель и другие клубневые,102.0,level
2024-06-01,national,kartofel_i_drugie_klubnevye,Картофель и другие клубневые,102.7,level
2024-07-01,national,kartofel_i_drugie_klubnevye,Картофель и другие клубневые,110.0,level
2024-08-01,national,kartofel_i_drugie_klubnevye,Картофель и другие клубневые,114.3,level
2024-09-01,national,kartofel_i_drugie_klubnevye,Картофель и другие клубневые,110.1,level
2024-10-01,national,kartofel_i_drugie_klubnevye,Картофель и другие клубневые,113.9,level
2024-11-01,national,kartofel_i_drugie_klubnevye,Картофель и другие клубневые,128.2,level
2024-12-01,national,kartofel_i_drugie_klubnevye,Картофель и другие клубневые,137.7,level
2025-01-01,national,kartofel_i_drugie_klubnevye,Картофель и другие клубневые,158.8,level
2025-02-01,national,kartofel_i_drugie_klubnevye,Картофель и другие клубневые,161.6,level
2025-03-01,national,kartofel_i_drugie_klubnevye,Картофель и другие клубневые,165.9,level
2025-04-01,national,kartofel_i_drugie_klubnevye,Картофель и другие клубневые,178.4,level
2025-05-01,national,kartofel_i_drugie_klubnevye,Картофель и другие клубневые,166.4,level
2025-06-01,national,kartofel_i_drugie_klubnevye,Картофель и другие клубневые,154.4,level
2025-07-01,national,kartofel_i_drugie_klubnevye,Картофель и другие клубневые,133.1,level
2025-08-01,national,kartofel_i_drugie_klubnevye,Картофель и другие клубневые,104.2,level
2025-09-01,national,kartofel_i_drugie_klubnevye,Картофель и другие клубневые,108.1,level
2025-10-01,national,kartofel_i_drugie_klubnevye,Картофель и другие клубневые,111.0,level
2025-11-01,national,kartofel_i_drugie_klubnevye,Картофель и другие клубневые,107.3,level
2025-12-01,national,kartofel_i_drugie_klubnevye,Картофель и другие клубневые,101.9,level
2022-10-01,national,khleb,Хлеб,119.6,level
2022-11-01,national,khleb,Хлеб,119.3,level
2022-12-01,national,khleb,Хлеб,119.6,level
2023-01-01,national,khleb,Хлеб,119.2,level
2023-02-01,national,khleb,Хлеб,118.0,level
2023-03-01,national,khleb,Хлеб,115.1,level
2023-04-01,national,khleb,Хлеб,111.9,level
2023-05-01,national,khleb,Хлеб,110.1,level
2023-06-01,national,khleb,Хлеб,109.3,level
2023-07-01,national,khleb,Хлеб,108.6,level
2023-08-01,national,khleb,Хлеб,107.3,level
2023-09-01,national,khleb,Хлеб,105.7,level
2023-10-01,national,khleb,Хлеб,106.0,level
2023-11-01,national,khleb,Хлеб,105.7,level
2023-12-01,national,khleb,Хлеб,105.0,level
2024-01-01,national,khleb,Хлеб,105.6,level
2024-02-01,national,khleb,Хлеб,106.3,level
2024-03-01,national,khleb,Хлеб,107.0,level
2024-04-01,national,khleb,Хлеб,107.2,level
2024-05-01,national,khleb,Хлеб,107.2,level
2024-06-01,national,khleb,Хлеб,106.6,level
2024-07-01,national,khleb,Хлеб,107.1,level
2024-08-01,national,khleb,Хлеб,107.5,level
2024-09-01,national,khleb,Хлеб,107.8,level
2024-10-01,national,khleb,Хлеб,107.0,level
2024-11-01,national,khleb,Хлеб,107.0,level
2024-12-01,national,khleb,Хлеб,107.2,level
2025-01-01,national,khleb,Хлеб,107.1,level
2025-02-01,national,khleb,Хлеб,105.7,level
2025-03-01,national,khleb,Хлеб,106.7,level
2025-04-01,national,khleb,Хлеб,106.2,level
2025-05-01,national,khleb,Хлеб,107.2,level
2025-06-01,national,khleb,Хлеб,107.4,level
2025-07-01,national,khleb,Хлеб,107.3,level
2025-08-01,national,khleb,Хлеб,107.4,level
2025-09-01,national,khleb,Хлеб,107.5,level
2025-10-01,national,khleb,Хлеб,108.2,level
2025-11-01,national,khleb,Хлеб,108.5,level
2025-12-01,national,khleb,Хлеб,108.3,level
2022-10-01,national,khlebobulochnye_izdeliya_i_krupy,Хлебобулочные изделия и крупы,132.1,level
2022-11-01,national,khlebobulochnye_izdeliya_i_krupy,Хлебобулочные изделия и крупы,132.8,level
2022-12-01,national,khlebobulochnye_izdeliya_i_krupy,Хлебобулочные изделия и крупы,133.6,level
2023-01-01,national,khlebobulochnye_izdeliya_i_krupy,Хлебобулочные изделия и крупы,134.1,level
2023-02-01,national,khlebobulochnye_izdeliya_i_krupy,Хлебобулочные изделия и крупы,134.0,level
2023-03-01,national,khlebobulochnye_izdeliya_i_krupy,Хлебобулочные изделия и крупы,130.4,level
2023-04-01,national,khlebobulochnye_izdeliya_i_krupy,Хлебобулочные изделия и крупы,126.3,level
2023-05-01,national,khlebobulochnye_izdeliya_i_krupy,Хлебобулочные изделия и крупы,123.4,level
2023-06-01,national,khlebobulochnye_izdeliya_i_krupy,Хлебобулочные изделия и крупы,121.1,level
2023-07-01,national,khlebobulochnye_izdeliya_i_krupy,Хлебобулочные изделия и крупы,118.3,level
2023-08-01,national,khlebobulochnye_izdeliya_i_krupy,Хлебобулочные изделия и крупы,116.0,level
2023-09-01,national,khlebobulochnye_izdeliya_i_krupy,Хлебобулочные изделия и крупы,113.3,level
2023-10-01,national,khlebobulochnye_izdeliya_i_krupy,Хлебобулочные изделия и крупы,112.6,level
2023-11-01,national,khlebobulochnye_izdeliya_i_krupy,Хлебобулочные изделия и крупы,111.8,level
2023-12-01,national,khlebobulochnye_izdeliya_i_krupy,Хлебобулочные изделия и крупы,110.8,level
2024-01-01,national,khlebobulochnye_izdeliya_i_krupy,Хлебобулочные изделия и крупы,110.1,level
2024-02-01,national,khlebobulochnye_izdeliya_i_krupy,Хлебобулочные изделия и крупы,109.4,level
2024-03-01,national,khlebobulochnye_izdeliya_i_krupy,Хлебобулочные изделия и крупы,108.9,level
2024-04-01,national,khlebobulochnye_izdeliya_i_krupy,Хлебобулочные изделия и крупы,108.0,level
2024-05-01,national,khlebobulochnye_izdeliya_i_krupy,Хлебобулочные изделия и крупы,107.5,level
2024-06-01,national,khlebobulochnye_izdeliya_i_krupy,Хлебобулочные изделия и крупы,106.5,level
2024-07-01,national,khlebobulochnye_izdeliya_i_krupy,Хлебобулочные изделия и крупы,106.3,level
2024-08-01,national,khlebobulochnye_izdeliya_i_krupy,Хлебобулочные изделия и крупы,106.0,level
2024-09-01,national,khlebobulochnye_izdeliya_i_krupy,Хлебобулочные изделия и крупы,105.5,level
2024-10-01,national,khlebobulochnye_izdeliya_i_krupy,Хлебобулочные изделия и крупы,104.7,level
2024-11-01,national,khlebobulochnye_izdeliya_i_krupy,Хлебобулочные изделия и крупы,103.9,level
2024-12-01,national,khlebobulochnye_izdeliya_i_krupy,Хлебобулочные изделия и крупы,103.5,level
2025-01-01,national,khlebobulochnye_izdeliya_i_krupy,Хлебобулочные изделия и крупы,103.3,level
2025-02-01,national,khlebobulochnye_izdeliya_i_krupy,Хлебобулочные изделия и крупы,102.8,level
2025-03-01,national,khlebobulochnye_izdeliya_i_krupy,Хлебобулочные изделия и крупы,103.1,level
2025-04-01,national,khlebobulochnye_izdeliya_i_krupy,Хлебобулочные изделия и крупы,103.1,level
2025-05-01,national,khlebobulochnye_izdeliya_i_krupy,Хлебобулочные изделия и крупы,103.3,level
2025-06-01,national,khlebobulochnye_izdeliya_i_krupy,Хлебобулочные изделия и крупы,103.6,level
2025-07-01,national,khlebobulochnye_izdeliya_i_krupy,Хлебобулочные изделия и крупы,103.6,level
2025-08-01,national,khlebobulochnye_izdeliya_i_krupy,Хлебобулочные изделия и крупы,104.1,level
2025-09-01,national,khlebobulochnye_izdeliya_i_krupy,Хлебобулочные изделия и крупы,104.6,level
2025-10-01,national,khlebobulochnye_izdeliya_i_krupy,Хлебобулочные изделия и крупы,105.1,level
2025-11-01,national,khlebobulochnye_izdeliya_i_krupy,Хлебобулочные изделия и крупы,105.7,level
2025-12-01,national,khlebobulochnye_izdeliya_i_krupy,Хлебобулочные изделия и крупы,106.4,level
2022-10-01,national,knigi,Книги,114.0,level
2022-11-01,national,knigi,Книги,116.5,level
2022-12-01,national,knigi,Книги,118.2,level
2023-01-01,national,knigi,Книги,119.0,level
2023-02-01,national,knigi,Книги,119.3,level
2023-03-01,national,knigi,Книги,121.1,level
2023-04-01,national,knigi,Книги,118.1,level
2023-05-01,national,knigi,Книги,116.6,level
2023-06-01,national,knigi,Книги,117.1,level
2023-07-01,national,knigi,Книги,115.0,level
2023-08-01,national,knigi,Книги,112.7,level
2023-09-01,national,knigi,Книги,110.8,level
2023-10-01,national,knigi,Книги,109.7,level
2023-11-01,national,knigi,Книги,108.0,level
2023-12-01,national,knigi,Книги,106.5,level
2024-01-01,national,knigi,Книги,105.8,level
2024-02-01,national,knigi,Книги,105.4,level
2024-03-01,national,knigi,Книги,103.7,level
2024-04-01,national,knigi,Книги,103.3,level
2024-05-01,national,knigi,Книги,103.7,level
2024-06-01,national,knigi,Книги,103.0,level
2024-07-01,national,knigi,Книги,95.0,level
2024-08-01,national,knigi,Книги,101.9,level
2024-09-01,national,knigi,Книги,101.8,level
2024-10-01,national,knigi,Книги,101.2,level
2024-11-01,national,knigi,Книги,100.9,level
2024-12-01,national,knigi,Книги,101.1,level
2025-01-01,national,knigi,Книги,101.3,level
2025-02-01,national,knigi,Книги,101.8,level
2025-03-01,national,knigi,Книги,102.1,level
2025-04-01,national,knigi,Книги,102.5,level
2025-05-01,national,knigi,Книги,101.9,level
2025-06-01,national,knigi,Книги,102.9,level
2025-07-01,national,knigi,Книги,101.9,level
2025-08-01,national,knigi,Книги,102.5,level
2025-09-01,national,knigi,Книги,102.6,level
2025-10-01,national,knigi,Книги,103.1,level
2025-11-01,national,knigi,Книги,103.1,level
2025-12-01,national,knigi,Книги,104.2,level
2026-01-01,national,knigi_i_kantselyarskie_tovary,Книги и канцелярские товары,106.3,level
2026-02-01,national,knigi_i_kantselyarskie_tovary,Книги и канцелярские товары,111.4,level
2026-03-01,national,knigi_i_kantselyarskie_tovary,Книги и канцелярские товары,112.2,level
2026-04-01,national,knigi_i_kantselyarskie_tovary,Книги и канцелярские товары,112.1,level
2026-05-01,national,knigi_i_kantselyarskie_tovary,Книги и канцелярские товары,111.2,level
2026-06-01,national,knigi_i_kantselyarskie_tovary,Книги и канцелярские товары,113.3,level
2026-07-01,national,knigi_i_kantselyarskie_tovary,Книги и канцелярские товары,118.4,level
2026-08-01,national,knigi_i_kantselyarskie_tovary,Книги и канцелярские товары,117.5,level
2022-10-01,national,kofe_chay_i_kakao,"Кофе, чай и какао",120.6,level
2022-11-01,national,kofe_chay_i_kakao,"Кофе, чай и какао",122.3,level
2022-12-01,national,kofe_chay_i_kakao,"Кофе, чай и какао",124.1,level
2023-01-01,national,kofe_chay_i_kakao,"Кофе, чай и какао",124.7,level
2023-02-01,national,kofe_chay_i_kakao,"Кофе, чай и какао",124.7,level
2023-03-01,national,kofe_chay_i_kakao,"Кофе, чай и какао",124.7,level
2023-04-01,national,kofe_chay_i_kakao,"Кофе, чай и какао",120.5,level
2023-05-01,national,kofe_chay_i_kakao,"Кофе, чай и какао",118.8,level
2023-06-01,national,kofe_chay_i_kakao,"Кофе, чай и какао",116.7,level
2023-07-01,national,kofe_chay_i_kakao,"Кофе, чай и какао",115.1,level
2023-08-01,national,kofe_chay_i_kakao,"Кофе, чай и какао",114.2,level
2023-09-01,national,kofe_chay_i_kakao,"Кофе, чай и какао",113.4,level
2023-10-01,national,kofe_chay_i_kakao,"Кофе, чай и какао",112.2,level
2023-11-01,national,kofe_chay_i_kakao,"Кофе, чай и какао",110.6,level
2023-12-01,national,kofe_chay_i_kakao,"Кофе, чай и какао",109.2,level
2024-01-01,national,kofe_chay_i_kakao,"Кофе, чай и какао",108.9,level
2024-02-01,national,kofe_chay_i_kakao,"Кофе, чай и какао",108.5,level
2024-03-01,national,kofe_chay_i_kakao,"Кофе, чай и какао",107.3,level
2024-04-01,national,kofe_chay_i_kakao,"Кофе, чай и какао",106.7,level
2024-05-01,national,kofe_chay_i_kakao,"Кофе, чай и какао",105.5,level
2024-06-01,national,kofe_chay_i_kakao,"Кофе, чай и какао",105.1,level
2024-07-01,national,kofe_chay_i_kakao,"Кофе, чай и какао",105.8,level
2024-08-01,national,kofe_chay_i_kakao,"Кофе, чай и какао",105.9,level
2024-09-01,national,kofe_chay_i_kakao,"Кофе, чай и какао",105.8,level
2024-10-01,national,kofe_chay_i_kakao,"Кофе, чай и какао",106.3,level
2024-11-01,national,kofe_chay_i_kakao,"Кофе, чай и какао",106.5,level
2024-12-01,national,kofe_chay_i_kakao,"Кофе, чай и какао",106.5,level
2025-01-01,national,kofe_chay_i_kakao,"Кофе, чай и какао",106.2,level
2025-02-01,national,kofe_chay_i_kakao,"Кофе, чай и какао",107.9,level
2025-03-01,national,kofe_chay_i_kakao,"Кофе, чай и какао",108.5,level
2025-04-01,national,kofe_chay_i_kakao,"Кофе, чай и какао",109.1,level
2025-05-01,national,kofe_chay_i_kakao,"Кофе, чай и какао",110.1,level
2025-06-01,national,kofe_chay_i_kakao,"Кофе, чай и какао",111.8,level
2025-07-01,national,kofe_chay_i_kakao,"Кофе, чай и какао",112.1,level
2025-08-01,national,kofe_chay_i_kakao,"Кофе, чай и какао",113.4,level
2025-09-01,national,kofe_chay_i_kakao,"Кофе, чай и какао",114.3,level
2025-10-01,national,kofe_chay_i_kakao,"Кофе, чай и какао",115.0,level
2025-11-01,national,kofe_chay_i_kakao,"Кофе, чай и какао",115.6,level
2025-12-01,national,kofe_chay_i_kakao,"Кофе, чай и какао",116.4,level
2022-10-01,national,kolbasy_izdeliya_iz_myasa,"Колбасы, изделия из мяса",118.5,level
2022-11-01,national,kolbasy_izdeliya_iz_myasa,"Колбасы, изделия из мяса",118.6,level
2022-12-01,national,kolbasy_izdeliya_iz_myasa,"Колбасы, изделия из мяса",119.1,level
2023-01-01,national,kolbasy_izdeliya_iz_myasa,"Колбасы, изделия из мяса",119.4,level
2023-02-01,national,kolbasy_izdeliya_iz_myasa,"Колбасы, изделия из мяса",119.2,level
2023-03-01,national,kolbasy_izdeliya_iz_myasa,"Колбасы, изделия из мяса",116.9,level
2023-04-01,national,kolbasy_izdeliya_iz_myasa,"Колбасы, изделия из мяса",115.1,level
2023-05-01,national,kolbasy_izdeliya_iz_myasa,"Колбасы, изделия из мяса",114.9,level
2023-06-01,national,kolbasy_izdeliya_iz_myasa,"Колбасы, изделия из мяса",114.1,level
2023-07-01,national,kolbasy_izdeliya_iz_myasa,"Колбасы, изделия из мяса",112.8,level
2023-08-01,national,kolbasy_izdeliya_iz_myasa,"Колбасы, изделия из мяса",111.1,level
2023-09-01,national,kolbasy_izdeliya_iz_myasa,"Колбасы, изделия из мяса",109.2,level
2023-10-01,national,kolbasy_izdeliya_iz_myasa,"Колбасы, изделия из мяса",108.3,level
2023-11-01,national,kolbasy_izdeliya_iz_myasa,"Колбасы, изделия из мяса",108.2,level
2023-12-01,national,kolbasy_izdeliya_iz_myasa,"Колбасы, изделия из мяса",107.9,level
2024-01-01,national,kolbasy_izdeliya_iz_myasa,"Колбасы, изделия из мяса",107.5,level
2024-02-01,national,kolbasy_izdeliya_iz_myasa,"Колбасы, изделия из мяса",107.2,level
2024-03-01,national,kolbasy_izdeliya_iz_myasa,"Колбасы, изделия из мяса",107.1,level
2024-04-01,national,kolbasy_izdeliya_iz_myasa,"Колбасы, изделия из мяса",106.6,level
2024-05-01,national,kolbasy_izdeliya_iz_myasa,"Колбасы, изделия из мяса",105.6,level
2024-06-01,national,kolbasy_izdeliya_iz_myasa,"Колбасы, изделия из мяса",105.3,level
2024-07-01,national,kolbasy_izdeliya_iz_myasa,"Колбасы, изделия из мяса",105.2,level
2024-08-01,national,kolbasy_izdeliya_iz_myasa,"Колбасы, изделия из мяса",104.9,level
2024-09-01,national,kolbasy_izdeliya_iz_myasa,"Колбасы, изделия из мяса",104.9,level
2024-10-01,national,kolbasy_izdeliya_iz_myasa,"Колбасы, изделия из мяса",104.8,level
2024-11-01,national,kolbasy_izdeliya_iz_myasa,"Колбасы, изделия из мяса",104.3,level
2024-12-01,national,kolbasy_izdeliya_iz_myasa,"Колбасы, изделия из мяса",104.4,level
2025-01-01,national,kolbasy_izdeliya_iz_myasa,"Колбасы, изделия из мяса",105.2,level
2025-02-01,national,kolbasy_izdeliya_iz_myasa,"Колбасы, изделия из мяса",106.5,level
2025-03-01,national,kolbasy_izdeliya_iz_myasa,"Колбасы, изделия из мяса",107.7,level
2025-04-01,national,kolbasy_izdeliya_iz_myasa,"Колбасы, изделия из мяса",108.4,level
2025-05-01,national,kolbasy_izdeliya_iz_myasa,"Колбасы, изделия из мяса",109.5,level
2025-06-01,national,kolbasy_izdeliya_iz_myasa,"Колбасы, изделия из мяса",110.0,level
2025-07-01,national,kolbasy_izdeliya_iz_myasa,"Колбасы, изделия из мяса",111.0,level
2025-08-01,national,kolbasy_izdeliya_iz_myasa,"Колбасы, изделия из мяса",113.1,level
2025-09-01,national,kolbasy_izdeliya_iz_myasa,"Колбасы, изделия из мяса",115.2,level
2025-10-01,national,kolbasy_izdeliya_iz_myasa,"Колбасы, изделия из мяса",117.4,level
2025-11-01,national,kolbasy_izdeliya_iz_myasa,"Колбасы, изделия из мяса",118.1,level
2025-12-01,national,kolbasy_izdeliya_iz_myasa,"Колбасы, изделия из мяса",119.3,level
2022-10-01,national,konditerskie_izdeliya,Кондитерские изделия,127.4,level
2022-11-01,national,konditerskie_izdeliya,Кондитерские изделия,128.8,level
2022-12-01,national,konditerskie_izdeliya,Кондитерские изделия,130.5,level
2023-01-01,national,konditerskie_izdeliya,Кондитерские изделия,131.3,level
2023-02-01,national,konditerskie_izdeliya,Кондитерские изделия,132.1,level
2023-03-01,national,konditerskie_izdeliya,Кондитерские изделия,130.3,level
2023-04-01,national,konditerskie_izdeliya,Кондитерские изделия,125.6,level
2023-05-01,national,konditerskie_izdeliya,Кондитерские изделия,122.9,level
2023-06-01,national,konditerskie_izdeliya,Кондитерские изделия,121.1,level
2023-07-01,national,konditerskie_izdeliya,Кондитерские изделия,119.0,level
2023-08-01,national,konditerskie_izdeliya,Кондитерские изделия,116.8,level
2023-09-01,national,konditerskie_izdeliya,Кондитерские изделия,113.7,level
2023-10-01,national,konditerskie_izdeliya,Кондитерские изделия,113.2,level
2023-11-01,national,konditerskie_izdeliya,Кондитерские изделия,112.1,level
2023-12-01,national,konditerskie_izdeliya,Кондитерские изделия,110.7,level
2024-01-01,national,konditerskie_izdeliya,Кондитерские изделия,109.9,level
2024-02-01,national,konditerskie_izdeliya,Кондитерские изделия,109.4,level
2024-03-01,national,konditerskie_izdeliya,Кондитерские изделия,108.9,level
2024-04-01,national,konditerskie_izdeliya,Кондитерские изделия,110.9,level
2024-05-01,national,konditerskie_izdeliya,Кондитерские изделия,110.9,level
2024-06-01,national,konditerskie_izdeliya,Кондитерские изделия,110.7,level
2024-07-01,national,konditerskie_izdeliya,Кондитерские изделия,111.8,level
2024-08-01,national,konditerskie_izdeliya,Кондитерские изделия,113.4,level
2024-09-01,national,konditerskie_izdeliya,Кондитерские изделия,113.6,level
2024-10-01,national,konditerskie_izdeliya,Кондитерские изделия,112.6,level
2024-11-01,national,konditerskie_izdeliya,Кондитерские изделия,112.5,level
2024-12-01,national,konditerskie_izdeliya,Кондитерские изделия,112.8,level
2025-01-01,national,konditerskie_izdeliya,Кондитерские изделия,113.3,level
2025-02-01,national,konditerskie_izdeliya,Кондитерские изделия,114.2,level
2025-03-01,national,konditerskie_izdeliya,Кондитерские изделия,115.0,level
2025-04-01,national,konditerskie_izdeliya,Кондитерские изделия,113.5,level
2025-05-01,national,konditerskie_izdeliya,Кондитерские изделия,113.9,level
2025-06-01,national,konditerskie_izdeliya,Кондитерские изделия,114.0,level
2025-07-01,national,konditerskie_izdeliya,Кондитерские изделия,114.3,level
2025-08-01,national,konditerskie_izdeliya,Кондитерские изделия,115.2,level
2025-09-01,national,konditerskie_izdeliya,Кондитерские изделия,116.9,level
2025-10-01,national,konditerskie_izdeliya,Кондитерские изделия,118.3,level
2025-11-01,national,konditerskie_izdeliya,Кондитерские изделия,119.0,level
2025-12-01,national,konditerskie_izdeliya,Кондитерские изделия,118.7,level
2022-10-01,national,kover_palas_sinteticheskiy,Ковер (палас) синтетический,121.2,level
2022-11-01,national,kover_palas_sinteticheskiy,Ковер (палас) синтетический,121.6,level
2022-12-01,national,kover_palas_sinteticheskiy,Ковер (палас) синтетический,124.4,level
2023-01-01,national,kover_palas_sinteticheskiy,Ковер (палас) синтетический,124.2,level
2023-02-01,national,kover_palas_sinteticheskiy,Ковер (палас) синтетический,123.9,level
2023-03-01,national,kover_palas_sinteticheskiy,Ковер (палас) синтетический,124.2,level
2023-04-01,national,kover_palas_sinteticheskiy,Ковер (палас) синтетический,122.9,level
2023-05-01,national,kover_palas_sinteticheskiy,Ковер (палас) синтетический,123.1,level
2023-06-01,national,kover_palas_sinteticheskiy,Ковер (палас) синтетический,119.4,level
2023-07-01,national,kover_palas_sinteticheskiy,Ковер (палас) синтетический,119.4,level
2023-08-01,national,kover_palas_sinteticheskiy,Ковер (палас) синтетический,119.1,level
2023-09-01,national,kover_palas_sinteticheskiy,Ковер (палас) синтетический,115.5,level
2023-10-01,national,kover_palas_sinteticheskiy,Ковер (палас) синтетический,114.8,level
2023-11-01,national,kover_palas_sinteticheskiy,Ковер (палас) синтетический,114.5,level
2023-12-01,national,kover_palas_sinteticheskiy,Ковер (палас) синтетический,113.4,level
2024-01-01,national,kover_palas_sinteticheskiy,Ковер (палас) синтетический,113.4,level
2024-02-01,national,kover_palas_sinteticheskiy,Ковер (палас) синтетический,112.6,level
2024-03-01,national,kover_palas_sinteticheskiy,Ковер (палас) синтетический,111.8,level
2024-04-01,national,kover_palas_sinteticheskiy,Ковер (палас) синтетический,111.7,level
2024-05-01,national,kover_palas_sinteticheskiy,Ковер (палас) синтетический,111.3,level
2024-06-01,national,kover_palas_sinteticheskiy,Ковер (палас) синтетический,111.2,level
2024-07-01,national,kover_palas_sinteticheskiy,Ковер (палас) синтетический,110.7,level
2024-08-01,national,kover_palas_sinteticheskiy,Ковер (палас) синтетический,111.6,level
2024-09-01,national,kover_palas_sinteticheskiy,Ковер (палас) синтетический,111.3,level
2024-10-01,national,kover_palas_sinteticheskiy,Ковер (палас) синтетический,111.3,level
2024-11-01,national,kover_palas_sinteticheskiy,Ковер (палас) синтетический,111.6,level
2024-12-01,national,kover_palas_sinteticheskiy,Ковер (палас) синтетический,111.3,level
2025-01-01,national,kover_palas_sinteticheskiy,Ковер (палас) синтетический,111.4,level
2025-02-01,national,kover_palas_sinteticheskiy,Ковер (палас) синтетический,111.6,level
2025-03-01,national,kover_palas_sinteticheskiy,Ковер (палас) синтетический,114.1,level
2025-04-01,national,kover_palas_sinteticheskiy,Ковер (палас) синтетический,114.4,level
2025-05-01,national,kover_palas_sinteticheskiy,Ковер (палас) синтетический,114.5,level
2025-06-01,national,kover_palas_sinteticheskiy,Ковер (палас) синтетический,112.3,level
2025-07-01,national,kover_palas_sinteticheskiy,Ковер (палас) синтетический,111.5,level
2025-08-01,national,kover_palas_sinteticheskiy,Ковер (палас) синтетический,110.5,level
2025-09-01,national,kover_palas_sinteticheskiy,Ковер (палас) синтетический,108.5,level
2025-10-01,national,kover_palas_sinteticheskiy,Ковер (палас) синтетический,108.5,level
2025-11-01,national,kover_palas_sinteticheskiy,Ковер (палас) синтетический,108.6,level
2025-12-01,national,kover_palas_sinteticheskiy,Ковер (палас) синтетический,108.1,level
2022-10-01,national,kover_vorsyanoy_s_dobavleniem_shersti_shelka,"Ковер ворсяной, с добавлением шерсти, шелка",114.4,level
2022-11-01,national,kover_vorsyanoy_s_dobavleniem_shersti_shelka,"Ковер ворсяной, с добавлением шерсти, шелка",114.7,level
2022-12-01,national,kover_vorsyanoy_s_dobavleniem_shersti_shelka,"Ковер ворсяной, с добавлением шерсти, шелка",116.5,level
2023-01-01,national,kover_vorsyanoy_s_dobavleniem_shersti_shelka,"Ковер ворсяной, с добавлением шерсти, шелка",116.3,level
2023-02-01,national,kover_vorsyanoy_s_dobavleniem_shersti_shelka,"Ковер ворсяной, с добавлением шерсти, шелка",115.7,level
2023-03-01,national,kover_vorsyanoy_s_dobavleniem_shersti_shelka,"Ковер ворсяной, с добавлением шерсти, шелка",116.6,level
2023-04-01,national,kover_vorsyanoy_s_dobavleniem_shersti_shelka,"Ковер ворсяной, с добавлением шерсти, шелка",115.2,level
2023-05-01,national,kover_vorsyanoy_s_dobavleniem_shersti_shelka,"Ковер ворсяной, с добавлением шерсти, шелка",114.9,level
2023-06-01,national,kover_vorsyanoy_s_dobavleniem_shersti_shelka,"Ковер ворсяной, с добавлением шерсти, шелка",112.6,level
2023-07-01,national,kover_vorsyanoy_s_dobavleniem_shersti_shelka,"Ковер ворсяной, с добавлением шерсти, шелка",111.8,level
2023-08-01,national,kover_vorsyanoy_s_dobavleniem_shersti_shelka,"Ковер ворсяной, с добавлением шерсти, шелка",111.2,level
2023-09-01,national,kover_vorsyanoy_s_dobavleniem_shersti_shelka,"Ковер ворсяной, с добавлением шерсти, шелка",110.9,level
2023-10-01,national,kover_vorsyanoy_s_dobavleniem_shersti_shelka,"Ковер ворсяной, с добавлением шерсти, шелка",110.4,level
2023-11-01,national,kover_vorsyanoy_s_dobavleniem_shersti_shelka,"Ковер ворсяной, с добавлением шерсти, шелка",110.3,level
2023-12-01,national,kover_vorsyanoy_s_dobavleniem_shersti_shelka,"Ковер ворсяной, с добавлением шерсти, шелка",110.8,level
2024-01-01,national,kover_vorsyanoy_s_dobavleniem_shersti_shelka,"Ковер ворсяной, с добавлением шерсти, шелка",110.8,level
2024-02-01,national,kover_vorsyanoy_s_dobavleniem_shersti_shelka,"Ковер ворсяной, с добавлением шерсти, шелка",110.5,level
2024-03-01,national,kover_vorsyanoy_s_dobavleniem_shersti_shelka,"Ковер ворсяной, с добавлением шерсти, шелка",110.3,level
2024-04-01,national,kover_vorsyanoy_s_dobavleniem_shersti_shelka,"Ковер ворсяной, с добавлением шерсти, шелка",110.5,level
2024-05-01,national,kover_vorsyanoy_s_dobavleniem_shersti_shelka,"Ковер ворсяной, с добавлением шерсти, шелка",111.7,level
2024-06-01,national,kover_vorsyanoy_s_dobavleniem_shersti_shelka,"Ковер ворсяной, с добавлением шерсти, шелка",113.1,level
2024-07-01,national,kover_vorsyanoy_s_dobavleniem_shersti_shelka,"Ковер ворсяной, с добавлением шерсти, шелка",113.5,level
2024-08-01,national,kover_vorsyanoy_s_dobavleniem_shersti_shelka,"Ковер ворсяной, с добавлением шерсти, шелка",114.0,level
2024-09-01,national,kover_vorsyanoy_s_dobavleniem_shersti_shelka,"Ковер ворсяной, с добавлением шерсти, шелка",113.8,level
2024-10-01,national,kover_vorsyanoy_s_dobavleniem_shersti_shelka,"Ковер ворсяной, с добавлением шерсти, шелка",113.4,level
2024-11-01,national,kover_vorsyanoy_s_dobavleniem_shersti_shelka,"Ковер ворсяной, с добавлением шерсти, шелка",114.5,level
2024-12-01,national,kover_vorsyanoy_s_dobavleniem_shersti_shelka,"Ковер ворсяной, с добавлением шерсти, шелка",114.4,level
2025-01-01,national,kover_vorsyanoy_s_dobavleniem_shersti_shelka,"Ковер ворсяной, с добавлением шерсти, шелка",114.5,level
2025-02-01,national,kover_vorsyanoy_s_dobavleniem_shersti_shelka,"Ковер ворсяной, с добавлением шерсти, шелка",114.5,level
2025-03-01,national,kover_vorsyanoy_s_dobavleniem_shersti_shelka,"Ковер ворсяной, с добавлением шерсти, шелка",114.6,level
2025-04-01,national,kover_vorsyanoy_s_dobavleniem_shersti_shelka,"Ковер ворсяной, с добавлением шерсти, шелка",114.8,level
2025-05-01,national,kover_vorsyanoy_s_dobavleniem_shersti_shelka,"Ковер ворсяной, с добавлением шерсти, шелка",113.7,level
2025-06-01,national,kover_vorsyanoy_s_dobavleniem_shersti_shelka,"Ковер ворсяной, с добавлением шерсти, шелка",113.3,level
2025-07-01,national,kover_vorsyanoy_s_dobavleniem_shersti_shelka,"Ковер ворсяной, с добавлением шерсти, шелка",112.5,level
2025-08-01,national,kover_vorsyanoy_s_dobavleniem_shersti_shelka,"Ковер ворсяной, с добавлением шерсти, шелка",111.9,level
2025-09-01,national,kover_vorsyanoy_s_dobavleniem_shersti_shelka,"Ковер ворсяной, с добавлением шерсти, шелка",110.2,level
2025-10-01,national,kover_vorsyanoy_s_dobavleniem_shersti_shelka,"Ковер ворсяной, с добавлением шерсти, шелка",110.2,level
2025-11-01,national,kover_vorsyanoy_s_dobavleniem_shersti_shelka,"Ковер ворсяной, с добавлением шерсти, шелка",109.3,level
2025-12-01,national,kover_vorsyanoy_s_dobavleniem_shersti_shelka,"Ковер ворсяной, с добавлением шерсти, шелка",107.7,level
2022-10-01,national,krupnye_bytovye_pribory_elektricheskie_i_neelektricheskie,"Крупные бытовые приборы, электрические и неэлектрические",129.1,level
2022-11-01,national,krupnye_bytovye_pribory_elektricheskie_i_neelektricheskie,"Крупные бытовые приборы, электрические и неэлектрические",127.8,level
2022-12-01,national,krupnye_bytovye_pribory_elektricheskie_i_neelektricheskie,"Крупные бытовые приборы, электрические и неэлектрические",124.9,level
2023-01-01,national,krupnye_bytovye_pribory_elektricheskie_i_neelektricheskie,"Крупные бытовые приборы, электрические и неэлектрические",121.9,level
2023-02-01,national,krupnye_bytovye_pribory_elektricheskie_i_neelektricheskie,"Крупные бытовые приборы, электрические и неэлектрические",120.5,level
2023-03-01,national,krupnye_bytovye_pribory_elektricheskie_i_neelektricheskie,"Крупные бытовые приборы, электрические и неэлектрические",102.7,level
2023-04-01,national,krupnye_bytovye_pribory_elektricheskie_i_neelektricheskie,"Крупные бытовые приборы, электрические и неэлектрические",112.2,level
2023-05-01,national,krupnye_bytovye_pribory_elektricheskie_i_neelektricheskie,"Крупные бытовые приборы, электрические и неэлектрические",109.6,level
2023-06-01,national,krupnye_bytovye_pribory_elektricheskie_i_neelektricheskie,"Крупные бытовые приборы, электрические и неэлектрические",106.1,level
2023-07-01,national,krupnye_bytovye_pribory_elektricheskie_i_neelektricheskie,"Крупные бытовые приборы, электрические и неэлектрические",102.5,level
2023-08-01,national,krupnye_bytovye_pribory_elektricheskie_i_neelektricheskie,"Крупные бытовые приборы, электрические и неэлектрические",101.6,level
2023-09-01,national,krupnye_bytovye_pribory_elektricheskie_i_neelektricheskie,"Крупные бытовые приборы, электрические и неэлектрические",96.9,level
2023-10-01,national,krupnye_bytovye_pribory_elektricheskie_i_neelektricheskie,"Крупные бытовые приборы, электрические и неэлектрические",93.3,level
2023-11-01,national,krupnye_bytovye_pribory_elektricheskie_i_neelektricheskie,"Крупные бытовые приборы, электрические и неэлектрические",92.0,level
2023-12-01,national,krupnye_bytovye_pribory_elektricheskie_i_neelektricheskie,"Крупные бытовые приборы, электрические и неэлектрические",94.3,level
2024-01-01,national,krupnye_bytovye_pribory_elektricheskie_i_neelektricheskie,"Крупные бытовые приборы, электрические и неэлектрические",94.2,level
2024-02-01,national,krupnye_bytovye_pribory_elektricheskie_i_neelektricheskie,"Крупные бытовые приборы, электрические и неэлектрические",96.2,level
2024-03-01,national,krupnye_bytovye_pribory_elektricheskie_i_neelektricheskie,"Крупные бытовые приборы, электрические и неэлектрические",98.9,level
2024-04-01,national,krupnye_bytovye_pribory_elektricheskie_i_neelektricheskie,"Крупные бытовые приборы, электрические и неэлектрические",96.0,level
2024-05-01,national,krupnye_bytovye_pribory_elektricheskie_i_neelektricheskie,"Крупные бытовые приборы, электрические и неэлектрические",98.5,level
2024-06-01,national,krupnye_bytovye_pribory_elektricheskie_i_neelektricheskie,"Крупные бытовые приборы, электрические и неэлектрические",100.9,level
2024-07-01,national,krupnye_bytovye_pribory_elektricheskie_i_neelektricheskie,"Крупные бытовые приборы, электрические и неэлектрические",100.1,level
2024-08-01,national,krupnye_bytovye_pribory_elektricheskie_i_neelektricheskie,"Крупные бытовые приборы, электрические и неэлектрические",97.9,level
2024-09-01,national,krupnye_bytovye_pribory_elektricheskie_i_neelektricheskie,"Крупные бытовые приборы, электрические и неэлектрические",100.5,level
2024-10-01,national,krupnye_bytovye_pribory_elektricheskie_i_neelektricheskie,"Крупные бытовые приборы, электрические и неэлектрические",105.9,level
2024-11-01,national,krupnye_bytovye_pribory_elektricheskie_i_neelektricheskie,"Крупные бытовые приборы, электрические и неэлектрические",108.9,level
2024-12-01,national,krupnye_bytovye_pribory_elektricheskie_i_neelektricheskie,"Крупные бытовые приборы, электрические и неэлектрические",105.1,level
2025-01-01,national,krupnye_bytovye_pribory_elektricheskie_i_neelektricheskie,"Крупные бытовые приборы, электрические и неэлектрические",110.0,level
2025-02-01,national,krupnye_bytovye_pribory_elektricheskie_i_neelektricheskie,"Крупные бытовые приборы, электрические и неэлектрические",110.5,level
2025-03-01,national,krupnye_bytovye_pribory_elektricheskie_i_neelektricheskie,"Крупные бытовые приборы, электрические и неэлектрические",108.8,level
2025-04-01,national,krupnye_bytovye_pribory_elektricheskie_i_neelektricheskie,"Крупные бытовые приборы, электрические и неэлектрические",110.9,level
2025-05-01,national,krupnye_bytovye_pribory_elektricheskie_i_neelektricheskie,"Крупные бытовые приборы, электрические и неэлектрические",109.2,level
2025-06-01,national,krupnye_bytovye_pribory_elektricheskie_i_neelektricheskie,"Крупные бытовые приборы, электрические и неэлектрические",111.0,level
2025-07-01,national,krupnye_bytovye_pribory_elektricheskie_i_neelektricheskie,"Крупные бытовые приборы, электрические и неэлектрические",110.1,level
2025-08-01,national,krupnye_bytovye_pribory_elektricheskie_i_neelektricheskie,"Крупные бытовые приборы, электрические и неэлектрические",109.6,level
2025-09-01,national,krupnye_bytovye_pribory_elektricheskie_i_neelektricheskie,"Крупные бытовые приборы, электрические и неэлектрические",111.0,level
2025-10-01,national,krupnye_bytovye_pribory_elektricheskie_i_neelektricheskie,"Крупные бытовые приборы, электрические и неэлектрические",108.3,level
2025-11-01,national,krupnye_bytovye_pribory_elektricheskie_i_neelektricheskie,"Крупные бытовые приборы, электрические и неэлектрические",110.2,level
2025-12-01,national,krupnye_bytovye_pribory_elektricheskie_i_neelektricheskie,"Крупные бытовые приборы, электрические и неэлектрические",113.2,level
2026-01-01,national,krupnye_bytovye_pribory_elektricheskie_i_neelektricheskie,"Крупные бытовые приборы, электрические и неэлектрические",113.3,level
2026-02-01,national,krupnye_bytovye_pribory_elektricheskie_i_neelektricheskie,"Крупные бытовые приборы, электрические и неэлектрические",108.6,level
2026-03-01,national,krupnye_bytovye_pribory_elektricheskie_i_neelektricheskie,"Крупные бытовые приборы, электрические и неэлектрические",108.3,level
2026-04-01,national,krupnye_bytovye_pribory_elektricheskie_i_neelektricheskie,"Крупные бытовые приборы, электрические и неэлектрические",108.7,level
2026-05-01,national,krupnye_bytovye_pribory_elektricheskie_i_neelektricheskie,"Крупные бытовые приборы, электрические и неэлектрические",108.2,level
2026-06-01,national,krupnye_bytovye_pribory_elektricheskie_i_neelektricheskie,"Крупные бытовые приборы, электрические и неэлектрические",105.2,level
2026-07-01,national,krupnye_bytovye_pribory_elektricheskie_i_neelektricheskie,"Крупные бытовые приборы, электрические и неэлектрические",106.8,level
2026-08-01,national,krupnye_bytovye_pribory_elektricheskie_i_neelektricheskie,"Крупные бытовые приборы, электрические и неэлектрические",109.9,level
2022-10-01,national,krupnye_instrumenty_i_prisposobleniya,Крупные инструменты и приспособления,113.7,level
2022-11-01,national,krupnye_instrumenty_i_prisposobleniya,Крупные инструменты и приспособления,114.6,level
2022-12-01,national,krupnye_instrumenty_i_prisposobleniya,Крупные инструменты и приспособления,116.6,level
2023-01-01,national,krupnye_instrumenty_i_prisposobleniya,Крупные инструменты и приспособления,117.0,level
2023-02-01,national,krupnye_instrumenty_i_prisposobleniya,Крупные инструменты и приспособления,117.1,level
2023-03-01,national,krupnye_instrumenty_i_prisposobleniya,Крупные инструменты и приспособления,115.6,level
2023-04-01,national,krupnye_instrumenty_i_prisposobleniya,Крупные инструменты и приспособления,113.9,level
2023-05-01,national,krupnye_instrumenty_i_prisposobleniya,Крупные инструменты и приспособления,113.7,level
2023-06-01,national,krupnye_instrumenty_i_prisposobleniya,Крупные инструменты и приспособления,111.3,level
2023-07-01,national,krupnye_instrumenty_i_prisposobleniya,Крупные инструменты и приспособления,109.5,level
2023-08-01,national,krupnye_instrumenty_i_prisposobleniya,Крупные инструменты и приспособления,110.6,level
2023-09-01,national,krupnye_instrumenty_i_prisposobleniya,Крупные инструменты и приспособления,110.9,level
2023-10-01,national,krupnye_instrumenty_i_prisposobleniya,Крупные инструменты и приспособления,110.7,level
2023-11-01,national,krupnye_instrumenty_i_prisposobleniya,Крупные инструменты и приспособления,110.0,level
2023-12-01,national,krupnye_instrumenty_i_prisposobleniya,Крупные инструменты и приспособления,109.0,level
2024-01-01,national,krupnye_instrumenty_i_prisposobleniya,Крупные инструменты и приспособления,108.7,level
2024-02-01,national,krupnye_instrumenty_i_prisposobleniya,Крупные инструменты и приспособления,108.9,level
2024-03-01,national,krupnye_instrumenty_i_prisposobleniya,Крупные инструменты и приспособления,107.9,level
2024-04-01,national,krupnye_instrumenty_i_prisposobleniya,Крупные инструменты и приспособления,107.1,level
2024-05-01,national,krupnye_instrumenty_i_prisposobleniya,Крупные инструменты и приспособления,107.0,level
2024-06-01,national,krupnye_instrumenty_i_prisposobleniya,Крупные инструменты и приспособления,107.2,level
2024-07-01,national,krupnye_instrumenty_i_prisposobleniya,Крупные инструменты и приспособления,107.3,level
2024-08-01,national,krupnye_instrumenty_i_prisposobleniya,Крупные инструменты и приспособления,105.5,level
2024-09-01,national,krupnye_instrumenty_i_prisposobleniya,Крупные инструменты и приспособления,105.4,level
2024-10-01,national,krupnye_instrumenty_i_prisposobleniya,Крупные инструменты и приспособления,104.9,level
2024-11-01,national,krupnye_instrumenty_i_prisposobleniya,Крупные инструменты и приспособления,104.5,level
2024-12-01,national,krupnye_instrumenty_i_prisposobleniya,Крупные инструменты и приспособления,103.8,level
2025-01-01,national,krupnye_instrumenty_i_prisposobleniya,Крупные инструменты и приспособления,105.0,level
2025-02-01,national,krupnye_instrumenty_i_prisposobleniya,Крупные инструменты и приспособления,104.3,level
2025-03-01,national,krupnye_instrumenty_i_prisposobleniya,Крупные инструменты и приспособления,105.5,level
2025-04-01,national,krupnye_instrumenty_i_prisposobleniya,Крупные инструменты и приспособления,106.0,level
2025-05-01,national,krupnye_instrumenty_i_prisposobleniya,Крупные инструменты и приспособления,105.4,level
2025-06-01,national,krupnye_instrumenty_i_prisposobleniya,Крупные инструменты и приспособления,105.4,level
2025-07-01,national,krupnye_instrumenty_i_prisposobleniya,Крупные инструменты и приспособления,106.2,level
2025-08-01,national,krupnye_instrumenty_i_prisposobleniya,Крупные инструменты и приспособления,106.5,level
2025-09-01,national,krupnye_instrumenty_i_prisposobleniya,Крупные инструменты и приспособления,106.3,level
2025-10-01,national,krupnye_instrumenty_i_prisposobleniya,Крупные инструменты и приспособления,105.8,level
2025-11-01,national,krupnye_instrumenty_i_prisposobleniya,Крупные инструменты и приспособления,106.7,level
2025-12-01,national,krupnye_instrumenty_i_prisposobleniya,Крупные инструменты и приспособления,106.5,level
2022-10-01,national,krupy,Крупы,137.0,level
2022-11-01,national,krupy,Крупы,136.8,level
2022-12-01,national,krupy,Крупы,136.2,level
2023-01-01,national,krupy,Крупы,135.1,level
2023-02-01,national,krupy,Крупы,131.9,level
2023-03-01,national,krupy,Крупы,122.8,level
2023-04-01,national,krupy,Крупы,116.0,level
2023-05-01,national,krupy,Крупы,110.3,level
2023-06-01,national,krupy,Крупы,104.9,level
2023-07-01,national,krupy,Крупы,99.5,level
2023-08-01,national,krupy,Крупы,96.1,level
2023-09-01,national,krupy,Крупы,91.7,level
2023-10-01,national,krupy,Крупы,89.6,level
2023-11-01,national,krupy,Крупы,89.0,level
2023-12-01,national,krupy,Крупы,87.1,level
2024-01-01,national,krupy,Крупы,86.1,level
2024-02-01,national,krupy,Крупы,85.3,level
2024-03-01,national,krupy,Крупы,84.8,level
2024-04-01,national,krupy,Крупы,85.1,level
2024-05-01,national,krupy,Крупы,85.5,level
2024-06-01,national,krupy,Крупы,85.7,level
2024-07-01,national,krupy,Крупы,86.5,level
2024-08-01,national,krupy,Крупы,85.9,level
2024-09-01,national,krupy,Крупы,86.9,level
2024-10-01,national,krupy,Крупы,87.3,level
2024-11-01,national,krupy,Крупы,87.3,level
2024-12-01,national,krupy,Крупы,87.7,level
2025-01-01,national,krupy,Крупы,87.8,level
2025-02-01,national,krupy,Крупы,88.9,level
2025-03-01,national,krupy,Крупы,90.9,level
2025-04-01,national,krupy,Крупы,92.0,level
2025-05-01,national,krupy,Крупы,94.4,level
2025-06-01,national,krupy,Крупы,96.5,level
2025-07-01,national,krupy,Крупы,97.5,level
2025-08-01,national,krupy,Крупы,100.7,level
2025-09-01,national,krupy,Крупы,102.2,level
2025-10-01,national,krupy,Крупы,104.1,level
2025-11-01,national,krupy,Крупы,105.6,level
2025-12-01,national,krupy,Крупы,107.2,level
2026-01-01,national,krupy_i_zernovye_produkty,Крупы и зерновые продукты,107.1,level
2026-02-01,national,krupy_i_zernovye_produkty,Крупы и зерновые продукты,107.8,level
2026-03-01,national,krupy_i_zernovye_produkty,Крупы и зерновые продукты,107.3,level
2026-04-01,national,krupy_i_zernovye_produkty,Крупы и зерновые продукты,107.9,level
2026-05-01,national,krupy_i_zernovye_produkty,Крупы и зерновые продукты,107.7,level
2026-06-01,national,krupy_i_zernovye_produkty,Крупы и зерновые продукты,107.9,level
2026-07-01,national,krupy_i_zernovye_produkty,Крупы и зерновые продукты,108.6,level
2026-08-01,national,krupy_i_zernovye_produkty,Крупы и зерновые продукты,108.4,level
2022-10-01,national,lechebnoe_oborudovanie_i_apparaty,Лечебное оборудование и аппараты,114.2,level
2022-11-01,national,lechebnoe_oborudovanie_i_apparaty,Лечебное оборудование и аппараты,114.9,level
2022-12-01,national,lechebnoe_oborudovanie_i_apparaty,Лечебное оборудование и аппараты,118.9,level
2023-01-01,national,lechebnoe_oborudovanie_i_apparaty,Лечебное оборудование и аппараты,120.3,level
2023-02-01,national,lechebnoe_oborudovanie_i_apparaty,Лечебное оборудование и аппараты,122.0,level
2023-03-01,national,lechebnoe_oborudovanie_i_apparaty,Лечебное оборудование и аппараты,121.0,level
2023-04-01,national,lechebnoe_oborudovanie_i_apparaty,Лечебное оборудование и аппараты,122.1,level
2023-05-01,national,lechebnoe_oborudovanie_i_apparaty,Лечебное оборудование и аппараты,122.7,level
2023-06-01,national,lechebnoe_oborudovanie_i_apparaty,Лечебное оборудование и аппараты,124.5,level
2023-07-01,national,lechebnoe_oborudovanie_i_apparaty,Лечебное оборудование и аппараты,125.0,level
2023-08-01,national,lechebnoe_oborudovanie_i_apparaty,Лечебное оборудование и аппараты,123.6,level
2023-09-01,national,lechebnoe_oborudovanie_i_apparaty,Лечебное оборудование и аппараты,120.6,level
2023-10-01,national,lechebnoe_oborudovanie_i_apparaty,Лечебное оборудование и аппараты,119.5,level
2023-11-01,national,lechebnoe_oborudovanie_i_apparaty,Лечебное оборудование и аппараты,118.5,level
2023-12-01,national,lechebnoe_oborudovanie_i_apparaty,Лечебное оборудование и аппараты,115.5,level
2024-01-01,national,lechebnoe_oborudovanie_i_apparaty,Лечебное оборудование и аппараты,110.7,level
2024-02-01,national,lechebnoe_oborudovanie_i_apparaty,Лечебное оборудование и аппараты,108.7,level
2024-03-01,national,lechebnoe_oborudovanie_i_apparaty,Лечебное оборудование и аппараты,107.1,level
2024-04-01,national,lechebnoe_oborudovanie_i_apparaty,Лечебное оборудование и аппараты,105.1,level
2024-05-01,national,lechebnoe_oborudovanie_i_apparaty,Лечебное оборудование и аппараты,104.7,level
2024-06-01,national,lechebnoe_oborudovanie_i_apparaty,Лечебное оборудование и аппараты,101.5,level
2024-07-01,national,lechebnoe_oborudovanie_i_apparaty,Лечебное оборудование и аппараты,103.5,level
2024-08-01,national,lechebnoe_oborudovanie_i_apparaty,Лечебное оборудование и аппараты,98.4,level
2024-09-01,national,lechebnoe_oborudovanie_i_apparaty,Лечебное оборудование и аппараты,98.1,level
2024-10-01,national,lechebnoe_oborudovanie_i_apparaty,Лечебное оборудование и аппараты,100.8,level
2024-11-01,national,lechebnoe_oborudovanie_i_apparaty,Лечебное оборудование и аппараты,105.4,level
2024-12-01,national,lechebnoe_oborudovanie_i_apparaty,Лечебное оборудование и аппараты,109.0,level
2025-01-01,national,lechebnoe_oborudovanie_i_apparaty,Лечебное оборудование и аппараты,116.9,level
2025-02-01,national,lechebnoe_oborudovanie_i_apparaty,Лечебное оборудование и аппараты,122.9,level
2025-03-01,national,lechebnoe_oborudovanie_i_apparaty,Лечебное оборудование и аппараты,132.4,level
2025-04-01,national,lechebnoe_oborudovanie_i_apparaty,Лечебное оборудование и аппараты,134.1,level
2025-05-01,national,lechebnoe_oborudovanie_i_apparaty,Лечебное оборудование и аппараты,134.1,level
2025-06-01,national,lechebnoe_oborudovanie_i_apparaty,Лечебное оборудование и аппараты,111.5,level
2025-07-01,national,lechebnoe_oborudovanie_i_apparaty,Лечебное оборудование и аппараты,142.8,level
2025-08-01,national,lechebnoe_oborudovanie_i_apparaty,Лечебное оборудование и аппараты,148.3,level
2025-09-01,national,lechebnoe_oborudovanie_i_apparaty,Лечебное оборудование и аппараты,149.9,level
2025-10-01,national,lechebnoe_oborudovanie_i_apparaty,Лечебное оборудование и аппараты,145.1,level
2025-11-01,national,lechebnoe_oborudovanie_i_apparaty,Лечебное оборудование и аппараты,138.8,level
2025-12-01,national,lechebnoe_oborudovanie_i_apparaty,Лечебное оборудование и аппараты,132.3,level
2022-10-01,national,makaronnye_izdeliya_i_izdeliya_iz_testa,Макаронные изделия и изделия из теста,135.5,level
2022-11-01,national,makaronnye_izdeliya_i_izdeliya_iz_testa,Макаронные изделия и изделия из теста,135.9,level
2022-12-01,national,makaronnye_izdeliya_i_izdeliya_iz_testa,Макаронные изделия и изделия из теста,136.2,level
2023-01-01,national,makaronnye_izdeliya_i_izdeliya_iz_testa,Макаронные изделия и изделия из теста,136.8,level
2023-02-01,national,makaronnye_izdeliya_i_izdeliya_iz_testa,Макаронные изделия и изделия из теста,136.0,level
2023-03-01,national,makaronnye_izdeliya_i_izdeliya_iz_testa,Макаронные изделия и изделия из теста,131.3,level
2023-04-01,national,makaronnye_izdeliya_i_izdeliya_iz_testa,Макаронные изделия и изделия из теста,127.9,level
2023-05-01,national,makaronnye_izdeliya_i_izdeliya_iz_testa,Макаронные изделия и изделия из теста,126.1,level
2023-06-01,national,makaronnye_izdeliya_i_izdeliya_iz_testa,Макаронные изделия и изделия из теста,122.8,level
2023-07-01,national,makaronnye_izdeliya_i_izdeliya_iz_testa,Макаронные изделия и изделия из теста,120.1,level
2023-08-01,national,makaronnye_izdeliya_i_izdeliya_iz_testa,Макаронные изделия и изделия из теста,117.1,level
2023-09-01,national,makaronnye_izdeliya_i_izdeliya_iz_testa,Макаронные изделия и изделия из теста,113.6,level
2023-10-01,national,makaronnye_izdeliya_i_izdeliya_iz_testa,Макаронные изделия и изделия из теста,111.8,level
2023-11-01,national,makaronnye_izdeliya_i_izdeliya_iz_testa,Макаронные изделия и изделия из теста,111.5,level
2023-12-01,national,makaronnye_izdeliya_i_izdeliya_iz_testa,Макаронные изделия и изделия из теста,111.1,level
2024-01-01,national,makaronnye_izdeliya_i_izdeliya_iz_testa,Макаронные изделия и изделия из теста,110.7,level
2024-02-01,national,makaronnye_izdeliya_i_izdeliya_iz_testa,Макаронные изделия и изделия из теста,110.4,level
2024-03-01,national,makaronnye_izdeliya_i_izdeliya_iz_testa,Макаронные изделия и изделия из теста,109.7,level
2024-04-01,national,makaronnye_izdeliya_i_izdeliya_iz_testa,Макаронные изделия и изделия из теста,108.1,level
2024-05-01,national,makaronnye_izdeliya_i_izdeliya_iz_testa,Макаронные изделия и изделия из теста,107.5,level
2024-06-01,national,makaronnye_izdeliya_i_izdeliya_iz_testa,Макаронные изделия и изделия из теста,106.9,level
2024-07-01,national,makaronnye_izdeliya_i_izdeliya_iz_testa,Макаронные изделия и изделия из теста,106.8,level
2024-08-01,national,makaronnye_izdeliya_i_izdeliya_iz_testa,Макаронные изделия и изделия из теста,106.8,level
2024-09-01,national,makaronnye_izdeliya_i_izdeliya_iz_testa,Макаронные изделия и изделия из теста,106.8,level
2024-10-01,national,makaronnye_izdeliya_i_izdeliya_iz_testa,Макаронные изделия и изделия из теста,106.5,level
2024-11-01,national,makaronnye_izdeliya_i_izdeliya_iz_testa,Макаронные изделия и изделия из теста,105.8,level
2024-12-01,national,makaronnye_izdeliya_i_izdeliya_iz_testa,Макаронные изделия и изделия из теста,105.0,level
2025-01-01,national,makaronnye_izdeliya_i_izdeliya_iz_testa,Макаронные изделия и изделия из теста,104.7,level
2025-02-01,national,makaronnye_izdeliya_i_izdeliya_iz_testa,Макаронные изделия и изделия из теста,104.7,level
2025-03-01,national,makaronnye_izdeliya_i_izdeliya_iz_testa,Макаронные изделия и изделия из теста,105.2,level
2025-04-01,national,makaronnye_izdeliya_i_izdeliya_iz_testa,Макаронные изделия и изделия из теста,106.1,level
2025-05-01,national,makaronnye_izdeliya_i_izdeliya_iz_testa,Макаронные изделия и изделия из теста,106.3,level
2025-06-01,national,makaronnye_izdeliya_i_izdeliya_iz_testa,Макаронные изделия и изделия из теста,106.3,level
2025-07-01,national,makaronnye_izdeliya_i_izdeliya_iz_testa,Макаронные изделия и изделия из теста,106.5,level
2025-08-01,national,makaronnye_izdeliya_i_izdeliya_iz_testa,Макаронные изделия и изделия из теста,106.7,level
2025-09-01,national,makaronnye_izdeliya_i_izdeliya_iz_testa,Макаронные изделия и изделия из теста,107.3,level
2025-10-01,national,makaronnye_izdeliya_i_izdeliya_iz_testa,Макаронные изделия и изделия из теста,108.6,level
2025-11-01,national,makaronnye_izdeliya_i_izdeliya_iz_testa,Макаронные изделия и изделия из теста,109.2,level
2025-12-01,national,makaronnye_izdeliya_i_izdeliya_iz_testa,Макаронные изделия и изделия из теста,109.9,level
2022-10-01,national,margarin_i_drugie_zhiry,Маргарин и другие жиры,130.0,level
2022-11-01,national,margarin_i_drugie_zhiry,Маргарин и другие жиры,130.5,level
2022-12-01,national,margarin_i_drugie_zhiry,Маргарин и другие жиры,132.4,level
2023-01-01,national,margarin_i_drugie_zhiry,Маргарин и другие жиры,132.5,level
2023-02-01,national,margarin_i_drugie_zhiry,Маргарин и другие жиры,132.2,level
2023-03-01,national,margarin_i_drugie_zhiry,Маргарин и другие жиры,130.5,level
2023-04-01,national,margarin_i_drugie_zhiry,Маргарин и другие жиры,127.6,level
2023-05-01,national,margarin_i_drugie_zhiry,Маргарин и другие жиры,125.6,level
2023-06-01,national,margarin_i_drugie_zhiry,Маргарин и другие жиры,119.9,level
2023-07-01,national,margarin_i_drugie_zhiry,Маргарин и другие жиры,116.2,level
2023-08-01,national,margarin_i_drugie_zhiry,Маргарин и другие жиры,113.6,level
2023-09-01,national,margarin_i_drugie_zhiry,Маргарин и другие жиры,111.8,level
2023-10-01,national,margarin_i_drugie_zhiry,Маргарин и другие жиры,109.4,level
2023-11-01,national,margarin_i_drugie_zhiry,Маргарин и другие жиры,108.8,level
2023-12-01,national,margarin_i_drugie_zhiry,Маргарин и другие жиры,107.1,level
2024-01-01,national,margarin_i_drugie_zhiry,Маргарин и другие жиры,107.1,level
2024-02-01,national,margarin_i_drugie_zhiry,Маргарин и другие жиры,106.6,level
2024-03-01,national,margarin_i_drugie_zhiry,Маргарин и другие жиры,105.4,level
2024-04-01,national,margarin_i_drugie_zhiry,Маргарин и другие жиры,105.2,level
2024-05-01,national,margarin_i_drugie_zhiry,Маргарин и другие жиры,104.1,level
2024-06-01,national,margarin_i_drugie_zhiry,Маргарин и другие жиры,104.1,level
2024-07-01,national,margarin_i_drugie_zhiry,Маргарин и другие жиры,105.5,level
2024-08-01,national,margarin_i_drugie_zhiry,Маргарин и другие жиры,105.4,level
2024-09-01,national,margarin_i_drugie_zhiry,Маргарин и другие жиры,104.0,level
2024-10-01,national,margarin_i_drugie_zhiry,Маргарин и другие жиры,103.6,level
2024-11-01,national,margarin_i_drugie_zhiry,Маргарин и другие жиры,103.6,level
2024-12-01,national,margarin_i_drugie_zhiry,Маргарин и другие жиры,103.4,level
2025-01-01,national,margarin_i_drugie_zhiry,Маргарин и другие жиры,103.2,level
2025-02-01,national,margarin_i_drugie_zhiry,Маргарин и другие жиры,103.9,level
2025-03-01,national,margarin_i_drugie_zhiry,Маргарин и другие жиры,104.3,level
2025-04-01,national,margarin_i_drugie_zhiry,Маргарин и другие жиры,104.5,level
2025-05-01,national,margarin_i_drugie_zhiry,Маргарин и другие жиры,104.6,level
2025-06-01,national,margarin_i_drugie_zhiry,Маргарин и другие жиры,104.7,level
2025-07-01,national,margarin_i_drugie_zhiry,Маргарин и другие жиры,104.8,level
2025-08-01,national,margarin_i_drugie_zhiry,Маргарин и другие жиры,105.4,level
2025-09-01,national,margarin_i_drugie_zhiry,Маргарин и другие жиры,106.6,level
2025-10-01,national,margarin_i_drugie_zhiry,Маргарин и другие жиры,106.7,level
2025-11-01,national,margarin_i_drugie_zhiry,Маргарин и другие жиры,107.4,level
2025-12-01,national,margarin_i_drugie_zhiry,Маргарин и другие жиры,107.2,level
2022-10-01,national,masla_i_zhiry,Масла и жиры,120.6,level
2022-11-01,national,masla_i_zhiry,Масла и жиры,121.2,level
2022-12-01,national,masla_i_zhiry,Масла и жиры,121.8,level
2023-01-01,national,masla_i_zhiry,Масла и жиры,122.4,level
2023-02-01,national,masla_i_zhiry,Масла и жиры,122.7,level
2023-03-01,national,masla_i_zhiry,Масла и жиры,117.8,level
2023-04-01,national,masla_i_zhiry,Масла и жиры,114.9,level
2023-05-01,national,masla_i_zhiry,Масла и жиры,112.2,level
2023-06-01,national,masla_i_zhiry,Масла и жиры,108.4,level
2023-07-01,national,masla_i_zhiry,Масла и жиры,106.0,level
2023-08-01,national,masla_i_zhiry,Масла и жиры,103.5,level
2023-09-01,national,masla_i_zhiry,Масла и жиры,99.8,level
2023-10-01,national,masla_i_zhiry,Масла и жиры,98.7,level
2023-11-01,national,masla_i_zhiry,Масла и жиры,98.2,level
2023-12-01,national,masla_i_zhiry,Масла и жиры,97.4,level
2024-01-01,national,masla_i_zhiry,Масла и жиры,96.6,level
2024-02-01,national,masla_i_zhiry,Масла и жиры,95.7,level
2024-03-01,national,masla_i_zhiry,Масла и жиры,94.1,level
2024-04-01,national,masla_i_zhiry,Масла и жиры,94.5,level
2024-05-01,national,masla_i_zhiry,Масла и жиры,94.4,level
2024-06-01,national,masla_i_zhiry,Масла и жиры,95.6,level
2024-07-01,national,masla_i_zhiry,Масла и жиры,96.0,level
2024-08-01,national,masla_i_zhiry,Масла и жиры,97.3,level
2024-09-01,national,masla_i_zhiry,Масла и жиры,98.9,level
2024-10-01,national,masla_i_zhiry,Масла и жиры,100.8,level
2024-11-01,national,masla_i_zhiry,Масла и жиры,103.0,level
2024-12-01,national,masla_i_zhiry,Масла и жиры,105.0,level
2025-01-01,national,masla_i_zhiry,Масла и жиры,108.8,level
2025-02-01,national,masla_i_zhiry,Масла и жиры,110.5,level
2025-03-01,national,masla_i_zhiry,Масла и жиры,113.1,level
2025-04-01,national,masla_i_zhiry,Масла и жиры,114.2,level
2025-05-01,national,masla_i_zhiry,Масла и жиры,115.8,level
2025-06-01,national,masla_i_zhiry,Масла и жиры,117.9,level
2025-07-01,national,masla_i_zhiry,Масла и жиры,120.3,level
2025-08-01,national,masla_i_zhiry,Масла и жиры,120.5,level
2025-09-01,national,masla_i_zhiry,Масла и жиры,119.5,level
2025-10-01,national,masla_i_zhiry,Масла и жиры,118.4,level
2025-11-01,national,masla_i_zhiry,Масла и жиры,116.4,level
2025-12-01,national,masla_i_zhiry,Масла и жиры,114.5,level
2026-01-01,national,masla_i_zhiry,Масла и жиры,112.7,level
2026-02-01,national,masla_i_zhiry,Масла и жиры,112.8,level
2026-03-01,national,masla_i_zhiry,Масла и жиры,112.3,level
2026-04-01,national,masla_i_zhiry,Масла и жиры,112.3,level
2026-05-01,national,masla_i_zhiry,Масла и жиры,111.6,level
2026-06-01,national,masla_i_zhiry,Масла и жиры,110.7,level
2026-07-01,national,masla_i_zhiry,Масла и жиры,110.5,level
2026-08-01,national,masla_i_zhiry,Масла и жиры,109.6,level
2022-10-01,national,maslo_rastitelnoe,Масло растительное,117.1,level
2022-11-01,national,maslo_rastitelnoe,Масло растительное,117.0,level
2022-12-01,national,maslo_rastitelnoe,Масло растительное,117.4,level
2023-01-01,national,maslo_rastitelnoe,Масло растительное,118.0,level
2023-02-01,national,maslo_rastitelnoe,Масло растительное,117.5,level
2023-03-01,national,maslo_rastitelnoe,Масло растительное,113.1,level
2023-04-01,national,maslo_rastitelnoe,Масло растительное,108.6,level
2023-05-01,national,maslo_rastitelnoe,Масло растительное,105.3,level
2023-06-01,national,maslo_rastitelnoe,Масло растительное,99.6,level
2023-07-01,national,maslo_rastitelnoe,Масло растительное,95.8,level
2023-08-01,national,maslo_rastitelnoe,Масло растительное,91.5,level
2023-09-01,national,maslo_rastitelnoe,Масло растительное,85.9,level
2023-10-01,national,maslo_rastitelnoe,Масло растительное,84.7,level
2023-11-01,national,maslo_rastitelnoe,Масло растительное,84.4,level
2023-12-01,national,maslo_rastitelnoe,Масло растительное,82.9,level
2024-01-01,national,maslo_rastitelnoe,Масло растительное,81.2,level
2024-02-01,national,maslo_rastitelnoe,Масло растительное,79.9,level
2024-03-01,national,maslo_rastitelnoe,Масло растительное,76.5,level
2024-04-01,national,maslo_rastitelnoe,Масло растительное,76.3,level
2024-05-01,national,maslo_rastitelnoe,Масло растительное,76.6,level
2024-06-01,national,maslo_rastitelnoe,Масло растительное,79.0,level
2024-07-01,national,maslo_rastitelnoe,Масло растительное,80.5,level
2024-08-01,national,maslo_rastitelnoe,Масло растительное,84.1,level
2024-09-01,national,maslo_rastitelnoe,Масло растительное,89.1,level
2024-10-01,national,maslo_rastitelnoe,Масло растительное,91.9,level
2024-11-01,national,maslo_rastitelnoe,Масло растительное,95.7,level
2024-12-01,national,maslo_rastitelnoe,Масло растительное,99.8,level
2025-01-01,national,maslo_rastitelnoe,Масло растительное,105.1,level
2025-02-01,national,maslo_rastitelnoe,Масло растительное,110.2,level
2025-03-01,national,maslo_rastitelnoe,Масло растительное,117.0,level
2025-04-01,national,maslo_rastitelnoe,Масло растительное,121.1,level
2025-05-01,national,maslo_rastitelnoe,Масло растительное,123.9,level
2025-06-01,national,maslo_rastitelnoe,Масло растительное,127.1,level
2025-07-01,national,maslo_rastitelnoe,Масло растительное,131.2,level
2025-08-01,national,maslo_rastitelnoe,Масло растительное,130.0,level
2025-09-01,national,maslo_rastitelnoe,Масло растительное,126.5,level
2025-10-01,national,maslo_rastitelnoe,Масло растительное,123.8,level
2025-11-01,national,maslo_rastitelnoe,Масло растительное,120.4,level
2025-12-01,national,maslo_rastitelnoe,Масло растительное,117.4,level
2022-10-01,national,maslo_zhivotnoe,Масло животное,123.5,level
2022-11-01,national,maslo_zhivotnoe,Масло животное,124.8,level
2022-12-01,national,maslo_zhivotnoe,Масло животное,125.5,level
2023-01-01,national,maslo_zhivotnoe,Масло животное,126.2,level
2023-02-01,national,maslo_zhivotnoe,Масло животное,127.4,level
2023-03-01,national,maslo_zhivotnoe,Масло животное,121.6,level
2023-04-01,national,maslo_zhivotnoe,Масло животное,120.4,level
2023-05-01,national,maslo_zhivotnoe,Масло животное,118.4,level
2023-06-01,national,maslo_zhivotnoe,Масло животное,116.9,level
2023-07-01,national,maslo_zhivotnoe,Масло животное,116.2,level
2023-08-01,national,maslo_zhivotnoe,Масло животное,115.8,level
2023-09-01,national,maslo_zhivotnoe,Масло животное,114.2,level
2023-10-01,national,maslo_zhivotnoe,Масло животное,113.5,level
2023-11-01,national,maslo_zhivotnoe,Масло животное,112.5,level
2023-12-01,national,maslo_zhivotnoe,Масло животное,112.4,level
2024-01-01,national,maslo_zhivotnoe,Масло животное,112.5,level
2024-02-01,national,maslo_zhivotnoe,Масло животное,111.5,level
2024-03-01,national,maslo_zhivotnoe,Масло животное,111.0,level
2024-04-01,national,maslo_zhivotnoe,Масло животное,111.3,level
2024-05-01,national,maslo_zhivotnoe,Масло животное,110.4,level
2024-06-01,national,maslo_zhivotnoe,Масло животное,109.8,level
2024-07-01,national,maslo_zhivotnoe,Масло животное,108.5,level
2024-08-01,national,maslo_zhivotnoe,Масло животное,107.6,level
2024-09-01,national,maslo_zhivotnoe,Масло животное,106.3,level
2024-10-01,national,maslo_zhivotnoe,Масло животное,107.5,level
2024-11-01,national,maslo_zhivotnoe,Масло животное,108.7,level
2024-12-01,national,maslo_zhivotnoe,Масло животное,109.1,level
2025-01-01,national,maslo_zhivotnoe,Масло животное,112.1,level
2025-02-01,national,maslo_zhivotnoe,Масло животное,111.6,level
2025-03-01,national,maslo_zhivotnoe,Масло животное,111.6,level
2025-04-01,national,maslo_zhivotnoe,Масло животное,110.9,level
2025-05-01,national,maslo_zhivotnoe,Масло животное,111.9,level
2025-06-01,national,maslo_zhivotnoe,Масло животное,113.6,level
2025-07-01,national,maslo_zhivotnoe,Масло животное,115.4,level
2025-08-01,national,maslo_zhivotnoe,Масло животное,116.2,level
2025-09-01,national,maslo_zhivotnoe,Масло животное,116.6,level
2025-10-01,national,maslo_zhivotnoe,Масло животное,116.2,level
2025-11-01,national,maslo_zhivotnoe,Масло животное,114.9,level
2025-12-01,national,maslo_zhivotnoe,Масло животное,113.6,level
2022-10-01,national,materialy_dlya_izgotovleniya_odezhdy,Материалы для изготовления одежды,117.9,level
2022-11-01,national,materialy_dlya_izgotovleniya_odezhdy,Материалы для изготовления одежды,118.6,level
2022-12-01,national,materialy_dlya_izgotovleniya_odezhdy,Материалы для изготовления одежды,118.3,level
2023-01-01,national,materialy_dlya_izgotovleniya_odezhdy,Материалы для изготовления одежды,118.8,level
2023-02-01,national,materialy_dlya_izgotovleniya_odezhdy,Материалы для изготовления одежды,118.3,level
2023-03-01,national,materialy_dlya_izgotovleniya_odezhdy,Материалы для изготовления одежды,116.7,level
2023-04-01,national,materialy_dlya_izgotovleniya_odezhdy,Материалы для изготовления одежды,115.2,level
2023-05-01,national,materialy_dlya_izgotovleniya_odezhdy,Материалы для изготовления одежды,114.2,level
2023-06-01,national,materialy_dlya_izgotovleniya_odezhdy,Материалы для изготовления одежды,110.4,level
2023-07-01,national,materialy_dlya_izgotovleniya_odezhdy,Материалы для изготовления одежды,107.8,level
2023-08-01,national,materialy_dlya_izgotovleniya_odezhdy,Материалы для изготовления одежды,108.0,level
2023-09-01,national,materialy_dlya_izgotovleniya_odezhdy,Материалы для изготовления одежды,107.2,level
2023-10-01,national,materialy_dlya_izgotovleniya_odezhdy,Материалы для изготовления одежды,107.2,level
2023-11-01,national,materialy_dlya_izgotovleniya_odezhdy,Материалы для изготовления одежды,106.7,level
2023-12-01,national,materialy_dlya_izgotovleniya_odezhdy,Материалы для изготовления одежды,107.0,level
2024-01-01,national,materialy_dlya_izgotovleniya_odezhdy,Материалы для изготовления одежды,106.5,level
2024-02-01,national,materialy_dlya_izgotovleniya_odezhdy,Материалы для изготовления одежды,106.7,level
2024-03-01,national,materialy_dlya_izgotovleniya_odezhdy,Материалы для изготовления одежды,107.2,level
2024-04-01,national,materialy_dlya_izgotovleniya_odezhdy,Материалы для изготовления одежды,106.5,level
2024-05-01,national,materialy_dlya_izgotovleniya_odezhdy,Материалы для изготовления одежды,108.5,level
2024-06-01,national,materialy_dlya_izgotovleniya_odezhdy,Материалы для изготовления одежды,108.1,level
2024-07-01,national,materialy_dlya_izgotovleniya_odezhdy,Материалы для изготовления одежды,108.2,level
2024-08-01,national,materialy_dlya_izgotovleniya_odezhdy,Материалы для изготовления одежды,108.9,level
2024-09-01,national,materialy_dlya_izgotovleniya_odezhdy,Материалы для изготовления одежды,108.5,level
2024-10-01,national,materialy_dlya_izgotovleniya_odezhdy,Материалы для изготовления одежды,108.0,level
2024-11-01,national,materialy_dlya_izgotovleniya_odezhdy,Материалы для изготовления одежды,108.5,level
2024-12-01,national,materialy_dlya_izgotovleniya_odezhdy,Материалы для изготовления одежды,107.9,level
2025-01-01,national,materialy_dlya_izgotovleniya_odezhdy,Материалы для изготовления одежды,108.3,level
2025-02-01,national,materialy_dlya_izgotovleniya_odezhdy,Материалы для изготовления одежды,107.9,level
2025-03-01,national,materialy_dlya_izgotovleniya_odezhdy,Материалы для изготовления одежды,107.7,level
2025-04-01,national,materialy_dlya_izgotovleniya_odezhdy,Материалы для изготовления одежды,110.9,level
2025-05-01,national,materialy_dlya_izgotovleniya_odezhdy,Материалы для изготовления одежды,107.3,level
2025-06-01,national,materialy_dlya_izgotovleniya_odezhdy,Материалы для изготовления одежды,108.2,level
2025-07-01,national,materialy_dlya_izgotovleniya_odezhdy,Материалы для изготовления одежды,108.7,level
2025-08-01,national,materialy_dlya_izgotovleniya_odezhdy,Материалы для изготовления одежды,108.3,level
2025-09-01,national,materialy_dlya_izgotovleniya_odezhdy,Материалы для изготовления одежды,108.6,level
2025-10-01,national,materialy_dlya_izgotovleniya_odezhdy,Материалы для изготовления одежды,108.8,level
2025-11-01,national,materialy_dlya_izgotovleniya_odezhdy,Материалы для изготовления одежды,108.5,level
2025-12-01,national,materialy_dlya_izgotovleniya_odezhdy,Материалы для изготовления одежды,108.4,level
2022-10-01,national,materialy_dlya_obsluzhivaniya_i_remonta_zhilykh_pomeshcheniy,Материалы для обслуживания и ремонта жилых помещений,122.4,level
2022-11-01,national,materialy_dlya_obsluzhivaniya_i_remonta_zhilykh_pomeshcheniy,Материалы для обслуживания и ремонта жилых помещений,123.7,level
2022-12-01,national,materialy_dlya_obsluzhivaniya_i_remonta_zhilykh_pomeshcheniy,Материалы для обслуживания и ремонта жилых помещений,124.8,level
2023-01-01,national,materialy_dlya_obsluzhivaniya_i_remonta_zhilykh_pomeshcheniy,Материалы для обслуживания и ремонта жилых помещений,125.7,level
2023-02-01,national,materialy_dlya_obsluzhivaniya_i_remonta_zhilykh_pomeshcheniy,Материалы для обслуживания и ремонта жилых помещений,125.5,level
2023-03-01,national,materialy_dlya_obsluzhivaniya_i_remonta_zhilykh_pomeshcheniy,Материалы для обслуживания и ремонта жилых помещений,121.5,level
2023-04-01,national,materialy_dlya_obsluzhivaniya_i_remonta_zhilykh_pomeshcheniy,Материалы для обслуживания и ремонта жилых помещений,118.3,level
2023-05-01,national,materialy_dlya_obsluzhivaniya_i_remonta_zhilykh_pomeshcheniy,Материалы для обслуживания и ремонта жилых помещений,115.7,level
2023-06-01,national,materialy_dlya_obsluzhivaniya_i_remonta_zhilykh_pomeshcheniy,Материалы для обслуживания и ремонта жилых помещений,113.5,level
2023-07-01,national,materialy_dlya_obsluzhivaniya_i_remonta_zhilykh_pomeshcheniy,Материалы для обслуживания и ремонта жилых помещений,111.5,level
2023-08-01,national,materialy_dlya_obsluzhivaniya_i_remonta_zhilykh_pomeshcheniy,Материалы для обслуживания и ремонта жилых помещений,110.6,level
2023-09-01,national,materialy_dlya_obsluzhivaniya_i_remonta_zhilykh_pomeshcheniy,Материалы для обслуживания и ремонта жилых помещений,109.4,level
2023-10-01,national,materialy_dlya_obsluzhivaniya_i_remonta_zhilykh_pomeshcheniy,Материалы для обслуживания и ремонта жилых помещений,108.4,level
2023-11-01,national,materialy_dlya_obsluzhivaniya_i_remonta_zhilykh_pomeshcheniy,Материалы для обслуживания и ремонта жилых помещений,108.0,level
2023-12-01,national,materialy_dlya_obsluzhivaniya_i_remonta_zhilykh_pomeshcheniy,Материалы для обслуживания и ремонта жилых помещений,107.3,level
2024-01-01,national,materialy_dlya_obsluzhivaniya_i_remonta_zhilykh_pomeshcheniy,Материалы для обслуживания и ремонта жилых помещений,107.3,level
2024-02-01,national,materialy_dlya_obsluzhivaniya_i_remonta_zhilykh_pomeshcheniy,Материалы для обслуживания и ремонта жилых помещений,106.9,level
2024-03-01,national,materialy_dlya_obsluzhivaniya_i_remonta_zhilykh_pomeshcheniy,Материалы для обслуживания и ремонта жилых помещений,106.6,level
2024-04-01,national,materialy_dlya_obsluzhivaniya_i_remonta_zhilykh_pomeshcheniy,Материалы для обслуживания и ремонта жилых помещений,106.3,level
2024-05-01,national,materialy_dlya_obsluzhivaniya_i_remonta_zhilykh_pomeshcheniy,Материалы для обслуживания и ремонта жилых помещений,106.3,level
2024-06-01,national,materialy_dlya_obsluzhivaniya_i_remonta_zhilykh_pomeshcheniy,Материалы для обслуживания и ремонта жилых помещений,106.2,level
2024-07-01,national,materialy_dlya_obsluzhivaniya_i_remonta_zhilykh_pomeshcheniy,Материалы для обслуживания и ремонта жилых помещений,105.9,level
2024-08-01,national,materialy_dlya_obsluzhivaniya_i_remonta_zhilykh_pomeshcheniy,Материалы для обслуживания и ремонта жилых помещений,105.9,level
2024-09-01,national,materialy_dlya_obsluzhivaniya_i_remonta_zhilykh_pomeshcheniy,Материалы для обслуживания и ремонта жилых помещений,106.3,level
2024-10-01,national,materialy_dlya_obsluzhivaniya_i_remonta_zhilykh_pomeshcheniy,Материалы для обслуживания и ремонта жилых помещений,106.3,level
2024-11-01,national,materialy_dlya_obsluzhivaniya_i_remonta_zhilykh_pomeshcheniy,Материалы для обслуживания и ремонта жилых помещений,105.9,level
2024-12-01,national,materialy_dlya_obsluzhivaniya_i_remonta_zhilykh_pomeshcheniy,Материалы для обслуживания и ремонта жилых помещений,105.3,level
2025-01-01,national,materialy_dlya_obsluzhivaniya_i_remonta_zhilykh_pomeshcheniy,Материалы для обслуживания и ремонта жилых помещений,104.9,level
2025-02-01,national,materialy_dlya_obsluzhivaniya_i_remonta_zhilykh_pomeshcheniy,Материалы для обслуживания и ремонта жилых помещений,105.8,level
2025-03-01,national,materialy_dlya_obsluzhivaniya_i_remonta_zhilykh_pomeshcheniy,Материалы для обслуживания и ремонта жилых помещений,105.9,level
2025-04-01,national,materialy_dlya_obsluzhivaniya_i_remonta_zhilykh_pomeshcheniy,Материалы для обслуживания и ремонта жилых помещений,106.0,level
2025-05-01,national,materialy_dlya_obsluzhivaniya_i_remonta_zhilykh_pomeshcheniy,Материалы для обслуживания и ремонта жилых помещений,106.6,level
2025-06-01,national,materialy_dlya_obsluzhivaniya_i_remonta_zhilykh_pomeshcheniy,Материалы для обслуживания и ремонта жилых помещений,106.6,level
2025-07-01,national,materialy_dlya_obsluzhivaniya_i_remonta_zhilykh_pomeshcheniy,Материалы для обслуживания и ремонта жилых помещений,106.9,level
2025-08-01,national,materialy_dlya_obsluzhivaniya_i_remonta_zhilykh_pomeshcheniy,Материалы для обслуживания и ремонта жилых помещений,107.1,level
2025-09-01,national,materialy_dlya_obsluzhivaniya_i_remonta_zhilykh_pomeshcheniy,Материалы для обслуживания и ремонта жилых помещений,107.0,level
2025-10-01,national,materialy_dlya_obsluzhivaniya_i_remonta_zhilykh_pomeshcheniy,Материалы для обслуживания и ремонта жилых помещений,106.9,level
2025-11-01,national,materialy_dlya_obsluzhivaniya_i_remonta_zhilykh_pomeshcheniy,Материалы для обслуживания и ремонта жилых помещений,107.0,level
2025-12-01,national,materialy_dlya_obsluzhivaniya_i_remonta_zhilykh_pomeshcheniy,Материалы для обслуживания и ремонта жилых помещений,106.8,level
2026-01-01,national,mebel_predmety_domashnego_obikhoda_kovry_i_drugie_pokrytiya_dlya_pola_ikh_remont,"Мебель, предметы домашнего обихода, ковры и другие покрытия для пола, их ремонт",103.9,level
2026-02-01,national,mebel_predmety_domashnego_obikhoda_kovry_i_drugie_pokrytiya_dlya_pola_ikh_remont,"Мебель, предметы домашнего обихода, ковры и другие покрытия для пола, их ремонт",102.8,level
2026-03-01,national,mebel_predmety_domashnego_obikhoda_kovry_i_drugie_pokrytiya_dlya_pola_ikh_remont,"Мебель, предметы домашнего обихода, ковры и другие покрытия для пола, их ремонт",103.3,level
2026-04-01,national,mebel_predmety_domashnego_obikhoda_kovry_i_drugie_pokrytiya_dlya_pola_ikh_remont,"Мебель, предметы домашнего обихода, ковры и другие покрытия для пола, их ремонт",104.9,level
2026-05-01,national,mebel_predmety_domashnego_obikhoda_kovry_i_drugie_pokrytiya_dlya_pola_ikh_remont,"Мебель, предметы домашнего обихода, ковры и другие покрытия для пола, их ремонт",104.9,level
2026-06-01,national,mebel_predmety_domashnego_obikhoda_kovry_i_drugie_pokrytiya_dlya_pola_ikh_remont,"Мебель, предметы домашнего обихода, ковры и другие покрытия для пола, их ремонт",108.2,level
2026-07-01,national,mebel_predmety_domashnego_obikhoda_kovry_i_drugie_pokrytiya_dlya_pola_ikh_remont,"Мебель, предметы домашнего обихода, ковры и другие покрытия для пола, их ремонт",107.4,level
2026-08-01,national,mebel_predmety_domashnego_obikhoda_kovry_i_drugie_pokrytiya_dlya_pola_ikh_remont,"Мебель, предметы домашнего обихода, ковры и другие покрытия для пола, их ремонт",109.1,level
2026-01-01,national,medikamenty_lechebnoe_oborudovanie_i_apparatura,"Медикаменты, лечебное оборудование и аппаратура",115.4,level
2026-02-01,national,medikamenty_lechebnoe_oborudovanie_i_apparatura,"Медикаменты, лечебное оборудование и аппаратура",115.6,level
2026-03-01,national,medikamenty_lechebnoe_oborudovanie_i_apparatura,"Медикаменты, лечебное оборудование и аппаратура",116.0,level
2026-04-01,national,medikamenty_lechebnoe_oborudovanie_i_apparatura,"Медикаменты, лечебное оборудование и аппаратура",117.8,level
2026-05-01,national,medikamenty_lechebnoe_oborudovanie_i_apparatura,"Медикаменты, лечебное оборудование и аппаратура",118.9,level
2026-06-01,national,medikamenty_lechebnoe_oborudovanie_i_apparatura,"Медикаменты, лечебное оборудование и аппаратура",119.4,level
2026-07-01,national,medikamenty_lechebnoe_oborudovanie_i_apparatura,"Медикаменты, лечебное оборудование и аппаратура",120.0,level
2026-08-01,national,medikamenty_lechebnoe_oborudovanie_i_apparatura,"Медикаменты, лечебное оборудование и аппаратура",120.8,level
2022-10-01,national,mekhovye_golovnye_ubory,Меховые головные уборы,115.5,level
2022-11-01,national,mekhovye_golovnye_ubory,Меховые головные уборы,117.1,level
2022-12-01,national,mekhovye_golovnye_ubory,Меховые головные уборы,116.7,level
2023-01-01,national,mekhovye_golovnye_ubory,Меховые головные уборы,117.7,level
2023-02-01,national,mekhovye_golovnye_ubory,Меховые головные уборы,117.8,level
2023-03-01,national,mekhovye_golovnye_ubory,Меховые головные уборы,118.8,level
2023-04-01,national,mekhovye_golovnye_ubory,Меховые головные уборы,118.7,level
2023-05-01,national,mekhovye_golovnye_ubory,Меховые головные уборы,118.2,level
2023-06-01,national,mekhovye_golovnye_ubory,Меховые головные уборы,118.3,level
2023-07-01,national,mekhovye_golovnye_ubory,Меховые головные уборы,118.2,level
2023-08-01,national,mekhovye_golovnye_ubory,Меховые головные уборы,117.6,level
2023-09-01,national,mekhovye_golovnye_ubory,Меховые головные уборы,114.3,level
2023-10-01,national,mekhovye_golovnye_ubory,Меховые головные уборы,109.9,level
2023-11-01,national,mekhovye_golovnye_ubory,Меховые головные уборы,109.2,level
2023-12-01,national,mekhovye_golovnye_ubory,Меховые головные уборы,110.3,level
2024-01-01,national,mekhovye_golovnye_ubory,Меховые головные уборы,109.6,level
2024-02-01,national,mekhovye_golovnye_ubory,Меховые головные уборы,109.8,level
2024-03-01,national,mekhovye_golovnye_ubory,Меховые головные уборы,109.1,level
2024-04-01,national,mekhovye_golovnye_ubory,Меховые головные уборы,109.1,level
2024-05-01,national,mekhovye_golovnye_ubory,Меховые головные уборы,109.7,level
2024-06-01,national,mekhovye_golovnye_ubory,Меховые головные уборы,109.4,level
2024-07-01,national,mekhovye_golovnye_ubory,Меховые головные уборы,109.7,level
2024-08-01,national,mekhovye_golovnye_ubory,Меховые головные уборы,109.9,level
2024-09-01,national,mekhovye_golovnye_ubory,Меховые головные уборы,110.9,level
2024-10-01,national,mekhovye_golovnye_ubory,Меховые головные уборы,112.3,level
2024-11-01,national,mekhovye_golovnye_ubory,Меховые головные уборы,112.2,level
2024-12-01,national,mekhovye_golovnye_ubory,Меховые головные уборы,111.3,level
2025-01-01,national,mekhovye_golovnye_ubory,Меховые головные уборы,111.7,level
2025-02-01,national,mekhovye_golovnye_ubory,Меховые головные уборы,111.4,level
2025-03-01,national,mekhovye_golovnye_ubory,Меховые головные уборы,111.5,level
2025-04-01,national,mekhovye_golovnye_ubory,Меховые головные уборы,111.1,level
2025-05-01,national,mekhovye_golovnye_ubory,Меховые головные уборы,110.7,level
2025-06-01,national,mekhovye_golovnye_ubory,Меховые головные уборы,111.0,level
2025-07-01,national,mekhovye_golovnye_ubory,Меховые головные уборы,110.9,level
2025-08-01,national,mekhovye_golovnye_ubory,Меховые головные уборы,110.6,level
2025-09-01,national,mekhovye_golovnye_ubory,Меховые головные уборы,109.8,level
2025-10-01,national,mekhovye_golovnye_ubory,Меховые головные уборы,108.4,level
2025-11-01,national,mekhovye_golovnye_ubory,Меховые головные уборы,108.5,level
2025-12-01,national,mekhovye_golovnye_ubory,Меховые головные уборы,107.9,level
2022-10-01,national,melkie_elektrobytovye_pribory,Мелкие электробытовые приборы,121.6,level
2022-11-01,national,melkie_elektrobytovye_pribory,Мелкие электробытовые приборы,123.1,level
2022-12-01,national,melkie_elektrobytovye_pribory,Мелкие электробытовые приборы,125.1,level
2023-01-01,national,melkie_elektrobytovye_pribory,Мелкие электробытовые приборы,125.4,level
2023-02-01,national,melkie_elektrobytovye_pribory,Мелкие электробытовые приборы,126.4,level
2023-03-01,national,melkie_elektrobytovye_pribory,Мелкие электробытовые приборы,120.0,level
2023-04-01,national,melkie_elektrobytovye_pribory,Мелкие электробытовые приборы,118.6,level
2023-05-01,national,melkie_elektrobytovye_pribory,Мелкие электробытовые приборы,117.7,level
2023-06-01,national,melkie_elektrobytovye_pribory,Мелкие электробытовые приборы,117.0,level
2023-07-01,national,melkie_elektrobytovye_pribory,Мелкие электробытовые приборы,115.6,level
2023-08-01,national,melkie_elektrobytovye_pribory,Мелкие электробытовые приборы,114.0,level
2023-09-01,national,melkie_elektrobytovye_pribory,Мелкие электробытовые приборы,113.4,level
2023-10-01,national,melkie_elektrobytovye_pribory,Мелкие электробытовые приборы,112.3,level
2023-11-01,national,melkie_elektrobytovye_pribory,Мелкие электробытовые приборы,110.7,level
2023-12-01,national,melkie_elektrobytovye_pribory,Мелкие электробытовые приборы,108.9,level
2024-01-01,national,melkie_elektrobytovye_pribory,Мелкие электробытовые приборы,108.7,level
2024-02-01,national,melkie_elektrobytovye_pribory,Мелкие электробытовые приборы,107.0,level
2024-03-01,national,melkie_elektrobytovye_pribory,Мелкие электробытовые приборы,109.3,level
2024-04-01,national,melkie_elektrobytovye_pribory,Мелкие электробытовые приборы,108.2,level
2024-05-01,national,melkie_elektrobytovye_pribory,Мелкие электробытовые приборы,105.9,level
2024-06-01,national,melkie_elektrobytovye_pribory,Мелкие электробытовые приборы,99.4,level
2024-07-01,national,melkie_elektrobytovye_pribory,Мелкие электробытовые приборы,91.8,level
2024-08-01,national,melkie_elektrobytovye_pribory,Мелкие электробытовые приборы,94.1,level
2024-09-01,national,melkie_elektrobytovye_pribory,Мелкие электробытовые приборы,85.8,level
2024-10-01,national,melkie_elektrobytovye_pribory,Мелкие электробытовые приборы,83.6,level
2024-11-01,national,melkie_elektrobytovye_pribory,Мелкие электробытовые приборы,80.9,level
2024-12-01,national,melkie_elektrobytovye_pribory,Мелкие электробытовые приборы,79.9,level
2025-01-01,national,melkie_elektrobytovye_pribory,Мелкие электробытовые приборы,82.9,level
2025-02-01,national,melkie_elektrobytovye_pribory,Мелкие электробытовые приборы,82.4,level
2025-03-01,national,melkie_elektrobytovye_pribory,Мелкие электробытовые приборы,80.7,level
2025-04-01,national,melkie_elektrobytovye_pribory,Мелкие электробытовые приборы,81.6,level
2025-05-01,national,melkie_elektrobytovye_pribory,Мелкие электробытовые приборы,82.9,level
2025-06-01,national,melkie_elektrobytovye_pribory,Мелкие электробытовые приборы,85.1,level
2025-07-01,national,melkie_elektrobytovye_pribory,Мелкие электробытовые приборы,92.9,level
2025-08-01,national,melkie_elektrobytovye_pribory,Мелкие электробытовые приборы,90.5,level
2025-09-01,national,melkie_elektrobytovye_pribory,Мелкие электробытовые приборы,101.7,level
2025-10-01,national,melkie_elektrobytovye_pribory,Мелкие электробытовые приборы,104.0,level
2025-11-01,national,melkie_elektrobytovye_pribory,Мелкие электробытовые приборы,109.3,level
2025-12-01,national,melkie_elektrobytovye_pribory,Мелкие электробытовые приборы,110.8,level
2026-01-01,national,melkie_elektrobytovye_pribory,Мелкие электробытовые приборы,112.1,level
2026-02-01,national,melkie_elektrobytovye_pribory,Мелкие электробытовые приборы,113.8,level
2026-03-01,national,melkie_elektrobytovye_pribory,Мелкие электробытовые приборы,112.9,level
2026-04-01,national,melkie_elektrobytovye_pribory,Мелкие электробытовые приборы,112.1,level
2026-05-01,national,melkie_elektrobytovye_pribory,Мелкие электробытовые приборы,114.2,level
2026-06-01,national,melkie_elektrobytovye_pribory,Мелкие электробытовые приборы,114.8,level
2026-07-01,national,melkie_elektrobytovye_pribory,Мелкие электробытовые приборы,114.4,level
2026-08-01,national,melkie_elektrobytovye_pribory,Мелкие электробытовые приборы,114.7,level
2022-10-01,national,melkie_predmety_domashnego_obikhoda,Мелкие предметы домашнего обихода,121.9,level
2022-11-01,national,melkie_predmety_domashnego_obikhoda,Мелкие предметы домашнего обихода,123.5,level
2022-12-01,national,melkie_predmety_domashnego_obikhoda,Мелкие предметы домашнего обихода,124.3,level
2023-01-01,national,melkie_predmety_domashnego_obikhoda,Мелкие предметы домашнего обихода,126.8,level
2023-02-01,national,melkie_predmety_domashnego_obikhoda,Мелкие предметы домашнего обихода,128.1,level
2023-03-01,national,melkie_predmety_domashnego_obikhoda,Мелкие предметы домашнего обихода,126.6,level
2023-04-01,national,melkie_predmety_domashnego_obikhoda,Мелкие предметы домашнего обихода,124.7,level
2023-05-01,national,melkie_predmety_domashnego_obikhoda,Мелкие предметы домашнего обихода,122.9,level
2023-06-01,national,melkie_predmety_domashnego_obikhoda,Мелкие предметы домашнего обихода,118.9,level
2023-07-01,national,melkie_predmety_domashnego_obikhoda,Мелкие предметы домашнего обихода,116.8,level
2023-08-01,national,melkie_predmety_domashnego_obikhoda,Мелкие предметы домашнего обихода,116.2,level
2023-09-01,national,melkie_predmety_domashnego_obikhoda,Мелкие предметы домашнего обихода,114.8,level
2023-10-01,national,melkie_predmety_domashnego_obikhoda,Мелкие предметы домашнего обихода,112.6,level
2023-11-01,national,melkie_predmety_domashnego_obikhoda,Мелкие предметы домашнего обихода,111.4,level
2023-12-01,national,melkie_predmety_domashnego_obikhoda,Мелкие предметы домашнего обихода,110.9,level
2024-01-01,national,melkie_predmety_domashnego_obikhoda,Мелкие предметы домашнего обихода,109.4,level
2024-02-01,national,melkie_predmety_domashnego_obikhoda,Мелкие предметы домашнего обихода,108.8,level
2024-03-01,national,melkie_predmety_domashnego_obikhoda,Мелкие предметы домашнего обихода,106.2,level
2024-04-01,national,melkie_predmety_domashnego_obikhoda,Мелкие предметы домашнего обихода,106.1,level
2024-05-01,national,melkie_predmety_domashnego_obikhoda,Мелкие предметы домашнего обихода,106.1,level
2024-06-01,national,melkie_predmety_domashnego_obikhoda,Мелкие предметы домашнего обихода,104.6,level
2024-07-01,national,melkie_predmety_domashnego_obikhoda,Мелкие предметы домашнего обихода,104.6,level
2024-08-01,national,melkie_predmety_domashnego_obikhoda,Мелкие предметы домашнего обихода,105.9,level
2024-09-01,national,melkie_predmety_domashnego_obikhoda,Мелкие предметы домашнего обихода,106.3,level
2024-10-01,national,melkie_predmety_domashnego_obikhoda,Мелкие предметы домашнего обихода,106.3,level
2024-11-01,national,melkie_predmety_domashnego_obikhoda,Мелкие предметы домашнего обихода,106.4,level
2024-12-01,national,melkie_predmety_domashnego_obikhoda,Мелкие предметы домашнего обихода,106.4,level
2025-01-01,national,melkie_predmety_domashnego_obikhoda,Мелкие предметы домашнего обихода,105.4,level
2025-02-01,national,melkie_predmety_domashnego_obikhoda,Мелкие предметы домашнего обихода,105.0,level
2025-03-01,national,melkie_predmety_domashnego_obikhoda,Мелкие предметы домашнего обихода,107.9,level
2025-04-01,national,melkie_predmety_domashnego_obikhoda,Мелкие предметы домашнего обихода,107.0,level
2025-05-01,national,melkie_predmety_domashnego_obikhoda,Мелкие предметы домашнего обихода,106.7,level
2025-06-01,national,melkie_predmety_domashnego_obikhoda,Мелкие предметы домашнего обихода,107.6,level
2025-07-01,national,melkie_predmety_domashnego_obikhoda,Мелкие предметы домашнего обихода,107.7,level
2025-08-01,national,melkie_predmety_domashnego_obikhoda,Мелкие предметы домашнего обихода,107.3,level
2025-09-01,national,melkie_predmety_domashnego_obikhoda,Мелкие предметы домашнего обихода,107.5,level
2025-10-01,national,melkie_predmety_domashnego_obikhoda,Мелкие предметы домашнего обихода,108.2,level
2025-11-01,national,melkie_predmety_domashnego_obikhoda,Мелкие предметы домашнего обихода,108.5,level
2025-12-01,national,melkie_predmety_domashnego_obikhoda,Мелкие предметы домашнего обихода,108.6,level
2022-10-01,national,mineralnaya_voda_prokhladitelnye_napitki_fruktovye_i_ovoshchnye_soki,"Минеральная вода, прохладительные напитки, фруктовые и овощные соки",128.0,level
2022-11-01,national,mineralnaya_voda_prokhladitelnye_napitki_fruktovye_i_ovoshchnye_soki,"Минеральная вода, прохладительные напитки, фруктовые и овощные соки",129.1,level
2022-12-01,national,mineralnaya_voda_prokhladitelnye_napitki_fruktovye_i_ovoshchnye_soki,"Минеральная вода, прохладительные напитки, фруктовые и овощные соки",129.7,level
2023-01-01,national,mineralnaya_voda_prokhladitelnye_napitki_fruktovye_i_ovoshchnye_soki,"Минеральная вода, прохладительные напитки, фруктовые и овощные соки",130.8,level
2023-02-01,national,mineralnaya_voda_prokhladitelnye_napitki_fruktovye_i_ovoshchnye_soki,"Минеральная вода, прохладительные напитки, фруктовые и овощные соки",130.5,level
2023-03-01,national,mineralnaya_voda_prokhladitelnye_napitki_fruktovye_i_ovoshchnye_soki,"Минеральная вода, прохладительные напитки, фруктовые и овощные соки",127.8,level
2023-04-01,national,mineralnaya_voda_prokhladitelnye_napitki_fruktovye_i_ovoshchnye_soki,"Минеральная вода, прохладительные напитки, фруктовые и овощные соки",126.5,level
2023-05-01,national,mineralnaya_voda_prokhladitelnye_napitki_fruktovye_i_ovoshchnye_soki,"Минеральная вода, прохладительные напитки, фруктовые и овощные соки",125.0,level
2023-06-01,national,mineralnaya_voda_prokhladitelnye_napitki_fruktovye_i_ovoshchnye_soki,"Минеральная вода, прохладительные напитки, фруктовые и овощные соки",124.3,level
2023-07-01,national,mineralnaya_voda_prokhladitelnye_napitki_fruktovye_i_ovoshchnye_soki,"Минеральная вода, прохладительные напитки, фруктовые и овощные соки",122.3,level
2023-08-01,national,mineralnaya_voda_prokhladitelnye_napitki_fruktovye_i_ovoshchnye_soki,"Минеральная вода, прохладительные напитки, фруктовые и овощные соки",120.1,level
2023-09-01,national,mineralnaya_voda_prokhladitelnye_napitki_fruktovye_i_ovoshchnye_soki,"Минеральная вода, прохладительные напитки, фруктовые и овощные соки",117.9,level
2023-10-01,national,mineralnaya_voda_prokhladitelnye_napitki_fruktovye_i_ovoshchnye_soki,"Минеральная вода, прохладительные напитки, фруктовые и овощные соки",117.1,level
2023-11-01,national,mineralnaya_voda_prokhladitelnye_napitki_fruktovye_i_ovoshchnye_soki,"Минеральная вода, прохладительные напитки, фруктовые и овощные соки",116.1,level
2023-12-01,national,mineralnaya_voda_prokhladitelnye_napitki_fruktovye_i_ovoshchnye_soki,"Минеральная вода, прохладительные напитки, фруктовые и овощные соки",115.2,level
2024-01-01,national,mineralnaya_voda_prokhladitelnye_napitki_fruktovye_i_ovoshchnye_soki,"Минеральная вода, прохладительные напитки, фруктовые и овощные соки",114.5,level
2024-02-01,national,mineralnaya_voda_prokhladitelnye_napitki_fruktovye_i_ovoshchnye_soki,"Минеральная вода, прохладительные напитки, фруктовые и овощные соки",114.5,level
2024-03-01,national,mineralnaya_voda_prokhladitelnye_napitki_fruktovye_i_ovoshchnye_soki,"Минеральная вода, прохладительные напитки, фруктовые и овощные соки",114.1,level
2024-04-01,national,mineralnaya_voda_prokhladitelnye_napitki_fruktovye_i_ovoshchnye_soki,"Минеральная вода, прохладительные напитки, фруктовые и овощные соки",113.4,level
2024-05-01,national,mineralnaya_voda_prokhladitelnye_napitki_fruktovye_i_ovoshchnye_soki,"Минеральная вода, прохладительные напитки, фруктовые и овощные соки",113.1,level
2024-06-01,national,mineralnaya_voda_prokhladitelnye_napitki_fruktovye_i_ovoshchnye_soki,"Минеральная вода, прохладительные напитки, фруктовые и овощные соки",112.2,level
2024-07-01,national,mineralnaya_voda_prokhladitelnye_napitki_fruktovye_i_ovoshchnye_soki,"Минеральная вода, прохладительные напитки, фруктовые и овощные соки",112.5,level
2024-08-01,national,mineralnaya_voda_prokhladitelnye_napitki_fruktovye_i_ovoshchnye_soki,"Минеральная вода, прохладительные напитки, фруктовые и овощные соки",111.9,level
2024-09-01,national,mineralnaya_voda_prokhladitelnye_napitki_fruktovye_i_ovoshchnye_soki,"Минеральная вода, прохладительные напитки, фруктовые и овощные соки",111.7,level
2024-10-01,national,mineralnaya_voda_prokhladitelnye_napitki_fruktovye_i_ovoshchnye_soki,"Минеральная вода, прохладительные напитки, фруктовые и овощные соки",111.4,level
2024-11-01,national,mineralnaya_voda_prokhladitelnye_napitki_fruktovye_i_ovoshchnye_soki,"Минеральная вода, прохладительные напитки, фруктовые и овощные соки",111.2,level
2024-12-01,national,mineralnaya_voda_prokhladitelnye_napitki_fruktovye_i_ovoshchnye_soki,"Минеральная вода, прохладительные напитки, фруктовые и овощные соки",111.7,level
2025-01-01,national,mineralnaya_voda_prokhladitelnye_napitki_fruktovye_i_ovoshchnye_soki,"Минеральная вода, прохладительные напитки, фруктовые и овощные соки",112.4,level
2025-02-01,national,mineralnaya_voda_prokhladitelnye_napitki_fruktovye_i_ovoshchnye_soki,"Минеральная вода, прохладительные напитки, фруктовые и овощные соки",112.4,level
2025-03-01,national,mineralnaya_voda_prokhladitelnye_napitki_fruktovye_i_ovoshchnye_soki,"Минеральная вода, прохладительные напитки, фруктовые и овощные соки",112.3,level
2025-04-01,national,mineralnaya_voda_prokhladitelnye_napitki_fruktovye_i_ovoshchnye_soki,"Минеральная вода, прохладительные напитки, фруктовые и овощные соки",112.1,level
2025-05-01,national,mineralnaya_voda_prokhladitelnye_napitki_fruktovye_i_ovoshchnye_soki,"Минеральная вода, прохладительные напитки, фруктовые и овощные соки",112.3,level
2025-06-01,national,mineralnaya_voda_prokhladitelnye_napitki_fruktovye_i_ovoshchnye_soki,"Минеральная вода, прохладительные напитки, фруктовые и овощные соки",112.1,level
2025-07-01,national,mineralnaya_voda_prokhladitelnye_napitki_fruktovye_i_ovoshchnye_soki,"Минеральная вода, прохладительные напитки, фруктовые и овощные соки",112.4,level
2025-08-01,national,mineralnaya_voda_prokhladitelnye_napitki_fruktovye_i_ovoshchnye_soki,"Минеральная вода, прохладительные напитки, фруктовые и овощные соки",113.2,level
2025-09-01,national,mineralnaya_voda_prokhladitelnye_napitki_fruktovye_i_ovoshchnye_soki,"Минеральная вода, прохладительные напитки, фруктовые и овощные соки",114.6,level
2025-10-01,national,mineralnaya_voda_prokhladitelnye_napitki_fruktovye_i_ovoshchnye_soki,"Минеральная вода, прохладительные напитки, фруктовые и овощные соки",115.5,level
2025-11-01,national,mineralnaya_voda_prokhladitelnye_napitki_fruktovye_i_ovoshchnye_soki,"Минеральная вода, прохладительные напитки, фруктовые и овощные соки",115.9,level
2025-12-01,national,mineralnaya_voda_prokhladitelnye_napitki_fruktovye_i_ovoshchnye_soki,"Минеральная вода, прохладительные напитки, фруктовые и овощные соки",116.0,level
2022-10-01,national,molochnye_izdeliya_syr_i_yaytsa,"Молочные изделия, сыр и яйца",125.9,level
2022-11-01,national,molochnye_izdeliya_syr_i_yaytsa,"Молочные изделия, сыр и яйца",128.3,level
2022-12-01,national,molochnye_izdeliya_syr_i_yaytsa,"Молочные изделия, сыр и яйца",129.9,level
2023-01-01,national,molochnye_izdeliya_syr_i_yaytsa,"Молочные изделия, сыр и яйца",131.3,level
2023-02-01,national,molochnye_izdeliya_syr_i_yaytsa,"Молочные изделия, сыр и яйца",132.0,level
2023-03-01,national,molochnye_izdeliya_syr_i_yaytsa,"Молочные изделия, сыр и яйца",128.0,level
2023-04-01,national,molochnye_izdeliya_syr_i_yaytsa,"Молочные изделия, сыр и яйца",126.1,level
2023-05-01,national,molochnye_izdeliya_syr_i_yaytsa,"Молочные изделия, сыр и яйца",123.9,level
2023-06-01,national,molochnye_izdeliya_syr_i_yaytsa,"Молочные изделия, сыр и яйца",121.0,level
2023-07-01,national,molochnye_izdeliya_syr_i_yaytsa,"Молочные изделия, сыр и яйца",119.4,level
2023-08-01,national,molochnye_izdeliya_syr_i_yaytsa,"Молочные изделия, сыр и яйца",117.3,level
2023-09-01,national,molochnye_izdeliya_syr_i_yaytsa,"Молочные изделия, сыр и яйца",114.9,level
2023-10-01,national,molochnye_izdeliya_syr_i_yaytsa,"Молочные изделия, сыр и яйца",113.8,level
2023-11-01,national,molochnye_izdeliya_syr_i_yaytsa,"Молочные изделия, сыр и яйца",112.1,level
2023-12-01,national,molochnye_izdeliya_syr_i_yaytsa,"Молочные изделия, сыр и яйца",111.7,level
2024-01-01,national,molochnye_izdeliya_syr_i_yaytsa,"Молочные изделия, сыр и яйца",112.0,level
2024-02-01,national,molochnye_izdeliya_syr_i_yaytsa,"Молочные изделия, сыр и яйца",112.0,level
2024-03-01,national,molochnye_izdeliya_syr_i_yaytsa,"Молочные изделия, сыр и яйца",111.5,level
2024-04-01,national,molochnye_izdeliya_syr_i_yaytsa,"Молочные изделия, сыр и яйца",109.5,level
2024-05-01,national,molochnye_izdeliya_syr_i_yaytsa,"Молочные изделия, сыр и яйца",106.6,level
2024-06-01,national,molochnye_izdeliya_syr_i_yaytsa,"Молочные изделия, сыр и яйца",107.2,level
2024-07-01,national,molochnye_izdeliya_syr_i_yaytsa,"Молочные изделия, сыр и яйца",106.4,level
2024-08-01,national,molochnye_izdeliya_syr_i_yaytsa,"Молочные изделия, сыр и яйца",105.9,level
2024-09-01,national,molochnye_izdeliya_syr_i_yaytsa,"Молочные изделия, сыр и яйца",106.5,level
2024-10-01,national,molochnye_izdeliya_syr_i_yaytsa,"Молочные изделия, сыр и яйца",106.1,level
2024-11-01,national,molochnye_izdeliya_syr_i_yaytsa,"Молочные изделия, сыр и яйца",105.4,level
2024-12-01,national,molochnye_izdeliya_syr_i_yaytsa,"Молочные изделия, сыр и яйца",104.9,level
2025-01-01,national,molochnye_izdeliya_syr_i_yaytsa,"Молочные изделия, сыр и яйца",103.9,level
2025-02-01,national,molochnye_izdeliya_syr_i_yaytsa,"Молочные изделия, сыр и яйца",103.1,level
2025-03-01,national,molochnye_izdeliya_syr_i_yaytsa,"Молочные изделия, сыр и яйца",102.4,level
2025-04-01,national,molochnye_izdeliya_syr_i_yaytsa,"Молочные изделия, сыр и яйца",103.2,level
2025-05-01,national,molochnye_izdeliya_syr_i_yaytsa,"Молочные изделия, сыр и яйца",105.8,level
2025-06-01,national,molochnye_izdeliya_syr_i_yaytsa,"Молочные изделия, сыр и яйца",105.6,level
2025-07-01,national,molochnye_izdeliya_syr_i_yaytsa,"Молочные изделия, сыр и яйца",106.3,level
2025-08-01,national,molochnye_izdeliya_syr_i_yaytsa,"Молочные изделия, сыр и яйца",108.5,level
2025-09-01,national,molochnye_izdeliya_syr_i_yaytsa,"Молочные изделия, сыр и яйца",108.6,level
2025-10-01,national,molochnye_izdeliya_syr_i_yaytsa,"Молочные изделия, сыр и яйца",109.0,level
2025-11-01,national,molochnye_izdeliya_syr_i_yaytsa,"Молочные изделия, сыр и яйца",109.1,level
2025-12-01,national,molochnye_izdeliya_syr_i_yaytsa,"Молочные изделия, сыр и яйца",109.2,level
2026-01-01,national,molochnye_izdeliya_syr_i_yaytsa,"Молочные изделия, сыр и яйца",109.4,level
2026-02-01,national,molochnye_izdeliya_syr_i_yaytsa,"Молочные изделия, сыр и яйца",110.6,level
2026-03-01,national,molochnye_izdeliya_syr_i_yaytsa,"Молочные изделия, сыр и яйца",111.9,level
2026-04-01,national,molochnye_izdeliya_syr_i_yaytsa,"Молочные изделия, сыр и яйца",112.5,level
2026-05-01,national,molochnye_izdeliya_syr_i_yaytsa,"Молочные изделия, сыр и яйца",112.9,level
2026-06-01,national,molochnye_izdeliya_syr_i_yaytsa,"Молочные изделия, сыр и яйца",112.4,level
2026-07-01,national,molochnye_izdeliya_syr_i_yaytsa,"Молочные изделия, сыр и яйца",112.1,level
2026-08-01,national,molochnye_izdeliya_syr_i_yaytsa,"Молочные изделия, сыр и яйца",110.3,level
2022-10-01,national,molochnye_produkty,Молочные продукты,128.2,level
2022-11-01,national,molochnye_produkty,Молочные продукты,130.0,level
2022-12-01,national,molochnye_produkty,Молочные продукты,131.3,level
2023-01-01,national,molochnye_produkty,Молочные продукты,132.4,level
2023-02-01,national,molochnye_produkty,Молочные продукты,132.8,level
2023-03-01,national,molochnye_produkty,Молочные продукты,129.1,level
2023-04-01,national,molochnye_produkty,Молочные продукты,126.9,level
2023-05-01,national,molochnye_produkty,Молочные продукты,123.6,level
2023-06-01,national,molochnye_produkty,Молочные продукты,121.9,level
2023-07-01,national,molochnye_produkty,Молочные продукты,120.6,level
2023-08-01,national,molochnye_produkty,Молочные продукты,118.4,level
2023-09-01,national,molochnye_produkty,Молочные продукты,116.1,level
2023-10-01,national,molochnye_produkty,Молочные продукты,114.6,level
2023-11-01,national,molochnye_produkty,Молочные продукты,112.4,level
2023-12-01,national,molochnye_produkty,Молочные продукты,111.2,level
2024-01-01,national,molochnye_produkty,Молочные продукты,110.4,level
2024-02-01,national,molochnye_produkty,Молочные продукты,110.0,level
2024-03-01,national,molochnye_produkty,Молочные продукты,109.1,level
2024-04-01,national,molochnye_produkty,Молочные продукты,108.0,level
2024-05-01,national,molochnye_produkty,Молочные продукты,106.9,level
2024-06-01,national,molochnye_produkty,Молочные продукты,106.1,level
2024-07-01,national,molochnye_produkty,Молочные продукты,105.6,level
2024-08-01,national,molochnye_produkty,Молочные продукты,105.4,level
2024-09-01,national,molochnye_produkty,Молочные продукты,105.3,level
2024-10-01,national,molochnye_produkty,Молочные продукты,105.3,level
2024-11-01,national,molochnye_produkty,Молочные продукты,105.7,level
2024-12-01,national,molochnye_produkty,Молочные продукты,106.1,level
2025-01-01,national,molochnye_produkty,Молочные продукты,106.3,level
2025-02-01,national,molochnye_produkty,Молочные продукты,106.1,level
2025-03-01,national,molochnye_produkty,Молочные продукты,106.1,level
2025-04-01,national,molochnye_produkty,Молочные продукты,106.2,level
2025-05-01,national,molochnye_produkty,Молочные продукты,107.0,level
2025-06-01,national,molochnye_produkty,Молочные продукты,107.6,level
2025-07-01,national,molochnye_produkty,Молочные продукты,108.2,level
2025-08-01,national,molochnye_produkty,Молочные продукты,108.6,level
2025-09-01,national,molochnye_produkty,Молочные продукты,109.5,level
2025-10-01,national,molochnye_produkty,Молочные продукты,110.6,level
2025-11-01,national,molochnye_produkty,Молочные продукты,110.8,level
2025-12-01,national,molochnye_produkty,Молочные продукты,111.2,level
2022-10-01,national,mototsikly,Мотоциклы,127.0,level
2022-11-01,national,mototsikly,Мотоциклы,128.0,level
2022-12-01,national,mototsikly,Мотоциклы,124.9,level
2023-01-01,national,mototsikly,Мотоциклы,122.9,level
2023-02-01,national,mototsikly,Мотоциклы,121.5,level
2023-03-01,national,mototsikly,Мотоциклы,118.3,level
2023-04-01,national,mototsikly,Мотоциклы,115.7,level
2023-05-01,national,mototsikly,Мотоциклы,116.3,level
2023-06-01,national,mototsikly,Мотоциклы,115.6,level
2023-07-01,national,mototsikly,Мотоциклы,116.1,level
2023-08-01,national,mototsikly,Мотоциклы,113.1,level
2023-09-01,national,mototsikly,Мотоциклы,113.3,level
2023-10-01,national,mototsikly,Мотоциклы,113.6,level
2023-11-01,national,mototsikly,Мотоциклы,115.1,level
2023-12-01,national,mototsikly,Мотоциклы,112.9,level
2024-01-01,national,mototsikly,Мотоциклы,112.7,level
2024-02-01,national,mototsikly,Мотоциклы,114.4,level
2024-03-01,national,mototsikly,Мотоциклы,113.3,level
2024-04-01,national,mototsikly,Мотоциклы,114.1,level
2024-05-01,national,mototsikly,Мотоциклы,111.1,level
2024-06-01,national,mototsikly,Мотоциклы,109.5,level
2024-07-01,national,mototsikly,Мотоциклы,109.4,level
2024-08-01,national,mototsikly,Мотоциклы,108.4,level
2024-09-01,national,mototsikly,Мотоциклы,108.0,level
2024-10-01,national,mototsikly,Мотоциклы,107.3,level
2024-11-01,national,mototsikly,Мотоциклы,106.3,level
2024-12-01,national,mototsikly,Мотоциклы,108.5,level
2025-01-01,national,mototsikly,Мотоциклы,108.1,level
2025-02-01,national,mototsikly,Мотоциклы,107.3,level
2025-03-01,national,mototsikly,Мотоциклы,108.0,level
2025-04-01,national,mototsikly,Мотоциклы,106.7,level
2025-05-01,national,mototsikly,Мотоциклы,106.0,level
2025-06-01,national,mototsikly,Мотоциклы,110.4,level
2025-07-01,national,mototsikly,Мотоциклы,105.4,level
2025-08-01,national,mototsikly,Мотоциклы,105.4,level
2025-09-01,national,mototsikly,Мотоциклы,105.4,level
2025-10-01,national,mototsikly,Мотоциклы,105.1,level
2025-11-01,national,mototsikly,Мотоциклы,103.6,level
2025-12-01,national,mototsikly,Мотоциклы,103.1,level
2022-10-01,national,moyushchie_i_chistyashchie_sredstva,Моющие и чистящие средства,137.8,level
2022-11-01,national,moyushchie_i_chistyashchie_sredstva,Моющие и чистящие средства,143.3,level
2022-12-01,national,moyushchie_i_chistyashchie_sredstva,Моющие и чистящие средства,147.8,level
2023-01-01,national,moyushchie_i_chistyashchie_sredstva,Моющие и чистящие средства,151.5,level
2023-02-01,national,moyushchie_i_chistyashchie_sredstva,Моющие и чистящие средства,153.9,level
2023-03-01,national,moyushchie_i_chistyashchie_sredstva,Моющие и чистящие средства,147.8,level
2023-04-01,national,moyushchie_i_chistyashchie_sredstva,Моющие и чистящие средства,144.7,level
2023-05-01,national,moyushchie_i_chistyashchie_sredstva,Моющие и чистящие средства,140.5,level
2023-06-01,national,moyushchie_i_chistyashchie_sredstva,Моющие и чистящие средства,136.2,level
2023-07-01,national,moyushchie_i_chistyashchie_sredstva,Моющие и чистящие средства,132.7,level
2023-08-01,national,moyushchie_i_chistyashchie_sredstva,Моющие и чистящие средства,128.3,level
2023-09-01,national,moyushchie_i_chistyashchie_sredstva,Моющие и чистящие средства,120.3,level
2023-10-01,national,moyushchie_i_chistyashchie_sredstva,Моющие и чистящие средства,113.9,level
2023-11-01,national,moyushchie_i_chistyashchie_sredstva,Моющие и чистящие средства,109.4,level
2023-12-01,national,moyushchie_i_chistyashchie_sredstva,Моющие и чистящие средства,105.9,level
2024-01-01,national,moyushchie_i_chistyashchie_sredstva,Моющие и чистящие средства,103.0,level
2024-02-01,national,moyushchie_i_chistyashchie_sredstva,Моющие и чистящие средства,101.2,level
2024-03-01,national,moyushchie_i_chistyashchie_sredstva,Моющие и чистящие средства,100.1,level
2024-04-01,national,moyushchie_i_chistyashchie_sredstva,Моющие и чистящие средства,98.8,level
2024-05-01,national,moyushchie_i_chistyashchie_sredstva,Моющие и чистящие средства,98.1,level
2024-06-01,national,moyushchie_i_chistyashchie_sredstva,Моющие и чистящие средства,98.0,level
2024-07-01,national,moyushchie_i_chistyashchie_sredstva,Моющие и чистящие средства,97.7,level
2024-08-01,national,moyushchie_i_chistyashchie_sredstva,Моющие и чистящие средства,98.4,level
2024-09-01,national,moyushchie_i_chistyashchie_sredstva,Моющие и чистящие средства,100.9,level
2024-10-01,national,moyushchie_i_chistyashchie_sredstva,Моющие и чистящие средства,101.8,level
2024-11-01,national,moyushchie_i_chistyashchie_sredstva,Моющие и чистящие средства,102.3,level
2024-12-01,national,moyushchie_i_chistyashchie_sredstva,Моющие и чистящие средства,102.1,level
2025-01-01,national,moyushchie_i_chistyashchie_sredstva,Моющие и чистящие средства,101.4,level
2025-02-01,national,moyushchie_i_chistyashchie_sredstva,Моющие и чистящие средства,101.0,level
2025-03-01,national,moyushchie_i_chistyashchie_sredstva,Моющие и чистящие средства,101.4,level
2025-04-01,national,moyushchie_i_chistyashchie_sredstva,Моющие и чистящие средства,101.6,level
2025-05-01,national,moyushchie_i_chistyashchie_sredstva,Моющие и чистящие средства,102.1,level
2025-06-01,national,moyushchie_i_chistyashchie_sredstva,Моющие и чистящие средства,102.6,level
2025-07-01,national,moyushchie_i_chistyashchie_sredstva,Моющие и чистящие средства,103.3,level
2025-08-01,national,moyushchie_i_chistyashchie_sredstva,Моющие и чистящие средства,103.9,level
2025-09-01,national,moyushchie_i_chistyashchie_sredstva,Моющие и чистящие средства,104.8,level
2025-10-01,national,moyushchie_i_chistyashchie_sredstva,Моющие и чистящие средства,105.5,level
2025-11-01,national,moyushchie_i_chistyashchie_sredstva,Моющие и чистящие средства,106.1,level
2025-12-01,national,moyushchie_i_chistyashchie_sredstva,Моющие и чистящие средства,106.8,level
2022-10-01,national,muka,Мука,144.3,level
2022-11-01,national,muka,Мука,143.7,level
2022-12-01,national,muka,Мука,143.2,level
2023-01-01,national,muka,Мука,142.8,level
2023-02-01,national,muka,Мука,140.2,level
2023-03-01,national,muka,Мука,133.2,level
2023-04-01,national,muka,Мука,124.0,level
2023-05-01,national,muka,Мука,116.2,level
2023-06-01,national,muka,Мука,112.1,level
2023-07-01,national,muka,Мука,107.5,level
2023-08-01,national,muka,Мука,102.8,level
2023-09-01,national,muka,Мука,101.5,level
2023-10-01,national,muka,Мука,104.6,level
2023-11-01,national,muka,Мука,104.7,level
2023-12-01,national,muka,Мука,104.2,level
2024-01-01,national,muka,Мука,103.8,level
2024-02-01,national,muka,Мука,104.6,level
2024-03-01,national,muka,Мука,105.9,level
2024-04-01,national,muka,Мука,105.2,level
2024-05-01,national,muka,Мука,105.9,level
2024-06-01,national,muka,Мука,106.9,level
2024-07-01,national,muka,Мука,107.9,level
2024-08-01,national,muka,Мука,108.9,level
2024-09-01,national,muka,Мука,108.3,level
2024-10-01,national,muka,Мука,104.7,level
2024-11-01,national,muka,Мука,103.9,level
2024-12-01,national,muka,Мука,103.9,level
2025-01-01,national,muka,Мука,104.0,level
2025-02-01,national,muka,Мука,103.2,level
2025-03-01,national,muka,Мука,103.3,level
2025-04-01,national,muka,Мука,102.9,level
2025-05-01,national,muka,Мука,102.1,level
2025-06-01,national,muka,Мука,102.0,level
2025-07-01,national,muka,Мука,102.3,level
2025-08-01,national,muka,Мука,102.4,level
2025-09-01,national,muka,Мука,102.6,level
2025-10-01,national,muka,Мука,102.4,level
2025-11-01,national,muka,Мука,102.6,level
2025-12-01,national,muka,Мука,103.8,level
2022-10-01,national,muzykalnye_instrumenty_i_krupnye_tovary_dlitelnogo_polzovaniya_dlya_otdykha_v_po,Музыкальные инструменты и крупные товары длительного пользования для отдыха в помещениях,112.9,level
2022-11-01,national,muzykalnye_instrumenty_i_krupnye_tovary_dlitelnogo_polzovaniya_dlya_otdykha_v_po,Музыкальные инструменты и крупные товары длительного пользования для отдыха в помещениях,112.9,level
2022-12-01,national,muzykalnye_instrumenty_i_krupnye_tovary_dlitelnogo_polzovaniya_dlya_otdykha_v_po,Музыкальные инструменты и крупные товары длительного пользования для отдыха в помещениях,113.2,level
2023-01-01,national,muzykalnye_instrumenty_i_krupnye_tovary_dlitelnogo_polzovaniya_dlya_otdykha_v_po,Музыкальные инструменты и крупные товары длительного пользования для отдыха в помещениях,113.5,level
2023-02-01,national,muzykalnye_instrumenty_i_krupnye_tovary_dlitelnogo_polzovaniya_dlya_otdykha_v_po,Музыкальные инструменты и крупные товары длительного пользования для отдыха в помещениях,112.8,level
2023-03-01,national,muzykalnye_instrumenty_i_krupnye_tovary_dlitelnogo_polzovaniya_dlya_otdykha_v_po,Музыкальные инструменты и крупные товары длительного пользования для отдыха в помещениях,110.8,level
2023-04-01,national,muzykalnye_instrumenty_i_krupnye_tovary_dlitelnogo_polzovaniya_dlya_otdykha_v_po,Музыкальные инструменты и крупные товары длительного пользования для отдыха в помещениях,110.9,level
2023-05-01,national,muzykalnye_instrumenty_i_krupnye_tovary_dlitelnogo_polzovaniya_dlya_otdykha_v_po,Музыкальные инструменты и крупные товары длительного пользования для отдыха в помещениях,112.7,level
2023-06-01,national,muzykalnye_instrumenty_i_krupnye_tovary_dlitelnogo_polzovaniya_dlya_otdykha_v_po,Музыкальные инструменты и крупные товары длительного пользования для отдыха в помещениях,111.7,level
2023-07-01,national,muzykalnye_instrumenty_i_krupnye_tovary_dlitelnogo_polzovaniya_dlya_otdykha_v_po,Музыкальные инструменты и крупные товары длительного пользования для отдыха в помещениях,111.5,level
2023-08-01,national,muzykalnye_instrumenty_i_krupnye_tovary_dlitelnogo_polzovaniya_dlya_otdykha_v_po,Музыкальные инструменты и крупные товары длительного пользования для отдыха в помещениях,110.5,level
2023-09-01,national,muzykalnye_instrumenty_i_krupnye_tovary_dlitelnogo_polzovaniya_dlya_otdykha_v_po,Музыкальные инструменты и крупные товары длительного пользования для отдыха в помещениях,108.8,level
2023-10-01,national,muzykalnye_instrumenty_i_krupnye_tovary_dlitelnogo_polzovaniya_dlya_otdykha_v_po,Музыкальные инструменты и крупные товары длительного пользования для отдыха в помещениях,107.7,level
2023-11-01,national,muzykalnye_instrumenty_i_krupnye_tovary_dlitelnogo_polzovaniya_dlya_otdykha_v_po,Музыкальные инструменты и крупные товары длительного пользования для отдыха в помещениях,106.9,level
2023-12-01,national,muzykalnye_instrumenty_i_krupnye_tovary_dlitelnogo_polzovaniya_dlya_otdykha_v_po,Музыкальные инструменты и крупные товары длительного пользования для отдыха в помещениях,108.2,level
2024-01-01,national,muzykalnye_instrumenty_i_krupnye_tovary_dlitelnogo_polzovaniya_dlya_otdykha_v_po,Музыкальные инструменты и крупные товары длительного пользования для отдыха в помещениях,109.5,level
2024-02-01,national,muzykalnye_instrumenty_i_krupnye_tovary_dlitelnogo_polzovaniya_dlya_otdykha_v_po,Музыкальные инструменты и крупные товары длительного пользования для отдыха в помещениях,109.3,level
2024-03-01,national,muzykalnye_instrumenty_i_krupnye_tovary_dlitelnogo_polzovaniya_dlya_otdykha_v_po,Музыкальные инструменты и крупные товары длительного пользования для отдыха в помещениях,109.1,level
2024-04-01,national,muzykalnye_instrumenty_i_krupnye_tovary_dlitelnogo_polzovaniya_dlya_otdykha_v_po,Музыкальные инструменты и крупные товары длительного пользования для отдыха в помещениях,108.4,level
2024-05-01,national,muzykalnye_instrumenty_i_krupnye_tovary_dlitelnogo_polzovaniya_dlya_otdykha_v_po,Музыкальные инструменты и крупные товары длительного пользования для отдыха в помещениях,106.4,level
2024-06-01,national,muzykalnye_instrumenty_i_krupnye_tovary_dlitelnogo_polzovaniya_dlya_otdykha_v_po,Музыкальные инструменты и крупные товары длительного пользования для отдыха в помещениях,107.6,level
2024-07-01,national,muzykalnye_instrumenty_i_krupnye_tovary_dlitelnogo_polzovaniya_dlya_otdykha_v_po,Музыкальные инструменты и крупные товары длительного пользования для отдыха в помещениях,106.5,level
2024-08-01,national,muzykalnye_instrumenty_i_krupnye_tovary_dlitelnogo_polzovaniya_dlya_otdykha_v_po,Музыкальные инструменты и крупные товары длительного пользования для отдыха в помещениях,106.9,level
2024-09-01,national,muzykalnye_instrumenty_i_krupnye_tovary_dlitelnogo_polzovaniya_dlya_otdykha_v_po,Музыкальные инструменты и крупные товары длительного пользования для отдыха в помещениях,107.9,level
2024-10-01,national,muzykalnye_instrumenty_i_krupnye_tovary_dlitelnogo_polzovaniya_dlya_otdykha_v_po,Музыкальные инструменты и крупные товары длительного пользования для отдыха в помещениях,107.9,level
2024-11-01,national,muzykalnye_instrumenty_i_krupnye_tovary_dlitelnogo_polzovaniya_dlya_otdykha_v_po,Музыкальные инструменты и крупные товары длительного пользования для отдыха в помещениях,108.4,level
2024-12-01,national,muzykalnye_instrumenty_i_krupnye_tovary_dlitelnogo_polzovaniya_dlya_otdykha_v_po,Музыкальные инструменты и крупные товары длительного пользования для отдыха в помещениях,107.0,level
2025-01-01,national,muzykalnye_instrumenty_i_krupnye_tovary_dlitelnogo_polzovaniya_dlya_otdykha_v_po,Музыкальные инструменты и крупные товары длительного пользования для отдыха в помещениях,105.9,level
2025-02-01,national,muzykalnye_instrumenty_i_krupnye_tovary_dlitelnogo_polzovaniya_dlya_otdykha_v_po,Музыкальные инструменты и крупные товары длительного пользования для отдыха в помещениях,106.4,level
2025-03-01,national,muzykalnye_instrumenty_i_krupnye_tovary_dlitelnogo_polzovaniya_dlya_otdykha_v_po,Музыкальные инструменты и крупные товары длительного пользования для отдыха в помещениях,107.2,level
2025-04-01,national,muzykalnye_instrumenty_i_krupnye_tovary_dlitelnogo_polzovaniya_dlya_otdykha_v_po,Музыкальные инструменты и крупные товары длительного пользования для отдыха в помещениях,107.3,level
2025-05-01,national,muzykalnye_instrumenty_i_krupnye_tovary_dlitelnogo_polzovaniya_dlya_otdykha_v_po,Музыкальные инструменты и крупные товары длительного пользования для отдыха в помещениях,107.4,level
2025-06-01,national,muzykalnye_instrumenty_i_krupnye_tovary_dlitelnogo_polzovaniya_dlya_otdykha_v_po,Музыкальные инструменты и крупные товары длительного пользования для отдыха в помещениях,109.8,level
2025-07-01,national,muzykalnye_instrumenty_i_krupnye_tovary_dlitelnogo_polzovaniya_dlya_otdykha_v_po,Музыкальные инструменты и крупные товары длительного пользования для отдыха в помещениях,105.5,level
2025-08-01,national,muzykalnye_instrumenty_i_krupnye_tovary_dlitelnogo_polzovaniya_dlya_otdykha_v_po,Музыкальные инструменты и крупные товары длительного пользования для отдыха в помещениях,106.2,level
2025-09-01,national,muzykalnye_instrumenty_i_krupnye_tovary_dlitelnogo_polzovaniya_dlya_otdykha_v_po,Музыкальные инструменты и крупные товары длительного пользования для отдыха в помещениях,105.3,level
2025-10-01,national,muzykalnye_instrumenty_i_krupnye_tovary_dlitelnogo_polzovaniya_dlya_otdykha_v_po,Музыкальные инструменты и крупные товары длительного пользования для отдыха в помещениях,105.4,level
2025-11-01,national,muzykalnye_instrumenty_i_krupnye_tovary_dlitelnogo_polzovaniya_dlya_otdykha_v_po,Музыкальные инструменты и крупные товары длительного пользования для отдыха в помещениях,105.2,level
2025-12-01,national,muzykalnye_instrumenty_i_krupnye_tovary_dlitelnogo_polzovaniya_dlya_otdykha_v_po,Музыкальные инструменты и крупные товары длительного пользования для отдыха в помещениях,104.9,level
2022-10-01,national,myaso,Мясо,115.9,level
2022-11-01,national,myaso,Мясо,116.1,level
2022-12-01,national,myaso,Мясо,116.6,level
2023-01-01,national,myaso,Мясо,116.9,level
2023-02-01,national,myaso,Мясо,116.8,level
2023-03-01,national,myaso,Мясо,114.7,level
2023-04-01,national,myaso,Мясо,113.1,level
2023-05-01,national,myaso,Мясо,113.0,level
2023-06-01,national,myaso,Мясо,112.4,level
2023-07-01,national,myaso,Мясо,111.2,level
2023-08-01,national,myaso,Мясо,110.1,level
2023-09-01,national,myaso,Мясо,108.6,level
2023-10-01,national,myaso,Мясо,107.7,level
2023-11-01,national,myaso,Мясо,107.3,level
2023-12-01,national,myaso,Мясо,107.0,level
2024-01-01,national,myaso,Мясо,106.8,level
2024-02-01,national,myaso,Мясо,106.5,level
2024-03-01,national,myaso,Мясо,106.0,level
2024-04-01,national,myaso,Мясо,105.6,level
2024-05-01,national,myaso,Мясо,104.7,level
2024-06-01,national,myaso,Мясо,104.3,level
2024-07-01,national,myaso,Мясо,104.1,level
2024-08-01,national,myaso,Мясо,103.8,level
2024-09-01,national,myaso,Мясо,103.6,level
2024-10-01,national,myaso,Мясо,103.5,level
2024-11-01,national,myaso,Мясо,103.4,level
2024-12-01,national,myaso,Мясо,103.4,level
2025-01-01,national,myaso,Мясо,104.2,level
2025-02-01,national,myaso,Мясо,106.2,level
2025-03-01,national,myaso,Мясо,108.0,level
2025-04-01,national,myaso,Мясо,109.1,level
2025-05-01,national,myaso,Мясо,110.4,level
2025-06-01,national,myaso,Мясо,111.3,level
2025-07-01,national,myaso,Мясо,113.2,level
2025-08-01,national,myaso,Мясо,116.2,level
2025-09-01,national,myaso,Мясо,119.1,level
2025-10-01,national,myaso,Мясо,121.1,level
2025-11-01,national,myaso,Мясо,121.7,level
2025-12-01,national,myaso,Мясо,122.6,level
2026-01-01,national,myaso,Мясо,121.8,level
2026-02-01,national,myaso,Мясо,119.5,level
2026-03-01,national,myaso,Мясо,117.9,level
2026-04-01,national,myaso,Мясо,117.9,level
2026-05-01,national,myaso,Мясо,117.6,level
2026-06-01,national,myaso,Мясо,117.1,level
2026-07-01,national,myaso,Мясо,115.7,level
2026-08-01,national,myaso,Мясо,113.2,level
2022-10-01,national,myaso_i_ptitsa,Мясо и птица,114.6,level
2022-11-01,national,myaso_i_ptitsa,Мясо и птица,114.9,level
2022-12-01,national,myaso_i_ptitsa,Мясо и птица,115.4,level
2023-01-01,national,myaso_i_ptitsa,Мясо и птица,115.7,level
2023-02-01,national,myaso_i_ptitsa,Мясо и птица,115.7,level
2023-03-01,national,myaso_i_ptitsa,Мясо и птица,113.6,level
2023-04-01,national,myaso_i_ptitsa,Мясо и птица,112.1,level
2023-05-01,national,myaso_i_ptitsa,Мясо и птица,112.1,level
2023-06-01,national,myaso_i_ptitsa,Мясо и птица,111.5,level
2023-07-01,national,myaso_i_ptitsa,Мясо и птица,110.4,level
2023-08-01,national,myaso_i_ptitsa,Мясо и птица,109.6,level
2023-09-01,national,myaso_i_ptitsa,Мясо и птица,108.3,level
2023-10-01,national,myaso_i_ptitsa,Мясо и птица,107.4,level
2023-11-01,national,myaso_i_ptitsa,Мясо и птица,106.8,level
2023-12-01,national,myaso_i_ptitsa,Мясо и птица,106.5,level
2024-01-01,national,myaso_i_ptitsa,Мясо и птица,106.4,level
2024-02-01,national,myaso_i_ptitsa,Мясо и птица,106.2,level
2024-03-01,national,myaso_i_ptitsa,Мясо и птица,105.4,level
2024-04-01,national,myaso_i_ptitsa,Мясо и птица,105.1,level
2024-05-01,national,myaso_i_ptitsa,Мясо и птица,104.3,level
2024-06-01,national,myaso_i_ptitsa,Мясо и птица,103.8,level
2024-07-01,national,myaso_i_ptitsa,Мясо и птица,103.5,level
2024-08-01,national,myaso_i_ptitsa,Мясо и птица,103.3,level
2024-09-01,national,myaso_i_ptitsa,Мясо и птица,102.9,level
2024-10-01,national,myaso_i_ptitsa,Мясо и птица,102.9,level
2024-11-01,national,myaso_i_ptitsa,Мясо и птица,102.8,level
2024-12-01,national,myaso_i_ptitsa,Мясо и птица,102.9,level
2025-01-01,national,myaso_i_ptitsa,Мясо и птица,103.7,level
2025-02-01,national,myaso_i_ptitsa,Мясо и птица,106.0,level
2025-03-01,national,myaso_i_ptitsa,Мясо и птица,108.1,level
2025-04-01,national,myaso_i_ptitsa,Мясо и птица,109.3,level
2025-05-01,national,myaso_i_ptitsa,Мясо и птица,110.8,level
2025-06-01,national,myaso_i_ptitsa,Мясо и птица,111.8,level
2025-07-01,national,myaso_i_ptitsa,Мясо и птица,114.2,level
2025-08-01,national,myaso_i_ptitsa,Мясо и птица,117.6,level
2025-09-01,national,myaso_i_ptitsa,Мясо и птица,120.9,level
2025-10-01,national,myaso_i_ptitsa,Мясо и птица,122.7,level
2025-11-01,national,myaso_i_ptitsa,Мясо и птица,123.4,level
2025-12-01,national,myaso_i_ptitsa,Мясо и птица,124.0,level
2022-10-01,national,neelektricheskaya_kukhonnaya_utvar_i_bytovye_izdeliya,Неэлектрическая кухонная утварь и бытовые изделия,120.8,level
2022-11-01,national,neelektricheskaya_kukhonnaya_utvar_i_bytovye_izdeliya,Неэлектрическая кухонная утварь и бытовые изделия,122.7,level
2022-12-01,national,neelektricheskaya_kukhonnaya_utvar_i_bytovye_izdeliya,Неэлектрическая кухонная утварь и бытовые изделия,124.7,level
2023-01-01,national,neelektricheskaya_kukhonnaya_utvar_i_bytovye_izdeliya,Неэлектрическая кухонная утварь и бытовые изделия,125.1,level
2023-02-01,national,neelektricheskaya_kukhonnaya_utvar_i_bytovye_izdeliya,Неэлектрическая кухонная утварь и бытовые изделия,125.3,level
2023-03-01,national,neelektricheskaya_kukhonnaya_utvar_i_bytovye_izdeliya,Неэлектрическая кухонная утварь и бытовые изделия,122.7,level
2023-04-01,national,neelektricheskaya_kukhonnaya_utvar_i_bytovye_izdeliya,Неэлектрическая кухонная утварь и бытовые изделия,121.6,level
2023-05-01,national,neelektricheskaya_kukhonnaya_utvar_i_bytovye_izdeliya,Неэлектрическая кухонная утварь и бытовые изделия,120.7,level
2023-06-01,national,neelektricheskaya_kukhonnaya_utvar_i_bytovye_izdeliya,Неэлектрическая кухонная утварь и бытовые изделия,120.1,level
2023-07-01,national,neelektricheskaya_kukhonnaya_utvar_i_bytovye_izdeliya,Неэлектрическая кухонная утварь и бытовые изделия,119.0,level
2023-08-01,national,neelektricheskaya_kukhonnaya_utvar_i_bytovye_izdeliya,Неэлектрическая кухонная утварь и бытовые изделия,117.8,level
2023-09-01,national,neelektricheskaya_kukhonnaya_utvar_i_bytovye_izdeliya,Неэлектрическая кухонная утварь и бытовые изделия,116.4,level
2023-10-01,national,neelektricheskaya_kukhonnaya_utvar_i_bytovye_izdeliya,Неэлектрическая кухонная утварь и бытовые изделия,114.7,level
2023-11-01,national,neelektricheskaya_kukhonnaya_utvar_i_bytovye_izdeliya,Неэлектрическая кухонная утварь и бытовые изделия,113.1,level
2023-12-01,national,neelektricheskaya_kukhonnaya_utvar_i_bytovye_izdeliya,Неэлектрическая кухонная утварь и бытовые изделия,111.6,level
2024-01-01,national,neelektricheskaya_kukhonnaya_utvar_i_bytovye_izdeliya,Неэлектрическая кухонная утварь и бытовые изделия,111.0,level
2024-02-01,national,neelektricheskaya_kukhonnaya_utvar_i_bytovye_izdeliya,Неэлектрическая кухонная утварь и бытовые изделия,108.8,level
2024-03-01,national,neelektricheskaya_kukhonnaya_utvar_i_bytovye_izdeliya,Неэлектрическая кухонная утварь и бытовые изделия,106.7,level
2024-04-01,national,neelektricheskaya_kukhonnaya_utvar_i_bytovye_izdeliya,Неэлектрическая кухонная утварь и бытовые изделия,105.0,level
2024-05-01,national,neelektricheskaya_kukhonnaya_utvar_i_bytovye_izdeliya,Неэлектрическая кухонная утварь и бытовые изделия,103.0,level
2024-06-01,national,neelektricheskaya_kukhonnaya_utvar_i_bytovye_izdeliya,Неэлектрическая кухонная утварь и бытовые изделия,93.6,level
2024-07-01,national,neelektricheskaya_kukhonnaya_utvar_i_bytovye_izdeliya,Неэлектрическая кухонная утварь и бытовые изделия,94.1,level
2024-08-01,national,neelektricheskaya_kukhonnaya_utvar_i_bytovye_izdeliya,Неэлектрическая кухонная утварь и бытовые изделия,98.5,level
2024-09-01,national,neelektricheskaya_kukhonnaya_utvar_i_bytovye_izdeliya,Неэлектрическая кухонная утварь и бытовые изделия,93.1,level
2024-10-01,national,neelektricheskaya_kukhonnaya_utvar_i_bytovye_izdeliya,Неэлектрическая кухонная утварь и бытовые изделия,87.8,level
2024-11-01,national,neelektricheskaya_kukhonnaya_utvar_i_bytovye_izdeliya,Неэлектрическая кухонная утварь и бытовые изделия,81.5,level
2024-12-01,national,neelektricheskaya_kukhonnaya_utvar_i_bytovye_izdeliya,Неэлектрическая кухонная утварь и бытовые изделия,77.5,level
2025-01-01,national,neelektricheskaya_kukhonnaya_utvar_i_bytovye_izdeliya,Неэлектрическая кухонная утварь и бытовые изделия,77.9,level
2025-02-01,national,neelektricheskaya_kukhonnaya_utvar_i_bytovye_izdeliya,Неэлектрическая кухонная утварь и бытовые изделия,79.1,level
2025-03-01,national,neelektricheskaya_kukhonnaya_utvar_i_bytovye_izdeliya,Неэлектрическая кухонная утварь и бытовые изделия,79.7,level
2025-04-01,national,neelektricheskaya_kukhonnaya_utvar_i_bytovye_izdeliya,Неэлектрическая кухонная утварь и бытовые изделия,78.6,level
2025-05-01,national,neelektricheskaya_kukhonnaya_utvar_i_bytovye_izdeliya,Неэлектрическая кухонная утварь и бытовые изделия,79.3,level
2025-06-01,national,neelektricheskaya_kukhonnaya_utvar_i_bytovye_izdeliya,Неэлектрическая кухонная утварь и бытовые изделия,85.7,level
2025-07-01,national,neelektricheskaya_kukhonnaya_utvar_i_bytovye_izdeliya,Неэлектрическая кухонная утварь и бытовые изделия,85.4,level
2025-08-01,national,neelektricheskaya_kukhonnaya_utvar_i_bytovye_izdeliya,Неэлектрическая кухонная утварь и бытовые изделия,80.2,level
2025-09-01,national,neelektricheskaya_kukhonnaya_utvar_i_bytovye_izdeliya,Неэлектрическая кухонная утварь и бытовые изделия,85.4,level
2025-10-01,national,neelektricheskaya_kukhonnaya_utvar_i_bytovye_izdeliya,Неэлектрическая кухонная утварь и бытовые изделия,90.9,level
2025-11-01,national,neelektricheskaya_kukhonnaya_utvar_i_bytovye_izdeliya,Неэлектрическая кухонная утварь и бытовые изделия,98.3,level
2025-12-01,national,neelektricheskaya_kukhonnaya_utvar_i_bytovye_izdeliya,Неэлектрическая кухонная утварь и бытовые изделия,104.9,level
2026-01-01,national,oborudovanie_dlya_obespecheniya_bezopasnosti_i_materialy_dlya_obsluzhivaniya_i_r,Оборудование для обеспечения безопасности и материалы для обслуживания и ремонта жилых помещений,106.7,level
2026-02-01,national,oborudovanie_dlya_obespecheniya_bezopasnosti_i_materialy_dlya_obsluzhivaniya_i_r,Оборудование для обеспечения безопасности и материалы для обслуживания и ремонта жилых помещений,106.3,level
2026-03-01,national,oborudovanie_dlya_obespecheniya_bezopasnosti_i_materialy_dlya_obsluzhivaniya_i_r,Оборудование для обеспечения безопасности и материалы для обслуживания и ремонта жилых помещений,106.7,level
2026-04-01,national,oborudovanie_dlya_obespecheniya_bezopasnosti_i_materialy_dlya_obsluzhivaniya_i_r,Оборудование для обеспечения безопасности и материалы для обслуживания и ремонта жилых помещений,107.3,level
2026-05-01,national,oborudovanie_dlya_obespecheniya_bezopasnosti_i_materialy_dlya_obsluzhivaniya_i_r,Оборудование для обеспечения безопасности и материалы для обслуживания и ремонта жилых помещений,107.5,level
2026-06-01,national,oborudovanie_dlya_obespecheniya_bezopasnosti_i_materialy_dlya_obsluzhivaniya_i_r,Оборудование для обеспечения безопасности и материалы для обслуживания и ремонта жилых помещений,107.8,level
2026-07-01,national,oborudovanie_dlya_obespecheniya_bezopasnosti_i_materialy_dlya_obsluzhivaniya_i_r,Оборудование для обеспечения безопасности и материалы для обслуживания и ремонта жилых помещений,108.3,level
2026-08-01,national,oborudovanie_dlya_obespecheniya_bezopasnosti_i_materialy_dlya_obsluzhivaniya_i_r,Оборудование для обеспечения безопасности и материалы для обслуживания и ремонта жилых помещений,108.2,level
2022-10-01,national,oborudovanie_dlya_obrabotki_informatsii,Оборудование для обработки информации,108.7,level
2022-11-01,national,oborudovanie_dlya_obrabotki_informatsii,Оборудование для обработки информации,106.8,level
2022-12-01,national,oborudovanie_dlya_obrabotki_informatsii,Оборудование для обработки информации,110.6,level
2023-01-01,national,oborudovanie_dlya_obrabotki_informatsii,Оборудование для обработки информации,109.4,level
2023-02-01,national,oborudovanie_dlya_obrabotki_informatsii,Оборудование для обработки информации,106.0,level
2023-03-01,national,oborudovanie_dlya_obrabotki_informatsii,Оборудование для обработки информации,104.7,level
2023-04-01,national,oborudovanie_dlya_obrabotki_informatsii,Оборудование для обработки информации,109.6,level
2023-05-01,national,oborudovanie_dlya_obrabotki_informatsii,Оборудование для обработки информации,107.3,level
2023-06-01,national,oborudovanie_dlya_obrabotki_informatsii,Оборудование для обработки информации,104.1,level
2023-07-01,national,oborudovanie_dlya_obrabotki_informatsii,Оборудование для обработки информации,112.1,level
2023-08-01,national,oborudovanie_dlya_obrabotki_informatsii,Оборудование для обработки информации,105.8,level
2023-09-01,national,oborudovanie_dlya_obrabotki_informatsii,Оборудование для обработки информации,103.5,level
2023-10-01,national,oborudovanie_dlya_obrabotki_informatsii,Оборудование для обработки информации,109.3,level
2023-11-01,national,oborudovanie_dlya_obrabotki_informatsii,Оборудование для обработки информации,113.8,level
2023-12-01,national,oborudovanie_dlya_obrabotki_informatsii,Оборудование для обработки информации,109.1,level
2024-01-01,national,oborudovanie_dlya_obrabotki_informatsii,Оборудование для обработки информации,107.7,level
2024-02-01,national,oborudovanie_dlya_obrabotki_informatsii,Оборудование для обработки информации,114.3,level
2024-03-01,national,oborudovanie_dlya_obrabotki_informatsii,Оборудование для обработки информации,112.6,level
2024-04-01,national,oborudovanie_dlya_obrabotki_informatsii,Оборудование для обработки информации,137.3,level
2024-05-01,national,oborudovanie_dlya_obrabotki_informatsii,Оборудование для обработки информации,143.2,level
2024-06-01,national,oborudovanie_dlya_obrabotki_informatsii,Оборудование для обработки информации,147.0,level
2024-07-01,national,oborudovanie_dlya_obrabotki_informatsii,Оборудование для обработки информации,127.7,level
2024-08-01,national,oborudovanie_dlya_obrabotki_informatsii,Оборудование для обработки информации,152.3,level
2024-09-01,national,oborudovanie_dlya_obrabotki_informatsii,Оборудование для обработки информации,153.4,level
2024-10-01,national,oborudovanie_dlya_obrabotki_informatsii,Оборудование для обработки информации,156.0,level
2024-11-01,national,oborudovanie_dlya_obrabotki_informatsii,Оборудование для обработки информации,153.0,level
2024-12-01,national,oborudovanie_dlya_obrabotki_informatsii,Оборудование для обработки информации,159.7,level
2025-01-01,national,oborudovanie_dlya_obrabotki_informatsii,Оборудование для обработки информации,159.6,level
2025-02-01,national,oborudovanie_dlya_obrabotki_informatsii,Оборудование для обработки информации,160.5,level
2025-03-01,national,oborudovanie_dlya_obrabotki_informatsii,Оборудование для обработки информации,174.3,level
2025-04-01,national,oborudovanie_dlya_obrabotki_informatsii,Оборудование для обработки информации,145.5,level
2025-05-01,national,oborudovanie_dlya_obrabotki_informatsii,Оборудование для обработки информации,141.5,level
2025-06-01,national,oborudovanie_dlya_obrabotki_informatsii,Оборудование для обработки информации,110.9,level
2025-07-01,national,oborudovanie_dlya_obrabotki_informatsii,Оборудование для обработки информации,142.4,level
2025-08-01,national,oborudovanie_dlya_obrabotki_informatsii,Оборудование для обработки информации,135.3,level
2025-09-01,national,oborudovanie_dlya_obrabotki_informatsii,Оборудование для обработки информации,132.9,level
2025-10-01,national,oborudovanie_dlya_obrabotki_informatsii,Оборудование для обработки информации,124.7,level
2025-11-01,national,oborudovanie_dlya_obrabotki_informatsii,Оборудование для обработки информации,126.2,level
2025-12-01,national,oborudovanie_dlya_obrabotki_informatsii,Оборудование для обработки информации,126.5,level
2022-10-01,national,oborudovanie_dlya_priema_zapisi_i_vosproizvedeniya_zvuka_i_izobrazheniya,"Оборудование для приема, записи и воспроизведения звука и изображения",109.5,level
2022-11-01,national,oborudovanie_dlya_priema_zapisi_i_vosproizvedeniya_zvuka_i_izobrazheniya,"Оборудование для приема, записи и воспроизведения звука и изображения",106.2,level
2022-12-01,national,oborudovanie_dlya_priema_zapisi_i_vosproizvedeniya_zvuka_i_izobrazheniya,"Оборудование для приема, записи и воспроизведения звука и изображения",104.9,level
2023-01-01,national,oborudovanie_dlya_priema_zapisi_i_vosproizvedeniya_zvuka_i_izobrazheniya,"Оборудование для приема, записи и воспроизведения звука и изображения",103.5,level
2023-02-01,national,oborudovanie_dlya_priema_zapisi_i_vosproizvedeniya_zvuka_i_izobrazheniya,"Оборудование для приема, записи и воспроизведения звука и изображения",98.6,level
2023-03-01,national,oborudovanie_dlya_priema_zapisi_i_vosproizvedeniya_zvuka_i_izobrazheniya,"Оборудование для приема, записи и воспроизведения звука и изображения",93.6,level
2023-04-01,national,oborudovanie_dlya_priema_zapisi_i_vosproizvedeniya_zvuka_i_izobrazheniya,"Оборудование для приема, записи и воспроизведения звука и изображения",100.4,level
2023-05-01,national,oborudovanie_dlya_priema_zapisi_i_vosproizvedeniya_zvuka_i_izobrazheniya,"Оборудование для приема, записи и воспроизведения звука и изображения",97.7,level
2023-06-01,national,oborudovanie_dlya_priema_zapisi_i_vosproizvedeniya_zvuka_i_izobrazheniya,"Оборудование для приема, записи и воспроизведения звука и изображения",88.4,level
2023-07-01,national,oborudovanie_dlya_priema_zapisi_i_vosproizvedeniya_zvuka_i_izobrazheniya,"Оборудование для приема, записи и воспроизведения звука и изображения",97.5,level
2023-08-01,national,oborudovanie_dlya_priema_zapisi_i_vosproizvedeniya_zvuka_i_izobrazheniya,"Оборудование для приема, записи и воспроизведения звука и изображения",90.3,level
2023-09-01,national,oborudovanie_dlya_priema_zapisi_i_vosproizvedeniya_zvuka_i_izobrazheniya,"Оборудование для приема, записи и воспроизведения звука и изображения",89.9,level
2023-10-01,national,oborudovanie_dlya_priema_zapisi_i_vosproizvedeniya_zvuka_i_izobrazheniya,"Оборудование для приема, записи и воспроизведения звука и изображения",97.6,level
2023-11-01,national,oborudovanie_dlya_priema_zapisi_i_vosproizvedeniya_zvuka_i_izobrazheniya,"Оборудование для приема, записи и воспроизведения звука и изображения",103.3,level
2023-12-01,national,oborudovanie_dlya_priema_zapisi_i_vosproizvedeniya_zvuka_i_izobrazheniya,"Оборудование для приема, записи и воспроизведения звука и изображения",102.7,level
2024-01-01,national,oborudovanie_dlya_priema_zapisi_i_vosproizvedeniya_zvuka_i_izobrazheniya,"Оборудование для приема, записи и воспроизведения звука и изображения",101.7,level
2024-02-01,national,oborudovanie_dlya_priema_zapisi_i_vosproizvedeniya_zvuka_i_izobrazheniya,"Оборудование для приема, записи и воспроизведения звука и изображения",110.5,level
2024-03-01,national,oborudovanie_dlya_priema_zapisi_i_vosproizvedeniya_zvuka_i_izobrazheniya,"Оборудование для приема, записи и воспроизведения звука и изображения",109.1,level
2024-04-01,national,oborudovanie_dlya_priema_zapisi_i_vosproizvedeniya_zvuka_i_izobrazheniya,"Оборудование для приема, записи и воспроизведения звука и изображения",142.6,level
2024-05-01,national,oborudovanie_dlya_priema_zapisi_i_vosproizvedeniya_zvuka_i_izobrazheniya,"Оборудование для приема, записи и воспроизведения звука и изображения",150.8,level
2024-06-01,national,oborudovanie_dlya_priema_zapisi_i_vosproizvedeniya_zvuka_i_izobrazheniya,"Оборудование для приема, записи и воспроизведения звука и изображения",156.0,level
2024-07-01,national,oborudovanie_dlya_priema_zapisi_i_vosproizvedeniya_zvuka_i_izobrazheniya,"Оборудование для приема, записи и воспроизведения звука и изображения",133.7,level
2024-08-01,national,oborudovanie_dlya_priema_zapisi_i_vosproizvedeniya_zvuka_i_izobrazheniya,"Оборудование для приема, записи и воспроизведения звука и изображения",162.5,level
2024-09-01,national,oborudovanie_dlya_priema_zapisi_i_vosproizvedeniya_zvuka_i_izobrazheniya,"Оборудование для приема, записи и воспроизведения звука и изображения",140.4,level
2024-10-01,national,oborudovanie_dlya_priema_zapisi_i_vosproizvedeniya_zvuka_i_izobrazheniya,"Оборудование для приема, записи и воспроизведения звука и изображения",142.5,level
2024-11-01,national,oborudovanie_dlya_priema_zapisi_i_vosproizvedeniya_zvuka_i_izobrazheniya,"Оборудование для приема, записи и воспроизведения звука и изображения",138.7,level
2024-12-01,national,oborudovanie_dlya_priema_zapisi_i_vosproizvedeniya_zvuka_i_izobrazheniya,"Оборудование для приема, записи и воспроизведения звука и изображения",139.1,level
2025-01-01,national,oborudovanie_dlya_priema_zapisi_i_vosproizvedeniya_zvuka_i_izobrazheniya,"Оборудование для приема, записи и воспроизведения звука и изображения",138.0,level
2025-02-01,national,oborudovanie_dlya_priema_zapisi_i_vosproizvedeniya_zvuka_i_izobrazheniya,"Оборудование для приема, записи и воспроизведения звука и изображения",139.2,level
2025-03-01,national,oborudovanie_dlya_priema_zapisi_i_vosproizvedeniya_zvuka_i_izobrazheniya,"Оборудование для приема, записи и воспроизведения звука и изображения",140.5,level
2025-04-01,national,oborudovanie_dlya_priema_zapisi_i_vosproizvedeniya_zvuka_i_izobrazheniya,"Оборудование для приема, записи и воспроизведения звука и изображения",110.8,level
2025-05-01,national,oborudovanie_dlya_priema_zapisi_i_vosproizvedeniya_zvuka_i_izobrazheniya,"Оборудование для приема, записи и воспроизведения звука и изображения",107.1,level
2025-06-01,national,oborudovanie_dlya_priema_zapisi_i_vosproizvedeniya_zvuka_i_izobrazheniya,"Оборудование для приема, записи и воспроизведения звука и изображения",117.9,level
2025-07-01,national,oborudovanie_dlya_priema_zapisi_i_vosproizvedeniya_zvuka_i_izobrazheniya,"Оборудование для приема, записи и воспроизведения звука и изображения",105.3,level
2025-08-01,national,oborudovanie_dlya_priema_zapisi_i_vosproizvedeniya_zvuka_i_izobrazheniya,"Оборудование для приема, записи и воспроизведения звука и изображения",98.9,level
2025-09-01,national,oborudovanie_dlya_priema_zapisi_i_vosproizvedeniya_zvuka_i_izobrazheniya,"Оборудование для приема, записи и воспроизведения звука и изображения",119.8,level
2025-10-01,national,oborudovanie_dlya_priema_zapisi_i_vosproizvedeniya_zvuka_i_izobrazheniya,"Оборудование для приема, записи и воспроизведения звука и изображения",110.0,level
2025-11-01,national,oborudovanie_dlya_priema_zapisi_i_vosproizvedeniya_zvuka_i_izobrazheniya,"Оборудование для приема, записи и воспроизведения звука и изображения",111.9,level
2025-12-01,national,oborudovanie_dlya_priema_zapisi_i_vosproizvedeniya_zvuka_i_izobrazheniya,"Оборудование для приема, записи и воспроизведения звука и изображения",116.6,level
2022-10-01,national,oborudovanie_dlya_sporta_turizma_i_otdykha_na_otkrytom_vozdukhe,"Оборудование для спорта, туризма и отдыха на открытом воздухе",118.7,level
2022-11-01,national,oborudovanie_dlya_sporta_turizma_i_otdykha_na_otkrytom_vozdukhe,"Оборудование для спорта, туризма и отдыха на открытом воздухе",119.2,level
2022-12-01,national,oborudovanie_dlya_sporta_turizma_i_otdykha_na_otkrytom_vozdukhe,"Оборудование для спорта, туризма и отдыха на открытом воздухе",120.1,level
2023-01-01,national,oborudovanie_dlya_sporta_turizma_i_otdykha_na_otkrytom_vozdukhe,"Оборудование для спорта, туризма и отдыха на открытом воздухе",120.0,level
2023-02-01,national,oborudovanie_dlya_sporta_turizma_i_otdykha_na_otkrytom_vozdukhe,"Оборудование для спорта, туризма и отдыха на открытом воздухе",120.8,level
2023-03-01,national,oborudovanie_dlya_sporta_turizma_i_otdykha_na_otkrytom_vozdukhe,"Оборудование для спорта, туризма и отдыха на открытом воздухе",120.9,level
2023-04-01,national,oborudovanie_dlya_sporta_turizma_i_otdykha_na_otkrytom_vozdukhe,"Оборудование для спорта, туризма и отдыха на открытом воздухе",118.3,level
2023-05-01,national,oborudovanie_dlya_sporta_turizma_i_otdykha_na_otkrytom_vozdukhe,"Оборудование для спорта, туризма и отдыха на открытом воздухе",116.9,level
2023-06-01,national,oborudovanie_dlya_sporta_turizma_i_otdykha_na_otkrytom_vozdukhe,"Оборудование для спорта, туризма и отдыха на открытом воздухе",115.7,level
2023-07-01,national,oborudovanie_dlya_sporta_turizma_i_otdykha_na_otkrytom_vozdukhe,"Оборудование для спорта, туризма и отдыха на открытом воздухе",115.6,level
2023-08-01,national,oborudovanie_dlya_sporta_turizma_i_otdykha_na_otkrytom_vozdukhe,"Оборудование для спорта, туризма и отдыха на открытом воздухе",114.3,level
2023-09-01,national,oborudovanie_dlya_sporta_turizma_i_otdykha_na_otkrytom_vozdukhe,"Оборудование для спорта, туризма и отдыха на открытом воздухе",111.9,level
2023-10-01,national,oborudovanie_dlya_sporta_turizma_i_otdykha_na_otkrytom_vozdukhe,"Оборудование для спорта, туризма и отдыха на открытом воздухе",111.3,level
2023-11-01,national,oborudovanie_dlya_sporta_turizma_i_otdykha_na_otkrytom_vozdukhe,"Оборудование для спорта, туризма и отдыха на открытом воздухе",110.9,level
2023-12-01,national,oborudovanie_dlya_sporta_turizma_i_otdykha_na_otkrytom_vozdukhe,"Оборудование для спорта, туризма и отдыха на открытом воздухе",110.5,level
2024-01-01,national,oborudovanie_dlya_sporta_turizma_i_otdykha_na_otkrytom_vozdukhe,"Оборудование для спорта, туризма и отдыха на открытом воздухе",110.3,level
2024-02-01,national,oborudovanie_dlya_sporta_turizma_i_otdykha_na_otkrytom_vozdukhe,"Оборудование для спорта, туризма и отдыха на открытом воздухе",110.4,level
2024-03-01,national,oborudovanie_dlya_sporta_turizma_i_otdykha_na_otkrytom_vozdukhe,"Оборудование для спорта, туризма и отдыха на открытом воздухе",109.4,level
2024-04-01,national,oborudovanie_dlya_sporta_turizma_i_otdykha_na_otkrytom_vozdukhe,"Оборудование для спорта, туризма и отдыха на открытом воздухе",109.2,level
2024-05-01,national,oborudovanie_dlya_sporta_turizma_i_otdykha_na_otkrytom_vozdukhe,"Оборудование для спорта, туризма и отдыха на открытом воздухе",108.3,level
2024-06-01,national,oborudovanie_dlya_sporta_turizma_i_otdykha_na_otkrytom_vozdukhe,"Оборудование для спорта, туризма и отдыха на открытом воздухе",108.2,level
2024-07-01,national,oborudovanie_dlya_sporta_turizma_i_otdykha_na_otkrytom_vozdukhe,"Оборудование для спорта, туризма и отдыха на открытом воздухе",104.9,level
2024-08-01,national,oborudovanie_dlya_sporta_turizma_i_otdykha_na_otkrytom_vozdukhe,"Оборудование для спорта, туризма и отдыха на открытом воздухе",108.3,level
2024-09-01,national,oborudovanie_dlya_sporta_turizma_i_otdykha_na_otkrytom_vozdukhe,"Оборудование для спорта, туризма и отдыха на открытом воздухе",107.8,level
2024-10-01,national,oborudovanie_dlya_sporta_turizma_i_otdykha_na_otkrytom_vozdukhe,"Оборудование для спорта, туризма и отдыха на открытом воздухе",107.7,level
2024-11-01,national,oborudovanie_dlya_sporta_turizma_i_otdykha_na_otkrytom_vozdukhe,"Оборудование для спорта, туризма и отдыха на открытом воздухе",107.8,level
2024-12-01,national,oborudovanie_dlya_sporta_turizma_i_otdykha_na_otkrytom_vozdukhe,"Оборудование для спорта, туризма и отдыха на открытом воздухе",108.6,level
2025-01-01,national,oborudovanie_dlya_sporta_turizma_i_otdykha_na_otkrytom_vozdukhe,"Оборудование для спорта, туризма и отдыха на открытом воздухе",108.7,level
2025-02-01,national,oborudovanie_dlya_sporta_turizma_i_otdykha_na_otkrytom_vozdukhe,"Оборудование для спорта, туризма и отдыха на открытом воздухе",108.3,level
2025-03-01,national,oborudovanie_dlya_sporta_turizma_i_otdykha_na_otkrytom_vozdukhe,"Оборудование для спорта, туризма и отдыха на открытом воздухе",108.6,level
2025-04-01,national,oborudovanie_dlya_sporta_turizma_i_otdykha_na_otkrytom_vozdukhe,"Оборудование для спорта, туризма и отдыха на открытом воздухе",108.6,level
2025-05-01,national,oborudovanie_dlya_sporta_turizma_i_otdykha_na_otkrytom_vozdukhe,"Оборудование для спорта, туризма и отдыха на открытом воздухе",108.3,level
2025-06-01,national,oborudovanie_dlya_sporta_turizma_i_otdykha_na_otkrytom_vozdukhe,"Оборудование для спорта, туризма и отдыха на открытом воздухе",104.9,level
2025-07-01,national,oborudovanie_dlya_sporta_turizma_i_otdykha_na_otkrytom_vozdukhe,"Оборудование для спорта, туризма и отдыха на открытом воздухе",107.7,level
2025-08-01,national,oborudovanie_dlya_sporta_turizma_i_otdykha_na_otkrytom_vozdukhe,"Оборудование для спорта, туризма и отдыха на открытом воздухе",107.9,level
2025-09-01,national,oborudovanie_dlya_sporta_turizma_i_otdykha_na_otkrytom_vozdukhe,"Оборудование для спорта, туризма и отдыха на открытом воздухе",108.3,level
2025-10-01,national,oborudovanie_dlya_sporta_turizma_i_otdykha_na_otkrytom_vozdukhe,"Оборудование для спорта, туризма и отдыха на открытом воздухе",107.9,level
2025-11-01,national,oborudovanie_dlya_sporta_turizma_i_otdykha_na_otkrytom_vozdukhe,"Оборудование для спорта, туризма и отдыха на открытом воздухе",107.4,level
2025-12-01,national,oborudovanie_dlya_sporta_turizma_i_otdykha_na_otkrytom_vozdukhe,"Оборудование для спорта, туризма и отдыха на открытом воздухе",105.9,level
2022-10-01,national,odezhda,Одежда,114.6,level
2022-11-01,national,odezhda,Одежда,116.4,level
2022-12-01,national,odezhda,Одежда,116.9,level
2023-01-01,national,odezhda,Одежда,117.4,level
2023-02-01,national,odezhda,Одежда,117.8,level
2023-03-01,national,odezhda,Одежда,116.8,level
2023-04-01,national,odezhda,Одежда,115.8,level
2023-05-01,national,odezhda,Одежда,115.6,level
2023-06-01,national,odezhda,Одежда,115.0,level
2023-07-01,national,odezhda,Одежда,114.5,level
2023-08-01,national,odezhda,Одежда,113.3,level
2023-09-01,national,odezhda,Одежда,112.6,level
2023-10-01,national,odezhda,Одежда,111.4,level
2023-11-01,national,odezhda,Одежда,110.7,level
2023-12-01,national,odezhda,Одежда,110.6,level
2024-01-01,national,odezhda,Одежда,110.4,level
2024-02-01,national,odezhda,Одежда,110.3,level
2024-03-01,national,odezhda,Одежда,110.3,level
2024-04-01,national,odezhda,Одежда,110.5,level
2024-05-01,national,odezhda,Одежда,110.2,level
2024-06-01,national,odezhda,Одежда,110.5,level
2024-07-01,national,odezhda,Одежда,110.7,level
2024-08-01,national,odezhda,Одежда,110.5,level
2024-09-01,national,odezhda,Одежда,110.3,level
2024-10-01,national,odezhda,Одежда,110.0,level
2024-11-01,national,odezhda,Одежда,109.9,level
2024-12-01,national,odezhda,Одежда,110.1,level
2025-01-01,national,odezhda,Одежда,110.2,level
2025-02-01,national,odezhda,Одежда,110.6,level
2025-03-01,national,odezhda,Одежда,110.5,level
2025-04-01,national,odezhda,Одежда,110.5,level
2025-05-01,national,odezhda,Одежда,110.5,level
2025-06-01,national,odezhda,Одежда,110.1,level
2025-07-01,national,odezhda,Одежда,109.8,level
2025-08-01,national,odezhda,Одежда,110.2,level
2025-09-01,national,odezhda,Одежда,110.3,level
2025-10-01,national,odezhda,Одежда,110.5,level
2025-11-01,national,odezhda,Одежда,110.6,level
2025-12-01,national,odezhda,Одежда,110.5,level
2026-01-01,national,odezhda_bele,"Одежда, белье",110.3,level
2026-02-01,national,odezhda_bele,"Одежда, белье",110.1,level
2026-03-01,national,odezhda_bele,"Одежда, белье",110.0,level
2026-04-01,national,odezhda_bele,"Одежда, белье",110.0,level
2026-05-01,national,odezhda_bele,"Одежда, белье",110.1,level
2026-06-01,national,odezhda_bele,"Одежда, белье",110.5,level
2026-07-01,national,odezhda_bele,"Одежда, белье",110.8,level
2026-08-01,national,odezhda_bele,"Одежда, белье",110.3,level
2022-10-01,national,pivo,Пиво,124.8,level
2022-11-01,national,pivo,Пиво,125.1,level
2022-12-01,national,pivo,Пиво,127.2,level
2023-01-01,national,pivo,Пиво,130.9,level
2023-02-01,national,pivo,Пиво,130.2,level
2023-03-01,national,pivo,Пиво,127.1,level
2023-04-01,national,pivo,Пиво,126.2,level
2023-05-01,national,pivo,Пиво,125.1,level
2023-06-01,national,pivo,Пиво,125.3,level
2023-07-01,national,pivo,Пиво,124.4,level
2023-08-01,national,pivo,Пиво,123.5,level
2023-09-01,national,pivo,Пиво,122.8,level
2023-10-01,national,pivo,Пиво,122.4,level
2023-11-01,national,pivo,Пиво,122.6,level
2023-12-01,national,pivo,Пиво,121.5,level
2024-01-01,national,pivo,Пиво,118.5,level
2024-02-01,national,pivo,Пиво,117.9,level
2024-03-01,national,pivo,Пиво,117.1,level
2024-04-01,national,pivo,Пиво,116.7,level
2024-05-01,national,pivo,Пиво,115.8,level
2024-06-01,national,pivo,Пиво,114.3,level
2024-07-01,national,pivo,Пиво,114.3,level
2024-08-01,national,pivo,Пиво,114.3,level
2024-09-01,national,pivo,Пиво,113.9,level
2024-10-01,national,pivo,Пиво,112.4,level
2024-11-01,national,pivo,Пиво,112.2,level
2024-12-01,national,pivo,Пиво,111.9,level
2025-01-01,national,pivo,Пиво,112.4,level
2025-02-01,national,pivo,Пиво,115.4,level
2025-03-01,national,pivo,Пиво,114.3,level
2025-04-01,national,pivo,Пиво,113.9,level
2025-05-01,national,pivo,Пиво,113.0,level
2025-06-01,national,pivo,Пиво,112.7,level
2025-07-01,national,pivo,Пиво,112.6,level
2025-08-01,national,pivo,Пиво,112.6,level
2025-09-01,national,pivo,Пиво,113.0,level
2025-10-01,national,pivo,Пиво,113.1,level
2025-11-01,national,pivo,Пиво,115.1,level
2025-12-01,national,pivo,Пиво,115.1,level
2022-10-01,national,pokupka_avtotransportnykh_sredstv,Покупка автотранспортных средств,111.3,level
2022-11-01,national,pokupka_avtotransportnykh_sredstv,Покупка автотранспортных средств,112.1,level
2022-12-01,national,pokupka_avtotransportnykh_sredstv,Покупка автотранспортных средств,109.4,level
2023-01-01,national,pokupka_avtotransportnykh_sredstv,Покупка автотранспортных средств,107.9,level
2023-02-01,national,pokupka_avtotransportnykh_sredstv,Покупка автотранспортных средств,106.8,level
2023-03-01,national,pokupka_avtotransportnykh_sredstv,Покупка автотранспортных средств,104.2,level
2023-04-01,national,pokupka_avtotransportnykh_sredstv,Покупка автотранспортных средств,103.4,level
2023-05-01,national,pokupka_avtotransportnykh_sredstv,Покупка автотранспортных средств,103.1,level
2023-06-01,national,pokupka_avtotransportnykh_sredstv,Покупка автотранспортных средств,101.6,level
2023-07-01,national,pokupka_avtotransportnykh_sredstv,Покупка автотранспортных средств,102.4,level
2023-08-01,national,pokupka_avtotransportnykh_sredstv,Покупка автотранспортных средств,102.7,level
2023-09-01,national,pokupka_avtotransportnykh_sredstv,Покупка автотранспортных средств,103.1,level
2023-10-01,national,pokupka_avtotransportnykh_sredstv,Покупка автотранспортных средств,103.6,level
2023-11-01,national,pokupka_avtotransportnykh_sredstv,Покупка автотранспортных средств,105.1,level
2023-12-01,national,pokupka_avtotransportnykh_sredstv,Покупка автотранспортных средств,102.5,level
2024-01-01,national,pokupka_avtotransportnykh_sredstv,Покупка автотранспортных средств,102.1,level
2024-02-01,national,pokupka_avtotransportnykh_sredstv,Покупка автотранспортных средств,103.5,level
2024-03-01,national,pokupka_avtotransportnykh_sredstv,Покупка автотранспортных средств,102.3,level
2024-04-01,national,pokupka_avtotransportnykh_sredstv,Покупка автотранспортных средств,100.8,level
2024-05-01,national,pokupka_avtotransportnykh_sredstv,Покупка автотранспортных средств,101.7,level
2024-06-01,national,pokupka_avtotransportnykh_sredstv,Покупка автотранспортных средств,103.2,level
2024-07-01,national,pokupka_avtotransportnykh_sredstv,Покупка автотранспортных средств,103.3,level
2024-08-01,national,pokupka_avtotransportnykh_sredstv,Покупка автотранспортных средств,104.5,level
2024-09-01,national,pokupka_avtotransportnykh_sredstv,Покупка автотранспортных средств,105.9,level
2024-10-01,national,pokupka_avtotransportnykh_sredstv,Покупка автотранспортных средств,105.0,level
2024-11-01,national,pokupka_avtotransportnykh_sredstv,Покупка автотранспортных средств,103.9,level
2024-12-01,national,pokupka_avtotransportnykh_sredstv,Покупка автотранспортных средств,106.5,level
2025-01-01,national,pokupka_avtotransportnykh_sredstv,Покупка автотранспортных средств,107.4,level
2025-02-01,national,pokupka_avtotransportnykh_sredstv,Покупка автотранспортных средств,107.1,level
2025-03-01,national,pokupka_avtotransportnykh_sredstv,Покупка автотранспортных средств,108.3,level
2025-04-01,national,pokupka_avtotransportnykh_sredstv,Покупка автотранспортных средств,110.9,level
2025-05-01,national,pokupka_avtotransportnykh_sredstv,Покупка автотранспортных средств,110.7,level
2025-06-01,national,pokupka_avtotransportnykh_sredstv,Покупка автотранспортных средств,111.6,level
2025-07-01,national,pokupka_avtotransportnykh_sredstv,Покупка автотранспортных средств,109.4,level
2025-08-01,national,pokupka_avtotransportnykh_sredstv,Покупка автотранспортных средств,108.2,level
2025-09-01,national,pokupka_avtotransportnykh_sredstv,Покупка автотранспортных средств,106.6,level
2025-10-01,national,pokupka_avtotransportnykh_sredstv,Покупка автотранспортных средств,106.0,level
2025-11-01,national,pokupka_avtotransportnykh_sredstv,Покупка автотранспортных средств,104.2,level
2025-12-01,national,pokupka_avtotransportnykh_sredstv,Покупка автотранспортных средств,103.7,level
2026-01-01,national,pokupka_avtotransportnykh_sredstv,Покупка автотранспортных средств,98.6,level
2026-02-01,national,pokupka_avtotransportnykh_sredstv,Покупка автотранспортных средств,96.3,level
2026-03-01,national,pokupka_avtotransportnykh_sredstv,Покупка автотранспортных средств,93.7,level
2026-04-01,national,pokupka_avtotransportnykh_sredstv,Покупка автотранспортных средств,92.9,level
2026-05-01,national,pokupka_avtotransportnykh_sredstv,Покупка автотранспортных средств,92.9,level
2026-06-01,national,pokupka_avtotransportnykh_sredstv,Покупка автотранспортных средств,91.2,level
2026-07-01,national,pokupka_avtotransportnykh_sredstv,Покупка автотранспортных средств,90.8,level
2026-08-01,national,pokupka_avtotransportnykh_sredstv,Покупка автотранспортных средств,89.0,level
2022-10-01,national,prochaya_produkiya_meditsinskogo_naznacheniya,Прочая продукия медицинского назначения,117.4,level
2022-11-01,national,prochaya_produkiya_meditsinskogo_naznacheniya,Прочая продукия медицинского назначения,118.5,level
2022-12-01,national,prochaya_produkiya_meditsinskogo_naznacheniya,Прочая продукия медицинского назначения,119.6,level
2023-01-01,national,prochaya_produkiya_meditsinskogo_naznacheniya,Прочая продукия медицинского назначения,118.9,level
2023-02-01,national,prochaya_produkiya_meditsinskogo_naznacheniya,Прочая продукия медицинского назначения,120.2,level
2023-03-01,national,prochaya_produkiya_meditsinskogo_naznacheniya,Прочая продукия медицинского назначения,118.6,level
2023-04-01,national,prochaya_produkiya_meditsinskogo_naznacheniya,Прочая продукия медицинского назначения,117.8,level
2023-05-01,national,prochaya_produkiya_meditsinskogo_naznacheniya,Прочая продукия медицинского назначения,115.9,level
2023-06-01,national,prochaya_produkiya_meditsinskogo_naznacheniya,Прочая продукия медицинского назначения,116.1,level
2023-07-01,national,prochaya_produkiya_meditsinskogo_naznacheniya,Прочая продукия медицинского назначения,115.5,level
2023-08-01,national,prochaya_produkiya_meditsinskogo_naznacheniya,Прочая продукия медицинского назначения,113.2,level
2023-09-01,national,prochaya_produkiya_meditsinskogo_naznacheniya,Прочая продукия медицинского назначения,110.0,level
2023-10-01,national,prochaya_produkiya_meditsinskogo_naznacheniya,Прочая продукия медицинского назначения,107.2,level
2023-11-01,national,prochaya_produkiya_meditsinskogo_naznacheniya,Прочая продукия медицинского назначения,106.0,level
2023-12-01,national,prochaya_produkiya_meditsinskogo_naznacheniya,Прочая продукия медицинского назначения,105.0,level
2024-01-01,national,prochaya_produkiya_meditsinskogo_naznacheniya,Прочая продукия медицинского назначения,103.9,level
2024-02-01,national,prochaya_produkiya_meditsinskogo_naznacheniya,Прочая продукия медицинского назначения,100.9,level
2024-03-01,national,prochaya_produkiya_meditsinskogo_naznacheniya,Прочая продукия медицинского назначения,97.4,level
2024-04-01,national,prochaya_produkiya_meditsinskogo_naznacheniya,Прочая продукия медицинского назначения,102.0,level
2024-05-01,national,prochaya_produkiya_meditsinskogo_naznacheniya,Прочая продукия медицинского назначения,105.3,level
2024-06-01,national,prochaya_produkiya_meditsinskogo_naznacheniya,Прочая продукия медицинского назначения,106.2,level
2024-07-01,national,prochaya_produkiya_meditsinskogo_naznacheniya,Прочая продукия медицинского назначения,106.0,level
2024-08-01,national,prochaya_produkiya_meditsinskogo_naznacheniya,Прочая продукия медицинского назначения,108.9,level
2024-09-01,national,prochaya_produkiya_meditsinskogo_naznacheniya,Прочая продукия медицинского назначения,109.4,level
2024-10-01,national,prochaya_produkiya_meditsinskogo_naznacheniya,Прочая продукия медицинского назначения,107.9,level
2024-11-01,national,prochaya_produkiya_meditsinskogo_naznacheniya,Прочая продукия медицинского назначения,108.1,level
2024-12-01,national,prochaya_produkiya_meditsinskogo_naznacheniya,Прочая продукия медицинского назначения,104.4,level
2025-01-01,national,prochaya_produkiya_meditsinskogo_naznacheniya,Прочая продукия медицинского назначения,102.9,level
2025-02-01,national,prochaya_produkiya_meditsinskogo_naznacheniya,Прочая продукия медицинского назначения,106.9,level
2025-03-01,national,prochaya_produkiya_meditsinskogo_naznacheniya,Прочая продукия медицинского назначения,110.2,level
2025-04-01,national,prochaya_produkiya_meditsinskogo_naznacheniya,Прочая продукия медицинского назначения,102.7,level
2025-05-01,national,prochaya_produkiya_meditsinskogo_naznacheniya,Прочая продукия медицинского назначения,100.6,level
2025-06-01,national,prochaya_produkiya_meditsinskogo_naznacheniya,Прочая продукия медицинского назначения,100.7,level
2025-07-01,national,prochaya_produkiya_meditsinskogo_naznacheniya,Прочая продукия медицинского назначения,101.6,level
2025-08-01,national,prochaya_produkiya_meditsinskogo_naznacheniya,Прочая продукия медицинского назначения,98.6,level
2025-09-01,national,prochaya_produkiya_meditsinskogo_naznacheniya,Прочая продукия медицинского назначения,99.6,level
2025-10-01,national,prochaya_produkiya_meditsinskogo_naznacheniya,Прочая продукия медицинского назначения,102.0,level
2025-11-01,national,prochaya_produkiya_meditsinskogo_naznacheniya,Прочая продукия медицинского назначения,102.2,level
2025-12-01,national,prochaya_produkiya_meditsinskogo_naznacheniya,Прочая продукия медицинского назначения,106.6,level
2022-10-01,national,prochie_predmety_lichnogo_polzovaniya,Прочие предметы личного пользования,120.0,level
2022-11-01,national,prochie_predmety_lichnogo_polzovaniya,Прочие предметы личного пользования,120.9,level
2022-12-01,national,prochie_predmety_lichnogo_polzovaniya,Прочие предметы личного пользования,122.1,level
2023-01-01,national,prochie_predmety_lichnogo_polzovaniya,Прочие предметы личного пользования,122.4,level
2023-02-01,national,prochie_predmety_lichnogo_polzovaniya,Прочие предметы личного пользования,123.0,level
2023-03-01,national,prochie_predmety_lichnogo_polzovaniya,Прочие предметы личного пользования,121.8,level
2023-04-01,national,prochie_predmety_lichnogo_polzovaniya,Прочие предметы личного пользования,120.1,level
2023-05-01,national,prochie_predmety_lichnogo_polzovaniya,Прочие предметы личного пользования,119.0,level
2023-06-01,national,prochie_predmety_lichnogo_polzovaniya,Прочие предметы личного пользования,118.1,level
2023-07-01,national,prochie_predmety_lichnogo_polzovaniya,Прочие предметы личного пользования,116.8,level
2023-08-01,national,prochie_predmety_lichnogo_polzovaniya,Прочие предметы личного пользования,112.4,level
2023-09-01,national,prochie_predmety_lichnogo_polzovaniya,Прочие предметы личного пользования,110.5,level
2023-10-01,national,prochie_predmety_lichnogo_polzovaniya,Прочие предметы личного пользования,110.3,level
2023-11-01,national,prochie_predmety_lichnogo_polzovaniya,Прочие предметы личного пользования,109.8,level
2023-12-01,national,prochie_predmety_lichnogo_polzovaniya,Прочие предметы личного пользования,110.1,level
2024-01-01,national,prochie_predmety_lichnogo_polzovaniya,Прочие предметы личного пользования,109.7,level
2024-02-01,national,prochie_predmety_lichnogo_polzovaniya,Прочие предметы личного пользования,109.4,level
2024-03-01,national,prochie_predmety_lichnogo_polzovaniya,Прочие предметы личного пользования,109.7,level
2024-04-01,national,prochie_predmety_lichnogo_polzovaniya,Прочие предметы личного пользования,109.8,level
2024-05-01,national,prochie_predmety_lichnogo_polzovaniya,Прочие предметы личного пользования,109.6,level
2024-06-01,national,prochie_predmety_lichnogo_polzovaniya,Прочие предметы личного пользования,109.4,level
2024-07-01,national,prochie_predmety_lichnogo_polzovaniya,Прочие предметы личного пользования,109.4,level
2024-08-01,national,prochie_predmety_lichnogo_polzovaniya,Прочие предметы личного пользования,109.6,level
2024-09-01,national,prochie_predmety_lichnogo_polzovaniya,Прочие предметы личного пользования,109.7,level
2024-10-01,national,prochie_predmety_lichnogo_polzovaniya,Прочие предметы личного пользования,109.4,level
2024-11-01,national,prochie_predmety_lichnogo_polzovaniya,Прочие предметы личного пользования,109.7,level
2024-12-01,national,prochie_predmety_lichnogo_polzovaniya,Прочие предметы личного пользования,108.4,level
2025-01-01,national,prochie_predmety_lichnogo_polzovaniya,Прочие предметы личного пользования,108.7,level
2025-02-01,national,prochie_predmety_lichnogo_polzovaniya,Прочие предметы личного пользования,108.8,level
2025-03-01,national,prochie_predmety_lichnogo_polzovaniya,Прочие предметы личного пользования,109.4,level
2025-04-01,national,prochie_predmety_lichnogo_polzovaniya,Прочие предметы личного пользования,109.4,level
2025-05-01,national,prochie_predmety_lichnogo_polzovaniya,Прочие предметы личного пользования,109.6,level
2025-06-01,national,prochie_predmety_lichnogo_polzovaniya,Прочие предметы личного пользования,109.4,level
2025-07-01,national,prochie_predmety_lichnogo_polzovaniya,Прочие предметы личного пользования,109.1,level
2025-08-01,national,prochie_predmety_lichnogo_polzovaniya,Прочие предметы личного пользования,109.9,level
2025-09-01,national,prochie_predmety_lichnogo_polzovaniya,Прочие предметы личного пользования,109.7,level
2025-10-01,national,prochie_predmety_lichnogo_polzovaniya,Прочие предметы личного пользования,109.7,level
2025-11-01,national,prochie_predmety_lichnogo_polzovaniya,Прочие предметы личного пользования,109.6,level
2025-12-01,national,prochie_predmety_lichnogo_polzovaniya,Прочие предметы личного пользования,109.5,level
2022-10-01,national,prochie_predmety_pribory_i_tovary_lichnogo_polzovaniya,"Прочие предметы, приборы и товары личного пользования",133.1,level
2022-11-01,national,prochie_predmety_pribory_i_tovary_lichnogo_polzovaniya,"Прочие предметы, приборы и товары личного пользования",136.5,level
2022-12-01,national,prochie_predmety_pribory_i_tovary_lichnogo_polzovaniya,"Прочие предметы, приборы и товары личного пользования",138.5,level
2023-01-01,national,prochie_predmety_pribory_i_tovary_lichnogo_polzovaniya,"Прочие предметы, приборы и товары личного пользования",140.0,level
2023-02-01,national,prochie_predmety_pribory_i_tovary_lichnogo_polzovaniya,"Прочие предметы, приборы и товары личного пользования",140.5,level
2023-03-01,national,prochie_predmety_pribory_i_tovary_lichnogo_polzovaniya,"Прочие предметы, приборы и товары личного пользования",137.0,level
2023-04-01,national,prochie_predmety_pribory_i_tovary_lichnogo_polzovaniya,"Прочие предметы, приборы и товары личного пользования",131.7,level
2023-05-01,national,prochie_predmety_pribory_i_tovary_lichnogo_polzovaniya,"Прочие предметы, приборы и товары личного пользования",127.8,level
2023-06-01,national,prochie_predmety_pribory_i_tovary_lichnogo_polzovaniya,"Прочие предметы, приборы и товары личного пользования",124.6,level
2023-07-01,national,prochie_predmety_pribory_i_tovary_lichnogo_polzovaniya,"Прочие предметы, приборы и товары личного пользования",121.9,level
2023-08-01,national,prochie_predmety_pribory_i_tovary_lichnogo_polzovaniya,"Прочие предметы, приборы и товары личного пользования",119.9,level
2023-09-01,national,prochie_predmety_pribory_i_tovary_lichnogo_polzovaniya,"Прочие предметы, приборы и товары личного пользования",118.3,level
2023-10-01,national,prochie_predmety_pribory_i_tovary_lichnogo_polzovaniya,"Прочие предметы, приборы и товары личного пользования",116.6,level
2023-11-01,national,prochie_predmety_pribory_i_tovary_lichnogo_polzovaniya,"Прочие предметы, приборы и товары личного пользования",114.1,level
2023-12-01,national,prochie_predmety_pribory_i_tovary_lichnogo_polzovaniya,"Прочие предметы, приборы и товары личного пользования",112.4,level
2024-01-01,national,prochie_predmety_pribory_i_tovary_lichnogo_polzovaniya,"Прочие предметы, приборы и товары личного пользования",111.8,level
2024-02-01,national,prochie_predmety_pribory_i_tovary_lichnogo_polzovaniya,"Прочие предметы, приборы и товары личного пользования",110.9,level
2024-03-01,national,prochie_predmety_pribory_i_tovary_lichnogo_polzovaniya,"Прочие предметы, приборы и товары личного пользования",109.9,level
2024-04-01,national,prochie_predmety_pribory_i_tovary_lichnogo_polzovaniya,"Прочие предметы, приборы и товары личного пользования",109.6,level
2024-05-01,national,prochie_predmety_pribory_i_tovary_lichnogo_polzovaniya,"Прочие предметы, приборы и товары личного пользования",108.9,level
2024-06-01,national,prochie_predmety_pribory_i_tovary_lichnogo_polzovaniya,"Прочие предметы, приборы и товары личного пользования",108.4,level
2024-07-01,national,prochie_predmety_pribory_i_tovary_lichnogo_polzovaniya,"Прочие предметы, приборы и товары личного пользования",105.0,level
2024-08-01,national,prochie_predmety_pribory_i_tovary_lichnogo_polzovaniya,"Прочие предметы, приборы и товары личного пользования",107.8,level
2024-09-01,national,prochie_predmety_pribory_i_tovary_lichnogo_polzovaniya,"Прочие предметы, приборы и товары личного пользования",107.6,level
2024-10-01,national,prochie_predmety_pribory_i_tovary_lichnogo_polzovaniya,"Прочие предметы, приборы и товары личного пользования",107.3,level
2024-11-01,national,prochie_predmety_pribory_i_tovary_lichnogo_polzovaniya,"Прочие предметы, приборы и товары личного пользования",107.0,level
2024-12-01,national,prochie_predmety_pribory_i_tovary_lichnogo_polzovaniya,"Прочие предметы, приборы и товары личного пользования",106.9,level
2025-01-01,national,prochie_predmety_pribory_i_tovary_lichnogo_polzovaniya,"Прочие предметы, приборы и товары личного пользования",106.0,level
2025-02-01,national,prochie_predmety_pribory_i_tovary_lichnogo_polzovaniya,"Прочие предметы, приборы и товары личного пользования",105.9,level
2025-03-01,national,prochie_predmety_pribory_i_tovary_lichnogo_polzovaniya,"Прочие предметы, приборы и товары личного пользования",106.1,level
2025-04-01,national,prochie_predmety_pribory_i_tovary_lichnogo_polzovaniya,"Прочие предметы, приборы и товары личного пользования",105.8,level
2025-05-01,national,prochie_predmety_pribory_i_tovary_lichnogo_polzovaniya,"Прочие предметы, приборы и товары личного пользования",106.0,level
2025-06-01,national,prochie_predmety_pribory_i_tovary_lichnogo_polzovaniya,"Прочие предметы, приборы и товары личного пользования",135.4,level
2025-07-01,national,prochie_predmety_pribory_i_tovary_lichnogo_polzovaniya,"Прочие предметы, приборы и товары личного пользования",106.6,level
2025-08-01,national,prochie_predmety_pribory_i_tovary_lichnogo_polzovaniya,"Прочие предметы, приборы и товары личного пользования",106.8,level
2025-09-01,national,prochie_predmety_pribory_i_tovary_lichnogo_polzovaniya,"Прочие предметы, приборы и товары личного пользования",107.3,level
2025-10-01,national,prochie_predmety_pribory_i_tovary_lichnogo_polzovaniya,"Прочие предметы, приборы и товары личного пользования",108.0,level
2025-11-01,national,prochie_predmety_pribory_i_tovary_lichnogo_polzovaniya,"Прочие предметы, приборы и товары личного пользования",108.6,level
2025-12-01,national,prochie_predmety_pribory_i_tovary_lichnogo_polzovaniya,"Прочие предметы, приборы и товары личного пользования",109.4,level
2026-01-01,national,prochie_predmety_pribory_i_tovary_lichnogo_polzovaniya,"Прочие предметы, приборы и товары личного пользования",111.3,level
2026-02-01,national,prochie_predmety_pribory_i_tovary_lichnogo_polzovaniya,"Прочие предметы, приборы и товары личного пользования",112.6,level
2026-03-01,national,prochie_predmety_pribory_i_tovary_lichnogo_polzovaniya,"Прочие предметы, приборы и товары личного пользования",112.5,level
2026-04-01,national,prochie_predmety_pribory_i_tovary_lichnogo_polzovaniya,"Прочие предметы, приборы и товары личного пользования",113.7,level
2026-05-01,national,prochie_predmety_pribory_i_tovary_lichnogo_polzovaniya,"Прочие предметы, приборы и товары личного пользования",113.2,level
2026-06-01,national,prochie_predmety_pribory_i_tovary_lichnogo_polzovaniya,"Прочие предметы, приборы и товары личного пользования",113.4,level
2026-07-01,national,prochie_predmety_pribory_i_tovary_lichnogo_polzovaniya,"Прочие предметы, приборы и товары личного пользования",113.1,level
2026-08-01,national,prochie_predmety_pribory_i_tovary_lichnogo_polzovaniya,"Прочие предметы, приборы и товары личного пользования",113.1,level
2026-01-01,national,prochie_tovary_dlya_otdykha,Прочие товары для отдыха,105.8,level
2026-02-01,national,prochie_tovary_dlya_otdykha,Прочие товары для отдыха,108.0,level
2026-03-01,national,prochie_tovary_dlya_otdykha,Прочие товары для отдыха,107.9,level
2026-04-01,national,prochie_tovary_dlya_otdykha,Прочие товары для отдыха,114.4,level
2026-05-01,national,prochie_tovary_dlya_otdykha,Прочие товары для отдыха,113.4,level
2026-06-01,national,prochie_tovary_dlya_otdykha,Прочие товары для отдыха,115.4,level
2026-07-01,national,prochie_tovary_dlya_otdykha,Прочие товары для отдыха,118.6,level
2026-08-01,national,prochie_tovary_dlya_otdykha,Прочие товары для отдыха,118.2,level
2026-01-01,national,prochie_tovary_lichnogo_polzovaniya,Прочие товары личного пользования,110.4,level
2026-02-01,national,prochie_tovary_lichnogo_polzovaniya,Прочие товары личного пользования,111.3,level
2026-03-01,national,prochie_tovary_lichnogo_polzovaniya,Прочие товары личного пользования,111.4,level
2026-04-01,national,prochie_tovary_lichnogo_polzovaniya,Прочие товары личного пользования,113.8,level
2026-05-01,national,prochie_tovary_lichnogo_polzovaniya,Прочие товары личного пользования,114.0,level
2026-06-01,national,prochie_tovary_lichnogo_polzovaniya,Прочие товары личного пользования,114.7,level
2026-07-01,national,prochie_tovary_lichnogo_polzovaniya,Прочие товары личного пользования,114.4,level
2026-08-01,national,prochie_tovary_lichnogo_polzovaniya,Прочие товары личного пользования,111.7,level
2022-10-01,national,produkty_pitaniya_ne_otnesennye_k_drugim_kategoriyam,"Продукты питания, не отнесенные к другим категориям",130.9,level
2022-11-01,national,produkty_pitaniya_ne_otnesennye_k_drugim_kategoriyam,"Продукты питания, не отнесенные к другим категориям",132.2,level
2022-12-01,national,produkty_pitaniya_ne_otnesennye_k_drugim_kategoriyam,"Продукты питания, не отнесенные к другим категориям",133.3,level
2023-01-01,national,produkty_pitaniya_ne_otnesennye_k_drugim_kategoriyam,"Продукты питания, не отнесенные к другим категориям",134.2,level
2023-02-01,national,produkty_pitaniya_ne_otnesennye_k_drugim_kategoriyam,"Продукты питания, не отнесенные к другим категориям",133.9,level
2023-03-01,national,produkty_pitaniya_ne_otnesennye_k_drugim_kategoriyam,"Продукты питания, не отнесенные к другим категориям",130.9,level
2023-04-01,national,produkty_pitaniya_ne_otnesennye_k_drugim_kategoriyam,"Продукты питания, не отнесенные к другим категориям",128.3,level
2023-05-01,national,produkty_pitaniya_ne_otnesennye_k_drugim_kategoriyam,"Продукты питания, не отнесенные к другим категориям",124.9,level
2023-06-01,national,produkty_pitaniya_ne_otnesennye_k_drugim_kategoriyam,"Продукты питания, не отнесенные к другим категориям",122.0,level
2023-07-01,national,produkty_pitaniya_ne_otnesennye_k_drugim_kategoriyam,"Продукты питания, не отнесенные к другим категориям",120.6,level
2023-08-01,national,produkty_pitaniya_ne_otnesennye_k_drugim_kategoriyam,"Продукты питания, не отнесенные к другим категориям",117.7,level
2023-09-01,national,produkty_pitaniya_ne_otnesennye_k_drugim_kategoriyam,"Продукты питания, не отнесенные к другим категориям",113.4,level
2023-10-01,national,produkty_pitaniya_ne_otnesennye_k_drugim_kategoriyam,"Продукты питания, не отнесенные к другим категориям",110.5,level
2023-11-01,national,produkty_pitaniya_ne_otnesennye_k_drugim_kategoriyam,"Продукты питания, не отнесенные к другим категориям",108.8,level
2023-12-01,national,produkty_pitaniya_ne_otnesennye_k_drugim_kategoriyam,"Продукты питания, не отнесенные к другим категориям",107.6,level
2024-01-01,national,produkty_pitaniya_ne_otnesennye_k_drugim_kategoriyam,"Продукты питания, не отнесенные к другим категориям",107.1,level
2024-02-01,national,produkty_pitaniya_ne_otnesennye_k_drugim_kategoriyam,"Продукты питания, не отнесенные к другим категориям",106.4,level
2024-03-01,national,produkty_pitaniya_ne_otnesennye_k_drugim_kategoriyam,"Продукты питания, не отнесенные к другим категориям",105.4,level
2024-04-01,national,produkty_pitaniya_ne_otnesennye_k_drugim_kategoriyam,"Продукты питания, не отнесенные к другим категориям",104.7,level
2024-05-01,national,produkty_pitaniya_ne_otnesennye_k_drugim_kategoriyam,"Продукты питания, не отнесенные к другим категориям",104.5,level
2024-06-01,national,produkty_pitaniya_ne_otnesennye_k_drugim_kategoriyam,"Продукты питания, не отнесенные к другим категориям",104.3,level
2024-07-01,national,produkty_pitaniya_ne_otnesennye_k_drugim_kategoriyam,"Продукты питания, не отнесенные к другим категориям",103.9,level
2024-08-01,national,produkty_pitaniya_ne_otnesennye_k_drugim_kategoriyam,"Продукты питания, не отнесенные к другим категориям",104.1,level
2024-09-01,national,produkty_pitaniya_ne_otnesennye_k_drugim_kategoriyam,"Продукты питания, не отнесенные к другим категориям",104.4,level
2024-10-01,national,produkty_pitaniya_ne_otnesennye_k_drugim_kategoriyam,"Продукты питания, не отнесенные к другим категориям",104.6,level
2024-11-01,national,produkty_pitaniya_ne_otnesennye_k_drugim_kategoriyam,"Продукты питания, не отнесенные к другим категориям",104.9,level
2024-12-01,national,produkty_pitaniya_ne_otnesennye_k_drugim_kategoriyam,"Продукты питания, не отнесенные к другим категориям",105.1,level
2025-01-01,national,produkty_pitaniya_ne_otnesennye_k_drugim_kategoriyam,"Продукты питания, не отнесенные к другим категориям",105.0,level
2025-02-01,national,produkty_pitaniya_ne_otnesennye_k_drugim_kategoriyam,"Продукты питания, не отнесенные к другим категориям",105.0,level
2025-03-01,national,produkty_pitaniya_ne_otnesennye_k_drugim_kategoriyam,"Продукты питания, не отнесенные к другим категориям",106.2,level
2025-04-01,national,produkty_pitaniya_ne_otnesennye_k_drugim_kategoriyam,"Продукты питания, не отнесенные к другим категориям",106.4,level
2025-05-01,national,produkty_pitaniya_ne_otnesennye_k_drugim_kategoriyam,"Продукты питания, не отнесенные к другим категориям",106.7,level
2025-06-01,national,produkty_pitaniya_ne_otnesennye_k_drugim_kategoriyam,"Продукты питания, не отнесенные к другим категориям",107.3,level
2025-07-01,national,produkty_pitaniya_ne_otnesennye_k_drugim_kategoriyam,"Продукты питания, не отнесенные к другим категориям",107.8,level
2025-08-01,national,produkty_pitaniya_ne_otnesennye_k_drugim_kategoriyam,"Продукты питания, не отнесенные к другим категориям",108.6,level
2025-09-01,national,produkty_pitaniya_ne_otnesennye_k_drugim_kategoriyam,"Продукты питания, не отнесенные к другим категориям",110.5,level
2025-10-01,national,produkty_pitaniya_ne_otnesennye_k_drugim_kategoriyam,"Продукты питания, не отнесенные к другим категориям",111.3,level
2025-11-01,national,produkty_pitaniya_ne_otnesennye_k_drugim_kategoriyam,"Продукты питания, не отнесенные к другим категориям",111.8,level
2025-12-01,national,produkty_pitaniya_ne_otnesennye_k_drugim_kategoriyam,"Продукты питания, не отнесенные к другим категориям",112.4,level
2022-10-01,national,rasteniya_i_tsvety,Растения и цветы,116.0,level
2022-11-01,national,rasteniya_i_tsvety,Растения и цветы,118.0,level
2022-12-01,national,rasteniya_i_tsvety,Растения и цветы,120.0,level
2023-01-01,national,rasteniya_i_tsvety,Растения и цветы,120.4,level
2023-02-01,national,rasteniya_i_tsvety,Растения и цветы,119.6,level
2023-03-01,national,rasteniya_i_tsvety,Растения и цветы,121.0,level
2023-04-01,national,rasteniya_i_tsvety,Растения и цветы,117.6,level
2023-05-01,national,rasteniya_i_tsvety,Растения и цветы,118.3,level
2023-06-01,national,rasteniya_i_tsvety,Растения и цветы,118.1,level
2023-07-01,national,rasteniya_i_tsvety,Растения и цветы,117.7,level
2023-08-01,national,rasteniya_i_tsvety,Растения и цветы,116.7,level
2023-09-01,national,rasteniya_i_tsvety,Растения и цветы,115.4,level
2023-10-01,national,rasteniya_i_tsvety,Растения и цветы,114.0,level
2023-11-01,national,rasteniya_i_tsvety,Растения и цветы,111.5,level
2023-12-01,national,rasteniya_i_tsvety,Растения и цветы,109.5,level
2024-01-01,national,rasteniya_i_tsvety,Растения и цветы,108.1,level
2024-02-01,national,rasteniya_i_tsvety,Растения и цветы,108.5,level
2024-03-01,national,rasteniya_i_tsvety,Растения и цветы,103.3,level
2024-04-01,national,rasteniya_i_tsvety,Растения и цветы,103.4,level
2024-05-01,national,rasteniya_i_tsvety,Растения и цветы,102.6,level
2024-06-01,national,rasteniya_i_tsvety,Растения и цветы,103.8,level
2024-07-01,national,rasteniya_i_tsvety,Растения и цветы,111.7,level
2024-08-01,national,rasteniya_i_tsvety,Растения и цветы,105.0,level
2024-09-01,national,rasteniya_i_tsvety,Растения и цветы,105.5,level
2024-10-01,national,rasteniya_i_tsvety,Растения и цветы,105.5,level
2024-11-01,national,rasteniya_i_tsvety,Растения и цветы,105.7,level
2024-12-01,national,rasteniya_i_tsvety,Растения и цветы,105.9,level
2025-01-01,national,rasteniya_i_tsvety,Растения и цветы,106.6,level
2025-02-01,national,rasteniya_i_tsvety,Растения и цветы,106.3,level
2025-03-01,national,rasteniya_i_tsvety,Растения и цветы,106.1,level
2025-04-01,national,rasteniya_i_tsvety,Растения и цветы,106.2,level
2025-05-01,national,rasteniya_i_tsvety,Растения и цветы,105.7,level
2025-06-01,national,rasteniya_i_tsvety,Растения и цветы,108.4,level
2025-07-01,national,rasteniya_i_tsvety,Растения и цветы,103.8,level
2025-08-01,national,rasteniya_i_tsvety,Растения и цветы,104.1,level
2025-09-01,national,rasteniya_i_tsvety,Растения и цветы,104.4,level
2025-10-01,national,rasteniya_i_tsvety,Растения и цветы,104.5,level
2025-11-01,national,rasteniya_i_tsvety,Растения и цветы,104.9,level
2025-12-01,national,rasteniya_i_tsvety,Растения и цветы,104.2,level
2022-10-01,national,ris,Рис,128.9,level
2022-11-01,national,ris,Рис,133.5,level
2022-12-01,national,ris,Рис,136.5,level
2023-01-01,national,ris,Рис,139.6,level
2023-02-01,national,ris,Рис,144.9,level
2023-03-01,national,ris,Рис,143.8,level
2023-04-01,national,ris,Рис,143.9,level
2023-05-01,national,ris,Рис,144.9,level
2023-06-01,national,ris,Рис,147.6,level
2023-07-01,national,ris,Рис,144.3,level
2023-08-01,national,ris,Рис,142.6,level
2023-09-01,national,ris,Рис,141.3,level
2023-10-01,national,ris,Рис,140.3,level
2023-11-01,national,ris,Рис,137.3,level
2023-12-01,national,ris,Рис,134.3,level
2024-01-01,national,ris,Рис,131.2,level
2024-02-01,national,ris,Рис,126.0,level
2024-03-01,national,ris,Рис,122.7,level
2024-04-01,national,ris,Рис,119.7,level
2024-05-01,national,ris,Рис,117.4,level
2024-06-01,national,ris,Рис,112.5,level
2024-07-01,national,ris,Рис,110.1,level
2024-08-01,national,ris,Рис,107.6,level
2024-09-01,national,ris,Рис,103.9,level
2024-10-01,national,ris,Рис,102.6,level
2024-11-01,national,ris,Рис,99.2,level
2024-12-01,national,ris,Рис,97.0,level
2025-01-01,national,ris,Рис,95.9,level
2025-02-01,national,ris,Рис,94.3,level
2025-03-01,national,ris,Рис,93.7,level
2025-04-01,national,ris,Рис,93.1,level
2025-05-01,national,ris,Рис,91.8,level
2025-06-01,national,ris,Рис,91.8,level
2025-07-01,national,ris,Рис,91.2,level
2025-08-01,national,ris,Рис,91.5,level
2025-09-01,national,ris,Рис,91.9,level
2025-10-01,national,ris,Рис,91.7,level
2025-11-01,national,ris,Рис,93.1,level
2025-12-01,national,ris,Рис,95.2,level
2022-10-01,national,ruchnye_instrumenty_i_prisposobleniya,Ручные инструменты и приспособления,124.8,level
2022-11-01,national,ruchnye_instrumenty_i_prisposobleniya,Ручные инструменты и приспособления,125.9,level
2022-12-01,national,ruchnye_instrumenty_i_prisposobleniya,Ручные инструменты и приспособления,128.0,level
2023-01-01,national,ruchnye_instrumenty_i_prisposobleniya,Ручные инструменты и приспособления,127.7,level
2023-02-01,national,ruchnye_instrumenty_i_prisposobleniya,Ручные инструменты и приспособления,126.4,level
2023-03-01,national,ruchnye_instrumenty_i_prisposobleniya,Ручные инструменты и приспособления,123.0,level
2023-04-01,national,ruchnye_instrumenty_i_prisposobleniya,Ручные инструменты и приспособления,123.4,level
2023-05-01,national,ruchnye_instrumenty_i_prisposobleniya,Ручные инструменты и приспособления,121.8,level
2023-06-01,national,ruchnye_instrumenty_i_prisposobleniya,Ручные инструменты и приспособления,117.2,level
2023-07-01,national,ruchnye_instrumenty_i_prisposobleniya,Ручные инструменты и приспособления,117.3,level
2023-08-01,national,ruchnye_instrumenty_i_prisposobleniya,Ручные инструменты и приспособления,116.4,level
2023-09-01,national,ruchnye_instrumenty_i_prisposobleniya,Ручные инструменты и приспособления,114.4,level
2023-10-01,national,ruchnye_instrumenty_i_prisposobleniya,Ручные инструменты и приспособления,112.9,level
2023-11-01,national,ruchnye_instrumenty_i_prisposobleniya,Ручные инструменты и приспособления,111.9,level
2023-12-01,national,ruchnye_instrumenty_i_prisposobleniya,Ручные инструменты и приспособления,111.4,level
2024-01-01,national,ruchnye_instrumenty_i_prisposobleniya,Ручные инструменты и приспособления,111.2,level
2024-02-01,national,ruchnye_instrumenty_i_prisposobleniya,Ручные инструменты и приспособления,110.9,level
2024-03-01,national,ruchnye_instrumenty_i_prisposobleniya,Ручные инструменты и приспособления,109.6,level
2024-04-01,national,ruchnye_instrumenty_i_prisposobleniya,Ручные инструменты и приспособления,107.5,level
2024-05-01,national,ruchnye_instrumenty_i_prisposobleniya,Ручные инструменты и приспособления,105.6,level
2024-06-01,national,ruchnye_instrumenty_i_prisposobleniya,Ручные инструменты и приспособления,108.1,level
2024-07-01,national,ruchnye_instrumenty_i_prisposobleniya,Ручные инструменты и приспособления,107.5,level
2024-08-01,national,ruchnye_instrumenty_i_prisposobleniya,Ручные инструменты и приспособления,108.0,level
2024-09-01,national,ruchnye_instrumenty_i_prisposobleniya,Ручные инструменты и приспособления,108.1,level
2024-10-01,national,ruchnye_instrumenty_i_prisposobleniya,Ручные инструменты и приспособления,108.0,level
2024-11-01,national,ruchnye_instrumenty_i_prisposobleniya,Ручные инструменты и приспособления,108.3,level
2024-12-01,national,ruchnye_instrumenty_i_prisposobleniya,Ручные инструменты и приспособления,106.4,level
2025-01-01,national,ruchnye_instrumenty_i_prisposobleniya,Ручные инструменты и приспособления,106.9,level
2025-02-01,national,ruchnye_instrumenty_i_prisposobleniya,Ручные инструменты и приспособления,105.9,level
2025-03-01,national,ruchnye_instrumenty_i_prisposobleniya,Ручные инструменты и приспособления,105.8,level
2025-04-01,national,ruchnye_instrumenty_i_prisposobleniya,Ручные инструменты и приспособления,106.0,level
2025-05-01,national,ruchnye_instrumenty_i_prisposobleniya,Ручные инструменты и приспособления,106.7,level
2025-06-01,national,ruchnye_instrumenty_i_prisposobleniya,Ручные инструменты и приспособления,103.7,level
2025-07-01,national,ruchnye_instrumenty_i_prisposobleniya,Ручные инструменты и приспособления,103.9,level
2025-08-01,national,ruchnye_instrumenty_i_prisposobleniya,Ручные инструменты и приспособления,103.2,level
2025-09-01,national,ruchnye_instrumenty_i_prisposobleniya,Ручные инструменты и приспособления,103.2,level
2025-10-01,national,ruchnye_instrumenty_i_prisposobleniya,Ручные инструменты и приспособления,102.8,level
2025-11-01,national,ruchnye_instrumenty_i_prisposobleniya,Ручные инструменты и приспособления,102.3,level
2025-12-01,national,ruchnye_instrumenty_i_prisposobleniya,Ручные инструменты и приспособления,102.5,level
2022-10-01,national,ryba_i_moreprodukty,Рыба и морепродукты,124.3,level
2022-11-01,national,ryba_i_moreprodukty,Рыба и морепродукты,126.0,level
2022-12-01,national,ryba_i_moreprodukty,Рыба и морепродукты,127.0,level
2023-01-01,national,ryba_i_moreprodukty,Рыба и морепродукты,127.5,level
2023-02-01,national,ryba_i_moreprodukty,Рыба и морепродукты,128.4,level
2023-03-01,national,ryba_i_moreprodukty,Рыба и морепродукты,125.4,level
2023-04-01,national,ryba_i_moreprodukty,Рыба и морепродукты,122.8,level
2023-05-01,national,ryba_i_moreprodukty,Рыба и морепродукты,121.2,level
2023-06-01,national,ryba_i_moreprodukty,Рыба и морепродукты,119.8,level
2023-07-01,national,ryba_i_moreprodukty,Рыба и морепродукты,118.7,level
2023-08-01,national,ryba_i_moreprodukty,Рыба и морепродукты,117.9,level
2023-09-01,national,ryba_i_moreprodukty,Рыба и морепродукты,116.4,level
2023-10-01,national,ryba_i_moreprodukty,Рыба и морепродукты,114.5,level
2023-11-01,national,ryba_i_moreprodukty,Рыба и морепродукты,112.9,level
2023-12-01,national,ryba_i_moreprodukty,Рыба и морепродукты,112.1,level
2024-01-01,national,ryba_i_moreprodukty,Рыба и морепродукты,111.5,level
2024-02-01,national,ryba_i_moreprodukty,Рыба и морепродукты,110.1,level
2024-03-01,national,ryba_i_moreprodukty,Рыба и морепродукты,109.9,level
2024-04-01,national,ryba_i_moreprodukty,Рыба и морепродукты,109.5,level
2024-05-01,national,ryba_i_moreprodukty,Рыба и морепродукты,109.1,level
2024-06-01,national,ryba_i_moreprodukty,Рыба и морепродукты,108.7,level
2024-07-01,national,ryba_i_moreprodukty,Рыба и морепродукты,108.6,level
2024-08-01,national,ryba_i_moreprodukty,Рыба и морепродукты,108.2,level
2024-09-01,national,ryba_i_moreprodukty,Рыба и морепродукты,107.3,level
2024-10-01,national,ryba_i_moreprodukty,Рыба и морепродукты,107.8,level
2024-11-01,national,ryba_i_moreprodukty,Рыба и морепродукты,108.0,level
2024-12-01,national,ryba_i_moreprodukty,Рыба и морепродукты,108.4,level
2025-01-01,national,ryba_i_moreprodukty,Рыба и морепродукты,109.1,level
2025-02-01,national,ryba_i_moreprodukty,Рыба и морепродукты,110.1,level
2025-03-01,national,ryba_i_moreprodukty,Рыба и морепродукты,110.6,level
2025-04-01,national,ryba_i_moreprodukty,Рыба и морепродукты,111.1,level
2025-05-01,national,ryba_i_moreprodukty,Рыба и морепродукты,111.9,level
2025-06-01,national,ryba_i_moreprodukty,Рыба и морепродукты,112.6,level
2025-07-01,national,ryba_i_moreprodukty,Рыба и морепродукты,113.3,level
2025-08-01,national,ryba_i_moreprodukty,Рыба и морепродукты,113.9,level
2025-09-01,national,ryba_i_moreprodukty,Рыба и морепродукты,114.7,level
2025-10-01,national,ryba_i_moreprodukty,Рыба и морепродукты,116.3,level
2025-11-01,national,ryba_i_moreprodukty,Рыба и морепродукты,116.7,level
2025-12-01,national,ryba_i_moreprodukty,Рыба и морепродукты,116.5,level
2026-01-01,national,ryba_i_moreprodukty,Рыба и морепродукты,116.1,level
2026-02-01,national,ryba_i_moreprodukty,Рыба и морепродукты,115.9,level
2026-03-01,national,ryba_i_moreprodukty,Рыба и морепродукты,115.7,level
2026-04-01,national,ryba_i_moreprodukty,Рыба и морепродукты,114.4,level
2026-05-01,national,ryba_i_moreprodukty,Рыба и морепродукты,113.3,level
2026-06-01,national,ryba_i_moreprodukty,Рыба и морепродукты,113.4,level
2026-07-01,national,ryba_i_moreprodukty,Рыба и морепродукты,113.5,level
2026-08-01,national,ryba_i_moreprodukty,Рыба и морепродукты,112.3,level
2022-10-01,national,sakhar,Сахар,174.8,level
2022-11-01,national,sakhar,Сахар,170.6,level
2022-12-01,national,sakhar,Сахар,164.9,level
2023-01-01,national,sakhar,Сахар,160.9,level
2023-02-01,national,sakhar,Сахар,155.0,level
2023-03-01,national,sakhar,Сахар,114.0,level
2023-04-01,national,sakhar,Сахар,107.1,level
2023-05-01,national,sakhar,Сахар,101.0,level
2023-06-01,national,sakhar,Сахар,90.0,level
2023-07-01,national,sakhar,Сахар,83.9,level
2023-08-01,national,sakhar,Сахар,80.0,level
2023-09-01,national,sakhar,Сахар,83.0,level
2023-10-01,national,sakhar,Сахар,84.9,level
2023-11-01,national,sakhar,Сахар,84.0,level
2023-12-01,national,sakhar,Сахар,84.8,level
2024-01-01,national,sakhar,Сахар,85.1,level
2024-02-01,national,sakhar,Сахар,85.8,level
2024-03-01,national,sakhar,Сахар,90.3,level
2024-04-01,national,sakhar,Сахар,94.9,level
2024-05-01,national,sakhar,Сахар,95.4,level
2024-06-01,national,sakhar,Сахар,94.7,level
2024-07-01,national,sakhar,Сахар,95.3,level
2024-08-01,national,sakhar,Сахар,96.5,level
2024-09-01,national,sakhar,Сахар,96.7,level
2024-10-01,national,sakhar,Сахар,95.0,level
2024-11-01,national,sakhar,Сахар,95.8,level
2024-12-01,national,sakhar,Сахар,96.8,level
2025-01-01,national,sakhar,Сахар,98.0,level
2025-02-01,national,sakhar,Сахар,100.7,level
2025-03-01,national,sakhar,Сахар,100.7,level
2025-04-01,national,sakhar,Сахар,99.3,level
2025-05-01,national,sakhar,Сахар,101.4,level
2025-06-01,national,sakhar,Сахар,102.3,level
2025-07-01,national,sakhar,Сахар,103.6,level
2025-08-01,national,sakhar,Сахар,104.9,level
2025-09-01,national,sakhar,Сахар,106.1,level
2025-10-01,national,sakhar,Сахар,105.8,level
2025-11-01,national,sakhar,Сахар,106.4,level
2025-12-01,national,sakhar,Сахар,106.7,level
2026-01-01,national,sakhar_dzhem_med_shokolad_i_konditerskie_izdeliya,"Сахар, джем, мед, шоколад и кондитерские изделия",114.4,level
2026-02-01,national,sakhar_dzhem_med_shokolad_i_konditerskie_izdeliya,"Сахар, джем, мед, шоколад и кондитерские изделия",115.6,level
2026-03-01,national,sakhar_dzhem_med_shokolad_i_konditerskie_izdeliya,"Сахар, джем, мед, шоколад и кондитерские изделия",114.6,level
2026-04-01,national,sakhar_dzhem_med_shokolad_i_konditerskie_izdeliya,"Сахар, джем, мед, шоколад и кондитерские изделия",113.9,level
2026-05-01,national,sakhar_dzhem_med_shokolad_i_konditerskie_izdeliya,"Сахар, джем, мед, шоколад и кондитерские изделия",112.7,level
2026-06-01,national,sakhar_dzhem_med_shokolad_i_konditerskie_izdeliya,"Сахар, джем, мед, шоколад и кондитерские изделия",112.4,level
2026-07-01,national,sakhar_dzhem_med_shokolad_i_konditerskie_izdeliya,"Сахар, джем, мед, шоколад и кондитерские изделия",113.3,level
2026-08-01,national,sakhar_dzhem_med_shokolad_i_konditerskie_izdeliya,"Сахар, джем, мед, шоколад и кондитерские изделия",112.0,level
2022-10-01,national,sakhar_dzhem_med_shokolad_konditerskie_izdeliya,"Сахар, джем, мед, шоколад, кондитерские изделия",143.8,level
2022-11-01,national,sakhar_dzhem_med_shokolad_konditerskie_izdeliya,"Сахар, джем, мед, шоколад, кондитерские изделия",143.3,level
2022-12-01,national,sakhar_dzhem_med_shokolad_konditerskie_izdeliya,"Сахар, джем, мед, шоколад, кондитерские изделия",142.1,level
2023-01-01,national,sakhar_dzhem_med_shokolad_konditerskie_izdeliya,"Сахар, джем, мед, шоколад, кондитерские изделия",141.5,level
2023-02-01,national,sakhar_dzhem_med_shokolad_konditerskie_izdeliya,"Сахар, джем, мед, шоколад, кондитерские изделия",140.2,level
2023-03-01,national,sakhar_dzhem_med_shokolad_konditerskie_izdeliya,"Сахар, джем, мед, шоколад, кондитерские изделия",123.9,level
2023-04-01,national,sakhar_dzhem_med_shokolad_konditerskie_izdeliya,"Сахар, джем, мед, шоколад, кондитерские изделия",119.0,level
2023-05-01,national,sakhar_dzhem_med_shokolad_konditerskie_izdeliya,"Сахар, джем, мед, шоколад, кондитерские изделия",115.5,level
2023-06-01,national,sakhar_dzhem_med_shokolad_konditerskie_izdeliya,"Сахар, джем, мед, шоколад, кондитерские изделия",108.9,level
2023-07-01,national,sakhar_dzhem_med_shokolad_konditerskie_izdeliya,"Сахар, джем, мед, шоколад, кондитерские изделия",104.6,level
2023-08-01,national,sakhar_dzhem_med_shokolad_konditerskie_izdeliya,"Сахар, джем, мед, шоколад, кондитерские изделия",101.5,level
2023-09-01,national,sakhar_dzhem_med_shokolad_konditerskie_izdeliya,"Сахар, джем, мед, шоколад, кондитерские изделия",102.1,level
2023-10-01,national,sakhar_dzhem_med_shokolad_konditerskie_izdeliya,"Сахар, джем, мед, шоколад, кондитерские изделия",102.8,level
2023-11-01,national,sakhar_dzhem_med_shokolad_konditerskie_izdeliya,"Сахар, джем, мед, шоколад, кондитерские изделия",102.1,level
2023-12-01,national,sakhar_dzhem_med_shokolad_konditerskie_izdeliya,"Сахар, джем, мед, шоколад, кондитерские изделия",102.3,level
2024-01-01,national,sakhar_dzhem_med_shokolad_konditerskie_izdeliya,"Сахар, джем, мед, шоколад, кондитерские изделия",102.0,level
2024-02-01,national,sakhar_dzhem_med_shokolad_konditerskie_izdeliya,"Сахар, джем, мед, шоколад, кондитерские изделия",102.1,level
2024-03-01,national,sakhar_dzhem_med_shokolad_konditerskie_izdeliya,"Сахар, джем, мед, шоколад, кондитерские изделия",103.5,level
2024-04-01,national,sakhar_dzhem_med_shokolad_konditerskie_izdeliya,"Сахар, джем, мед, шоколад, кондитерские изделия",105.9,level
2024-05-01,national,sakhar_dzhem_med_shokolad_konditerskie_izdeliya,"Сахар, джем, мед, шоколад, кондитерские изделия",105.6,level
2024-06-01,national,sakhar_dzhem_med_shokolad_konditerskie_izdeliya,"Сахар, джем, мед, шоколад, кондитерские изделия",105.1,level
2024-07-01,national,sakhar_dzhem_med_shokolad_konditerskie_izdeliya,"Сахар, джем, мед, шоколад, кондитерские изделия",105.6,level
2024-08-01,national,sakhar_dzhem_med_shokolad_konditerskie_izdeliya,"Сахар, джем, мед, шоколад, кондитерские изделия",106.9,level
2024-09-01,national,sakhar_dzhem_med_shokolad_konditerskie_izdeliya,"Сахар, джем, мед, шоколад, кондитерские изделия",106.9,level
2024-10-01,national,sakhar_dzhem_med_shokolad_konditerskie_izdeliya,"Сахар, джем, мед, шоколад, кондитерские изделия",105.7,level
2024-11-01,national,sakhar_dzhem_med_shokolad_konditerskie_izdeliya,"Сахар, джем, мед, шоколад, кондитерские изделия",105.9,level
2024-12-01,national,sakhar_dzhem_med_shokolad_konditerskie_izdeliya,"Сахар, джем, мед, шоколад, кондитерские изделия",106.2,level
2025-01-01,national,sakhar_dzhem_med_shokolad_konditerskie_izdeliya,"Сахар, джем, мед, шоколад, кондитерские изделия",107.1,level
2025-02-01,national,sakhar_dzhem_med_shokolad_konditerskie_izdeliya,"Сахар, джем, мед, шоколад, кондитерские изделия",108.2,level
2025-03-01,national,sakhar_dzhem_med_shokolad_konditerskie_izdeliya,"Сахар, джем, мед, шоколад, кондитерские изделия",108.5,level
2025-04-01,national,sakhar_dzhem_med_shokolad_konditerskie_izdeliya,"Сахар, джем, мед, шоколад, кондитерские изделия",107.5,level
2025-05-01,national,sakhar_dzhem_med_shokolad_konditerskie_izdeliya,"Сахар, джем, мед, шоколад, кондитерские изделия",108.5,level
2025-06-01,national,sakhar_dzhem_med_shokolad_konditerskie_izdeliya,"Сахар, джем, мед, шоколад, кондитерские изделия",109.0,level
2025-07-01,national,sakhar_dzhem_med_shokolad_konditerskie_izdeliya,"Сахар, джем, мед, шоколад, кондитерские изделия",109.8,level
2025-08-01,national,sakhar_dzhem_med_shokolad_konditerskie_izdeliya,"Сахар, джем, мед, шоколад, кондитерские изделия",110.5,level
2025-09-01,national,sakhar_dzhem_med_shokolad_konditerskie_izdeliya,"Сахар, джем, мед, шоколад, кондитерские изделия",111.9,level
2025-10-01,national,sakhar_dzhem_med_shokolad_konditerskie_izdeliya,"Сахар, джем, мед, шоколад, кондитерские изделия",112.6,level
2025-11-01,national,sakhar_dzhem_med_shokolad_konditerskie_izdeliya,"Сахар, джем, мед, шоколад, кондитерские изделия",113.3,level
2025-12-01,national,sakhar_dzhem_med_shokolad_konditerskie_izdeliya,"Сахар, джем, мед, шоколад, кондитерские изделия",113.4,level
2022-10-01,national,spirtnye_napitki,Спиртные напитки,119.6,level
2022-11-01,national,spirtnye_napitki,Спиртные напитки,119.9,level
2022-12-01,national,spirtnye_napitki,Спиртные напитки,120.5,level
2023-01-01,national,spirtnye_napitki,Спиртные напитки,120.8,level
2023-02-01,national,spirtnye_napitki,Спиртные напитки,121.2,level
2023-03-01,national,spirtnye_napitki,Спиртные напитки,119.2,level
2023-04-01,national,spirtnye_napitki,Спиртные напитки,116.9,level
2023-05-01,national,spirtnye_napitki,Спиртные напитки,114.8,level
2023-06-01,national,spirtnye_napitki,Спиртные напитки,114.1,level
2023-07-01,national,spirtnye_napitki,Спиртные напитки,112.7,level
2023-08-01,national,spirtnye_napitki,Спиртные напитки,110.6,level
2023-09-01,national,spirtnye_napitki,Спиртные напитки,109.1,level
2023-10-01,national,spirtnye_napitki,Спиртные напитки,108.1,level
2023-11-01,national,spirtnye_napitki,Спиртные напитки,107.5,level
2023-12-01,national,spirtnye_napitki,Спиртные напитки,107.3,level
2024-01-01,national,spirtnye_napitki,Спиртные напитки,106.8,level
2024-02-01,national,spirtnye_napitki,Спиртные напитки,106.7,level
2024-03-01,national,spirtnye_napitki,Спиртные напитки,106.5,level
2024-04-01,national,spirtnye_napitki,Спиртные напитки,106.9,level
2024-05-01,national,spirtnye_napitki,Спиртные напитки,106.8,level
2024-06-01,national,spirtnye_napitki,Спиртные напитки,105.7,level
2024-07-01,national,spirtnye_napitki,Спиртные напитки,105.3,level
2024-08-01,national,spirtnye_napitki,Спиртные напитки,104.8,level
2024-09-01,national,spirtnye_napitki,Спиртные напитки,105.5,level
2024-10-01,national,spirtnye_napitki,Спиртные напитки,105.5,level
2024-11-01,national,spirtnye_napitki,Спиртные напитки,105.7,level
2024-12-01,national,spirtnye_napitki,Спиртные напитки,105.8,level
2025-01-01,national,spirtnye_napitki,Спиртные напитки,106.6,level
2025-02-01,national,spirtnye_napitki,Спиртные напитки,106.5,level
2025-03-01,national,spirtnye_napitki,Спиртные напитки,106.2,level
2025-04-01,national,spirtnye_napitki,Спиртные напитки,106.0,level
2025-05-01,national,spirtnye_napitki,Спиртные напитки,106.4,level
2025-06-01,national,spirtnye_napitki,Спиртные напитки,106.6,level
2025-07-01,national,spirtnye_napitki,Спиртные напитки,107.0,level
2025-08-01,national,spirtnye_napitki,Спиртные напитки,107.6,level
2025-09-01,national,spirtnye_napitki,Спиртные напитки,108.7,level
2025-10-01,national,spirtnye_napitki,Спиртные напитки,108.5,level
2025-11-01,national,spirtnye_napitki,Спиртные напитки,108.6,level
2025-12-01,national,spirtnye_napitki,Спиртные напитки,108.1,level
2022-10-01,national,steklyannye_i_keramicheskie_izdeliya,Стеклянные и керамические изделия,116.9,level
2022-11-01,national,steklyannye_i_keramicheskie_izdeliya,Стеклянные и керамические изделия,117.6,level
2022-12-01,national,steklyannye_i_keramicheskie_izdeliya,Стеклянные и керамические изделия,119.0,level
2023-01-01,national,steklyannye_i_keramicheskie_izdeliya,Стеклянные и керамические изделия,120.0,level
2023-02-01,national,steklyannye_i_keramicheskie_izdeliya,Стеклянные и керамические изделия,120.1,level
2023-03-01,national,steklyannye_i_keramicheskie_izdeliya,Стеклянные и керамические изделия,120.7,level
2023-04-01,national,steklyannye_i_keramicheskie_izdeliya,Стеклянные и керамические изделия,119.4,level
2023-05-01,national,steklyannye_i_keramicheskie_izdeliya,Стеклянные и керамические изделия,118.4,level
2023-06-01,national,steklyannye_i_keramicheskie_izdeliya,Стеклянные и керамические изделия,115.4,level
2023-07-01,national,steklyannye_i_keramicheskie_izdeliya,Стеклянные и керамические изделия,115.1,level
2023-08-01,national,steklyannye_i_keramicheskie_izdeliya,Стеклянные и керамические изделия,114.4,level
2023-09-01,national,steklyannye_i_keramicheskie_izdeliya,Стеклянные и керамические изделия,114.3,level
2023-10-01,national,steklyannye_i_keramicheskie_izdeliya,Стеклянные и керамические изделия,112.8,level
2023-11-01,national,steklyannye_i_keramicheskie_izdeliya,Стеклянные и керамические изделия,112.8,level
2023-12-01,national,steklyannye_i_keramicheskie_izdeliya,Стеклянные и керамические изделия,111.9,level
2024-01-01,national,steklyannye_i_keramicheskie_izdeliya,Стеклянные и керамические изделия,111.1,level
2024-02-01,national,steklyannye_i_keramicheskie_izdeliya,Стеклянные и керамические изделия,110.1,level
2024-03-01,national,steklyannye_i_keramicheskie_izdeliya,Стеклянные и керамические изделия,108.9,level
2024-04-01,national,steklyannye_i_keramicheskie_izdeliya,Стеклянные и керамические изделия,109.0,level
2024-05-01,national,steklyannye_i_keramicheskie_izdeliya,Стеклянные и керамические изделия,108.9,level
2024-06-01,national,steklyannye_i_keramicheskie_izdeliya,Стеклянные и керамические изделия,109.1,level
2024-07-01,national,steklyannye_i_keramicheskie_izdeliya,Стеклянные и керамические изделия,107.8,level
2024-08-01,national,steklyannye_i_keramicheskie_izdeliya,Стеклянные и керамические изделия,107.4,level
2024-09-01,national,steklyannye_i_keramicheskie_izdeliya,Стеклянные и керамические изделия,107.1,level
2024-10-01,national,steklyannye_i_keramicheskie_izdeliya,Стеклянные и керамические изделия,107.0,level
2024-11-01,national,steklyannye_i_keramicheskie_izdeliya,Стеклянные и керамические изделия,106.6,level
2024-12-01,national,steklyannye_i_keramicheskie_izdeliya,Стеклянные и керамические изделия,107.9,level
2025-01-01,national,steklyannye_i_keramicheskie_izdeliya,Стеклянные и керамические изделия,108.4,level
2025-02-01,national,steklyannye_i_keramicheskie_izdeliya,Стеклянные и керамические изделия,108.1,level
2025-03-01,national,steklyannye_i_keramicheskie_izdeliya,Стеклянные и керамические изделия,108.2,level
2025-04-01,national,steklyannye_i_keramicheskie_izdeliya,Стеклянные и керамические изделия,108.6,level
2025-05-01,national,steklyannye_i_keramicheskie_izdeliya,Стеклянные и керамические изделия,108.5,level
2025-06-01,national,steklyannye_i_keramicheskie_izdeliya,Стеклянные и керамические изделия,108.1,level
2025-07-01,national,steklyannye_i_keramicheskie_izdeliya,Стеклянные и керамические изделия,108.4,level
2025-08-01,national,steklyannye_i_keramicheskie_izdeliya,Стеклянные и керамические изделия,108.5,level
2025-09-01,national,steklyannye_i_keramicheskie_izdeliya,Стеклянные и керамические изделия,108.2,level
2025-10-01,national,steklyannye_i_keramicheskie_izdeliya,Стеклянные и керамические изделия,108.1,level
2025-11-01,national,steklyannye_i_keramicheskie_izdeliya,Стеклянные и керамические изделия,108.1,level
2025-12-01,national,steklyannye_i_keramicheskie_izdeliya,Стеклянные и керамические изделия,106.6,level
2026-01-01,national,steklyannye_izdeliya_stolovye_pribory_i_domashnyaya_utvar,"Стеклянные изделия, столовые приборы и домашняя утварь",107.9,level
2026-02-01,national,steklyannye_izdeliya_stolovye_pribory_i_domashnyaya_utvar,"Стеклянные изделия, столовые приборы и домашняя утварь",114.3,level
2026-03-01,national,steklyannye_izdeliya_stolovye_pribory_i_domashnyaya_utvar,"Стеклянные изделия, столовые приборы и домашняя утварь",113.4,level
2026-04-01,national,steklyannye_izdeliya_stolovye_pribory_i_domashnyaya_utvar,"Стеклянные изделия, столовые приборы и домашняя утварь",113.1,level
2026-05-01,national,steklyannye_izdeliya_stolovye_pribory_i_domashnyaya_utvar,"Стеклянные изделия, столовые приборы и домашняя утварь",112.1,level
2026-06-01,national,steklyannye_izdeliya_stolovye_pribory_i_domashnyaya_utvar,"Стеклянные изделия, столовые приборы и домашняя утварь",112.9,level
2026-07-01,national,steklyannye_izdeliya_stolovye_pribory_i_domashnyaya_utvar,"Стеклянные изделия, столовые приборы и домашняя утварь",113.0,level
2026-08-01,national,steklyannye_izdeliya_stolovye_pribory_i_domashnyaya_utvar,"Стеклянные изделия, столовые приборы и домашняя утварь",115.1,level
2022-10-01,national,stolovye_pribory,Столовые приборы,113.2,level
2022-11-01,national,stolovye_pribory,Столовые приборы,113.7,level
2022-12-01,national,stolovye_pribory,Столовые приборы,114.6,level
2023-01-01,national,stolovye_pribory,Столовые приборы,116.1,level
2023-02-01,national,stolovye_pribory,Столовые приборы,115.4,level
2023-03-01,national,stolovye_pribory,Столовые приборы,115.8,level
2023-04-01,national,stolovye_pribory,Столовые приборы,115.4,level
2023-05-01,national,stolovye_pribory,Столовые приборы,114.6,level
2023-06-01,national,stolovye_pribory,Столовые приборы,111.6,level
2023-07-01,national,stolovye_pribory,Столовые приборы,110.4,level
2023-08-01,national,stolovye_pribory,Столовые приборы,110.6,level
2023-09-01,national,stolovye_pribory,Столовые приборы,110.0,level
2023-10-01,national,stolovye_pribory,Столовые приборы,109.2,level
2023-11-01,national,stolovye_pribory,Столовые приборы,108.7,level
2023-12-01,national,stolovye_pribory,Столовые приборы,108.1,level
2024-01-01,national,stolovye_pribory,Столовые приборы,107.0,level
2024-02-01,national,stolovye_pribory,Столовые приборы,108.8,level
2024-03-01,national,stolovye_pribory,Столовые приборы,108.4,level
2024-04-01,national,stolovye_pribory,Столовые приборы,108.8,level
2024-05-01,national,stolovye_pribory,Столовые приборы,108.0,level
2024-06-01,national,stolovye_pribory,Столовые приборы,108.5,level
2024-07-01,national,stolovye_pribory,Столовые приборы,108.7,level
2024-08-01,national,stolovye_pribory,Столовые приборы,108.6,level
2024-09-01,national,stolovye_pribory,Столовые приборы,108.4,level
2024-10-01,national,stolovye_pribory,Столовые приборы,108.3,level
2024-11-01,national,stolovye_pribory,Столовые приборы,108.0,level
2024-12-01,national,stolovye_pribory,Столовые приборы,107.9,level
2025-01-01,national,stolovye_pribory,Столовые приборы,107.8,level
2025-02-01,national,stolovye_pribory,Столовые приборы,105.5,level
2025-03-01,national,stolovye_pribory,Столовые приборы,106.0,level
2025-04-01,national,stolovye_pribory,Столовые приборы,105.8,level
2025-05-01,national,stolovye_pribory,Столовые приборы,106.4,level
2025-06-01,national,stolovye_pribory,Столовые приборы,106.2,level
2025-07-01,national,stolovye_pribory,Столовые приборы,105.8,level
2025-08-01,national,stolovye_pribory,Столовые приборы,105.9,level
2025-09-01,national,stolovye_pribory,Столовые приборы,106.4,level
2025-10-01,national,stolovye_pribory,Столовые приборы,107.0,level
2025-11-01,national,stolovye_pribory,Столовые приборы,106.9,level
2025-12-01,national,stolovye_pribory,Столовые приборы,106.5,level
2022-10-01,national,tabachnye_izdeliya,Табачные изделия,116.4,level
2022-11-01,national,tabachnye_izdeliya,Табачные изделия,116.3,level
2022-12-01,national,tabachnye_izdeliya,Табачные изделия,116.8,level
2023-01-01,national,tabachnye_izdeliya,Табачные изделия,118.5,level
2023-02-01,national,tabachnye_izdeliya,Табачные изделия,119.3,level
2023-03-01,national,tabachnye_izdeliya,Табачные изделия,116.1,level
2023-04-01,national,tabachnye_izdeliya,Табачные изделия,118.3,level
2023-05-01,national,tabachnye_izdeliya,Табачные изделия,117.9,level
2023-06-01,national,tabachnye_izdeliya,Табачные изделия,117.3,level
2023-07-01,national,tabachnye_izdeliya,Табачные изделия,119.3,level
2023-08-01,national,tabachnye_izdeliya,Табачные изделия,119.3,level
2023-09-01,national,tabachnye_izdeliya,Табачные изделия,118.2,level
2023-10-01,national,tabachnye_izdeliya,Табачные изделия,120.0,level
2023-11-01,national,tabachnye_izdeliya,Табачные изделия,119.7,level
2023-12-01,national,tabachnye_izdeliya,Табачные изделия,118.8,level
2024-01-01,national,tabachnye_izdeliya,Табачные изделия,118.8,level
2024-02-01,national,tabachnye_izdeliya,Табачные изделия,117.9,level
2024-03-01,national,tabachnye_izdeliya,Табачные изделия,118.0,level
2024-04-01,national,tabachnye_izdeliya,Табачные изделия,116.3,level
2024-05-01,national,tabachnye_izdeliya,Табачные изделия,116.0,level
2024-06-01,national,tabachnye_izdeliya,Табачные изделия,115.8,level
2024-07-01,national,tabachnye_izdeliya,Табачные изделия,117.2,level
2024-08-01,national,tabachnye_izdeliya,Табачные изделия,117.4,level
2024-09-01,national,tabachnye_izdeliya,Табачные изделия,117.4,level
2024-10-01,national,tabachnye_izdeliya,Табачные изделия,115.8,level
2024-11-01,national,tabachnye_izdeliya,Табачные изделия,115.8,level
2024-12-01,national,tabachnye_izdeliya,Табачные изделия,115.9,level
2025-01-01,national,tabachnye_izdeliya,Табачные изделия,114.6,level
2025-02-01,national,tabachnye_izdeliya,Табачные изделия,116.0,level
2025-03-01,national,tabachnye_izdeliya,Табачные изделия,116.5,level
2025-04-01,national,tabachnye_izdeliya,Табачные изделия,115.8,level
2025-05-01,national,tabachnye_izdeliya,Табачные изделия,114.4,level
2025-06-01,national,tabachnye_izdeliya,Табачные изделия,113.9,level
2025-07-01,national,tabachnye_izdeliya,Табачные изделия,111.6,level
2025-08-01,national,tabachnye_izdeliya,Табачные изделия,112.0,level
2025-09-01,national,tabachnye_izdeliya,Табачные изделия,112.5,level
2025-10-01,national,tabachnye_izdeliya,Табачные изделия,112.7,level
2025-11-01,national,tabachnye_izdeliya,Табачные изделия,112.4,level
2025-12-01,national,tabachnye_izdeliya,Табачные изделия,112.6,level
2022-10-01,national,tekstilnye_izdeliya_ispolzuemye_v_domashnem_khozyaystve,"Текстильные изделия, используемые в домашнем хозяйстве",113.6,level
2022-11-01,national,tekstilnye_izdeliya_ispolzuemye_v_domashnem_khozyaystve,"Текстильные изделия, используемые в домашнем хозяйстве",114.4,level
2022-12-01,national,tekstilnye_izdeliya_ispolzuemye_v_domashnem_khozyaystve,"Текстильные изделия, используемые в домашнем хозяйстве",115.6,level
2023-01-01,national,tekstilnye_izdeliya_ispolzuemye_v_domashnem_khozyaystve,"Текстильные изделия, используемые в домашнем хозяйстве",116.4,level
2023-02-01,national,tekstilnye_izdeliya_ispolzuemye_v_domashnem_khozyaystve,"Текстильные изделия, используемые в домашнем хозяйстве",116.7,level
2023-03-01,national,tekstilnye_izdeliya_ispolzuemye_v_domashnem_khozyaystve,"Текстильные изделия, используемые в домашнем хозяйстве",116.0,level
2023-04-01,national,tekstilnye_izdeliya_ispolzuemye_v_domashnem_khozyaystve,"Текстильные изделия, используемые в домашнем хозяйстве",114.9,level
2023-05-01,national,tekstilnye_izdeliya_ispolzuemye_v_domashnem_khozyaystve,"Текстильные изделия, используемые в домашнем хозяйстве",114.2,level
2023-06-01,national,tekstilnye_izdeliya_ispolzuemye_v_domashnem_khozyaystve,"Текстильные изделия, используемые в домашнем хозяйстве",112.9,level
2023-07-01,national,tekstilnye_izdeliya_ispolzuemye_v_domashnem_khozyaystve,"Текстильные изделия, используемые в домашнем хозяйстве",112.7,level
2023-08-01,national,tekstilnye_izdeliya_ispolzuemye_v_domashnem_khozyaystve,"Текстильные изделия, используемые в домашнем хозяйстве",112.6,level
2023-09-01,national,tekstilnye_izdeliya_ispolzuemye_v_domashnem_khozyaystve,"Текстильные изделия, используемые в домашнем хозяйстве",111.7,level
2023-10-01,national,tekstilnye_izdeliya_ispolzuemye_v_domashnem_khozyaystve,"Текстильные изделия, используемые в домашнем хозяйстве",110.4,level
2023-11-01,national,tekstilnye_izdeliya_ispolzuemye_v_domashnem_khozyaystve,"Текстильные изделия, используемые в домашнем хозяйстве",109.0,level
2023-12-01,national,tekstilnye_izdeliya_ispolzuemye_v_domashnem_khozyaystve,"Текстильные изделия, используемые в домашнем хозяйстве",108.2,level
2024-01-01,national,tekstilnye_izdeliya_ispolzuemye_v_domashnem_khozyaystve,"Текстильные изделия, используемые в домашнем хозяйстве",107.8,level
2024-02-01,national,tekstilnye_izdeliya_ispolzuemye_v_domashnem_khozyaystve,"Текстильные изделия, используемые в домашнем хозяйстве",107.5,level
2024-03-01,national,tekstilnye_izdeliya_ispolzuemye_v_domashnem_khozyaystve,"Текстильные изделия, используемые в домашнем хозяйстве",107.3,level
2024-04-01,national,tekstilnye_izdeliya_ispolzuemye_v_domashnem_khozyaystve,"Текстильные изделия, используемые в домашнем хозяйстве",107.4,level
2024-05-01,national,tekstilnye_izdeliya_ispolzuemye_v_domashnem_khozyaystve,"Текстильные изделия, используемые в домашнем хозяйстве",107.1,level
2024-06-01,national,tekstilnye_izdeliya_ispolzuemye_v_domashnem_khozyaystve,"Текстильные изделия, используемые в домашнем хозяйстве",107.0,level
2024-07-01,national,tekstilnye_izdeliya_ispolzuemye_v_domashnem_khozyaystve,"Текстильные изделия, используемые в домашнем хозяйстве",106.6,level
2024-08-01,national,tekstilnye_izdeliya_ispolzuemye_v_domashnem_khozyaystve,"Текстильные изделия, используемые в домашнем хозяйстве",106.4,level
2024-09-01,national,tekstilnye_izdeliya_ispolzuemye_v_domashnem_khozyaystve,"Текстильные изделия, используемые в домашнем хозяйстве",106.2,level
2024-10-01,national,tekstilnye_izdeliya_ispolzuemye_v_domashnem_khozyaystve,"Текстильные изделия, используемые в домашнем хозяйстве",106.0,level
2024-11-01,national,tekstilnye_izdeliya_ispolzuemye_v_domashnem_khozyaystve,"Текстильные изделия, используемые в домашнем хозяйстве",106.3,level
2024-12-01,national,tekstilnye_izdeliya_ispolzuemye_v_domashnem_khozyaystve,"Текстильные изделия, используемые в домашнем хозяйстве",106.6,level
2025-01-01,national,tekstilnye_izdeliya_ispolzuemye_v_domashnem_khozyaystve,"Текстильные изделия, используемые в домашнем хозяйстве",106.9,level
2025-02-01,national,tekstilnye_izdeliya_ispolzuemye_v_domashnem_khozyaystve,"Текстильные изделия, используемые в домашнем хозяйстве",106.6,level
2025-03-01,national,tekstilnye_izdeliya_ispolzuemye_v_domashnem_khozyaystve,"Текстильные изделия, используемые в домашнем хозяйстве",106.5,level
2025-04-01,national,tekstilnye_izdeliya_ispolzuemye_v_domashnem_khozyaystve,"Текстильные изделия, используемые в домашнем хозяйстве",106.7,level
2025-05-01,national,tekstilnye_izdeliya_ispolzuemye_v_domashnem_khozyaystve,"Текстильные изделия, используемые в домашнем хозяйстве",106.6,level
2025-06-01,national,tekstilnye_izdeliya_ispolzuemye_v_domashnem_khozyaystve,"Текстильные изделия, используемые в домашнем хозяйстве",106.7,level
2025-07-01,national,tekstilnye_izdeliya_ispolzuemye_v_domashnem_khozyaystve,"Текстильные изделия, используемые в домашнем хозяйстве",106.9,level
2025-08-01,national,tekstilnye_izdeliya_ispolzuemye_v_domashnem_khozyaystve,"Текстильные изделия, используемые в домашнем хозяйстве",107.1,level
2025-09-01,national,tekstilnye_izdeliya_ispolzuemye_v_domashnem_khozyaystve,"Текстильные изделия, используемые в домашнем хозяйстве",107.4,level
2025-10-01,national,tekstilnye_izdeliya_ispolzuemye_v_domashnem_khozyaystve,"Текстильные изделия, используемые в домашнем хозяйстве",107.4,level
2025-11-01,national,tekstilnye_izdeliya_ispolzuemye_v_domashnem_khozyaystve,"Текстильные изделия, используемые в домашнем хозяйстве",107.6,level
2025-12-01,national,tekstilnye_izdeliya_ispolzuemye_v_domashnem_khozyaystve,"Текстильные изделия, используемые в домашнем хозяйстве",107.1,level
2026-01-01,national,tekstilnye_izdeliya_ispolzuemye_v_domashnem_khozyaystve,"Текстильные изделия, используемые в домашнем хозяйстве",106.6,level
2026-02-01,national,tekstilnye_izdeliya_ispolzuemye_v_domashnem_khozyaystve,"Текстильные изделия, используемые в домашнем хозяйстве",106.8,level
2026-03-01,national,tekstilnye_izdeliya_ispolzuemye_v_domashnem_khozyaystve,"Текстильные изделия, используемые в домашнем хозяйстве",106.9,level
2026-04-01,national,tekstilnye_izdeliya_ispolzuemye_v_domashnem_khozyaystve,"Текстильные изделия, используемые в домашнем хозяйстве",107.2,level
2026-05-01,national,tekstilnye_izdeliya_ispolzuemye_v_domashnem_khozyaystve,"Текстильные изделия, используемые в домашнем хозяйстве",106.7,level
2026-06-01,national,tekstilnye_izdeliya_ispolzuemye_v_domashnem_khozyaystve,"Текстильные изделия, используемые в домашнем хозяйстве",106.7,level
2026-07-01,national,tekstilnye_izdeliya_ispolzuemye_v_domashnem_khozyaystve,"Текстильные изделия, используемые в домашнем хозяйстве",107.2,level
2026-08-01,national,tekstilnye_izdeliya_ispolzuemye_v_domashnem_khozyaystve,"Текстильные изделия, используемые в домашнем хозяйстве",107.2,level
2022-10-01,national,telefonnoe_i_faksimilnoe_oborudovanie,Телефонное и факсимильное оборудование,109.6,level
2022-11-01,national,telefonnoe_i_faksimilnoe_oborudovanie,Телефонное и факсимильное оборудование,108.7,level
2022-12-01,national,telefonnoe_i_faksimilnoe_oborudovanie,Телефонное и факсимильное оборудование,108.0,level
2023-01-01,national,telefonnoe_i_faksimilnoe_oborudovanie,Телефонное и факсимильное оборудование,102.5,level
2023-02-01,national,telefonnoe_i_faksimilnoe_oborudovanie,Телефонное и факсимильное оборудование,106.9,level
2023-03-01,national,telefonnoe_i_faksimilnoe_oborudovanie,Телефонное и факсимильное оборудование,96.6,level
2023-04-01,national,telefonnoe_i_faksimilnoe_oborudovanie,Телефонное и факсимильное оборудование,93.5,level
2023-05-01,national,telefonnoe_i_faksimilnoe_oborudovanie,Телефонное и факсимильное оборудование,86.7,level
2023-06-01,national,telefonnoe_i_faksimilnoe_oborudovanie,Телефонное и факсимильное оборудование,89.5,level
2023-07-01,national,telefonnoe_i_faksimilnoe_oborudovanie,Телефонное и факсимильное оборудование,83.7,level
2023-08-01,national,telefonnoe_i_faksimilnoe_oborudovanie,Телефонное и факсимильное оборудование,76.8,level
2023-09-01,national,telefonnoe_i_faksimilnoe_oborudovanie,Телефонное и факсимильное оборудование,75.6,level
2023-10-01,national,telefonnoe_i_faksimilnoe_oborudovanie,Телефонное и факсимильное оборудование,77.3,level
2023-11-01,national,telefonnoe_i_faksimilnoe_oborudovanie,Телефонное и факсимильное оборудование,70.4,level
2023-12-01,national,telefonnoe_i_faksimilnoe_oborudovanie,Телефонное и факсимильное оборудование,71.3,level
2024-01-01,national,telefonnoe_i_faksimilnoe_oborudovanie,Телефонное и факсимильное оборудование,69.0,level
2024-02-01,national,telefonnoe_i_faksimilnoe_oborudovanie,Телефонное и факсимильное оборудование,68.7,level
2024-03-01,national,telefonnoe_i_faksimilnoe_oborudovanie,Телефонное и факсимильное оборудование,68.2,level
2024-04-01,national,telefonnoe_i_faksimilnoe_oborudovanie,Телефонное и факсимильное оборудование,74.4,level
2024-05-01,national,telefonnoe_i_faksimilnoe_oborudovanie,Телефонное и факсимильное оборудование,82.0,level
2024-06-01,national,telefonnoe_i_faksimilnoe_oborudovanie,Телефонное и факсимильное оборудование,74.4,level
2024-07-01,national,telefonnoe_i_faksimilnoe_oborudovanie,Телефонное и факсимильное оборудование,142.5,level
2024-08-01,national,telefonnoe_i_faksimilnoe_oborudovanie,Телефонное и факсимильное оборудование,91.4,level
2024-09-01,national,telefonnoe_i_faksimilnoe_oborudovanie,Телефонное и факсимильное оборудование,94.8,level
2024-10-01,national,telefonnoe_i_faksimilnoe_oborudovanie,Телефонное и факсимильное оборудование,101.1,level
2024-11-01,national,telefonnoe_i_faksimilnoe_oborudovanie,Телефонное и факсимильное оборудование,113.4,level
2024-12-01,national,telefonnoe_i_faksimilnoe_oborudovanie,Телефонное и факсимильное оборудование,117.8,level
2025-01-01,national,telefonnoe_i_faksimilnoe_oborudovanie,Телефонное и факсимильное оборудование,124.1,level
2025-02-01,national,telefonnoe_i_faksimilnoe_oborudovanie,Телефонное и факсимильное оборудование,125.9,level
2025-03-01,national,telefonnoe_i_faksimilnoe_oborudovanie,Телефонное и факсимильное оборудование,126.7,level
2025-04-01,national,telefonnoe_i_faksimilnoe_oborudovanie,Телефонное и факсимильное оборудование,130.2,level
2025-05-01,national,telefonnoe_i_faksimilnoe_oborudovanie,Телефонное и факсимильное оборудование,132.7,level
2025-06-01,national,telefonnoe_i_faksimilnoe_oborudovanie,Телефонное и факсимильное оборудование,105.2,level
2025-07-01,national,telefonnoe_i_faksimilnoe_oborudovanie,Телефонное и факсимильное оборудование,126.7,level
2025-08-01,national,telefonnoe_i_faksimilnoe_oborudovanie,Телефонное и факсимильное оборудование,114.9,level
2025-09-01,national,telefonnoe_i_faksimilnoe_oborudovanie,Телефонное и факсимильное оборудование,114.6,level
2025-10-01,national,telefonnoe_i_faksimilnoe_oborudovanie,Телефонное и факсимильное оборудование,106.5,level
2025-11-01,national,telefonnoe_i_faksimilnoe_oborudovanie,Телефонное и факсимильное оборудование,109.2,level
2025-12-01,national,telefonnoe_i_faksimilnoe_oborudovanie,Телефонное и факсимильное оборудование,101.8,level
2026-01-01,national,tovary_dlitelnogo_polzovaniya_dlya_otdykha,Товары длительного пользования для отдыха,111.4,level
2026-02-01,national,tovary_dlitelnogo_polzovaniya_dlya_otdykha,Товары длительного пользования для отдыха,110.2,level
2026-03-01,national,tovary_dlitelnogo_polzovaniya_dlya_otdykha,Товары длительного пользования для отдыха,114.3,level
2026-04-01,national,tovary_dlitelnogo_polzovaniya_dlya_otdykha,Товары длительного пользования для отдыха,116.0,level
2026-05-01,national,tovary_dlitelnogo_polzovaniya_dlya_otdykha,Товары длительного пользования для отдыха,124.0,level
2026-06-01,national,tovary_dlitelnogo_polzovaniya_dlya_otdykha,Товары длительного пользования для отдыха,121.8,level
2026-07-01,national,tovary_dlitelnogo_polzovaniya_dlya_otdykha,Товары длительного пользования для отдыха,121.3,level
2026-08-01,national,tovary_dlitelnogo_polzovaniya_dlya_otdykha,Товары длительного пользования для отдыха,119.9,level
2026-01-01,national,tovary_dlya_dekorativnogo_sadovodstva_domashnikh_zhivotnykh,"Товары для декоративного садоводства, домашних животных",104.6,level
2026-02-01,national,tovary_dlya_dekorativnogo_sadovodstva_domashnikh_zhivotnykh,"Товары для декоративного садоводства, домашних животных",106.0,level
2026-03-01,national,tovary_dlya_dekorativnogo_sadovodstva_domashnikh_zhivotnykh,"Товары для декоративного садоводства, домашних животных",106.0,level
2026-04-01,national,tovary_dlya_dekorativnogo_sadovodstva_domashnikh_zhivotnykh,"Товары для декоративного садоводства, домашних животных",106.1,level
2026-05-01,national,tovary_dlya_dekorativnogo_sadovodstva_domashnikh_zhivotnykh,"Товары для декоративного садоводства, домашних животных",106.5,level
2026-06-01,national,tovary_dlya_dekorativnogo_sadovodstva_domashnikh_zhivotnykh,"Товары для декоративного садоводства, домашних животных",105.7,level
2026-07-01,national,tovary_dlya_dekorativnogo_sadovodstva_domashnikh_zhivotnykh,"Товары для декоративного садоводства, домашних животных",105.6,level
2026-08-01,national,tovary_dlya_dekorativnogo_sadovodstva_domashnikh_zhivotnykh,"Товары для декоративного садоводства, домашних животных",106.0,level
2022-10-01,national,trikotazhnye_i_chulochnonosochnye_izdeliya,Трикотажные и чулочно-носочные изделия,114.5,level
2022-11-01,national,trikotazhnye_i_chulochnonosochnye_izdeliya,Трикотажные и чулочно-носочные изделия,116.1,level
2022-12-01,national,trikotazhnye_i_chulochnonosochnye_izdeliya,Трикотажные и чулочно-носочные изделия,116.7,level
2023-01-01,national,trikotazhnye_i_chulochnonosochnye_izdeliya,Трикотажные и чулочно-носочные изделия,117.2,level
2023-02-01,national,trikotazhnye_i_chulochnonosochnye_izdeliya,Трикотажные и чулочно-носочные изделия,117.5,level
2023-03-01,national,trikotazhnye_i_chulochnonosochnye_izdeliya,Трикотажные и чулочно-носочные изделия,116.2,level
2023-04-01,national,trikotazhnye_i_chulochnonosochnye_izdeliya,Трикотажные и чулочно-носочные изделия,114.9,level
2023-05-01,national,trikotazhnye_i_chulochnonosochnye_izdeliya,Трикотажные и чулочно-носочные изделия,115.1,level
2023-06-01,national,trikotazhnye_i_chulochnonosochnye_izdeliya,Трикотажные и чулочно-носочные изделия,114.3,level
2023-07-01,national,trikotazhnye_i_chulochnonosochnye_izdeliya,Трикотажные и чулочно-носочные изделия,113.4,level
2023-08-01,national,trikotazhnye_i_chulochnonosochnye_izdeliya,Трикотажные и чулочно-носочные изделия,112.4,level
2023-09-01,national,trikotazhnye_i_chulochnonosochnye_izdeliya,Трикотажные и чулочно-носочные изделия,111.9,level
2023-10-01,national,trikotazhnye_i_chulochnonosochnye_izdeliya,Трикотажные и чулочно-носочные изделия,111.2,level
2023-11-01,national,trikotazhnye_i_chulochnonosochnye_izdeliya,Трикотажные и чулочно-носочные изделия,110.7,level
2023-12-01,national,trikotazhnye_i_chulochnonosochnye_izdeliya,Трикотажные и чулочно-носочные изделия,110.4,level
2024-01-01,national,trikotazhnye_i_chulochnonosochnye_izdeliya,Трикотажные и чулочно-носочные изделия,110.2,level
2024-02-01,national,trikotazhnye_i_chulochnonosochnye_izdeliya,Трикотажные и чулочно-носочные изделия,109.9,level
2024-03-01,national,trikotazhnye_i_chulochnonosochnye_izdeliya,Трикотажные и чулочно-носочные изделия,109.9,level
2024-04-01,national,trikotazhnye_i_chulochnonosochnye_izdeliya,Трикотажные и чулочно-носочные изделия,110.3,level
2024-05-01,national,trikotazhnye_i_chulochnonosochnye_izdeliya,Трикотажные и чулочно-носочные изделия,109.6,level
2024-06-01,national,trikotazhnye_i_chulochnonosochnye_izdeliya,Трикотажные и чулочно-носочные изделия,109.9,level
2024-07-01,national,trikotazhnye_i_chulochnonosochnye_izdeliya,Трикотажные и чулочно-носочные изделия,110.4,level
2024-08-01,national,trikotazhnye_i_chulochnonosochnye_izdeliya,Трикотажные и чулочно-носочные изделия,110.2,level
2024-09-01,national,trikotazhnye_i_chulochnonosochnye_izdeliya,Трикотажные и чулочно-носочные изделия,110.0,level
2024-10-01,national,trikotazhnye_i_chulochnonosochnye_izdeliya,Трикотажные и чулочно-носочные изделия,109.6,level
2024-11-01,national,trikotazhnye_i_chulochnonosochnye_izdeliya,Трикотажные и чулочно-носочные изделия,109.7,level
2024-12-01,national,trikotazhnye_i_chulochnonosochnye_izdeliya,Трикотажные и чулочно-носочные изделия,110.1,level
2025-01-01,national,trikotazhnye_i_chulochnonosochnye_izdeliya,Трикотажные и чулочно-носочные изделия,110.3,level
2025-02-01,national,trikotazhnye_i_chulochnonosochnye_izdeliya,Трикотажные и чулочно-носочные изделия,110.7,level
2025-03-01,national,trikotazhnye_i_chulochnonosochnye_izdeliya,Трикотажные и чулочно-носочные изделия,110.6,level
2025-04-01,national,trikotazhnye_i_chulochnonosochnye_izdeliya,Трикотажные и чулочно-носочные изделия,110.8,level
2025-05-01,national,trikotazhnye_i_chulochnonosochnye_izdeliya,Трикотажные и чулочно-носочные изделия,110.8,level
2025-06-01,national,trikotazhnye_i_chulochnonosochnye_izdeliya,Трикотажные и чулочно-носочные изделия,110.4,level
2025-07-01,national,trikotazhnye_i_chulochnonosochnye_izdeliya,Трикотажные и чулочно-носочные изделия,109.8,level
2025-08-01,national,trikotazhnye_i_chulochnonosochnye_izdeliya,Трикотажные и чулочно-носочные изделия,110.0,level
2025-09-01,national,trikotazhnye_i_chulochnonosochnye_izdeliya,Трикотажные и чулочно-носочные изделия,110.1,level
2025-10-01,national,trikotazhnye_i_chulochnonosochnye_izdeliya,Трикотажные и чулочно-носочные изделия,110.5,level
2025-11-01,national,trikotazhnye_i_chulochnonosochnye_izdeliya,Трикотажные и чулочно-носочные изделия,110.6,level
2025-12-01,national,trikotazhnye_i_chulochnonosochnye_izdeliya,Трикотажные и чулочно-носочные изделия,110.1,level
2022-10-01,national,tverdoe_toplivo,Твердое топливо,111.1,level
2022-11-01,national,tverdoe_toplivo,Твердое топливо,110.2,level
2022-12-01,national,tverdoe_toplivo,Твердое топливо,110.0,level
2023-01-01,national,tverdoe_toplivo,Твердое топливо,111.5,level
2023-02-01,national,tverdoe_toplivo,Твердое топливо,112.4,level
2023-03-01,national,tverdoe_toplivo,Твердое топливо,112.6,level
2023-04-01,national,tverdoe_toplivo,Твердое топливо,112.9,level
2023-05-01,national,tverdoe_toplivo,Твердое топливо,113.0,level
2023-06-01,national,tverdoe_toplivo,Твердое топливо,112.5,level
2023-07-01,national,tverdoe_toplivo,Твердое топливо,112.0,level
2023-08-01,national,tverdoe_toplivo,Твердое топливо,111.8,level
2023-09-01,national,tverdoe_toplivo,Твердое топливо,111.7,level
2023-10-01,national,tverdoe_toplivo,Твердое топливо,111.6,level
2023-11-01,national,tverdoe_toplivo,Твердое топливо,110.1,level
2023-12-01,national,tverdoe_toplivo,Твердое топливо,109.9,level
2024-01-01,national,tverdoe_toplivo,Твердое топливо,109.3,level
2024-02-01,national,tverdoe_toplivo,Твердое топливо,109.5,level
2024-03-01,national,tverdoe_toplivo,Твердое топливо,109.2,level
2024-04-01,national,tverdoe_toplivo,Твердое топливо,109.1,level
2024-05-01,national,tverdoe_toplivo,Твердое топливо,109.0,level
2024-06-01,national,tverdoe_toplivo,Твердое топливо,110.0,level
2024-07-01,national,tverdoe_toplivo,Твердое топливо,110.3,level
2024-08-01,national,tverdoe_toplivo,Твердое топливо,110.3,level
2024-09-01,national,tverdoe_toplivo,Твердое топливо,110.1,level
2024-10-01,national,tverdoe_toplivo,Твердое топливо,110.1,level
2024-11-01,national,tverdoe_toplivo,Твердое топливо,110.2,level
2024-12-01,national,tverdoe_toplivo,Твердое топливо,110.4,level
2025-01-01,national,tverdoe_toplivo,Твердое топливо,110.2,level
2025-02-01,national,tverdoe_toplivo,Твердое топливо,109.6,level
2025-03-01,national,tverdoe_toplivo,Твердое топливо,109.9,level
2025-04-01,national,tverdoe_toplivo,Твердое топливо,110.0,level
2025-05-01,national,tverdoe_toplivo,Твердое топливо,110.1,level
2025-06-01,national,tverdoe_toplivo,Твердое топливо,109.0,level
2025-07-01,national,tverdoe_toplivo,Твердое топливо,108.9,level
2025-08-01,national,tverdoe_toplivo,Твердое топливо,109.3,level
2025-09-01,national,tverdoe_toplivo,Твердое топливо,109.5,level
2025-10-01,national,tverdoe_toplivo,Твердое топливо,108.6,level
2025-11-01,national,tverdoe_toplivo,Твердое топливо,108.0,level
2025-12-01,national,tverdoe_toplivo,Твердое топливо,107.8,level
2026-01-01,national,tverdoe_toplivo,Твердое топливо,107.5,level
2026-02-01,national,tverdoe_toplivo,Твердое топливо,107.2,level
2026-03-01,national,tverdoe_toplivo,Твердое топливо,107.3,level
2026-04-01,national,tverdoe_toplivo,Твердое топливо,107.3,level
2026-05-01,national,tverdoe_toplivo,Твердое топливо,107.5,level
2026-06-01,national,tverdoe_toplivo,Твердое топливо,107.6,level
2026-07-01,national,tverdoe_toplivo,Твердое топливо,107.3,level
2026-08-01,national,tverdoe_toplivo,Твердое топливо,106.7,level
2022-10-01,national,velosipedy,Велосипеды,134.6,level
2022-11-01,national,velosipedy,Велосипеды,135.6,level
2022-12-01,national,velosipedy,Велосипеды,132.4,level
2023-01-01,national,velosipedy,Велосипеды,130.6,level
2023-02-01,national,velosipedy,Велосипеды,129.5,level
2023-03-01,national,velosipedy,Велосипеды,126.4,level
2023-04-01,national,velosipedy,Велосипеды,120.4,level
2023-05-01,national,velosipedy,Велосипеды,120.5,level
2023-06-01,national,velosipedy,Велосипеды,118.6,level
2023-07-01,national,velosipedy,Велосипеды,117.1,level
2023-08-01,national,velosipedy,Велосипеды,114.7,level
2023-09-01,national,velosipedy,Велосипеды,112.5,level
2023-10-01,national,velosipedy,Велосипеды,113.3,level
2023-11-01,national,velosipedy,Велосипеды,114.8,level
2023-12-01,national,velosipedy,Велосипеды,111.6,level
2024-01-01,national,velosipedy,Велосипеды,111.0,level
2024-02-01,national,velosipedy,Велосипеды,112.5,level
2024-03-01,national,velosipedy,Велосипеды,111.1,level
2024-04-01,national,velosipedy,Велосипеды,111.5,level
2024-05-01,national,velosipedy,Велосипеды,109.5,level
2024-06-01,national,velosipedy,Велосипеды,110.1,level
2024-07-01,national,velosipedy,Велосипеды,104.8,level
2024-08-01,national,velosipedy,Велосипеды,109.2,level
2024-09-01,national,velosipedy,Велосипеды,109.3,level
2024-10-01,national,velosipedy,Велосипеды,108.2,level
2024-11-01,national,velosipedy,Велосипеды,107.1,level
2024-12-01,national,velosipedy,Велосипеды,110.2,level
2025-01-01,national,velosipedy,Велосипеды,110.1,level
2025-02-01,national,velosipedy,Велосипеды,109.2,level
2025-03-01,national,velosipedy,Велосипеды,110.1,level
2025-04-01,national,velosipedy,Велосипеды,111.2,level
2025-05-01,national,velosipedy,Велосипеды,111.1,level
2025-06-01,national,velosipedy,Велосипеды,103.6,level
2025-07-01,national,velosipedy,Велосипеды,110.9,level
2025-08-01,national,velosipedy,Велосипеды,111.1,level
2025-09-01,national,velosipedy,Велосипеды,111.2,level
2025-10-01,national,velosipedy,Велосипеды,110.7,level
2025-11-01,national,velosipedy,Велосипеды,109.1,level
2025-12-01,national,velosipedy,Велосипеды,108.7,level
2022-10-01,national,vino,Вино,114.9,level
2022-11-01,national,vino,Вино,115.3,level
2022-12-01,national,vino,Вино,116.1,level
2023-01-01,national,vino,Вино,116.4,level
2023-02-01,national,vino,Вино,116.9,level
2023-03-01,national,vino,Вино,116.0,level
2023-04-01,national,vino,Вино,114.5,level
2023-05-01,national,vino,Вино,113.2,level
2023-06-01,national,vino,Вино,113.4,level
2023-07-01,national,vino,Вино,113.3,level
2023-08-01,national,vino,Вино,113.1,level
2023-09-01,national,vino,Вино,112.6,level
2023-10-01,national,vino,Вино,113.0,level
2023-11-01,national,vino,Вино,112.3,level
2023-12-01,national,vino,Вино,111.8,level
2024-01-01,national,vino,Вино,112.1,level
2024-02-01,national,vino,Вино,111.5,level
2024-03-01,national,vino,Вино,110.8,level
2024-04-01,national,vino,Вино,110.5,level
2024-05-01,national,vino,Вино,110.5,level
2024-06-01,national,vino,Вино,109.7,level
2024-07-01,national,vino,Вино,110.2,level
2024-08-01,national,vino,Вино,109.9,level
2024-09-01,national,vino,Вино,110.3,level
2024-10-01,national,vino,Вино,109.5,level
2024-11-01,national,vino,Вино,109.7,level
2024-12-01,national,vino,Вино,109.8,level
2025-01-01,national,vino,Вино,109.9,level
2025-02-01,national,vino,Вино,110.2,level
2025-03-01,national,vino,Вино,110.3,level
2025-04-01,national,vino,Вино,110.9,level
2025-05-01,national,vino,Вино,110.9,level
2025-06-01,national,vino,Вино,110.6,level
2025-07-01,national,vino,Вино,109.4,level
2025-08-01,national,vino,Вино,110.0,level
2025-09-01,national,vino,Вино,110.5,level
2025-10-01,national,vino,Вино,110.0,level
2025-11-01,national,vino,Вино,110.0,level
2025-12-01,national,vino,Вино,110.2,level
2022-10-01,national,yaytsa,Яйца,114.8,level
2022-11-01,national,yaytsa,Яйца,120.0,level
2022-12-01,national,yaytsa,Яйца,122.9,level
2023-01-01,national,yaytsa,Яйца,125.8,level
2023-02-01,national,yaytsa,Яйца,128.7,level
2023-03-01,national,yaytsa,Яйца,123.4,level
2023-04-01,national,yaytsa,Яйца,123.7,level
2023-05-01,national,yaytsa,Яйца,129.3,level
2023-06-01,national,yaytsa,Яйца,123.1,level
2023-07-01,national,yaytsa,Яйца,120.2,level
2023-08-01,national,yaytsa,Яйца,118.7,level
2023-09-01,national,yaytsa,Яйца,113.6,level
2023-10-01,national,yaytsa,Яйца,112.8,level
2023-11-01,national,yaytsa,Яйца,111.6,level
2023-12-01,national,yaytsa,Яйца,113.4,level
2024-01-01,national,yaytsa,Яйца,117.0,level
2024-02-01,national,yaytsa,Яйца,118.4,level
2024-03-01,national,yaytsa,Яйца,119.1,level
2024-04-01,national,yaytsa,Яйца,114.5,level
2024-05-01,national,yaytsa,Яйца,106.0,level
2024-06-01,national,yaytsa,Яйца,112.2,level
2024-07-01,national,yaytsa,Яйца,110.6,level
2024-08-01,national,yaytsa,Яйца,108.7,level
2024-09-01,national,yaytsa,Яйца,111.9,level
2024-10-01,national,yaytsa,Яйца,109.5,level
2024-11-01,national,yaytsa,Яйца,104.5,level
2024-12-01,national,yaytsa,Яйца,101.3,level
2025-01-01,national,yaytsa,Яйца,96.9,level
2025-02-01,national,yaytsa,Яйца,94.7,level
2025-03-01,national,yaytsa,Яйца,91.7,level
2025-04-01,national,yaytsa,Яйца,94.4,level
2025-05-01,national,yaytsa,Яйца,102.2,level
2025-06-01,national,yaytsa,Яйца,99.4,level
2025-07-01,national,yaytsa,Яйца,100.3,level
2025-08-01,national,yaytsa,Яйца,108.4,level
2025-09-01,national,yaytsa,Яйца,105.8,level
2025-10-01,national,yaytsa,Яйца,104.1,level
2025-11-01,national,yaytsa,Яйца,103.9,level
2025-12-01,national,yaytsa,Яйца,102.9,level
2022-10-01,national,yuvelirnye_izdeliya_i_chasy,Ювелирные изделия и часы,134.6,level
2022-11-01,national,yuvelirnye_izdeliya_i_chasy,Ювелирные изделия и часы,134.6,level
2022-12-01,national,yuvelirnye_izdeliya_i_chasy,Ювелирные изделия и часы,134.9,level
2023-01-01,national,yuvelirnye_izdeliya_i_chasy,Ювелирные изделия и часы,134.4,level
2023-02-01,national,yuvelirnye_izdeliya_i_chasy,Ювелирные изделия и часы,133.2,level
2023-03-01,national,yuvelirnye_izdeliya_i_chasy,Ювелирные изделия и часы,108.6,level
2023-04-01,national,yuvelirnye_izdeliya_i_chasy,Ювелирные изделия и часы,106.5,level
2023-05-01,national,yuvelirnye_izdeliya_i_chasy,Ювелирные изделия и часы,105.6,level
2023-06-01,national,yuvelirnye_izdeliya_i_chasy,Ювелирные изделия и часы,104.2,level
2023-07-01,national,yuvelirnye_izdeliya_i_chasy,Ювелирные изделия и часы,104.1,level
2023-08-01,national,yuvelirnye_izdeliya_i_chasy,Ювелирные изделия и часы,103.2,level
2023-09-01,national,yuvelirnye_izdeliya_i_chasy,Ювелирные изделия и часы,103.8,level
2023-10-01,national,yuvelirnye_izdeliya_i_chasy,Ювелирные изделия и часы,103.5,level
2023-11-01,national,yuvelirnye_izdeliya_i_chasy,Ювелирные изделия и часы,103.4,level
2023-12-01,national,yuvelirnye_izdeliya_i_chasy,Ювелирные изделия и часы,104.0,level
2024-01-01,national,yuvelirnye_izdeliya_i_chasy,Ювелирные изделия и часы,104.3,level
2024-02-01,national,yuvelirnye_izdeliya_i_chasy,Ювелирные изделия и часы,105.1,level
2024-03-01,national,yuvelirnye_izdeliya_i_chasy,Ювелирные изделия и часы,104.5,level
2024-04-01,national,yuvelirnye_izdeliya_i_chasy,Ювелирные изделия и часы,105.2,level
2024-05-01,national,yuvelirnye_izdeliya_i_chasy,Ювелирные изделия и часы,105.2,level
2024-06-01,national,yuvelirnye_izdeliya_i_chasy,Ювелирные изделия и часы,105.0,level
2024-07-01,national,yuvelirnye_izdeliya_i_chasy,Ювелирные изделия и часы,109.3,level
2024-08-01,national,yuvelirnye_izdeliya_i_chasy,Ювелирные изделия и часы,105.7,level
2024-09-01,national,yuvelirnye_izdeliya_i_chasy,Ювелирные изделия и часы,107.5,level
2024-10-01,national,yuvelirnye_izdeliya_i_chasy,Ювелирные изделия и часы,108.8,level
2024-11-01,national,yuvelirnye_izdeliya_i_chasy,Ювелирные изделия и часы,115.3,level
2024-12-01,national,yuvelirnye_izdeliya_i_chasy,Ювелирные изделия и часы,122.2,level
2025-01-01,national,yuvelirnye_izdeliya_i_chasy,Ювелирные изделия и часы,124.9,level
2025-02-01,national,yuvelirnye_izdeliya_i_chasy,Ювелирные изделия и часы,124.4,level
2025-03-01,national,yuvelirnye_izdeliya_i_chasy,Ювелирные изделия и часы,126.6,level
2025-04-01,national,yuvelirnye_izdeliya_i_chasy,Ювелирные изделия и часы,127.7,level
2025-05-01,national,yuvelirnye_izdeliya_i_chasy,Ювелирные изделия и часы,133.5,level
2025-06-01,national,yuvelirnye_izdeliya_i_chasy,Ювелирные изделия и часы,109.0,level
2025-07-01,national,yuvelirnye_izdeliya_i_chasy,Ювелирные изделия и часы,138.2,level
2025-08-01,national,yuvelirnye_izdeliya_i_chasy,Ювелирные изделия и часы,139.3,level
2025-09-01,national,yuvelirnye_izdeliya_i_chasy,Ювелирные изделия и часы,142.1,level
2025-10-01,national,yuvelirnye_izdeliya_i_chasy,Ювелирные изделия и часы,147.9,level
2025-11-01,national,yuvelirnye_izdeliya_i_chasy,Ювелирные изделия и часы,145.3,level
2025-12-01,national,yuvelirnye_izdeliya_i_chasy,Ювелирные изделия и часы,136.9,level
2022-10-01,national,zapasnye_chasti_i_prinadlezhnosti_dlya_lichnykh_transportnykh_sredstv,Запасные части и принадлежности для личных транспортных средств,121.6,level
2022-11-01,national,zapasnye_chasti_i_prinadlezhnosti_dlya_lichnykh_transportnykh_sredstv,Запасные части и принадлежности для личных транспортных средств,123.4,level
2022-12-01,national,zapasnye_chasti_i_prinadlezhnosti_dlya_lichnykh_transportnykh_sredstv,Запасные части и принадлежности для личных транспортных средств,124.4,level
2023-01-01,national,zapasnye_chasti_i_prinadlezhnosti_dlya_lichnykh_transportnykh_sredstv,Запасные части и принадлежности для личных транспортных средств,125.2,level
2023-02-01,national,zapasnye_chasti_i_prinadlezhnosti_dlya_lichnykh_transportnykh_sredstv,Запасные части и принадлежности для личных транспортных средств,125.4,level
2023-03-01,national,zapasnye_chasti_i_prinadlezhnosti_dlya_lichnykh_transportnykh_sredstv,Запасные части и принадлежности для личных транспортных средств,122.9,level
2023-04-01,national,zapasnye_chasti_i_prinadlezhnosti_dlya_lichnykh_transportnykh_sredstv,Запасные части и принадлежности для личных транспортных средств,120.5,level
2023-05-01,national,zapasnye_chasti_i_prinadlezhnosti_dlya_lichnykh_transportnykh_sredstv,Запасные части и принадлежности для личных транспортных средств,117.5,level
2023-06-01,national,zapasnye_chasti_i_prinadlezhnosti_dlya_lichnykh_transportnykh_sredstv,Запасные части и принадлежности для личных транспортных средств,115.9,level
2023-07-01,national,zapasnye_chasti_i_prinadlezhnosti_dlya_lichnykh_transportnykh_sredstv,Запасные части и принадлежности для личных транспортных средств,114.7,level
2023-08-01,national,zapasnye_chasti_i_prinadlezhnosti_dlya_lichnykh_transportnykh_sredstv,Запасные части и принадлежности для личных транспортных средств,114.1,level
2023-09-01,national,zapasnye_chasti_i_prinadlezhnosti_dlya_lichnykh_transportnykh_sredstv,Запасные части и принадлежности для личных транспортных средств,111.3,level
2023-10-01,national,zapasnye_chasti_i_prinadlezhnosti_dlya_lichnykh_transportnykh_sredstv,Запасные части и принадлежности для личных транспортных средств,109.0,level
2023-11-01,national,zapasnye_chasti_i_prinadlezhnosti_dlya_lichnykh_transportnykh_sredstv,Запасные части и принадлежности для личных транспортных средств,107.9,level
2023-12-01,national,zapasnye_chasti_i_prinadlezhnosti_dlya_lichnykh_transportnykh_sredstv,Запасные части и принадлежности для личных транспортных средств,107.8,level
2024-01-01,national,zapasnye_chasti_i_prinadlezhnosti_dlya_lichnykh_transportnykh_sredstv,Запасные части и принадлежности для личных транспортных средств,107.7,level
2024-02-01,national,zapasnye_chasti_i_prinadlezhnosti_dlya_lichnykh_transportnykh_sredstv,Запасные части и принадлежности для личных транспортных средств,107.1,level
2024-03-01,national,zapasnye_chasti_i_prinadlezhnosti_dlya_lichnykh_transportnykh_sredstv,Запасные части и принадлежности для личных транспортных средств,106.4,level
2024-04-01,national,zapasnye_chasti_i_prinadlezhnosti_dlya_lichnykh_transportnykh_sredstv,Запасные части и принадлежности для личных транспортных средств,105.2,level
2024-05-01,national,zapasnye_chasti_i_prinadlezhnosti_dlya_lichnykh_transportnykh_sredstv,Запасные части и принадлежности для личных транспортных средств,104.7,level
2024-06-01,national,zapasnye_chasti_i_prinadlezhnosti_dlya_lichnykh_transportnykh_sredstv,Запасные части и принадлежности для личных транспортных средств,105.1,level
2024-07-01,national,zapasnye_chasti_i_prinadlezhnosti_dlya_lichnykh_transportnykh_sredstv,Запасные части и принадлежности для личных транспортных средств,101.0,level
2024-08-01,national,zapasnye_chasti_i_prinadlezhnosti_dlya_lichnykh_transportnykh_sredstv,Запасные части и принадлежности для личных транспортных средств,104.0,level
2024-09-01,national,zapasnye_chasti_i_prinadlezhnosti_dlya_lichnykh_transportnykh_sredstv,Запасные части и принадлежности для личных транспортных средств,104.1,level
2024-10-01,national,zapasnye_chasti_i_prinadlezhnosti_dlya_lichnykh_transportnykh_sredstv,Запасные части и принадлежности для личных транспортных средств,104.5,level
2024-11-01,national,zapasnye_chasti_i_prinadlezhnosti_dlya_lichnykh_transportnykh_sredstv,Запасные части и принадлежности для личных транспортных средств,104.1,level
2024-12-01,national,zapasnye_chasti_i_prinadlezhnosti_dlya_lichnykh_transportnykh_sredstv,Запасные части и принадлежности для личных транспортных средств,103.8,level
2025-01-01,national,zapasnye_chasti_i_prinadlezhnosti_dlya_lichnykh_transportnykh_sredstv,Запасные части и принадлежности для личных транспортных средств,103.6,level
2025-02-01,national,zapasnye_chasti_i_prinadlezhnosti_dlya_lichnykh_transportnykh_sredstv,Запасные части и принадлежности для личных транспортных средств,103.7,level
2025-03-01,national,zapasnye_chasti_i_prinadlezhnosti_dlya_lichnykh_transportnykh_sredstv,Запасные части и принадлежности для личных транспортных средств,104.1,level
2025-04-01,national,zapasnye_chasti_i_prinadlezhnosti_dlya_lichnykh_transportnykh_sredstv,Запасные части и принадлежности для личных транспортных средств,104.1,level
2025-05-01,national,zapasnye_chasti_i_prinadlezhnosti_dlya_lichnykh_transportnykh_sredstv,Запасные части и принадлежности для личных транспортных средств,104.3,level
2025-06-01,national,zapasnye_chasti_i_prinadlezhnosti_dlya_lichnykh_transportnykh_sredstv,Запасные части и принадлежности для личных транспортных средств,104.2,level
2025-07-01,national,zapasnye_chasti_i_prinadlezhnosti_dlya_lichnykh_transportnykh_sredstv,Запасные части и принадлежности для личных транспортных средств,103.8,level
2025-08-01,national,zapasnye_chasti_i_prinadlezhnosti_dlya_lichnykh_transportnykh_sredstv,Запасные части и принадлежности для личных транспортных средств,105.1,level
2025-09-01,national,zapasnye_chasti_i_prinadlezhnosti_dlya_lichnykh_transportnykh_sredstv,Запасные части и принадлежности для личных транспортных средств,105.5,level
2025-10-01,national,zapasnye_chasti_i_prinadlezhnosti_dlya_lichnykh_transportnykh_sredstv,Запасные части и принадлежности для личных транспортных средств,105.7,level
2025-11-01,national,zapasnye_chasti_i_prinadlezhnosti_dlya_lichnykh_transportnykh_sredstv,Запасные части и принадлежности для личных транспортных средств,105.5,level
2025-12-01,national,zapasnye_chasti_i_prinadlezhnosti_dlya_lichnykh_transportnykh_sredstv,Запасные части и принадлежности для личных транспортных средств,105.5,level
2026-01-01,national,zapasnye_chasti_i_prinadlezhnosti_dlya_lichnykh_transportnykh_sredstv,Запасные части и принадлежности для личных транспортных средств,105.3,level
2026-02-01,national,zapasnye_chasti_i_prinadlezhnosti_dlya_lichnykh_transportnykh_sredstv,Запасные части и принадлежности для личных транспортных средств,105.4,level
2026-03-01,national,zapasnye_chasti_i_prinadlezhnosti_dlya_lichnykh_transportnykh_sredstv,Запасные части и принадлежности для личных транспортных средств,105.6,level
2026-04-01,national,zapasnye_chasti_i_prinadlezhnosti_dlya_lichnykh_transportnykh_sredstv,Запасные части и принадлежности для личных транспортных средств,106.0,level
2026-05-01,national,zapasnye_chasti_i_prinadlezhnosti_dlya_lichnykh_transportnykh_sredstv,Запасные части и принадлежности для личных транспортных средств,106.3,level
2026-06-01,national,zapasnye_chasti_i_prinadlezhnosti_dlya_lichnykh_transportnykh_sredstv,Запасные части и принадлежности для личных транспортных средств,106.3,level
2026-07-01,national,zapasnye_chasti_i_prinadlezhnosti_dlya_lichnykh_transportnykh_sredstv,Запасные части и принадлежности для личных транспортных средств,106.0,level
2026-08-01,national,zapasnye_chasti_i_prinadlezhnosti_dlya_lichnykh_transportnykh_sredstv,Запасные части и принадлежности для личных транспортных средств,105.4,level
2022-10-01,national,zapisyvayushchie_ustroystva_i_materialy,Записывающие устройства и материалы,108.8,level
2022-11-01,national,zapisyvayushchie_ustroystva_i_materialy,Записывающие устройства и материалы,111.2,level
2022-12-01,national,zapisyvayushchie_ustroystva_i_materialy,Записывающие устройства и материалы,113.2,level
2023-01-01,national,zapisyvayushchie_ustroystva_i_materialy,Записывающие устройства и материалы,112.0,level
2023-02-01,national,zapisyvayushchie_ustroystva_i_materialy,Записывающие устройства и материалы,111.7,level
2023-03-01,national,zapisyvayushchie_ustroystva_i_materialy,Записывающие устройства и материалы,110.8,level
2023-04-01,national,zapisyvayushchie_ustroystva_i_materialy,Записывающие устройства и материалы,109.5,level
2023-05-01,national,zapisyvayushchie_ustroystva_i_materialy,Записывающие устройства и материалы,109.0,level
2023-06-01,national,zapisyvayushchie_ustroystva_i_materialy,Записывающие устройства и материалы,108.3,level
2023-07-01,national,zapisyvayushchie_ustroystva_i_materialy,Записывающие устройства и материалы,108.8,level
2023-08-01,national,zapisyvayushchie_ustroystva_i_materialy,Записывающие устройства и материалы,109.4,level
2023-09-01,national,zapisyvayushchie_ustroystva_i_materialy,Записывающие устройства и материалы,108.8,level
2023-10-01,national,zapisyvayushchie_ustroystva_i_materialy,Записывающие устройства и материалы,108.3,level
2023-11-01,national,zapisyvayushchie_ustroystva_i_materialy,Записывающие устройства и материалы,106.3,level
2023-12-01,national,zapisyvayushchie_ustroystva_i_materialy,Записывающие устройства и материалы,105.0,level
2024-01-01,national,zapisyvayushchie_ustroystva_i_materialy,Записывающие устройства и материалы,112.3,level
2024-02-01,national,zapisyvayushchie_ustroystva_i_materialy,Записывающие устройства и материалы,110.8,level
2024-03-01,national,zapisyvayushchie_ustroystva_i_materialy,Записывающие устройства и материалы,116.8,level
2024-04-01,national,zapisyvayushchie_ustroystva_i_materialy,Записывающие устройства и материалы,123.1,level
2024-05-01,national,zapisyvayushchie_ustroystva_i_materialy,Записывающие устройства и материалы,128.1,level
2024-06-01,national,zapisyvayushchie_ustroystva_i_materialy,Записывающие устройства и материалы,126.1,level
2024-07-01,national,zapisyvayushchie_ustroystva_i_materialy,Записывающие устройства и материалы,107.2,level
2024-08-01,national,zapisyvayushchie_ustroystva_i_materialy,Записывающие устройства и материалы,140.9,level
2024-09-01,national,zapisyvayushchie_ustroystva_i_materialy,Записывающие устройства и материалы,151.0,level
2024-10-01,national,zapisyvayushchie_ustroystva_i_materialy,Записывающие устройства и материалы,144.7,level
2024-11-01,national,zapisyvayushchie_ustroystva_i_materialy,Записывающие устройства и материалы,146.6,level
2024-12-01,national,zapisyvayushchie_ustroystva_i_materialy,Записывающие устройства и материалы,154.8,level
2025-01-01,national,zapisyvayushchie_ustroystva_i_materialy,Записывающие устройства и материалы,144.3,level
2025-02-01,national,zapisyvayushchie_ustroystva_i_materialy,Записывающие устройства и материалы,153.3,level
2025-03-01,national,zapisyvayushchie_ustroystva_i_materialy,Записывающие устройства и материалы,136.6,level
2025-04-01,national,zapisyvayushchie_ustroystva_i_materialy,Записывающие устройства и материалы,122.2,level
2025-05-01,national,zapisyvayushchie_ustroystva_i_materialy,Записывающие устройства и материалы,106.4,level
2025-06-01,national,zapisyvayushchie_ustroystva_i_materialy,Записывающие устройства и материалы,105.5,level
2025-07-01,national,zapisyvayushchie_ustroystva_i_materialy,Записывающие устройства и материалы,111.6,level
2025-08-01,national,zapisyvayushchie_ustroystva_i_materialy,Записывающие устройства и материалы,98.5,level
2025-09-01,national,zapisyvayushchie_ustroystva_i_materialy,Записывающие устройства и материалы,91.3,level
2025-10-01,national,zapisyvayushchie_ustroystva_i_materialy,Записывающие устройства и материалы,96.2,level
2025-11-01,national,zapisyvayushchie_ustroystva_i_materialy,Записывающие устройства и материалы,95.6,level
2025-12-01,national,zapisyvayushchie_ustroystva_i_materialy,Записывающие устройства и материалы,90.4,level
