date,region,item_code,item_name,value,transformation
2025-12-31,world,AFG,Afghanistan,43844111.0,level
2024-12-31,world,AFG,Afghanistan,42647492.0,level
2023-12-31,world,AFG,Afghanistan,41454761.0,level
2022-12-31,world,AFG,Afghanistan,40578842.0,level
2021-12-31,world,AFG,Afghanistan,40000412.0,level
2020-12-31,world,AFG,Afghanistan,39068979.0,level
2019-12-31,world,AFG,Afghanistan,37856121.0,level
2018-12-31,world,AFG,Afghanistan,36743039.0,level
2017-12-31,world,AFG,Afghanistan,35688935.0,level
2016-12-31,world,AFG,Afghanistan,34700612.0,level
2015-12-31,world,AFG,Afghanistan,33831764.0,level
2014-12-31,world,AFG,Afghanistan,32792523.0,level
2013-12-31,world,AFG,Afghanistan,31622704.0,level
2012-12-31,world,AFG,Afghanistan,30560034.0,level
2011-12-31,world,AFG,Afghanistan,29347708.0,level
2010-12-31,world,AFG,Afghanistan,28284089.0,level
2009-12-31,world,AFG,Afghanistan,27466101.0,level
2008-12-31,world,AFG,Afghanistan,26482622.0,level
2007-12-31,world,AFG,Afghanistan,25909852.0,level
2006-12-31,world,AFG,Afghanistan,25424094.0,level
2005-12-31,world,AFG,Afghanistan,24404567.0,level
2004-12-31,world,AFG,Afghanistan,23560654.0,level
2003-12-31,world,AFG,Afghanistan,22733049.0,level
2002-12-31,world,AFG,Afghanistan,21378117.0,level
2001-12-31,world,AFG,Afghanistan,20284307.0,level
2000-12-31,world,AFG,Afghanistan,20130327.0,level
1999-12-31,world,AFG,Afghanistan,19887785.0,level
1998-12-31,world,AFG,Afghanistan,19159996.0,level
1997-12-31,world,AFG,Afghanistan,18452091.0,level
1996-12-31,world,AFG,Afghanistan,17763266.0,level
1995-12-31,world,AFG,Afghanistan,17065836.0,level
1994-12-31,world,AFG,Afghanistan,16250794.0,level
1993-12-31,world,AFG,Afghanistan,14943172.0,level
1992-12-31,world,AFG,Afghanistan,13278974.0,level
1991-12-31,world,AFG,Afghanistan,12238879.0,level
1990-12-31,world,AFG,Afghanistan,12045660.0,level
1989-12-31,world,AFG,Afghanistan,11874088.0,level
1988-12-31,world,AFG,Afghanistan,11523298.0,level
1987-12-31,world,AFG,Afghanistan,11387818.0,level
1986-12-31,world,AFG,Afghanistan,11420074.0,level
1985-12-31,world,AFG,Afghanistan,11426852.0,level
1984-12-31,world,AFG,Afghanistan,11190221.0,level
1983-12-31,world,AFG,Afghanistan,10917982.0,level
1982-12-31,world,AFG,Afghanistan,10991378.0,level
1981-12-31,world,AFG,Afghanistan,11937581.0,level
1980-12-31,world,AFG,Afghanistan,13169311.0,level
1979-12-31,world,AFG,Afghanistan,13655567.0,level
1978-12-31,world,AFG,Afghanistan,13611441.0,level
1977-12-31,world,AFG,Afghanistan,13340756.0,level
1976-12-31,world,AFG,Afghanistan,13059851.0,level
1975-12-31,world,AFG,Afghanistan,12773954.0,level
1974-12-31,world,AFG,Afghanistan,12469127.0,level
1973-12-31,world,AFG,Afghanistan,12157999.0,level
1972-12-31,world,AFG,Afghanistan,11853696.0,level
1971-12-31,world,AFG,Afghanistan,11567667.0,level
1970-12-31,world,AFG,Afghanistan,11290128.0,level
1969-12-31,world,AFG,Afghanistan,11017409.0,level
1968-12-31,world,AFG,Afghanistan,10756922.0,level
1967-12-31,world,AFG,Afghanistan,10505959.0,level
1966-12-31,world,AFG,Afghanistan,10266395.0,level
1965-12-31,world,AFG,Afghanistan,10036008.0,level
1964-12-31,world,AFG,Afghanistan,9814318.0,level
1963-12-31,world,AFG,Afghanistan,9604487.0,level
1962-12-31,world,AFG,Afghanistan,9404406.0,level
1961-12-31,world,AFG,Afghanistan,9214083.0,level
1960-12-31,world,AFG,Afghanistan,9035043.0,level
2025-12-31,world,ALB,Albania,2349580.0,level
2024-12-31,world,ALB,Albania,2377128.0,level
2023-12-31,world,ALB,Albania,2411658.0,level
2022-12-31,world,ALB,Albania,2451636.0,level
2021-12-31,world,ALB,Albania,2489762.0,level
2020-12-31,world,ALB,Albania,2528480.0,level
2019-12-31,world,ALB,Albania,2567801.0,level
2018-12-31,world,ALB,Albania,2607733.0,level
2017-12-31,world,ALB,Albania,2648285.0,level
2016-12-31,world,ALB,Albania,2689469.0,level
2015-12-31,world,ALB,Albania,2731293.0,level
2014-12-31,world,ALB,Albania,2773767.0,level
2013-12-31,world,ALB,Albania,2816902.0,level
2012-12-31,world,ALB,Albania,2860708.0,level
2011-12-31,world,ALB,Albania,2905195.0,level
2010-12-31,world,ALB,Albania,2913021.0,level
2009-12-31,world,ALB,Albania,2927519.0,level
2008-12-31,world,ALB,Albania,2947314.0,level
2007-12-31,world,ALB,Albania,2970017.0,level
2006-12-31,world,ALB,Albania,2992547.0,level
2005-12-31,world,ALB,Albania,3011487.0,level
2004-12-31,world,ALB,Albania,3026939.0,level
2003-12-31,world,ALB,Albania,3039616.0,level
2002-12-31,world,ALB,Albania,3051010.0,level
2001-12-31,world,ALB,Albania,3060173.0,level
2000-12-31,world,ALB,Albania,3089027.0,level
1999-12-31,world,ALB,Albania,3108778.0,level
1998-12-31,world,ALB,Albania,3128530.0,level
1997-12-31,world,ALB,Albania,3148281.0,level
1996-12-31,world,ALB,Albania,3168033.0,level
1995-12-31,world,ALB,Albania,3187784.0,level
1994-12-31,world,ALB,Albania,3207536.0,level
1993-12-31,world,ALB,Albania,3227287.0,level
1992-12-31,world,ALB,Albania,3247039.0,level
1991-12-31,world,ALB,Albania,3266790.0,level
1990-12-31,world,ALB,Albania,3286542.0,level
1989-12-31,world,ALB,Albania,3227943.0,level
1988-12-31,world,ALB,Albania,3142336.0,level
1987-12-31,world,ALB,Albania,3083605.0,level
1986-12-31,world,ALB,Albania,3022635.0,level
1985-12-31,world,ALB,Albania,2964762.0,level
1984-12-31,world,ALB,Albania,2904429.0,level
1983-12-31,world,ALB,Albania,2843960.0,level
1982-12-31,world,ALB,Albania,2784278.0,level
1981-12-31,world,ALB,Albania,2726056.0,level
1980-12-31,world,ALB,Albania,2671997.0,level
1979-12-31,world,ALB,Albania,2617832.0,level
1978-12-31,world,ALB,Albania,2566266.0,level
1977-12-31,world,ALB,Albania,2513546.0,level
1976-12-31,world,ALB,Albania,2458526.0,level
1975-12-31,world,ALB,Albania,2404831.0,level
1974-12-31,world,ALB,Albania,2350124.0,level
1973-12-31,world,ALB,Albania,2296752.0,level
1972-12-31,world,ALB,Albania,2243126.0,level
1971-12-31,world,ALB,Albania,2187853.0,level
1970-12-31,world,ALB,Albania,2135479.0,level
1969-12-31,world,ALB,Albania,2081695.0,level
1968-12-31,world,ALB,Albania,2022272.0,level
1967-12-31,world,ALB,Albania,1965598.0,level
1966-12-31,world,ALB,Albania,1914573.0,level
1965-12-31,world,ALB,Albania,1864791.0,level
1964-12-31,world,ALB,Albania,1814135.0,level
1963-12-31,world,ALB,Albania,1762621.0,level
1962-12-31,world,ALB,Albania,1711319.0,level
1961-12-31,world,ALB,Albania,1659800.0,level
1960-12-31,world,ALB,Albania,1608800.0,level
2025-12-31,world,DZA,Algeria,47435312.0,level
2024-12-31,world,DZA,Algeria,46814308.0,level
2023-12-31,world,DZA,Algeria,46164219.0,level
2022-12-31,world,DZA,Algeria,45477389.0,level
2021-12-31,world,DZA,Algeria,44761099.0,level
2020-12-31,world,DZA,Algeria,44042091.0,level
2019-12-31,world,DZA,Algeria,43294546.0,level
2018-12-31,world,DZA,Algeria,42505035.0,level
2017-12-31,world,DZA,Algeria,41689299.0,level
2016-12-31,world,DZA,Algeria,40850721.0,level
2015-12-31,world,DZA,Algeria,40019529.0,level
2014-12-31,world,DZA,Algeria,39205031.0,level
2013-12-31,world,DZA,Algeria,38414171.0,level
2012-12-31,world,DZA,Algeria,37646166.0,level
2011-12-31,world,DZA,Algeria,36903376.0,level
2010-12-31,world,DZA,Algeria,36188236.0,level
2009-12-31,world,DZA,Algeria,35490445.0,level
2008-12-31,world,DZA,Algeria,34816961.0,level
2007-12-31,world,DZA,Algeria,34189416.0,level
2006-12-31,world,DZA,Algeria,33623506.0,level
2005-12-31,world,DZA,Algeria,33109249.0,level
2004-12-31,world,DZA,Algeria,32628286.0,level
2003-12-31,world,DZA,Algeria,32175818.0,level
2002-12-31,world,DZA,Algeria,31750835.0,level
2001-12-31,world,DZA,Algeria,31331221.0,level
2000-12-31,world,DZA,Algeria,30903893.0,level
1999-12-31,world,DZA,Algeria,30474354.0,level
1998-12-31,world,DZA,Algeria,30054133.0,level
1997-12-31,world,DZA,Algeria,29579301.0,level
1996-12-31,world,DZA,Algeria,29033044.0,level
1995-12-31,world,DZA,Algeria,28470191.0,level
1994-12-31,world,DZA,Algeria,27887279.0,level
1993-12-31,world,DZA,Algeria,27277048.0,level
1992-12-31,world,DZA,Algeria,26628568.0,level
1991-12-31,world,DZA,Algeria,25987928.0,level
1990-12-31,world,DZA,Algeria,25375810.0,level
1989-12-31,world,DZA,Algeria,24754485.0,level
1988-12-31,world,DZA,Algeria,24109536.0,level
1987-12-31,world,DZA,Algeria,23443624.0,level
1986-12-31,world,DZA,Algeria,22745499.0,level
1985-12-31,world,DZA,Algeria,22008544.0,level
1984-12-31,world,DZA,Algeria,21271969.0,level
1983-12-31,world,DZA,Algeria,20558115.0,level
1982-12-31,world,DZA,Algeria,19872348.0,level
1981-12-31,world,DZA,Algeria,19220704.0,level
1980-12-31,world,DZA,Algeria,18607174.0,level
1979-12-31,world,DZA,Algeria,18036655.0,level
1978-12-31,world,DZA,Algeria,17506974.0,level
1977-12-31,world,DZA,Algeria,17015994.0,level
1976-12-31,world,DZA,Algeria,16409170.0,level
1975-12-31,world,DZA,Algeria,15678596.0,level
1974-12-31,world,DZA,Algeria,15133502.0,level
1973-12-31,world,DZA,Algeria,14771147.0,level
1972-12-31,world,DZA,Algeria,14427072.0,level
1971-12-31,world,DZA,Algeria,14098936.0,level
1970-12-31,world,DZA,Algeria,13783719.0,level
1969-12-31,world,DZA,Algeria,13475960.0,level
1968-12-31,world,DZA,Algeria,13172614.0,level
1967-12-31,world,DZA,Algeria,12876118.0,level
1966-12-31,world,DZA,Algeria,12590069.0,level
1965-12-31,world,DZA,Algeria,12365976.0,level
1964-12-31,world,DZA,Algeria,12179813.0,level
1963-12-31,world,DZA,Algeria,11982118.0,level
1962-12-31,world,DZA,Algeria,11800771.0,level
1961-12-31,world,DZA,Algeria,11628883.0,level
1960-12-31,world,DZA,Algeria,11424922.0,level
2025-12-31,world,ASM,American Samoa,46029.0,level
2024-12-31,world,ASM,American Samoa,46765.0,level
2023-12-31,world,ASM,American Samoa,47521.0,level
2022-12-31,world,ASM,American Samoa,48342.0,level
2021-12-31,world,ASM,American Samoa,49225.0,level
2020-12-31,world,ASM,American Samoa,49761.0,level
2019-12-31,world,ASM,American Samoa,50209.0,level
2018-12-31,world,ASM,American Samoa,50908.0,level
2017-12-31,world,ASM,American Samoa,51586.0,level
2016-12-31,world,ASM,American Samoa,52245.0,level
2015-12-31,world,ASM,American Samoa,52878.0,level
2014-12-31,world,ASM,American Samoa,53466.0,level
2013-12-31,world,ASM,American Samoa,54006.0,level
2012-12-31,world,ASM,American Samoa,54489.0,level
2011-12-31,world,ASM,American Samoa,54895.0,level
2010-12-31,world,ASM,American Samoa,55228.0,level
2009-12-31,world,ASM,American Samoa,55528.0,level
2008-12-31,world,ASM,American Samoa,55828.0,level
2007-12-31,world,ASM,American Samoa,56113.0,level
2006-12-31,world,ASM,American Samoa,56374.0,level
2005-12-31,world,ASM,American Samoa,56617.0,level
2004-12-31,world,ASM,American Samoa,56818.0,level
2003-12-31,world,ASM,American Samoa,56971.0,level
2002-12-31,world,ASM,American Samoa,57062.0,level
2001-12-31,world,ASM,American Samoa,57053.0,level
2000-12-31,world,ASM,American Samoa,56855.0,level
1999-12-31,world,ASM,American Samoa,56248.0,level
1998-12-31,world,ASM,American Samoa,55334.0,level
1997-12-31,world,ASM,American Samoa,54362.0,level
1996-12-31,world,ASM,American Samoa,53353.0,level
1995-12-31,world,ASM,American Samoa,52316.0,level
1994-12-31,world,ASM,American Samoa,51251.0,level
1993-12-31,world,ASM,American Samoa,50159.0,level
1992-12-31,world,ASM,American Samoa,49038.0,level
1991-12-31,world,ASM,American Samoa,47882.0,level
1990-12-31,world,ASM,American Samoa,46640.0,level
1989-12-31,world,ASM,American Samoa,45191.0,level
1988-12-31,world,ASM,American Samoa,43615.0,level
1987-12-31,world,ASM,American Samoa,42072.0,level
1986-12-31,world,ASM,American Samoa,40571.0,level
1985-12-31,world,ASM,American Samoa,39103.0,level
1984-12-31,world,ASM,American Samoa,37667.0,level
1983-12-31,world,ASM,American Samoa,36271.0,level
1982-12-31,world,ASM,American Samoa,34909.0,level
1981-12-31,world,ASM,American Samoa,33584.0,level
1980-12-31,world,ASM,American Samoa,32403.0,level
1979-12-31,world,ASM,American Samoa,31611.0,level
1978-12-31,world,ASM,American Samoa,31076.0,level
1977-12-31,world,ASM,American Samoa,30521.0,level
1976-12-31,world,ASM,American Samoa,29959.0,level
1975-12-31,world,ASM,American Samoa,29390.0,level
1974-12-31,world,ASM,American Samoa,28875.0,level
1973-12-31,world,ASM,American Samoa,28436.0,level
1972-12-31,world,ASM,American Samoa,27995.0,level
1971-12-31,world,ASM,American Samoa,27533.0,level
1970-12-31,world,ASM,American Samoa,27026.0,level
1969-12-31,world,ASM,American Samoa,26375.0,level
1968-12-31,world,ASM,American Samoa,25614.0,level
1967-12-31,world,ASM,American Samoa,24863.0,level
1966-12-31,world,ASM,American Samoa,24136.0,level
1965-12-31,world,ASM,American Samoa,23406.0,level
1964-12-31,world,ASM,American Samoa,22673.0,level
1963-12-31,world,ASM,American Samoa,21966.0,level
1962-12-31,world,ASM,American Samoa,21298.0,level
1961-12-31,world,ASM,American Samoa,20666.0,level
1960-12-31,world,ASM,American Samoa,20133.0,level
2025-12-31,world,AND,Andorra,82904.0,level
2024-12-31,world,AND,Andorra,81938.0,level
2023-12-31,world,AND,Andorra,80856.0,level
2022-12-31,world,AND,Andorra,79705.0,level
2021-12-31,world,AND,Andorra,78364.0,level
2020-12-31,world,AND,Andorra,77380.0,level
2019-12-31,world,AND,Andorra,76474.0,level
2018-12-31,world,AND,Andorra,75162.0,level
2017-12-31,world,AND,Andorra,73763.0,level
2016-12-31,world,AND,Andorra,72181.0,level
2015-12-31,world,AND,Andorra,72174.0,level
2014-12-31,world,AND,Andorra,73737.0,level
2013-12-31,world,AND,Andorra,75194.0,level
2012-12-31,world,AND,Andorra,76834.0,level
2011-12-31,world,AND,Andorra,77783.0,level
2010-12-31,world,AND,Andorra,80706.0,level
2009-12-31,world,AND,Andorra,83888.0,level
2008-12-31,world,AND,Andorra,83495.0,level
2007-12-31,world,AND,Andorra,81877.0,level
2006-12-31,world,AND,Andorra,79585.0,level
2005-12-31,world,AND,Andorra,77421.0,level
2004-12-31,world,AND,Andorra,74325.0,level
2003-12-31,world,AND,Andorra,69486.0,level
2002-12-31,world,AND,Andorra,66506.0,level
2001-12-31,world,AND,Andorra,65852.0,level
2000-12-31,world,AND,Andorra,65685.0,level
1999-12-31,world,AND,Andorra,65710.0,level
1998-12-31,world,AND,Andorra,65382.0,level
1997-12-31,world,AND,Andorra,64700.0,level
1996-12-31,world,AND,Andorra,63984.0,level
1995-12-31,world,AND,Andorra,63912.0,level
1994-12-31,world,AND,Andorra,64612.0,level
1993-12-31,world,AND,Andorra,63272.0,level
1992-12-31,world,AND,Andorra,60200.0,level
1991-12-31,world,AND,Andorra,56667.0,level
1990-12-31,world,AND,Andorra,52597.0,level
1989-12-31,world,AND,Andorra,50620.0,level
1988-12-31,world,AND,Andorra,49416.0,level
1987-12-31,world,AND,Andorra,47653.0,level
1986-12-31,world,AND,Andorra,45734.0,level
1985-12-31,world,AND,Andorra,43825.0,level
1984-12-31,world,AND,Andorra,42273.0,level
1983-12-31,world,AND,Andorra,40565.0,level
1982-12-31,world,AND,Andorra,38764.0,level
1981-12-31,world,AND,Andorra,37169.0,level
1980-12-31,world,AND,Andorra,35782.0,level
1979-12-31,world,AND,Andorra,34306.0,level
1978-12-31,world,AND,Andorra,32735.0,level
1977-12-31,world,AND,Andorra,31097.0,level
1976-12-31,world,AND,Andorra,29436.0,level
1975-12-31,world,AND,Andorra,27773.0,level
1974-12-31,world,AND,Andorra,26130.0,level
1973-12-31,world,AND,Andorra,24523.0,level
1972-12-31,world,AND,Andorra,22957.0,level
1971-12-31,world,AND,Andorra,21442.0,level
1970-12-31,world,AND,Andorra,19977.0,level
1969-12-31,world,AND,Andorra,18555.0,level
1968-12-31,world,AND,Andorra,17176.0,level
1967-12-31,world,AND,Andorra,15837.0,level
1966-12-31,world,AND,Andorra,14626.0,level
1965-12-31,world,AND,Andorra,13634.0,level
1964-12-31,world,AND,Andorra,12764.0,level
1963-12-31,world,AND,Andorra,11915.0,level
1962-12-31,world,AND,Andorra,11086.0,level
1961-12-31,world,AND,Andorra,10283.0,level
1960-12-31,world,AND,Andorra,9510.0,level
2025-12-31,world,AGO,Angola,39040039.0,level
2024-12-31,world,AGO,Angola,37885849.0,level
2023-12-31,world,AGO,Angola,36749906.0,level
2022-12-31,world,AGO,Angola,35635029.0,level
2021-12-31,world,AGO,Angola,34532429.0,level
2020-12-31,world,AGO,Angola,33451132.0,level
2019-12-31,world,AGO,Angola,32375632.0,level
2018-12-31,world,AGO,Angola,31297155.0,level
2017-12-31,world,AGO,Angola,30234839.0,level
2016-12-31,world,AGO,Angola,29183070.0,level
2015-12-31,world,AGO,Angola,28157798.0,level
2014-12-31,world,AGO,Angola,27160769.0,level
2013-12-31,world,AGO,Angola,26165620.0,level
2012-12-31,world,AGO,Angola,25177394.0,level
2011-12-31,world,AGO,Angola,24218352.0,level
2010-12-31,world,AGO,Angola,23294825.0,level
2009-12-31,world,AGO,Angola,22414773.0,level
2008-12-31,world,AGO,Angola,21578655.0,level
2007-12-31,world,AGO,Angola,20778561.0,level
2006-12-31,world,AGO,Angola,20015279.0,level
2005-12-31,world,AGO,Angola,19291161.0,level
2004-12-31,world,AGO,Angola,18600423.0,level
2003-12-31,world,AGO,Angola,17943712.0,level
2002-12-31,world,AGO,Angola,17327699.0,level
2001-12-31,world,AGO,Angola,16747208.0,level
2000-12-31,world,AGO,Angola,16194869.0,level
1999-12-31,world,AGO,Angola,15667235.0,level
1998-12-31,world,AGO,Angola,15159370.0,level
1997-12-31,world,AGO,Angola,14660413.0,level
1996-12-31,world,AGO,Angola,14170973.0,level
1995-12-31,world,AGO,Angola,13699778.0,level
1994-12-31,world,AGO,Angola,13249764.0,level
1993-12-31,world,AGO,Angola,12827135.0,level
1992-12-31,world,AGO,Angola,12423712.0,level
1991-12-31,world,AGO,Angola,12023529.0,level
1990-12-31,world,AGO,Angola,11626360.0,level
1989-12-31,world,AGO,Angola,11238562.0,level
1988-12-31,world,AGO,Angola,10861291.0,level
1987-12-31,world,AGO,Angola,10497858.0,level
1986-12-31,world,AGO,Angola,10139450.0,level
1985-12-31,world,AGO,Angola,9779120.0,level
1984-12-31,world,AGO,Angola,9425917.0,level
1983-12-31,world,AGO,Angola,9082983.0,level
1982-12-31,world,AGO,Angola,8751648.0,level
1981-12-31,world,AGO,Angola,8435607.0,level
1980-12-31,world,AGO,Angola,8133872.0,level
1979-12-31,world,AGO,Angola,7847207.0,level
1978-12-31,world,AGO,Angola,7576734.0,level
1977-12-31,world,AGO,Angola,7317829.0,level
1976-12-31,world,AGO,Angola,7074664.0,level
1975-12-31,world,AGO,Angola,6842947.0,level
1974-12-31,world,AGO,Angola,6613367.0,level
1973-12-31,world,AGO,Angola,6388528.0,level
1972-12-31,world,AGO,Angola,6174262.0,level
1971-12-31,world,AGO,Angola,5991102.0,level
1970-12-31,world,AGO,Angola,5852788.0,level
1969-12-31,world,AGO,Angola,5763685.0,level
1968-12-31,world,AGO,Angola,5702699.0,level
1967-12-31,world,AGO,Angola,5641807.0,level
1966-12-31,world,AGO,Angola,5581386.0,level
1965-12-31,world,AGO,Angola,5521981.0,level
1964-12-31,world,AGO,Angola,5464187.0,level
1963-12-31,world,AGO,Angola,5408320.0,level
1962-12-31,world,AGO,Angola,5354310.0,level
1961-12-31,world,AGO,Angola,5301583.0,level
1960-12-31,world,AGO,Angola,5231654.0,level
2025-12-31,world,ATG,Antigua and Barbuda,94209.0,level
2024-12-31,world,ATG,Antigua and Barbuda,93772.0,level
2023-12-31,world,ATG,Antigua and Barbuda,93316.0,level
2022-12-31,world,ATG,Antigua and Barbuda,92840.0,level
2021-12-31,world,ATG,Antigua and Barbuda,92349.0,level
2020-12-31,world,ATG,Antigua and Barbuda,91846.0,level
2019-12-31,world,ATG,Antigua and Barbuda,91364.0,level
2018-12-31,world,ATG,Antigua and Barbuda,90926.0,level
2017-12-31,world,ATG,Antigua and Barbuda,90468.0,level
2016-12-31,world,ATG,Antigua and Barbuda,89969.0,level
2015-12-31,world,ATG,Antigua and Barbuda,89409.0,level
2014-12-31,world,ATG,Antigua and Barbuda,88765.0,level
2013-12-31,world,ATG,Antigua and Barbuda,88064.0,level
2012-12-31,world,ATG,Antigua and Barbuda,87260.0,level
2011-12-31,world,ATG,Antigua and Barbuda,86332.0,level
2010-12-31,world,ATG,Antigua and Barbuda,85320.0,level
2009-12-31,world,ATG,Antigua and Barbuda,84173.0,level
2008-12-31,world,ATG,Antigua and Barbuda,82912.0,level
2007-12-31,world,ATG,Antigua and Barbuda,81704.0,level
2006-12-31,world,ATG,Antigua and Barbuda,80604.0,level
2005-12-31,world,ATG,Antigua and Barbuda,79611.0,level
2004-12-31,world,ATG,Antigua and Barbuda,78719.0,level
2003-12-31,world,ATG,Antigua and Barbuda,77884.0,level
2002-12-31,world,ATG,Antigua and Barbuda,77032.0,level
2001-12-31,world,ATG,Antigua and Barbuda,76069.0,level
2000-12-31,world,ATG,Antigua and Barbuda,74912.0,level
1999-12-31,world,ATG,Antigua and Barbuda,73666.0,level
1998-12-31,world,ATG,Antigua and Barbuda,72412.0,level
1997-12-31,world,ATG,Antigua and Barbuda,71053.0,level
1996-12-31,world,ATG,Antigua and Barbuda,69612.0,level
1995-12-31,world,ATG,Antigua and Barbuda,68189.0,level
1994-12-31,world,ATG,Antigua and Barbuda,66843.0,level
1993-12-31,world,ATG,Antigua and Barbuda,65587.0,level
1992-12-31,world,ATG,Antigua and Barbuda,64404.0,level
1991-12-31,world,ATG,Antigua and Barbuda,63387.0,level
1990-12-31,world,ATG,Antigua and Barbuda,63066.0,level
1989-12-31,world,ATG,Antigua and Barbuda,63325.0,level
1988-12-31,world,ATG,Antigua and Barbuda,63623.0,level
1987-12-31,world,ATG,Antigua and Barbuda,63946.0,level
1986-12-31,world,ATG,Antigua and Barbuda,64276.0,level
1985-12-31,world,ATG,Antigua and Barbuda,64591.0,level
1984-12-31,world,ATG,Antigua and Barbuda,64882.0,level
1983-12-31,world,ATG,Antigua and Barbuda,64934.0,level
1982-12-31,world,ATG,Antigua and Barbuda,64785.0,level
1981-12-31,world,ATG,Antigua and Barbuda,64665.0,level
1980-12-31,world,ATG,Antigua and Barbuda,64513.0,level
1979-12-31,world,ATG,Antigua and Barbuda,64274.0,level
1978-12-31,world,ATG,Antigua and Barbuda,64038.0,level
1977-12-31,world,ATG,Antigua and Barbuda,63862.0,level
1976-12-31,world,ATG,Antigua and Barbuda,63762.0,level
1975-12-31,world,ATG,Antigua and Barbuda,63839.0,level
1974-12-31,world,ATG,Antigua and Barbuda,64058.0,level
1973-12-31,world,ATG,Antigua and Barbuda,64342.0,level
1972-12-31,world,ATG,Antigua and Barbuda,64615.0,level
1971-12-31,world,ATG,Antigua and Barbuda,64729.0,level
1970-12-31,world,ATG,Antigua and Barbuda,64528.0,level
1969-12-31,world,ATG,Antigua and Barbuda,63819.0,level
1968-12-31,world,ATG,Antigua and Barbuda,62809.0,level
1967-12-31,world,ATG,Antigua and Barbuda,61837.0,level
1966-12-31,world,ATG,Antigua and Barbuda,60900.0,level
1965-12-31,world,ATG,Antigua and Barbuda,59970.0,level
1964-12-31,world,ATG,Antigua and Barbuda,59020.0,level
1963-12-31,world,ATG,Antigua and Barbuda,58138.0,level
1962-12-31,world,ATG,Antigua and Barbuda,57336.0,level
1961-12-31,world,ATG,Antigua and Barbuda,56540.0,level
1960-12-31,world,ATG,Antigua and Barbuda,55603.0,level
2025-12-31,world,ARG,Argentina,45851378.0,level
2024-12-31,world,ARG,Argentina,45696159.0,level
2023-12-31,world,ARG,Argentina,45538401.0,level
2022-12-31,world,ARG,Argentina,45407904.0,level
2021-12-31,world,ARG,Argentina,45312281.0,level
2020-12-31,world,ARG,Argentina,45191965.0,level
2019-12-31,world,ARG,Argentina,44973465.0,level
2018-12-31,world,ARG,Argentina,44654882.0,level
2017-12-31,world,ARG,Argentina,44288894.0,level
2016-12-31,world,ARG,Argentina,43900313.0,level
2015-12-31,world,ARG,Argentina,43477012.0,level
2014-12-31,world,ARG,Argentina,43024071.0,level
2013-12-31,world,ARG,Argentina,42582455.0,level
2012-12-31,world,ARG,Argentina,42161721.0,level
2011-12-31,world,ARG,Argentina,41730660.0,level
2010-12-31,world,ARG,Argentina,41288694.0,level
2009-12-31,world,ARG,Argentina,40854831.0,level
2008-12-31,world,ARG,Argentina,40424148.0,level
2007-12-31,world,ARG,Argentina,40016763.0,level
2006-12-31,world,ARG,Argentina,39622115.0,level
2005-12-31,world,ARG,Argentina,39216789.0,level
2004-12-31,world,ARG,Argentina,38815916.0,level
2003-12-31,world,ARG,Argentina,38424282.0,level
2002-12-31,world,ARG,Argentina,38029349.0,level
2001-12-31,world,ARG,Argentina,37624825.0,level
2000-12-31,world,ARG,Argentina,37213984.0,level
1999-12-31,world,ARG,Argentina,36794682.0,level
1998-12-31,world,ARG,Argentina,36372860.0,level
1997-12-31,world,ARG,Argentina,35947791.0,level
1996-12-31,world,ARG,Argentina,35513793.0,level
1995-12-31,world,ARG,Argentina,35070020.0,level
1994-12-31,world,ARG,Argentina,34613491.0,level
1993-12-31,world,ARG,Argentina,34152717.0,level
1992-12-31,world,ARG,Argentina,33693527.0,level
1991-12-31,world,ARG,Argentina,33230294.0,level
1990-12-31,world,ARG,Argentina,32755901.0,level
1989-12-31,world,ARG,Argentina,32270948.0,level
1988-12-31,world,ARG,Argentina,31780532.0,level
1987-12-31,world,ARG,Argentina,31291762.0,level
1986-12-31,world,ARG,Argentina,30811980.0,level
1985-12-31,world,ARG,Argentina,30336441.0,level
1984-12-31,world,ARG,Argentina,29863093.0,level
1983-12-31,world,ARG,Argentina,29391332.0,level
1982-12-31,world,ARG,Argentina,28924262.0,level
1981-12-31,world,ARG,Argentina,28463959.0,level
1980-12-31,world,ARG,Argentina,28011596.0,level
1979-12-31,world,ARG,Argentina,27568895.0,level
1978-12-31,world,ARG,Argentina,27132158.0,level
1977-12-31,world,ARG,Argentina,26701805.0,level
1976-12-31,world,ARG,Argentina,26282283.0,level
1975-12-31,world,ARG,Argentina,25874107.0,level
1974-12-31,world,ARG,Argentina,25461351.0,level
1973-12-31,world,ARG,Argentina,25046005.0,level
1972-12-31,world,ARG,Argentina,24644328.0,level
1971-12-31,world,ARG,Argentina,24257208.0,level
1970-12-31,world,ARG,Argentina,23878327.0,level
1969-12-31,world,ARG,Argentina,23508711.0,level
1968-12-31,world,ARG,Argentina,23150583.0,level
1967-12-31,world,ARG,Argentina,22799059.0,level
1966-12-31,world,ARG,Argentina,22453893.0,level
1965-12-31,world,ARG,Argentina,22112629.0,level
1964-12-31,world,ARG,Argentina,21769453.0,level
1963-12-31,world,ARG,Argentina,21421705.0,level
1962-12-31,world,ARG,Argentina,21072538.0,level
1961-12-31,world,ARG,Argentina,20726276.0,level
1960-12-31,world,ARG,Argentina,20386045.0,level
2025-12-31,world,ARM,Armenia,3086700.0,level
2024-12-31,world,ARM,Armenia,3033500.0,level
2023-12-31,world,ARM,Armenia,2964300.0,level
2022-12-31,world,ARM,Armenia,2969200.0,level
2021-12-31,world,ARM,Armenia,2962300.0,level
2020-12-31,world,ARM,Armenia,2961500.0,level
2019-12-31,world,ARM,Armenia,2962500.0,level
2018-12-31,world,ARM,Armenia,2969000.0,level
2017-12-31,world,ARM,Armenia,2979400.0,level
2016-12-31,world,ARM,Armenia,2992300.0,level
2015-12-31,world,ARM,Armenia,3004600.0,level
2014-12-31,world,ARM,Armenia,3013800.0,level
2013-12-31,world,ARM,Armenia,3022000.0,level
2012-12-31,world,ARM,Armenia,3024100.0,level
2011-12-31,world,ARM,Armenia,3027900.0,level
2010-12-31,world,ARM,Armenia,3044800.0,level
2009-12-31,world,ARM,Armenia,3066000.0,level
2008-12-31,world,ARM,Armenia,3087100.0,level
2007-12-31,world,ARM,Armenia,3107400.0,level
2006-12-31,world,ARM,Armenia,3127100.0,level
2005-12-31,world,ARM,Armenia,3146400.0,level
2004-12-31,world,ARM,Armenia,3164900.0,level
2003-12-31,world,ARM,Armenia,3182500.0,level
2002-12-31,world,ARM,Armenia,3199800.0,level
2001-12-31,world,ARM,Armenia,3211800.0,level
2000-12-31,world,ARM,Armenia,3221100.0,level
1999-12-31,world,ARM,Armenia,3167286.0,level
1998-12-31,world,ARM,Armenia,3208401.0,level
1997-12-31,world,ARM,Armenia,3246289.0,level
1996-12-31,world,ARM,Armenia,3278735.0,level
1995-12-31,world,ARM,Armenia,3307581.0,level
1994-12-31,world,ARM,Armenia,3364610.0,level
1993-12-31,world,ARM,Armenia,3453332.0,level
1992-12-31,world,ARM,Armenia,3571861.0,level
1991-12-31,world,ARM,Armenia,3613977.0,level
1990-12-31,world,ARM,Armenia,3552128.0,level
1989-12-31,world,ARM,Armenia,3443100.0,level
1988-12-31,world,ARM,Armenia,3355125.0,level
1987-12-31,world,ARM,Armenia,3328520.0,level
1986-12-31,world,ARM,Armenia,3294847.0,level
1985-12-31,world,ARM,Armenia,3260432.0,level
1984-12-31,world,ARM,Armenia,3224547.0,level
1983-12-31,world,ARM,Armenia,3191539.0,level
1982-12-31,world,ARM,Armenia,3163144.0,level
1981-12-31,world,ARM,Armenia,3135349.0,level
1980-12-31,world,ARM,Armenia,3107415.0,level
1979-12-31,world,ARM,Armenia,3078501.0,level
1978-12-31,world,ARM,Armenia,3012807.0,level
1977-12-31,world,ARM,Armenia,2912827.0,level
1976-12-31,world,ARM,Armenia,2818165.0,level
1975-12-31,world,ARM,Armenia,2743660.0,level
1974-12-31,world,ARM,Armenia,2686445.0,level
1973-12-31,world,ARM,Armenia,2630860.0,level
1972-12-31,world,ARM,Armenia,2577079.0,level
1971-12-31,world,ARM,Armenia,2525345.0,level
1970-12-31,world,ARM,Armenia,2475633.0,level
1969-12-31,world,ARM,Armenia,2424030.0,level
1968-12-31,world,ARM,Armenia,2367319.0,level
1967-12-31,world,ARM,Armenia,2307492.0,level
1966-12-31,world,ARM,Armenia,2246159.0,level
1965-12-31,world,ARM,Armenia,2183635.0,level
1964-12-31,world,ARM,Armenia,2120135.0,level
1963-12-31,world,ARM,Armenia,2056023.0,level
1962-12-31,world,ARM,Armenia,1991689.0,level
1961-12-31,world,ARM,Armenia,1927484.0,level
1960-12-31,world,ARM,Armenia,1863705.0,level
2025-12-31,world,ABW,Aruba,108785.0,level
2024-12-31,world,ABW,Aruba,107995.0,level
2023-12-31,world,ABW,Aruba,107359.0,level
2022-12-31,world,ABW,Aruba,107310.0,level
2021-12-31,world,ABW,Aruba,107700.0,level
2020-12-31,world,ABW,Aruba,108587.0,level
2019-12-31,world,ABW,Aruba,109203.0,level
2018-12-31,world,ABW,Aruba,108908.0,level
2017-12-31,world,ABW,Aruba,108735.0,level
2016-12-31,world,ABW,Aruba,108727.0,level
2015-12-31,world,ABW,Aruba,107906.0,level
2014-12-31,world,ABW,Aruba,106807.0,level
2013-12-31,world,ABW,Aruba,105675.0,level
2012-12-31,world,ABW,Aruba,104110.0,level
2011-12-31,world,ABW,Aruba,102591.0,level
2010-12-31,world,ABW,Aruba,101838.0,level
2009-12-31,world,ABW,Aruba,101604.0,level
2008-12-31,world,ABW,Aruba,100917.0,level
2007-12-31,world,ABW,Aruba,100150.0,level
2006-12-31,world,ABW,Aruba,99405.0,level
2005-12-31,world,ABW,Aruba,97635.0,level
2004-12-31,world,ABW,Aruba,95138.0,level
2003-12-31,world,ABW,Aruba,93128.0,level
2002-12-31,world,ABW,Aruba,92074.0,level
2001-12-31,world,ABW,Aruba,91439.0,level
2000-12-31,world,ABW,Aruba,90588.0,level
1999-12-31,world,ABW,Aruba,89659.0,level
1998-12-31,world,ABW,Aruba,88451.0,level
1997-12-31,world,ABW,Aruba,86301.0,level
1996-12-31,world,ABW,Aruba,83021.0,level
1995-12-31,world,ABW,Aruba,79805.0,level
1994-12-31,world,ABW,Aruba,77595.0,level
1993-12-31,world,ABW,Aruba,73685.0,level
1992-12-31,world,ABW,Aruba,69005.0,level
1991-12-31,world,ABW,Aruba,65896.0,level
1990-12-31,world,ABW,Aruba,62753.0,level
1989-12-31,world,ABW,Aruba,60443.0,level
1988-12-31,world,ABW,Aruba,59331.0,level
1987-12-31,world,ABW,Aruba,59159.0,level
1986-12-31,world,ABW,Aruba,59931.0,level
1985-12-31,world,ABW,Aruba,61728.0,level
1984-12-31,world,ABW,Aruba,62901.0,level
1983-12-31,world,ABW,Aruba,62228.0,level
1982-12-31,world,ABW,Aruba,61276.0,level
1981-12-31,world,ABW,Aruba,60563.0,level
1980-12-31,world,ABW,Aruba,59909.0,level
1979-12-31,world,ABW,Aruba,59191.0,level
1978-12-31,world,ABW,Aruba,58776.0,level
1977-12-31,world,ABW,Aruba,58580.0,level
1976-12-31,world,ABW,Aruba,58368.0,level
1975-12-31,world,ABW,Aruba,58295.0,level
1974-12-31,world,ABW,Aruba,58349.0,level
1973-12-31,world,ABW,Aruba,58299.0,level
1972-12-31,world,ABW,Aruba,58047.0,level
1971-12-31,world,ABW,Aruba,58781.0,level
1970-12-31,world,ABW,Aruba,58950.0,level
1969-12-31,world,ABW,Aruba,59052.0,level
1968-12-31,world,ABW,Aruba,59069.0,level
1967-12-31,world,ABW,Aruba,58990.0,level
1966-12-31,world,ABW,Aruba,58694.0,level
1965-12-31,world,ABW,Aruba,58190.0,level
1964-12-31,world,ABW,Aruba,57619.0,level
1963-12-31,world,ABW,Aruba,57002.0,level
1962-12-31,world,ABW,Aruba,56320.0,level
1961-12-31,world,ABW,Aruba,55578.0,level
1960-12-31,world,ABW,Aruba,54922.0,level
2025-12-31,world,AUS,Australia,27614411.0,level
2024-12-31,world,AUS,Australia,27194286.0,level
2023-12-31,world,AUS,Australia,26659922.0,level
2022-12-31,world,AUS,Australia,26018721.0,level
2021-12-31,world,AUS,Australia,25685412.0,level
2020-12-31,world,AUS,Australia,25649248.0,level
2019-12-31,world,AUS,Australia,25334826.0,level
2018-12-31,world,AUS,Australia,24963258.0,level
2017-12-31,world,AUS,Australia,24592588.0,level
2016-12-31,world,AUS,Australia,24190907.0,level
2015-12-31,world,AUS,Australia,23815995.0,level
2014-12-31,world,AUS,Australia,23475686.0,level
2013-12-31,world,AUS,Australia,23128129.0,level
2012-12-31,world,AUS,Australia,22733465.0,level
2011-12-31,world,AUS,Australia,22340024.0,level
2010-12-31,world,AUS,Australia,22031750.0,level
2009-12-31,world,AUS,Australia,21691653.0,level
2008-12-31,world,AUS,Australia,21249199.0,level
2007-12-31,world,AUS,Australia,20827622.0,level
2006-12-31,world,AUS,Australia,20450966.0,level
2005-12-31,world,AUS,Australia,20176844.0,level
2004-12-31,world,AUS,Australia,19932722.0,level
2003-12-31,world,AUS,Australia,19720737.0,level
2002-12-31,world,AUS,Australia,19495210.0,level
2001-12-31,world,AUS,Australia,19274701.0,level
2000-12-31,world,AUS,Australia,19028802.0,level
1999-12-31,world,AUS,Australia,18812264.0,level
1998-12-31,world,AUS,Australia,18607584.0,level
1997-12-31,world,AUS,Australia,18423037.0,level
1996-12-31,world,AUS,Australia,18224767.0,level
1995-12-31,world,AUS,Australia,18004882.0,level
1994-12-31,world,AUS,Australia,17805468.0,level
1993-12-31,world,AUS,Australia,17634808.0,level
1992-12-31,world,AUS,Australia,17478635.0,level
1991-12-31,world,AUS,Australia,17284036.0,level
1990-12-31,world,AUS,Australia,17065128.0,level
1989-12-31,world,AUS,Australia,16814416.0,level
1988-12-31,world,AUS,Australia,16532164.0,level
1987-12-31,world,AUS,Australia,16263874.0,level
1986-12-31,world,AUS,Australia,16018350.0,level
1985-12-31,world,AUS,Australia,15788312.0,level
1984-12-31,world,AUS,Australia,15579391.0,level
1983-12-31,world,AUS,Australia,15393472.0,level
1982-12-31,world,AUS,Australia,15184247.0,level
1981-12-31,world,AUS,Australia,14923260.0,level
1980-12-31,world,AUS,Australia,14692000.0,level
1979-12-31,world,AUS,Australia,14514000.0,level
1978-12-31,world,AUS,Australia,14358000.0,level
1977-12-31,world,AUS,Australia,14192000.0,level
1976-12-31,world,AUS,Australia,14033000.0,level
1975-12-31,world,AUS,Australia,13893000.0,level
1974-12-31,world,AUS,Australia,13723000.0,level
1973-12-31,world,AUS,Australia,13380000.0,level
1972-12-31,world,AUS,Australia,13177000.0,level
1971-12-31,world,AUS,Australia,12937000.0,level
1970-12-31,world,AUS,Australia,12507000.0,level
1969-12-31,world,AUS,Australia,12263000.0,level
1968-12-31,world,AUS,Australia,12009000.0,level
1967-12-31,world,AUS,Australia,11799000.0,level
1966-12-31,world,AUS,Australia,11651000.0,level
1965-12-31,world,AUS,Australia,11388000.0,level
1964-12-31,world,AUS,Australia,11167000.0,level
1963-12-31,world,AUS,Australia,10950000.0,level
1962-12-31,world,AUS,Australia,10742000.0,level
1961-12-31,world,AUS,Australia,10483000.0,level
1960-12-31,world,AUS,Australia,10276477.0,level
2025-12-31,world,AUT,Austria,9208163.0,level
2024-12-31,world,AUT,Austria,9177982.0,level
2023-12-31,world,AUT,Austria,9131761.0,level
2022-12-31,world,AUT,Austria,9041851.0,level
2021-12-31,world,AUT,Austria,8955797.0,level
2020-12-31,world,AUT,Austria,8916864.0,level
2019-12-31,world,AUT,Austria,8879920.0,level
2018-12-31,world,AUT,Austria,8840521.0,level
2017-12-31,world,AUT,Austria,8797566.0,level
2016-12-31,world,AUT,Austria,8736668.0,level
2015-12-31,world,AUT,Austria,8642699.0,level
2014-12-31,world,AUT,Austria,8546356.0,level
2013-12-31,world,AUT,Austria,8479823.0,level
2012-12-31,world,AUT,Austria,8429991.0,level
2011-12-31,world,AUT,Austria,8391643.0,level
2010-12-31,world,AUT,Austria,8363404.0,level
2009-12-31,world,AUT,Austria,8343323.0,level
2008-12-31,world,AUT,Austria,8321496.0,level
2007-12-31,world,AUT,Austria,8295487.0,level
2006-12-31,world,AUT,Austria,8268641.0,level
2005-12-31,world,AUT,Austria,8227829.0,level
2004-12-31,world,AUT,Austria,8171966.0,level
2003-12-31,world,AUT,Austria,8121423.0,level
2002-12-31,world,AUT,Austria,8081957.0,level
2001-12-31,world,AUT,Austria,8042293.0,level
2000-12-31,world,AUT,Austria,8011566.0,level
1999-12-31,world,AUT,Austria,7992324.0,level
1998-12-31,world,AUT,Austria,7976789.0,level
1997-12-31,world,AUT,Austria,7968041.0,level
1996-12-31,world,AUT,Austria,7959017.0,level
1995-12-31,world,AUT,Austria,7948278.0,level
1994-12-31,world,AUT,Austria,7936118.0,level
1993-12-31,world,AUT,Austria,7905633.0,level
1992-12-31,world,AUT,Austria,7840709.0,level
1991-12-31,world,AUT,Austria,7754891.0,level
1990-12-31,world,AUT,Austria,7677850.0,level
1989-12-31,world,AUT,Austria,7619567.0,level
1988-12-31,world,AUT,Austria,7585317.0,level
1987-12-31,world,AUT,Austria,7574586.0,level
1986-12-31,world,AUT,Austria,7569794.0,level
1985-12-31,world,AUT,Austria,7564985.0,level
1984-12-31,world,AUT,Austria,7561434.0,level
1983-12-31,world,AUT,Austria,7561910.0,level
1982-12-31,world,AUT,Austria,7574140.0,level
1981-12-31,world,AUT,Austria,7568710.0,level
1980-12-31,world,AUT,Austria,7549433.0,level
1979-12-31,world,AUT,Austria,7549425.0,level
1978-12-31,world,AUT,Austria,7562305.0,level
1977-12-31,world,AUT,Austria,7568430.0,level
1976-12-31,world,AUT,Austria,7565525.0,level
1975-12-31,world,AUT,Austria,7578903.0,level
1974-12-31,world,AUT,Austria,7599038.0,level
1973-12-31,world,AUT,Austria,7586115.0,level
1972-12-31,world,AUT,Austria,7544201.0,level
1971-12-31,world,AUT,Austria,7500482.0,level
1970-12-31,world,AUT,Austria,7467086.0,level
1969-12-31,world,AUT,Austria,7441055.0,level
1968-12-31,world,AUT,Austria,7415403.0,level
1967-12-31,world,AUT,Austria,7376998.0,level
1966-12-31,world,AUT,Austria,7322066.0,level
1965-12-31,world,AUT,Austria,7270889.0,level
1964-12-31,world,AUT,Austria,7223801.0,level
1963-12-31,world,AUT,Austria,7175811.0,level
1962-12-31,world,AUT,Austria,7129864.0,level
1961-12-31,world,AUT,Austria,7086299.0,level
1960-12-31,world,AUT,Austria,7047539.0,level
2025-12-31,world,AZE,Azerbaijan,10246996.0,level
2024-12-31,world,AZE,Azerbaijan,10202830.0,level
2023-12-31,world,AZE,Azerbaijan,10153958.0,level
2022-12-31,world,AZE,Azerbaijan,10141756.0,level
2021-12-31,world,AZE,Azerbaijan,10137750.0,level
2020-12-31,world,AZE,Azerbaijan,10093121.0,level
2019-12-31,world,AZE,Azerbaijan,10024283.0,level
2018-12-31,world,AZE,Azerbaijan,9939771.0,level
2017-12-31,world,AZE,Azerbaijan,9854033.0,level
2016-12-31,world,AZE,Azerbaijan,9757812.0,level
2015-12-31,world,AZE,Azerbaijan,9649341.0,level
2014-12-31,world,AZE,Azerbaijan,9535079.0,level
2013-12-31,world,AZE,Azerbaijan,9416801.0,level
2012-12-31,world,AZE,Azerbaijan,9295784.0,level
2011-12-31,world,AZE,Azerbaijan,9173082.0,level
2010-12-31,world,AZE,Azerbaijan,9054332.0,level
2009-12-31,world,AZE,Azerbaijan,8947243.0,level
2008-12-31,world,AZE,Azerbaijan,8763400.0,level
2007-12-31,world,AZE,Azerbaijan,8581300.0,level
2006-12-31,world,AZE,Azerbaijan,8484550.0,level
2005-12-31,world,AZE,Azerbaijan,8391850.0,level
2004-12-31,world,AZE,Azerbaijan,8306500.0,level
2003-12-31,world,AZE,Azerbaijan,8234100.0,level
2002-12-31,world,AZE,Azerbaijan,8171950.0,level
2001-12-31,world,AZE,Azerbaijan,8111200.0,level
2000-12-31,world,AZE,Azerbaijan,8048600.0,level
1999-12-31,world,AZE,Azerbaijan,7982750.0,level
1998-12-31,world,AZE,Azerbaijan,7913000.0,level
1997-12-31,world,AZE,Azerbaijan,7838250.0,level
1996-12-31,world,AZE,Azerbaijan,7763000.0,level
1995-12-31,world,AZE,Azerbaijan,7684850.0,level
1994-12-31,world,AZE,Azerbaijan,7596550.0,level
1993-12-31,world,AZE,Azerbaijan,7494800.0,level
1992-12-31,world,AZE,Azerbaijan,7382050.0,level
1991-12-31,world,AZE,Azerbaijan,7271300.0,level
1990-12-31,world,AZE,Azerbaijan,7175200.0,level
1989-12-31,world,AZE,Azerbaijan,7076550.0,level
1988-12-31,world,AZE,Azerbaijan,6974600.0,level
1987-12-31,world,AZE,Azerbaijan,6875350.0,level
1986-12-31,world,AZE,Azerbaijan,6770300.0,level
1985-12-31,world,AZE,Azerbaijan,6670150.0,level
1984-12-31,world,AZE,Azerbaijan,6567850.0,level
1983-12-31,world,AZE,Azerbaijan,6459800.0,level
1982-12-31,world,AZE,Azerbaijan,6357550.0,level
1981-12-31,world,AZE,Azerbaijan,6257750.0,level
1980-12-31,world,AZE,Azerbaijan,6160500.0,level
1979-12-31,world,AZE,Azerbaijan,6071300.0,level
1978-12-31,world,AZE,Azerbaijan,5976150.0,level
1977-12-31,world,AZE,Azerbaijan,5876150.0,level
1976-12-31,world,AZE,Azerbaijan,5781000.0,level
1975-12-31,world,AZE,Azerbaijan,5689050.0,level
1974-12-31,world,AZE,Azerbaijan,5594100.0,level
1973-12-31,world,AZE,Azerbaijan,5493900.0,level
1972-12-31,world,AZE,Azerbaijan,5391450.0,level
1971-12-31,world,AZE,Azerbaijan,5282950.0,level
1970-12-31,world,AZE,Azerbaijan,5172050.0,level
1969-12-31,world,AZE,Azerbaijan,5063300.0,level
1968-12-31,world,AZE,Azerbaijan,4948500.0,level
1967-12-31,world,AZE,Azerbaijan,4832000.0,level
1966-12-31,world,AZE,Azerbaijan,4708150.0,level
1965-12-31,world,AZE,Azerbaijan,4574650.0,level
1964-12-31,world,AZE,Azerbaijan,4439250.0,level
1963-12-31,world,AZE,Azerbaijan,4293550.0,level
1962-12-31,world,AZE,Azerbaijan,4168150.0,level
1961-12-31,world,AZE,Azerbaijan,4045750.0,level
1960-12-31,world,AZE,Azerbaijan,3894500.0,level
2025-12-31,world,BHS,"Bahamas, The",403033.0,level
2024-12-31,world,BHS,"Bahamas, The",401283.0,level
2023-12-31,world,BHS,"Bahamas, The",399440.0,level
2022-12-31,world,BHS,"Bahamas, The",397538.0,level
2021-12-31,world,BHS,"Bahamas, The",396373.0,level
2020-12-31,world,BHS,"Bahamas, The",395863.0,level
2019-12-31,world,BHS,"Bahamas, The",394675.0,level
2018-12-31,world,BHS,"Bahamas, The",392717.0,level
2017-12-31,world,BHS,"Bahamas, The",390485.0,level
2016-12-31,world,BHS,"Bahamas, The",388055.0,level
2015-12-31,world,BHS,"Bahamas, The",385346.0,level
2014-12-31,world,BHS,"Bahamas, The",382298.0,level
2013-12-31,world,BHS,"Bahamas, The",378953.0,level
2012-12-31,world,BHS,"Bahamas, The",375469.0,level
2011-12-31,world,BHS,"Bahamas, The",371729.0,level
2010-12-31,world,BHS,"Bahamas, The",367478.0,level
2009-12-31,world,BHS,"Bahamas, The",362810.0,level
2008-12-31,world,BHS,"Bahamas, The",358120.0,level
2007-12-31,world,BHS,"Bahamas, The",353334.0,level
2006-12-31,world,BHS,"Bahamas, The",348375.0,level
2005-12-31,world,BHS,"Bahamas, The",343894.0,level
2004-12-31,world,BHS,"Bahamas, The",339782.0,level
2003-12-31,world,BHS,"Bahamas, The",335618.0,level
2002-12-31,world,BHS,"Bahamas, The",331614.0,level
2001-12-31,world,BHS,"Bahamas, The",327836.0,level
2000-12-31,world,BHS,"Bahamas, The",323835.0,level
1999-12-31,world,BHS,"Bahamas, The",319614.0,level
1998-12-31,world,BHS,"Bahamas, The",315368.0,level
1997-12-31,world,BHS,"Bahamas, The",310904.0,level
1996-12-31,world,BHS,"Bahamas, The",306268.0,level
1995-12-31,world,BHS,"Bahamas, The",301461.0,level
1994-12-31,world,BHS,"Bahamas, The",296509.0,level
1993-12-31,world,BHS,"Bahamas, The",291339.0,level
1992-12-31,world,BHS,"Bahamas, The",285927.0,level
1991-12-31,world,BHS,"Bahamas, The",280731.0,level
1990-12-31,world,BHS,"Bahamas, The",275945.0,level
1989-12-31,world,BHS,"Bahamas, The",271178.0,level
1988-12-31,world,BHS,"Bahamas, The",266448.0,level
1987-12-31,world,BHS,"Bahamas, The",261935.0,level
1986-12-31,world,BHS,"Bahamas, The",257536.0,level
1985-12-31,world,BHS,"Bahamas, The",253154.0,level
1984-12-31,world,BHS,"Bahamas, The",248863.0,level
1983-12-31,world,BHS,"Bahamas, The",244698.0,level
1982-12-31,world,BHS,"Bahamas, The",240614.0,level
1981-12-31,world,BHS,"Bahamas, The",236614.0,level
1980-12-31,world,BHS,"Bahamas, The",232526.0,level
1979-12-31,world,BHS,"Bahamas, The",228230.0,level
1978-12-31,world,BHS,"Bahamas, The",223761.0,level
1977-12-31,world,BHS,"Bahamas, The",219157.0,level
1976-12-31,world,BHS,"Bahamas, The",214501.0,level
1975-12-31,world,BHS,"Bahamas, The",209886.0,level
1974-12-31,world,BHS,"Bahamas, The",205342.0,level
1973-12-31,world,BHS,"Bahamas, The",200791.0,level
1972-12-31,world,BHS,"Bahamas, The",196055.0,level
1971-12-31,world,BHS,"Bahamas, The",190857.0,level
1970-12-31,world,BHS,"Bahamas, The",184982.0,level
1969-12-31,world,BHS,"Bahamas, The",177981.0,level
1968-12-31,world,BHS,"Bahamas, The",170089.0,level
1967-12-31,world,BHS,"Bahamas, The",162267.0,level
1966-12-31,world,BHS,"Bahamas, The",154874.0,level
1965-12-31,world,BHS,"Bahamas, The",147952.0,level
1964-12-31,world,BHS,"Bahamas, The",141528.0,level
1963-12-31,world,BHS,"Bahamas, The",135087.0,level
1962-12-31,world,BHS,"Bahamas, The",128493.0,level
1961-12-31,world,BHS,"Bahamas, The",122197.0,level
1960-12-31,world,BHS,"Bahamas, The",116317.0,level
2025-12-31,world,BHR,Bahrain,1600366.0,level
2024-12-31,world,BHR,Bahrain,1588670.0,level
2023-12-31,world,BHR,Bahrain,1577059.0,level
2022-12-31,world,BHR,Bahrain,1524693.0,level
2021-12-31,world,BHR,Bahrain,1504365.0,level
2020-12-31,world,BHR,Bahrain,1472204.0,level
2019-12-31,world,BHR,Bahrain,1483756.0,level
2018-12-31,world,BHR,Bahrain,1503091.0,level
2017-12-31,world,BHR,Bahrain,1501116.0,level
2016-12-31,world,BHR,Bahrain,1423726.0,level
2015-12-31,world,BHR,Bahrain,1370322.0,level
2014-12-31,world,BHR,Bahrain,1314562.0,level
2013-12-31,world,BHR,Bahrain,1253191.0,level
2012-12-31,world,BHR,Bahrain,1208964.0,level
2011-12-31,world,BHR,Bahrain,1195020.0,level
2010-12-31,world,BHR,Bahrain,1228543.0,level
2009-12-31,world,BHR,Bahrain,1178415.0,level
2008-12-31,world,BHR,Bahrain,1103496.0,level
2007-12-31,world,BHR,Bahrain,1039295.0,level
2006-12-31,world,BHR,Bahrain,960424.0,level
2005-12-31,world,BHR,Bahrain,888822.0,level
2004-12-31,world,BHR,Bahrain,823741.0,level
2003-12-31,world,BHR,Bahrain,764517.0,level
2002-12-31,world,BHR,Bahrain,710553.0,level
2001-12-31,world,BHR,Bahrain,661316.0,level
2000-12-31,world,BHR,Bahrain,637582.0,level
1999-12-31,world,BHR,Bahrain,620989.0,level
1998-12-31,world,BHR,Bahrain,604842.0,level
1997-12-31,world,BHR,Bahrain,589115.0,level
1996-12-31,world,BHR,Bahrain,573792.0,level
1995-12-31,world,BHR,Bahrain,558879.0,level
1994-12-31,world,BHR,Bahrain,544366.0,level
1993-12-31,world,BHR,Bahrain,530225.0,level
1992-12-31,world,BHR,Bahrain,516458.0,level
1991-12-31,world,BHR,Bahrain,503052.0,level
1990-12-31,world,BHR,Bahrain,514797.0,level
1989-12-31,world,BHR,Bahrain,497327.0,level
1988-12-31,world,BHR,Bahrain,479929.0,level
1987-12-31,world,BHR,Bahrain,462854.0,level
1986-12-31,world,BHR,Bahrain,446286.0,level
1985-12-31,world,BHR,Bahrain,430358.0,level
1984-12-31,world,BHR,Bahrain,415154.0,level
1983-12-31,world,BHR,Bahrain,400707.0,level
1982-12-31,world,BHR,Bahrain,386983.0,level
1981-12-31,world,BHR,Bahrain,373524.0,level
1980-12-31,world,BHR,Bahrain,358978.0,level
1979-12-31,world,BHR,Bahrain,343457.0,level
1978-12-31,world,BHR,Bahrain,328046.0,level
1977-12-31,world,BHR,Bahrain,312823.0,level
1976-12-31,world,BHR,Bahrain,297863.0,level
1975-12-31,world,BHR,Bahrain,283243.0,level
1974-12-31,world,BHR,Bahrain,269038.0,level
1973-12-31,world,BHR,Bahrain,255320.0,level
1972-12-31,world,BHR,Bahrain,242113.0,level
1971-12-31,world,BHR,Bahrain,230733.0,level
1970-12-31,world,BHR,Bahrain,224809.0,level
1969-12-31,world,BHR,Bahrain,222469.0,level
1968-12-31,world,BHR,Bahrain,219337.0,level
1967-12-31,world,BHR,Bahrain,214189.0,level
1966-12-31,world,BHR,Bahrain,207543.0,level
1965-12-31,world,BHR,Bahrain,200866.0,level
1964-12-31,world,BHR,Bahrain,193816.0,level
1963-12-31,world,BHR,Bahrain,186501.0,level
1962-12-31,world,BHR,Bahrain,179349.0,level
1961-12-31,world,BHR,Bahrain,172346.0,level
1960-12-31,world,BHR,Bahrain,165477.0,level
2025-12-31,world,BGD,Bangladesh,175686899.0,level
2024-12-31,world,BGD,Bangladesh,173562364.0,level
2023-12-31,world,BGD,Bangladesh,171466990.0,level
2022-12-31,world,BGD,Bangladesh,169384897.0,level
2021-12-31,world,BGD,Bangladesh,167658854.0,level
2020-12-31,world,BGD,Bangladesh,166298024.0,level
2019-12-31,world,BGD,Bangladesh,164913055.0,level
2018-12-31,world,BGD,Bangladesh,163523103.0,level
2017-12-31,world,BGD,Bangladesh,162186147.0,level
2016-12-31,world,BGD,Bangladesh,160811932.0,level
2015-12-31,world,BGD,Bangladesh,159383179.0,level
2014-12-31,world,BGD,Bangladesh,157964929.0,level
2013-12-31,world,BGD,Bangladesh,156532141.0,level
2012-12-31,world,BGD,Bangladesh,155070101.0,level
2011-12-31,world,BGD,Bangladesh,153591076.0,level
2010-12-31,world,BGD,Bangladesh,152201981.0,level
2009-12-31,world,BGD,Bangladesh,150873714.0,level
2008-12-31,world,BGD,Bangladesh,149474264.0,level
2007-12-31,world,BGD,Bangladesh,147989278.0,level
2006-12-31,world,BGD,Bangladesh,146405973.0,level
2005-12-31,world,BGD,Bangladesh,144715786.0,level
2004-12-31,world,BGD,Bangladesh,142902856.0,level
2003-12-31,world,BGD,Bangladesh,140970351.0,level
2002-12-31,world,BGD,Bangladesh,138933658.0,level
2001-12-31,world,BGD,Bangladesh,136805810.0,level
2000-12-31,world,BGD,Bangladesh,134544304.0,level
1999-12-31,world,BGD,Bangladesh,132108065.0,level
1998-12-31,world,BGD,Bangladesh,129622332.0,level
1997-12-31,world,BGD,Bangladesh,127198069.0,level
1996-12-31,world,BGD,Bangladesh,124862179.0,level
1995-12-31,world,BGD,Bangladesh,122600370.0,level
1994-12-31,world,BGD,Bangladesh,120343179.0,level
1993-12-31,world,BGD,Bangladesh,118132360.0,level
1992-12-31,world,BGD,Bangladesh,115952192.0,level
1991-12-31,world,BGD,Bangladesh,113787109.0,level
1990-12-31,world,BGD,Bangladesh,111633717.0,level
1989-12-31,world,BGD,Bangladesh,109433799.0,level
1988-12-31,world,BGD,Bangladesh,107216008.0,level
1987-12-31,world,BGD,Bangladesh,104959291.0,level
1986-12-31,world,BGD,Bangladesh,102635572.0,level
1985-12-31,world,BGD,Bangladesh,100253825.0,level
1984-12-31,world,BGD,Bangladesh,97814966.0,level
1983-12-31,world,BGD,Bangladesh,95335155.0,level
1982-12-31,world,BGD,Bangladesh,92814507.0,level
1981-12-31,world,BGD,Bangladesh,90303105.0,level
1980-12-31,world,BGD,Bangladesh,88016432.0,level
1979-12-31,world,BGD,Bangladesh,85935072.0,level
1978-12-31,world,BGD,Bangladesh,83889655.0,level
1977-12-31,world,BGD,Bangladesh,81867264.0,level
1976-12-31,world,BGD,Bangladesh,79855318.0,level
1975-12-31,world,BGD,Bangladesh,77854351.0,level
1974-12-31,world,BGD,Bangladesh,75839348.0,level
1973-12-31,world,BGD,Bangladesh,73722294.0,level
1972-12-31,world,BGD,Bangladesh,71641519.0,level
1971-12-31,world,BGD,Bangladesh,70276758.0,level
1970-12-31,world,BGD,Bangladesh,69058894.0,level
1969-12-31,world,BGD,Bangladesh,67294133.0,level
1968-12-31,world,BGD,Bangladesh,65408276.0,level
1967-12-31,world,BGD,Bangladesh,63510929.0,level
1966-12-31,world,BGD,Bangladesh,61669806.0,level
1965-12-31,world,BGD,Bangladesh,59902519.0,level
1964-12-31,world,BGD,Bangladesh,58178374.0,level
1963-12-31,world,BGD,Bangladesh,56504402.0,level
1962-12-31,world,BGD,Bangladesh,54881146.0,level
1961-12-31,world,BGD,Bangladesh,53310348.0,level
1960-12-31,world,BGD,Bangladesh,51828660.0,level
2025-12-31,world,BRB,Barbados,282623.0,level
2024-12-31,world,BRB,Barbados,282467.0,level
2023-12-31,world,BRB,Barbados,282336.0,level
2022-12-31,world,BRB,Barbados,282318.0,level
2021-12-31,world,BRB,Barbados,282147.0,level
2020-12-31,world,BRB,Barbados,281698.0,level
2019-12-31,world,BRB,Barbados,281207.0,level
2018-12-31,world,BRB,Barbados,280711.0,level
2017-12-31,world,BRB,Barbados,280171.0,level
2016-12-31,world,BRB,Barbados,279598.0,level
2015-12-31,world,BRB,Barbados,278990.0,level
2014-12-31,world,BRB,Barbados,278348.0,level
2013-12-31,world,BRB,Barbados,277665.0,level
2012-12-31,world,BRB,Barbados,276938.0,level
2011-12-31,world,BRB,Barbados,276139.0,level
2010-12-31,world,BRB,Barbados,275243.0,level
2009-12-31,world,BRB,Barbados,274123.0,level
2008-12-31,world,BRB,Barbados,272714.0,level
2007-12-31,world,BRB,Barbados,271288.0,level
2006-12-31,world,BRB,Barbados,270002.0,level
2005-12-31,world,BRB,Barbados,268706.0,level
2004-12-31,world,BRB,Barbados,267298.0,level
2003-12-31,world,BRB,Barbados,265776.0,level
2002-12-31,world,BRB,Barbados,264148.0,level
2001-12-31,world,BRB,Barbados,262425.0,level
2000-12-31,world,BRB,Barbados,262063.0,level
1999-12-31,world,BRB,Barbados,262517.0,level
1998-12-31,world,BRB,Barbados,262436.0,level
1997-12-31,world,BRB,Barbados,262392.0,level
1996-12-31,world,BRB,Barbados,262284.0,level
1995-12-31,world,BRB,Barbados,262039.0,level
1994-12-31,world,BRB,Barbados,261620.0,level
1993-12-31,world,BRB,Barbados,261027.0,level
1992-12-31,world,BRB,Barbados,260267.0,level
1991-12-31,world,BRB,Barbados,259373.0,level
1990-12-31,world,BRB,Barbados,258582.0,level
1989-12-31,world,BRB,Barbados,258109.0,level
1988-12-31,world,BRB,Barbados,257763.0,level
1987-12-31,world,BRB,Barbados,257279.0,level
1986-12-31,world,BRB,Barbados,256618.0,level
1985-12-31,world,BRB,Barbados,255820.0,level
1984-12-31,world,BRB,Barbados,254920.0,level
1983-12-31,world,BRB,Barbados,253992.0,level
1982-12-31,world,BRB,Barbados,253095.0,level
1981-12-31,world,BRB,Barbados,252270.0,level
1980-12-31,world,BRB,Barbados,251524.0,level
1979-12-31,world,BRB,Barbados,251269.0,level
1978-12-31,world,BRB,Barbados,251551.0,level
1977-12-31,world,BRB,Barbados,251626.0,level
1976-12-31,world,BRB,Barbados,251442.0,level
1975-12-31,world,BRB,Barbados,251175.0,level
1974-12-31,world,BRB,Barbados,250777.0,level
1973-12-31,world,BRB,Barbados,250322.0,level
1972-12-31,world,BRB,Barbados,249658.0,level
1971-12-31,world,BRB,Barbados,249168.0,level
1970-12-31,world,BRB,Barbados,249387.0,level
1969-12-31,world,BRB,Barbados,249444.0,level
1968-12-31,world,BRB,Barbados,248540.0,level
1967-12-31,world,BRB,Barbados,247091.0,level
1966-12-31,world,BRB,Barbados,244996.0,level
1965-12-31,world,BRB,Barbados,242417.0,level
1964-12-31,world,BRB,Barbados,239958.0,level
1963-12-31,world,BRB,Barbados,237557.0,level
1962-12-31,world,BRB,Barbados,235224.0,level
1961-12-31,world,BRB,Barbados,233148.0,level
1960-12-31,world,BRB,Barbados,230893.0,level
2025-12-31,world,BLR,Belarus,9085991.0,level
2024-12-31,world,BLR,Belarus,9132629.0,level
2023-12-31,world,BLR,Belarus,9178298.0,level
2022-12-31,world,BLR,Belarus,9228071.0,level
2021-12-31,world,BLR,Belarus,9302585.0,level
2020-12-31,world,BLR,Belarus,9379952.0,level
2019-12-31,world,BLR,Belarus,9419758.0,level
2018-12-31,world,BLR,Belarus,9438785.0,level
2017-12-31,world,BLR,Belarus,9458989.0,level
2016-12-31,world,BLR,Belarus,9469379.0,level
2015-12-31,world,BLR,Belarus,9461076.0,level
2014-12-31,world,BLR,Belarus,9448515.0,level
2013-12-31,world,BLR,Belarus,9443211.0,level
2012-12-31,world,BLR,Belarus,9446836.0,level
2011-12-31,world,BLR,Belarus,9461643.0,level
2010-12-31,world,BLR,Belarus,9483836.0,level
2009-12-31,world,BLR,Belarus,9504583.0,level
2008-12-31,world,BLR,Belarus,9527985.0,level
2007-12-31,world,BLR,Belarus,9560953.0,level
2006-12-31,world,BLR,Belarus,9604924.0,level
2005-12-31,world,BLR,Belarus,9663915.0,level
2004-12-31,world,BLR,Belarus,9730146.0,level
2003-12-31,world,BLR,Belarus,9796749.0,level
2002-12-31,world,BLR,Belarus,9865548.0,level
2001-12-31,world,BLR,Belarus,9928549.0,level
2000-12-31,world,BLR,Belarus,9979610.0,level
1999-12-31,world,BLR,Belarus,10026738.0,level
1998-12-31,world,BLR,Belarus,10071963.0,level
1997-12-31,world,BLR,Belarus,10117433.0,level
1996-12-31,world,BLR,Belarus,10159569.0,level
1995-12-31,world,BLR,Belarus,10193831.0,level
1994-12-31,world,BLR,Belarus,10226955.0,level
1993-12-31,world,BLR,Belarus,10239050.0,level
1992-12-31,world,BLR,Belarus,10216470.0,level
1991-12-31,world,BLR,Belarus,10194050.0,level
1990-12-31,world,BLR,Belarus,10189348.0,level
1989-12-31,world,BLR,Belarus,10170000.0,level
1988-12-31,world,BLR,Belarus,10140000.0,level
1987-12-31,world,BLR,Belarus,10111000.0,level
1986-12-31,world,BLR,Belarus,10043000.0,level
1985-12-31,world,BLR,Belarus,9975000.0,level
1984-12-31,world,BLR,Belarus,9910000.0,level
1983-12-31,world,BLR,Belarus,9843000.0,level
1982-12-31,world,BLR,Belarus,9776000.0,level
1981-12-31,world,BLR,Belarus,9710000.0,level
1980-12-31,world,BLR,Belarus,9643000.0,level
1979-12-31,world,BLR,Belarus,9584000.0,level
1978-12-31,world,BLR,Belarus,9525000.0,level
1977-12-31,world,BLR,Belarus,9463000.0,level
1976-12-31,world,BLR,Belarus,9411000.0,level
1975-12-31,world,BLR,Belarus,9367000.0,level
1974-12-31,world,BLR,Belarus,9317584.0,level
1973-12-31,world,BLR,Belarus,9257272.0,level
1972-12-31,world,BLR,Belarus,9188968.0,level
1971-12-31,world,BLR,Belarus,9115576.0,level
1970-12-31,world,BLR,Belarus,9040000.0,level
1969-12-31,world,BLR,Belarus,8960304.0,level
1968-12-31,world,BLR,Belarus,8874552.0,level
1967-12-31,world,BLR,Belarus,8785648.0,level
1966-12-31,world,BLR,Belarus,8696496.0,level
1965-12-31,world,BLR,Belarus,8610000.0,level
1964-12-31,world,BLR,Belarus,8524224.0,level
1963-12-31,world,BLR,Belarus,8437232.0,level
1962-12-31,world,BLR,Belarus,8351928.0,level
1961-12-31,world,BLR,Belarus,8271216.0,level
1960-12-31,world,BLR,Belarus,8198000.0,level
2025-12-31,world,BEL,Belgium,11941781.0,level
2024-12-31,world,BEL,Belgium,11858610.0,level
2023-12-31,world,BEL,Belgium,11779946.0,level
2022-12-31,world,BEL,Belgium,11680210.0,level
2021-12-31,world,BEL,Belgium,11586195.0,level
2020-12-31,world,BEL,Belgium,11538604.0,level
2019-12-31,world,BEL,Belgium,11488980.0,level
2018-12-31,world,BEL,Belgium,11427054.0,level
2017-12-31,world,BEL,Belgium,11375158.0,level
2016-12-31,world,BEL,Belgium,11331422.0,level
2015-12-31,world,BEL,Belgium,11274196.0,level
2014-12-31,world,BEL,Belgium,11209057.0,level
2013-12-31,world,BEL,Belgium,11159407.0,level
2012-12-31,world,BEL,Belgium,11106932.0,level
2011-12-31,world,BEL,Belgium,11038264.0,level
2010-12-31,world,BEL,Belgium,10895586.0,level
2009-12-31,world,BEL,Belgium,10796493.0,level
2008-12-31,world,BEL,Belgium,10709973.0,level
2007-12-31,world,BEL,Belgium,10625700.0,level
2006-12-31,world,BEL,Belgium,10547958.0,level
2005-12-31,world,BEL,Belgium,10478617.0,level
2004-12-31,world,BEL,Belgium,10421137.0,level
2003-12-31,world,BEL,Belgium,10376133.0,level
2002-12-31,world,BEL,Belgium,10332785.0,level
2001-12-31,world,BEL,Belgium,10286570.0,level
2000-12-31,world,BEL,Belgium,10251250.0,level
1999-12-31,world,BEL,Belgium,10226419.0,level
1998-12-31,world,BEL,Belgium,10203008.0,level
1997-12-31,world,BEL,Belgium,10181245.0,level
1996-12-31,world,BEL,Belgium,10156637.0,level
1995-12-31,world,BEL,Belgium,10136811.0,level
1994-12-31,world,BEL,Belgium,10115603.0,level
1993-12-31,world,BEL,Belgium,10084475.0,level
1992-12-31,world,BEL,Belgium,10045158.0,level
1991-12-31,world,BEL,Belgium,10004486.0,level
1990-12-31,world,BEL,Belgium,9967379.0,level
1989-12-31,world,BEL,Belgium,9937697.0,level
1988-12-31,world,BEL,Belgium,9901664.0,level
1987-12-31,world,BEL,Belgium,9870234.0,level
1986-12-31,world,BEL,Belgium,9861823.0,level
1985-12-31,world,BEL,Belgium,9858308.0,level
1984-12-31,world,BEL,Belgium,9855372.0,level
1983-12-31,world,BEL,Belgium,9855520.0,level
1982-12-31,world,BEL,Belgium,9856303.0,level
1981-12-31,world,BEL,Belgium,9858982.0,level
1980-12-31,world,BEL,Belgium,9859242.0,level
1979-12-31,world,BEL,Belgium,9848382.0,level
1978-12-31,world,BEL,Belgium,9839534.0,level
1977-12-31,world,BEL,Belgium,9830358.0,level
1976-12-31,world,BEL,Belgium,9818227.0,level
1975-12-31,world,BEL,Belgium,9800700.0,level
1974-12-31,world,BEL,Belgium,9772419.0,level
1973-12-31,world,BEL,Belgium,9741720.0,level
1972-12-31,world,BEL,Belgium,9711115.0,level
1971-12-31,world,BEL,Belgium,9673162.0,level
1970-12-31,world,BEL,Belgium,9655549.0,level
1969-12-31,world,BEL,Belgium,9646032.0,level
1968-12-31,world,BEL,Belgium,9618756.0,level
1967-12-31,world,BEL,Belgium,9580991.0,level
1966-12-31,world,BEL,Belgium,9527807.0,level
1965-12-31,world,BEL,Belgium,9463667.0,level
1964-12-31,world,BEL,Belgium,9378113.0,level
1963-12-31,world,BEL,Belgium,9289770.0,level
1962-12-31,world,BEL,Belgium,9220578.0,level
1961-12-31,world,BEL,Belgium,9183948.0,level
1960-12-31,world,BEL,Belgium,9153489.0,level
2025-12-31,world,BLZ,Belize,422924.0,level
2024-12-31,world,BLZ,Belize,417072.0,level
2023-12-31,world,BLZ,Belize,411106.0,level
2022-12-31,world,BLZ,Belize,402733.0,level
2021-12-31,world,BLZ,Belize,395346.0,level
2020-12-31,world,BLZ,Belize,390812.0,level
2019-12-31,world,BLZ,Belize,385829.0,level
2018-12-31,world,BLZ,Belize,380226.0,level
2017-12-31,world,BLZ,Belize,373202.0,level
2016-12-31,world,BLZ,Belize,364705.0,level
2015-12-31,world,BLZ,Belize,356333.0,level
2014-12-31,world,BLZ,Belize,348923.0,level
2013-12-31,world,BLZ,Belize,341627.0,level
2012-12-31,world,BLZ,Belize,334414.0,level
2011-12-31,world,BLZ,Belize,327298.0,level
2010-12-31,world,BLZ,Belize,320245.0,level
2009-12-31,world,BLZ,Belize,312614.0,level
2008-12-31,world,BLZ,Belize,304361.0,level
2007-12-31,world,BLZ,Belize,296100.0,level
2006-12-31,world,BLZ,Belize,287878.0,level
2005-12-31,world,BLZ,Belize,279731.0,level
2004-12-31,world,BLZ,Belize,271688.0,level
2003-12-31,world,BLZ,Belize,263780.0,level
2002-12-31,world,BLZ,Belize,256009.0,level
2001-12-31,world,BLZ,Belize,248379.0,level
2000-12-31,world,BLZ,Belize,240799.0,level
1999-12-31,world,BLZ,Belize,233059.0,level
1998-12-31,world,BLZ,Belize,225173.0,level
1997-12-31,world,BLZ,Belize,217446.0,level
1996-12-31,world,BLZ,Belize,210310.0,level
1995-12-31,world,BLZ,Belize,204146.0,level
1994-12-31,world,BLZ,Belize,199097.0,level
1993-12-31,world,BLZ,Belize,194902.0,level
1992-12-31,world,BLZ,Belize,190983.0,level
1991-12-31,world,BLZ,Belize,187040.0,level
1990-12-31,world,BLZ,Belize,183076.0,level
1989-12-31,world,BLZ,Belize,179107.0,level
1988-12-31,world,BLZ,Belize,175180.0,level
1987-12-31,world,BLZ,Belize,171338.0,level
1986-12-31,world,BLZ,Belize,167554.0,level
1985-12-31,world,BLZ,Belize,163796.0,level
1984-12-31,world,BLZ,Belize,160044.0,level
1983-12-31,world,BLZ,Belize,156297.0,level
1982-12-31,world,BLZ,Belize,152548.0,level
1981-12-31,world,BLZ,Belize,148786.0,level
1980-12-31,world,BLZ,Belize,145062.0,level
1979-12-31,world,BLZ,Belize,141678.0,level
1978-12-31,world,BLZ,Belize,138713.0,level
1977-12-31,world,BLZ,Belize,135887.0,level
1976-12-31,world,BLZ,Belize,133099.0,level
1975-12-31,world,BLZ,Belize,130387.0,level
1974-12-31,world,BLZ,Belize,128185.0,level
1973-12-31,world,BLZ,Belize,126445.0,level
1972-12-31,world,BLZ,Belize,124676.0,level
1971-12-31,world,BLZ,Belize,122805.0,level
1970-12-31,world,BLZ,Belize,120736.0,level
1969-12-31,world,BLZ,Belize,118040.0,level
1968-12-31,world,BLZ,Belize,114713.0,level
1967-12-31,world,BLZ,Belize,111272.0,level
1966-12-31,world,BLZ,Belize,107906.0,level
1965-12-31,world,BLZ,Belize,104675.0,level
1964-12-31,world,BLZ,Belize,101603.0,level
1963-12-31,world,BLZ,Belize,98704.0,level
1962-12-31,world,BLZ,Belize,96042.0,level
1961-12-31,world,BLZ,Belize,93632.0,level
1960-12-31,world,BLZ,Belize,91318.0,level
2025-12-31,world,BEN,Benin,14814460.0,level
2024-12-31,world,BEN,Benin,14462724.0,level
2023-12-31,world,BEN,Benin,14111034.0,level
2022-12-31,world,BEN,Benin,13759501.0,level
2021-12-31,world,BEN,Benin,13413417.0,level
2020-12-31,world,BEN,Benin,13070169.0,level
2019-12-31,world,BEN,Benin,12726755.0,level
2018-12-31,world,BEN,Benin,12383347.0,level
2017-12-31,world,BEN,Benin,12039780.0,level
2016-12-31,world,BEN,Benin,11697842.0,level
2015-12-31,world,BEN,Benin,11360681.0,level
2014-12-31,world,BEN,Benin,11030004.0,level
2013-12-31,world,BEN,Benin,10708834.0,level
2012-12-31,world,BEN,Benin,10397657.0,level
2011-12-31,world,BEN,Benin,10093623.0,level
2010-12-31,world,BEN,Benin,9797484.0,level
2009-12-31,world,BEN,Benin,9509423.0,level
2008-12-31,world,BEN,Benin,9228466.0,level
2007-12-31,world,BEN,Benin,8953969.0,level
2006-12-31,world,BEN,Benin,8693242.0,level
2005-12-31,world,BEN,Benin,8426144.0,level
2004-12-31,world,BEN,Benin,8159094.0,level
2003-12-31,world,BEN,Benin,7913070.0,level
2002-12-31,world,BEN,Benin,7675426.0,level
2001-12-31,world,BEN,Benin,7445596.0,level
2000-12-31,world,BEN,Benin,7221619.0,level
1999-12-31,world,BEN,Benin,7002818.0,level
1998-12-31,world,BEN,Benin,6789489.0,level
1997-12-31,world,BEN,Benin,6583365.0,level
1996-12-31,world,BEN,Benin,6391858.0,level
1995-12-31,world,BEN,Benin,6226773.0,level
1994-12-31,world,BEN,Benin,6096506.0,level
1993-12-31,world,BEN,Benin,5872706.0,level
1992-12-31,world,BEN,Benin,5617844.0,level
1991-12-31,world,BEN,Benin,5446932.0,level
1990-12-31,world,BEN,Benin,5281479.0,level
1989-12-31,world,BEN,Benin,5121657.0,level
1988-12-31,world,BEN,Benin,4967341.0,level
1987-12-31,world,BEN,Benin,4818486.0,level
1986-12-31,world,BEN,Benin,4675420.0,level
1985-12-31,world,BEN,Benin,4538012.0,level
1984-12-31,world,BEN,Benin,4405895.0,level
1983-12-31,world,BEN,Benin,4278978.0,level
1982-12-31,world,BEN,Benin,4156596.0,level
1981-12-31,world,BEN,Benin,4038307.0,level
1980-12-31,world,BEN,Benin,3925251.0,level
1979-12-31,world,BEN,Benin,3818528.0,level
1978-12-31,world,BEN,Benin,3718305.0,level
1977-12-31,world,BEN,Benin,3623202.0,level
1976-12-31,world,BEN,Benin,3532196.0,level
1975-12-31,world,BEN,Benin,3445407.0,level
1974-12-31,world,BEN,Benin,3362633.0,level
1973-12-31,world,BEN,Benin,3283496.0,level
1972-12-31,world,BEN,Benin,3207543.0,level
1971-12-31,world,BEN,Benin,3134767.0,level
1970-12-31,world,BEN,Benin,3065057.0,level
1969-12-31,world,BEN,Benin,2998222.0,level
1968-12-31,world,BEN,Benin,2934257.0,level
1967-12-31,world,BEN,Benin,2872997.0,level
1966-12-31,world,BEN,Benin,2814317.0,level
1965-12-31,world,BEN,Benin,2757936.0,level
1964-12-31,world,BEN,Benin,2704003.0,level
1963-12-31,world,BEN,Benin,2652908.0,level
1962-12-31,world,BEN,Benin,2604659.0,level
1961-12-31,world,BEN,Benin,2559223.0,level
1960-12-31,world,BEN,Benin,2517286.0,level
2025-12-31,world,BMU,Bermuda,64555.0,level
2024-12-31,world,BMU,Bermuda,64636.0,level
2023-12-31,world,BMU,Bermuda,64698.0,level
2022-12-31,world,BMU,Bermuda,64749.0,level
2021-12-31,world,BMU,Bermuda,64648.0,level
2020-12-31,world,BMU,Bermuda,64382.0,level
2019-12-31,world,BMU,Bermuda,64107.0,level
2018-12-31,world,BMU,Bermuda,63831.0,level
2017-12-31,world,BMU,Bermuda,63578.0,level
2016-12-31,world,BMU,Bermuda,63449.0,level
2015-12-31,world,BMU,Bermuda,63464.0,level
2014-12-31,world,BMU,Bermuda,63529.0,level
2013-12-31,world,BMU,Bermuda,63574.0,level
2012-12-31,world,BMU,Bermuda,63646.0,level
2011-12-31,world,BMU,Bermuda,63733.0,level
2010-12-31,world,BMU,Bermuda,63725.0,level
2009-12-31,world,BMU,Bermuda,63565.0,level
2008-12-31,world,BMU,Bermuda,63300.0,level
2007-12-31,world,BMU,Bermuda,63010.0,level
2006-12-31,world,BMU,Bermuda,62834.0,level
2005-12-31,world,BMU,Bermuda,62711.0,level
2004-12-31,world,BMU,Bermuda,62555.0,level
2003-12-31,world,BMU,Bermuda,62386.0,level
2002-12-31,world,BMU,Bermuda,62142.0,level
2001-12-31,world,BMU,Bermuda,61867.0,level
2000-12-31,world,BMU,Bermuda,61550.0,level
1999-12-31,world,BMU,Bermuda,61124.0,level
1998-12-31,world,BMU,Bermuda,60639.0,level
1997-12-31,world,BMU,Bermuda,60177.0,level
1996-12-31,world,BMU,Bermuda,59813.0,level
1995-12-31,world,BMU,Bermuda,59526.0,level
1994-12-31,world,BMU,Bermuda,59194.0,level
1993-12-31,world,BMU,Bermuda,58816.0,level
1992-12-31,world,BMU,Bermuda,58407.0,level
1991-12-31,world,BMU,Bermuda,57984.0,level
1990-12-31,world,BMU,Bermuda,57559.0,level
1989-12-31,world,BMU,Bermuda,57129.0,level
1988-12-31,world,BMU,Bermuda,56699.0,level
1987-12-31,world,BMU,Bermuda,56265.0,level
1986-12-31,world,BMU,Bermuda,55889.0,level
1985-12-31,world,BMU,Bermuda,55547.0,level
1984-12-31,world,BMU,Bermuda,55169.0,level
1983-12-31,world,BMU,Bermuda,54777.0,level
1982-12-31,world,BMU,Bermuda,54387.0,level
1981-12-31,world,BMU,Bermuda,53997.0,level
1980-12-31,world,BMU,Bermuda,53673.0,level
1979-12-31,world,BMU,Bermuda,53517.0,level
1978-12-31,world,BMU,Bermuda,53431.0,level
1977-12-31,world,BMU,Bermuda,53322.0,level
1976-12-31,world,BMU,Bermuda,53210.0,level
1975-12-31,world,BMU,Bermuda,53129.0,level
1974-12-31,world,BMU,Bermuda,53056.0,level
1973-12-31,world,BMU,Bermuda,52946.0,level
1972-12-31,world,BMU,Bermuda,52803.0,level
1971-12-31,world,BMU,Bermuda,52607.0,level
1970-12-31,world,BMU,Bermuda,52124.0,level
1969-12-31,world,BMU,Bermuda,51306.0,level
1968-12-31,world,BMU,Bermuda,50404.0,level
1967-12-31,world,BMU,Bermuda,49514.0,level
1966-12-31,world,BMU,Bermuda,48534.0,level
1965-12-31,world,BMU,Bermuda,47461.0,level
1964-12-31,world,BMU,Bermuda,46410.0,level
1963-12-31,world,BMU,Bermuda,45340.0,level
1962-12-31,world,BMU,Bermuda,44239.0,level
1961-12-31,world,BMU,Bermuda,43123.0,level
1960-12-31,world,BMU,Bermuda,42208.0,level
2025-12-31,world,BTN,Bhutan,796682.0,level
2024-12-31,world,BTN,Bhutan,791524.0,level
2023-12-31,world,BTN,Bhutan,786385.0,level
2022-12-31,world,BTN,Bhutan,780914.0,level
2021-12-31,world,BTN,Bhutan,775442.0,level
2020-12-31,world,BTN,Bhutan,770006.0,level
2019-12-31,world,BTN,Bhutan,764824.0,level
2018-12-31,world,BTN,Bhutan,759759.0,level
2017-12-31,world,BTN,Bhutan,754335.0,level
2016-12-31,world,BTN,Bhutan,747866.0,level
2015-12-31,world,BTN,Bhutan,740618.0,level
2014-12-31,world,BTN,Bhutan,733139.0,level
2013-12-31,world,BTN,Bhutan,725273.0,level
2012-12-31,world,BTN,Bhutan,717279.0,level
2011-12-31,world,BTN,Bhutan,709377.0,level
2010-12-31,world,BTN,Bhutan,701632.0,level
2009-12-31,world,BTN,Bhutan,693988.0,level
2008-12-31,world,BTN,Bhutan,686351.0,level
2007-12-31,world,BTN,Bhutan,678641.0,level
2006-12-31,world,BTN,Bhutan,670799.0,level
2005-12-31,world,BTN,Bhutan,661865.0,level
2004-12-31,world,BTN,Bhutan,650544.0,level
2003-12-31,world,BTN,Bhutan,637663.0,level
2002-12-31,world,BTN,Bhutan,624409.0,level
2001-12-31,world,BTN,Bhutan,610794.0,level
2000-12-31,world,BTN,Bhutan,596863.0,level
1999-12-31,world,BTN,Bhutan,582579.0,level
1998-12-31,world,BTN,Bhutan,569435.0,level
1997-12-31,world,BTN,Bhutan,558697.0,level
1996-12-31,world,BTN,Bhutan,548784.0,level
1995-12-31,world,BTN,Bhutan,547989.0,level
1994-12-31,world,BTN,Bhutan,554497.0,level
1993-12-31,world,BTN,Bhutan,554673.0,level
1992-12-31,world,BTN,Bhutan,577774.0,level
1991-12-31,world,BTN,Bhutan,599784.0,level
1990-12-31,world,BTN,Bhutan,589287.0,level
1989-12-31,world,BTN,Bhutan,573586.0,level
1988-12-31,world,BTN,Bhutan,556986.0,level
1987-12-31,world,BTN,Bhutan,540557.0,level
1986-12-31,world,BTN,Bhutan,524324.0,level
1985-12-31,world,BTN,Bhutan,508392.0,level
1984-12-31,world,BTN,Bhutan,492784.0,level
1983-12-31,world,BTN,Bhutan,477460.0,level
1982-12-31,world,BTN,Bhutan,462485.0,level
1981-12-31,world,BTN,Bhutan,447836.0,level
1980-12-31,world,BTN,Bhutan,433404.0,level
1979-12-31,world,BTN,Bhutan,419200.0,level
1978-12-31,world,BTN,Bhutan,405243.0,level
1977-12-31,world,BTN,Bhutan,391639.0,level
1976-12-31,world,BTN,Bhutan,378490.0,level
1975-12-31,world,BTN,Bhutan,365791.0,level
1974-12-31,world,BTN,Bhutan,353538.0,level
1973-12-31,world,BTN,Bhutan,341705.0,level
1972-12-31,world,BTN,Bhutan,330264.0,level
1971-12-31,world,BTN,Bhutan,319211.0,level
1970-12-31,world,BTN,Bhutan,308528.0,level
1969-12-31,world,BTN,Bhutan,298214.0,level
1968-12-31,world,BTN,Bhutan,288311.0,level
1967-12-31,world,BTN,Bhutan,278852.0,level
1966-12-31,world,BTN,Bhutan,269820.0,level
1965-12-31,world,BTN,Bhutan,261200.0,level
1964-12-31,world,BTN,Bhutan,252987.0,level
1963-12-31,world,BTN,Bhutan,245156.0,level
1962-12-31,world,BTN,Bhutan,237636.0,level
1961-12-31,world,BTN,Bhutan,230602.0,level
1960-12-31,world,BTN,Bhutan,224084.0,level
2025-12-31,world,BOL,Bolivia,12581843.0,level
2024-12-31,world,BOL,Bolivia,12413315.0,level
2023-12-31,world,BOL,Bolivia,12244159.0,level
2022-12-31,world,BOL,Bolivia,12077154.0,level
2021-12-31,world,BOL,Bolivia,11937360.0,level
2020-12-31,world,BOL,Bolivia,11816299.0,level
2019-12-31,world,BOL,Bolivia,11671386.0,level
2018-12-31,world,BOL,Bolivia,11508368.0,level
2017-12-31,world,BOL,Bolivia,11344587.0,level
2016-12-31,world,BOL,Bolivia,11180020.0,level
2015-12-31,world,BOL,Bolivia,11014705.0,level
2014-12-31,world,BOL,Bolivia,10848888.0,level
2013-12-31,world,BOL,Bolivia,10682608.0,level
2012-12-31,world,BOL,Bolivia,10515807.0,level
2011-12-31,world,BOL,Bolivia,10348929.0,level
2010-12-31,world,BOL,Bolivia,10182345.0,level
2009-12-31,world,BOL,Bolivia,10016275.0,level
2008-12-31,world,BOL,Bolivia,9850858.0,level
2007-12-31,world,BOL,Bolivia,9685960.0,level
2006-12-31,world,BOL,Bolivia,9521689.0,level
2005-12-31,world,BOL,Bolivia,9360754.0,level
2004-12-31,world,BOL,Bolivia,9204287.0,level
2003-12-31,world,BOL,Bolivia,9050700.0,level
2002-12-31,world,BOL,Bolivia,8900355.0,level
2001-12-31,world,BOL,Bolivia,8752736.0,level
2000-12-31,world,BOL,Bolivia,8606326.0,level
1999-12-31,world,BOL,Bolivia,8459806.0,level
1998-12-31,world,BOL,Bolivia,8313394.0,level
1997-12-31,world,BOL,Bolivia,8167900.0,level
1996-12-31,world,BOL,Bolivia,8021736.0,level
1995-12-31,world,BOL,Bolivia,7874676.0,level
1994-12-31,world,BOL,Bolivia,7727322.0,level
1993-12-31,world,BOL,Bolivia,7579195.0,level
1992-12-31,world,BOL,Bolivia,7430336.0,level
1991-12-31,world,BOL,Bolivia,7280289.0,level
1990-12-31,world,BOL,Bolivia,7130142.0,level
1989-12-31,world,BOL,Bolivia,6981766.0,level
1988-12-31,world,BOL,Bolivia,6835508.0,level
1987-12-31,world,BOL,Bolivia,6692162.0,level
1986-12-31,world,BOL,Bolivia,6552479.0,level
1985-12-31,world,BOL,Bolivia,6416185.0,level
1984-12-31,world,BOL,Bolivia,6281868.0,level
1983-12-31,world,BOL,Bolivia,6149060.0,level
1982-12-31,world,BOL,Bolivia,6018088.0,level
1981-12-31,world,BOL,Bolivia,5888109.0,level
1980-12-31,world,BOL,Bolivia,5758900.0,level
1979-12-31,world,BOL,Bolivia,5630849.0,level
1978-12-31,world,BOL,Bolivia,5504123.0,level
1977-12-31,world,BOL,Bolivia,5379166.0,level
1976-12-31,world,BOL,Bolivia,5256496.0,level
1975-12-31,world,BOL,Bolivia,5137539.0,level
1974-12-31,world,BOL,Bolivia,5022475.0,level
1973-12-31,world,BOL,Bolivia,4910200.0,level
1972-12-31,world,BOL,Bolivia,4800978.0,level
1971-12-31,world,BOL,Bolivia,4694342.0,level
1970-12-31,world,BOL,Bolivia,4590010.0,level
1969-12-31,world,BOL,Bolivia,4488232.0,level
1968-12-31,world,BOL,Bolivia,4388944.0,level
1967-12-31,world,BOL,Bolivia,4292572.0,level
1966-12-31,world,BOL,Bolivia,4199550.0,level
1965-12-31,world,BOL,Bolivia,4109796.0,level
1964-12-31,world,BOL,Bolivia,4022996.0,level
1963-12-31,world,BOL,Bolivia,3938913.0,level
1962-12-31,world,BOL,Bolivia,3857493.0,level
1961-12-31,world,BOL,Bolivia,3778731.0,level
1960-12-31,world,BOL,Bolivia,3702323.0,level
2025-12-31,world,BIH,Bosnia and Herzegovina,3140095.0,level
2024-12-31,world,BIH,Bosnia and Herzegovina,3164253.0,level
2023-12-31,world,BIH,Bosnia and Herzegovina,3185073.0,level
2022-12-31,world,BIH,Bosnia and Herzegovina,3204802.0,level
2021-12-31,world,BIH,Bosnia and Herzegovina,3244907.0,level
2020-12-31,world,BIH,Bosnia and Herzegovina,3299349.0,level
2019-12-31,world,BIH,Bosnia and Herzegovina,3345533.0,level
2018-12-31,world,BIH,Bosnia and Herzegovina,3387000.0,level
2017-12-31,world,BIH,Bosnia and Herzegovina,3428682.0,level
2016-12-31,world,BIH,Bosnia and Herzegovina,3473003.0,level
2015-12-31,world,BIH,Bosnia and Herzegovina,3518541.0,level
2014-12-31,world,BIH,Bosnia and Herzegovina,3564829.0,level
2013-12-31,world,BIH,Bosnia and Herzegovina,3610859.0,level
2012-12-31,world,BIH,Bosnia and Herzegovina,3670113.0,level
2011-12-31,world,BIH,Bosnia and Herzegovina,3741798.0,level
2010-12-31,world,BIH,Bosnia and Herzegovina,3811472.0,level
2009-12-31,world,BIH,Bosnia and Herzegovina,3879794.0,level
2008-12-31,world,BIH,Bosnia and Herzegovina,3947544.0,level
2007-12-31,world,BIH,Bosnia and Herzegovina,4013424.0,level
2006-12-31,world,BIH,Bosnia and Herzegovina,4063272.0,level
2005-12-31,world,BIH,Bosnia and Herzegovina,4096493.0,level
2004-12-31,world,BIH,Bosnia and Herzegovina,4140987.0,level
2003-12-31,world,BIH,Bosnia and Herzegovina,4178523.0,level
2002-12-31,world,BIH,Bosnia and Herzegovina,4188002.0,level
2001-12-31,world,BIH,Bosnia and Herzegovina,4179438.0,level
2000-12-31,world,BIH,Bosnia and Herzegovina,4159771.0,level
1999-12-31,world,BIH,Bosnia and Herzegovina,4130305.0,level
1998-12-31,world,BIH,Bosnia and Herzegovina,4089356.0,level
1997-12-31,world,BIH,Bosnia and Herzegovina,4018227.0,level
1996-12-31,world,BIH,Bosnia and Herzegovina,3875246.0,level
1995-12-31,world,BIH,Bosnia and Herzegovina,3715564.0,level
1994-12-31,world,BIH,Bosnia and Herzegovina,3725412.0,level
1993-12-31,world,BIH,Bosnia and Herzegovina,3904482.0,level
1992-12-31,world,BIH,Bosnia and Herzegovina,4234616.0,level
1991-12-31,world,BIH,Bosnia and Herzegovina,4458343.0,level
1990-12-31,world,BIH,Bosnia and Herzegovina,4448652.0,level
1989-12-31,world,BIH,Bosnia and Herzegovina,4433983.0,level
1988-12-31,world,BIH,Bosnia and Herzegovina,4414404.0,level
1987-12-31,world,BIH,Bosnia and Herzegovina,4390246.0,level
1986-12-31,world,BIH,Bosnia and Herzegovina,4362115.0,level
1985-12-31,world,BIH,Bosnia and Herzegovina,4330364.0,level
1984-12-31,world,BIH,Bosnia and Herzegovina,4295536.0,level
1983-12-31,world,BIH,Bosnia and Herzegovina,4258728.0,level
1982-12-31,world,BIH,Bosnia and Herzegovina,4221100.0,level
1981-12-31,world,BIH,Bosnia and Herzegovina,4184217.0,level
1980-12-31,world,BIH,Bosnia and Herzegovina,4148426.0,level
1979-12-31,world,BIH,Bosnia and Herzegovina,4113300.0,level
1978-12-31,world,BIH,Bosnia and Herzegovina,4078240.0,level
1977-12-31,world,BIH,Bosnia and Herzegovina,4042124.0,level
1976-12-31,world,BIH,Bosnia and Herzegovina,4004552.0,level
1975-12-31,world,BIH,Bosnia and Herzegovina,3965743.0,level
1974-12-31,world,BIH,Bosnia and Herzegovina,3926472.0,level
1973-12-31,world,BIH,Bosnia and Herzegovina,3887376.0,level
1972-12-31,world,BIH,Bosnia and Herzegovina,3848271.0,level
1971-12-31,world,BIH,Bosnia and Herzegovina,3809376.0,level
1970-12-31,world,BIH,Bosnia and Herzegovina,3773247.0,level
1969-12-31,world,BIH,Bosnia and Herzegovina,3737765.0,level
1968-12-31,world,BIH,Bosnia and Herzegovina,3698794.0,level
1967-12-31,world,BIH,Bosnia and Herzegovina,3656223.0,level
1966-12-31,world,BIH,Bosnia and Herzegovina,3610562.0,level
1965-12-31,world,BIH,Bosnia and Herzegovina,3562834.0,level
1964-12-31,world,BIH,Bosnia and Herzegovina,3513441.0,level
1963-12-31,world,BIH,Bosnia and Herzegovina,3461942.0,level
1962-12-31,world,BIH,Bosnia and Herzegovina,3407532.0,level
1961-12-31,world,BIH,Bosnia and Herzegovina,3348035.0,level
1960-12-31,world,BIH,Bosnia and Herzegovina,3281381.0,level
2025-12-31,world,BWA,Botswana,2562122.0,level
2024-12-31,world,BWA,Botswana,2521139.0,level
2023-12-31,world,BWA,Botswana,2480244.0,level
2022-12-31,world,BWA,Botswana,2439892.0,level
2021-12-31,world,BWA,Botswana,2401441.0,level
2020-12-31,world,BWA,Botswana,2365894.0,level
2019-12-31,world,BWA,Botswana,2332083.0,level
2018-12-31,world,BWA,Botswana,2299141.0,level
2017-12-31,world,BWA,Botswana,2266747.0,level
2016-12-31,world,BWA,Botswana,2234776.0,level
2015-12-31,world,BWA,Botswana,2203273.0,level
2014-12-31,world,BWA,Botswana,2172044.0,level
2013-12-31,world,BWA,Botswana,2140682.0,level
2012-12-31,world,BWA,Botswana,2108617.0,level
2011-12-31,world,BWA,Botswana,2073535.0,level
2010-12-31,world,BWA,Botswana,2033111.0,level
2009-12-31,world,BWA,Botswana,1990673.0,level
2008-12-31,world,BWA,Botswana,1949970.0,level
2007-12-31,world,BWA,Botswana,1911201.0,level
2006-12-31,world,BWA,Botswana,1874516.0,level
2005-12-31,world,BWA,Botswana,1839877.0,level
2004-12-31,world,BWA,Botswana,1807146.0,level
2003-12-31,world,BWA,Botswana,1775736.0,level
2002-12-31,world,BWA,Botswana,1744763.0,level
2001-12-31,world,BWA,Botswana,1712254.0,level
2000-12-31,world,BWA,Botswana,1677382.0,level
1999-12-31,world,BWA,Botswana,1641997.0,level
1998-12-31,world,BWA,Botswana,1606899.0,level
1997-12-31,world,BWA,Botswana,1571691.0,level
1996-12-31,world,BWA,Botswana,1535914.0,level
1995-12-31,world,BWA,Botswana,1498836.0,level
1994-12-31,world,BWA,Botswana,1460023.0,level
1993-12-31,world,BWA,Botswana,1420115.0,level
1992-12-31,world,BWA,Botswana,1380033.0,level
1991-12-31,world,BWA,Botswana,1341756.0,level
1990-12-31,world,BWA,Botswana,1305696.0,level
1989-12-31,world,BWA,Botswana,1270274.0,level
1988-12-31,world,BWA,Botswana,1235476.0,level
1987-12-31,world,BWA,Botswana,1199167.0,level
1986-12-31,world,BWA,Botswana,1160650.0,level
1985-12-31,world,BWA,Botswana,1121945.0,level
1984-12-31,world,BWA,Botswana,1083660.0,level
1983-12-31,world,BWA,Botswana,1046137.0,level
1982-12-31,world,BWA,Botswana,1009269.0,level
1981-12-31,world,BWA,Botswana,969996.0,level
1980-12-31,world,BWA,Botswana,937485.0,level
1979-12-31,world,BWA,Botswana,901742.0,level
1978-12-31,world,BWA,Botswana,849239.0,level
1977-12-31,world,BWA,Botswana,799574.0,level
1976-12-31,world,BWA,Botswana,758508.0,level
1975-12-31,world,BWA,Botswana,720380.0,level
1974-12-31,world,BWA,Botswana,685448.0,level
1973-12-31,world,BWA,Botswana,652408.0,level
1972-12-31,world,BWA,Botswana,622407.0,level
1971-12-31,world,BWA,Botswana,600481.0,level
1970-12-31,world,BWA,Botswana,590334.0,level
1969-12-31,world,BWA,Botswana,587066.0,level
1968-12-31,world,BWA,Botswana,583966.0,level
1967-12-31,world,BWA,Botswana,580933.0,level
1966-12-31,world,BWA,Botswana,577866.0,level
1965-12-31,world,BWA,Botswana,574664.0,level
1964-12-31,world,BWA,Botswana,566266.0,level
1963-12-31,world,BWA,Botswana,552966.0,level
1962-12-31,world,BWA,Botswana,540186.0,level
1961-12-31,world,BWA,Botswana,527942.0,level
1960-12-31,world,BWA,Botswana,516165.0,level
2025-12-31,world,BRA,Brazil,212812405.0,level
2024-12-31,world,BRA,Brazil,211998573.0,level
2023-12-31,world,BRA,Brazil,211140729.0,level
2022-12-31,world,BRA,Brazil,210306415.0,level
2021-12-31,world,BRA,Brazil,209550294.0,level
2020-12-31,world,BRA,Brazil,208660842.0,level
2019-12-31,world,BRA,Brazil,207455459.0,level
2018-12-31,world,BRA,Brazil,206107261.0,level
2017-12-31,world,BRA,Brazil,204703445.0,level
2016-12-31,world,BRA,Brazil,203218114.0,level
2015-12-31,world,BRA,Brazil,201675532.0,level
2014-12-31,world,BRA,Brazil,200085127.0,level
2013-12-31,world,BRA,Brazil,198478299.0,level
2012-12-31,world,BRA,Brazil,196876111.0,level
2011-12-31,world,BRA,Brazil,195284734.0,level
2010-12-31,world,BRA,Brazil,193701929.0,level
2009-12-31,world,BRA,Brazil,192079951.0,level
2008-12-31,world,BRA,Brazil,190367302.0,level
2007-12-31,world,BRA,Brazil,188552320.0,level
2006-12-31,world,BRA,Brazil,186653106.0,level
2005-12-31,world,BRA,Brazil,184688101.0,level
2004-12-31,world,BRA,Brazil,182675143.0,level
2003-12-31,world,BRA,Brazil,180622688.0,level
2002-12-31,world,BRA,Brazil,178503484.0,level
2001-12-31,world,BRA,Brazil,176301203.0,level
2000-12-31,world,BRA,Brazil,174018282.0,level
1999-12-31,world,BRA,Brazil,171641543.0,level
1998-12-31,world,BRA,Brazil,169159655.0,level
1997-12-31,world,BRA,Brazil,166661659.0,level
1996-12-31,world,BRA,Brazil,164202549.0,level
1995-12-31,world,BRA,Brazil,161735073.0,level
1994-12-31,world,BRA,Brazil,159265006.0,level
1993-12-31,world,BRA,Brazil,156794577.0,level
1992-12-31,world,BRA,Brazil,154275079.0,level
1991-12-31,world,BRA,Brazil,151724256.0,level
1990-12-31,world,BRA,Brazil,149143223.0,level
1989-12-31,world,BRA,Brazil,146502972.0,level
1988-12-31,world,BRA,Brazil,143826357.0,level
1987-12-31,world,BRA,Brazil,141104944.0,level
1986-12-31,world,BRA,Brazil,138336370.0,level
1985-12-31,world,BRA,Brazil,135515595.0,level
1984-12-31,world,BRA,Brazil,132658864.0,level
1983-12-31,world,BRA,Brazil,129790077.0,level
1982-12-31,world,BRA,Brazil,126923155.0,level
1981-12-31,world,BRA,Brazil,124063109.0,level
1980-12-31,world,BRA,Brazil,121207461.0,level
1979-12-31,world,BRA,Brazil,118380821.0,level
1978-12-31,world,BRA,Brazil,115600942.0,level
1977-12-31,world,BRA,Brazil,112875292.0,level
1976-12-31,world,BRA,Brazil,110213349.0,level
1975-12-31,world,BRA,Brazil,107619565.0,level
1974-12-31,world,BRA,Brazil,105089675.0,level
1973-12-31,world,BRA,Brazil,102600976.0,level
1972-12-31,world,BRA,Brazil,100146797.0,level
1971-12-31,world,BRA,Brazil,97739273.0,level
1970-12-31,world,BRA,Brazil,95375651.0,level
1969-12-31,world,BRA,Brazil,93045777.0,level
1968-12-31,world,BRA,Brazil,90741240.0,level
1967-12-31,world,BRA,Brazil,88446124.0,level
1966-12-31,world,BRA,Brazil,86139359.0,level
1965-12-31,world,BRA,Brazil,83817583.0,level
1964-12-31,world,BRA,Brazil,81488595.0,level
1963-12-31,world,BRA,Brazil,79164235.0,level
1962-12-31,world,BRA,Brazil,76865323.0,level
1961-12-31,world,BRA,Brazil,74605447.0,level
1960-12-31,world,BRA,Brazil,72388126.0,level
2025-12-31,world,VGB,British Virgin Islands,39732.0,level
2024-12-31,world,VGB,British Virgin Islands,39471.0,level
2023-12-31,world,VGB,British Virgin Islands,38985.0,level
2022-12-31,world,VGB,British Virgin Islands,38319.0,level
2021-12-31,world,VGB,British Virgin Islands,37809.0,level
2020-12-31,world,VGB,British Virgin Islands,37135.0,level
2019-12-31,world,VGB,British Virgin Islands,36395.0,level
2018-12-31,world,VGB,British Virgin Islands,34657.0,level
2017-12-31,world,VGB,British Virgin Islands,32699.0,level
2016-12-31,world,VGB,British Virgin Islands,33878.0,level
2015-12-31,world,VGB,British Virgin Islands,34498.0,level
2014-12-31,world,VGB,British Virgin Islands,32962.0,level
2013-12-31,world,VGB,British Virgin Islands,31703.0,level
2012-12-31,world,VGB,British Virgin Islands,30345.0,level
2011-12-31,world,VGB,British Virgin Islands,28710.0,level
2010-12-31,world,VGB,British Virgin Islands,27675.0,level
2009-12-31,world,VGB,British Virgin Islands,27218.0,level
2008-12-31,world,VGB,British Virgin Islands,26288.0,level
2007-12-31,world,VGB,British Virgin Islands,25366.0,level
2006-12-31,world,VGB,British Virgin Islands,24493.0,level
2005-12-31,world,VGB,British Virgin Islands,23665.0,level
2004-12-31,world,VGB,British Virgin Islands,22881.0,level
2003-12-31,world,VGB,British Virgin Islands,22134.0,level
2002-12-31,world,VGB,British Virgin Islands,21430.0,level
2001-12-31,world,VGB,British Virgin Islands,20796.0,level
2000-12-31,world,VGB,British Virgin Islands,20241.0,level
1999-12-31,world,VGB,British Virgin Islands,19730.0,level
1998-12-31,world,VGB,British Virgin Islands,19238.0,level
1997-12-31,world,VGB,British Virgin Islands,18756.0,level
1996-12-31,world,VGB,British Virgin Islands,18287.0,level
1995-12-31,world,VGB,British Virgin Islands,17840.0,level
1994-12-31,world,VGB,British Virgin Islands,17406.0,level
1993-12-31,world,VGB,British Virgin Islands,16989.0,level
1992-12-31,world,VGB,British Virgin Islands,16593.0,level
1991-12-31,world,VGB,British Virgin Islands,16187.0,level
1990-12-31,world,VGB,British Virgin Islands,15704.0,level
1989-12-31,world,VGB,British Virgin Islands,15180.0,level
1988-12-31,world,VGB,British Virgin Islands,14680.0,level
1987-12-31,world,VGB,British Virgin Islands,14194.0,level
1986-12-31,world,VGB,British Virgin Islands,13726.0,level
1985-12-31,world,VGB,British Virgin Islands,13269.0,level
1984-12-31,world,VGB,British Virgin Islands,12820.0,level
1983-12-31,world,VGB,British Virgin Islands,12370.0,level
1982-12-31,world,VGB,British Virgin Islands,11921.0,level
1981-12-31,world,VGB,British Virgin Islands,11479.0,level
1980-12-31,world,VGB,British Virgin Islands,11130.0,level
1979-12-31,world,VGB,British Virgin Islands,10965.0,level
1978-12-31,world,VGB,British Virgin Islands,10886.0,level
1977-12-31,world,VGB,British Virgin Islands,10800.0,level
1976-12-31,world,VGB,British Virgin Islands,10709.0,level
1975-12-31,world,VGB,British Virgin Islands,10606.0,level
1974-12-31,world,VGB,British Virgin Islands,10494.0,level
1973-12-31,world,VGB,British Virgin Islands,10367.0,level
1972-12-31,world,VGB,British Virgin Islands,10235.0,level
1971-12-31,world,VGB,British Virgin Islands,10095.0,level
1970-12-31,world,VGB,British Virgin Islands,9933.0,level
1969-12-31,world,VGB,British Virgin Islands,9533.0,level
1968-12-31,world,VGB,British Virgin Islands,9000.0,level
1967-12-31,world,VGB,British Virgin Islands,8646.0,level
1966-12-31,world,VGB,British Virgin Islands,8413.0,level
1965-12-31,world,VGB,British Virgin Islands,8257.0,level
1964-12-31,world,VGB,British Virgin Islands,8168.0,level
1963-12-31,world,VGB,British Virgin Islands,8114.0,level
1962-12-31,world,VGB,British Virgin Islands,8070.0,level
1961-12-31,world,VGB,British Virgin Islands,8034.0,level
1960-12-31,world,VGB,British Virgin Islands,7950.0,level
2025-12-31,world,BRN,Brunei Darussalam,466330.0,level
2024-12-31,world,BRN,Brunei Darussalam,462721.0,level
2023-12-31,world,BRN,Brunei Darussalam,458949.0,level
2022-12-31,world,BRN,Brunei Darussalam,455370.0,level
2021-12-31,world,BRN,Brunei Darussalam,451721.0,level
2020-12-31,world,BRN,Brunei Darussalam,447404.0,level
2019-12-31,world,BRN,Brunei Darussalam,442680.0,level
2018-12-31,world,BRN,Brunei Darussalam,437810.0,level
2017-12-31,world,BRN,Brunei Darussalam,432772.0,level
2016-12-31,world,BRN,Brunei Darussalam,427564.0,level
2015-12-31,world,BRN,Brunei Darussalam,422212.0,level
2014-12-31,world,BRN,Brunei Darussalam,416750.0,level
2013-12-31,world,BRN,Brunei Darussalam,411202.0,level
2012-12-31,world,BRN,Brunei Darussalam,405557.0,level
2011-12-31,world,BRN,Brunei Darussalam,399389.0,level
2010-12-31,world,BRN,Brunei Darussalam,392332.0,level
2009-12-31,world,BRN,Brunei Darussalam,384952.0,level
2008-12-31,world,BRN,Brunei Darussalam,377793.0,level
2007-12-31,world,BRN,Brunei Darussalam,370873.0,level
2006-12-31,world,BRN,Brunei Darussalam,364663.0,level
2005-12-31,world,BRN,Brunei Darussalam,358916.0,level
2004-12-31,world,BRN,Brunei Darussalam,352911.0,level
2003-12-31,world,BRN,Brunei Darussalam,346637.0,level
2002-12-31,world,BRN,Brunei Darussalam,340099.0,level
2001-12-31,world,BRN,Brunei Darussalam,333345.0,level
2000-12-31,world,BRN,Brunei Darussalam,326424.0,level
1999-12-31,world,BRN,Brunei Darussalam,319411.0,level
1998-12-31,world,BRN,Brunei Darussalam,312385.0,level
1997-12-31,world,BRN,Brunei Darussalam,305341.0,level
1996-12-31,world,BRN,Brunei Darussalam,298276.0,level
1995-12-31,world,BRN,Brunei Darussalam,291195.0,level
1994-12-31,world,BRN,Brunei Darussalam,284091.0,level
1993-12-31,world,BRN,Brunei Darussalam,276971.0,level
1992-12-31,world,BRN,Brunei Darussalam,269839.0,level
1991-12-31,world,BRN,Brunei Darussalam,262596.0,level
1990-12-31,world,BRN,Brunei Darussalam,255292.0,level
1989-12-31,world,BRN,Brunei Darussalam,248064.0,level
1988-12-31,world,BRN,Brunei Darussalam,240913.0,level
1987-12-31,world,BRN,Brunei Darussalam,233860.0,level
1986-12-31,world,BRN,Brunei Darussalam,226495.0,level
1985-12-31,world,BRN,Brunei Darussalam,218919.0,level
1984-12-31,world,BRN,Brunei Darussalam,211661.0,level
1983-12-31,world,BRN,Brunei Darussalam,204741.0,level
1982-12-31,world,BRN,Brunei Darussalam,198165.0,level
1981-12-31,world,BRN,Brunei Darussalam,191977.0,level
1980-12-31,world,BRN,Brunei Darussalam,186111.0,level
1979-12-31,world,BRN,Brunei Darussalam,180422.0,level
1978-12-31,world,BRN,Brunei Darussalam,174884.0,level
1977-12-31,world,BRN,Brunei Darussalam,169277.0,level
1976-12-31,world,BRN,Brunei Darussalam,163607.0,level
1975-12-31,world,BRN,Brunei Darussalam,158070.0,level
1974-12-31,world,BRN,Brunei Darussalam,152656.0,level
1973-12-31,world,BRN,Brunei Darussalam,147369.0,level
1972-12-31,world,BRN,Brunei Darussalam,142189.0,level
1971-12-31,world,BRN,Brunei Darussalam,137921.0,level
1970-12-31,world,BRN,Brunei Darussalam,135138.0,level
1969-12-31,world,BRN,Brunei Darussalam,131446.0,level
1968-12-31,world,BRN,Brunei Darussalam,126222.0,level
1967-12-31,world,BRN,Brunei Darussalam,121017.0,level
1966-12-31,world,BRN,Brunei Darussalam,115874.0,level
1965-12-31,world,BRN,Brunei Darussalam,110838.0,level
1964-12-31,world,BRN,Brunei Darussalam,105922.0,level
1963-12-31,world,BRN,Brunei Darussalam,101159.0,level
1962-12-31,world,BRN,Brunei Darussalam,96719.0,level
1961-12-31,world,BRN,Brunei Darussalam,92517.0,level
1960-12-31,world,BRN,Brunei Darussalam,88347.0,level
2025-12-31,world,BGR,Bulgaria,6433302.0,level
2024-12-31,world,BGR,Bulgaria,6441421.0,level
2023-12-31,world,BGR,Bulgaria,6446596.0,level
2022-12-31,world,BGR,Bulgaria,6465097.0,level
2021-12-31,world,BGR,Bulgaria,6507301.0,level
2020-12-31,world,BGR,Bulgaria,6550696.0,level
2019-12-31,world,BGR,Bulgaria,6616726.0,level
2018-12-31,world,BGR,Bulgaria,6710798.0,level
2017-12-31,world,BGR,Bulgaria,6803468.0,level
2016-12-31,world,BGR,Bulgaria,6894139.0,level
2015-12-31,world,BGR,Bulgaria,6984225.0,level
2014-12-31,world,BGR,Bulgaria,7073572.0,level
2013-12-31,world,BGR,Bulgaria,7160005.0,level
2012-12-31,world,BGR,Bulgaria,7305888.0,level
2011-12-31,world,BGR,Bulgaria,7348328.0,level
2010-12-31,world,BGR,Bulgaria,7395599.0,level
2009-12-31,world,BGR,Bulgaria,7444443.0,level
2008-12-31,world,BGR,Bulgaria,7492561.0,level
2007-12-31,world,BGR,Bulgaria,7545338.0,level
2006-12-31,world,BGR,Bulgaria,7601022.0,level
2005-12-31,world,BGR,Bulgaria,7658972.0,level
2004-12-31,world,BGR,Bulgaria,7716860.0,level
2003-12-31,world,BGR,Bulgaria,7775327.0,level
2002-12-31,world,BGR,Bulgaria,7837161.0,level
2001-12-31,world,BGR,Bulgaria,8009142.0,level
2000-12-31,world,BGR,Bulgaria,8170172.0,level
1999-12-31,world,BGR,Bulgaria,8210624.0,level
1998-12-31,world,BGR,Bulgaria,8256786.0,level
1997-12-31,world,BGR,Bulgaria,8312068.0,level
1996-12-31,world,BGR,Bulgaria,8362826.0,level
1995-12-31,world,BGR,Bulgaria,8406067.0,level
1994-12-31,world,BGR,Bulgaria,8443591.0,level
1993-12-31,world,BGR,Bulgaria,8472313.0,level
1992-12-31,world,BGR,Bulgaria,8540164.0,level
1991-12-31,world,BGR,Bulgaria,8632367.0,level
1990-12-31,world,BGR,Bulgaria,8718289.0,level
1989-12-31,world,BGR,Bulgaria,8876972.0,level
1988-12-31,world,BGR,Bulgaria,8981446.0,level
1987-12-31,world,BGR,Bulgaria,8971359.0,level
1986-12-31,world,BGR,Bulgaria,8958171.0,level
1985-12-31,world,BGR,Bulgaria,8960547.0,level
1984-12-31,world,BGR,Bulgaria,8960679.0,level
1983-12-31,world,BGR,Bulgaria,8939738.0,level
1982-12-31,world,BGR,Bulgaria,8917457.0,level
1981-12-31,world,BGR,Bulgaria,8891117.0,level
1980-12-31,world,BGR,Bulgaria,8861535.0,level
1979-12-31,world,BGR,Bulgaria,8825940.0,level
1978-12-31,world,BGR,Bulgaria,8814032.0,level
1977-12-31,world,BGR,Bulgaria,8804183.0,level
1976-12-31,world,BGR,Bulgaria,8758599.0,level
1975-12-31,world,BGR,Bulgaria,8720742.0,level
1974-12-31,world,BGR,Bulgaria,8678745.0,level
1973-12-31,world,BGR,Bulgaria,8620967.0,level
1972-12-31,world,BGR,Bulgaria,8576200.0,level
1971-12-31,world,BGR,Bulgaria,8536395.0,level
1970-12-31,world,BGR,Bulgaria,8489574.0,level
1969-12-31,world,BGR,Bulgaria,8434172.0,level
1968-12-31,world,BGR,Bulgaria,8369603.0,level
1967-12-31,world,BGR,Bulgaria,8310226.0,level
1966-12-31,world,BGR,Bulgaria,8258057.0,level
1965-12-31,world,BGR,Bulgaria,8204168.0,level
1964-12-31,world,BGR,Bulgaria,8144340.0,level
1963-12-31,world,BGR,Bulgaria,8078145.0,level
1962-12-31,world,BGR,Bulgaria,8012946.0,level
1961-12-31,world,BGR,Bulgaria,7943118.0,level
1960-12-31,world,BGR,Bulgaria,7867374.0,level
2025-12-31,world,BFA,Burkina Faso,24074580.0,level
2024-12-31,world,BFA,Burkina Faso,23548781.0,level
2023-12-31,world,BFA,Burkina Faso,23025776.0,level
2022-12-31,world,BFA,Burkina Faso,22509038.0,level
2021-12-31,world,BFA,Burkina Faso,21995243.0,level
2020-12-31,world,BFA,Burkina Faso,21478690.0,level
2019-12-31,world,BFA,Burkina Faso,20961952.0,level
2018-12-31,world,BFA,Burkina Faso,20438288.0,level
2017-12-31,world,BFA,Burkina Faso,19894407.0,level
2016-12-31,world,BFA,Burkina Faso,19334856.0,level
2015-12-31,world,BFA,Burkina Faso,18777487.0,level
2014-12-31,world,BFA,Burkina Faso,18229461.0,level
2013-12-31,world,BFA,Burkina Faso,17695409.0,level
2012-12-31,world,BFA,Burkina Faso,17172287.0,level
2011-12-31,world,BFA,Burkina Faso,16661908.0,level
2010-12-31,world,BFA,Burkina Faso,16176498.0,level
2009-12-31,world,BFA,Burkina Faso,15710066.0,level
2008-12-31,world,BFA,Burkina Faso,15258093.0,level
2007-12-31,world,BFA,Burkina Faso,14816307.0,level
2006-12-31,world,BFA,Burkina Faso,14373707.0,level
2005-12-31,world,BFA,Burkina Faso,13932123.0,level
2004-12-31,world,BFA,Burkina Faso,13500533.0,level
2003-12-31,world,BFA,Burkina Faso,13082532.0,level
2002-12-31,world,BFA,Burkina Faso,12680897.0,level
2001-12-31,world,BFA,Burkina Faso,12295001.0,level
2000-12-31,world,BFA,Burkina Faso,11925546.0,level
1999-12-31,world,BFA,Burkina Faso,11574928.0,level
1998-12-31,world,BFA,Burkina Faso,11240664.0,level
1997-12-31,world,BFA,Burkina Faso,10934223.0,level
1996-12-31,world,BFA,Burkina Faso,10655942.0,level
1995-12-31,world,BFA,Burkina Faso,10386722.0,level
1994-12-31,world,BFA,Burkina Faso,10123798.0,level
1993-12-31,world,BFA,Burkina Faso,9871713.0,level
1992-12-31,world,BFA,Burkina Faso,9629275.0,level
1991-12-31,world,BFA,Burkina Faso,9394632.0,level
1990-12-31,world,BFA,Burkina Faso,9159356.0,level
1989-12-31,world,BFA,Burkina Faso,8921175.0,level
1988-12-31,world,BFA,Burkina Faso,8687435.0,level
1987-12-31,world,BFA,Burkina Faso,8457109.0,level
1986-12-31,world,BFA,Burkina Faso,8228847.0,level
1985-12-31,world,BFA,Burkina Faso,7999935.0,level
1984-12-31,world,BFA,Burkina Faso,7772256.0,level
1983-12-31,world,BFA,Burkina Faso,7551129.0,level
1982-12-31,world,BFA,Burkina Faso,7340197.0,level
1981-12-31,world,BFA,Burkina Faso,7140271.0,level
1980-12-31,world,BFA,Burkina Faso,6947900.0,level
1979-12-31,world,BFA,Burkina Faso,6763903.0,level
1978-12-31,world,BFA,Burkina Faso,6590984.0,level
1977-12-31,world,BFA,Burkina Faso,6428734.0,level
1976-12-31,world,BFA,Burkina Faso,6280635.0,level
1975-12-31,world,BFA,Burkina Faso,6147569.0,level
1974-12-31,world,BFA,Burkina Faso,6024904.0,level
1973-12-31,world,BFA,Burkina Faso,5911927.0,level
1972-12-31,world,BFA,Burkina Faso,5807234.0,level
1971-12-31,world,BFA,Burkina Faso,5707999.0,level
1970-12-31,world,BFA,Burkina Faso,5610304.0,level
1969-12-31,world,BFA,Burkina Faso,5513177.0,level
1968-12-31,world,BFA,Burkina Faso,5418644.0,level
1967-12-31,world,BFA,Burkina Faso,5326348.0,level
1966-12-31,world,BFA,Burkina Faso,5237933.0,level
1965-12-31,world,BFA,Burkina Faso,5152833.0,level
1964-12-31,world,BFA,Burkina Faso,5071034.0,level
1963-12-31,world,BFA,Burkina Faso,4993623.0,level
1962-12-31,world,BFA,Burkina Faso,4919672.0,level
1961-12-31,world,BFA,Burkina Faso,4848224.0,level
1960-12-31,world,BFA,Burkina Faso,4778621.0,level
2025-12-31,world,BDI,Burundi,14390003.0,level
2024-12-31,world,BDI,Burundi,14047786.0,level
2023-12-31,world,BDI,Burundi,13689450.0,level
2022-12-31,world,BDI,Burundi,13321097.0,level
2021-12-31,world,BDI,Burundi,12965481.0,level
2020-12-31,world,BDI,Burundi,12617036.0,level
2019-12-31,world,BDI,Burundi,12255336.0,level
2018-12-31,world,BDI,Burundi,11859446.0,level
2017-12-31,world,BDI,Burundi,11506762.0,level
2016-12-31,world,BDI,Burundi,11239451.0,level
2015-12-31,world,BDI,Burundi,11047580.0,level
2014-12-31,world,BDI,Burundi,10799785.0,level
2013-12-31,world,BDI,Burundi,10439341.0,level
2012-12-31,world,BDI,Burundi,10071028.0,level
2011-12-31,world,BDI,Burundi,9717978.0,level
2010-12-31,world,BDI,Burundi,9376444.0,level
2009-12-31,world,BDI,Burundi,8947646.0,level
2008-12-31,world,BDI,Burundi,8505637.0,level
2007-12-31,world,BDI,Burundi,8161874.0,level
2006-12-31,world,BDI,Burundi,7865547.0,level
2005-12-31,world,BDI,Burundi,7587299.0,level
2004-12-31,world,BDI,Burundi,7310656.0,level
2003-12-31,world,BDI,Burundi,7043154.0,level
2002-12-31,world,BDI,Burundi,6824132.0,level
2001-12-31,world,BDI,Burundi,6634365.0,level
2000-12-31,world,BDI,Burundi,6470194.0,level
1999-12-31,world,BDI,Burundi,6337155.0,level
1998-12-31,world,BDI,Burundi,6187108.0,level
1997-12-31,world,BDI,Burundi,6070042.0,level
1996-12-31,world,BDI,Burundi,6070506.0,level
1995-12-31,world,BDI,Burundi,6066316.0,level
1994-12-31,world,BDI,Burundi,5713854.0,level
1993-12-31,world,BDI,Burundi,5676843.0,level
1992-12-31,world,BDI,Burundi,5858407.0,level
1991-12-31,world,BDI,Burundi,5703857.0,level
1990-12-31,world,BDI,Burundi,5587052.0,level
1989-12-31,world,BDI,Burundi,5471706.0,level
1988-12-31,world,BDI,Burundi,5365327.0,level
1987-12-31,world,BDI,Burundi,5247787.0,level
1986-12-31,world,BDI,Burundi,5129414.0,level
1985-12-31,world,BDI,Burundi,5034042.0,level
1984-12-31,world,BDI,Burundi,4926465.0,level
1983-12-31,world,BDI,Burundi,4808528.0,level
1982-12-31,world,BDI,Burundi,4681390.0,level
1981-12-31,world,BDI,Burundi,4566014.0,level
1980-12-31,world,BDI,Burundi,4383706.0,level
1979-12-31,world,BDI,Burundi,4203530.0,level
1978-12-31,world,BDI,Burundi,4100338.0,level
1977-12-31,world,BDI,Burundi,3983582.0,level
1976-12-31,world,BDI,Burundi,3882626.0,level
1975-12-31,world,BDI,Burundi,3796612.0,level
1974-12-31,world,BDI,Burundi,3703590.0,level
1973-12-31,world,BDI,Burundi,3611991.0,level
1972-12-31,world,BDI,Burundi,3617128.0,level
1971-12-31,world,BDI,Burundi,3617289.0,level
1970-12-31,world,BDI,Burundi,3530432.0,level
1969-12-31,world,BDI,Burundi,3454590.0,level
1968-12-31,world,BDI,Burundi,3380387.0,level
1967-12-31,world,BDI,Burundi,3300690.0,level
1966-12-31,world,BDI,Burundi,3217960.0,level
1965-12-31,world,BDI,Burundi,3141367.0,level
1964-12-31,world,BDI,Burundi,3055650.0,level
1963-12-31,world,BDI,Burundi,2969841.0,level
1962-12-31,world,BDI,Burundi,2907943.0,level
1961-12-31,world,BDI,Burundi,2835119.0,level
1960-12-31,world,BDI,Burundi,2764258.0,level
2025-12-31,world,CPV,Cabo Verde,527326.0,level
2024-12-31,world,CPV,Cabo Verde,524877.0,level
2023-12-31,world,CPV,Cabo Verde,522331.0,level
2022-12-31,world,CPV,Cabo Verde,519741.0,level
2021-12-31,world,CPV,Cabo Verde,516649.0,level
2020-12-31,world,CPV,Cabo Verde,514679.0,level
2019-12-31,world,CPV,Cabo Verde,514104.0,level
2018-12-31,world,CPV,Cabo Verde,513415.0,level
2017-12-31,world,CPV,Cabo Verde,512893.0,level
2016-12-31,world,CPV,Cabo Verde,512554.0,level
2015-12-31,world,CPV,Cabo Verde,512394.0,level
2014-12-31,world,CPV,Cabo Verde,512326.0,level
2013-12-31,world,CPV,Cabo Verde,512225.0,level
2012-12-31,world,CPV,Cabo Verde,511955.0,level
2011-12-31,world,CPV,Cabo Verde,511447.0,level
2010-12-31,world,CPV,Cabo Verde,509784.0,level
2009-12-31,world,CPV,Cabo Verde,506141.0,level
2008-12-31,world,CPV,Cabo Verde,501355.0,level
2007-12-31,world,CPV,Cabo Verde,496190.0,level
2006-12-31,world,CPV,Cabo Verde,490728.0,level
2005-12-31,world,CPV,Cabo Verde,485115.0,level
2004-12-31,world,CPV,Cabo Verde,479370.0,level
2003-12-31,world,CPV,Cabo Verde,473383.0,level
2002-12-31,world,CPV,Cabo Verde,467046.0,level
2001-12-31,world,CPV,Cabo Verde,460293.0,level
2000-12-31,world,CPV,Cabo Verde,453317.0,level
1999-12-31,world,CPV,Cabo Verde,446519.0,level
1998-12-31,world,CPV,Cabo Verde,439784.0,level
1997-12-31,world,CPV,Cabo Verde,432798.0,level
1996-12-31,world,CPV,Cabo Verde,425581.0,level
1995-12-31,world,CPV,Cabo Verde,418104.0,level
1994-12-31,world,CPV,Cabo Verde,410228.0,level
1993-12-31,world,CPV,Cabo Verde,401965.0,level
1992-12-31,world,CPV,Cabo Verde,393415.0,level
1991-12-31,world,CPV,Cabo Verde,384586.0,level
1990-12-31,world,CPV,Cabo Verde,375428.0,level
1989-12-31,world,CPV,Cabo Verde,367803.0,level
1988-12-31,world,CPV,Cabo Verde,362329.0,level
1987-12-31,world,CPV,Cabo Verde,357302.0,level
1986-12-31,world,CPV,Cabo Verde,352312.0,level
1985-12-31,world,CPV,Cabo Verde,347365.0,level
1984-12-31,world,CPV,Cabo Verde,342505.0,level
1983-12-31,world,CPV,Cabo Verde,337654.0,level
1982-12-31,world,CPV,Cabo Verde,332724.0,level
1981-12-31,world,CPV,Cabo Verde,327846.0,level
1980-12-31,world,CPV,Cabo Verde,323301.0,level
1979-12-31,world,CPV,Cabo Verde,319480.0,level
1978-12-31,world,CPV,Cabo Verde,316147.0,level
1977-12-31,world,CPV,Cabo Verde,312834.0,level
1976-12-31,world,CPV,Cabo Verde,309455.0,level
1975-12-31,world,CPV,Cabo Verde,305847.0,level
1974-12-31,world,CPV,Cabo Verde,302570.0,level
1973-12-31,world,CPV,Cabo Verde,299881.0,level
1972-12-31,world,CPV,Cabo Verde,297386.0,level
1971-12-31,world,CPV,Cabo Verde,294046.0,level
1970-12-31,world,CPV,Cabo Verde,287885.0,level
1969-12-31,world,CPV,Cabo Verde,279248.0,level
1968-12-31,world,CPV,Cabo Verde,270164.0,level
1967-12-31,world,CPV,Cabo Verde,261404.0,level
1966-12-31,world,CPV,Cabo Verde,252976.0,level
1965-12-31,world,CPV,Cabo Verde,244856.0,level
1964-12-31,world,CPV,Cabo Verde,237006.0,level
1963-12-31,world,CPV,Cabo Verde,229373.0,level
1962-12-31,world,CPV,Cabo Verde,221919.0,level
1961-12-31,world,CPV,Cabo Verde,215087.0,level
1960-12-31,world,CPV,Cabo Verde,210024.0,level
2025-12-31,world,KHM,Cambodia,17847982.0,level
2024-12-31,world,KHM,Cambodia,17638801.0,level
2023-12-31,world,KHM,Cambodia,17423880.0,level
2022-12-31,world,KHM,Cambodia,17201724.0,level
2021-12-31,world,KHM,Cambodia,16974305.0,level
2020-12-31,world,KHM,Cambodia,16725474.0,level
2019-12-31,world,KHM,Cambodia,16481304.0,level
2018-12-31,world,KHM,Cambodia,16274522.0,level
2017-12-31,world,KHM,Cambodia,16073372.0,level
2016-12-31,world,KHM,Cambodia,15852803.0,level
2015-12-31,world,KHM,Cambodia,15623251.0,level
2014-12-31,world,KHM,Cambodia,15396772.0,level
2013-12-31,world,KHM,Cambodia,15170208.0,level
2012-12-31,world,KHM,Cambodia,14945085.0,level
2011-12-31,world,KHM,Cambodia,14722584.0,level
2010-12-31,world,KHM,Cambodia,14500726.0,level
2009-12-31,world,KHM,Cambodia,14276810.0,level
2008-12-31,world,KHM,Cambodia,14053479.0,level
2007-12-31,world,KHM,Cambodia,13841770.0,level
2006-12-31,world,KHM,Cambodia,13639028.0,level
2005-12-31,world,KHM,Cambodia,13439202.0,level
2004-12-31,world,KHM,Cambodia,13244731.0,level
2003-12-31,world,KHM,Cambodia,13050968.0,level
2002-12-31,world,KHM,Cambodia,12855241.0,level
2001-12-31,world,KHM,Cambodia,12658484.0,level
2000-12-31,world,KHM,Cambodia,12462336.0,level
1999-12-31,world,KHM,Cambodia,12265731.0,level
1998-12-31,world,KHM,Cambodia,12058173.0,level
1997-12-31,world,KHM,Cambodia,11570982.0,level
1996-12-31,world,KHM,Cambodia,10801270.0,level
1995-12-31,world,KHM,Cambodia,10018497.0,level
1994-12-31,world,KHM,Cambodia,9239162.0,level
1993-12-31,world,KHM,Cambodia,8616381.0,level
1992-12-31,world,KHM,Cambodia,8113083.0,level
1991-12-31,world,KHM,Cambodia,7686850.0,level
1990-12-31,world,KHM,Cambodia,7374752.0,level
1989-12-31,world,KHM,Cambodia,7073473.0,level
1988-12-31,world,KHM,Cambodia,6812014.0,level
1987-12-31,world,KHM,Cambodia,6557970.0,level
1986-12-31,world,KHM,Cambodia,6285693.0,level
1985-12-31,world,KHM,Cambodia,6043783.0,level
1984-12-31,world,KHM,Cambodia,5845117.0,level
1983-12-31,world,KHM,Cambodia,5636203.0,level
1982-12-31,world,KHM,Cambodia,5436432.0,level
1981-12-31,world,KHM,Cambodia,5284495.0,level
1980-12-31,world,KHM,Cambodia,5199872.0,level
1979-12-31,world,KHM,Cambodia,5088808.0,level
1978-12-31,world,KHM,Cambodia,5211653.0,level
1977-12-31,world,KHM,Cambodia,5668551.0,level
1976-12-31,world,KHM,Cambodia,6134991.0,level
1975-12-31,world,KHM,Cambodia,6581371.0,level
1974-12-31,world,KHM,Cambodia,6783240.0,level
1973-12-31,world,KHM,Cambodia,6739726.0,level
1972-12-31,world,KHM,Cambodia,6673886.0,level
1971-12-31,world,KHM,Cambodia,6620880.0,level
1970-12-31,world,KHM,Cambodia,6639182.0,level
1969-12-31,world,KHM,Cambodia,6604725.0,level
1968-12-31,world,KHM,Cambodia,6467324.0,level
1967-12-31,world,KHM,Cambodia,6332944.0,level
1966-12-31,world,KHM,Cambodia,6201232.0,level
1965-12-31,world,KHM,Cambodia,6072289.0,level
1964-12-31,world,KHM,Cambodia,5946178.0,level
1963-12-31,world,KHM,Cambodia,5823010.0,level
1962-12-31,world,KHM,Cambodia,5697558.0,level
1961-12-31,world,KHM,Cambodia,5571168.0,level
1960-12-31,world,KHM,Cambodia,5449966.0,level
2025-12-31,world,CMR,Cameroon,29879337.0,level
2024-12-31,world,CMR,Cameroon,29123744.0,level
2023-12-31,world,CMR,Cameroon,28372687.0,level
2022-12-31,world,CMR,Cameroon,27632771.0,level
2021-12-31,world,CMR,Cameroon,26915758.0,level
2020-12-31,world,CMR,Cameroon,26210558.0,level
2019-12-31,world,CMR,Cameroon,25506095.0,level
2018-12-31,world,CMR,Cameroon,24806383.0,level
2017-12-31,world,CMR,Cameroon,24128601.0,level
2016-12-31,world,CMR,Cameroon,23454161.0,level
2015-12-31,world,CMR,Cameroon,22763414.0,level
2014-12-31,world,CMR,Cameroon,22059893.0,level
2013-12-31,world,CMR,Cameroon,21402376.0,level
2012-12-31,world,CMR,Cameroon,20809529.0,level
2011-12-31,world,CMR,Cameroon,20232304.0,level
2010-12-31,world,CMR,Cameroon,19668066.0,level
2009-12-31,world,CMR,Cameroon,19113974.0,level
2008-12-31,world,CMR,Cameroon,18574056.0,level
2007-12-31,world,CMR,Cameroon,18049896.0,level
2006-12-31,world,CMR,Cameroon,17550407.0,level
2005-12-31,world,CMR,Cameroon,17074594.0,level
2004-12-31,world,CMR,Cameroon,16610487.0,level
2003-12-31,world,CMR,Cameroon,16160340.0,level
2002-12-31,world,CMR,Cameroon,15725528.0,level
2001-12-31,world,CMR,Cameroon,15309490.0,level
2000-12-31,world,CMR,Cameroon,14912631.0,level
1999-12-31,world,CMR,Cameroon,14525140.0,level
1998-12-31,world,CMR,Cameroon,14144860.0,level
1997-12-31,world,CMR,Cameroon,13775214.0,level
1996-12-31,world,CMR,Cameroon,13414757.0,level
1995-12-31,world,CMR,Cameroon,13058516.0,level
1994-12-31,world,CMR,Cameroon,12704903.0,level
1993-12-31,world,CMR,Cameroon,12353131.0,level
1992-12-31,world,CMR,Cameroon,12006353.0,level
1991-12-31,world,CMR,Cameroon,11667180.0,level
1990-12-31,world,CMR,Cameroon,11331821.0,level
1989-12-31,world,CMR,Cameroon,11002745.0,level
1988-12-31,world,CMR,Cameroon,10684968.0,level
1987-12-31,world,CMR,Cameroon,10370749.0,level
1986-12-31,world,CMR,Cameroon,10060342.0,level
1985-12-31,world,CMR,Cameroon,9761730.0,level
1984-12-31,world,CMR,Cameroon,9475078.0,level
1983-12-31,world,CMR,Cameroon,9215397.0,level
1982-12-31,world,CMR,Cameroon,9028678.0,level
1981-12-31,world,CMR,Cameroon,8816377.0,level
1980-12-31,world,CMR,Cameroon,8512219.0,level
1979-12-31,world,CMR,Cameroon,8239641.0,level
1978-12-31,world,CMR,Cameroon,8011921.0,level
1977-12-31,world,CMR,Cameroon,7796501.0,level
1976-12-31,world,CMR,Cameroon,7597962.0,level
1975-12-31,world,CMR,Cameroon,7397120.0,level
1974-12-31,world,CMR,Cameroon,7193583.0,level
1973-12-31,world,CMR,Cameroon,6996660.0,level
1972-12-31,world,CMR,Cameroon,6806872.0,level
1971-12-31,world,CMR,Cameroon,6624408.0,level
1970-12-31,world,CMR,Cameroon,6449793.0,level
1969-12-31,world,CMR,Cameroon,6283462.0,level
1968-12-31,world,CMR,Cameroon,6125863.0,level
1967-12-31,world,CMR,Cameroon,5977318.0,level
1966-12-31,world,CMR,Cameroon,5837295.0,level
1965-12-31,world,CMR,Cameroon,5704686.0,level
1964-12-31,world,CMR,Cameroon,5578257.0,level
1963-12-31,world,CMR,Cameroon,5456623.0,level
1962-12-31,world,CMR,Cameroon,5338620.0,level
1961-12-31,world,CMR,Cameroon,5239273.0,level
1960-12-31,world,CMR,Cameroon,5159057.0,level
2025-12-31,world,CAN,Canada,41651653.0,level
2024-12-31,world,CAN,Canada,41262329.0,level
2023-12-31,world,CAN,Canada,40049088.0,level
2022-12-31,world,CAN,Canada,38950132.0,level
2021-12-31,world,CAN,Canada,38239864.0,level
2020-12-31,world,CAN,Canada,38028638.0,level
2019-12-31,world,CAN,Canada,37618495.0,level
2018-12-31,world,CAN,Canada,37072620.0,level
2017-12-31,world,CAN,Canada,36545075.0,level
2016-12-31,world,CAN,Canada,36110803.0,level
2015-12-31,world,CAN,Canada,35704498.0,level
2014-12-31,world,CAN,Canada,35434066.0,level
2013-12-31,world,CAN,Canada,35080992.0,level
2012-12-31,world,CAN,Canada,34713395.0,level
2011-12-31,world,CAN,Canada,34339221.0,level
2010-12-31,world,CAN,Canada,34005902.0,level
2009-12-31,world,CAN,Canada,33630069.0,level
2008-12-31,world,CAN,Canada,33247298.0,level
2007-12-31,world,CAN,Canada,32888886.0,level
2006-12-31,world,CAN,Canada,32571193.0,level
2005-12-31,world,CAN,Canada,32242732.0,level
2004-12-31,world,CAN,Canada,31938807.0,level
2003-12-31,world,CAN,Canada,31642461.0,level
2002-12-31,world,CAN,Canada,31359199.0,level
2001-12-31,world,CAN,Canada,31020855.0,level
2000-12-31,world,CAN,Canada,30685730.0,level
1999-12-31,world,CAN,Canada,30401286.0,level
1998-12-31,world,CAN,Canada,30155173.0,level
1997-12-31,world,CAN,Canada,29905948.0,level
1996-12-31,world,CAN,Canada,29610218.0,level
1995-12-31,world,CAN,Canada,29302311.0,level
1994-12-31,world,CAN,Canada,29000663.0,level
1993-12-31,world,CAN,Canada,28684764.0,level
1992-12-31,world,CAN,Canada,28371264.0,level
1991-12-31,world,CAN,Canada,28037420.0,level
1990-12-31,world,CAN,Canada,27691138.0,level
1989-12-31,world,CAN,Canada,27276781.0,level
1988-12-31,world,CAN,Canada,26791747.0,level
1987-12-31,world,CAN,Canada,26446601.0,level
1986-12-31,world,CAN,Canada,26100278.0,level
1985-12-31,world,CAN,Canada,25842116.0,level
1984-12-31,world,CAN,Canada,25607053.0,level
1983-12-31,world,CAN,Canada,25366451.0,level
1982-12-31,world,CAN,Canada,25116942.0,level
1981-12-31,world,CAN,Canada,24819915.0,level
1980-12-31,world,CAN,Canada,24515667.0,level
1979-12-31,world,CAN,Canada,24201544.0,level
1978-12-31,world,CAN,Canada,23963203.0,level
1977-12-31,world,CAN,Canada,23725843.0,level
1976-12-31,world,CAN,Canada,23449808.0,level
1975-12-31,world,CAN,Canada,23143275.0,level
1974-12-31,world,CAN,Canada,22807969.0,level
1973-12-31,world,CAN,Canada,22491777.0,level
1972-12-31,world,CAN,Canada,22218463.0,level
1971-12-31,world,CAN,Canada,21962032.0,level
1970-12-31,world,CAN,Canada,21324000.0,level
1969-12-31,world,CAN,Canada,21028000.0,level
1968-12-31,world,CAN,Canada,20744000.0,level
1967-12-31,world,CAN,Canada,20412000.0,level
1966-12-31,world,CAN,Canada,20048000.0,level
1965-12-31,world,CAN,Canada,19678000.0,level
1964-12-31,world,CAN,Canada,19325000.0,level
1963-12-31,world,CAN,Canada,18964000.0,level
1962-12-31,world,CAN,Canada,18614000.0,level
1961-12-31,world,CAN,Canada,18271000.0,level
1960-12-31,world,CAN,Canada,17909356.0,level
2025-12-31,world,CYM,Cayman Islands,75844.0,level
2024-12-31,world,CYM,Cayman Islands,74457.0,level
2023-12-31,world,CYM,Cayman Islands,73038.0,level
2022-12-31,world,CYM,Cayman Islands,71591.0,level
2021-12-31,world,CYM,Cayman Islands,70108.0,level
2020-12-31,world,CYM,Cayman Islands,68684.0,level
2019-12-31,world,CYM,Cayman Islands,67327.0,level
2018-12-31,world,CYM,Cayman Islands,65941.0,level
2017-12-31,world,CYM,Cayman Islands,64535.0,level
2016-12-31,world,CYM,Cayman Islands,63100.0,level
2015-12-31,world,CYM,Cayman Islands,61642.0,level
2014-12-31,world,CYM,Cayman Islands,60160.0,level
2013-12-31,world,CYM,Cayman Islands,58655.0,level
2012-12-31,world,CYM,Cayman Islands,57136.0,level
2011-12-31,world,CYM,Cayman Islands,55606.0,level
2010-12-31,world,CYM,Cayman Islands,54099.0,level
2009-12-31,world,CYM,Cayman Islands,52618.0,level
2008-12-31,world,CYM,Cayman Islands,51151.0,level
2007-12-31,world,CYM,Cayman Islands,49687.0,level
2006-12-31,world,CYM,Cayman Islands,48232.0,level
2005-12-31,world,CYM,Cayman Islands,46788.0,level
2004-12-31,world,CYM,Cayman Islands,45352.0,level
2003-12-31,world,CYM,Cayman Islands,43934.0,level
2002-12-31,world,CYM,Cayman Islands,42514.0,level
2001-12-31,world,CYM,Cayman Islands,41089.0,level
2000-12-31,world,CYM,Cayman Islands,39674.0,level
1999-12-31,world,CYM,Cayman Islands,38284.0,level
1998-12-31,world,CYM,Cayman Islands,36922.0,level
1997-12-31,world,CYM,Cayman Islands,35543.0,level
1996-12-31,world,CYM,Cayman Islands,34143.0,level
1995-12-31,world,CYM,Cayman Islands,32743.0,level
1994-12-31,world,CYM,Cayman Islands,31352.0,level
1993-12-31,world,CYM,Cayman Islands,29976.0,level
1992-12-31,world,CYM,Cayman Islands,28621.0,level
1991-12-31,world,CYM,Cayman Islands,27294.0,level
1990-12-31,world,CYM,Cayman Islands,25999.0,level
1989-12-31,world,CYM,Cayman Islands,24874.0,level
1988-12-31,world,CYM,Cayman Islands,23951.0,level
1987-12-31,world,CYM,Cayman Islands,23073.0,level
1986-12-31,world,CYM,Cayman Islands,22197.0,level
1985-12-31,world,CYM,Cayman Islands,21324.0,level
1984-12-31,world,CYM,Cayman Islands,20454.0,level
1983-12-31,world,CYM,Cayman Islands,19598.0,level
1982-12-31,world,CYM,Cayman Islands,18750.0,level
1981-12-31,world,CYM,Cayman Islands,17905.0,level
1980-12-31,world,CYM,Cayman Islands,17079.0,level
1979-12-31,world,CYM,Cayman Islands,16351.0,level
1978-12-31,world,CYM,Cayman Islands,15727.0,level
1977-12-31,world,CYM,Cayman Islands,15105.0,level
1976-12-31,world,CYM,Cayman Islands,14454.0,level
1975-12-31,world,CYM,Cayman Islands,13788.0,level
1974-12-31,world,CYM,Cayman Islands,13114.0,level
1973-12-31,world,CYM,Cayman Islands,12438.0,level
1972-12-31,world,CYM,Cayman Islands,11764.0,level
1971-12-31,world,CYM,Cayman Islands,11098.0,level
1970-12-31,world,CYM,Cayman Islands,10517.0,level
1969-12-31,world,CYM,Cayman Islands,10165.0,level
1968-12-31,world,CYM,Cayman Islands,9971.0,level
1967-12-31,world,CYM,Cayman Islands,9769.0,level
1966-12-31,world,CYM,Cayman Islands,9560.0,level
1965-12-31,world,CYM,Cayman Islands,9361.0,level
1964-12-31,world,CYM,Cayman Islands,9166.0,level
1963-12-31,world,CYM,Cayman Islands,8970.0,level
1962-12-31,world,CYM,Cayman Islands,8781.0,level
1961-12-31,world,CYM,Cayman Islands,8601.0,level
1960-12-31,world,CYM,Cayman Islands,8428.0,level
2025-12-31,world,CAF,Central African Republic,5513282.0,level
2024-12-31,world,CAF,Central African Republic,5330690.0,level
2023-12-31,world,CAF,Central African Republic,5152421.0,level
2022-12-31,world,CAF,Central African Republic,5098039.0,level
2021-12-31,world,CAF,Central African Republic,5112100.0,level
2020-12-31,world,CAF,Central African Republic,5026628.0,level
2019-12-31,world,CAF,Central African Republic,4944703.0,level
2018-12-31,world,CAF,Central African Republic,4878657.0,level
2017-12-31,world,CAF,Central African Republic,4793511.0,level
2016-12-31,world,CAF,Central African Republic,4713663.0,level
2015-12-31,world,CAF,Central African Republic,4629320.0,level
2014-12-31,world,CAF,Central African Republic,4623182.0,level
2013-12-31,world,CAF,Central African Republic,4642419.0,level
2012-12-31,world,CAF,Central African Republic,4610848.0,level
2011-12-31,world,CAF,Central African Republic,4565021.0,level
2010-12-31,world,CAF,Central African Republic,4492995.0,level
2009-12-31,world,CAF,Central African Republic,4529047.0,level
2008-12-31,world,CAF,Central African Republic,4558984.0,level
2007-12-31,world,CAF,Central African Republic,4462770.0,level
2006-12-31,world,CAF,Central African Republic,4377579.0,level
2005-12-31,world,CAF,Central African Republic,4288810.0,level
2004-12-31,world,CAF,Central African Republic,4192826.0,level
2003-12-31,world,CAF,Central African Republic,4103086.0,level
2002-12-31,world,CAF,Central African Republic,4006077.0,level
2001-12-31,world,CAF,Central African Republic,3919487.0,level
2000-12-31,world,CAF,Central African Republic,3833416.0,level
1999-12-31,world,CAF,Central African Republic,3729450.0,level
1998-12-31,world,CAF,Central African Republic,3628827.0,level
1997-12-31,world,CAF,Central African Republic,3531700.0,level
1996-12-31,world,CAF,Central African Republic,3435965.0,level
1995-12-31,world,CAF,Central African Republic,3348052.0,level
1994-12-31,world,CAF,Central African Republic,3257954.0,level
1993-12-31,world,CAF,Central African Republic,3157839.0,level
1992-12-31,world,CAF,Central African Republic,3058831.0,level
1991-12-31,world,CAF,Central African Republic,2963191.0,level
1990-12-31,world,CAF,Central African Republic,2871910.0,level
1989-12-31,world,CAF,Central African Republic,2783970.0,level
1988-12-31,world,CAF,Central African Republic,2713965.0,level
1987-12-31,world,CAF,Central African Republic,2669155.0,level
1986-12-31,world,CAF,Central African Republic,2634258.0,level
1985-12-31,world,CAF,Central African Republic,2600932.0,level
1984-12-31,world,CAF,Central African Republic,2568610.0,level
1983-12-31,world,CAF,Central African Republic,2537399.0,level
1982-12-31,world,CAF,Central African Republic,2507375.0,level
1981-12-31,world,CAF,Central African Republic,2478402.0,level
1980-12-31,world,CAF,Central African Republic,2450535.0,level
1979-12-31,world,CAF,Central African Republic,2423794.0,level
1978-12-31,world,CAF,Central African Republic,2397961.0,level
1977-12-31,world,CAF,Central African Republic,2372930.0,level
1976-12-31,world,CAF,Central African Republic,2348566.0,level
1975-12-31,world,CAF,Central African Republic,2313916.0,level
1974-12-31,world,CAF,Central African Republic,2269338.0,level
1973-12-31,world,CAF,Central African Republic,2226008.0,level
1972-12-31,world,CAF,Central African Republic,2183769.0,level
1971-12-31,world,CAF,Central African Republic,2141450.0,level
1970-12-31,world,CAF,Central African Republic,2097505.0,level
1969-12-31,world,CAF,Central African Republic,2051515.0,level
1968-12-31,world,CAF,Central African Republic,2005100.0,level
1967-12-31,world,CAF,Central African Republic,1960444.0,level
1966-12-31,world,CAF,Central African Republic,1918082.0,level
1965-12-31,world,CAF,Central African Republic,1877854.0,level
1964-12-31,world,CAF,Central African Republic,1839583.0,level
1963-12-31,world,CAF,Central African Republic,1803063.0,level
1962-12-31,world,CAF,Central African Republic,1768115.0,level
1961-12-31,world,CAF,Central African Republic,1734580.0,level
1960-12-31,world,CAF,Central African Republic,1702346.0,level
2025-12-31,world,TCD,Chad,21003705.0,level
2024-12-31,world,TCD,Chad,20299123.0,level
2023-12-31,world,TCD,Chad,19319064.0,level
2022-12-31,world,TCD,Chad,18455316.0,level
2021-12-31,world,TCD,Chad,17828273.0,level
2020-12-31,world,TCD,Chad,17224679.0,level
2019-12-31,world,TCD,Chad,16685223.0,level
2018-12-31,world,TCD,Chad,16156531.0,level
2017-12-31,world,TCD,Chad,15622759.0,level
2016-12-31,world,TCD,Chad,15114655.0,level
2015-12-31,world,TCD,Chad,14647621.0,level
2014-12-31,world,TCD,Chad,14188678.0,level
2013-12-31,world,TCD,Chad,13691079.0,level
2012-12-31,world,TCD,Chad,13210998.0,level
2011-12-31,world,TCD,Chad,12754997.0,level
2010-12-31,world,TCD,Chad,12312575.0,level
2009-12-31,world,TCD,Chad,11893754.0,level
2008-12-31,world,TCD,Chad,11476296.0,level
2007-12-31,world,TCD,Chad,11081660.0,level
2006-12-31,world,TCD,Chad,10706424.0,level
2005-12-31,world,TCD,Chad,10328092.0,level
2004-12-31,world,TCD,Chad,9920036.0,level
2003-12-31,world,TCD,Chad,9487833.0,level
2002-12-31,world,TCD,Chad,9116192.0,level
2001-12-31,world,TCD,Chad,8804124.0,level
2000-12-31,world,TCD,Chad,8512093.0,level
1999-12-31,world,TCD,Chad,8222705.0,level
1998-12-31,world,TCD,Chad,7938840.0,level
1997-12-31,world,TCD,Chad,7670366.0,level
1996-12-31,world,TCD,Chad,7410108.0,level
1995-12-31,world,TCD,Chad,7089064.0,level
1994-12-31,world,TCD,Chad,6783450.0,level
1993-12-31,world,TCD,Chad,6629146.0,level
1992-12-31,world,TCD,Chad,6474656.0,level
1991-12-31,world,TCD,Chad,6205676.0,level
1990-12-31,world,TCD,Chad,5982833.0,level
1989-12-31,world,TCD,Chad,5819586.0,level
1988-12-31,world,TCD,Chad,5625602.0,level
1987-12-31,world,TCD,Chad,5438309.0,level
1986-12-31,world,TCD,Chad,5251069.0,level
1985-12-31,world,TCD,Chad,5096269.0,level
1984-12-31,world,TCD,Chad,5045145.0,level
1983-12-31,world,TCD,Chad,4979130.0,level
1982-12-31,world,TCD,Chad,4738483.0,level
1981-12-31,world,TCD,Chad,4520959.0,level
1980-12-31,world,TCD,Chad,4515453.0,level
1979-12-31,world,TCD,Chad,4505384.0,level
1978-12-31,world,TCD,Chad,4411366.0,level
1977-12-31,world,TCD,Chad,4331667.0,level
1976-12-31,world,TCD,Chad,4251297.0,level
1975-12-31,world,TCD,Chad,4167234.0,level
1974-12-31,world,TCD,Chad,4078356.0,level
1973-12-31,world,TCD,Chad,3985909.0,level
1972-12-31,world,TCD,Chad,3893252.0,level
1971-12-31,world,TCD,Chad,3807316.0,level
1970-12-31,world,TCD,Chad,3727828.0,level
1969-12-31,world,TCD,Chad,3651113.0,level
1968-12-31,world,TCD,Chad,3578231.0,level
1967-12-31,world,TCD,Chad,3508512.0,level
1966-12-31,world,TCD,Chad,3440903.0,level
1965-12-31,world,TCD,Chad,3374220.0,level
1964-12-31,world,TCD,Chad,3307479.0,level
1963-12-31,world,TCD,Chad,3240905.0,level
1962-12-31,world,TCD,Chad,3175598.0,level
1961-12-31,world,TCD,Chad,3111947.0,level
1960-12-31,world,TCD,Chad,3049838.0,level
2025-12-31,world,CHI,Channel Islands,168466.0,level
2024-12-31,world,CHI,Channel Islands,168126.0,level
2023-12-31,world,CHI,Channel Islands,167691.0,level
2022-12-31,world,CHI,Channel Islands,167215.0,level
2021-12-31,world,CHI,Channel Islands,166741.0,level
2020-12-31,world,CHI,Channel Islands,166235.0,level
2019-12-31,world,CHI,Channel Islands,165639.0,level
2018-12-31,world,CHI,Channel Islands,164949.0,level
2017-12-31,world,CHI,Channel Islands,164319.0,level
2016-12-31,world,CHI,Channel Islands,163883.0,level
2015-12-31,world,CHI,Channel Islands,163454.0,level
2014-12-31,world,CHI,Channel Islands,162726.0,level
2013-12-31,world,CHI,Channel Islands,161777.0,level
2012-12-31,world,CHI,Channel Islands,160767.0,level
2011-12-31,world,CHI,Channel Islands,159706.0,level
2010-12-31,world,CHI,Channel Islands,158621.0,level
2009-12-31,world,CHI,Channel Islands,157511.0,level
2008-12-31,world,CHI,Channel Islands,156408.0,level
2007-12-31,world,CHI,Channel Islands,155309.0,level
2006-12-31,world,CHI,Channel Islands,154214.0,level
2005-12-31,world,CHI,Channel Islands,153126.0,level
2004-12-31,world,CHI,Channel Islands,152039.0,level
2003-12-31,world,CHI,Channel Islands,150960.0,level
2002-12-31,world,CHI,Channel Islands,149881.0,level
2001-12-31,world,CHI,Channel Islands,148850.0,level
2000-12-31,world,CHI,Channel Islands,148110.0,level
1999-12-31,world,CHI,Channel Islands,147554.0,level
1998-12-31,world,CHI,Channel Islands,146906.0,level
1997-12-31,world,CHI,Channel Islands,146214.0,level
1996-12-31,world,CHI,Channel Islands,145565.0,level
1995-12-31,world,CHI,Channel Islands,145247.0,level
1994-12-31,world,CHI,Channel Islands,145163.0,level
1993-12-31,world,CHI,Channel Islands,144984.0,level
1992-12-31,world,CHI,Channel Islands,144733.0,level
1991-12-31,world,CHI,Channel Islands,144269.0,level
1990-12-31,world,CHI,Channel Islands,143087.0,level
1989-12-31,world,CHI,Channel Islands,141501.0,level
1988-12-31,world,CHI,Channel Islands,140089.0,level
1987-12-31,world,CHI,Channel Islands,138743.0,level
1986-12-31,world,CHI,Channel Islands,137413.0,level
1985-12-31,world,CHI,Channel Islands,136075.0,level
1984-12-31,world,CHI,Channel Islands,134727.0,level
1983-12-31,world,CHI,Channel Islands,133413.0,level
1982-12-31,world,CHI,Channel Islands,132172.0,level
1981-12-31,world,CHI,Channel Islands,131078.0,level
1980-12-31,world,CHI,Channel Islands,130462.0,level
1979-12-31,world,CHI,Channel Islands,130220.0,level
1978-12-31,world,CHI,Channel Islands,129981.0,level
1977-12-31,world,CHI,Channel Islands,129726.0,level
1976-12-31,world,CHI,Channel Islands,129391.0,level
1975-12-31,world,CHI,Channel Islands,128781.0,level
1974-12-31,world,CHI,Channel Islands,127893.0,level
1973-12-31,world,CHI,Channel Islands,126873.0,level
1972-12-31,world,CHI,Channel Islands,125764.0,level
1971-12-31,world,CHI,Channel Islands,124555.0,level
1970-12-31,world,CHI,Channel Islands,123288.0,level
1969-12-31,world,CHI,Channel Islands,122039.0,level
1968-12-31,world,CHI,Channel Islands,120793.0,level
1967-12-31,world,CHI,Channel Islands,119505.0,level
1966-12-31,world,CHI,Channel Islands,118186.0,level
1965-12-31,world,CHI,Channel Islands,116879.0,level
1964-12-31,world,CHI,Channel Islands,115561.0,level
1963-12-31,world,CHI,Channel Islands,114234.0,level
1962-12-31,world,CHI,Channel Islands,112953.0,level
1961-12-31,world,CHI,Channel Islands,111782.0,level
1960-12-31,world,CHI,Channel Islands,110808.0,level
2025-12-31,world,CHL,Chile,19859921.0,level
2024-12-31,world,CHL,Chile,19764771.0,level
2023-12-31,world,CHL,Chile,19658835.0,level
2022-12-31,world,CHL,Chile,19553036.0,level
2021-12-31,world,CHL,Chile,19456334.0,level
2020-12-31,world,CHL,Chile,19370624.0,level
2019-12-31,world,CHL,Chile,19197744.0,level
2018-12-31,world,CHL,Chile,18893191.0,level
2017-12-31,world,CHL,Chile,18558868.0,level
2016-12-31,world,CHL,Chile,18267221.0,level
2015-12-31,world,CHL,Chile,18047625.0,level
2014-12-31,world,CHL,Chile,17864195.0,level
2013-12-31,world,CHL,Chile,17687006.0,level
2012-12-31,world,CHL,Chile,17519119.0,level
2011-12-31,world,CHL,Chile,17351816.0,level
2010-12-31,world,CHL,Chile,17181464.0,level
2009-12-31,world,CHL,Chile,17009731.0,level
2008-12-31,world,CHL,Chile,16838988.0,level
2007-12-31,world,CHL,Chile,16671581.0,level
2006-12-31,world,CHL,Chile,16509195.0,level
2005-12-31,world,CHL,Chile,16348778.0,level
2004-12-31,world,CHL,Chile,16187322.0,level
2003-12-31,world,CHL,Chile,16024752.0,level
2002-12-31,world,CHL,Chile,15857925.0,level
2001-12-31,world,CHL,Chile,15683849.0,level
2000-12-31,world,CHL,Chile,15503635.0,level
1999-12-31,world,CHL,Chile,15319313.0,level
1998-12-31,world,CHL,Chile,15127799.0,level
1997-12-31,world,CHL,Chile,14932434.0,level
1996-12-31,world,CHL,Chile,14734046.0,level
1995-12-31,world,CHL,Chile,14527381.0,level
1994-12-31,world,CHL,Chile,14316256.0,level
1993-12-31,world,CHL,Chile,14102276.0,level
1992-12-31,world,CHL,Chile,13884577.0,level
1991-12-31,world,CHL,Chile,13662491.0,level
1990-12-31,world,CHL,Chile,13437176.0,level
1989-12-31,world,CHL,Chile,13215005.0,level
1988-12-31,world,CHL,Chile,12999424.0,level
1987-12-31,world,CHL,Chile,12790150.0,level
1986-12-31,world,CHL,Chile,12588914.0,level
1985-12-31,world,CHL,Chile,12395274.0,level
1984-12-31,world,CHL,Chile,12207733.0,level
1983-12-31,world,CHL,Chile,12026138.0,level
1982-12-31,world,CHL,Chile,11850214.0,level
1981-12-31,world,CHL,Chile,11678717.0,level
1980-12-31,world,CHL,Chile,11508550.0,level
1979-12-31,world,CHL,Chile,11339779.0,level
1978-12-31,world,CHL,Chile,11172695.0,level
1977-12-31,world,CHL,Chile,11005519.0,level
1976-12-31,world,CHL,Chile,10838251.0,level
1975-12-31,world,CHL,Chile,10671559.0,level
1974-12-31,world,CHL,Chile,10505817.0,level
1973-12-31,world,CHL,Chile,10340362.0,level
1972-12-31,world,CHL,Chile,10174678.0,level
1971-12-31,world,CHL,Chile,10009701.0,level
1970-12-31,world,CHL,Chile,9845344.0,level
1969-12-31,world,CHL,Chile,9680282.0,level
1968-12-31,world,CHL,Chile,9514716.0,level
1967-12-31,world,CHL,Chile,9348939.0,level
1966-12-31,world,CHL,Chile,9181722.0,level
1965-12-31,world,CHL,Chile,9012938.0,level
1964-12-31,world,CHL,Chile,8842525.0,level
1963-12-31,world,CHL,Chile,8670144.0,level
1962-12-31,world,CHL,Chile,8497059.0,level
1961-12-31,world,CHL,Chile,8324802.0,level
1960-12-31,world,CHL,Chile,8153350.0,level
2025-12-31,world,CHN,China,1406585000.0,level
2024-12-31,world,CHN,China,1408975000.0,level
2023-12-31,world,CHN,China,1410710000.0,level
2022-12-31,world,CHN,China,1412175000.0,level
2021-12-31,world,CHN,China,1412360000.0,level
2020-12-31,world,CHN,China,1411100000.0,level
2019-12-31,world,CHN,China,1407745000.0,level
2018-12-31,world,CHN,China,1402760000.0,level
2017-12-31,world,CHN,China,1396215000.0,level
2016-12-31,world,CHN,China,1387790000.0,level
2015-12-31,world,CHN,China,1379860000.0,level
2014-12-31,world,CHN,China,1371860000.0,level
2013-12-31,world,CHN,China,1363240000.0,level
2012-12-31,world,CHN,China,1354190000.0,level
2011-12-31,world,CHN,China,1345035000.0,level
2010-12-31,world,CHN,China,1337705000.0,level
2009-12-31,world,CHN,China,1331260000.0,level
2008-12-31,world,CHN,China,1324655000.0,level
2007-12-31,world,CHN,China,1317885000.0,level
2006-12-31,world,CHN,China,1311020000.0,level
2005-12-31,world,CHN,China,1303720000.0,level
2004-12-31,world,CHN,China,1296075000.0,level
2003-12-31,world,CHN,China,1288400000.0,level
2002-12-31,world,CHN,China,1280400000.0,level
2001-12-31,world,CHN,China,1271850000.0,level
2000-12-31,world,CHN,China,1262645000.0,level
1999-12-31,world,CHN,China,1252735000.0,level
1998-12-31,world,CHN,China,1241935000.0,level
1997-12-31,world,CHN,China,1230075000.0,level
1996-12-31,world,CHN,China,1217550000.0,level
1995-12-31,world,CHN,China,1204855000.0,level
1994-12-31,world,CHN,China,1191835000.0,level
1993-12-31,world,CHN,China,1178440000.0,level
1992-12-31,world,CHN,China,1164970000.0,level
1991-12-31,world,CHN,China,1150780000.0,level
1990-12-31,world,CHN,China,1135185000.0,level
1989-12-31,world,CHN,China,1118650000.0,level
1988-12-31,world,CHN,China,1101630000.0,level
1987-12-31,world,CHN,China,1084035000.0,level
1986-12-31,world,CHN,China,1066790000.0,level
1985-12-31,world,CHN,China,1051040000.0,level
1984-12-31,world,CHN,China,1036825000.0,level
1983-12-31,world,CHN,China,1023310000.0,level
1982-12-31,world,CHN,China,1008630000.0,level
1981-12-31,world,CHN,China,993885000.0,level
1980-12-31,world,CHN,China,981235000.0,level
1979-12-31,world,CHN,China,969005000.0,level
1978-12-31,world,CHN,China,956165000.0,level
1977-12-31,world,CHN,China,943455000.0,level
1976-12-31,world,CHN,China,930685000.0,level
1975-12-31,world,CHN,China,916395000.0,level
1974-12-31,world,CHN,China,900350000.0,level
1973-12-31,world,CHN,China,881940000.0,level
1972-12-31,world,CHN,China,862030000.0,level
1971-12-31,world,CHN,China,841105000.0,level
1970-12-31,world,CHN,China,818315000.0,level
1969-12-31,world,CHN,China,796025000.0,level
1968-12-31,world,CHN,China,774510000.0,level
1967-12-31,world,CHN,China,754550000.0,level
1966-12-31,world,CHN,China,735400000.0,level
1965-12-31,world,CHN,China,715185000.0,level
1964-12-31,world,CHN,China,698355000.0,level
1963-12-31,world,CHN,China,682335000.0,level
1962-12-31,world,CHN,China,665770000.0,level
1961-12-31,world,CHN,China,660330000.0,level
1960-12-31,world,CHN,China,667070000.0,level
2025-12-31,world,COL,Colombia,53425635.0,level
2024-12-31,world,COL,Colombia,52886363.0,level
2023-12-31,world,COL,Colombia,52321152.0,level
2022-12-31,world,COL,Colombia,51737944.0,level
2021-12-31,world,COL,Colombia,51188173.0,level
2020-12-31,world,COL,Colombia,50629997.0,level
2019-12-31,world,COL,Colombia,49907985.0,level
2018-12-31,world,COL,Colombia,49024465.0,level
2017-12-31,world,COL,Colombia,48131078.0,level
2016-12-31,world,COL,Colombia,47437512.0,level
2015-12-31,world,COL,Colombia,46969940.0,level
2014-12-31,world,COL,Colombia,46565429.0,level
2013-12-31,world,COL,Colombia,46151584.0,level
2012-12-31,world,COL,Colombia,45715810.0,level
2011-12-31,world,COL,Colombia,45259614.0,level
2010-12-31,world,COL,Colombia,44777319.0,level
2009-12-31,world,COL,Colombia,44271541.0,level
2008-12-31,world,COL,Colombia,43758808.0,level
2007-12-31,world,COL,Colombia,43235374.0,level
2006-12-31,world,COL,Colombia,42691084.0,level
2005-12-31,world,COL,Colombia,42128977.0,level
2004-12-31,world,COL,Colombia,41543171.0,level
2003-12-31,world,COL,Colombia,40937429.0,level
2002-12-31,world,COL,Colombia,40324680.0,level
2001-12-31,world,COL,Colombia,39709262.0,level
2000-12-31,world,COL,Colombia,39089934.0,level
1999-12-31,world,COL,Colombia,38454863.0,level
1998-12-31,world,COL,Colombia,37792165.0,level
1997-12-31,world,COL,Colombia,37121149.0,level
1996-12-31,world,COL,Colombia,36462745.0,level
1995-12-31,world,COL,Colombia,35804662.0,level
1994-12-31,world,COL,Colombia,35127410.0,level
1993-12-31,world,COL,Colombia,34441473.0,level
1992-12-31,world,COL,Colombia,33760571.0,level
1991-12-31,world,COL,Colombia,33098372.0,level
1990-12-31,world,COL,Colombia,32440069.0,level
1989-12-31,world,COL,Colombia,31776279.0,level
1988-12-31,world,COL,Colombia,31130524.0,level
1987-12-31,world,COL,Colombia,30499467.0,level
1986-12-31,world,COL,Colombia,29879112.0,level
1985-12-31,world,COL,Colombia,29268470.0,level
1984-12-31,world,COL,Colombia,28642690.0,level
1983-12-31,world,COL,Colombia,27988173.0,level
1982-12-31,world,COL,Colombia,27338331.0,level
1981-12-31,world,COL,Colombia,26713267.0,level
1980-12-31,world,COL,Colombia,26104498.0,level
1979-12-31,world,COL,Colombia,25515626.0,level
1978-12-31,world,COL,Colombia,24950337.0,level
1977-12-31,world,COL,Colombia,24393494.0,level
1976-12-31,world,COL,Colombia,23858810.0,level
1975-12-31,world,COL,Colombia,23344644.0,level
1974-12-31,world,COL,Colombia,22833469.0,level
1973-12-31,world,COL,Colombia,22325374.0,level
1972-12-31,world,COL,Colombia,21819563.0,level
1971-12-31,world,COL,Colombia,21319096.0,level
1970-12-31,world,COL,Colombia,20811782.0,level
1969-12-31,world,COL,Colombia,20291942.0,level
1968-12-31,world,COL,Colombia,19766796.0,level
1967-12-31,world,COL,Colombia,19235618.0,level
1966-12-31,world,COL,Colombia,18702688.0,level
1965-12-31,world,COL,Colombia,18169050.0,level
1964-12-31,world,COL,Colombia,17637411.0,level
1963-12-31,world,COL,Colombia,17113823.0,level
1962-12-31,world,COL,Colombia,16599029.0,level
1961-12-31,world,COL,Colombia,16095203.0,level
1960-12-31,world,COL,Colombia,15606209.0,level
2025-12-31,world,COM,Comoros,882847.0,level
2024-12-31,world,COM,Comoros,866628.0,level
2023-12-31,world,COM,Comoros,850387.0,level
2022-12-31,world,COM,Comoros,834188.0,level
2021-12-31,world,COM,Comoros,818174.0,level
2020-12-31,world,COM,Comoros,802163.0,level
2019-12-31,world,COM,Comoros,786578.0,level
2018-12-31,world,COM,Comoros,771590.0,level
2017-12-31,world,COM,Comoros,756669.0,level
2016-12-31,world,COM,Comoros,741741.0,level
2015-12-31,world,COM,Comoros,726682.0,level
2014-12-31,world,COM,Comoros,711503.0,level
2013-12-31,world,COM,Comoros,696192.0,level
2012-12-31,world,COM,Comoros,681630.0,level
2011-12-31,world,COM,Comoros,668056.0,level
2010-12-31,world,COM,Comoros,654836.0,level
2009-12-31,world,COM,Comoros,641947.0,level
2008-12-31,world,COM,Comoros,629307.0,level
2007-12-31,world,COM,Comoros,616927.0,level
2006-12-31,world,COM,Comoros,604753.0,level
2005-12-31,world,COM,Comoros,592677.0,level
2004-12-31,world,COM,Comoros,580704.0,level
2003-12-31,world,COM,Comoros,569798.0,level
2002-12-31,world,COM,Comoros,558923.0,level
2001-12-31,world,COM,Comoros,547220.0,level
2000-12-31,world,COM,Comoros,536080.0,level
1999-12-31,world,COM,Comoros,525886.0,level
1998-12-31,world,COM,Comoros,516597.0,level
1997-12-31,world,COM,Comoros,507777.0,level
1996-12-31,world,COM,Comoros,499107.0,level
1995-12-31,world,COM,Comoros,490586.0,level
1994-12-31,world,COM,Comoros,482142.0,level
1993-12-31,world,COM,Comoros,473682.0,level
1992-12-31,world,COM,Comoros,465113.0,level
1991-12-31,world,COM,Comoros,455556.0,level
1990-12-31,world,COM,Comoros,444596.0,level
1989-12-31,world,COM,Comoros,433103.0,level
1988-12-31,world,COM,Comoros,421687.0,level
1987-12-31,world,COM,Comoros,410439.0,level
1986-12-31,world,COM,Comoros,399318.0,level
1985-12-31,world,COM,Comoros,388352.0,level
1984-12-31,world,COM,Comoros,377637.0,level
1983-12-31,world,COM,Comoros,367233.0,level
1982-12-31,world,COM,Comoros,357139.0,level
1981-12-31,world,COM,Comoros,347382.0,level
1980-12-31,world,COM,Comoros,337721.0,level
1979-12-31,world,COM,Comoros,327791.0,level
1978-12-31,world,COM,Comoros,317688.0,level
1977-12-31,world,COM,Comoros,307579.0,level
1976-12-31,world,COM,Comoros,297538.0,level
1975-12-31,world,COM,Comoros,287692.0,level
1974-12-31,world,COM,Comoros,278075.0,level
1973-12-31,world,COM,Comoros,268820.0,level
1972-12-31,world,COM,Comoros,260077.0,level
1971-12-31,world,COM,Comoros,251865.0,level
1970-12-31,world,COM,Comoros,244185.0,level
1969-12-31,world,COM,Comoros,237001.0,level
1968-12-31,world,COM,Comoros,230244.0,level
1967-12-31,world,COM,Comoros,223859.0,level
1966-12-31,world,COM,Comoros,218663.0,level
1965-12-31,world,COM,Comoros,214967.0,level
1964-12-31,world,COM,Comoros,211644.0,level
1963-12-31,world,COM,Comoros,208185.0,level
1962-12-31,world,COM,Comoros,204702.0,level
1961-12-31,world,COM,Comoros,201201.0,level
1960-12-31,world,COM,Comoros,197700.0,level
2025-12-31,world,COD,"Congo, Dem. Rep.",112832473.0,level
2024-12-31,world,COD,"Congo, Dem. Rep.",109276265.0,level
2023-12-31,world,COD,"Congo, Dem. Rep.",105789731.0,level
2022-12-31,world,COD,"Congo, Dem. Rep.",102396968.0,level
2021-12-31,world,COD,"Congo, Dem. Rep.",99148932.0,level
2020-12-31,world,COD,"Congo, Dem. Rep.",95989998.0,level
2019-12-31,world,COD,"Congo, Dem. Rep.",92947442.0,level
2018-12-31,world,COD,"Congo, Dem. Rep.",90047644.0,level
2017-12-31,world,COD,"Congo, Dem. Rep.",87083398.0,level
2016-12-31,world,COD,"Congo, Dem. Rep.",83956415.0,level
2015-12-31,world,COD,"Congo, Dem. Rep.",81035531.0,level
2014-12-31,world,COD,"Congo, Dem. Rep.",78403242.0,level
2013-12-31,world,COD,"Congo, Dem. Rep.",75789395.0,level
2012-12-31,world,COD,"Congo, Dem. Rep.",73254618.0,level
2011-12-31,world,COD,"Congo, Dem. Rep.",70849311.0,level
2010-12-31,world,COD,"Congo, Dem. Rep.",68563038.0,level
2009-12-31,world,COD,"Congo, Dem. Rep.",66412044.0,level
2008-12-31,world,COD,"Congo, Dem. Rep.",64390664.0,level
2007-12-31,world,COD,"Congo, Dem. Rep.",62477752.0,level
2006-12-31,world,COD,"Congo, Dem. Rep.",60615908.0,level
2005-12-31,world,COD,"Congo, Dem. Rep.",58775724.0,level
2004-12-31,world,COD,"Congo, Dem. Rep.",56997741.0,level
2003-12-31,world,COD,"Congo, Dem. Rep.",55343867.0,level
2002-12-31,world,COD,"Congo, Dem. Rep.",53750524.0,level
2001-12-31,world,COD,"Congo, Dem. Rep.",52132646.0,level
2000-12-31,world,COD,"Congo, Dem. Rep.",50507442.0,level
1999-12-31,world,COD,"Congo, Dem. Rep.",48912971.0,level
1998-12-31,world,COD,"Congo, Dem. Rep.",47297600.0,level
1997-12-31,world,COD,"Congo, Dem. Rep.",46029902.0,level
1996-12-31,world,COD,"Congo, Dem. Rep.",45296124.0,level
1995-12-31,world,COD,"Congo, Dem. Rep.",44433704.0,level
1994-12-31,world,COD,"Congo, Dem. Rep.",42626876.0,level
1993-12-31,world,COD,"Congo, Dem. Rep.",40656336.0,level
1992-12-31,world,COD,"Congo, Dem. Rep.",39228910.0,level
1991-12-31,world,COD,"Congo, Dem. Rep.",37925817.0,level
1990-12-31,world,COD,"Congo, Dem. Rep.",36684063.0,level
1989-12-31,world,COD,"Congo, Dem. Rep.",35486866.0,level
1988-12-31,world,COD,"Congo, Dem. Rep.",34382752.0,level
1987-12-31,world,COD,"Congo, Dem. Rep.",33298904.0,level
1986-12-31,world,COD,"Congo, Dem. Rep.",32265196.0,level
1985-12-31,world,COD,"Congo, Dem. Rep.",31264816.0,level
1984-12-31,world,COD,"Congo, Dem. Rep.",30245081.0,level
1983-12-31,world,COD,"Congo, Dem. Rep.",29250963.0,level
1982-12-31,world,COD,"Congo, Dem. Rep.",28338190.0,level
1981-12-31,world,COD,"Congo, Dem. Rep.",27500515.0,level
1980-12-31,world,COD,"Congo, Dem. Rep.",26711099.0,level
1979-12-31,world,COD,"Congo, Dem. Rep.",25886782.0,level
1978-12-31,world,COD,"Congo, Dem. Rep.",24992689.0,level
1977-12-31,world,COD,"Congo, Dem. Rep.",24229061.0,level
1976-12-31,world,COD,"Congo, Dem. Rep.",23624031.0,level
1975-12-31,world,COD,"Congo, Dem. Rep.",23021101.0,level
1974-12-31,world,COD,"Congo, Dem. Rep.",22418878.0,level
1973-12-31,world,COD,"Congo, Dem. Rep.",21827665.0,level
1972-12-31,world,COD,"Congo, Dem. Rep.",21251160.0,level
1971-12-31,world,COD,"Congo, Dem. Rep.",20695569.0,level
1970-12-31,world,COD,"Congo, Dem. Rep.",20137436.0,level
1969-12-31,world,COD,"Congo, Dem. Rep.",19570445.0,level
1968-12-31,world,COD,"Congo, Dem. Rep.",19012189.0,level
1967-12-31,world,COD,"Congo, Dem. Rep.",18462782.0,level
1966-12-31,world,COD,"Congo, Dem. Rep.",17931929.0,level
1965-12-31,world,COD,"Congo, Dem. Rep.",17427802.0,level
1964-12-31,world,COD,"Congo, Dem. Rep.",16955327.0,level
1963-12-31,world,COD,"Congo, Dem. Rep.",16507599.0,level
1962-12-31,world,COD,"Congo, Dem. Rep.",16075724.0,level
1961-12-31,world,COD,"Congo, Dem. Rep.",15662374.0,level
1960-12-31,world,COD,"Congo, Dem. Rep.",15264846.0,level
2025-12-31,world,COG,"Congo, Rep.",6484437.0,level
2024-12-31,world,COG,"Congo, Rep.",6332961.0,level
2023-12-31,world,COG,"Congo, Rep.",6182885.0,level
2022-12-31,world,COG,"Congo, Rep.",6035104.0,level
2021-12-31,world,COG,"Congo, Rep.",5892183.0,level
2020-12-31,world,COG,"Congo, Rep.",5752791.0,level
2019-12-31,world,COG,"Congo, Rep.",5616661.0,level
2018-12-31,world,COG,"Congo, Rep.",5483118.0,level
2017-12-31,world,COG,"Congo, Rep.",5351011.0,level
2016-12-31,world,COG,"Congo, Rep.",5222536.0,level
2015-12-31,world,COG,"Congo, Rep.",5097581.0,level
2014-12-31,world,COG,"Congo, Rep.",4975880.0,level
2013-12-31,world,COG,"Congo, Rep.",4857099.0,level
2012-12-31,world,COG,"Congo, Rep.",4740450.0,level
2011-12-31,world,COG,"Congo, Rep.",4609724.0,level
2010-12-31,world,COG,"Congo, Rep.",4462290.0,level
2009-12-31,world,COG,"Congo, Rep.",4281219.0,level
2008-12-31,world,COG,"Congo, Rep.",4113517.0,level
2007-12-31,world,COG,"Congo, Rep.",3980430.0,level
2006-12-31,world,COG,"Congo, Rep.",3837409.0,level
2005-12-31,world,COG,"Congo, Rep.",3696393.0,level
2004-12-31,world,COG,"Congo, Rep.",3565554.0,level
2003-12-31,world,COG,"Congo, Rep.",3445753.0,level
2002-12-31,world,COG,"Congo, Rep.",3350771.0,level
2001-12-31,world,COG,"Congo, Rep.",3272537.0,level
2000-12-31,world,COG,"Congo, Rep.",3151345.0,level
1999-12-31,world,COG,"Congo, Rep.",3032874.0,level
1998-12-31,world,COG,"Congo, Rep.",2952061.0,level
1997-12-31,world,COG,"Congo, Rep.",2887862.0,level
1996-12-31,world,COG,"Congo, Rep.",2826785.0,level
1995-12-31,world,COG,"Congo, Rep.",2749461.0,level
1994-12-31,world,COG,"Congo, Rep.",2673144.0,level
1993-12-31,world,COG,"Congo, Rep.",2595124.0,level
1992-12-31,world,COG,"Congo, Rep.",2519465.0,level
1991-12-31,world,COG,"Congo, Rep.",2449229.0,level
1990-12-31,world,COG,"Congo, Rep.",2380560.0,level
1989-12-31,world,COG,"Congo, Rep.",2313558.0,level
1988-12-31,world,COG,"Congo, Rep.",2247653.0,level
1987-12-31,world,COG,"Congo, Rep.",2183473.0,level
1986-12-31,world,COG,"Congo, Rep.",2120602.0,level
1985-12-31,world,COG,"Congo, Rep.",2059311.0,level
1984-12-31,world,COG,"Congo, Rep.",1999528.0,level
1983-12-31,world,COG,"Congo, Rep.",1950321.0,level
1982-12-31,world,COG,"Congo, Rep.",1910430.0,level
1981-12-31,world,COG,"Congo, Rep.",1869759.0,level
1980-12-31,world,COG,"Congo, Rep.",1828985.0,level
1979-12-31,world,COG,"Congo, Rep.",1788524.0,level
1978-12-31,world,COG,"Congo, Rep.",1748089.0,level
1977-12-31,world,COG,"Congo, Rep.",1707568.0,level
1976-12-31,world,COG,"Congo, Rep.",1667225.0,level
1975-12-31,world,COG,"Congo, Rep.",1627032.0,level
1974-12-31,world,COG,"Congo, Rep.",1582301.0,level
1973-12-31,world,COG,"Congo, Rep.",1533680.0,level
1972-12-31,world,COG,"Congo, Rep.",1486468.0,level
1971-12-31,world,COG,"Congo, Rep.",1441039.0,level
1970-12-31,world,COG,"Congo, Rep.",1397638.0,level
1969-12-31,world,COG,"Congo, Rep.",1356182.0,level
1968-12-31,world,COG,"Congo, Rep.",1316519.0,level
1967-12-31,world,COG,"Congo, Rep.",1278691.0,level
1966-12-31,world,COG,"Congo, Rep.",1242534.0,level
1965-12-31,world,COG,"Congo, Rep.",1207880.0,level
1964-12-31,world,COG,"Congo, Rep.",1174816.0,level
1963-12-31,world,COG,"Congo, Rep.",1143263.0,level
1962-12-31,world,COG,"Congo, Rep.",1113175.0,level
1961-12-31,world,COG,"Congo, Rep.",1084389.0,level
1960-12-31,world,COG,"Congo, Rep.",1056732.0,level
2025-12-31,world,CRI,Costa Rica,5152950.0,level
2024-12-31,world,CRI,Costa Rica,5129910.0,level
2023-12-31,world,CRI,Costa Rica,5105525.0,level
2022-12-31,world,CRI,Costa Rica,5081765.0,level
2021-12-31,world,CRI,Costa Rica,5059988.0,level
2020-12-31,world,CRI,Costa Rica,5034320.0,level
2019-12-31,world,CRI,Costa Rica,4999553.0,level
2018-12-31,world,CRI,Costa Rica,4957818.0,level
2017-12-31,world,CRI,Costa Rica,4913177.0,level
2016-12-31,world,CRI,Costa Rica,4866998.0,level
2015-12-31,world,CRI,Costa Rica,4818038.0,level
2014-12-31,world,CRI,Costa Rica,4767119.0,level
2013-12-31,world,CRI,Costa Rica,4716147.0,level
2012-12-31,world,CRI,Costa Rica,4663934.0,level
2011-12-31,world,CRI,Costa Rica,4609833.0,level
2010-12-31,world,CRI,Costa Rica,4555962.0,level
2009-12-31,world,CRI,Costa Rica,4499791.0,level
2008-12-31,world,CRI,Costa Rica,4440056.0,level
2007-12-31,world,CRI,Costa Rica,4380248.0,level
2006-12-31,world,CRI,Costa Rica,4321340.0,level
2005-12-31,world,CRI,Costa Rica,4261240.0,level
2004-12-31,world,CRI,Costa Rica,4200078.0,level
2003-12-31,world,CRI,Costa Rica,4138784.0,level
2002-12-31,world,CRI,Costa Rica,4075705.0,level
2001-12-31,world,CRI,Costa Rica,4008947.0,level
2000-12-31,world,CRI,Costa Rica,3937739.0,level
1999-12-31,world,CRI,Costa Rica,3862101.0,level
1998-12-31,world,CRI,Costa Rica,3782838.0,level
1997-12-31,world,CRI,Costa Rica,3701711.0,level
1996-12-31,world,CRI,Costa Rica,3619013.0,level
1995-12-31,world,CRI,Costa Rica,3535176.0,level
1994-12-31,world,CRI,Costa Rica,3451122.0,level
1993-12-31,world,CRI,Costa Rica,3367434.0,level
1992-12-31,world,CRI,Costa Rica,3284258.0,level
1991-12-31,world,CRI,Costa Rica,3202176.0,level
1990-12-31,world,CRI,Costa Rica,3121706.0,level
1989-12-31,world,CRI,Costa Rica,3043827.0,level
1988-12-31,world,CRI,Costa Rica,2968103.0,level
1987-12-31,world,CRI,Costa Rica,2892699.0,level
1986-12-31,world,CRI,Costa Rica,2817216.0,level
1985-12-31,world,CRI,Costa Rica,2741894.0,level
1984-12-31,world,CRI,Costa Rica,2667595.0,level
1983-12-31,world,CRI,Costa Rica,2595153.0,level
1982-12-31,world,CRI,Costa Rica,2524806.0,level
1981-12-31,world,CRI,Costa Rica,2456637.0,level
1980-12-31,world,CRI,Costa Rica,2390633.0,level
1979-12-31,world,CRI,Costa Rica,2326490.0,level
1978-12-31,world,CRI,Costa Rica,2264510.0,level
1977-12-31,world,CRI,Costa Rica,2205025.0,level
1976-12-31,world,CRI,Costa Rica,2147774.0,level
1975-12-31,world,CRI,Costa Rica,2092719.0,level
1974-12-31,world,CRI,Costa Rica,2039643.0,level
1973-12-31,world,CRI,Costa Rica,1988343.0,level
1972-12-31,world,CRI,Costa Rica,1938248.0,level
1971-12-31,world,CRI,Costa Rica,1888539.0,level
1970-12-31,world,CRI,Costa Rica,1838949.0,level
1969-12-31,world,CRI,Costa Rica,1789276.0,level
1968-12-31,world,CRI,Costa Rica,1739731.0,level
1967-12-31,world,CRI,Costa Rica,1689523.0,level
1966-12-31,world,CRI,Costa Rica,1638116.0,level
1965-12-31,world,CRI,Costa Rica,1586208.0,level
1964-12-31,world,CRI,Costa Rica,1533960.0,level
1963-12-31,world,CRI,Costa Rica,1481604.0,level
1962-12-31,world,CRI,Costa Rica,1429445.0,level
1961-12-31,world,CRI,Costa Rica,1377920.0,level
1960-12-31,world,CRI,Costa Rica,1327496.0,level
2025-12-31,world,CIV,Cote d'Ivoire,32711547.0,level
2024-12-31,world,CIV,Cote d'Ivoire,31934230.0,level
2023-12-31,world,CIV,Cote d'Ivoire,31165654.0,level
2022-12-31,world,CIV,Cote d'Ivoire,30395002.0,level
2021-12-31,world,CIV,Cote d'Ivoire,29639736.0,level
2020-12-31,world,CIV,Cote d'Ivoire,28915449.0,level
2019-12-31,world,CIV,Cote d'Ivoire,28193009.0,level
2018-12-31,world,CIV,Cote d'Ivoire,27464173.0,level
2017-12-31,world,CIV,Cote d'Ivoire,26733372.0,level
2016-12-31,world,CIV,Cote d'Ivoire,25989405.0,level
2015-12-31,world,CIV,Cote d'Ivoire,25246342.0,level
2014-12-31,world,CIV,Cote d'Ivoire,24527395.0,level
2013-12-31,world,CIV,Cote d'Ivoire,23939775.0,level
2012-12-31,world,CIV,Cote d'Ivoire,23467078.0,level
2011-12-31,world,CIV,Cote d'Ivoire,22982000.0,level
2010-12-31,world,CIV,Cote d'Ivoire,22488065.0,level
2009-12-31,world,CIV,Cote d'Ivoire,21997940.0,level
2008-12-31,world,CIV,Cote d'Ivoire,21514439.0,level
2007-12-31,world,CIV,Cote d'Ivoire,21030558.0,level
2006-12-31,world,CIV,Cote d'Ivoire,20546802.0,level
2005-12-31,world,CIV,Cote d'Ivoire,20068458.0,level
2004-12-31,world,CIV,Cote d'Ivoire,19595000.0,level
2003-12-31,world,CIV,Cote d'Ivoire,19125542.0,level
2002-12-31,world,CIV,Cote d'Ivoire,18654771.0,level
2001-12-31,world,CIV,Cote d'Ivoire,18178913.0,level
2000-12-31,world,CIV,Cote d'Ivoire,17699004.0,level
1999-12-31,world,CIV,Cote d'Ivoire,17215935.0,level
1998-12-31,world,CIV,Cote d'Ivoire,16663948.0,level
1997-12-31,world,CIV,Cote d'Ivoire,16047170.0,level
1996-12-31,world,CIV,Cote d'Ivoire,15442312.0,level
1995-12-31,world,CIV,Cote d'Ivoire,14855565.0,level
1994-12-31,world,CIV,Cote d'Ivoire,14287201.0,level
1993-12-31,world,CIV,Cote d'Ivoire,13735951.0,level
1992-12-31,world,CIV,Cote d'Ivoire,13200310.0,level
1991-12-31,world,CIV,Cote d'Ivoire,12683870.0,level
1990-12-31,world,CIV,Cote d'Ivoire,12189778.0,level
1989-12-31,world,CIV,Cote d'Ivoire,11719771.0,level
1988-12-31,world,CIV,Cote d'Ivoire,11275189.0,level
1987-12-31,world,CIV,Cote d'Ivoire,10851475.0,level
1986-12-31,world,CIV,Cote d'Ivoire,10440917.0,level
1985-12-31,world,CIV,Cote d'Ivoire,10040483.0,level
1984-12-31,world,CIV,Cote d'Ivoire,9650516.0,level
1983-12-31,world,CIV,Cote d'Ivoire,9272744.0,level
1982-12-31,world,CIV,Cote d'Ivoire,8907936.0,level
1981-12-31,world,CIV,Cote d'Ivoire,8556596.0,level
1980-12-31,world,CIV,Cote d'Ivoire,8220714.0,level
1979-12-31,world,CIV,Cote d'Ivoire,7902267.0,level
1978-12-31,world,CIV,Cote d'Ivoire,7603130.0,level
1977-12-31,world,CIV,Cote d'Ivoire,7321950.0,level
1976-12-31,world,CIV,Cote d'Ivoire,7057958.0,level
1975-12-31,world,CIV,Cote d'Ivoire,6776297.0,level
1974-12-31,world,CIV,Cote d'Ivoire,6474057.0,level
1973-12-31,world,CIV,Cote d'Ivoire,6184944.0,level
1972-12-31,world,CIV,Cote d'Ivoire,5909716.0,level
1971-12-31,world,CIV,Cote d'Ivoire,5650868.0,level
1970-12-31,world,CIV,Cote d'Ivoire,5411567.0,level
1969-12-31,world,CIV,Cote d'Ivoire,5192221.0,level
1968-12-31,world,CIV,Cote d'Ivoire,4990021.0,level
1967-12-31,world,CIV,Cote d'Ivoire,4799744.0,level
1966-12-31,world,CIV,Cote d'Ivoire,4617519.0,level
1965-12-31,world,CIV,Cote d'Ivoire,4442377.0,level
1964-12-31,world,CIV,Cote d'Ivoire,4273952.0,level
1963-12-31,world,CIV,Cote d'Ivoire,4112061.0,level
1962-12-31,world,CIV,Cote d'Ivoire,3956939.0,level
1961-12-31,world,CIV,Cote d'Ivoire,3810151.0,level
1960-12-31,world,CIV,Cote d'Ivoire,3673666.0,level
2025-12-31,world,HRV,Croatia,3876200.0,level
2024-12-31,world,HRV,Croatia,3866200.0,level
2023-12-31,world,HRV,Croatia,3859686.0,level
2022-12-31,world,HRV,Croatia,3855641.0,level
2021-12-31,world,HRV,Croatia,3878981.0,level
2020-12-31,world,HRV,Croatia,3914206.0,level
2019-12-31,world,HRV,Croatia,3949390.0,level
2018-12-31,world,HRV,Croatia,3988775.0,level
2017-12-31,world,HRV,Croatia,4041407.0,level
2016-12-31,world,HRV,Croatia,4106867.0,level
2015-12-31,world,HRV,Croatia,4151725.0,level
2014-12-31,world,HRV,Croatia,4201598.0,level
2013-12-31,world,HRV,Croatia,4233922.0,level
2012-12-31,world,HRV,Croatia,4260368.0,level
2011-12-31,world,HRV,Croatia,4280622.0,level
2010-12-31,world,HRV,Croatia,4295427.0,level
2009-12-31,world,HRV,Croatia,4305181.0,level
2008-12-31,world,HRV,Croatia,4309705.0,level
2007-12-31,world,HRV,Croatia,4310217.0,level
2006-12-31,world,HRV,Croatia,4311159.0,level
2005-12-31,world,HRV,Croatia,4310145.0,level
2004-12-31,world,HRV,Croatia,4304600.0,level
2003-12-31,world,HRV,Croatia,4303399.0,level
2002-12-31,world,HRV,Croatia,4302174.0,level
2001-12-31,world,HRV,Croatia,4299642.0,level
2000-12-31,world,HRV,Croatia,4468302.0,level
1999-12-31,world,HRV,Croatia,4512597.0,level
1998-12-31,world,HRV,Croatia,4532135.0,level
1997-12-31,world,HRV,Croatia,4534920.0,level
1996-12-31,world,HRV,Croatia,4557097.0,level
1995-12-31,world,HRV,Croatia,4620030.0,level
1994-12-31,world,HRV,Croatia,4652024.0,level
1993-12-31,world,HRV,Croatia,4600463.0,level
1992-12-31,world,HRV,Croatia,4575818.0,level
1991-12-31,world,HRV,Croatia,4689022.0,level
1990-12-31,world,HRV,Croatia,4777368.0,level
1989-12-31,world,HRV,Croatia,4767260.0,level
1988-12-31,world,HRV,Croatia,4755207.0,level
1987-12-31,world,HRV,Croatia,4739745.0,level
1986-12-31,world,HRV,Croatia,4721446.0,level
1985-12-31,world,HRV,Croatia,4701417.0,level
1984-12-31,world,HRV,Croatia,4680285.0,level
1983-12-31,world,HRV,Croatia,4658254.0,level
1982-12-31,world,HRV,Croatia,4634234.0,level
1981-12-31,world,HRV,Croatia,4611509.0,level
1980-12-31,world,HRV,Croatia,4599782.0,level
1979-12-31,world,HRV,Croatia,4594778.0,level
1978-12-31,world,HRV,Croatia,4581085.0,level
1977-12-31,world,HRV,Croatia,4559571.0,level
1976-12-31,world,HRV,Croatia,4535934.0,level
1975-12-31,world,HRV,Croatia,4512082.0,level
1974-12-31,world,HRV,Croatia,4490660.0,level
1973-12-31,world,HRV,Croatia,4470161.0,level
1972-12-31,world,HRV,Croatia,4450564.0,level
1971-12-31,world,HRV,Croatia,4431275.0,level
1970-12-31,world,HRV,Croatia,4412252.0,level
1969-12-31,world,HRV,Croatia,4391490.0,level
1968-12-31,world,HRV,Croatia,4365628.0,level
1967-12-31,world,HRV,Croatia,4338683.0,level
1966-12-31,world,HRV,Croatia,4310701.0,level
1965-12-31,world,HRV,Croatia,4280923.0,level
1964-12-31,world,HRV,Croatia,4252876.0,level
1963-12-31,world,HRV,Croatia,4225675.0,level
1962-12-31,world,HRV,Croatia,4196712.0,level
1961-12-31,world,HRV,Croatia,4167292.0,level
1960-12-31,world,HRV,Croatia,4140181.0,level
2025-12-31,world,CUB,Cuba,10937203.0,level
2024-12-31,world,CUB,Cuba,10979783.0,level
2023-12-31,world,CUB,Cuba,11019931.0,level
2022-12-31,world,CUB,Cuba,11059820.0,level
2021-12-31,world,CUB,Cuba,11122168.0,level
2020-12-31,world,CUB,Cuba,11176354.0,level
2019-12-31,world,CUB,Cuba,11202846.0,level
2018-12-31,world,CUB,Cuba,11227118.0,level
2017-12-31,world,CUB,Cuba,11247829.0,level
2016-12-31,world,CUB,Cuba,11265612.0,level
2015-12-31,world,CUB,Cuba,11275065.0,level
2014-12-31,world,CUB,Cuba,11285775.0,level
2013-12-31,world,CUB,Cuba,11298167.0,level
2012-12-31,world,CUB,Cuba,11303175.0,level
2011-12-31,world,CUB,Cuba,11301571.0,level
2010-12-31,world,CUB,Cuba,11297409.0,level
2009-12-31,world,CUB,Cuba,11294719.0,level
2008-12-31,world,CUB,Cuba,11291762.0,level
2007-12-31,world,CUB,Cuba,11287272.0,level
2006-12-31,world,CUB,Cuba,11278550.0,level
2005-12-31,world,CUB,Cuba,11262554.0,level
2004-12-31,world,CUB,Cuba,11238756.0,level
2003-12-31,world,CUB,Cuba,11209383.0,level
2002-12-31,world,CUB,Cuba,11177418.0,level
2001-12-31,world,CUB,Cuba,11144132.0,level
2000-12-31,world,CUB,Cuba,11109109.0,level
1999-12-31,world,CUB,Cuba,11072230.0,level
1998-12-31,world,CUB,Cuba,11034712.0,level
1997-12-31,world,CUB,Cuba,10997934.0,level
1996-12-31,world,CUB,Cuba,10962010.0,level
1995-12-31,world,CUB,Cuba,10925362.0,level
1994-12-31,world,CUB,Cuba,10886021.0,level
1993-12-31,world,CUB,Cuba,10841031.0,level
1992-12-31,world,CUB,Cuba,10785801.0,level
1991-12-31,world,CUB,Cuba,10717640.0,level
1990-12-31,world,CUB,Cuba,10631799.0,level
1989-12-31,world,CUB,Cuba,10533243.0,level
1988-12-31,world,CUB,Cuba,10432585.0,level
1987-12-31,world,CUB,Cuba,10335342.0,level
1986-12-31,world,CUB,Cuba,10244247.0,level
1985-12-31,world,CUB,Cuba,10157228.0,level
1984-12-31,world,CUB,Cuba,10073299.0,level
1983-12-31,world,CUB,Cuba,9991026.0,level
1982-12-31,world,CUB,Cuba,9912681.0,level
1981-12-31,world,CUB,Cuba,9849320.0,level
1980-12-31,world,CUB,Cuba,9804796.0,level
1979-12-31,world,CUB,Cuba,9763355.0,level
1978-12-31,world,CUB,Cuba,9711980.0,level
1977-12-31,world,CUB,Cuba,9648440.0,level
1976-12-31,world,CUB,Cuba,9571242.0,level
1975-12-31,world,CUB,Cuba,9479726.0,level
1974-12-31,world,CUB,Cuba,9374183.0,level
1973-12-31,world,CUB,Cuba,9255328.0,level
1972-12-31,world,CUB,Cuba,9123891.0,level
1971-12-31,world,CUB,Cuba,8979085.0,level
1970-12-31,world,CUB,Cuba,8824382.0,level
1969-12-31,world,CUB,Cuba,8666640.0,level
1968-12-31,world,CUB,Cuba,8509522.0,level
1967-12-31,world,CUB,Cuba,8352625.0,level
1966-12-31,world,CUB,Cuba,8193450.0,level
1965-12-31,world,CUB,Cuba,8030797.0,level
1964-12-31,world,CUB,Cuba,7866020.0,level
1963-12-31,world,CUB,Cuba,7701660.0,level
1962-12-31,world,CUB,Cuba,7541098.0,level
1961-12-31,world,CUB,Cuba,7387117.0,level
1960-12-31,world,CUB,Cuba,7238081.0,level
2025-12-31,world,CUW,Curacao,156263.0,level
2024-12-31,world,CUW,Curacao,155967.0,level
2023-12-31,world,CUW,Curacao,154654.0,level
2022-12-31,world,CUW,Curacao,153321.0,level
2021-12-31,world,CUW,Curacao,153948.0,level
2020-12-31,world,CUW,Curacao,155482.0,level
2019-12-31,world,CUW,Curacao,157441.0,level
2018-12-31,world,CUW,Curacao,159336.0,level
2017-12-31,world,CUW,Curacao,160175.0,level
2016-12-31,world,CUW,Curacao,159664.0,level
2015-12-31,world,CUW,Curacao,157980.0,level
2014-12-31,world,CUW,Curacao,155909.0,level
2013-12-31,world,CUW,Curacao,153822.0,level
2012-12-31,world,CUW,Curacao,152088.0,level
2011-12-31,world,CUW,Curacao,150831.0,level
2010-12-31,world,CUW,Curacao,148703.0,level
2009-12-31,world,CUW,Curacao,146833.0,level
2008-12-31,world,CUW,Curacao,145880.0,level
2007-12-31,world,CUW,Curacao,144056.0,level
2006-12-31,world,CUW,Curacao,141239.0,level
2005-12-31,world,CUW,Curacao,137658.0,level
2004-12-31,world,CUW,Curacao,134192.0,level
2003-12-31,world,CUW,Curacao,131897.0,level
2002-12-31,world,CUW,Curacao,129205.0,level
2001-12-31,world,CUW,Curacao,129047.0,level
2000-12-31,world,CUW,Curacao,133860.0,level
1999-12-31,world,CUW,Curacao,139428.0,level
1998-12-31,world,CUW,Curacao,144472.0,level
1997-12-31,world,CUW,Curacao,146956.0,level
1996-12-31,world,CUW,Curacao,146306.0,level
1995-12-31,world,CUW,Curacao,145139.0,level
1994-12-31,world,CUW,Curacao,144630.0,level
1993-12-31,world,CUW,Curacao,144299.0,level
1992-12-31,world,CUW,Curacao,143912.0,level
1991-12-31,world,CUW,Curacao,144403.0,level
1990-12-31,world,CUW,Curacao,145400.0,level
1989-12-31,world,CUW,Curacao,146937.0,level
1988-12-31,world,CUW,Curacao,149254.0,level
1987-12-31,world,CUW,Curacao,151456.0,level
1986-12-31,world,CUW,Curacao,152662.0,level
1985-12-31,world,CUW,Curacao,152711.0,level
1984-12-31,world,CUW,Curacao,151940.0,level
1983-12-31,world,CUW,Curacao,151159.0,level
1982-12-31,world,CUW,Curacao,150101.0,level
1981-12-31,world,CUW,Curacao,148629.0,level
1980-12-31,world,CUW,Curacao,148041.0,level
1979-12-31,world,CUW,Curacao,147851.0,level
1978-12-31,world,CUW,Curacao,148341.0,level
1977-12-31,world,CUW,Curacao,149459.0,level
1976-12-31,world,CUW,Curacao,149399.0,level
1975-12-31,world,CUW,Curacao,149129.0,level
1974-12-31,world,CUW,Curacao,148351.0,level
1973-12-31,world,CUW,Curacao,146912.0,level
1972-12-31,world,CUW,Curacao,147710.0,level
1971-12-31,world,CUW,Curacao,147389.0,level
1970-12-31,world,CUW,Curacao,144739.0,level
1969-12-31,world,CUW,Curacao,142581.0,level
1968-12-31,world,CUW,Curacao,140298.0,level
1967-12-31,world,CUW,Curacao,138140.0,level
1966-12-31,world,CUW,Curacao,136682.0,level
1965-12-31,world,CUW,Curacao,135266.0,level
1964-12-31,world,CUW,Curacao,133148.0,level
1963-12-31,world,CUW,Curacao,130860.0,level
1962-12-31,world,CUW,Curacao,128414.0,level
1961-12-31,world,CUW,Curacao,126125.0,level
1960-12-31,world,CUW,Curacao,124826.0,level
2025-12-31,world,CYP,Cyprus,1370754.0,level
2024-12-31,world,CYP,Cyprus,1358282.0,level
2023-12-31,world,CYP,Cyprus,1344976.0,level
2022-12-31,world,CYP,Cyprus,1331370.0,level
2021-12-31,world,CYP,Cyprus,1317309.0,level
2020-12-31,world,CYP,Cyprus,1302247.0,level
2019-12-31,world,CYP,Cyprus,1286671.0,level
2018-12-31,world,CYP,Cyprus,1270737.0,level
2017-12-31,world,CYP,Cyprus,1254275.0,level
2016-12-31,world,CYP,Cyprus,1237112.0,level
2015-12-31,world,CYP,Cyprus,1219502.0,level
2014-12-31,world,CYP,Cyprus,1201801.0,level
2013-12-31,world,CYP,Cyprus,1183895.0,level
2012-12-31,world,CYP,Cyprus,1165397.0,level
2011-12-31,world,CYP,Cyprus,1146493.0,level
2010-12-31,world,CYP,Cyprus,1127816.0,level
2009-12-31,world,CYP,Cyprus,1109371.0,level
2008-12-31,world,CYP,Cyprus,1091026.0,level
2007-12-31,world,CYP,Cyprus,1072714.0,level
2006-12-31,world,CYP,Cyprus,1054418.0,level
2005-12-31,world,CYP,Cyprus,1036151.0,level
2004-12-31,world,CYP,Cyprus,1017875.0,level
2003-12-31,world,CYP,Cyprus,999590.0,level
2002-12-31,world,CYP,Cyprus,981440.0,level
2001-12-31,world,CYP,Cyprus,964127.0,level
2000-12-31,world,CYP,Cyprus,947667.0,level
1999-12-31,world,CYP,Cyprus,931234.0,level
1998-12-31,world,CYP,Cyprus,914548.0,level
1997-12-31,world,CYP,Cyprus,897568.0,level
1996-12-31,world,CYP,Cyprus,880290.0,level
1995-12-31,world,CYP,Cyprus,862695.0,level
1994-12-31,world,CYP,Cyprus,844667.0,level
1993-12-31,world,CYP,Cyprus,826034.0,level
1992-12-31,world,CYP,Cyprus,810341.0,level
1991-12-31,world,CYP,Cyprus,798944.0,level
1990-12-31,world,CYP,Cyprus,788351.0,level
1989-12-31,world,CYP,Cyprus,777420.0,level
1988-12-31,world,CYP,Cyprus,766235.0,level
1987-12-31,world,CYP,Cyprus,754785.0,level
1986-12-31,world,CYP,Cyprus,743105.0,level
1985-12-31,world,CYP,Cyprus,731277.0,level
1984-12-31,world,CYP,Cyprus,719334.0,level
1983-12-31,world,CYP,Cyprus,707225.0,level
1982-12-31,world,CYP,Cyprus,696497.0,level
1981-12-31,world,CYP,Cyprus,688893.0,level
1980-12-31,world,CYP,Cyprus,683076.0,level
1979-12-31,world,CYP,Cyprus,677549.0,level
1978-12-31,world,CYP,Cyprus,672249.0,level
1977-12-31,world,CYP,Cyprus,667101.0,level
1976-12-31,world,CYP,Cyprus,662032.0,level
1975-12-31,world,CYP,Cyprus,659405.0,level
1974-12-31,world,CYP,Cyprus,663254.0,level
1973-12-31,world,CYP,Cyprus,665937.0,level
1972-12-31,world,CYP,Cyprus,661063.0,level
1971-12-31,world,CYP,Cyprus,654050.0,level
1970-12-31,world,CYP,Cyprus,647446.0,level
1969-12-31,world,CYP,Cyprus,641189.0,level
1968-12-31,world,CYP,Cyprus,635157.0,level
1967-12-31,world,CYP,Cyprus,629251.0,level
1966-12-31,world,CYP,Cyprus,623390.0,level
1965-12-31,world,CYP,Cyprus,617736.0,level
1964-12-31,world,CYP,Cyprus,612521.0,level
1963-12-31,world,CYP,Cyprus,607252.0,level
1962-12-31,world,CYP,Cyprus,601466.0,level
1961-12-31,world,CYP,Cyprus,595514.0,level
1960-12-31,world,CYP,Cyprus,586490.0,level
2025-12-31,world,CZE,Czechia,10886878.0,level
2024-12-31,world,CZE,Czechia,10905028.0,level
2023-12-31,world,CZE,Czechia,10864042.0,level
2022-12-31,world,CZE,Czechia,10672118.0,level
2021-12-31,world,CZE,Czechia,10505772.0,level
2020-12-31,world,CZE,Czechia,10697858.0,level
2019-12-31,world,CZE,Czechia,10671870.0,level
2018-12-31,world,CZE,Czechia,10629928.0,level
2017-12-31,world,CZE,Czechia,10594438.0,level
2016-12-31,world,CZE,Czechia,10566332.0,level
2015-12-31,world,CZE,Czechia,10546059.0,level
2014-12-31,world,CZE,Czechia,10525347.0,level
2013-12-31,world,CZE,Czechia,10514272.0,level
2012-12-31,world,CZE,Czechia,10510785.0,level
2011-12-31,world,CZE,Czechia,10496088.0,level
2010-12-31,world,CZE,Czechia,10474410.0,level
2009-12-31,world,CZE,Czechia,10443936.0,level
2008-12-31,world,CZE,Czechia,10384603.0,level
2007-12-31,world,CZE,Czechia,10298828.0,level
2006-12-31,world,CZE,Czechia,10238905.0,level
2005-12-31,world,CZE,Czechia,10211216.0,level
2004-12-31,world,CZE,Czechia,10197101.0,level
2003-12-31,world,CZE,Czechia,10193998.0,level
2002-12-31,world,CZE,Czechia,10196916.0,level
2001-12-31,world,CZE,Czechia,10216605.0,level
2000-12-31,world,CZE,Czechia,10255063.0,level
1999-12-31,world,CZE,Czechia,10283860.0,level
1998-12-31,world,CZE,Czechia,10294373.0,level
1997-12-31,world,CZE,Czechia,10304131.0,level
1996-12-31,world,CZE,Czechia,10315241.0,level
1995-12-31,world,CZE,Czechia,10327253.0,level
1994-12-31,world,CZE,Czechia,10333587.0,level
1993-12-31,world,CZE,Czechia,10329855.0,level
1992-12-31,world,CZE,Czechia,10319123.0,level
1991-12-31,world,CZE,Czechia,10308578.0,level
1990-12-31,world,CZE,Czechia,10333355.0,level
1989-12-31,world,CZE,Czechia,10361068.0,level
1988-12-31,world,CZE,Czechia,10355276.0,level
1987-12-31,world,CZE,Czechia,10347318.0,level
1986-12-31,world,CZE,Czechia,10342227.0,level
1985-12-31,world,CZE,Czechia,10337118.0,level
1984-12-31,world,CZE,Czechia,10330213.0,level
1983-12-31,world,CZE,Czechia,10323856.0,level
1982-12-31,world,CZE,Czechia,10314826.0,level
1981-12-31,world,CZE,Czechia,10300591.0,level
1980-12-31,world,CZE,Czechia,10304193.0,level
1979-12-31,world,CZE,Czechia,10292341.0,level
1978-12-31,world,CZE,Czechia,10242098.0,level
1977-12-31,world,CZE,Czechia,10186755.0,level
1976-12-31,world,CZE,Czechia,10125939.0,level
1975-12-31,world,CZE,Czechia,10058620.0,level
1974-12-31,world,CZE,Czechia,9988459.0,level
1973-12-31,world,CZE,Czechia,9922266.0,level
1972-12-31,world,CZE,Czechia,9867632.0,level
1971-12-31,world,CZE,Czechia,9826815.0,level
1970-12-31,world,CZE,Czechia,9858071.0,level
1969-12-31,world,CZE,Czechia,9896580.0,level
1968-12-31,world,CZE,Czechia,9876346.0,level
1967-12-31,world,CZE,Czechia,9852899.0,level
1966-12-31,world,CZE,Czechia,9821040.0,level
1965-12-31,world,CZE,Czechia,9779358.0,level
1964-12-31,world,CZE,Czechia,9727804.0,level
1963-12-31,world,CZE,Czechia,9670685.0,level
1962-12-31,world,CZE,Czechia,9624660.0,level
1961-12-31,world,CZE,Czechia,9586651.0,level
1960-12-31,world,CZE,Czechia,9602006.0,level
2025-12-31,world,DNK,Denmark,6009169.0,level
2024-12-31,world,DNK,Denmark,5976992.0,level
2023-12-31,world,DNK,Denmark,5946952.0,level
2022-12-31,world,DNK,Denmark,5903037.0,level
2021-12-31,world,DNK,Denmark,5856733.0,level
2020-12-31,world,DNK,Denmark,5831404.0,level
2019-12-31,world,DNK,Denmark,5814422.0,level
2018-12-31,world,DNK,Denmark,5793636.0,level
2017-12-31,world,DNK,Denmark,5764980.0,level
2016-12-31,world,DNK,Denmark,5728010.0,level
2015-12-31,world,DNK,Denmark,5683483.0,level
2014-12-31,world,DNK,Denmark,5643475.0,level
2013-12-31,world,DNK,Denmark,5614932.0,level
2012-12-31,world,DNK,Denmark,5591572.0,level
2011-12-31,world,DNK,Denmark,5570572.0,level
2010-12-31,world,DNK,Denmark,5547683.0,level
2009-12-31,world,DNK,Denmark,5523095.0,level
2008-12-31,world,DNK,Denmark,5493621.0,level
2007-12-31,world,DNK,Denmark,5461438.0,level
2006-12-31,world,DNK,Denmark,5437272.0,level
2005-12-31,world,DNK,Denmark,5419432.0,level
2004-12-31,world,DNK,Denmark,5404523.0,level
2003-12-31,world,DNK,Denmark,5390574.0,level
2002-12-31,world,DNK,Denmark,5375931.0,level
2001-12-31,world,DNK,Denmark,5358783.0,level
2000-12-31,world,DNK,Denmark,5339616.0,level
1999-12-31,world,DNK,Denmark,5321799.0,level
1998-12-31,world,DNK,Denmark,5304219.0,level
1997-12-31,world,DNK,Denmark,5284991.0,level
1996-12-31,world,DNK,Denmark,5263074.0,level
1995-12-31,world,DNK,Denmark,5233373.0,level
1994-12-31,world,DNK,Denmark,5206180.0,level
1993-12-31,world,DNK,Denmark,5188628.0,level
1992-12-31,world,DNK,Denmark,5171370.0,level
1991-12-31,world,DNK,Denmark,5154298.0,level
1990-12-31,world,DNK,Denmark,5140939.0,level
1989-12-31,world,DNK,Denmark,5132594.0,level
1988-12-31,world,DNK,Denmark,5129516.0,level
1987-12-31,world,DNK,Denmark,5127024.0,level
1986-12-31,world,DNK,Denmark,5120534.0,level
1985-12-31,world,DNK,Denmark,5113691.0,level
1984-12-31,world,DNK,Denmark,5111619.0,level
1983-12-31,world,DNK,Denmark,5114297.0,level
1982-12-31,world,DNK,Denmark,5117810.0,level
1981-12-31,world,DNK,Denmark,5121572.0,level
1980-12-31,world,DNK,Denmark,5123027.0,level
1979-12-31,world,DNK,Denmark,5116801.0,level
1978-12-31,world,DNK,Denmark,5104248.0,level
1977-12-31,world,DNK,Denmark,5088419.0,level
1976-12-31,world,DNK,Denmark,5072596.0,level
1975-12-31,world,DNK,Denmark,5059862.0,level
1974-12-31,world,DNK,Denmark,5045297.0,level
1973-12-31,world,DNK,Denmark,5021861.0,level
1972-12-31,world,DNK,Denmark,4991596.0,level
1971-12-31,world,DNK,Denmark,4963126.0,level
1970-12-31,world,DNK,Denmark,4928757.0,level
1969-12-31,world,DNK,Denmark,4891860.0,level
1968-12-31,world,DNK,Denmark,4864883.0,level
1967-12-31,world,DNK,Denmark,4835354.0,level
1966-12-31,world,DNK,Denmark,4797381.0,level
1965-12-31,world,DNK,Denmark,4759012.0,level
1964-12-31,world,DNK,Denmark,4722072.0,level
1963-12-31,world,DNK,Denmark,4684483.0,level
1962-12-31,world,DNK,Denmark,4647727.0,level
1961-12-31,world,DNK,Denmark,4611687.0,level
1960-12-31,world,DNK,Denmark,4579603.0,level
2025-12-31,world,DJI,Djibouti,1184076.0,level
2024-12-31,world,DJI,Djibouti,1168722.0,level
2023-12-31,world,DJI,Djibouti,1152944.0,level
2022-12-31,world,DJI,Djibouti,1137096.0,level
2021-12-31,world,DJI,Djibouti,1121248.0,level
2020-12-31,world,DJI,Djibouti,1105188.0,level
2019-12-31,world,DJI,Djibouti,1088709.0,level
2018-12-31,world,DJI,Djibouti,1071882.0,level
2017-12-31,world,DJI,Djibouti,1054841.0,level
2016-12-31,world,DJI,Djibouti,1037653.0,level
2015-12-31,world,DJI,Djibouti,1020313.0,level
2014-12-31,world,DJI,Djibouti,1002717.0,level
2013-12-31,world,DJI,Djibouti,984824.0,level
2012-12-31,world,DJI,Djibouti,966747.0,level
2011-12-31,world,DJI,Djibouti,948558.0,level
2010-12-31,world,DJI,Djibouti,930251.0,level
2009-12-31,world,DJI,Djibouti,911527.0,level
2008-12-31,world,DJI,Djibouti,892734.0,level
2007-12-31,world,DJI,Djibouti,874528.0,level
2006-12-31,world,DJI,Djibouti,855764.0,level
2005-12-31,world,DJI,Djibouti,839167.0,level
2004-12-31,world,DJI,Djibouti,826124.0,level
2003-12-31,world,DJI,Djibouti,813519.0,level
2002-12-31,world,DJI,Djibouti,795574.0,level
2001-12-31,world,DJI,Djibouti,771313.0,level
2000-12-31,world,DJI,Djibouti,747318.0,level
1999-12-31,world,DJI,Djibouti,724218.0,level
1998-12-31,world,DJI,Djibouti,699352.0,level
1997-12-31,world,DJI,Djibouti,671817.0,level
1996-12-31,world,DJI,Djibouti,648348.0,level
1995-12-31,world,DJI,Djibouti,633074.0,level
1994-12-31,world,DJI,Djibouti,626710.0,level
1993-12-31,world,DJI,Djibouti,614245.0,level
1992-12-31,world,DJI,Djibouti,626010.0,level
1991-12-31,world,DJI,Djibouti,631092.0,level
1990-12-31,world,DJI,Djibouti,579538.0,level
1989-12-31,world,DJI,Djibouti,523355.0,level
1988-12-31,world,DJI,Djibouti,484523.0,level
1987-12-31,world,DJI,Djibouti,454399.0,level
1986-12-31,world,DJI,Djibouti,426341.0,level
1985-12-31,world,DJI,Djibouti,402687.0,level
1984-12-31,world,DJI,Djibouti,384053.0,level
1983-12-31,world,DJI,Djibouti,369553.0,level
1982-12-31,world,DJI,Djibouti,356880.0,level
1981-12-31,world,DJI,Djibouti,343047.0,level
1980-12-31,world,DJI,Djibouti,325815.0,level
1979-12-31,world,DJI,Djibouti,304513.0,level
1978-12-31,world,DJI,Djibouti,280031.0,level
1977-12-31,world,DJI,Djibouti,254613.0,level
1976-12-31,world,DJI,Djibouti,230737.0,level
1975-12-31,world,DJI,Djibouti,209908.0,level
1974-12-31,world,DJI,Djibouti,192613.0,level
1973-12-31,world,DJI,Djibouti,178449.0,level
1972-12-31,world,DJI,Djibouti,166256.0,level
1971-12-31,world,DJI,Djibouti,155136.0,level
1970-12-31,world,DJI,Djibouti,145175.0,level
1969-12-31,world,DJI,Djibouti,136078.0,level
1968-12-31,world,DJI,Djibouti,128250.0,level
1967-12-31,world,DJI,Djibouti,121649.0,level
1966-12-31,world,DJI,Djibouti,115269.0,level
1965-12-31,world,DJI,Djibouti,109092.0,level
1964-12-31,world,DJI,Djibouti,103198.0,level
1963-12-31,world,DJI,Djibouti,97872.0,level
1962-12-31,world,DJI,Djibouti,93283.0,level
1961-12-31,world,DJI,Djibouti,89390.0,level
1960-12-31,world,DJI,Djibouti,86024.0,level
2025-12-31,world,DMA,Dominica,65871.0,level
2024-12-31,world,DMA,Dominica,66205.0,level
2023-12-31,world,DMA,Dominica,66510.0,level
2022-12-31,world,DMA,Dominica,66826.0,level
2021-12-31,world,DMA,Dominica,67202.0,level
2020-12-31,world,DMA,Dominica,67573.0,level
2019-12-31,world,DMA,Dominica,67880.0,level
2018-12-31,world,DMA,Dominica,68174.0,level
2017-12-31,world,DMA,Dominica,68496.0,level
2016-12-31,world,DMA,Dominica,69606.0,level
2015-12-31,world,DMA,Dominica,70410.0,level
2014-12-31,world,DMA,Dominica,70373.0,level
2013-12-31,world,DMA,Dominica,69715.0,level
2012-12-31,world,DMA,Dominica,69118.0,level
2011-12-31,world,DMA,Dominica,69053.0,level
2010-12-31,world,DMA,Dominica,68859.0,level
2009-12-31,world,DMA,Dominica,68864.0,level
2008-12-31,world,DMA,Dominica,68854.0,level
2007-12-31,world,DMA,Dominica,68847.0,level
2006-12-31,world,DMA,Dominica,68806.0,level
2005-12-31,world,DMA,Dominica,68734.0,level
2004-12-31,world,DMA,Dominica,68649.0,level
2003-12-31,world,DMA,Dominica,68531.0,level
2002-12-31,world,DMA,Dominica,68367.0,level
2001-12-31,world,DMA,Dominica,68288.0,level
2000-12-31,world,DMA,Dominica,68511.0,level
1999-12-31,world,DMA,Dominica,68870.0,level
1998-12-31,world,DMA,Dominica,69124.0,level
1997-12-31,world,DMA,Dominica,69299.0,level
1996-12-31,world,DMA,Dominica,69410.0,level
1995-12-31,world,DMA,Dominica,69469.0,level
1994-12-31,world,DMA,Dominica,69477.0,level
1993-12-31,world,DMA,Dominica,69433.0,level
1992-12-31,world,DMA,Dominica,69325.0,level
1991-12-31,world,DMA,Dominica,69296.0,level
1990-12-31,world,DMA,Dominica,69627.0,level
1989-12-31,world,DMA,Dominica,70153.0,level
1988-12-31,world,DMA,Dominica,70608.0,level
1987-12-31,world,DMA,Dominica,71023.0,level
1986-12-31,world,DMA,Dominica,71406.0,level
1985-12-31,world,DMA,Dominica,71744.0,level
1984-12-31,world,DMA,Dominica,72056.0,level
1983-12-31,world,DMA,Dominica,72365.0,level
1982-12-31,world,DMA,Dominica,72688.0,level
1981-12-31,world,DMA,Dominica,72986.0,level
1980-12-31,world,DMA,Dominica,73083.0,level
1979-12-31,world,DMA,Dominica,72959.0,level
1978-12-31,world,DMA,Dominica,72724.0,level
1977-12-31,world,DMA,Dominica,72406.0,level
1976-12-31,world,DMA,Dominica,72017.0,level
1975-12-31,world,DMA,Dominica,71570.0,level
1974-12-31,world,DMA,Dominica,71091.0,level
1973-12-31,world,DMA,Dominica,70585.0,level
1972-12-31,world,DMA,Dominica,70060.0,level
1971-12-31,world,DMA,Dominica,69532.0,level
1970-12-31,world,DMA,Dominica,68908.0,level
1969-12-31,world,DMA,Dominica,67934.0,level
1968-12-31,world,DMA,Dominica,66732.0,level
1967-12-31,world,DMA,Dominica,65585.0,level
1966-12-31,world,DMA,Dominica,64507.0,level
1965-12-31,world,DMA,Dominica,63505.0,level
1964-12-31,world,DMA,Dominica,62587.0,level
1963-12-31,world,DMA,Dominica,61739.0,level
1962-12-31,world,DMA,Dominica,60948.0,level
1961-12-31,world,DMA,Dominica,60209.0,level
1960-12-31,world,DMA,Dominica,59372.0,level
2025-12-31,world,DOM,Dominican Republic,11520487.0,level
2024-12-31,world,DOM,Dominican Republic,11427557.0,level
2023-12-31,world,DOM,Dominican Republic,11331265.0,level
2022-12-31,world,DOM,Dominican Republic,11230734.0,level
2021-12-31,world,DOM,Dominican Republic,11123476.0,level
2020-12-31,world,DOM,Dominican Republic,11008300.0,level
2019-12-31,world,DOM,Dominican Republic,10894043.0,level
2018-12-31,world,DOM,Dominican Republic,10782053.0,level
2017-12-31,world,DOM,Dominican Republic,10666843.0,level
2016-12-31,world,DOM,Dominican Republic,10551430.0,level
2015-12-31,world,DOM,Dominican Republic,10434829.0,level
2014-12-31,world,DOM,Dominican Republic,10315528.0,level
2013-12-31,world,DOM,Dominican Republic,10193833.0,level
2012-12-31,world,DOM,Dominican Republic,10070411.0,level
2011-12-31,world,DOM,Dominican Republic,9945621.0,level
2010-12-31,world,DOM,Dominican Republic,9820175.0,level
2009-12-31,world,DOM,Dominican Republic,9695265.0,level
2008-12-31,world,DOM,Dominican Republic,9573130.0,level
2007-12-31,world,DOM,Dominican Republic,9455658.0,level
2006-12-31,world,DOM,Dominican Republic,9341183.0,level
2005-12-31,world,DOM,Dominican Republic,9225034.0,level
2004-12-31,world,DOM,Dominican Republic,9104892.0,level
2003-12-31,world,DOM,Dominican Republic,8980620.0,level
2002-12-31,world,DOM,Dominican Republic,8852235.0,level
2001-12-31,world,DOM,Dominican Republic,8720283.0,level
2000-12-31,world,DOM,Dominican Republic,8584190.0,level
1999-12-31,world,DOM,Dominican Republic,8446208.0,level
1998-12-31,world,DOM,Dominican Republic,8310362.0,level
1997-12-31,world,DOM,Dominican Republic,8174078.0,level
1996-12-31,world,DOM,Dominican Republic,8032894.0,level
1995-12-31,world,DOM,Dominican Republic,7888115.0,level
1994-12-31,world,DOM,Dominican Republic,7741694.0,level
1993-12-31,world,DOM,Dominican Republic,7594572.0,level
1992-12-31,world,DOM,Dominican Republic,7447474.0,level
1991-12-31,world,DOM,Dominican Republic,7299853.0,level
1990-12-31,world,DOM,Dominican Republic,7151166.0,level
1989-12-31,world,DOM,Dominican Republic,7002295.0,level
1988-12-31,world,DOM,Dominican Republic,6855734.0,level
1987-12-31,world,DOM,Dominican Republic,6712515.0,level
1986-12-31,world,DOM,Dominican Republic,6571208.0,level
1985-12-31,world,DOM,Dominican Republic,6430404.0,level
1984-12-31,world,DOM,Dominican Republic,6289040.0,level
1983-12-31,world,DOM,Dominican Republic,6147248.0,level
1982-12-31,world,DOM,Dominican Republic,6007114.0,level
1981-12-31,world,DOM,Dominican Republic,5868453.0,level
1980-12-31,world,DOM,Dominican Republic,5729037.0,level
1979-12-31,world,DOM,Dominican Republic,5589690.0,level
1978-12-31,world,DOM,Dominican Republic,5451882.0,level
1977-12-31,world,DOM,Dominican Republic,5315443.0,level
1976-12-31,world,DOM,Dominican Republic,5180404.0,level
1975-12-31,world,DOM,Dominican Republic,5046776.0,level
1974-12-31,world,DOM,Dominican Republic,4914197.0,level
1973-12-31,world,DOM,Dominican Republic,4782227.0,level
1972-12-31,world,DOM,Dominican Republic,4651883.0,level
1971-12-31,world,DOM,Dominican Republic,4524234.0,level
1970-12-31,world,DOM,Dominican Republic,4399290.0,level
1969-12-31,world,DOM,Dominican Republic,4277035.0,level
1968-12-31,world,DOM,Dominican Republic,4157189.0,level
1967-12-31,world,DOM,Dominican Republic,4038928.0,level
1966-12-31,world,DOM,Dominican Republic,3921847.0,level
1965-12-31,world,DOM,Dominican Republic,3808963.0,level
1964-12-31,world,DOM,Dominican Republic,3698559.0,level
1963-12-31,world,DOM,Dominican Republic,3588287.0,level
1962-12-31,world,DOM,Dominican Republic,3479936.0,level
1961-12-31,world,DOM,Dominican Republic,3373233.0,level
1960-12-31,world,DOM,Dominican Republic,3268336.0,level
2025-12-31,world,ECU,Ecuador,18289896.0,level
2024-12-31,world,ECU,Ecuador,18135478.0,level
2023-12-31,world,ECU,Ecuador,17980083.0,level
2022-12-31,world,ECU,Ecuador,17823897.0,level
2021-12-31,world,ECU,Ecuador,17682454.0,level
2020-12-31,world,ECU,Ecuador,17546065.0,level
2019-12-31,world,ECU,Ecuador,17340021.0,level
2018-12-31,world,ECU,Ecuador,17049547.0,level
2017-12-31,world,ECU,Ecuador,16759519.0,level
2016-12-31,world,ECU,Ecuador,16505139.0,level
2015-12-31,world,ECU,Ecuador,16266225.0,level
2014-12-31,world,ECU,Ecuador,16035124.0,level
2013-12-31,world,ECU,Ecuador,15807128.0,level
2012-12-31,world,ECU,Ecuador,15572194.0,level
2011-12-31,world,ECU,Ecuador,15326227.0,level
2010-12-31,world,ECU,Ecuador,15076695.0,level
2009-12-31,world,ECU,Ecuador,14825954.0,level
2008-12-31,world,ECU,Ecuador,14575202.0,level
2007-12-31,world,ECU,Ecuador,14328773.0,level
2006-12-31,world,ECU,Ecuador,14086131.0,level
2005-12-31,world,ECU,Ecuador,13846163.0,level
2004-12-31,world,ECU,Ecuador,13608701.0,level
2003-12-31,world,ECU,Ecuador,13372306.0,level
2002-12-31,world,ECU,Ecuador,13138472.0,level
2001-12-31,world,ECU,Ecuador,12910740.0,level
2000-12-31,world,ECU,Ecuador,12689206.0,level
1999-12-31,world,ECU,Ecuador,12470795.0,level
1998-12-31,world,ECU,Ecuador,12251184.0,level
1997-12-31,world,ECU,Ecuador,12031127.0,level
1996-12-31,world,ECU,Ecuador,11810950.0,level
1995-12-31,world,ECU,Ecuador,11590514.0,level
1994-12-31,world,ECU,Ecuador,11372197.0,level
1993-12-31,world,ECU,Ecuador,11154274.0,level
1992-12-31,world,ECU,Ecuador,10930128.0,level
1991-12-31,world,ECU,Ecuador,10702380.0,level
1990-12-31,world,ECU,Ecuador,10473673.0,level
1989-12-31,world,ECU,Ecuador,10241852.0,level
1988-12-31,world,ECU,Ecuador,10010808.0,level
1987-12-31,world,ECU,Ecuador,9779290.0,level
1986-12-31,world,ECU,Ecuador,9545998.0,level
1985-12-31,world,ECU,Ecuador,9311154.0,level
1984-12-31,world,ECU,Ecuador,9074782.0,level
1983-12-31,world,ECU,Ecuador,8840417.0,level
1982-12-31,world,ECU,Ecuador,8611298.0,level
1981-12-31,world,ECU,Ecuador,8386910.0,level
1980-12-31,world,ECU,Ecuador,8165877.0,level
1979-12-31,world,ECU,Ecuador,7948869.0,level
1978-12-31,world,ECU,Ecuador,7736167.0,level
1977-12-31,world,ECU,Ecuador,7526819.0,level
1976-12-31,world,ECU,Ecuador,7320912.0,level
1975-12-31,world,ECU,Ecuador,7118251.0,level
1974-12-31,world,ECU,Ecuador,6918573.0,level
1973-12-31,world,ECU,Ecuador,6722033.0,level
1972-12-31,world,ECU,Ecuador,6529034.0,level
1971-12-31,world,ECU,Ecuador,6340052.0,level
1970-12-31,world,ECU,Ecuador,6155387.0,level
1969-12-31,world,ECU,Ecuador,5975236.0,level
1968-12-31,world,ECU,Ecuador,5799680.0,level
1967-12-31,world,ECU,Ecuador,5629057.0,level
1966-12-31,world,ECU,Ecuador,5463748.0,level
1965-12-31,world,ECU,Ecuador,5303963.0,level
1964-12-31,world,ECU,Ecuador,5149918.0,level
1963-12-31,world,ECU,Ecuador,5001716.0,level
1962-12-31,world,ECU,Ecuador,4859269.0,level
1961-12-31,world,ECU,Ecuador,4722331.0,level
1960-12-31,world,ECU,Ecuador,4590891.0,level
2025-12-31,world,EGY,"Egypt, Arab Rep.",118365995.0,level
2024-12-31,world,EGY,"Egypt, Arab Rep.",116538258.0,level
2023-12-31,world,EGY,"Egypt, Arab Rep.",114535772.0,level
2022-12-31,world,EGY,"Egypt, Arab Rep.",112618250.0,level
2021-12-31,world,EGY,"Egypt, Arab Rep.",110957008.0,level
2020-12-31,world,EGY,"Egypt, Arab Rep.",109315124.0,level
2019-12-31,world,EGY,"Egypt, Arab Rep.",107553158.0,level
2018-12-31,world,EGY,"Egypt, Arab Rep.",105682094.0,level
2017-12-31,world,EGY,"Egypt, Arab Rep.",103696057.0,level
2016-12-31,world,EGY,"Egypt, Arab Rep.",101644589.0,level
2015-12-31,world,EGY,"Egypt, Arab Rep.",99597342.0,level
2014-12-31,world,EGY,"Egypt, Arab Rep.",97528654.0,level
2013-12-31,world,EGY,"Egypt, Arab Rep.",95333553.0,level
2012-12-31,world,EGY,"Egypt, Arab Rep.",93161001.0,level
2011-12-31,world,EGY,"Egypt, Arab Rep.",91093059.0,level
2010-12-31,world,EGY,"Egypt, Arab Rep.",89196072.0,level
2009-12-31,world,EGY,"Egypt, Arab Rep.",87501636.0,level
2008-12-31,world,EGY,"Egypt, Arab Rep.",85864789.0,level
2007-12-31,world,EGY,"Egypt, Arab Rep.",84276225.0,level
2006-12-31,world,EGY,"Egypt, Arab Rep.",82700403.0,level
2005-12-31,world,EGY,"Egypt, Arab Rep.",81101004.0,level
2004-12-31,world,EGY,"Egypt, Arab Rep.",79477443.0,level
2003-12-31,world,EGY,"Egypt, Arab Rep.",77853548.0,level
2002-12-31,world,EGY,"Egypt, Arab Rep.",76239137.0,level
2001-12-31,world,EGY,"Egypt, Arab Rep.",74652029.0,level
2000-12-31,world,EGY,"Egypt, Arab Rep.",73083284.0,level
1999-12-31,world,EGY,"Egypt, Arab Rep.",71520954.0,level
1998-12-31,world,EGY,"Egypt, Arab Rep.",69943294.0,level
1997-12-31,world,EGY,"Egypt, Arab Rep.",68431740.0,level
1996-12-31,world,EGY,"Egypt, Arab Rep.",67028048.0,level
1995-12-31,world,EGY,"Egypt, Arab Rep.",65652622.0,level
1994-12-31,world,EGY,"Egypt, Arab Rep.",64285589.0,level
1993-12-31,world,EGY,"Egypt, Arab Rep.",62915681.0,level
1992-12-31,world,EGY,"Egypt, Arab Rep.",61480660.0,level
1991-12-31,world,EGY,"Egypt, Arab Rep.",60028997.0,level
1990-12-31,world,EGY,"Egypt, Arab Rep.",58396618.0,level
1989-12-31,world,EGY,"Egypt, Arab Rep.",56710642.0,level
1988-12-31,world,EGY,"Egypt, Arab Rep.",55187681.0,level
1987-12-31,world,EGY,"Egypt, Arab Rep.",53674435.0,level
1986-12-31,world,EGY,"Egypt, Arab Rep.",52206295.0,level
1985-12-31,world,EGY,"Egypt, Arab Rep.",50734968.0,level
1984-12-31,world,EGY,"Egypt, Arab Rep.",49247334.0,level
1983-12-31,world,EGY,"Egypt, Arab Rep.",47786402.0,level
1982-12-31,world,EGY,"Egypt, Arab Rep.",46407611.0,level
1981-12-31,world,EGY,"Egypt, Arab Rep.",45147224.0,level
1980-12-31,world,EGY,"Egypt, Arab Rep.",43950413.0,level
1979-12-31,world,EGY,"Egypt, Arab Rep.",42818628.0,level
1978-12-31,world,EGY,"Egypt, Arab Rep.",41761431.0,level
1977-12-31,world,EGY,"Egypt, Arab Rep.",40748870.0,level
1976-12-31,world,EGY,"Egypt, Arab Rep.",39795557.0,level
1975-12-31,world,EGY,"Egypt, Arab Rep.",38875327.0,level
1974-12-31,world,EGY,"Egypt, Arab Rep.",37969667.0,level
1973-12-31,world,EGY,"Egypt, Arab Rep.",37102043.0,level
1972-12-31,world,EGY,"Egypt, Arab Rep.",36258328.0,level
1971-12-31,world,EGY,"Egypt, Arab Rep.",35433368.0,level
1970-12-31,world,EGY,"Egypt, Arab Rep.",34623990.0,level
1969-12-31,world,EGY,"Egypt, Arab Rep.",33811615.0,level
1968-12-31,world,EGY,"Egypt, Arab Rep.",32998319.0,level
1967-12-31,world,EGY,"Egypt, Arab Rep.",32196360.0,level
1966-12-31,world,EGY,"Egypt, Arab Rep.",31406541.0,level
1965-12-31,world,EGY,"Egypt, Arab Rep.",30629174.0,level
1964-12-31,world,EGY,"Egypt, Arab Rep.",29858922.0,level
1963-12-31,world,EGY,"Egypt, Arab Rep.",29091869.0,level
1962-12-31,world,EGY,"Egypt, Arab Rep.",28337013.0,level
1961-12-31,world,EGY,"Egypt, Arab Rep.",27600898.0,level
1960-12-31,world,EGY,"Egypt, Arab Rep.",26896479.0,level
2025-12-31,world,SLV,El Salvador,6365503.0,level
2024-12-31,world,SLV,El Salvador,6338193.0,level
2023-12-31,world,SLV,El Salvador,6309624.0,level
2022-12-31,world,SLV,El Salvador,6280319.0,level
2021-12-31,world,SLV,El Salvador,6255782.0,level
2020-12-31,world,SLV,El Salvador,6234673.0,level
2019-12-31,world,SLV,El Salvador,6222318.0,level
2018-12-31,world,SLV,El Salvador,6219807.0,level
2017-12-31,world,SLV,El Salvador,6213533.0,level
2016-12-31,world,SLV,El Salvador,6200800.0,level
2015-12-31,world,SLV,El Salvador,6183676.0,level
2014-12-31,world,SLV,El Salvador,6162955.0,level
2013-12-31,world,SLV,El Salvador,6138839.0,level
2012-12-31,world,SLV,El Salvador,6113975.0,level
2011-12-31,world,SLV,El Salvador,6090127.0,level
2010-12-31,world,SLV,El Salvador,6068249.0,level
2009-12-31,world,SLV,El Salvador,6048279.0,level
2008-12-31,world,SLV,El Salvador,6029297.0,level
2007-12-31,world,SLV,El Salvador,6009824.0,level
2006-12-31,world,SLV,El Salvador,6002319.0,level
2005-12-31,world,SLV,El Salvador,6005578.0,level
2004-12-31,world,SLV,El Salvador,6004671.0,level
2003-12-31,world,SLV,El Salvador,5998599.0,level
2002-12-31,world,SLV,El Salvador,5986631.0,level
2001-12-31,world,SLV,El Salvador,5968060.0,level
2000-12-31,world,SLV,El Salvador,5943366.0,level
1999-12-31,world,SLV,El Salvador,5913900.0,level
1998-12-31,world,SLV,El Salvador,5880781.0,level
1997-12-31,world,SLV,El Salvador,5844578.0,level
1996-12-31,world,SLV,El Salvador,5805286.0,level
1995-12-31,world,SLV,El Salvador,5762131.0,level
1994-12-31,world,SLV,El Salvador,5714129.0,level
1993-12-31,world,SLV,El Salvador,5659957.0,level
1992-12-31,world,SLV,El Salvador,5585609.0,level
1991-12-31,world,SLV,El Salvador,5495077.0,level
1990-12-31,world,SLV,El Salvador,5399726.0,level
1989-12-31,world,SLV,El Salvador,5298979.0,level
1988-12-31,world,SLV,El Salvador,5195833.0,level
1987-12-31,world,SLV,El Salvador,5092441.0,level
1986-12-31,world,SLV,El Salvador,4992769.0,level
1985-12-31,world,SLV,El Salvador,4894706.0,level
1984-12-31,world,SLV,El Salvador,4798003.0,level
1983-12-31,world,SLV,El Salvador,4707367.0,level
1982-12-31,world,SLV,El Salvador,4622477.0,level
1981-12-31,world,SLV,El Salvador,4570599.0,level
1980-12-31,world,SLV,El Salvador,4540382.0,level
1979-12-31,world,SLV,El Salvador,4480388.0,level
1978-12-31,world,SLV,El Salvador,4394114.0,level
1977-12-31,world,SLV,El Salvador,4301256.0,level
1976-12-31,world,SLV,El Salvador,4210310.0,level
1975-12-31,world,SLV,El Salvador,4120449.0,level
1974-12-31,world,SLV,El Salvador,4029671.0,level
1973-12-31,world,SLV,El Salvador,3938068.0,level
1972-12-31,world,SLV,El Salvador,3846830.0,level
1971-12-31,world,SLV,El Salvador,3757523.0,level
1970-12-31,world,SLV,El Salvador,3668796.0,level
1969-12-31,world,SLV,El Salvador,3576485.0,level
1968-12-31,world,SLV,El Salvador,3480773.0,level
1967-12-31,world,SLV,El Salvador,3385184.0,level
1966-12-31,world,SLV,El Salvador,3290961.0,level
1965-12-31,world,SLV,El Salvador,3199466.0,level
1964-12-31,world,SLV,El Salvador,3111883.0,level
1963-12-31,world,SLV,El Salvador,3028679.0,level
1962-12-31,world,SLV,El Salvador,2949204.0,level
1961-12-31,world,SLV,El Salvador,2870016.0,level
1960-12-31,world,SLV,El Salvador,2791459.0,level
2025-12-31,world,GNQ,Equatorial Guinea,1938431.0,level
2024-12-31,world,GNQ,Equatorial Guinea,1892516.0,level
2023-12-31,world,GNQ,Equatorial Guinea,1847549.0,level
2022-12-31,world,GNQ,Equatorial Guinea,1803545.0,level
2021-12-31,world,GNQ,Equatorial Guinea,1758786.0,level
2020-12-31,world,GNQ,Equatorial Guinea,1716468.0,level
2019-12-31,world,GNQ,Equatorial Guinea,1670177.0,level
2018-12-31,world,GNQ,Equatorial Guinea,1616422.0,level
2017-12-31,world,GNQ,Equatorial Guinea,1562396.0,level
2016-12-31,world,GNQ,Equatorial Guinea,1508186.0,level
2015-12-31,world,GNQ,Equatorial Guinea,1453923.0,level
2014-12-31,world,GNQ,Equatorial Guinea,1399828.0,level
2013-12-31,world,GNQ,Equatorial Guinea,1346218.0,level
2012-12-31,world,GNQ,Equatorial Guinea,1293483.0,level
2011-12-31,world,GNQ,Equatorial Guinea,1241835.0,level
2010-12-31,world,GNQ,Equatorial Guinea,1189085.0,level
2009-12-31,world,GNQ,Equatorial Guinea,1135673.0,level
2008-12-31,world,GNQ,Equatorial Guinea,1084530.0,level
2007-12-31,world,GNQ,Equatorial Guinea,1036044.0,level
2006-12-31,world,GNQ,Equatorial Guinea,990343.0,level
2005-12-31,world,GNQ,Equatorial Guinea,947367.0,level
2004-12-31,world,GNQ,Equatorial Guinea,899917.0,level
2003-12-31,world,GNQ,Equatorial Guinea,847862.0,level
2002-12-31,world,GNQ,Equatorial Guinea,797957.0,level
2001-12-31,world,GNQ,Equatorial Guinea,749836.0,level
2000-12-31,world,GNQ,Equatorial Guinea,703279.0,level
1999-12-31,world,GNQ,Equatorial Guinea,667214.0,level
1998-12-31,world,GNQ,Equatorial Guinea,641474.0,level
1997-12-31,world,GNQ,Equatorial Guinea,616893.0,level
1996-12-31,world,GNQ,Equatorial Guinea,593492.0,level
1995-12-31,world,GNQ,Equatorial Guinea,571264.0,level
1994-12-31,world,GNQ,Equatorial Guinea,550138.0,level
1993-12-31,world,GNQ,Equatorial Guinea,530023.0,level
1992-12-31,world,GNQ,Equatorial Guinea,510770.0,level
1991-12-31,world,GNQ,Equatorial Guinea,492217.0,level
1990-12-31,world,GNQ,Equatorial Guinea,474274.0,level
1989-12-31,world,GNQ,Equatorial Guinea,456808.0,level
1988-12-31,world,GNQ,Equatorial Guinea,439651.0,level
1987-12-31,world,GNQ,Equatorial Guinea,422522.0,level
1986-12-31,world,GNQ,Equatorial Guinea,404728.0,level
1985-12-31,world,GNQ,Equatorial Guinea,385547.0,level
1984-12-31,world,GNQ,Equatorial Guinea,364899.0,level
1983-12-31,world,GNQ,Equatorial Guinea,343421.0,level
1982-12-31,world,GNQ,Equatorial Guinea,322216.0,level
1981-12-31,world,GNQ,Equatorial Guinea,303252.0,level
1980-12-31,world,GNQ,Equatorial Guinea,288644.0,level
1979-12-31,world,GNQ,Equatorial Guinea,279846.0,level
1978-12-31,world,GNQ,Equatorial Guinea,276531.0,level
1977-12-31,world,GNQ,Equatorial Guinea,276779.0,level
1976-12-31,world,GNQ,Equatorial Guinea,281031.0,level
1975-12-31,world,GNQ,Equatorial Guinea,287901.0,level
1974-12-31,world,GNQ,Equatorial Guinea,294953.0,level
1973-12-31,world,GNQ,Equatorial Guinea,302281.0,level
1972-12-31,world,GNQ,Equatorial Guinea,309468.0,level
1971-12-31,world,GNQ,Equatorial Guinea,315940.0,level
1970-12-31,world,GNQ,Equatorial Guinea,320803.0,level
1969-12-31,world,GNQ,Equatorial Guinea,322517.0,level
1968-12-31,world,GNQ,Equatorial Guinea,318849.0,level
1967-12-31,world,GNQ,Equatorial Guinea,311805.0,level
1966-12-31,world,GNQ,Equatorial Guinea,304859.0,level
1965-12-31,world,GNQ,Equatorial Guinea,298238.0,level
1964-12-31,world,GNQ,Equatorial Guinea,291942.0,level
1963-12-31,world,GNQ,Equatorial Guinea,285965.0,level
1962-12-31,world,GNQ,Equatorial Guinea,280286.0,level
1961-12-31,world,GNQ,Equatorial Guinea,274896.0,level
1960-12-31,world,GNQ,Equatorial Guinea,269807.0,level
2025-12-31,world,ERI,Eritrea,3607003.0,level
2024-12-31,world,ERI,Eritrea,3535603.0,level
2023-12-31,world,ERI,Eritrea,3470390.0,level
2022-12-31,world,ERI,Eritrea,3409447.0,level
2021-12-31,world,ERI,Eritrea,3350183.0,level
2020-12-31,world,ERI,Eritrea,3291271.0,level
2019-12-31,world,ERI,Eritrea,3240194.0,level
2018-12-31,world,ERI,Eritrea,3192760.0,level
2017-12-31,world,ERI,Eritrea,3150347.0,level
2016-12-31,world,ERI,Eritrea,3124698.0,level
2015-12-31,world,ERI,Eritrea,3105546.0,level
2014-12-31,world,ERI,Eritrea,3095173.0,level
2013-12-31,world,ERI,Eritrea,3074360.0,level
2012-12-31,world,ERI,Eritrea,3036988.0,level
2011-12-31,world,ERI,Eritrea,2998485.0,level
2010-12-31,world,ERI,Eritrea,2945186.0,level
2009-12-31,world,ERI,Eritrea,2887885.0,level
2008-12-31,world,ERI,Eritrea,2816327.0,level
2007-12-31,world,ERI,Eritrea,2743222.0,level
2006-12-31,world,ERI,Eritrea,2703502.0,level
2005-12-31,world,ERI,Eritrea,2661215.0,level
2004-12-31,world,ERI,Eritrea,2598284.0,level
2003-12-31,world,ERI,Eritrea,2493903.0,level
2002-12-31,world,ERI,Eritrea,2392978.0,level
2001-12-31,world,ERI,Eritrea,2312079.0,level
2000-12-31,world,ERI,Eritrea,2247031.0,level
1999-12-31,world,ERI,Eritrea,2212780.0,level
1998-12-31,world,ERI,Eritrea,2180419.0,level
1997-12-31,world,ERI,Eritrea,2152135.0,level
1996-12-31,world,ERI,Eritrea,2128464.0,level
1995-12-31,world,ERI,Eritrea,2025267.0,level
1994-12-31,world,ERI,Eritrea,1913915.0,level
1993-12-31,world,ERI,Eritrea,1856006.0,level
1992-12-31,world,ERI,Eritrea,1798748.0,level
1991-12-31,world,ERI,Eritrea,1919571.0,level
1990-12-31,world,ERI,Eritrea,2032737.0,level
1989-12-31,world,ERI,Eritrea,1987017.0,level
1988-12-31,world,ERI,Eritrea,1938255.0,level
1987-12-31,world,ERI,Eritrea,1888669.0,level
1986-12-31,world,ERI,Eritrea,1845164.0,level
1985-12-31,world,ERI,Eritrea,1807816.0,level
1984-12-31,world,ERI,Eritrea,1771730.0,level
1983-12-31,world,ERI,Eritrea,1736160.0,level
1982-12-31,world,ERI,Eritrea,1695461.0,level
1981-12-31,world,ERI,Eritrea,1649939.0,level
1980-12-31,world,ERI,Eritrea,1605797.0,level
1979-12-31,world,ERI,Eritrea,1563332.0,level
1978-12-31,world,ERI,Eritrea,1522378.0,level
1977-12-31,world,ERI,Eritrea,1482565.0,level
1976-12-31,world,ERI,Eritrea,1443807.0,level
1975-12-31,world,ERI,Eritrea,1408210.0,level
1974-12-31,world,ERI,Eritrea,1375688.0,level
1973-12-31,world,ERI,Eritrea,1342669.0,level
1972-12-31,world,ERI,Eritrea,1309235.0,level
1971-12-31,world,ERI,Eritrea,1276154.0,level
1970-12-31,world,ERI,Eritrea,1243453.0,level
1969-12-31,world,ERI,Eritrea,1212005.0,level
1968-12-31,world,ERI,Eritrea,1181737.0,level
1967-12-31,world,ERI,Eritrea,1152339.0,level
1966-12-31,world,ERI,Eritrea,1124957.0,level
1965-12-31,world,ERI,Eritrea,1098335.0,level
1964-12-31,world,ERI,Eritrea,1071287.0,level
1963-12-31,world,ERI,Eritrea,1045092.0,level
1962-12-31,world,ERI,Eritrea,1019788.0,level
1961-12-31,world,ERI,Eritrea,995573.0,level
1960-12-31,world,ERI,Eritrea,972547.0,level
2025-12-31,world,EST,Estonia,1366475.0,level
2024-12-31,world,EST,Estonia,1372341.0,level
2023-12-31,world,EST,Estonia,1370286.0,level
2022-12-31,world,EST,Estonia,1348840.0,level
2021-12-31,world,EST,Estonia,1330932.0,level
2020-12-31,world,EST,Estonia,1329522.0,level
2019-12-31,world,EST,Estonia,1326898.0,level
2018-12-31,world,EST,Estonia,1321977.0,level
2017-12-31,world,EST,Estonia,1317384.0,level
2016-12-31,world,EST,Estonia,1315790.0,level
2015-12-31,world,EST,Estonia,1315407.0,level
2014-12-31,world,EST,Estonia,1314545.0,level
2013-12-31,world,EST,Estonia,1317997.0,level
2012-12-31,world,EST,Estonia,1322696.0,level
2011-12-31,world,EST,Estonia,1327439.0,level
2010-12-31,world,EST,Estonia,1331475.0,level
2009-12-31,world,EST,Estonia,1334515.0,level
2008-12-31,world,EST,Estonia,1337090.0,level
2007-12-31,world,EST,Estonia,1340680.0,level
2006-12-31,world,EST,Estonia,1346810.0,level
2005-12-31,world,EST,Estonia,1354775.0,level
2004-12-31,world,EST,Estonia,1362550.0,level
2003-12-31,world,EST,Estonia,1370720.0,level
2002-12-31,world,EST,Estonia,1379350.0,level
2001-12-31,world,EST,Estonia,1388115.0,level
2000-12-31,world,EST,Estonia,1396985.0,level
1999-12-31,world,EST,Estonia,1390244.0,level
1998-12-31,world,EST,Estonia,1386156.0,level
1997-12-31,world,EST,Estonia,1399535.0,level
1996-12-31,world,EST,Estonia,1415594.0,level
1995-12-31,world,EST,Estonia,1436634.0,level
1994-12-31,world,EST,Estonia,1462514.0,level
1993-12-31,world,EST,Estonia,1494128.0,level
1992-12-31,world,EST,Estonia,1533091.0,level
1991-12-31,world,EST,Estonia,1561314.0,level
1990-12-31,world,EST,Estonia,1569174.0,level
1989-12-31,world,EST,Estonia,1568131.0,level
1988-12-31,world,EST,Estonia,1561900.0,level
1987-12-31,world,EST,Estonia,1552221.0,level
1986-12-31,world,EST,Estonia,1540190.0,level
1985-12-31,world,EST,Estonia,1528781.0,level
1984-12-31,world,EST,Estonia,1518617.0,level
1983-12-31,world,EST,Estonia,1508745.0,level
1982-12-31,world,EST,Estonia,1498414.0,level
1981-12-31,world,EST,Estonia,1487666.0,level
1980-12-31,world,EST,Estonia,1477219.0,level
1979-12-31,world,EST,Estonia,1468333.0,level
1978-12-31,world,EST,Estonia,1460188.0,level
1977-12-31,world,EST,Estonia,1450211.0,level
1976-12-31,world,EST,Estonia,1439576.0,level
1975-12-31,world,EST,Estonia,1429352.0,level
1974-12-31,world,EST,Estonia,1418169.0,level
1973-12-31,world,EST,Estonia,1405951.0,level
1972-12-31,world,EST,Estonia,1392518.0,level
1971-12-31,world,EST,Estonia,1376955.0,level
1970-12-31,world,EST,Estonia,1360076.0,level
1969-12-31,world,EST,Estonia,1345249.0,level
1968-12-31,world,EST,Estonia,1331214.0,level
1967-12-31,world,EST,Estonia,1318946.0,level
1966-12-31,world,EST,Estonia,1308597.0,level
1965-12-31,world,EST,Estonia,1294566.0,level
1964-12-31,world,EST,Estonia,1277086.0,level
1963-12-31,world,EST,Estonia,1258857.0,level
1962-12-31,world,EST,Estonia,1241623.0,level
1961-12-31,world,EST,Estonia,1225077.0,level
1960-12-31,world,EST,Estonia,1211537.0,level
2025-12-31,world,SWZ,Eswatini,1256174.0,level
2024-12-31,world,SWZ,Eswatini,1242822.0,level
2023-12-31,world,SWZ,Eswatini,1230506.0,level
2022-12-31,world,SWZ,Eswatini,1218917.0,level
2021-12-31,world,SWZ,Eswatini,1206593.0,level
2020-12-31,world,SWZ,Eswatini,1192729.0,level
2019-12-31,world,SWZ,Eswatini,1179874.0,level
2018-12-31,world,SWZ,Eswatini,1168929.0,level
2017-12-31,world,SWZ,Eswatini,1158195.0,level
2016-12-31,world,SWZ,Eswatini,1149507.0,level
2015-12-31,world,SWZ,Eswatini,1142813.0,level
2014-12-31,world,SWZ,Eswatini,1136299.0,level
2013-12-31,world,SWZ,Eswatini,1129990.0,level
2012-12-31,world,SWZ,Eswatini,1123863.0,level
2011-12-31,world,SWZ,Eswatini,1117833.0,level
2010-12-31,world,SWZ,Eswatini,1111650.0,level
2009-12-31,world,SWZ,Eswatini,1105153.0,level
2008-12-31,world,SWZ,Eswatini,1098091.0,level
2007-12-31,world,SWZ,Eswatini,1090705.0,level
2006-12-31,world,SWZ,Eswatini,1084436.0,level
2005-12-31,world,SWZ,Eswatini,1079022.0,level
2004-12-31,world,SWZ,Eswatini,1073159.0,level
2003-12-31,world,SWZ,Eswatini,1066700.0,level
2002-12-31,world,SWZ,Eswatini,1059441.0,level
2001-12-31,world,SWZ,Eswatini,1051064.0,level
2000-12-31,world,SWZ,Eswatini,1041414.0,level
1999-12-31,world,SWZ,Eswatini,1030782.0,level
1998-12-31,world,SWZ,Eswatini,1019653.0,level
1997-12-31,world,SWZ,Eswatini,1006635.0,level
1996-12-31,world,SWZ,Eswatini,989841.0,level
1995-12-31,world,SWZ,Eswatini,970433.0,level
1994-12-31,world,SWZ,Eswatini,971212.0,level
1993-12-31,world,SWZ,Eswatini,971318.0,level
1992-12-31,world,SWZ,Eswatini,943416.0,level
1991-12-31,world,SWZ,Eswatini,908189.0,level
1990-12-31,world,SWZ,Eswatini,872428.0,level
1989-12-31,world,SWZ,Eswatini,837800.0,level
1988-12-31,world,SWZ,Eswatini,799798.0,level
1987-12-31,world,SWZ,Eswatini,763811.0,level
1986-12-31,world,SWZ,Eswatini,734732.0,level
1985-12-31,world,SWZ,Eswatini,706196.0,level
1984-12-31,world,SWZ,Eswatini,680783.0,level
1983-12-31,world,SWZ,Eswatini,658957.0,level
1982-12-31,world,SWZ,Eswatini,637652.0,level
1981-12-31,world,SWZ,Eswatini,616808.0,level
1980-12-31,world,SWZ,Eswatini,596644.0,level
1979-12-31,world,SWZ,Eswatini,577199.0,level
1978-12-31,world,SWZ,Eswatini,558446.0,level
1977-12-31,world,SWZ,Eswatini,540348.0,level
1976-12-31,world,SWZ,Eswatini,523330.0,level
1975-12-31,world,SWZ,Eswatini,507673.0,level
1974-12-31,world,SWZ,Eswatini,492988.0,level
1973-12-31,world,SWZ,Eswatini,479038.0,level
1972-12-31,world,SWZ,Eswatini,465788.0,level
1971-12-31,world,SWZ,Eswatini,453183.0,level
1970-12-31,world,SWZ,Eswatini,441216.0,level
1969-12-31,world,SWZ,Eswatini,429875.0,level
1968-12-31,world,SWZ,Eswatini,419147.0,level
1967-12-31,world,SWZ,Eswatini,409031.0,level
1966-12-31,world,SWZ,Eswatini,398766.0,level
1965-12-31,world,SWZ,Eswatini,388336.0,level
1964-12-31,world,SWZ,Eswatini,378656.0,level
1963-12-31,world,SWZ,Eswatini,369759.0,level
1962-12-31,world,SWZ,Eswatini,361365.0,level
1961-12-31,world,SWZ,Eswatini,353264.0,level
1960-12-31,world,SWZ,Eswatini,345337.0,level
2025-12-31,world,ETH,Ethiopia,135472051.0,level
2024-12-31,world,ETH,Ethiopia,132059767.0,level
2023-12-31,world,ETH,Ethiopia,128691692.0,level
2022-12-31,world,ETH,Ethiopia,125384287.0,level
2021-12-31,world,ETH,Ethiopia,122138588.0,level
2020-12-31,world,ETH,Ethiopia,118917671.0,level
2019-12-31,world,ETH,Ethiopia,115737383.0,level
2018-12-31,world,ETH,Ethiopia,112664152.0,level
2017-12-31,world,ETH,Ethiopia,109666481.0,level
2016-12-31,world,ETH,Ethiopia,106718162.0,level
2015-12-31,world,ETH,Ethiopia,103867135.0,level
2014-12-31,world,ETH,Ethiopia,101115610.0,level
2013-12-31,world,ETH,Ethiopia,98438751.0,level
2012-12-31,world,ETH,Ethiopia,95798767.0,level
2011-12-31,world,ETH,Ethiopia,93149970.0,level
2010-12-31,world,ETH,Ethiopia,90538514.0,level
2009-12-31,world,ETH,Ethiopia,88007636.0,level
2008-12-31,world,ETH,Ethiopia,85543668.0,level
2007-12-31,world,ETH,Ethiopia,83103217.0,level
2006-12-31,world,ETH,Ethiopia,80703490.0,level
2005-12-31,world,ETH,Ethiopia,78367470.0,level
2004-12-31,world,ETH,Ethiopia,76077206.0,level
2003-12-31,world,ETH,Ethiopia,73832663.0,level
2002-12-31,world,ETH,Ethiopia,71635517.0,level
2001-12-31,world,ETH,Ethiopia,69487762.0,level
2000-12-31,world,ETH,Ethiopia,67411494.0,level
1999-12-31,world,ETH,Ethiopia,65374561.0,level
1998-12-31,world,ETH,Ethiopia,63363524.0,level
1997-12-31,world,ETH,Ethiopia,61404539.0,level
1996-12-31,world,ETH,Ethiopia,59467635.0,level
1995-12-31,world,ETH,Ethiopia,57537335.0,level
1994-12-31,world,ETH,Ethiopia,55611508.0,level
1993-12-31,world,ETH,Ethiopia,53708891.0,level
1992-12-31,world,ETH,Ethiopia,51853747.0,level
1991-12-31,world,ETH,Ethiopia,49717198.0,level
1990-12-31,world,ETH,Ethiopia,47609755.0,level
1989-12-31,world,ETH,Ethiopia,45879690.0,level
1988-12-31,world,ETH,Ethiopia,44150825.0,level
1987-12-31,world,ETH,Ethiopia,42460039.0,level
1986-12-31,world,ETH,Ethiopia,41037656.0,level
1985-12-31,world,ETH,Ethiopia,39842136.0,level
1984-12-31,world,ETH,Ethiopia,38735722.0,level
1983-12-31,world,ETH,Ethiopia,37740817.0,level
1982-12-31,world,ETH,Ethiopia,36701290.0,level
1981-12-31,world,ETH,Ethiopia,35304012.0,level
1980-12-31,world,ETH,Ethiopia,34428514.0,level
1979-12-31,world,ETH,Ethiopia,34238652.0,level
1978-12-31,world,ETH,Ethiopia,33734592.0,level
1977-12-31,world,ETH,Ethiopia,33167272.0,level
1976-12-31,world,ETH,Ethiopia,32534418.0,level
1975-12-31,world,ETH,Ethiopia,31723252.0,level
1974-12-31,world,ETH,Ethiopia,30957273.0,level
1973-12-31,world,ETH,Ethiopia,30166785.0,level
1972-12-31,world,ETH,Ethiopia,29374608.0,level
1971-12-31,world,ETH,Ethiopia,28600106.0,level
1970-12-31,world,ETH,Ethiopia,27829128.0,level
1969-12-31,world,ETH,Ethiopia,27072571.0,level
1968-12-31,world,ETH,Ethiopia,26337930.0,level
1967-12-31,world,ETH,Ethiopia,25620276.0,level
1966-12-31,world,ETH,Ethiopia,24952689.0,level
1965-12-31,world,ETH,Ethiopia,24310612.0,level
1964-12-31,world,ETH,Ethiopia,23666548.0,level
1963-12-31,world,ETH,Ethiopia,23051637.0,level
1962-12-31,world,ETH,Ethiopia,22465126.0,level
1961-12-31,world,ETH,Ethiopia,21906102.0,level
1960-12-31,world,ETH,Ethiopia,21376693.0,level
2025-12-31,world,FRO,Faroe Islands,54900.0,level
2024-12-31,world,FRO,Faroe Islands,54640.0,level
2023-12-31,world,FRO,Faroe Islands,54398.0,level
2022-12-31,world,FRO,Faroe Islands,53903.0,level
2021-12-31,world,FRO,Faroe Islands,53291.0,level
2020-12-31,world,FRO,Faroe Islands,52561.0,level
2019-12-31,world,FRO,Faroe Islands,51790.0,level
2018-12-31,world,FRO,Faroe Islands,50997.0,level
2017-12-31,world,FRO,Faroe Islands,50179.0,level
2016-12-31,world,FRO,Faroe Islands,49463.0,level
2015-12-31,world,FRO,Faroe Islands,48898.0,level
2014-12-31,world,FRO,Faroe Islands,48427.0,level
2013-12-31,world,FRO,Faroe Islands,48245.0,level
2012-12-31,world,FRO,Faroe Islands,48290.0,level
2011-12-31,world,FRO,Faroe Islands,48542.0,level
2010-12-31,world,FRO,Faroe Islands,48656.0,level
2009-12-31,world,FRO,Faroe Islands,48790.0,level
2008-12-31,world,FRO,Faroe Islands,48547.0,level
2007-12-31,world,FRO,Faroe Islands,48378.0,level
2006-12-31,world,FRO,Faroe Islands,48335.0,level
2005-12-31,world,FRO,Faroe Islands,48359.0,level
2004-12-31,world,FRO,Faroe Islands,48384.0,level
2003-12-31,world,FRO,Faroe Islands,48032.0,level
2002-12-31,world,FRO,Faroe Islands,47335.0,level
2001-12-31,world,FRO,Faroe Islands,46635.0,level
2000-12-31,world,FRO,Faroe Islands,45754.0,level
1999-12-31,world,FRO,Faroe Islands,45146.0,level
1998-12-31,world,FRO,Faroe Islands,44674.0,level
1997-12-31,world,FRO,Faroe Islands,44132.0,level
1996-12-31,world,FRO,Faroe Islands,43581.0,level
1995-12-31,world,FRO,Faroe Islands,43611.0,level
1994-12-31,world,FRO,Faroe Islands,44695.0,level
1993-12-31,world,FRO,Faroe Islands,46474.0,level
1992-12-31,world,FRO,Faroe Islands,47287.0,level
1991-12-31,world,FRO,Faroe Islands,47447.0,level
1990-12-31,world,FRO,Faroe Islands,47741.0,level
1989-12-31,world,FRO,Faroe Islands,47959.0,level
1988-12-31,world,FRO,Faroe Islands,47356.0,level
1987-12-31,world,FRO,Faroe Islands,46702.0,level
1986-12-31,world,FRO,Faroe Islands,46132.0,level
1985-12-31,world,FRO,Faroe Islands,45709.0,level
1984-12-31,world,FRO,Faroe Islands,45141.0,level
1983-12-31,world,FRO,Faroe Islands,44670.0,level
1982-12-31,world,FRO,Faroe Islands,44171.0,level
1981-12-31,world,FRO,Faroe Islands,43626.0,level
1980-12-31,world,FRO,Faroe Islands,43072.0,level
1979-12-31,world,FRO,Faroe Islands,42521.0,level
1978-12-31,world,FRO,Faroe Islands,41968.0,level
1977-12-31,world,FRO,Faroe Islands,41468.0,level
1976-12-31,world,FRO,Faroe Islands,41020.0,level
1975-12-31,world,FRO,Faroe Islands,40568.0,level
1974-12-31,world,FRO,Faroe Islands,40106.0,level
1973-12-31,world,FRO,Faroe Islands,39636.0,level
1972-12-31,world,FRO,Faroe Islands,39172.0,level
1971-12-31,world,FRO,Faroe Islands,38703.0,level
1970-12-31,world,FRO,Faroe Islands,38269.0,level
1969-12-31,world,FRO,Faroe Islands,37907.0,level
1968-12-31,world,FRO,Faroe Islands,37560.0,level
1967-12-31,world,FRO,Faroe Islands,37202.0,level
1966-12-31,world,FRO,Faroe Islands,36816.0,level
1965-12-31,world,FRO,Faroe Islands,36347.0,level
1964-12-31,world,FRO,Faroe Islands,35847.0,level
1963-12-31,world,FRO,Faroe Islands,35391.0,level
1962-12-31,world,FRO,Faroe Islands,34963.0,level
1961-12-31,world,FRO,Faroe Islands,34557.0,level
1960-12-31,world,FRO,Faroe Islands,34127.0,level
2025-12-31,world,FJI,Fiji,933154.0,level
2024-12-31,world,FJI,Fiji,928784.0,level
2023-12-31,world,FJI,Fiji,924145.0,level
2022-12-31,world,FJI,Fiji,919422.0,level
2021-12-31,world,FJI,Fiji,916711.0,level
2020-12-31,world,FJI,Fiji,914963.0,level
2019-12-31,world,FJI,Fiji,914899.0,level
2018-12-31,world,FJI,Fiji,917180.0,level
2017-12-31,world,FJI,Fiji,918759.0,level
2016-12-31,world,FJI,Fiji,919166.0,level
2015-12-31,world,FJI,Fiji,918578.0,level
2014-12-31,world,FJI,Fiji,917585.0,level
2013-12-31,world,FJI,Fiji,916352.0,level
2012-12-31,world,FJI,Fiji,914918.0,level
2011-12-31,world,FJI,Fiji,912989.0,level
2010-12-31,world,FJI,Fiji,910419.0,level
2009-12-31,world,FJI,Fiji,907239.0,level
2008-12-31,world,FJI,Fiji,903399.0,level
2007-12-31,world,FJI,Fiji,897832.0,level
2006-12-31,world,FJI,Fiji,890365.0,level
2005-12-31,world,FJI,Fiji,882379.0,level
2004-12-31,world,FJI,Fiji,874366.0,level
2003-12-31,world,FJI,Fiji,866286.0,level
2002-12-31,world,FJI,Fiji,858049.0,level
2001-12-31,world,FJI,Fiji,849596.0,level
2000-12-31,world,FJI,Fiji,840909.0,level
1999-12-31,world,FJI,Fiji,831828.0,level
1998-12-31,world,FJI,Fiji,822258.0,level
1997-12-31,world,FJI,Fiji,812139.0,level
1996-12-31,world,FJI,Fiji,803789.0,level
1995-12-31,world,FJI,Fiji,798746.0,level
1994-12-31,world,FJI,Fiji,794771.0,level
1993-12-31,world,FJI,Fiji,790369.0,level
1992-12-31,world,FJI,Fiji,785346.0,level
1991-12-31,world,FJI,Fiji,779656.0,level
1990-12-31,world,FJI,Fiji,773316.0,level
1989-12-31,world,FJI,Fiji,766321.0,level
1988-12-31,world,FJI,Fiji,758697.0,level
1987-12-31,world,FJI,Fiji,750540.0,level
1986-12-31,world,FJI,Fiji,739306.0,level
1985-12-31,world,FJI,Fiji,723761.0,level
1984-12-31,world,FJI,Fiji,706716.0,level
1983-12-31,world,FJI,Fiji,689835.0,level
1982-12-31,world,FJI,Fiji,673414.0,level
1981-12-31,world,FJI,Fiji,657471.0,level
1980-12-31,world,FJI,Fiji,641975.0,level
1979-12-31,world,FJI,Fiji,626862.0,level
1978-12-31,world,FJI,Fiji,612091.0,level
1977-12-31,world,FJI,Fiji,597805.0,level
1976-12-31,world,FJI,Fiji,585534.0,level
1975-12-31,world,FJI,Fiji,575906.0,level
1974-12-31,world,FJI,Fiji,567489.0,level
1973-12-31,world,FJI,Fiji,559222.0,level
1972-12-31,world,FJI,Fiji,550499.0,level
1971-12-31,world,FJI,Fiji,541121.0,level
1970-12-31,world,FJI,Fiji,531188.0,level
1969-12-31,world,FJI,Fiji,520797.0,level
1968-12-31,world,FJI,Fiji,510002.0,level
1967-12-31,world,FJI,Fiji,498873.0,level
1966-12-31,world,FJI,Fiji,486487.0,level
1965-12-31,world,FJI,Fiji,472575.0,level
1964-12-31,world,FJI,Fiji,458324.0,level
1963-12-31,world,FJI,Fiji,444276.0,level
1962-12-31,world,FJI,Fiji,430536.0,level
1961-12-31,world,FJI,Fiji,417406.0,level
1960-12-31,world,FJI,Fiji,404887.0,level
2025-12-31,world,FIN,Finland,5646436.0,level
2024-12-31,world,FIN,Finland,5619911.0,level
2023-12-31,world,FIN,Finland,5583911.0,level
2022-12-31,world,FIN,Finland,5556106.0,level
2021-12-31,world,FIN,Finland,5541017.0,level
2020-12-31,world,FIN,Finland,5529543.0,level
2019-12-31,world,FIN,Finland,5521606.0,level
2018-12-31,world,FIN,Finland,5515525.0,level
2017-12-31,world,FIN,Finland,5508214.0,level
2016-12-31,world,FIN,Finland,5495303.0,level
2015-12-31,world,FIN,Finland,5479531.0,level
2014-12-31,world,FIN,Finland,5461512.0,level
2013-12-31,world,FIN,Finland,5438972.0,level
2012-12-31,world,FIN,Finland,5413971.0,level
2011-12-31,world,FIN,Finland,5388272.0,level
2010-12-31,world,FIN,Finland,5363352.0,level
2009-12-31,world,FIN,Finland,5338871.0,level
2008-12-31,world,FIN,Finland,5313399.0,level
2007-12-31,world,FIN,Finland,5288720.0,level
2006-12-31,world,FIN,Finland,5266268.0,level
2005-12-31,world,FIN,Finland,5246096.0,level
2004-12-31,world,FIN,Finland,5228172.0,level
2003-12-31,world,FIN,Finland,5213014.0,level
2002-12-31,world,FIN,Finland,5200598.0,level
2001-12-31,world,FIN,Finland,5188008.0,level
2000-12-31,world,FIN,Finland,5176209.0,level
1999-12-31,world,FIN,Finland,5165474.0,level
1998-12-31,world,FIN,Finland,5153498.0,level
1997-12-31,world,FIN,Finland,5139835.0,level
1996-12-31,world,FIN,Finland,5124573.0,level
1995-12-31,world,FIN,Finland,5107790.0,level
1994-12-31,world,FIN,Finland,5088333.0,level
1993-12-31,world,FIN,Finland,5066447.0,level
1992-12-31,world,FIN,Finland,5041992.0,level
1991-12-31,world,FIN,Finland,5013740.0,level
1990-12-31,world,FIN,Finland,4986431.0,level
1989-12-31,world,FIN,Finland,4964371.0,level
1988-12-31,world,FIN,Finland,4946481.0,level
1987-12-31,world,FIN,Finland,4932123.0,level
1986-12-31,world,FIN,Finland,4918154.0,level
1985-12-31,world,FIN,Finland,4902206.0,level
1984-12-31,world,FIN,Finland,4881803.0,level
1983-12-31,world,FIN,Finland,4855787.0,level
1982-12-31,world,FIN,Finland,4826933.0,level
1981-12-31,world,FIN,Finland,4799964.0,level
1980-12-31,world,FIN,Finland,4779535.0,level
1979-12-31,world,FIN,Finland,4764690.0,level
1978-12-31,world,FIN,Finland,4752528.0,level
1977-12-31,world,FIN,Finland,4738902.0,level
1976-12-31,world,FIN,Finland,4725664.0,level
1975-12-31,world,FIN,Finland,4711440.0,level
1974-12-31,world,FIN,Finland,4690574.0,level
1973-12-31,world,FIN,Finland,4666081.0,level
1972-12-31,world,FIN,Finland,4639657.0,level
1971-12-31,world,FIN,Finland,4612124.0,level
1970-12-31,world,FIN,Finland,4606307.0,level
1969-12-31,world,FIN,Finland,4623785.0,level
1968-12-31,world,FIN,Finland,4626469.0,level
1967-12-31,world,FIN,Finland,4605744.0,level
1966-12-31,world,FIN,Finland,4580869.0,level
1965-12-31,world,FIN,Finland,4563732.0,level
1964-12-31,world,FIN,Finland,4548543.0,level
1963-12-31,world,FIN,Finland,4523309.0,level
1962-12-31,world,FIN,Finland,4491443.0,level
1961-12-31,world,FIN,Finland,4461005.0,level
1960-12-31,world,FIN,Finland,4429634.0,level
2025-12-31,world,FRA,France,68720337.0,level
2024-12-31,world,FRA,France,68551653.0,level
2023-12-31,world,FRA,France,68372286.0,level
2022-12-31,world,FRA,France,68184457.0,level
2021-12-31,world,FRA,France,67842811.0,level
2020-12-31,world,FRA,France,67601110.0,level
2019-12-31,world,FRA,France,67382061.0,level
2018-12-31,world,FRA,France,67158348.0,level
2017-12-31,world,FRA,France,66918020.0,level
2016-12-31,world,FRA,France,66724104.0,level
2015-12-31,world,FRA,France,66548272.0,level
2014-12-31,world,FRA,France,66312067.0,level
2013-12-31,world,FRA,France,65997932.0,level
2012-12-31,world,FRA,France,65657659.0,level
2011-12-31,world,FRA,France,65340830.0,level
2010-12-31,world,FRA,France,65026211.0,level
2009-12-31,world,FRA,France,64706436.0,level
2008-12-31,world,FRA,France,64375116.0,level
2007-12-31,world,FRA,France,64016890.0,level
2006-12-31,world,FRA,France,63622342.0,level
2005-12-31,world,FRA,France,63180854.0,level
2004-12-31,world,FRA,France,62707588.0,level
2003-12-31,world,FRA,France,62249855.0,level
2002-12-31,world,FRA,France,61812142.0,level
2001-12-31,world,FRA,France,61364377.0,level
2000-12-31,world,FRA,France,60918661.0,level
1999-12-31,world,FRA,France,60501986.0,level
1998-12-31,world,FRA,France,60190684.0,level
1997-12-31,world,FRA,France,59968066.0,level
1996-12-31,world,FRA,France,59754504.0,level
1995-12-31,world,FRA,France,59541294.0,level
1994-12-31,world,FRA,France,59324863.0,level
1993-12-31,world,FRA,France,59103094.0,level
1992-12-31,world,FRA,France,58846584.0,level
1991-12-31,world,FRA,France,58554242.0,level
1990-12-31,world,FRA,France,58261012.0,level
1989-12-31,world,FRA,France,57943062.0,level
1988-12-31,world,FRA,France,57598186.0,level
1987-12-31,world,FRA,France,57266167.0,level
1986-12-31,world,FRA,France,56956002.0,level
1985-12-31,world,FRA,France,56665619.0,level
1984-12-31,world,FRA,France,56383085.0,level
1983-12-31,world,FRA,France,56108330.0,level
1982-12-31,world,FRA,France,55806789.0,level
1981-12-31,world,FRA,France,55603353.0,level
1980-12-31,world,FRA,France,55274184.0,level
1979-12-31,world,FRA,France,54979851.0,level
1978-12-31,world,FRA,France,54734030.0,level
1977-12-31,world,FRA,France,54486467.0,level
1976-12-31,world,FRA,France,54232383.0,level
1975-12-31,world,FRA,France,54002853.0,level
1974-12-31,world,FRA,France,53746571.0,level
1973-12-31,world,FRA,France,53392161.0,level
1972-12-31,world,FRA,France,52962356.0,level
1971-12-31,world,FRA,France,52499553.0,level
1970-12-31,world,FRA,France,52007169.0,level
1969-12-31,world,FRA,France,51536014.0,level
1968-12-31,world,FRA,France,51112980.0,level
1967-12-31,world,FRA,France,50722791.0,level
1966-12-31,world,FRA,France,50311637.0,level
1965-12-31,world,FRA,France,49877725.0,level
1964-12-31,world,FRA,France,49401492.0,level
1963-12-31,world,FRA,France,48877567.0,level
1962-12-31,world,FRA,France,48389516.0,level
1961-12-31,world,FRA,France,47905982.0,level
1960-12-31,world,FRA,France,47412964.0,level
2025-12-31,world,PYF,French Polynesia,282465.0,level
2024-12-31,world,PYF,French Polynesia,281807.0,level
2023-12-31,world,PYF,French Polynesia,281118.0,level
2022-12-31,world,PYF,French Polynesia,280378.0,level
2021-12-31,world,PYF,French Polynesia,279792.0,level
2020-12-31,world,PYF,French Polynesia,279209.0,level
2019-12-31,world,PYF,French Polynesia,279034.0,level
2018-12-31,world,PYF,French Polynesia,279815.0,level
2017-12-31,world,PYF,French Polynesia,280087.0,level
2016-12-31,world,PYF,French Polynesia,279178.0,level
2015-12-31,world,PYF,French Polynesia,277866.0,level
2014-12-31,world,PYF,French Polynesia,276387.0,level
2013-12-31,world,PYF,French Polynesia,274728.0,level
2012-12-31,world,PYF,French Polynesia,273084.0,level
2011-12-31,world,PYF,French Polynesia,271727.0,level
2010-12-31,world,PYF,French Polynesia,270580.0,level
2009-12-31,world,PYF,French Polynesia,269481.0,level
2008-12-31,world,PYF,French Polynesia,268379.0,level
2007-12-31,world,PYF,French Polynesia,266438.0,level
2006-12-31,world,PYF,French Polynesia,263223.0,level
2005-12-31,world,PYF,French Polynesia,259507.0,level
2004-12-31,world,PYF,French Polynesia,255654.0,level
2003-12-31,world,PYF,French Polynesia,251637.0,level
2002-12-31,world,PYF,French Polynesia,247775.0,level
2001-12-31,world,PYF,French Polynesia,244097.0,level
2000-12-31,world,PYF,French Polynesia,240337.0,level
1999-12-31,world,PYF,French Polynesia,236595.0,level
1998-12-31,world,PYF,French Polynesia,232891.0,level
1997-12-31,world,PYF,French Polynesia,229121.0,level
1996-12-31,world,PYF,French Polynesia,225489.0,level
1995-12-31,world,PYF,French Polynesia,222118.0,level
1994-12-31,world,PYF,French Polynesia,218738.0,level
1993-12-31,world,PYF,French Polynesia,215219.0,level
1992-12-31,world,PYF,French Polynesia,211559.0,level
1991-12-31,world,PYF,French Polynesia,207744.0,level
1990-12-31,world,PYF,French Polynesia,203776.0,level
1989-12-31,world,PYF,French Polynesia,199643.0,level
1988-12-31,world,PYF,French Polynesia,195193.0,level
1987-12-31,world,PYF,French Polynesia,190449.0,level
1986-12-31,world,PYF,French Polynesia,185669.0,level
1985-12-31,world,PYF,French Polynesia,180988.0,level
1984-12-31,world,PYF,French Polynesia,176469.0,level
1983-12-31,world,PYF,French Polynesia,171750.0,level
1982-12-31,world,PYF,French Polynesia,166646.0,level
1981-12-31,world,PYF,French Polynesia,161506.0,level
1980-12-31,world,PYF,French Polynesia,156471.0,level
1979-12-31,world,PYF,French Polynesia,151569.0,level
1978-12-31,world,PYF,French Polynesia,146821.0,level
1977-12-31,world,PYF,French Polynesia,142313.0,level
1976-12-31,world,PYF,French Polynesia,138114.0,level
1975-12-31,world,PYF,French Polynesia,134045.0,level
1974-12-31,world,PYF,French Polynesia,129960.0,level
1973-12-31,world,PYF,French Polynesia,125897.0,level
1972-12-31,world,PYF,French Polynesia,121886.0,level
1971-12-31,world,PYF,French Polynesia,117945.0,level
1970-12-31,world,PYF,French Polynesia,114010.0,level
1969-12-31,world,PYF,French Polynesia,110111.0,level
1968-12-31,world,PYF,French Polynesia,106353.0,level
1967-12-31,world,PYF,French Polynesia,102754.0,level
1966-12-31,world,PYF,French Polynesia,99320.0,level
1965-12-31,world,PYF,French Polynesia,96017.0,level
1964-12-31,world,PYF,French Polynesia,92823.0,level
1963-12-31,world,PYF,French Polynesia,89737.0,level
1962-12-31,world,PYF,French Polynesia,87261.0,level
1961-12-31,world,PYF,French Polynesia,85434.0,level
1960-12-31,world,PYF,French Polynesia,83671.0,level
2025-12-31,world,GAB,Gabon,2593130.0,level
2024-12-31,world,GAB,Gabon,2538952.0,level
2023-12-31,world,GAB,Gabon,2484789.0,level
2022-12-31,world,GAB,Gabon,2430747.0,level
2021-12-31,world,GAB,Gabon,2376722.0,level
2020-12-31,world,GAB,Gabon,2322539.0,level
2019-12-31,world,GAB,Gabon,2267706.0,level
2018-12-31,world,GAB,Gabon,2212318.0,level
2017-12-31,world,GAB,Gabon,2156900.0,level
2016-12-31,world,GAB,Gabon,2100306.0,level
2015-12-31,world,GAB,Gabon,2040989.0,level
2014-12-31,world,GAB,Gabon,1978399.0,level
2013-12-31,world,GAB,Gabon,1913059.0,level
2012-12-31,world,GAB,Gabon,1846889.0,level
2011-12-31,world,GAB,Gabon,1781985.0,level
2010-12-31,world,GAB,Gabon,1719879.0,level
2009-12-31,world,GAB,Gabon,1661556.0,level
2008-12-31,world,GAB,Gabon,1607175.0,level
2007-12-31,world,GAB,Gabon,1556237.0,level
2006-12-31,world,GAB,Gabon,1508337.0,level
2005-12-31,world,GAB,Gabon,1463495.0,level
2004-12-31,world,GAB,Gabon,1421609.0,level
2003-12-31,world,GAB,Gabon,1382350.0,level
2002-12-31,world,GAB,Gabon,1345135.0,level
2001-12-31,world,GAB,Gabon,1309589.0,level
2000-12-31,world,GAB,Gabon,1275572.0,level
1999-12-31,world,GAB,Gabon,1243016.0,level
1998-12-31,world,GAB,Gabon,1211736.0,level
1997-12-31,world,GAB,Gabon,1181439.0,level
1996-12-31,world,GAB,Gabon,1152015.0,level
1995-12-31,world,GAB,Gabon,1123213.0,level
1994-12-31,world,GAB,Gabon,1094720.0,level
1993-12-31,world,GAB,Gabon,1066405.0,level
1992-12-31,world,GAB,Gabon,1038380.0,level
1991-12-31,world,GAB,Gabon,1010818.0,level
1990-12-31,world,GAB,Gabon,983734.0,level
1989-12-31,world,GAB,Gabon,957138.0,level
1988-12-31,world,GAB,Gabon,931020.0,level
1987-12-31,world,GAB,Gabon,905479.0,level
1986-12-31,world,GAB,Gabon,880705.0,level
1985-12-31,world,GAB,Gabon,856726.0,level
1984-12-31,world,GAB,Gabon,833501.0,level
1983-12-31,world,GAB,Gabon,811005.0,level
1982-12-31,world,GAB,Gabon,789286.0,level
1981-12-31,world,GAB,Gabon,768385.0,level
1980-12-31,world,GAB,Gabon,748389.0,level
1979-12-31,world,GAB,Gabon,729375.0,level
1978-12-31,world,GAB,Gabon,711245.0,level
1977-12-31,world,GAB,Gabon,693984.0,level
1976-12-31,world,GAB,Gabon,677628.0,level
1975-12-31,world,GAB,Gabon,662197.0,level
1974-12-31,world,GAB,Gabon,647691.0,level
1973-12-31,world,GAB,Gabon,633995.0,level
1972-12-31,world,GAB,Gabon,620960.0,level
1971-12-31,world,GAB,Gabon,608348.0,level
1970-12-31,world,GAB,Gabon,595846.0,level
1969-12-31,world,GAB,Gabon,583276.0,level
1968-12-31,world,GAB,Gabon,572257.0,level
1967-12-31,world,GAB,Gabon,563108.0,level
1966-12-31,world,GAB,Gabon,554463.0,level
1965-12-31,world,GAB,Gabon,546308.0,level
1964-12-31,world,GAB,Gabon,538657.0,level
1963-12-31,world,GAB,Gabon,531452.0,level
1962-12-31,world,GAB,Gabon,524649.0,level
1961-12-31,world,GAB,Gabon,518266.0,level
1960-12-31,world,GAB,Gabon,512316.0,level
2025-12-31,world,GMB,"Gambia, The",2822093.0,level
2024-12-31,world,GMB,"Gambia, The",2759988.0,level
2023-12-31,world,GMB,"Gambia, The",2697845.0,level
2022-12-31,world,GMB,"Gambia, The",2636470.0,level
2021-12-31,world,GMB,"Gambia, The",2576010.0,level
2020-12-31,world,GMB,"Gambia, The",2515733.0,level
2019-12-31,world,GMB,"Gambia, The",2456844.0,level
2018-12-31,world,GMB,"Gambia, The",2399632.0,level
2017-12-31,world,GMB,"Gambia, The",2342189.0,level
2016-12-31,world,GMB,"Gambia, The",2283769.0,level
2015-12-31,world,GMB,"Gambia, The",2224529.0,level
2014-12-31,world,GMB,"Gambia, The",2164528.0,level
2013-12-31,world,GMB,"Gambia, The",2103820.0,level
2012-12-31,world,GMB,"Gambia, The",2043094.0,level
2011-12-31,world,GMB,"Gambia, The",1983784.0,level
2010-12-31,world,GMB,"Gambia, The",1926630.0,level
2009-12-31,world,GMB,"Gambia, The",1871422.0,level
2008-12-31,world,GMB,"Gambia, The",1817852.0,level
2007-12-31,world,GMB,"Gambia, The",1765774.0,level
2006-12-31,world,GMB,"Gambia, The",1715275.0,level
2005-12-31,world,GMB,"Gambia, The",1667037.0,level
2004-12-31,world,GMB,"Gambia, The",1621312.0,level
2003-12-31,world,GMB,"Gambia, The",1577611.0,level
2002-12-31,world,GMB,"Gambia, The",1535691.0,level
2001-12-31,world,GMB,"Gambia, The",1495011.0,level
2000-12-31,world,GMB,"Gambia, The",1455084.0,level
1999-12-31,world,GMB,"Gambia, The",1415779.0,level
1998-12-31,world,GMB,"Gambia, The",1376987.0,level
1997-12-31,world,GMB,"Gambia, The",1338889.0,level
1996-12-31,world,GMB,"Gambia, The",1301410.0,level
1995-12-31,world,GMB,"Gambia, The",1264313.0,level
1994-12-31,world,GMB,"Gambia, The",1227226.0,level
1993-12-31,world,GMB,"Gambia, The",1188365.0,level
1992-12-31,world,GMB,"Gambia, The",1145582.0,level
1991-12-31,world,GMB,"Gambia, The",1099959.0,level
1990-12-31,world,GMB,"Gambia, The",1054696.0,level
1989-12-31,world,GMB,"Gambia, The",1011357.0,level
1988-12-31,world,GMB,"Gambia, The",970160.0,level
1987-12-31,world,GMB,"Gambia, The",931091.0,level
1986-12-31,world,GMB,"Gambia, The",894019.0,level
1985-12-31,world,GMB,"Gambia, The",858874.0,level
1984-12-31,world,GMB,"Gambia, The",825631.0,level
1983-12-31,world,GMB,"Gambia, The",794525.0,level
1982-12-31,world,GMB,"Gambia, The",765753.0,level
1981-12-31,world,GMB,"Gambia, The",739125.0,level
1980-12-31,world,GMB,"Gambia, The",713913.0,level
1979-12-31,world,GMB,"Gambia, The",689781.0,level
1978-12-31,world,GMB,"Gambia, The",667103.0,level
1977-12-31,world,GMB,"Gambia, The",645770.0,level
1976-12-31,world,GMB,"Gambia, The",625667.0,level
1975-12-31,world,GMB,"Gambia, The",606821.0,level
1974-12-31,world,GMB,"Gambia, The",589085.0,level
1973-12-31,world,GMB,"Gambia, The",571991.0,level
1972-12-31,world,GMB,"Gambia, The",555370.0,level
1971-12-31,world,GMB,"Gambia, The",539388.0,level
1970-12-31,world,GMB,"Gambia, The",524105.0,level
1969-12-31,world,GMB,"Gambia, The",509440.0,level
1968-12-31,world,GMB,"Gambia, The",495269.0,level
1967-12-31,world,GMB,"Gambia, The",481588.0,level
1966-12-31,world,GMB,"Gambia, The",468516.0,level
1965-12-31,world,GMB,"Gambia, The",455952.0,level
1964-12-31,world,GMB,"Gambia, The",443687.0,level
1963-12-31,world,GMB,"Gambia, The",431757.0,level
1962-12-31,world,GMB,"Gambia, The",420163.0,level
1961-12-31,world,GMB,"Gambia, The",408930.0,level
1960-12-31,world,GMB,"Gambia, The",398060.0,level
2025-12-31,world,GEO,Georgia,3935766.0,level
2024-12-31,world,GEO,Georgia,3812518.0,level
2023-12-31,world,GEO,Georgia,3715483.0,level
2022-12-31,world,GEO,Georgia,3712502.0,level
2021-12-31,world,GEO,Georgia,3708610.0,level
2020-12-31,world,GEO,Georgia,3722716.0,level
2019-12-31,world,GEO,Georgia,3720161.0,level
2018-12-31,world,GEO,Georgia,3726549.0,level
2017-12-31,world,GEO,Georgia,3728004.0,level
2016-12-31,world,GEO,Georgia,3727505.0,level
2015-12-31,world,GEO,Georgia,3725276.0,level
2014-12-31,world,GEO,Georgia,3719414.0,level
2013-12-31,world,GEO,Georgia,3717668.0,level
2012-12-31,world,GEO,Georgia,3728874.0,level
2011-12-31,world,GEO,Georgia,3756441.0,level
2010-12-31,world,GEO,Georgia,3786695.0,level
2009-12-31,world,GEO,Georgia,3814419.0,level
2008-12-31,world,GEO,Georgia,3848449.0,level
2007-12-31,world,GEO,Georgia,3860158.0,level
2006-12-31,world,GEO,Georgia,3880347.0,level
2005-12-31,world,GEO,Georgia,3902469.0,level
2004-12-31,world,GEO,Georgia,3927340.0,level
2003-12-31,world,GEO,Georgia,3951736.0,level
2002-12-31,world,GEO,Georgia,3978515.0,level
2001-12-31,world,GEO,Georgia,4014373.0,level
2000-12-31,world,GEO,Georgia,4077131.0,level
1999-12-31,world,GEO,Georgia,4157192.0,level
1998-12-31,world,GEO,Georgia,4243607.0,level
1997-12-31,world,GEO,Georgia,4349913.0,level
1996-12-31,world,GEO,Georgia,4491699.0,level
1995-12-31,world,GEO,Georgia,4657722.0,level
1994-12-31,world,GEO,Georgia,4836076.0,level
1993-12-31,world,GEO,Georgia,4911100.0,level
1992-12-31,world,GEO,Georgia,4873500.0,level
1991-12-31,world,GEO,Georgia,4835900.0,level
1990-12-31,world,GEO,Georgia,4802000.0,level
1989-12-31,world,GEO,Georgia,4803300.0,level
1988-12-31,world,GEO,Georgia,4790700.0,level
1987-12-31,world,GEO,Georgia,4743500.0,level
1986-12-31,world,GEO,Georgia,4704500.0,level
1985-12-31,world,GEO,Georgia,4662900.0,level
1984-12-31,world,GEO,Georgia,4622200.0,level
1983-12-31,world,GEO,Georgia,4582900.0,level
1982-12-31,world,GEO,Georgia,4542800.0,level
1981-12-31,world,GEO,Georgia,4504500.0,level
1980-12-31,world,GEO,Georgia,4467700.0,level
1979-12-31,world,GEO,Georgia,4430200.0,level
1978-12-31,world,GEO,Georgia,4397700.0,level
1977-12-31,world,GEO,Georgia,4372100.0,level
1976-12-31,world,GEO,Georgia,4342400.0,level
1975-12-31,world,GEO,Georgia,4311200.0,level
1974-12-31,world,GEO,Georgia,4279500.0,level
1973-12-31,world,GEO,Georgia,4242500.0,level
1972-12-31,world,GEO,Georgia,4205300.0,level
1971-12-31,world,GEO,Georgia,4163000.0,level
1970-12-31,world,GEO,Georgia,4119900.0,level
1969-12-31,world,GEO,Georgia,4080300.0,level
1968-12-31,world,GEO,Georgia,4042300.0,level
1967-12-31,world,GEO,Georgia,4005800.0,level
1966-12-31,world,GEO,Georgia,3966700.0,level
1965-12-31,world,GEO,Georgia,3921600.0,level
1964-12-31,world,GEO,Georgia,3870300.0,level
1963-12-31,world,GEO,Georgia,3816100.0,level
1962-12-31,world,GEO,Georgia,3760300.0,level
1961-12-31,world,GEO,Georgia,3703600.0,level
1960-12-31,world,GEO,Georgia,3645600.0,level
2025-12-31,world,DEU,Germany,83491249.0,level
2024-12-31,world,DEU,Germany,83516593.0,level
2023-12-31,world,DEU,Germany,83287273.0,level
2022-12-31,world,DEU,Germany,83177813.0,level
2021-12-31,world,DEU,Germany,83196078.0,level
2020-12-31,world,DEU,Germany,83160871.0,level
2019-12-31,world,DEU,Germany,83092962.0,level
2018-12-31,world,DEU,Germany,82905782.0,level
2017-12-31,world,DEU,Germany,82657002.0,level
2016-12-31,world,DEU,Germany,82348669.0,level
2015-12-31,world,DEU,Germany,81686611.0,level
2014-12-31,world,DEU,Germany,80982500.0,level
2013-12-31,world,DEU,Germany,80645605.0,level
2012-12-31,world,DEU,Germany,80425823.0,level
2011-12-31,world,DEU,Germany,80274983.0,level
2010-12-31,world,DEU,Germany,81776930.0,level
2009-12-31,world,DEU,Germany,81902307.0,level
2008-12-31,world,DEU,Germany,82110097.0,level
2007-12-31,world,DEU,Germany,82266372.0,level
2006-12-31,world,DEU,Germany,82376451.0,level
2005-12-31,world,DEU,Germany,82469422.0,level
2004-12-31,world,DEU,Germany,82516260.0,level
2003-12-31,world,DEU,Germany,82534176.0,level
2002-12-31,world,DEU,Germany,82488495.0,level
2001-12-31,world,DEU,Germany,82349925.0,level
2000-12-31,world,DEU,Germany,82211508.0,level
1999-12-31,world,DEU,Germany,82100243.0,level
1998-12-31,world,DEU,Germany,82047195.0,level
1997-12-31,world,DEU,Germany,82034771.0,level
1996-12-31,world,DEU,Germany,81914831.0,level
1995-12-31,world,DEU,Germany,81678051.0,level
1994-12-31,world,DEU,Germany,81438348.0,level
1993-12-31,world,DEU,Germany,81156363.0,level
1992-12-31,world,DEU,Germany,80624598.0,level
1991-12-31,world,DEU,Germany,80013896.0,level
1990-12-31,world,DEU,Germany,79433029.0,level
1989-12-31,world,DEU,Germany,78751283.0,level
1988-12-31,world,DEU,Germany,78144619.0,level
1987-12-31,world,DEU,Germany,77839920.0,level
1986-12-31,world,DEU,Germany,77720436.0,level
1985-12-31,world,DEU,Germany,77684873.0,level
1984-12-31,world,DEU,Germany,77858685.0,level
1983-12-31,world,DEU,Germany,78128282.0,level
1982-12-31,world,DEU,Germany,78333366.0,level
1981-12-31,world,DEU,Germany,78407907.0,level
1980-12-31,world,DEU,Germany,78288576.0,level
1979-12-31,world,DEU,Germany,78126350.0,level
1978-12-31,world,DEU,Germany,78091820.0,level
1977-12-31,world,DEU,Germany,78159814.0,level
1976-12-31,world,DEU,Germany,78336950.0,level
1975-12-31,world,DEU,Germany,78673554.0,level
1974-12-31,world,DEU,Germany,78967433.0,level
1973-12-31,world,DEU,Germany,78936666.0,level
1972-12-31,world,DEU,Germany,78688452.0,level
1971-12-31,world,DEU,Germany,78312842.0,level
1970-12-31,world,DEU,Germany,78169289.0,level
1969-12-31,world,DEU,Germany,77909682.0,level
1968-12-31,world,DEU,Germany,77294314.0,level
1967-12-31,world,DEU,Germany,76951336.0,level
1966-12-31,world,DEU,Germany,76600311.0,level
1965-12-31,world,DEU,Germany,75963695.0,level
1964-12-31,world,DEU,Germany,75318337.0,level
1963-12-31,world,DEU,Germany,74714353.0,level
1962-12-31,world,DEU,Germany,74025784.0,level
1961-12-31,world,DEU,Germany,73377632.0,level
1960-12-31,world,DEU,Germany,72814900.0,level
2025-12-31,world,GHA,Ghana,35064272.0,level
2024-12-31,world,GHA,Ghana,34427414.0,level
2023-12-31,world,GHA,Ghana,33787914.0,level
2022-12-31,world,GHA,Ghana,33149152.0,level
2021-12-31,world,GHA,Ghana,32518665.0,level
2020-12-31,world,GHA,Ghana,31887809.0,level
2019-12-31,world,GHA,Ghana,31258945.0,level
2018-12-31,world,GHA,Ghana,30637585.0,level
2017-12-31,world,GHA,Ghana,30008354.0,level
2016-12-31,world,GHA,Ghana,29356742.0,level
2015-12-31,world,GHA,Ghana,28696068.0,level
2014-12-31,world,GHA,Ghana,28041592.0,level
2013-12-31,world,GHA,Ghana,27386193.0,level
2012-12-31,world,GHA,Ghana,26734268.0,level
2011-12-31,world,GHA,Ghana,26095088.0,level
2010-12-31,world,GHA,Ghana,25474995.0,level
2009-12-31,world,GHA,Ghana,24862664.0,level
2008-12-31,world,GHA,Ghana,24249946.0,level
2007-12-31,world,GHA,Ghana,23642279.0,level
2006-12-31,world,GHA,Ghana,23040702.0,level
2005-12-31,world,GHA,Ghana,22449438.0,level
2004-12-31,world,GHA,Ghana,21868298.0,level
2003-12-31,world,GHA,Ghana,21296705.0,level
2002-12-31,world,GHA,Ghana,20729388.0,level
2001-12-31,world,GHA,Ghana,20167069.0,level
2000-12-31,world,GHA,Ghana,19637087.0,level
1999-12-31,world,GHA,Ghana,19149864.0,level
1998-12-31,world,GHA,Ghana,18688036.0,level
1997-12-31,world,GHA,Ghana,18238958.0,level
1996-12-31,world,GHA,Ghana,17810181.0,level
1995-12-31,world,GHA,Ghana,17399017.0,level
1994-12-31,world,GHA,Ghana,16993190.0,level
1993-12-31,world,GHA,Ghana,16589519.0,level
1992-12-31,world,GHA,Ghana,16184855.0,level
1991-12-31,world,GHA,Ghana,15787496.0,level
1990-12-31,world,GHA,Ghana,15394648.0,level
1989-12-31,world,GHA,Ghana,15006813.0,level
1988-12-31,world,GHA,Ghana,14636568.0,level
1987-12-31,world,GHA,Ghana,14289108.0,level
1986-12-31,world,GHA,Ghana,13965217.0,level
1985-12-31,world,GHA,Ghana,13661229.0,level
1984-12-31,world,GHA,Ghana,13370590.0,level
1983-12-31,world,GHA,Ghana,13029836.0,level
1982-12-31,world,GHA,Ghana,12643819.0,level
1981-12-31,world,GHA,Ghana,12281712.0,level
1980-12-31,world,GHA,Ghana,11941448.0,level
1979-12-31,world,GHA,Ghana,11597255.0,level
1978-12-31,world,GHA,Ghana,11248450.0,level
1977-12-31,world,GHA,Ghana,10911871.0,level
1976-12-31,world,GHA,Ghana,10594913.0,level
1975-12-31,world,GHA,Ghana,10294308.0,level
1974-12-31,world,GHA,Ghana,10000523.0,level
1973-12-31,world,GHA,Ghana,9714617.0,level
1972-12-31,world,GHA,Ghana,9438187.0,level
1971-12-31,world,GHA,Ghana,9176264.0,level
1970-12-31,world,GHA,Ghana,8925813.0,level
1969-12-31,world,GHA,Ghana,8690383.0,level
1968-12-31,world,GHA,Ghana,8475729.0,level
1967-12-31,world,GHA,Ghana,8271913.0,level
1966-12-31,world,GHA,Ghana,8074521.0,level
1965-12-31,world,GHA,Ghana,7882606.0,level
1964-12-31,world,GHA,Ghana,7695739.0,level
1963-12-31,world,GHA,Ghana,7514714.0,level
1962-12-31,world,GHA,Ghana,7337375.0,level
1961-12-31,world,GHA,Ghana,7162667.0,level
1960-12-31,world,GHA,Ghana,6961215.0,level
2025-12-31,world,GIB,Gibraltar,40126.0,level
2024-12-31,world,GIB,Gibraltar,39329.0,level
2023-12-31,world,GIB,Gibraltar,38471.0,level
2022-12-31,world,GIB,Gibraltar,37609.0,level
2021-12-31,world,GIB,Gibraltar,36858.0,level
2020-12-31,world,GIB,Gibraltar,36173.0,level
2019-12-31,world,GIB,Gibraltar,35494.0,level
2018-12-31,world,GIB,Gibraltar,34854.0,level
2017-12-31,world,GIB,Gibraltar,34245.0,level
2016-12-31,world,GIB,Gibraltar,33658.0,level
2015-12-31,world,GIB,Gibraltar,33193.0,level
2014-12-31,world,GIB,Gibraltar,32813.0,level
2013-12-31,world,GIB,Gibraltar,32407.0,level
2012-12-31,world,GIB,Gibraltar,32029.0,level
2011-12-31,world,GIB,Gibraltar,31660.0,level
2010-12-31,world,GIB,Gibraltar,31248.0,level
2009-12-31,world,GIB,Gibraltar,30823.0,level
2008-12-31,world,GIB,Gibraltar,30413.0,level
2007-12-31,world,GIB,Gibraltar,30006.0,level
2006-12-31,world,GIB,Gibraltar,29594.0,level
2005-12-31,world,GIB,Gibraltar,29163.0,level
2004-12-31,world,GIB,Gibraltar,28715.0,level
2003-12-31,world,GIB,Gibraltar,28274.0,level
2002-12-31,world,GIB,Gibraltar,27831.0,level
2001-12-31,world,GIB,Gibraltar,27657.0,level
2000-12-31,world,GIB,Gibraltar,27709.0,level
1999-12-31,world,GIB,Gibraltar,27692.0,level
1998-12-31,world,GIB,Gibraltar,27650.0,level
1997-12-31,world,GIB,Gibraltar,27582.0,level
1996-12-31,world,GIB,Gibraltar,27487.0,level
1995-12-31,world,GIB,Gibraltar,27377.0,level
1994-12-31,world,GIB,Gibraltar,27239.0,level
1993-12-31,world,GIB,Gibraltar,27070.0,level
1992-12-31,world,GIB,Gibraltar,26878.0,level
1991-12-31,world,GIB,Gibraltar,26898.0,level
1990-12-31,world,GIB,Gibraltar,27200.0,level
1989-12-31,world,GIB,Gibraltar,27544.0,level
1988-12-31,world,GIB,Gibraltar,27839.0,level
1987-12-31,world,GIB,Gibraltar,28096.0,level
1986-12-31,world,GIB,Gibraltar,28328.0,level
1985-12-31,world,GIB,Gibraltar,28512.0,level
1984-12-31,world,GIB,Gibraltar,28643.0,level
1983-12-31,world,GIB,Gibraltar,28733.0,level
1982-12-31,world,GIB,Gibraltar,28765.0,level
1981-12-31,world,GIB,Gibraltar,28740.0,level
1980-12-31,world,GIB,Gibraltar,28675.0,level
1979-12-31,world,GIB,Gibraltar,28575.0,level
1978-12-31,world,GIB,Gibraltar,28446.0,level
1977-12-31,world,GIB,Gibraltar,28300.0,level
1976-12-31,world,GIB,Gibraltar,28134.0,level
1975-12-31,world,GIB,Gibraltar,27951.0,level
1974-12-31,world,GIB,Gibraltar,27755.0,level
1973-12-31,world,GIB,Gibraltar,27537.0,level
1972-12-31,world,GIB,Gibraltar,27290.0,level
1971-12-31,world,GIB,Gibraltar,27020.0,level
1970-12-31,world,GIB,Gibraltar,26634.0,level
1969-12-31,world,GIB,Gibraltar,26120.0,level
1968-12-31,world,GIB,Gibraltar,25578.0,level
1967-12-31,world,GIB,Gibraltar,25015.0,level
1966-12-31,world,GIB,Gibraltar,24444.0,level
1965-12-31,world,GIB,Gibraltar,23878.0,level
1964-12-31,world,GIB,Gibraltar,23315.0,level
1963-12-31,world,GIB,Gibraltar,22753.0,level
1962-12-31,world,GIB,Gibraltar,22197.0,level
1961-12-31,world,GIB,Gibraltar,21872.0,level
1960-12-31,world,GIB,Gibraltar,21839.0,level
2025-12-31,world,GRC,Greece,10413962.0,level
2024-12-31,world,GRC,Greece,10405134.0,level
2023-12-31,world,GRC,Greece,10407351.0,level
2022-12-31,world,GRC,Greece,10437805.0,level
2021-12-31,world,GRC,Greece,10570130.0,level
2020-12-31,world,GRC,Greece,10698599.0,level
2019-12-31,world,GRC,Greece,10721582.0,level
2018-12-31,world,GRC,Greece,10732882.0,level
2017-12-31,world,GRC,Greece,10754679.0,level
2016-12-31,world,GRC,Greece,10775971.0,level
2015-12-31,world,GRC,Greece,10820883.0,level
2014-12-31,world,GRC,Greece,10892413.0,level
2013-12-31,world,GRC,Greece,10965211.0,level
2012-12-31,world,GRC,Greece,11045011.0,level
2011-12-31,world,GRC,Greece,11104899.0,level
2010-12-31,world,GRC,Greece,11121341.0,level
2009-12-31,world,GRC,Greece,11107017.0,level
2008-12-31,world,GRC,Greece,11077841.0,level
2007-12-31,world,GRC,Greece,11048473.0,level
2006-12-31,world,GRC,Greece,11020362.0,level
2005-12-31,world,GRC,Greece,10987314.0,level
2004-12-31,world,GRC,Greece,10955141.0,level
2003-12-31,world,GRC,Greece,10928070.0,level
2002-12-31,world,GRC,Greece,10902022.0,level
2001-12-31,world,GRC,Greece,10862132.0,level
2000-12-31,world,GRC,Greece,10805808.0,level
1999-12-31,world,GRC,Greece,10761698.0,level
1998-12-31,world,GRC,Greece,10720509.0,level
1997-12-31,world,GRC,Greece,10661259.0,level
1996-12-31,world,GRC,Greece,10608800.0,level
1995-12-31,world,GRC,Greece,10562153.0,level
1994-12-31,world,GRC,Greece,10512922.0,level
1993-12-31,world,GRC,Greece,10460415.0,level
1992-12-31,world,GRC,Greece,10399061.0,level
1991-12-31,world,GRC,Greece,10319927.0,level
1990-12-31,world,GRC,Greece,10196792.0,level
1989-12-31,world,GRC,Greece,10089498.0,level
1988-12-31,world,GRC,Greece,10036983.0,level
1987-12-31,world,GRC,Greece,10000595.0,level
1986-12-31,world,GRC,Greece,9967213.0,level
1985-12-31,world,GRC,Greece,9934300.0,level
1984-12-31,world,GRC,Greece,9895801.0,level
1983-12-31,world,GRC,Greece,9846627.0,level
1982-12-31,world,GRC,Greece,9789513.0,level
1981-12-31,world,GRC,Greece,9729350.0,level
1980-12-31,world,GRC,Greece,9642505.0,level
1979-12-31,world,GRC,Greece,9548258.0,level
1978-12-31,world,GRC,Greece,9429959.0,level
1977-12-31,world,GRC,Greece,9308479.0,level
1976-12-31,world,GRC,Greece,9188150.0,level
1975-12-31,world,GRC,Greece,9046541.0,level
1974-12-31,world,GRC,Greece,8962022.0,level
1973-12-31,world,GRC,Greece,8929086.0,level
1972-12-31,world,GRC,Greece,8888628.0,level
1971-12-31,world,GRC,Greece,8831036.0,level
1970-12-31,world,GRC,Greece,8792806.0,level
1969-12-31,world,GRC,Greece,8772764.0,level
1968-12-31,world,GRC,Greece,8740765.0,level
1967-12-31,world,GRC,Greece,8684088.0,level
1966-12-31,world,GRC,Greece,8613651.0,level
1965-12-31,world,GRC,Greece,8550333.0,level
1964-12-31,world,GRC,Greece,8510429.0,level
1963-12-31,world,GRC,Greece,8479625.0,level
1962-12-31,world,GRC,Greece,8448233.0,level
1961-12-31,world,GRC,Greece,8398050.0,level
1960-12-31,world,GRC,Greece,8331725.0,level
2025-12-31,world,GRL,Greenland,56831.0,level
2024-12-31,world,GRL,Greenland,56836.0,level
2023-12-31,world,GRL,Greenland,56865.0,level
2022-12-31,world,GRL,Greenland,56661.0,level
2021-12-31,world,GRL,Greenland,56653.0,level
2020-12-31,world,GRL,Greenland,56367.0,level
2019-12-31,world,GRL,Greenland,56225.0,level
2018-12-31,world,GRL,Greenland,56023.0,level
2017-12-31,world,GRL,Greenland,56172.0,level
2016-12-31,world,GRL,Greenland,56186.0,level
2015-12-31,world,GRL,Greenland,56114.0,level
2014-12-31,world,GRL,Greenland,56295.0,level
2013-12-31,world,GRL,Greenland,56483.0,level
2012-12-31,world,GRL,Greenland,56810.0,level
2011-12-31,world,GRL,Greenland,56890.0,level
2010-12-31,world,GRL,Greenland,56534.0,level
2009-12-31,world,GRL,Greenland,56323.0,level
2008-12-31,world,GRL,Greenland,56328.0,level
2007-12-31,world,GRL,Greenland,56555.0,level
2006-12-31,world,GRL,Greenland,56775.0,level
2005-12-31,world,GRL,Greenland,56935.0,level
2004-12-31,world,GRL,Greenland,56898.0,level
2003-12-31,world,GRL,Greenland,56751.0,level
2002-12-31,world,GRL,Greenland,56595.0,level
2001-12-31,world,GRL,Greenland,56379.0,level
2000-12-31,world,GRL,Greenland,56185.0,level
1999-12-31,world,GRL,Greenland,56100.0,level
1998-12-31,world,GRL,Greenland,56100.0,level
1997-12-31,world,GRL,Greenland,56000.0,level
1996-12-31,world,GRL,Greenland,55900.0,level
1995-12-31,world,GRL,Greenland,55800.0,level
1994-12-31,world,GRL,Greenland,55500.0,level
1993-12-31,world,GRL,Greenland,55200.0,level
1992-12-31,world,GRL,Greenland,55300.0,level
1991-12-31,world,GRL,Greenland,55500.0,level
1990-12-31,world,GRL,Greenland,55600.0,level
1989-12-31,world,GRL,Greenland,55300.0,level
1988-12-31,world,GRL,Greenland,54800.0,level
1987-12-31,world,GRL,Greenland,54100.0,level
1986-12-31,world,GRL,Greenland,53500.0,level
1985-12-31,world,GRL,Greenland,53200.0,level
1984-12-31,world,GRL,Greenland,52700.0,level
1983-12-31,world,GRL,Greenland,52100.0,level
1982-12-31,world,GRL,Greenland,51500.0,level
1981-12-31,world,GRL,Greenland,51000.0,level
1980-12-31,world,GRL,Greenland,50200.0,level
1979-12-31,world,GRL,Greenland,49600.0,level
1978-12-31,world,GRL,Greenland,49200.0,level
1977-12-31,world,GRL,Greenland,49400.0,level
1976-12-31,world,GRL,Greenland,49700.0,level
1975-12-31,world,GRL,Greenland,49600.0,level
1974-12-31,world,GRL,Greenland,49500.0,level
1973-12-31,world,GRL,Greenland,49000.0,level
1972-12-31,world,GRL,Greenland,48300.0,level
1971-12-31,world,GRL,Greenland,47200.0,level
1970-12-31,world,GRL,Greenland,46400.0,level
1969-12-31,world,GRL,Greenland,44900.0,level
1968-12-31,world,GRL,Greenland,43400.0,level
1967-12-31,world,GRL,Greenland,41900.0,level
1966-12-31,world,GRL,Greenland,40500.0,level
1965-12-31,world,GRL,Greenland,39200.0,level
1964-12-31,world,GRL,Greenland,37600.0,level
1963-12-31,world,GRL,Greenland,36400.0,level
1962-12-31,world,GRL,Greenland,35000.0,level
1961-12-31,world,GRL,Greenland,33700.0,level
1960-12-31,world,GRL,Greenland,32500.0,level
2025-12-31,world,GRD,Grenada,117303.0,level
2024-12-31,world,GRD,Grenada,117207.0,level
2023-12-31,world,GRD,Grenada,117081.0,level
2022-12-31,world,GRD,Grenada,116913.0,level
2021-12-31,world,GRD,Grenada,116688.0,level
2020-12-31,world,GRD,Grenada,116341.0,level
2019-12-31,world,GRD,Grenada,115981.0,level
2018-12-31,world,GRD,Grenada,115691.0,level
2017-12-31,world,GRD,Grenada,115438.0,level
2016-12-31,world,GRD,Grenada,115130.0,level
2015-12-31,world,GRD,Grenada,114676.0,level
2014-12-31,world,GRD,Grenada,114132.0,level
2013-12-31,world,GRD,Grenada,113487.0,level
2012-12-31,world,GRD,Grenada,112775.0,level
2011-12-31,world,GRD,Grenada,112079.0,level
2010-12-31,world,GRD,Grenada,111586.0,level
2009-12-31,world,GRD,Grenada,111254.0,level
2008-12-31,world,GRD,Grenada,110896.0,level
2007-12-31,world,GRD,Grenada,110522.0,level
2006-12-31,world,GRD,Grenada,110135.0,level
2005-12-31,world,GRD,Grenada,109734.0,level
2004-12-31,world,GRD,Grenada,109323.0,level
2003-12-31,world,GRD,Grenada,108884.0,level
2002-12-31,world,GRD,Grenada,108404.0,level
2001-12-31,world,GRD,Grenada,107987.0,level
2000-12-31,world,GRD,Grenada,107451.0,level
1999-12-31,world,GRD,Grenada,106727.0,level
1998-12-31,world,GRD,Grenada,106009.0,level
1997-12-31,world,GRD,Grenada,105293.0,level
1996-12-31,world,GRD,Grenada,104584.0,level
1995-12-31,world,GRD,Grenada,103869.0,level
1994-12-31,world,GRD,Grenada,103138.0,level
1993-12-31,world,GRD,Grenada,102382.0,level
1992-12-31,world,GRD,Grenada,101602.0,level
1991-12-31,world,GRD,Grenada,100793.0,level
1990-12-31,world,GRD,Grenada,99957.0,level
1989-12-31,world,GRD,Grenada,99121.0,level
1988-12-31,world,GRD,Grenada,98308.0,level
1987-12-31,world,GRD,Grenada,97526.0,level
1986-12-31,world,GRD,Grenada,96790.0,level
1985-12-31,world,GRD,Grenada,96111.0,level
1984-12-31,world,GRD,Grenada,95498.0,level
1983-12-31,world,GRD,Grenada,94948.0,level
1982-12-31,world,GRD,Grenada,94383.0,level
1981-12-31,world,GRD,Grenada,94052.0,level
1980-12-31,world,GRD,Grenada,94538.0,level
1979-12-31,world,GRD,Grenada,95490.0,level
1978-12-31,world,GRD,Grenada,96305.0,level
1977-12-31,world,GRD,Grenada,97017.0,level
1976-12-31,world,GRD,Grenada,97632.0,level
1975-12-31,world,GRD,Grenada,98126.0,level
1974-12-31,world,GRD,Grenada,98486.0,level
1973-12-31,world,GRD,Grenada,98709.0,level
1972-12-31,world,GRD,Grenada,98777.0,level
1971-12-31,world,GRD,Grenada,98648.0,level
1970-12-31,world,GRD,Grenada,98414.0,level
1969-12-31,world,GRD,Grenada,98204.0,level
1968-12-31,world,GRD,Grenada,98078.0,level
1967-12-31,world,GRD,Grenada,98066.0,level
1966-12-31,world,GRD,Grenada,98121.0,level
1965-12-31,world,GRD,Grenada,98067.0,level
1964-12-31,world,GRD,Grenada,97760.0,level
1963-12-31,world,GRD,Grenada,97195.0,level
1962-12-31,world,GRD,Grenada,96375.0,level
1961-12-31,world,GRD,Grenada,95335.0,level
1960-12-31,world,GRD,Grenada,94058.0,level
2025-12-31,world,GUM,Guam,168999.0,level
2024-12-31,world,GUM,Guam,167777.0,level
2023-12-31,world,GUM,Guam,166506.0,level
2022-12-31,world,GUM,Guam,165180.0,level
2021-12-31,world,GUM,Guam,163730.0,level
2020-12-31,world,GUM,Guam,162158.0,level
2019-12-31,world,GUM,Guam,161808.0,level
2018-12-31,world,GUM,Guam,162679.0,level
2017-12-31,world,GUM,Guam,163490.0,level
2016-12-31,world,GUM,Guam,164233.0,level
2015-12-31,world,GUM,Guam,164905.0,level
2014-12-31,world,GUM,Guam,165486.0,level
2013-12-31,world,GUM,Guam,165966.0,level
2012-12-31,world,GUM,Guam,166331.0,level
2011-12-31,world,GUM,Guam,166543.0,level
2010-12-31,world,GUM,Guam,166522.0,level
2009-12-31,world,GUM,Guam,166173.0,level
2008-12-31,world,GUM,Guam,165693.0,level
2007-12-31,world,GUM,Guam,165267.0,level
2006-12-31,world,GUM,Guam,164839.0,level
2005-12-31,world,GUM,Guam,164365.0,level
2004-12-31,world,GUM,Guam,163810.0,level
2003-12-31,world,GUM,Guam,163137.0,level
2002-12-31,world,GUM,Guam,162315.0,level
2001-12-31,world,GUM,Guam,161329.0,level
2000-12-31,world,GUM,Guam,160065.0,level
1999-12-31,world,GUM,Guam,158289.0,level
1998-12-31,world,GUM,Guam,156237.0,level
1997-12-31,world,GUM,Guam,154215.0,level
1996-12-31,world,GUM,Guam,152169.0,level
1995-12-31,world,GUM,Guam,150054.0,level
1994-12-31,world,GUM,Guam,147868.0,level
1993-12-31,world,GUM,Guam,145654.0,level
1992-12-31,world,GUM,Guam,143393.0,level
1991-12-31,world,GUM,Guam,141073.0,level
1990-12-31,world,GUM,Guam,138610.0,level
1989-12-31,world,GUM,Guam,135799.0,level
1988-12-31,world,GUM,Guam,132799.0,level
1987-12-31,world,GUM,Guam,129858.0,level
1986-12-31,world,GUM,Guam,126965.0,level
1985-12-31,world,GUM,Guam,124117.0,level
1984-12-31,world,GUM,Guam,121302.0,level
1983-12-31,world,GUM,Guam,118508.0,level
1982-12-31,world,GUM,Guam,115711.0,level
1981-12-31,world,GUM,Guam,112902.0,level
1980-12-31,world,GUM,Guam,110141.0,level
1979-12-31,world,GUM,Guam,107636.0,level
1978-12-31,world,GUM,Guam,105424.0,level
1977-12-31,world,GUM,Guam,103298.0,level
1976-12-31,world,GUM,Guam,101166.0,level
1975-12-31,world,GUM,Guam,99057.0,level
1974-12-31,world,GUM,Guam,96939.0,level
1973-12-31,world,GUM,Guam,94781.0,level
1972-12-31,world,GUM,Guam,92619.0,level
1971-12-31,world,GUM,Guam,90466.0,level
1970-12-31,world,GUM,Guam,88365.0,level
1969-12-31,world,GUM,Guam,86404.0,level
1968-12-31,world,GUM,Guam,84563.0,level
1967-12-31,world,GUM,Guam,82719.0,level
1966-12-31,world,GUM,Guam,80844.0,level
1965-12-31,world,GUM,Guam,78932.0,level
1964-12-31,world,GUM,Guam,77008.0,level
1963-12-31,world,GUM,Guam,75095.0,level
1962-12-31,world,GUM,Guam,73192.0,level
1961-12-31,world,GUM,Guam,71311.0,level
1960-12-31,world,GUM,Guam,69525.0,level
2025-12-31,world,GTM,Guatemala,18687881.0,level
2024-12-31,world,GTM,Guatemala,18406359.0,level
2023-12-31,world,GTM,Guatemala,18124838.0,level
2022-12-31,world,GTM,Guatemala,17847877.0,level
2021-12-31,world,GTM,Guatemala,17598650.0,level
2020-12-31,world,GTM,Guatemala,17357325.0,level
2019-12-31,world,GTM,Guatemala,17103803.0,level
2018-12-31,world,GTM,Guatemala,16845685.0,level
2017-12-31,world,GTM,Guatemala,16567357.0,level
2016-12-31,world,GTM,Guatemala,16268760.0,level
2015-12-31,world,GTM,Guatemala,15971743.0,level
2014-12-31,world,GTM,Guatemala,15681725.0,level
2013-12-31,world,GTM,Guatemala,15387337.0,level
2012-12-31,world,GTM,Guatemala,15089647.0,level
2011-12-31,world,GTM,Guatemala,14792126.0,level
2010-12-31,world,GTM,Guatemala,14500112.0,level
2009-12-31,world,GTM,Guatemala,14215611.0,level
2008-12-31,world,GTM,Guatemala,13935174.0,level
2007-12-31,world,GTM,Guatemala,13652040.0,level
2006-12-31,world,GTM,Guatemala,13367459.0,level
2005-12-31,world,GTM,Guatemala,13087629.0,level
2004-12-31,world,GTM,Guatemala,12807402.0,level
2003-12-31,world,GTM,Guatemala,12525842.0,level
2002-12-31,world,GTM,Guatemala,12246915.0,level
2001-12-31,world,GTM,Guatemala,11969422.0,level
2000-12-31,world,GTM,Guatemala,11697592.0,level
1999-12-31,world,GTM,Guatemala,11422965.0,level
1998-12-31,world,GTM,Guatemala,11139145.0,level
1997-12-31,world,GTM,Guatemala,10857754.0,level
1996-12-31,world,GTM,Guatemala,10583526.0,level
1995-12-31,world,GTM,Guatemala,10312996.0,level
1994-12-31,world,GTM,Guatemala,10043718.0,level
1993-12-31,world,GTM,Guatemala,9779761.0,level
1992-12-31,world,GTM,Guatemala,9522266.0,level
1991-12-31,world,GTM,Guatemala,9272584.0,level
1990-12-31,world,GTM,Guatemala,9024773.0,level
1989-12-31,world,GTM,Guatemala,8775546.0,level
1988-12-31,world,GTM,Guatemala,8532099.0,level
1987-12-31,world,GTM,Guatemala,8296485.0,level
1986-12-31,world,GTM,Guatemala,8070818.0,level
1985-12-31,world,GTM,Guatemala,7849693.0,level
1984-12-31,world,GTM,Guatemala,7630682.0,level
1983-12-31,world,GTM,Guatemala,7419642.0,level
1982-12-31,world,GTM,Guatemala,7240241.0,level
1981-12-31,world,GTM,Guatemala,7075648.0,level
1980-12-31,world,GTM,Guatemala,6900212.0,level
1979-12-31,world,GTM,Guatemala,6727797.0,level
1978-12-31,world,GTM,Guatemala,6561534.0,level
1977-12-31,world,GTM,Guatemala,6401515.0,level
1976-12-31,world,GTM,Guatemala,6262404.0,level
1975-12-31,world,GTM,Guatemala,6128731.0,level
1974-12-31,world,GTM,Guatemala,5981197.0,level
1973-12-31,world,GTM,Guatemala,5831631.0,level
1972-12-31,world,GTM,Guatemala,5682833.0,level
1971-12-31,world,GTM,Guatemala,5538355.0,level
1970-12-31,world,GTM,Guatemala,5396966.0,level
1969-12-31,world,GTM,Guatemala,5257081.0,level
1968-12-31,world,GTM,Guatemala,5118111.0,level
1967-12-31,world,GTM,Guatemala,4978862.0,level
1966-12-31,world,GTM,Guatemala,4840958.0,level
1965-12-31,world,GTM,Guatemala,4704965.0,level
1964-12-31,world,GTM,Guatemala,4571109.0,level
1963-12-31,world,GTM,Guatemala,4440264.0,level
1962-12-31,world,GTM,Guatemala,4312044.0,level
1961-12-31,world,GTM,Guatemala,4186201.0,level
1960-12-31,world,GTM,Guatemala,4063655.0,level
2025-12-31,world,GIN,Guinea,15099727.0,level
2024-12-31,world,GIN,Guinea,14754785.0,level
2023-12-31,world,GIN,Guinea,14405468.0,level
2022-12-31,world,GIN,Guinea,14055137.0,level
2021-12-31,world,GIN,Guinea,13710513.0,level
2020-12-31,world,GIN,Guinea,13371183.0,level
2019-12-31,world,GIN,Guinea,13034346.0,level
2018-12-31,world,GIN,Guinea,12704774.0,level
2017-12-31,world,GIN,Guinea,12385659.0,level
2016-12-31,world,GIN,Guinea,12073030.0,level
2015-12-31,world,GIN,Guinea,11767070.0,level
2014-12-31,world,GIN,Guinea,11472924.0,level
2013-12-31,world,GIN,Guinea,11191873.0,level
2012-12-31,world,GIN,Guinea,10921581.0,level
2011-12-31,world,GIN,Guinea,10656810.0,level
2010-12-31,world,GIN,Guinea,10396086.0,level
2009-12-31,world,GIN,Guinea,10143534.0,level
2008-12-31,world,GIN,Guinea,9898870.0,level
2007-12-31,world,GIN,Guinea,9662281.0,level
2006-12-31,world,GIN,Guinea,9441171.0,level
2005-12-31,world,GIN,Guinea,9245844.0,level
2004-12-31,world,GIN,Guinea,9062726.0,level
2003-12-31,world,GIN,Guinea,8870781.0,level
2002-12-31,world,GIN,Guinea,8674066.0,level
2001-12-31,world,GIN,Guinea,8539960.0,level
2000-12-31,world,GIN,Guinea,8428832.0,level
1999-12-31,world,GIN,Guinea,8265123.0,level
1998-12-31,world,GIN,Guinea,8081990.0,level
1997-12-31,world,GIN,Guinea,7931370.0,level
1996-12-31,world,GIN,Guinea,7770035.0,level
1995-12-31,world,GIN,Guinea,7553249.0,level
1994-12-31,world,GIN,Guinea,7345107.0,level
1993-12-31,world,GIN,Guinea,7128177.0,level
1992-12-31,world,GIN,Guinea,6914366.0,level
1991-12-31,world,GIN,Guinea,6697166.0,level
1990-12-31,world,GIN,Guinea,6434374.0,level
1989-12-31,world,GIN,Guinea,6215811.0,level
1988-12-31,world,GIN,Guinea,6056574.0,level
1987-12-31,world,GIN,Guinea,5900198.0,level
1986-12-31,world,GIN,Guinea,5750668.0,level
1985-12-31,world,GIN,Guinea,5610373.0,level
1984-12-31,world,GIN,Guinea,5480096.0,level
1983-12-31,world,GIN,Guinea,5359814.0,level
1982-12-31,world,GIN,Guinea,5247672.0,level
1981-12-31,world,GIN,Guinea,5143288.0,level
1980-12-31,world,GIN,Guinea,5047419.0,level
1979-12-31,world,GIN,Guinea,4959283.0,level
1978-12-31,world,GIN,Guinea,4877854.0,level
1977-12-31,world,GIN,Guinea,4801128.0,level
1976-12-31,world,GIN,Guinea,4727022.0,level
1975-12-31,world,GIN,Guinea,4653876.0,level
1974-12-31,world,GIN,Guinea,4580510.0,level
1973-12-31,world,GIN,Guinea,4506324.0,level
1972-12-31,world,GIN,Guinea,4431292.0,level
1971-12-31,world,GIN,Guinea,4355200.0,level
1970-12-31,world,GIN,Guinea,4277535.0,level
1969-12-31,world,GIN,Guinea,4198300.0,level
1968-12-31,world,GIN,Guinea,4118550.0,level
1967-12-31,world,GIN,Guinea,4040153.0,level
1966-12-31,world,GIN,Guinea,3964155.0,level
1965-12-31,world,GIN,Guinea,3890716.0,level
1964-12-31,world,GIN,Guinea,3819722.0,level
1963-12-31,world,GIN,Guinea,3750954.0,level
1962-12-31,world,GIN,Guinea,3684273.0,level
1961-12-31,world,GIN,Guinea,3619551.0,level
1960-12-31,world,GIN,Guinea,3556749.0,level
2025-12-31,world,GNB,Guinea-Bissau,2249515.0,level
2024-12-31,world,GNB,Guinea-Bissau,2201352.0,level
2023-12-31,world,GNB,Guinea-Bissau,2153339.0,level
2022-12-31,world,GNB,Guinea-Bissau,2105529.0,level
2021-12-31,world,GNB,Guinea-Bissau,2058841.0,level
2020-12-31,world,GNB,Guinea-Bissau,2013255.0,level
2019-12-31,world,GNB,Guinea-Bissau,1967696.0,level
2018-12-31,world,GNB,Guinea-Bissau,1922168.0,level
2017-12-31,world,GNB,Guinea-Bissau,1877072.0,level
2016-12-31,world,GNB,Guinea-Bissau,1831893.0,level
2015-12-31,world,GNB,Guinea-Bissau,1786457.0,level
2014-12-31,world,GNB,Guinea-Bissau,1741122.0,level
2013-12-31,world,GNB,Guinea-Bissau,1695973.0,level
2012-12-31,world,GNB,Guinea-Bissau,1651417.0,level
2011-12-31,world,GNB,Guinea-Bissau,1608076.0,level
2010-12-31,world,GNB,Guinea-Bissau,1566347.0,level
2009-12-31,world,GNB,Guinea-Bissau,1526377.0,level
2008-12-31,world,GNB,Guinea-Bissau,1488054.0,level
2007-12-31,world,GNB,Guinea-Bissau,1450986.0,level
2006-12-31,world,GNB,Guinea-Bissau,1415303.0,level
2005-12-31,world,GNB,Guinea-Bissau,1381585.0,level
2004-12-31,world,GNB,Guinea-Bissau,1349563.0,level
2003-12-31,world,GNB,Guinea-Bissau,1318806.0,level
2002-12-31,world,GNB,Guinea-Bissau,1289307.0,level
2001-12-31,world,GNB,Guinea-Bissau,1261273.0,level
2000-12-31,world,GNB,Guinea-Bissau,1234741.0,level
1999-12-31,world,GNB,Guinea-Bissau,1210206.0,level
1998-12-31,world,GNB,Guinea-Bissau,1187473.0,level
1997-12-31,world,GNB,Guinea-Bissau,1165545.0,level
1996-12-31,world,GNB,Guinea-Bissau,1143535.0,level
1995-12-31,world,GNB,Guinea-Bissau,1119949.0,level
1994-12-31,world,GNB,Guinea-Bissau,1092031.0,level
1993-12-31,world,GNB,Guinea-Bissau,1058745.0,level
1992-12-31,world,GNB,Guinea-Bissau,1024356.0,level
1991-12-31,world,GNB,Guinea-Bissau,994639.0,level
1990-12-31,world,GNB,Guinea-Bissau,973669.0,level
1989-12-31,world,GNB,Guinea-Bissau,957789.0,level
1988-12-31,world,GNB,Guinea-Bissau,942061.0,level
1987-12-31,world,GNB,Guinea-Bissau,926862.0,level
1986-12-31,world,GNB,Guinea-Bissau,912126.0,level
1985-12-31,world,GNB,Guinea-Bissau,897697.0,level
1984-12-31,world,GNB,Guinea-Bissau,883519.0,level
1983-12-31,world,GNB,Guinea-Bissau,869592.0,level
1982-12-31,world,GNB,Guinea-Bissau,855891.0,level
1981-12-31,world,GNB,Guinea-Bissau,842432.0,level
1980-12-31,world,GNB,Guinea-Bissau,829303.0,level
1979-12-31,world,GNB,Guinea-Bissau,819867.0,level
1978-12-31,world,GNB,Guinea-Bissau,791694.0,level
1977-12-31,world,GNB,Guinea-Bissau,741789.0,level
1976-12-31,world,GNB,Guinea-Bissau,694191.0,level
1975-12-31,world,GNB,Guinea-Bissau,650966.0,level
1974-12-31,world,GNB,Guinea-Bissau,613338.0,level
1973-12-31,world,GNB,Guinea-Bissau,592808.0,level
1972-12-31,world,GNB,Guinea-Bissau,586620.0,level
1971-12-31,world,GNB,Guinea-Bissau,586221.0,level
1970-12-31,world,GNB,Guinea-Bissau,584403.0,level
1969-12-31,world,GNB,Guinea-Bissau,581610.0,level
1968-12-31,world,GNB,Guinea-Bissau,578170.0,level
1967-12-31,world,GNB,Guinea-Bissau,569011.0,level
1966-12-31,world,GNB,Guinea-Bissau,566908.0,level
1965-12-31,world,GNB,Guinea-Bissau,575005.0,level
1964-12-31,world,GNB,Guinea-Bissau,588543.0,level
1963-12-31,world,GNB,Guinea-Bissau,594418.0,level
1962-12-31,world,GNB,Guinea-Bissau,589474.0,level
1961-12-31,world,GNB,Guinea-Bissau,582532.0,level
1960-12-31,world,GNB,Guinea-Bissau,577633.0,level
2025-12-31,world,GUY,Guyana,835986.0,level
2024-12-31,world,GUY,Guyana,831087.0,level
2023-12-31,world,GUY,Guyana,826353.0,level
2022-12-31,world,GUY,Guyana,821637.0,level
2021-12-31,world,GUY,Guyana,815482.0,level
2020-12-31,world,GUY,Guyana,807481.0,level
2019-12-31,world,GUY,Guyana,807665.0,level
2018-12-31,world,GUY,Guyana,791556.0,level
2017-12-31,world,GUY,Guyana,768479.0,level
2016-12-31,world,GUY,Guyana,763548.0,level
2015-12-31,world,GUY,Guyana,758781.0,level
2014-12-31,world,GUY,Guyana,754229.0,level
2013-12-31,world,GUY,Guyana,750021.0,level
2012-12-31,world,GUY,Guyana,746288.0,level
2011-12-31,world,GUY,Guyana,746153.0,level
2010-12-31,world,GUY,Guyana,749256.0,level
2009-12-31,world,GUY,Guyana,752094.0,level
2008-12-31,world,GUY,Guyana,754606.0,level
2007-12-31,world,GUY,Guyana,756861.0,level
2006-12-31,world,GUY,Guyana,758966.0,level
2005-12-31,world,GUY,Guyana,760914.0,level
2004-12-31,world,GUY,Guyana,762418.0,level
2003-12-31,world,GUY,Guyana,763101.0,level
2002-12-31,world,GUY,Guyana,763652.0,level
2001-12-31,world,GUY,Guyana,764477.0,level
2000-12-31,world,GUY,Guyana,764832.0,level
1999-12-31,world,GUY,Guyana,764483.0,level
1998-12-31,world,GUY,Guyana,763586.0,level
1997-12-31,world,GUY,Guyana,762245.0,level
1996-12-31,world,GUY,Guyana,760526.0,level
1995-12-31,world,GUY,Guyana,758388.0,level
1994-12-31,world,GUY,Guyana,755822.0,level
1993-12-31,world,GUY,Guyana,752965.0,level
1992-12-31,world,GUY,Guyana,749911.0,level
1991-12-31,world,GUY,Guyana,747861.0,level
1990-12-31,world,GUY,Guyana,749894.0,level
1989-12-31,world,GUY,Guyana,754865.0,level
1988-12-31,world,GUY,Guyana,759663.0,level
1987-12-31,world,GUY,Guyana,764120.0,level
1986-12-31,world,GUY,Guyana,768098.0,level
1985-12-31,world,GUY,Guyana,771477.0,level
1984-12-31,world,GUY,Guyana,774111.0,level
1983-12-31,world,GUY,Guyana,775891.0,level
1982-12-31,world,GUY,Guyana,776712.0,level
1981-12-31,world,GUY,Guyana,776453.0,level
1980-12-31,world,GUY,Guyana,774367.0,level
1979-12-31,world,GUY,Guyana,770062.0,level
1978-12-31,world,GUY,Guyana,764586.0,level
1977-12-31,world,GUY,Guyana,758654.0,level
1976-12-31,world,GUY,Guyana,752253.0,level
1975-12-31,world,GUY,Guyana,745393.0,level
1974-12-31,world,GUY,Guyana,738057.0,level
1973-12-31,world,GUY,Guyana,730138.0,level
1972-12-31,world,GUY,Guyana,721617.0,level
1971-12-31,world,GUY,Guyana,712662.0,level
1970-12-31,world,GUY,Guyana,702705.0,level
1969-12-31,world,GUY,Guyana,690223.0,level
1968-12-31,world,GUY,Guyana,676160.0,level
1967-12-31,world,GUY,Guyana,662311.0,level
1966-12-31,world,GUY,Guyana,648646.0,level
1965-12-31,world,GUY,Guyana,635128.0,level
1964-12-31,world,GUY,Guyana,621764.0,level
1963-12-31,world,GUY,Guyana,608537.0,level
1962-12-31,world,GUY,Guyana,595461.0,level
1961-12-31,world,GUY,Guyana,582568.0,level
1960-12-31,world,GUY,Guyana,569143.0,level
2025-12-31,world,HTI,Haiti,11906095.0,level
2024-12-31,world,HTI,Haiti,11772557.0,level
2023-12-31,world,HTI,Haiti,11637398.0,level
2022-12-31,world,HTI,Haiti,11503606.0,level
2021-12-31,world,HTI,Haiti,11374586.0,level
2020-12-31,world,HTI,Haiti,11243848.0,level
2019-12-31,world,HTI,Haiti,11105163.0,level
2018-12-31,world,HTI,Haiti,10962362.0,level
2017-12-31,world,HTI,Haiti,10817754.0,level
2016-12-31,world,HTI,Haiti,10671457.0,level
2015-12-31,world,HTI,Haiti,10523242.0,level
2014-12-31,world,HTI,Haiti,10373235.0,level
2013-12-31,world,HTI,Haiti,10222362.0,level
2012-12-31,world,HTI,Haiti,10069771.0,level
2011-12-31,world,HTI,Haiti,9914904.0,level
2010-12-31,world,HTI,Haiti,9803294.0,level
2009-12-31,world,HTI,Haiti,9689581.0,level
2008-12-31,world,HTI,Haiti,9530774.0,level
2007-12-31,world,HTI,Haiti,9373296.0,level
2006-12-31,world,HTI,Haiti,9216562.0,level
2005-12-31,world,HTI,Haiti,9061273.0,level
2004-12-31,world,HTI,Haiti,8910263.0,level
2003-12-31,world,HTI,Haiti,8759912.0,level
2002-12-31,world,HTI,Haiti,8607641.0,level
2001-12-31,world,HTI,Haiti,8455918.0,level
2000-12-31,world,HTI,Haiti,8303151.0,level
1999-12-31,world,HTI,Haiti,8151296.0,level
1998-12-31,world,HTI,Haiti,8002143.0,level
1997-12-31,world,HTI,Haiti,7854298.0,level
1996-12-31,world,HTI,Haiti,7707557.0,level
1995-12-31,world,HTI,Haiti,7562546.0,level
1994-12-31,world,HTI,Haiti,7419771.0,level
1993-12-31,world,HTI,Haiti,7278181.0,level
1992-12-31,world,HTI,Haiti,7136571.0,level
1991-12-31,world,HTI,Haiti,6995450.0,level
1990-12-31,world,HTI,Haiti,6854441.0,level
1989-12-31,world,HTI,Haiti,6714730.0,level
1988-12-31,world,HTI,Haiti,6578145.0,level
1987-12-31,world,HTI,Haiti,6445123.0,level
1986-12-31,world,HTI,Haiti,6316122.0,level
1985-12-31,world,HTI,Haiti,6190862.0,level
1984-12-31,world,HTI,Haiti,6069230.0,level
1983-12-31,world,HTI,Haiti,5951096.0,level
1982-12-31,world,HTI,Haiti,5835937.0,level
1981-12-31,world,HTI,Haiti,5723725.0,level
1980-12-31,world,HTI,Haiti,5614493.0,level
1979-12-31,world,HTI,Haiti,5507590.0,level
1978-12-31,world,HTI,Haiti,5402580.0,level
1977-12-31,world,HTI,Haiti,5299476.0,level
1976-12-31,world,HTI,Haiti,5198357.0,level
1975-12-31,world,HTI,Haiti,5099086.0,level
1974-12-31,world,HTI,Haiti,5001796.0,level
1973-12-31,world,HTI,Haiti,4906743.0,level
1972-12-31,world,HTI,Haiti,4813868.0,level
1971-12-31,world,HTI,Haiti,4723244.0,level
1970-12-31,world,HTI,Haiti,4635124.0,level
1969-12-31,world,HTI,Haiti,4549334.0,level
1968-12-31,world,HTI,Haiti,4465328.0,level
1967-12-31,world,HTI,Haiti,4382999.0,level
1966-12-31,world,HTI,Haiti,4302639.0,level
1965-12-31,world,HTI,Haiti,4223820.0,level
1964-12-31,world,HTI,Haiti,4146244.0,level
1963-12-31,world,HTI,Haiti,4073068.0,level
1962-12-31,world,HTI,Haiti,4001575.0,level
1961-12-31,world,HTI,Haiti,3929030.0,level
1960-12-31,world,HTI,Haiti,3858443.0,level
2025-12-31,world,HND,Honduras,11005850.0,level
2024-12-31,world,HND,Honduras,10825703.0,level
2023-12-31,world,HND,Honduras,10644851.0,level
2022-12-31,world,HND,Honduras,10463872.0,level
2021-12-31,world,HND,Honduras,10289877.0,level
2020-12-31,world,HND,Honduras,10119640.0,level
2019-12-31,world,HND,Honduras,9943633.0,level
2018-12-31,world,HND,Honduras,9765210.0,level
2017-12-31,world,HND,Honduras,9588137.0,level
2016-12-31,world,HND,Honduras,9412380.0,level
2015-12-31,world,HND,Honduras,9237305.0,level
2014-12-31,world,HND,Honduras,9063122.0,level
2013-12-31,world,HND,Honduras,8889278.0,level
2012-12-31,world,HND,Honduras,8715076.0,level
2011-12-31,world,HND,Honduras,8540583.0,level
2010-12-31,world,HND,Honduras,8365878.0,level
2009-12-31,world,HND,Honduras,8189899.0,level
2008-12-31,world,HND,Honduras,8012587.0,level
2007-12-31,world,HND,Honduras,7834798.0,level
2006-12-31,world,HND,Honduras,7656832.0,level
2005-12-31,world,HND,Honduras,7478355.0,level
2004-12-31,world,HND,Honduras,7298994.0,level
2003-12-31,world,HND,Honduras,7119213.0,level
2002-12-31,world,HND,Honduras,6938859.0,level
2001-12-31,world,HND,Honduras,6757993.0,level
2000-12-31,world,HND,Honduras,6577773.0,level
1999-12-31,world,HND,Honduras,6400463.0,level
1998-12-31,world,HND,Honduras,6234431.0,level
1997-12-31,world,HND,Honduras,6071454.0,level
1996-12-31,world,HND,Honduras,5903954.0,level
1995-12-31,world,HND,Honduras,5739637.0,level
1994-12-31,world,HND,Honduras,5579242.0,level
1993-12-31,world,HND,Honduras,5423249.0,level
1992-12-31,world,HND,Honduras,5271431.0,level
1991-12-31,world,HND,Honduras,5123792.0,level
1990-12-31,world,HND,Honduras,4980488.0,level
1989-12-31,world,HND,Honduras,4841838.0,level
1988-12-31,world,HND,Honduras,4707677.0,level
1987-12-31,world,HND,Honduras,4576910.0,level
1986-12-31,world,HND,Honduras,4448899.0,level
1985-12-31,world,HND,Honduras,4323342.0,level
1984-12-31,world,HND,Honduras,4199850.0,level
1983-12-31,world,HND,Honduras,4078174.0,level
1982-12-31,world,HND,Honduras,3958728.0,level
1981-12-31,world,HND,Honduras,3841778.0,level
1980-12-31,world,HND,Honduras,3727173.0,level
1979-12-31,world,HND,Honduras,3614981.0,level
1978-12-31,world,HND,Honduras,3505463.0,level
1977-12-31,world,HND,Honduras,3398655.0,level
1976-12-31,world,HND,Honduras,3294457.0,level
1975-12-31,world,HND,Honduras,3193234.0,level
1974-12-31,world,HND,Honduras,3099836.0,level
1973-12-31,world,HND,Honduras,3011459.0,level
1972-12-31,world,HND,Honduras,2922064.0,level
1971-12-31,world,HND,Honduras,2834616.0,level
1970-12-31,world,HND,Honduras,2750715.0,level
1969-12-31,world,HND,Honduras,2670289.0,level
1968-12-31,world,HND,Honduras,2593057.0,level
1967-12-31,world,HND,Honduras,2518648.0,level
1966-12-31,world,HND,Honduras,2446751.0,level
1965-12-31,world,HND,Honduras,2377157.0,level
1964-12-31,world,HND,Honduras,2309855.0,level
1963-12-31,world,HND,Honduras,2244878.0,level
1962-12-31,world,HND,Honduras,2182064.0,level
1961-12-31,world,HND,Honduras,2121242.0,level
1960-12-31,world,HND,Honduras,2062060.0,level
2025-12-31,world,HKG,"Hong Kong SAR, China",7498900.0,level
2024-12-31,world,HKG,"Hong Kong SAR, China",7524100.0,level
2023-12-31,world,HKG,"Hong Kong SAR, China",7536100.0,level
2022-12-31,world,HKG,"Hong Kong SAR, China",7346100.0,level
2021-12-31,world,HKG,"Hong Kong SAR, China",7413100.0,level
2020-12-31,world,HKG,"Hong Kong SAR, China",7481000.0,level
2019-12-31,world,HKG,"Hong Kong SAR, China",7507900.0,level
2018-12-31,world,HKG,"Hong Kong SAR, China",7452600.0,level
2017-12-31,world,HKG,"Hong Kong SAR, China",7393200.0,level
2016-12-31,world,HKG,"Hong Kong SAR, China",7336600.0,level
2015-12-31,world,HKG,"Hong Kong SAR, China",7291300.0,level
2014-12-31,world,HKG,"Hong Kong SAR, China",7229500.0,level
2013-12-31,world,HKG,"Hong Kong SAR, China",7178900.0,level
2012-12-31,world,HKG,"Hong Kong SAR, China",7150100.0,level
2011-12-31,world,HKG,"Hong Kong SAR, China",7071600.0,level
2010-12-31,world,HKG,"Hong Kong SAR, China",7024200.0,level
2009-12-31,world,HKG,"Hong Kong SAR, China",6972800.0,level
2008-12-31,world,HKG,"Hong Kong SAR, China",6957800.0,level
2007-12-31,world,HKG,"Hong Kong SAR, China",6916300.0,level
2006-12-31,world,HKG,"Hong Kong SAR, China",6857100.0,level
2005-12-31,world,HKG,"Hong Kong SAR, China",6813200.0,level
2004-12-31,world,HKG,"Hong Kong SAR, China",6783500.0,level
2003-12-31,world,HKG,"Hong Kong SAR, China",6730800.0,level
2002-12-31,world,HKG,"Hong Kong SAR, China",6744100.0,level
2001-12-31,world,HKG,"Hong Kong SAR, China",6714300.0,level
2000-12-31,world,HKG,"Hong Kong SAR, China",6665000.0,level
1999-12-31,world,HKG,"Hong Kong SAR, China",6606500.0,level
1998-12-31,world,HKG,"Hong Kong SAR, China",6543700.0,level
1997-12-31,world,HKG,"Hong Kong SAR, China",6489300.0,level
1996-12-31,world,HKG,"Hong Kong SAR, China",6435500.0,level
1995-12-31,world,HKG,"Hong Kong SAR, China",6156100.0,level
1994-12-31,world,HKG,"Hong Kong SAR, China",6035400.0,level
1993-12-31,world,HKG,"Hong Kong SAR, China",5901000.0,level
1992-12-31,world,HKG,"Hong Kong SAR, China",5800500.0,level
1991-12-31,world,HKG,"Hong Kong SAR, China",5752000.0,level
1990-12-31,world,HKG,"Hong Kong SAR, China",5704500.0,level
1989-12-31,world,HKG,"Hong Kong SAR, China",5686200.0,level
1988-12-31,world,HKG,"Hong Kong SAR, China",5627600.0,level
1987-12-31,world,HKG,"Hong Kong SAR, China",5580500.0,level
1986-12-31,world,HKG,"Hong Kong SAR, China",5524600.0,level
1985-12-31,world,HKG,"Hong Kong SAR, China",5456200.0,level
1984-12-31,world,HKG,"Hong Kong SAR, China",5397900.0,level
1983-12-31,world,HKG,"Hong Kong SAR, China",5345100.0,level
1982-12-31,world,HKG,"Hong Kong SAR, China",5264500.0,level
1981-12-31,world,HKG,"Hong Kong SAR, China",5183400.0,level
1980-12-31,world,HKG,"Hong Kong SAR, China",5063100.0,level
1979-12-31,world,HKG,"Hong Kong SAR, China",4929700.0,level
1978-12-31,world,HKG,"Hong Kong SAR, China",4667500.0,level
1977-12-31,world,HKG,"Hong Kong SAR, China",4583700.0,level
1976-12-31,world,HKG,"Hong Kong SAR, China",4518000.0,level
1975-12-31,world,HKG,"Hong Kong SAR, China",4461600.0,level
1974-12-31,world,HKG,"Hong Kong SAR, China",4377800.0,level
1973-12-31,world,HKG,"Hong Kong SAR, China",4241600.0,level
1972-12-31,world,HKG,"Hong Kong SAR, China",4123600.0,level
1971-12-31,world,HKG,"Hong Kong SAR, China",4045300.0,level
1970-12-31,world,HKG,"Hong Kong SAR, China",3959000.0,level
1969-12-31,world,HKG,"Hong Kong SAR, China",3863900.0,level
1968-12-31,world,HKG,"Hong Kong SAR, China",3802700.0,level
1967-12-31,world,HKG,"Hong Kong SAR, China",3722800.0,level
1966-12-31,world,HKG,"Hong Kong SAR, China",3629900.0,level
1965-12-31,world,HKG,"Hong Kong SAR, China",3597900.0,level
1964-12-31,world,HKG,"Hong Kong SAR, China",3504600.0,level
1963-12-31,world,HKG,"Hong Kong SAR, China",3420900.0,level
1962-12-31,world,HKG,"Hong Kong SAR, China",3305200.0,level
1961-12-31,world,HKG,"Hong Kong SAR, China",3168100.0,level
1960-12-31,world,HKG,"Hong Kong SAR, China",3094840.0,level
2025-12-31,world,HUN,Hungary,9514251.0,level
2024-12-31,world,HUN,Hungary,9562065.0,level
2023-12-31,world,HUN,Hungary,9592186.0,level
2022-12-31,world,HUN,Hungary,9605074.0,level
2021-12-31,world,HUN,Hungary,9630932.0,level
2020-12-31,world,HUN,Hungary,9670419.0,level
2019-12-31,world,HUN,Hungary,9694824.0,level
2018-12-31,world,HUN,Hungary,9706964.0,level
2017-12-31,world,HUN,Hungary,9726756.0,level
2016-12-31,world,HUN,Hungary,9759755.0,level
2015-12-31,world,HUN,Hungary,9797755.0,level
2014-12-31,world,HUN,Hungary,9833038.0,level
2013-12-31,world,HUN,Hungary,9872734.0,level
2012-12-31,world,HUN,Hungary,9920362.0,level
2011-12-31,world,HUN,Hungary,9971727.0,level
2010-12-31,world,HUN,Hungary,10000023.0,level
2009-12-31,world,HUN,Hungary,10022650.0,level
2008-12-31,world,HUN,Hungary,10038188.0,level
2007-12-31,world,HUN,Hungary,10055780.0,level
2006-12-31,world,HUN,Hungary,10071370.0,level
2005-12-31,world,HUN,Hungary,10087065.0,level
2004-12-31,world,HUN,Hungary,10107146.0,level
2003-12-31,world,HUN,Hungary,10129552.0,level
2002-12-31,world,HUN,Hungary,10158608.0,level
2001-12-31,world,HUN,Hungary,10187576.0,level
2000-12-31,world,HUN,Hungary,10210971.0,level
1999-12-31,world,HUN,Hungary,10237530.0,level
1998-12-31,world,HUN,Hungary,10266570.0,level
1997-12-31,world,HUN,Hungary,10290486.0,level
1996-12-31,world,HUN,Hungary,10311238.0,level
1995-12-31,world,HUN,Hungary,10328965.0,level
1994-12-31,world,HUN,Hungary,10343355.0,level
1993-12-31,world,HUN,Hungary,10357523.0,level
1992-12-31,world,HUN,Hungary,10369341.0,level
1991-12-31,world,HUN,Hungary,10373400.0,level
1990-12-31,world,HUN,Hungary,10373988.0,level
1989-12-31,world,HUN,Hungary,10481719.0,level
1988-12-31,world,HUN,Hungary,10596487.0,level
1987-12-31,world,HUN,Hungary,10612741.0,level
1986-12-31,world,HUN,Hungary,10630564.0,level
1985-12-31,world,HUN,Hungary,10648713.0,level
1984-12-31,world,HUN,Hungary,10668095.0,level
1983-12-31,world,HUN,Hungary,10689463.0,level
1982-12-31,world,HUN,Hungary,10705535.0,level
1981-12-31,world,HUN,Hungary,10711848.0,level
1980-12-31,world,HUN,Hungary,10711122.0,level
1979-12-31,world,HUN,Hungary,10704152.0,level
1978-12-31,world,HUN,Hungary,10684822.0,level
1977-12-31,world,HUN,Hungary,10648031.0,level
1976-12-31,world,HUN,Hungary,10598677.0,level
1975-12-31,world,HUN,Hungary,10540525.0,level
1974-12-31,world,HUN,Hungary,10478720.0,level
1973-12-31,world,HUN,Hungary,10432055.0,level
1972-12-31,world,HUN,Hungary,10398489.0,level
1971-12-31,world,HUN,Hungary,10367537.0,level
1970-12-31,world,HUN,Hungary,10337910.0,level
1969-12-31,world,HUN,Hungary,10298723.0,level
1968-12-31,world,HUN,Hungary,10255815.0,level
1967-12-31,world,HUN,Hungary,10216604.0,level
1966-12-31,world,HUN,Hungary,10178653.0,level
1965-12-31,world,HUN,Hungary,10147935.0,level
1964-12-31,world,HUN,Hungary,10119835.0,level
1963-12-31,world,HUN,Hungary,10087947.0,level
1962-12-31,world,HUN,Hungary,10060825.0,level
1961-12-31,world,HUN,Hungary,10027958.0,level
1960-12-31,world,HUN,Hungary,9983512.0,level
2025-12-31,world,ISL,Iceland,392404.0,level
2024-12-31,world,ISL,Iceland,386506.0,level
2023-12-31,world,ISL,Iceland,385663.0,level
2022-12-31,world,ISL,Iceland,382003.0,level
2021-12-31,world,ISL,Iceland,372520.0,level
2020-12-31,world,ISL,Iceland,366463.0,level
2019-12-31,world,ISL,Iceland,360563.0,level
2018-12-31,world,ISL,Iceland,352721.0,level
2017-12-31,world,ISL,Iceland,343400.0,level
2016-12-31,world,ISL,Iceland,335439.0,level
2015-12-31,world,ISL,Iceland,330815.0,level
2014-12-31,world,ISL,Iceland,327386.0,level
2013-12-31,world,ISL,Iceland,323764.0,level
2012-12-31,world,ISL,Iceland,320716.0,level
2011-12-31,world,ISL,Iceland,319014.0,level
2010-12-31,world,ISL,Iceland,318041.0,level
2009-12-31,world,ISL,Iceland,318499.0,level
2008-12-31,world,ISL,Iceland,317414.0,level
2007-12-31,world,ISL,Iceland,311566.0,level
2006-12-31,world,ISL,Iceland,303782.0,level
2005-12-31,world,ISL,Iceland,296734.0,level
2004-12-31,world,ISL,Iceland,292074.0,level
2003-12-31,world,ISL,Iceland,289521.0,level
2002-12-31,world,ISL,Iceland,287523.0,level
2001-12-31,world,ISL,Iceland,284968.0,level
2000-12-31,world,ISL,Iceland,281205.0,level
1999-12-31,world,ISL,Iceland,277381.0,level
1998-12-31,world,ISL,Iceland,274047.0,level
1997-12-31,world,ISL,Iceland,271128.0,level
1996-12-31,world,ISL,Iceland,268916.0,level
1995-12-31,world,ISL,Iceland,267468.0,level
1994-12-31,world,ISL,Iceland,266021.0,level
1993-12-31,world,ISL,Iceland,263725.0,level
1992-12-31,world,ISL,Iceland,261057.0,level
1991-12-31,world,ISL,Iceland,257797.0,level
1990-12-31,world,ISL,Iceland,254826.0,level
1989-12-31,world,ISL,Iceland,252852.0,level
1988-12-31,world,ISL,Iceland,249740.0,level
1987-12-31,world,ISL,Iceland,245859.0,level
1986-12-31,world,ISL,Iceland,243180.0,level
1985-12-31,world,ISL,Iceland,241405.0,level
1984-12-31,world,ISL,Iceland,239511.0,level
1983-12-31,world,ISL,Iceland,236977.0,level
1982-12-31,world,ISL,Iceland,233860.0,level
1981-12-31,world,ISL,Iceland,230755.0,level
1980-12-31,world,ISL,Iceland,228138.0,level
1979-12-31,world,ISL,Iceland,225735.0,level
1978-12-31,world,ISL,Iceland,223537.0,level
1977-12-31,world,ISL,Iceland,221799.0,level
1976-12-31,world,ISL,Iceland,220154.0,level
1975-12-31,world,ISL,Iceland,217979.0,level
1974-12-31,world,ISL,Iceland,215209.0,level
1973-12-31,world,ISL,Iceland,212317.0,level
1972-12-31,world,ISL,Iceland,209137.0,level
1971-12-31,world,ISL,Iceland,206098.0,level
1970-12-31,world,ISL,Iceland,204438.0,level
1969-12-31,world,ISL,Iceland,203369.0,level
1968-12-31,world,ISL,Iceland,201488.0,level
1967-12-31,world,ISL,Iceland,198751.0,level
1966-12-31,world,ISL,Iceland,195570.0,level
1965-12-31,world,ISL,Iceland,192286.0,level
1964-12-31,world,ISL,Iceland,188983.0,level
1963-12-31,world,ISL,Iceland,185653.0,level
1962-12-31,world,ISL,Iceland,182378.0,level
1961-12-31,world,ISL,Iceland,179029.0,level
1960-12-31,world,ISL,Iceland,175574.0,level
2025-12-31,world,IND,India,1463865525.0,level
2024-12-31,world,IND,India,1450935791.0,level
2023-12-31,world,IND,India,1438069596.0,level
2022-12-31,world,IND,India,1425423212.0,level
2021-12-31,world,IND,India,1414203896.0,level
2020-12-31,world,IND,India,1402617695.0,level
2019-12-31,world,IND,India,1389030312.0,level
2018-12-31,world,IND,India,1374659064.0,level
2017-12-31,world,IND,India,1359657400.0,level
2016-12-31,world,IND,India,1343944296.0,level
2015-12-31,world,IND,India,1328024498.0,level
2014-12-31,world,IND,India,1312277191.0,level
2013-12-31,world,IND,India,1295829511.0,level
2012-12-31,world,IND,India,1278674502.0,level
2011-12-31,world,IND,India,1261224954.0,level
2010-12-31,world,IND,India,1243481564.0,level
2009-12-31,world,IND,India,1225524753.0,level
2008-12-31,world,IND,India,1207930964.0,level
2007-12-31,world,IND,India,1190676021.0,level
2006-12-31,world,IND,India,1172878890.0,level
2005-12-31,world,IND,India,1154676322.0,level
2004-12-31,world,IND,India,1135991513.0,level
2003-12-31,world,IND,India,1116803006.0,level
2002-12-31,world,IND,India,1097600380.0,level
2001-12-31,world,IND,India,1077898575.0,level
2000-12-31,world,IND,India,1057922733.0,level
1999-12-31,world,IND,India,1038225823.0,level
1998-12-31,world,IND,India,1018665080.0,level
1997-12-31,world,IND,India,999133762.0,level
1996-12-31,world,IND,India,979678458.0,level
1995-12-31,world,IND,India,960301044.0,level
1994-12-31,world,IND,India,941163767.0,level
1993-12-31,world,IND,India,922118387.0,level
1992-12-31,world,IND,India,902957070.0,level
1991-12-31,world,IND,India,883927600.0,level
1990-12-31,world,IND,India,864972221.0,level
1989-12-31,world,IND,India,846039529.0,level
1988-12-31,world,IND,India,827342990.0,level
1987-12-31,world,IND,India,808931270.0,level
1986-12-31,world,IND,India,790689978.0,level
1985-12-31,world,IND,India,772647793.0,level
1984-12-31,world,IND,India,754875449.0,level
1983-12-31,world,IND,India,737372681.0,level
1982-12-31,world,IND,India,720313473.0,level
1981-12-31,world,IND,India,703696250.0,level
1980-12-31,world,IND,India,687354025.0,level
1979-12-31,world,IND,India,671155747.0,level
1978-12-31,world,IND,India,655728229.0,level
1977-12-31,world,IND,India,640801103.0,level
1976-12-31,world,IND,India,625861883.0,level
1975-12-31,world,IND,India,611309535.0,level
1974-12-31,world,IND,India,597041391.0,level
1973-12-31,world,IND,India,583465598.0,level
1972-12-31,world,IND,India,570482142.0,level
1971-12-31,world,IND,India,558096387.0,level
1970-12-31,world,IND,India,545864268.0,level
1969-12-31,world,IND,India,533880544.0,level
1968-12-31,world,IND,India,522716889.0,level
1967-12-31,world,IND,India,511606372.0,level
1966-12-31,world,IND,India,500740247.0,level
1965-12-31,world,IND,India,490140146.0,level
1964-12-31,world,IND,India,479229598.0,level
1963-12-31,world,IND,India,468138575.0,level
1962-12-31,world,IND,India,457283090.0,level
1961-12-31,world,IND,India,446564729.0,level
1960-12-31,world,IND,India,435990338.0,level
2025-12-31,world,IDN,Indonesia,285721236.0,level
2024-12-31,world,IDN,Indonesia,283487931.0,level
2023-12-31,world,IDN,Indonesia,281190067.0,level
2022-12-31,world,IDN,Indonesia,278830529.0,level
2021-12-31,world,IDN,Indonesia,276758053.0,level
2020-12-31,world,IDN,Indonesia,274814866.0,level
2019-12-31,world,IDN,Indonesia,272489381.0,level
2018-12-31,world,IDN,Indonesia,269951846.0,level
2017-12-31,world,IDN,Indonesia,267346658.0,level
2016-12-31,world,IDN,Indonesia,264627418.0,level
2015-12-31,world,IDN,Indonesia,261799249.0,level
2014-12-31,world,IDN,Indonesia,258877399.0,level
2013-12-31,world,IDN,Indonesia,255852467.0,level
2012-12-31,world,IDN,Indonesia,252698525.0,level
2011-12-31,world,IDN,Indonesia,249470032.0,level
2010-12-31,world,IDN,Indonesia,246305322.0,level
2009-12-31,world,IDN,Indonesia,243220028.0,level
2008-12-31,world,IDN,Indonesia,240157903.0,level
2007-12-31,world,IDN,Indonesia,237062337.0,level
2006-12-31,world,IDN,Indonesia,233951652.0,level
2005-12-31,world,IDN,Indonesia,230871650.0,level
2004-12-31,world,IDN,Indonesia,227926649.0,level
2003-12-31,world,IDN,Indonesia,225048008.0,level
2002-12-31,world,IDN,Indonesia,222088495.0,level
2001-12-31,world,IDN,Indonesia,219097902.0,level
2000-12-31,world,IDN,Indonesia,216077790.0,level
1999-12-31,world,IDN,Indonesia,213004668.0,level
1998-12-31,world,IDN,Indonesia,209826788.0,level
1997-12-31,world,IDN,Indonesia,206536095.0,level
1996-12-31,world,IDN,Indonesia,203204348.0,level
1995-12-31,world,IDN,Indonesia,199888057.0,level
1994-12-31,world,IDN,Indonesia,196591828.0,level
1993-12-31,world,IDN,Indonesia,193305168.0,level
1992-12-31,world,IDN,Indonesia,190043744.0,level
1991-12-31,world,IDN,Indonesia,186778238.0,level
1990-12-31,world,IDN,Indonesia,183501098.0,level
1989-12-31,world,IDN,Indonesia,180201630.0,level
1988-12-31,world,IDN,Indonesia,176855065.0,level
1987-12-31,world,IDN,Indonesia,173511154.0,level
1986-12-31,world,IDN,Indonesia,170175065.0,level
1985-12-31,world,IDN,Indonesia,166776185.0,level
1984-12-31,world,IDN,Indonesia,163251124.0,level
1983-12-31,world,IDN,Indonesia,159651381.0,level
1982-12-31,world,IDN,Indonesia,156052152.0,level
1981-12-31,world,IDN,Indonesia,152485035.0,level
1980-12-31,world,IDN,Indonesia,148950540.0,level
1979-12-31,world,IDN,Indonesia,145434834.0,level
1978-12-31,world,IDN,Indonesia,141953163.0,level
1977-12-31,world,IDN,Indonesia,138533541.0,level
1976-12-31,world,IDN,Indonesia,135173655.0,level
1975-12-31,world,IDN,Indonesia,131843848.0,level
1974-12-31,world,IDN,Indonesia,128555045.0,level
1973-12-31,world,IDN,Indonesia,125288515.0,level
1972-12-31,world,IDN,Indonesia,122039841.0,level
1971-12-31,world,IDN,Indonesia,118833702.0,level
1970-12-31,world,IDN,Indonesia,115657495.0,level
1969-12-31,world,IDN,Indonesia,112517639.0,level
1968-12-31,world,IDN,Indonesia,109450006.0,level
1967-12-31,world,IDN,Indonesia,106526393.0,level
1966-12-31,world,IDN,Indonesia,103792754.0,level
1965-12-31,world,IDN,Indonesia,101365130.0,level
1964-12-31,world,IDN,Indonesia,98833749.0,level
1963-12-31,world,IDN,Indonesia,96051424.0,level
1962-12-31,world,IDN,Indonesia,93375850.0,level
1961-12-31,world,IDN,Indonesia,90791249.0,level
1960-12-31,world,IDN,Indonesia,88296070.0,level
2025-12-31,world,IRN,"Iran, Islamic Rep.",92417681.0,level
2024-12-31,world,IRN,"Iran, Islamic Rep.",91567738.0,level
2023-12-31,world,IRN,"Iran, Islamic Rep.",90608707.0,level
2022-12-31,world,IRN,"Iran, Islamic Rep.",89524246.0,level
2021-12-31,world,IRN,"Iran, Islamic Rep.",88455488.0,level
2020-12-31,world,IRN,"Iran, Islamic Rep.",87723443.0,level
2019-12-31,world,IRN,"Iran, Islamic Rep.",87051648.0,level
2018-12-31,world,IRN,"Iran, Islamic Rep.",86117998.0,level
2017-12-31,world,IRN,"Iran, Islamic Rep.",85026754.0,level
2016-12-31,world,IRN,"Iran, Islamic Rep.",83812228.0,level
2015-12-31,world,IRN,"Iran, Islamic Rep.",82619362.0,level
2014-12-31,world,IRN,"Iran, Islamic Rep.",81502045.0,level
2013-12-31,world,IRN,"Iran, Islamic Rep.",80414686.0,level
2012-12-31,world,IRN,"Iran, Islamic Rep.",79370580.0,level
2011-12-31,world,IRN,"Iran, Islamic Rep.",78383598.0,level
2010-12-31,world,IRN,"Iran, Islamic Rep.",77420842.0,level
2009-12-31,world,IRN,"Iran, Islamic Rep.",76457825.0,level
2008-12-31,world,IRN,"Iran, Islamic Rep.",75514204.0,level
2007-12-31,world,IRN,"Iran, Islamic Rep.",74602648.0,level
2006-12-31,world,IRN,"Iran, Islamic Rep.",73392747.0,level
2005-12-31,world,IRN,"Iran, Islamic Rep.",71828455.0,level
2004-12-31,world,IRN,"Iran, Islamic Rep.",70256316.0,level
2003-12-31,world,IRN,"Iran, Islamic Rep.",68769340.0,level
2002-12-31,world,IRN,"Iran, Islamic Rep.",68011317.0,level
2001-12-31,world,IRN,"Iran, Islamic Rep.",67452005.0,level
2000-12-31,world,IRN,"Iran, Islamic Rep.",66418659.0,level
1999-12-31,world,IRN,"Iran, Islamic Rep.",65445391.0,level
1998-12-31,world,IRN,"Iran, Islamic Rep.",64519859.0,level
1997-12-31,world,IRN,"Iran, Islamic Rep.",63639638.0,level
1996-12-31,world,IRN,"Iran, Islamic Rep.",62881300.0,level
1995-12-31,world,IRN,"Iran, Islamic Rep.",62205567.0,level
1994-12-31,world,IRN,"Iran, Islamic Rep.",61520598.0,level
1993-12-31,world,IRN,"Iran, Islamic Rep.",61403543.0,level
1992-12-31,world,IRN,"Iran, Islamic Rep.",61184983.0,level
1991-12-31,world,IRN,"Iran, Islamic Rep.",59986931.0,level
1990-12-31,world,IRN,"Iran, Islamic Rep.",58380092.0,level
1989-12-31,world,IRN,"Iran, Islamic Rep.",56704914.0,level
1988-12-31,world,IRN,"Iran, Islamic Rep.",55072694.0,level
1987-12-31,world,IRN,"Iran, Islamic Rep.",53323493.0,level
1986-12-31,world,IRN,"Iran, Islamic Rep.",51446045.0,level
1985-12-31,world,IRN,"Iran, Islamic Rep.",49582289.0,level
1984-12-31,world,IRN,"Iran, Islamic Rep.",47793998.0,level
1983-12-31,world,IRN,"Iran, Islamic Rep.",46029535.0,level
1982-12-31,world,IRN,"Iran, Islamic Rep.",44272141.0,level
1981-12-31,world,IRN,"Iran, Islamic Rep.",41989312.0,level
1980-12-31,world,IRN,"Iran, Islamic Rep.",39842324.0,level
1979-12-31,world,IRN,"Iran, Islamic Rep.",38424952.0,level
1978-12-31,world,IRN,"Iran, Islamic Rep.",37126535.0,level
1977-12-31,world,IRN,"Iran, Islamic Rep.",35933181.0,level
1976-12-31,world,IRN,"Iran, Islamic Rep.",34837271.0,level
1975-12-31,world,IRN,"Iran, Islamic Rep.",33802973.0,level
1974-12-31,world,IRN,"Iran, Islamic Rep.",32796463.0,level
1973-12-31,world,IRN,"Iran, Islamic Rep.",31839838.0,level
1972-12-31,world,IRN,"Iran, Islamic Rep.",30921179.0,level
1971-12-31,world,IRN,"Iran, Islamic Rep.",30029071.0,level
1970-12-31,world,IRN,"Iran, Islamic Rep.",29145100.0,level
1969-12-31,world,IRN,"Iran, Islamic Rep.",28273482.0,level
1968-12-31,world,IRN,"Iran, Islamic Rep.",27437391.0,level
1967-12-31,world,IRN,"Iran, Islamic Rep.",26628432.0,level
1966-12-31,world,IRN,"Iran, Islamic Rep.",25829270.0,level
1965-12-31,world,IRN,"Iran, Islamic Rep.",25036978.0,level
1964-12-31,world,IRN,"Iran, Islamic Rep.",24262859.0,level
1963-12-31,world,IRN,"Iran, Islamic Rep.",23519005.0,level
1962-12-31,world,IRN,"Iran, Islamic Rep.",22807907.0,level
1961-12-31,world,IRN,"Iran, Islamic Rep.",22125726.0,level
1960-12-31,world,IRN,"Iran, Islamic Rep.",21470434.0,level
2025-12-31,world,IRQ,Iraq,47020774.0,level
2024-12-31,world,IRQ,Iraq,46042015.0,level
2023-12-31,world,IRQ,Iraq,45074049.0,level
2022-12-31,world,IRQ,Iraq,44070551.0,level
2021-12-31,world,IRQ,Iraq,43071211.0,level
2020-12-31,world,IRQ,Iraq,42116605.0,level
2019-12-31,world,IRQ,Iraq,41192171.0,level
2018-12-31,world,IRQ,Iraq,40265624.0,level
2017-12-31,world,IRQ,Iraq,39337353.0,level
2016-12-31,world,IRQ,Iraq,38469627.0,level
2015-12-31,world,IRQ,Iraq,37560535.0,level
2014-12-31,world,IRQ,Iraq,36550059.0,level
2013-12-31,world,IRQ,Iraq,35281989.0,level
2012-12-31,world,IRQ,Iraq,33654842.0,level
2011-12-31,world,IRQ,Iraq,32161424.0,level
2010-12-31,world,IRQ,Iraq,31045366.0,level
2009-12-31,world,IRQ,Iraq,30058206.0,level
2008-12-31,world,IRQ,Iraq,28971036.0,level
2007-12-31,world,IRQ,Iraq,28391607.0,level
2006-12-31,world,IRQ,Iraq,28616515.0,level
2005-12-31,world,IRQ,Iraq,28407448.0,level
2004-12-31,world,IRQ,Iraq,27577878.0,level
2003-12-31,world,IRQ,Iraq,26802659.0,level
2002-12-31,world,IRQ,Iraq,26006559.0,level
2001-12-31,world,IRQ,Iraq,25197840.0,level
2000-12-31,world,IRQ,Iraq,24424056.0,level
1999-12-31,world,IRQ,Iraq,23636527.0,level
1998-12-31,world,IRQ,Iraq,22884399.0,level
1997-12-31,world,IRQ,Iraq,22176593.0,level
1996-12-31,world,IRQ,Iraq,21501321.0,level
1995-12-31,world,IRQ,Iraq,20825860.0,level
1994-12-31,world,IRQ,Iraq,20139807.0,level
1993-12-31,world,IRQ,Iraq,19201195.0,level
1992-12-31,world,IRQ,Iraq,18300845.0,level
1991-12-31,world,IRQ,Iraq,17767253.0,level
1990-12-31,world,IRQ,Iraq,17581206.0,level
1989-12-31,world,IRQ,Iraq,17364542.0,level
1988-12-31,world,IRQ,Iraq,16908819.0,level
1987-12-31,world,IRQ,Iraq,16521049.0,level
1986-12-31,world,IRQ,Iraq,16074145.0,level
1985-12-31,world,IRQ,Iraq,15683430.0,level
1984-12-31,world,IRQ,Iraq,15310733.0,level
1983-12-31,world,IRQ,Iraq,14840555.0,level
1982-12-31,world,IRQ,Iraq,14406083.0,level
1981-12-31,world,IRQ,Iraq,14006381.0,level
1980-12-31,world,IRQ,Iraq,13591992.0,level
1979-12-31,world,IRQ,Iraq,13170365.0,level
1978-12-31,world,IRQ,Iraq,12753355.0,level
1977-12-31,world,IRQ,Iraq,12331046.0,level
1976-12-31,world,IRQ,Iraq,11927651.0,level
1975-12-31,world,IRQ,Iraq,11543639.0,level
1974-12-31,world,IRQ,Iraq,11167761.0,level
1973-12-31,world,IRQ,Iraq,10795869.0,level
1972-12-31,world,IRQ,Iraq,10430164.0,level
1971-12-31,world,IRQ,Iraq,10077809.0,level
1970-12-31,world,IRQ,Iraq,9735611.0,level
1969-12-31,world,IRQ,Iraq,9403356.0,level
1968-12-31,world,IRQ,Iraq,9085016.0,level
1967-12-31,world,IRQ,Iraq,8778869.0,level
1966-12-31,world,IRQ,Iraq,8485104.0,level
1965-12-31,world,IRQ,Iraq,8202140.0,level
1964-12-31,world,IRQ,Iraq,7929566.0,level
1963-12-31,world,IRQ,Iraq,7667928.0,level
1962-12-31,world,IRQ,Iraq,7413875.0,level
1961-12-31,world,IRQ,Iraq,7194553.0,level
1960-12-31,world,IRQ,Iraq,7022052.0,level
2025-12-31,world,IRL,Ireland,5484367.0,level
2024-12-31,world,IRL,Ireland,5395790.0,level
2023-12-31,world,IRL,Ireland,5311538.0,level
2022-12-31,world,IRL,Ireland,5212836.0,level
2021-12-31,world,IRL,Ireland,5110585.0,level
2020-12-31,world,IRL,Ireland,5039747.0,level
2019-12-31,world,IRL,Ireland,4976456.0,level
2018-12-31,world,IRL,Ireland,4898022.0,level
2017-12-31,world,IRL,Ireland,4827445.0,level
2016-12-31,world,IRL,Ireland,4762722.0,level
2015-12-31,world,IRL,Ireland,4701957.0,level
2014-12-31,world,IRL,Ireland,4657740.0,level
2013-12-31,world,IRL,Ireland,4623816.0,level
2012-12-31,world,IRL,Ireland,4599533.0,level
2011-12-31,world,IRL,Ireland,4580084.0,level
2010-12-31,world,IRL,Ireland,4560155.0,level
2009-12-31,world,IRL,Ireland,4535375.0,level
2008-12-31,world,IRL,Ireland,4489544.0,level
2007-12-31,world,IRL,Ireland,4398942.0,level
2006-12-31,world,IRL,Ireland,4273591.0,level
2005-12-31,world,IRL,Ireland,4159914.0,level
2004-12-31,world,IRL,Ireland,4070262.0,level
2003-12-31,world,IRL,Ireland,3996521.0,level
2002-12-31,world,IRL,Ireland,3931947.0,level
2001-12-31,world,IRL,Ireland,3866243.0,level
2000-12-31,world,IRL,Ireland,3805174.0,level
1999-12-31,world,IRL,Ireland,3754786.0,level
1998-12-31,world,IRL,Ireland,3712696.0,level
1997-12-31,world,IRL,Ireland,3674171.0,level
1996-12-31,world,IRL,Ireland,3637510.0,level
1995-12-31,world,IRL,Ireland,3608841.0,level
1994-12-31,world,IRL,Ireland,3590386.0,level
1993-12-31,world,IRL,Ireland,3576261.0,level
1992-12-31,world,IRL,Ireland,3558430.0,level
1991-12-31,world,IRL,Ireland,3534235.0,level
1990-12-31,world,IRL,Ireland,3513974.0,level
1989-12-31,world,IRL,Ireland,3511009.0,level
1988-12-31,world,IRL,Ireland,3524949.0,level
1987-12-31,world,IRL,Ireland,3540057.0,level
1986-12-31,world,IRL,Ireland,3539690.0,level
1985-12-31,world,IRL,Ireland,3538082.0,level
1984-12-31,world,IRL,Ireland,3532423.0,level
1983-12-31,world,IRL,Ireland,3510600.0,level
1982-12-31,world,IRL,Ireland,3485800.0,level
1981-12-31,world,IRL,Ireland,3453000.0,level
1980-12-31,world,IRL,Ireland,3412800.0,level
1979-12-31,world,IRL,Ireland,3373750.0,level
1978-12-31,world,IRL,Ireland,3329100.0,level
1977-12-31,world,IRL,Ireland,3282200.0,level
1976-12-31,world,IRL,Ireland,3238050.0,level
1975-12-31,world,IRL,Ireland,3189550.0,level
1974-12-31,world,IRL,Ireland,3137500.0,level
1973-12-31,world,IRL,Ireland,3085950.0,level
1972-12-31,world,IRL,Ireland,3036850.0,level
1971-12-31,world,IRL,Ireland,2992050.0,level
1970-12-31,world,IRL,Ireland,2957250.0,level
1969-12-31,world,IRL,Ireland,2932650.0,level
1968-12-31,world,IRL,Ireland,2915550.0,level
1967-12-31,world,IRL,Ireland,2902450.0,level
1966-12-31,world,IRL,Ireland,2888800.0,level
1965-12-31,world,IRL,Ireland,2877300.0,level
1964-12-31,world,IRL,Ireland,2866550.0,level
1963-12-31,world,IRL,Ireland,2852650.0,level
1962-12-31,world,IRL,Ireland,2836050.0,level
1961-12-31,world,IRL,Ireland,2824400.0,level
1960-12-31,world,IRL,Ireland,2828600.0,level
2025-12-31,world,IMN,Isle of Man,84118.0,level
2024-12-31,world,IMN,Isle of Man,84160.0,level
2023-12-31,world,IMN,Isle of Man,84165.0,level
2022-12-31,world,IMN,Isle of Man,84132.0,level
2021-12-31,world,IMN,Isle of Man,84106.0,level
2020-12-31,world,IMN,Isle of Man,84064.0,level
2019-12-31,world,IMN,Isle of Man,83957.0,level
2018-12-31,world,IMN,Isle of Man,83805.0,level
2017-12-31,world,IMN,Isle of Man,83609.0,level
2016-12-31,world,IMN,Isle of Man,83466.0,level
2015-12-31,world,IMN,Isle of Man,83593.0,level
2014-12-31,world,IMN,Isle of Man,83892.0,level
2013-12-31,world,IMN,Isle of Man,84141.0,level
2012-12-31,world,IMN,Isle of Man,84335.0,level
2011-12-31,world,IMN,Isle of Man,84382.0,level
2010-12-31,world,IMN,Isle of Man,83873.0,level
2009-12-31,world,IMN,Isle of Man,82939.0,level
2008-12-31,world,IMN,Isle of Man,82029.0,level
2007-12-31,world,IMN,Isle of Man,81147.0,level
2006-12-31,world,IMN,Isle of Man,80294.0,level
2005-12-31,world,IMN,Isle of Man,79516.0,level
2004-12-31,world,IMN,Isle of Man,78792.0,level
2003-12-31,world,IMN,Isle of Man,78049.0,level
2002-12-31,world,IMN,Isle of Man,77275.0,level
2001-12-31,world,IMN,Isle of Man,76476.0,level
2000-12-31,world,IMN,Isle of Man,75659.0,level
1999-12-31,world,IMN,Isle of Man,74790.0,level
1998-12-31,world,IMN,Isle of Man,73861.0,level
1997-12-31,world,IMN,Isle of Man,72909.0,level
1996-12-31,world,IMN,Isle of Man,72047.0,level
1995-12-31,world,IMN,Isle of Man,71513.0,level
1994-12-31,world,IMN,Isle of Man,71168.0,level
1993-12-31,world,IMN,Isle of Man,70772.0,level
1992-12-31,world,IMN,Isle of Man,70353.0,level
1991-12-31,world,IMN,Isle of Man,69808.0,level
1990-12-31,world,IMN,Isle of Man,68916.0,level
1989-12-31,world,IMN,Isle of Man,67790.0,level
1988-12-31,world,IMN,Isle of Man,66680.0,level
1987-12-31,world,IMN,Isle of Man,65597.0,level
1986-12-31,world,IMN,Isle of Man,64695.0,level
1985-12-31,world,IMN,Isle of Man,64401.0,level
1984-12-31,world,IMN,Isle of Man,64528.0,level
1983-12-31,world,IMN,Isle of Man,64630.0,level
1982-12-31,world,IMN,Isle of Man,64686.0,level
1981-12-31,world,IMN,Isle of Man,64596.0,level
1980-12-31,world,IMN,Isle of Man,64076.0,level
1979-12-31,world,IMN,Isle of Man,63239.0,level
1978-12-31,world,IMN,Isle of Man,62398.0,level
1977-12-31,world,IMN,Isle of Man,61566.0,level
1976-12-31,world,IMN,Isle of Man,60750.0,level
1975-12-31,world,IMN,Isle of Man,59959.0,level
1974-12-31,world,IMN,Isle of Man,59139.0,level
1973-12-31,world,IMN,Isle of Man,58256.0,level
1972-12-31,world,IMN,Isle of Man,57367.0,level
1971-12-31,world,IMN,Isle of Man,56427.0,level
1970-12-31,world,IMN,Isle of Man,55300.0,level
1969-12-31,world,IMN,Isle of Man,54074.0,level
1968-12-31,world,IMN,Isle of Man,52891.0,level
1967-12-31,world,IMN,Isle of Man,51741.0,level
1966-12-31,world,IMN,Isle of Man,50749.0,level
1965-12-31,world,IMN,Isle of Man,50090.0,level
1964-12-31,world,IMN,Isle of Man,49625.0,level
1963-12-31,world,IMN,Isle of Man,49151.0,level
1962-12-31,world,IMN,Isle of Man,48688.0,level
1961-12-31,world,IMN,Isle of Man,48451.0,level
1960-12-31,world,IMN,Isle of Man,48868.0,level
2025-12-31,world,ISR,Israel,10122800.0,level
2024-12-31,world,ISR,Israel,10002200.0,level
2023-12-31,world,ISR,Israel,9849000.0,level
2022-12-31,world,ISR,Israel,9557500.0,level
2021-12-31,world,ISR,Israel,9371400.0,level
2020-12-31,world,ISR,Israel,9215100.0,level
2019-12-31,world,ISR,Israel,9054000.0,level
2018-12-31,world,ISR,Israel,8882800.0,level
2017-12-31,world,ISR,Israel,8713300.0,level
2016-12-31,world,ISR,Israel,8546000.0,level
2015-12-31,world,ISR,Israel,8380100.0,level
2014-12-31,world,ISR,Israel,8215700.0,level
2013-12-31,world,ISR,Israel,8059500.0,level
2012-12-31,world,ISR,Israel,7910500.0,level
2011-12-31,world,ISR,Israel,7765800.0,level
2010-12-31,world,ISR,Israel,7623600.0,level
2009-12-31,world,ISR,Israel,7485600.0,level
2008-12-31,world,ISR,Israel,7308800.0,level
2007-12-31,world,ISR,Israel,7180100.0,level
2006-12-31,world,ISR,Israel,7053700.0,level
2005-12-31,world,ISR,Israel,6930100.0,level
2004-12-31,world,ISR,Israel,6809000.0,level
2003-12-31,world,ISR,Israel,6689700.0,level
2002-12-31,world,ISR,Israel,6570000.0,level
2001-12-31,world,ISR,Israel,6439000.0,level
2000-12-31,world,ISR,Israel,6289000.0,level
1999-12-31,world,ISR,Israel,6125000.0,level
1998-12-31,world,ISR,Israel,5971000.0,level
1997-12-31,world,ISR,Israel,5836000.0,level
1996-12-31,world,ISR,Israel,5692000.0,level
1995-12-31,world,ISR,Israel,5545000.0,level
1994-12-31,world,ISR,Israel,5399000.0,level
1993-12-31,world,ISR,Israel,5261000.0,level
1992-12-31,world,ISR,Israel,5123000.0,level
1991-12-31,world,ISR,Israel,4949000.0,level
1990-12-31,world,ISR,Israel,4660000.0,level
1989-12-31,world,ISR,Israel,4518000.0,level
1988-12-31,world,ISR,Israel,4442000.0,level
1987-12-31,world,ISR,Israel,4369000.0,level
1986-12-31,world,ISR,Israel,4299000.0,level
1985-12-31,world,ISR,Israel,4233000.0,level
1984-12-31,world,ISR,Israel,4159000.0,level
1983-12-31,world,ISR,Israel,4105000.0,level
1982-12-31,world,ISR,Israel,4031000.0,level
1981-12-31,world,ISR,Israel,3956000.0,level
1980-12-31,world,ISR,Israel,3878000.0,level
1979-12-31,world,ISR,Israel,3786000.0,level
1978-12-31,world,ISR,Israel,3690000.0,level
1977-12-31,world,ISR,Israel,3613000.0,level
1976-12-31,world,ISR,Israel,3533000.0,level
1975-12-31,world,ISR,Israel,3455000.0,level
1974-12-31,world,ISR,Israel,3377000.0,level
1973-12-31,world,ISR,Israel,3278000.0,level
1972-12-31,world,ISR,Israel,3148000.0,level
1971-12-31,world,ISR,Israel,3069000.0,level
1970-12-31,world,ISR,Israel,2974000.0,level
1969-12-31,world,ISR,Israel,2877000.0,level
1968-12-31,world,ISR,Israel,2803000.0,level
1967-12-31,world,ISR,Israel,2745000.0,level
1966-12-31,world,ISR,Israel,2629000.0,level
1965-12-31,world,ISR,Israel,2563000.0,level
1964-12-31,world,ISR,Israel,2475000.0,level
1963-12-31,world,ISR,Israel,2379000.0,level
1962-12-31,world,ISR,Israel,2293000.0,level
1961-12-31,world,ISR,Israel,2185000.0,level
1960-12-31,world,ISR,Israel,2114020.0,level
2025-12-31,world,ITA,Italy,58915656.0,level
2024-12-31,world,ITA,Italy,58952704.0,level
2023-12-31,world,ITA,Italy,58984216.0,level
2022-12-31,world,ITA,Italy,59013667.0,level
2021-12-31,world,ITA,Italy,59133173.0,level
2020-12-31,world,ITA,Italy,59438851.0,level
2019-12-31,world,ITA,Italy,59729081.0,level
2018-12-31,world,ITA,Italy,59877221.0,level
2017-12-31,world,ITA,Italy,60002252.0,level
2016-12-31,world,ITA,Italy,60115223.0,level
2015-12-31,world,ITA,Italy,60229605.0,level
2014-12-31,world,ITA,Italy,60320707.0,level
2013-12-31,world,ITA,Italy,60311613.0,level
2012-12-31,world,ITA,Italy,60191247.0,level
2011-12-31,world,ITA,Italy,60026841.0,level
2010-12-31,world,ITA,Italy,59819407.0,level
2009-12-31,world,ITA,Italy,59555454.0,level
2008-12-31,world,ITA,Italy,59211181.0,level
2007-12-31,world,ITA,Italy,58756247.0,level
2006-12-31,world,ITA,Italy,58399861.0,level
2005-12-31,world,ITA,Italy,58166682.0,level
2004-12-31,world,ITA,Italy,57828179.0,level
2003-12-31,world,ITA,Italy,57399184.0,level
2002-12-31,world,ITA,Italy,57089824.0,level
2001-12-31,world,ITA,Italy,56976981.0,level
2000-12-31,world,ITA,Italy,56942108.0,level
1999-12-31,world,ITA,Italy,56916317.0,level
1998-12-31,world,ITA,Italy,56906744.0,level
1997-12-31,world,ITA,Italy,56890372.0,level
1996-12-31,world,ITA,Italy,56860281.0,level
1995-12-31,world,ITA,Italy,56844303.0,level
1994-12-31,world,ITA,Italy,56843400.0,level
1993-12-31,world,ITA,Italy,56831821.0,level
1992-12-31,world,ITA,Italy,56797087.0,level
1991-12-31,world,ITA,Italy,56758521.0,level
1990-12-31,world,ITA,Italy,56719240.0,level
1989-12-31,world,ITA,Italy,56671781.0,level
1988-12-31,world,ITA,Italy,56629288.0,level
1987-12-31,world,ITA,Italy,56601931.0,level
1986-12-31,world,ITA,Italy,56596155.0,level
1985-12-31,world,ITA,Italy,56593071.0,level
1984-12-31,world,ITA,Italy,56576718.0,level
1983-12-31,world,ITA,Italy,56564074.0,level
1982-12-31,world,ITA,Italy,56543548.0,level
1981-12-31,world,ITA,Italy,56501675.0,level
1980-12-31,world,ITA,Italy,56433883.0,level
1979-12-31,world,ITA,Italy,56317749.0,level
1978-12-31,world,ITA,Italy,56155143.0,level
1977-12-31,world,ITA,Italy,55955411.0,level
1976-12-31,world,ITA,Italy,55718260.0,level
1975-12-31,world,ITA,Italy,55441001.0,level
1974-12-31,world,ITA,Italy,55110868.0,level
1973-12-31,world,ITA,Italy,54751406.0,level
1972-12-31,world,ITA,Italy,54381345.0,level
1971-12-31,world,ITA,Italy,54073490.0,level
1970-12-31,world,ITA,Italy,53821850.0,level
1969-12-31,world,ITA,Italy,53537950.0,level
1968-12-31,world,ITA,Italy,53235750.0,level
1967-12-31,world,ITA,Italy,52900500.0,level
1966-12-31,world,ITA,Italy,52519000.0,level
1965-12-31,world,ITA,Italy,52112350.0,level
1964-12-31,world,ITA,Italy,51675350.0,level
1963-12-31,world,ITA,Italy,51252000.0,level
1962-12-31,world,ITA,Italy,50879450.0,level
1961-12-31,world,ITA,Italy,50536350.0,level
1960-12-31,world,ITA,Italy,50199700.0,level
2025-12-31,world,JAM,Jamaica,2837077.0,level
2024-12-31,world,JAM,Jamaica,2839175.0,level
2023-12-31,world,JAM,Jamaica,2839786.0,level
2022-12-31,world,JAM,Jamaica,2839144.0,level
2021-12-31,world,JAM,Jamaica,2837682.0,level
2020-12-31,world,JAM,Jamaica,2830739.0,level
2019-12-31,world,JAM,Jamaica,2823271.0,level
2018-12-31,world,JAM,Jamaica,2820097.0,level
2017-12-31,world,JAM,Jamaica,2815764.0,level
2016-12-31,world,JAM,Jamaica,2809915.0,level
2015-12-31,world,JAM,Jamaica,2802534.0,level
2014-12-31,world,JAM,Jamaica,2793749.0,level
2013-12-31,world,JAM,Jamaica,2783687.0,level
2012-12-31,world,JAM,Jamaica,2772430.0,level
2011-12-31,world,JAM,Jamaica,2760494.0,level
2010-12-31,world,JAM,Jamaica,2748568.0,level
2009-12-31,world,JAM,Jamaica,2736995.0,level
2008-12-31,world,JAM,Jamaica,2725635.0,level
2007-12-31,world,JAM,Jamaica,2713800.0,level
2006-12-31,world,JAM,Jamaica,2700968.0,level
2005-12-31,world,JAM,Jamaica,2687066.0,level
2004-12-31,world,JAM,Jamaica,2672225.0,level
2003-12-31,world,JAM,Jamaica,2656623.0,level
2002-12-31,world,JAM,Jamaica,2640572.0,level
2001-12-31,world,JAM,Jamaica,2624403.0,level
2000-12-31,world,JAM,Jamaica,2607826.0,level
1999-12-31,world,JAM,Jamaica,2589795.0,level
1998-12-31,world,JAM,Jamaica,2569736.0,level
1997-12-31,world,JAM,Jamaica,2547848.0,level
1996-12-31,world,JAM,Jamaica,2524463.0,level
1995-12-31,world,JAM,Jamaica,2500151.0,level
1994-12-31,world,JAM,Jamaica,2475220.0,level
1993-12-31,world,JAM,Jamaica,2449916.0,level
1992-12-31,world,JAM,Jamaica,2424701.0,level
1991-12-31,world,JAM,Jamaica,2400869.0,level
1990-12-31,world,JAM,Jamaica,2379877.0,level
1989-12-31,world,JAM,Jamaica,2361916.0,level
1988-12-31,world,JAM,Jamaica,2345777.0,level
1987-12-31,world,JAM,Jamaica,2329813.0,level
1986-12-31,world,JAM,Jamaica,2312125.0,level
1985-12-31,world,JAM,Jamaica,2290656.0,level
1984-12-31,world,JAM,Jamaica,2264562.0,level
1983-12-31,world,JAM,Jamaica,2234832.0,level
1982-12-31,world,JAM,Jamaica,2203889.0,level
1981-12-31,world,JAM,Jamaica,2173818.0,level
1980-12-31,world,JAM,Jamaica,2145658.0,level
1979-12-31,world,JAM,Jamaica,2119486.0,level
1978-12-31,world,JAM,Jamaica,2094836.0,level
1977-12-31,world,JAM,Jamaica,2070657.0,level
1976-12-31,world,JAM,Jamaica,2045578.0,level
1975-12-31,world,JAM,Jamaica,2018981.0,level
1974-12-31,world,JAM,Jamaica,1990906.0,level
1973-12-31,world,JAM,Jamaica,1961219.0,level
1972-12-31,world,JAM,Jamaica,1931542.0,level
1971-12-31,world,JAM,Jamaica,1903728.0,level
1970-12-31,world,JAM,Jamaica,1878196.0,level
1969-12-31,world,JAM,Jamaica,1855127.0,level
1968-12-31,world,JAM,Jamaica,1833765.0,level
1967-12-31,world,JAM,Jamaica,1812865.0,level
1966-12-31,world,JAM,Jamaica,1791475.0,level
1965-12-31,world,JAM,Jamaica,1769192.0,level
1964-12-31,world,JAM,Jamaica,1745568.0,level
1963-12-31,world,JAM,Jamaica,1721099.0,level
1962-12-31,world,JAM,Jamaica,1696932.0,level
1961-12-31,world,JAM,Jamaica,1673261.0,level
1960-12-31,world,JAM,Jamaica,1650005.0,level
2025-12-31,world,JPN,Japan,123366734.0,level
2024-12-31,world,JPN,Japan,123975371.0,level
2023-12-31,world,JPN,Japan,124516650.0,level
2022-12-31,world,JPN,Japan,125124989.0,level
2021-12-31,world,JPN,Japan,125681593.0,level
2020-12-31,world,JPN,Japan,126261000.0,level
2019-12-31,world,JPN,Japan,126633000.0,level
2018-12-31,world,JPN,Japan,126811000.0,level
2017-12-31,world,JPN,Japan,126972000.0,level
2016-12-31,world,JPN,Japan,127076000.0,level
2015-12-31,world,JPN,Japan,127141000.0,level
2014-12-31,world,JPN,Japan,127276000.0,level
2013-12-31,world,JPN,Japan,127445000.0,level
2012-12-31,world,JPN,Japan,127629000.0,level
2011-12-31,world,JPN,Japan,127833000.0,level
2010-12-31,world,JPN,Japan,128070000.0,level
2009-12-31,world,JPN,Japan,128047000.0,level
2008-12-31,world,JPN,Japan,128063000.0,level
2007-12-31,world,JPN,Japan,128001000.0,level
2006-12-31,world,JPN,Japan,127854000.0,level
2005-12-31,world,JPN,Japan,127773000.0,level
2004-12-31,world,JPN,Japan,127761000.0,level
2003-12-31,world,JPN,Japan,127718000.0,level
2002-12-31,world,JPN,Japan,127445000.0,level
2001-12-31,world,JPN,Japan,127149000.0,level
2000-12-31,world,JPN,Japan,126843000.0,level
1999-12-31,world,JPN,Japan,126631000.0,level
1998-12-31,world,JPN,Japan,126400000.0,level
1997-12-31,world,JPN,Japan,126057000.0,level
1996-12-31,world,JPN,Japan,125757000.0,level
1995-12-31,world,JPN,Japan,125472000.0,level
1994-12-31,world,JPN,Japan,125178000.0,level
1993-12-31,world,JPN,Japan,124829000.0,level
1992-12-31,world,JPN,Japan,124425000.0,level
1991-12-31,world,JPN,Japan,123964000.0,level
1990-12-31,world,JPN,Japan,123478000.0,level
1989-12-31,world,JPN,Japan,123069000.0,level
1988-12-31,world,JPN,Japan,122578000.0,level
1987-12-31,world,JPN,Japan,122069000.0,level
1986-12-31,world,JPN,Japan,121482000.0,level
1985-12-31,world,JPN,Japan,120837000.0,level
1984-12-31,world,JPN,Japan,120083000.0,level
1983-12-31,world,JPN,Japan,119307000.0,level
1982-12-31,world,JPN,Japan,118480000.0,level
1981-12-31,world,JPN,Japan,117661000.0,level
1980-12-31,world,JPN,Japan,116807000.0,level
1979-12-31,world,JPN,Japan,115890000.0,level
1978-12-31,world,JPN,Japan,114913000.0,level
1977-12-31,world,JPN,Japan,113872000.0,level
1976-12-31,world,JPN,Japan,112775000.0,level
1975-12-31,world,JPN,Japan,111573000.0,level
1974-12-31,world,JPN,Japan,110162000.0,level
1973-12-31,world,JPN,Japan,108707000.0,level
1972-12-31,world,JPN,Japan,107188000.0,level
1971-12-31,world,JPN,Japan,105697000.0,level
1970-12-31,world,JPN,Japan,103403000.0,level
1969-12-31,world,JPN,Japan,102219000.0,level
1968-12-31,world,JPN,Japan,101011000.0,level
1967-12-31,world,JPN,Japan,99879000.0,level
1966-12-31,world,JPN,Japan,98851000.0,level
1965-12-31,world,JPN,Japan,97952000.0,level
1964-12-31,world,JPN,Japan,96903000.0,level
1963-12-31,world,JPN,Japan,95900000.0,level
1962-12-31,world,JPN,Japan,94933000.0,level
1961-12-31,world,JPN,Japan,94055000.0,level
1960-12-31,world,JPN,Japan,93216000.0,level
2025-12-31,world,JOR,Jordan,11520684.0,level
2024-12-31,world,JOR,Jordan,11552876.0,level
2023-12-31,world,JOR,Jordan,11439213.0,level
2022-12-31,world,JOR,Jordan,11256263.0,level
2021-12-31,world,JOR,Jordan,11066356.0,level
2020-12-31,world,JOR,Jordan,10865228.0,level
2019-12-31,world,JOR,Jordan,10671891.0,level
2018-12-31,world,JOR,Jordan,10462306.0,level
2017-12-31,world,JOR,Jordan,10234226.0,level
2016-12-31,world,JOR,Jordan,10006367.0,level
2015-12-31,world,JOR,Jordan,9544729.0,level
2014-12-31,world,JOR,Jordan,8791710.0,level
2013-12-31,world,JOR,Jordan,7991809.0,level
2012-12-31,world,JOR,Jordan,7587127.0,level
2011-12-31,world,JOR,Jordan,7480424.0,level
2010-12-31,world,JOR,Jordan,7297043.0,level
2009-12-31,world,JOR,Jordan,7141753.0,level
2008-12-31,world,JOR,Jordan,6989866.0,level
2007-12-31,world,JOR,Jordan,6827227.0,level
2006-12-31,world,JOR,Jordan,6427371.0,level
2005-12-31,world,JOR,Jordan,6029587.0,level
2004-12-31,world,JOR,Jordan,5882061.0,level
2003-12-31,world,JOR,Jordan,5741828.0,level
2002-12-31,world,JOR,Jordan,5616066.0,level
2001-12-31,world,JOR,Jordan,5498894.0,level
2000-12-31,world,JOR,Jordan,5386945.0,level
1999-12-31,world,JOR,Jordan,5276444.0,level
1998-12-31,world,JOR,Jordan,5164284.0,level
1997-12-31,world,JOR,Jordan,5046285.0,level
1996-12-31,world,JOR,Jordan,4912516.0,level
1995-12-31,world,JOR,Jordan,4752096.0,level
1994-12-31,world,JOR,Jordan,4561406.0,level
1993-12-31,world,JOR,Jordan,4348020.0,level
1992-12-31,world,JOR,Jordan,4127693.0,level
1991-12-31,world,JOR,Jordan,3915149.0,level
1990-12-31,world,JOR,Jordan,3621908.0,level
1989-12-31,world,JOR,Jordan,3349627.0,level
1988-12-31,world,JOR,Jordan,3193039.0,level
1987-12-31,world,JOR,Jordan,3047634.0,level
1986-12-31,world,JOR,Jordan,2909887.0,level
1985-12-31,world,JOR,Jordan,2778810.0,level
1984-12-31,world,JOR,Jordan,2654688.0,level
1983-12-31,world,JOR,Jordan,2537307.0,level
1982-12-31,world,JOR,Jordan,2426927.0,level
1981-12-31,world,JOR,Jordan,2325517.0,level
1980-12-31,world,JOR,Jordan,2234186.0,level
1979-12-31,world,JOR,Jordan,2153882.0,level
1978-12-31,world,JOR,Jordan,2083595.0,level
1977-12-31,world,JOR,Jordan,2019002.0,level
1976-12-31,world,JOR,Jordan,1958177.0,level
1975-12-31,world,JOR,Jordan,1899055.0,level
1974-12-31,world,JOR,Jordan,1839182.0,level
1973-12-31,world,JOR,Jordan,1778094.0,level
1972-12-31,world,JOR,Jordan,1714555.0,level
1971-12-31,world,JOR,Jordan,1645145.0,level
1970-12-31,world,JOR,Jordan,1565163.0,level
1969-12-31,world,JOR,Jordan,1473100.0,level
1968-12-31,world,JOR,Jordan,1372460.0,level
1967-12-31,world,JOR,Jordan,1271183.0,level
1966-12-31,world,JOR,Jordan,1178360.0,level
1965-12-31,world,JOR,Jordan,1099440.0,level
1964-12-31,world,JOR,Jordan,1035640.0,level
1963-12-31,world,JOR,Jordan,984714.0,level
1962-12-31,world,JOR,Jordan,940554.0,level
1961-12-31,world,JOR,Jordan,897591.0,level
1960-12-31,world,JOR,Jordan,853471.0,level
2025-12-31,world,KAZ,Kazakhstan,20843754.0,level
2024-12-31,world,KAZ,Kazakhstan,20592571.0,level
2023-12-31,world,KAZ,Kazakhstan,20330104.0,level
2022-12-31,world,KAZ,Kazakhstan,20034609.0,level
2021-12-31,world,KAZ,Kazakhstan,19743603.0,level
2020-12-31,world,KAZ,Kazakhstan,19482117.0,level
2019-12-31,world,KAZ,Kazakhstan,19209555.0,level
2018-12-31,world,KAZ,Kazakhstan,18932727.0,level
2017-12-31,world,KAZ,Kazakhstan,18651931.0,level
2016-12-31,world,KAZ,Kazakhstan,18363600.0,level
2015-12-31,world,KAZ,Kazakhstan,18084169.0,level
2014-12-31,world,KAZ,Kazakhstan,17816285.0,level
2013-12-31,world,KAZ,Kazakhstan,17556502.0,level
2012-12-31,world,KAZ,Kazakhstan,17306106.0,level
2011-12-31,world,KAZ,Kazakhstan,17066002.0,level
2010-12-31,world,KAZ,Kazakhstan,16836810.0,level
2009-12-31,world,KAZ,Kazakhstan,16619846.0,level
2008-12-31,world,KAZ,Kazakhstan,16426525.0,level
2007-12-31,world,KAZ,Kazakhstan,16257214.0,level
2006-12-31,world,KAZ,Kazakhstan,16103716.0,level
2005-12-31,world,KAZ,Kazakhstan,15968117.0,level
2004-12-31,world,KAZ,Kazakhstan,15850159.0,level
2003-12-31,world,KAZ,Kazakhstan,15747380.0,level
2002-12-31,world,KAZ,Kazakhstan,15656677.0,level
2001-12-31,world,KAZ,Kazakhstan,15575550.0,level
2000-12-31,world,KAZ,Kazakhstan,15501103.0,level
1999-12-31,world,KAZ,Kazakhstan,15455874.0,level
1998-12-31,world,KAZ,Kazakhstan,15647785.0,level
1997-12-31,world,KAZ,Kazakhstan,16043251.0,level
1996-12-31,world,KAZ,Kazakhstan,16416027.0,level
1995-12-31,world,KAZ,Kazakhstan,16730536.0,level
1994-12-31,world,KAZ,Kazakhstan,17043771.0,level
1993-12-31,world,KAZ,Kazakhstan,17274487.0,level
1992-12-31,world,KAZ,Kazakhstan,17332625.0,level
1991-12-31,world,KAZ,Kazakhstan,17278600.0,level
1990-12-31,world,KAZ,Kazakhstan,17154054.0,level
1989-12-31,world,KAZ,Kazakhstan,16997013.0,level
1988-12-31,world,KAZ,Kazakhstan,16781168.0,level
1987-12-31,world,KAZ,Kazakhstan,16527715.0,level
1986-12-31,world,KAZ,Kazakhstan,16262702.0,level
1985-12-31,world,KAZ,Kazakhstan,16031090.0,level
1984-12-31,world,KAZ,Kazakhstan,15844621.0,level
1983-12-31,world,KAZ,Kazakhstan,15665551.0,level
1982-12-31,world,KAZ,Kazakhstan,15492595.0,level
1981-12-31,world,KAZ,Kazakhstan,15323082.0,level
1980-12-31,world,KAZ,Kazakhstan,15152949.0,level
1979-12-31,world,KAZ,Kazakhstan,14978696.0,level
1978-12-31,world,KAZ,Kazakhstan,14711497.0,level
1977-12-31,world,KAZ,Kazakhstan,14353265.0,level
1976-12-31,world,KAZ,Kazakhstan,13998738.0,level
1975-12-31,world,KAZ,Kazakhstan,13700843.0,level
1974-12-31,world,KAZ,Kazakhstan,13454570.0,level
1973-12-31,world,KAZ,Kazakhstan,13208121.0,level
1972-12-31,world,KAZ,Kazakhstan,12951798.0,level
1971-12-31,world,KAZ,Kazakhstan,12684813.0,level
1970-12-31,world,KAZ,Kazakhstan,12419057.0,level
1969-12-31,world,KAZ,Kazakhstan,12156212.0,level
1968-12-31,world,KAZ,Kazakhstan,11879182.0,level
1967-12-31,world,KAZ,Kazakhstan,11584428.0,level
1966-12-31,world,KAZ,Kazakhstan,11288989.0,level
1965-12-31,world,KAZ,Kazakhstan,10993183.0,level
1964-12-31,world,KAZ,Kazakhstan,10690309.0,level
1963-12-31,world,KAZ,Kazakhstan,10377466.0,level
1962-12-31,world,KAZ,Kazakhstan,10058928.0,level
1961-12-31,world,KAZ,Kazakhstan,9742085.0,level
1960-12-31,world,KAZ,Kazakhstan,9429981.0,level
2025-12-31,world,KEN,Kenya,57532493.0,level
2024-12-31,world,KEN,Kenya,56432944.0,level
2023-12-31,world,KEN,Kenya,55339003.0,level
2022-12-31,world,KEN,Kenya,54252461.0,level
2021-12-31,world,KEN,Kenya,53219166.0,level
2020-12-31,world,KEN,Kenya,52217334.0,level
2019-12-31,world,KEN,Kenya,51202827.0,level
2018-12-31,world,KEN,Kenya,50207107.0,level
2017-12-31,world,KEN,Kenya,49197766.0,level
2016-12-31,world,KEN,Kenya,48139687.0,level
2015-12-31,world,KEN,Kenya,47088526.0,level
2014-12-31,world,KEN,Kenya,46051440.0,level
2013-12-31,world,KEN,Kenya,44986791.0,level
2012-12-31,world,KEN,Kenya,43888303.0,level
2011-12-31,world,KEN,Kenya,42758461.0,level
2010-12-31,world,KEN,Kenya,41598567.0,level
2009-12-31,world,KEN,Kenya,40408891.0,level
2008-12-31,world,KEN,Kenya,39206351.0,level
2007-12-31,world,KEN,Kenya,38036349.0,level
2006-12-31,world,KEN,Kenya,36904008.0,level
2005-12-31,world,KEN,Kenya,35796484.0,level
2004-12-31,world,KEN,Kenya,34713455.0,level
2003-12-31,world,KEN,Kenya,33652223.0,level
2002-12-31,world,KEN,Kenya,32629808.0,level
2001-12-31,world,KEN,Kenya,31619170.0,level
2000-12-31,world,KEN,Kenya,30642890.0,level
1999-12-31,world,KEN,Kenya,29733408.0,level
1998-12-31,world,KEN,Kenya,28888057.0,level
1997-12-31,world,KEN,Kenya,28101768.0,level
1996-12-31,world,KEN,Kenya,27344211.0,level
1995-12-31,world,KEN,Kenya,26601751.0,level
1994-12-31,world,KEN,Kenya,25857130.0,level
1993-12-31,world,KEN,Kenya,25117188.0,level
1992-12-31,world,KEN,Kenya,24382460.0,level
1991-12-31,world,KEN,Kenya,23646514.0,level
1990-12-31,world,KEN,Kenya,22892651.0,level
1989-12-31,world,KEN,Kenya,22118434.0,level
1988-12-31,world,KEN,Kenya,21356219.0,level
1987-12-31,world,KEN,Kenya,20616096.0,level
1986-12-31,world,KEN,Kenya,19901646.0,level
1985-12-31,world,KEN,Kenya,19201768.0,level
1984-12-31,world,KEN,Kenya,18514906.0,level
1983-12-31,world,KEN,Kenya,17846374.0,level
1982-12-31,world,KEN,Kenya,17206175.0,level
1981-12-31,world,KEN,Kenya,16601507.0,level
1980-12-31,world,KEN,Kenya,16018459.0,level
1979-12-31,world,KEN,Kenya,15460666.0,level
1978-12-31,world,KEN,Kenya,14934126.0,level
1977-12-31,world,KEN,Kenya,14428819.0,level
1976-12-31,world,KEN,Kenya,13957623.0,level
1975-12-31,world,KEN,Kenya,13511671.0,level
1974-12-31,world,KEN,Kenya,13070078.0,level
1973-12-31,world,KEN,Kenya,12634835.0,level
1972-12-31,world,KEN,Kenya,12206060.0,level
1971-12-31,world,KEN,Kenya,11788904.0,level
1970-12-31,world,KEN,Kenya,11368791.0,level
1969-12-31,world,KEN,Kenya,10939695.0,level
1968-12-31,world,KEN,Kenya,10518823.0,level
1967-12-31,world,KEN,Kenya,10111057.0,level
1966-12-31,world,KEN,Kenya,9717816.0,level
1965-12-31,world,KEN,Kenya,9338078.0,level
1964-12-31,world,KEN,Kenya,8973535.0,level
1963-12-31,world,KEN,Kenya,8627971.0,level
1962-12-31,world,KEN,Kenya,8299308.0,level
1961-12-31,world,KEN,Kenya,7987770.0,level
1960-12-31,world,KEN,Kenya,7695307.0,level
2025-12-31,world,KIR,Kiribati,136488.0,level
2024-12-31,world,KIR,Kiribati,134518.0,level
2023-12-31,world,KIR,Kiribati,132530.0,level
2022-12-31,world,KIR,Kiribati,130469.0,level
2021-12-31,world,KIR,Kiribati,128377.0,level
2020-12-31,world,KIR,Kiribati,126099.0,level
2019-12-31,world,KIR,Kiribati,123921.0,level
2018-12-31,world,KIR,Kiribati,122084.0,level
2017-12-31,world,KIR,Kiribati,120275.0,level
2016-12-31,world,KIR,Kiribati,118478.0,level
2015-12-31,world,KIR,Kiribati,116815.0,level
2014-12-31,world,KIR,Kiribati,115326.0,level
2013-12-31,world,KIR,Kiribati,113838.0,level
2012-12-31,world,KIR,Kiribati,112284.0,level
2011-12-31,world,KIR,Kiribati,110647.0,level
2010-12-31,world,KIR,Kiribati,108704.0,level
2009-12-31,world,KIR,Kiribati,106467.0,level
2008-12-31,world,KIR,Kiribati,104222.0,level
2007-12-31,world,KIR,Kiribati,102068.0,level
2006-12-31,world,KIR,Kiribati,100017.0,level
2005-12-31,world,KIR,Kiribati,98035.0,level
2004-12-31,world,KIR,Kiribati,96085.0,level
2003-12-31,world,KIR,Kiribati,94175.0,level
2002-12-31,world,KIR,Kiribati,92264.0,level
2001-12-31,world,KIR,Kiribati,90335.0,level
2000-12-31,world,KIR,Kiribati,88613.0,level
1999-12-31,world,KIR,Kiribati,87126.0,level
1998-12-31,world,KIR,Kiribati,85657.0,level
1997-12-31,world,KIR,Kiribati,84147.0,level
1996-12-31,world,KIR,Kiribati,82623.0,level
1995-12-31,world,KIR,Kiribati,81234.0,level
1994-12-31,world,KIR,Kiribati,80021.0,level
1993-12-31,world,KIR,Kiribati,78841.0,level
1992-12-31,world,KIR,Kiribati,77641.0,level
1991-12-31,world,KIR,Kiribati,76367.0,level
1990-12-31,world,KIR,Kiribati,74855.0,level
1989-12-31,world,KIR,Kiribati,73147.0,level
1988-12-31,world,KIR,Kiribati,71427.0,level
1987-12-31,world,KIR,Kiribati,69733.0,level
1986-12-31,world,KIR,Kiribati,68059.0,level
1985-12-31,world,KIR,Kiribati,66496.0,level
1984-12-31,world,KIR,Kiribati,65228.0,level
1983-12-31,world,KIR,Kiribati,64169.0,level
1982-12-31,world,KIR,Kiribati,63134.0,level
1981-12-31,world,KIR,Kiribati,62121.0,level
1980-12-31,world,KIR,Kiribati,61148.0,level
1979-12-31,world,KIR,Kiribati,60172.0,level
1978-12-31,world,KIR,Kiribati,59864.0,level
1977-12-31,world,KIR,Kiribati,60267.0,level
1976-12-31,world,KIR,Kiribati,60661.0,level
1975-12-31,world,KIR,Kiribati,60987.0,level
1974-12-31,world,KIR,Kiribati,61219.0,level
1973-12-31,world,KIR,Kiribati,60824.0,level
1972-12-31,world,KIR,Kiribati,59778.0,level
1971-12-31,world,KIR,Kiribati,58652.0,level
1970-12-31,world,KIR,Kiribati,57510.0,level
1969-12-31,world,KIR,Kiribati,56360.0,level
1968-12-31,world,KIR,Kiribati,55529.0,level
1967-12-31,world,KIR,Kiribati,54996.0,level
1966-12-31,world,KIR,Kiribati,54425.0,level
1965-12-31,world,KIR,Kiribati,53439.0,level
1964-12-31,world,KIR,Kiribati,52088.0,level
1963-12-31,world,KIR,Kiribati,50791.0,level
1962-12-31,world,KIR,Kiribati,49538.0,level
1961-12-31,world,KIR,Kiribati,48323.0,level
1960-12-31,world,KIR,Kiribati,47157.0,level
2025-12-31,world,PRK,"Korea, Dem. People's Rep.",26571036.0,level
2024-12-31,world,PRK,"Korea, Dem. People's Rep.",26498823.0,level
2023-12-31,world,PRK,"Korea, Dem. People's Rep.",26418204.0,level
2022-12-31,world,PRK,"Korea, Dem. People's Rep.",26328845.0,level
2021-12-31,world,PRK,"Korea, Dem. People's Rep.",26232534.0,level
2020-12-31,world,PRK,"Korea, Dem. People's Rep.",26136312.0,level
2019-12-31,world,PRK,"Korea, Dem. People's Rep.",26037632.0,level
2018-12-31,world,PRK,"Korea, Dem. People's Rep.",25931147.0,level
2017-12-31,world,PRK,"Korea, Dem. People's Rep.",25817709.0,level
2016-12-31,world,PRK,"Korea, Dem. People's Rep.",25698326.0,level
2015-12-31,world,PRK,"Korea, Dem. People's Rep.",25575350.0,level
2014-12-31,world,PRK,"Korea, Dem. People's Rep.",25451262.0,level
2013-12-31,world,PRK,"Korea, Dem. People's Rep.",25329451.0,level
2012-12-31,world,PRK,"Korea, Dem. People's Rep.",25211728.0,level
2011-12-31,world,PRK,"Korea, Dem. People's Rep.",25097874.0,level
2010-12-31,world,PRK,"Korea, Dem. People's Rep.",24987258.0,level
2009-12-31,world,PRK,"Korea, Dem. People's Rep.",24878332.0,level
2008-12-31,world,PRK,"Korea, Dem. People's Rep.",24764618.0,level
2007-12-31,world,PRK,"Korea, Dem. People's Rep.",24646383.0,level
2006-12-31,world,PRK,"Korea, Dem. People's Rep.",24524507.0,level
2005-12-31,world,PRK,"Korea, Dem. People's Rep.",24396433.0,level
2004-12-31,world,PRK,"Korea, Dem. People's Rep.",24254943.0,level
2003-12-31,world,PRK,"Korea, Dem. People's Rep.",24090380.0,level
2002-12-31,world,PRK,"Korea, Dem. People's Rep.",23943973.0,level
2001-12-31,world,PRK,"Korea, Dem. People's Rep.",23815358.0,level
2000-12-31,world,PRK,"Korea, Dem. People's Rep.",23665910.0,level
1999-12-31,world,PRK,"Korea, Dem. People's Rep.",23497599.0,level
1998-12-31,world,PRK,"Korea, Dem. People's Rep.",23311564.0,level
1997-12-31,world,PRK,"Korea, Dem. People's Rep.",23110830.0,level
1996-12-31,world,PRK,"Korea, Dem. People's Rep.",22895746.0,level
1995-12-31,world,PRK,"Korea, Dem. People's Rep.",22669304.0,level
1994-12-31,world,PRK,"Korea, Dem. People's Rep.",22393975.0,level
1993-12-31,world,PRK,"Korea, Dem. People's Rep.",22073352.0,level
1992-12-31,world,PRK,"Korea, Dem. People's Rep.",21750911.0,level
1991-12-31,world,PRK,"Korea, Dem. People's Rep.",21428638.0,level
1990-12-31,world,PRK,"Korea, Dem. People's Rep.",21112137.0,level
1989-12-31,world,PRK,"Korea, Dem. People's Rep.",20804367.0,level
1988-12-31,world,PRK,"Korea, Dem. People's Rep.",20503161.0,level
1987-12-31,world,PRK,"Korea, Dem. People's Rep.",20205483.0,level
1986-12-31,world,PRK,"Korea, Dem. People's Rep.",19910855.0,level
1985-12-31,world,PRK,"Korea, Dem. People's Rep.",19620388.0,level
1984-12-31,world,PRK,"Korea, Dem. People's Rep.",19335043.0,level
1983-12-31,world,PRK,"Korea, Dem. People's Rep.",19054034.0,level
1982-12-31,world,PRK,"Korea, Dem. People's Rep.",18776357.0,level
1981-12-31,world,PRK,"Korea, Dem. People's Rep.",18501295.0,level
1980-12-31,world,PRK,"Korea, Dem. People's Rep.",18236786.0,level
1979-12-31,world,PRK,"Korea, Dem. People's Rep.",17983470.0,level
1978-12-31,world,PRK,"Korea, Dem. People's Rep.",17735995.0,level
1977-12-31,world,PRK,"Korea, Dem. People's Rep.",17492798.0,level
1976-12-31,world,PRK,"Korea, Dem. People's Rep.",17243450.0,level
1975-12-31,world,PRK,"Korea, Dem. People's Rep.",16971055.0,level
1974-12-31,world,PRK,"Korea, Dem. People's Rep.",16673121.0,level
1973-12-31,world,PRK,"Korea, Dem. People's Rep.",16350367.0,level
1972-12-31,world,PRK,"Korea, Dem. People's Rep.",15975069.0,level
1971-12-31,world,PRK,"Korea, Dem. People's Rep.",15572457.0,level
1970-12-31,world,PRK,"Korea, Dem. People's Rep.",15172775.0,level
1969-12-31,world,PRK,"Korea, Dem. People's Rep.",14767615.0,level
1968-12-31,world,PRK,"Korea, Dem. People's Rep.",14365596.0,level
1967-12-31,world,PRK,"Korea, Dem. People's Rep.",13958350.0,level
1966-12-31,world,PRK,"Korea, Dem. People's Rep.",13569094.0,level
1965-12-31,world,PRK,"Korea, Dem. People's Rep.",13219369.0,level
1964-12-31,world,PRK,"Korea, Dem. People's Rep.",12889770.0,level
1963-12-31,world,PRK,"Korea, Dem. People's Rep.",12567057.0,level
1962-12-31,world,PRK,"Korea, Dem. People's Rep.",12262882.0,level
1961-12-31,world,PRK,"Korea, Dem. People's Rep.",11990713.0,level
1960-12-31,world,PRK,"Korea, Dem. People's Rep.",11722953.0,level
2025-12-31,world,KOR,"Korea, Rep.",51684564.0,level
2024-12-31,world,KOR,"Korea, Rep.",51751065.0,level
2023-12-31,world,KOR,"Korea, Rep.",51712619.0,level
2022-12-31,world,KOR,"Korea, Rep.",51672569.0,level
2021-12-31,world,KOR,"Korea, Rep.",51769539.0,level
2020-12-31,world,KOR,"Korea, Rep.",51836239.0,level
2019-12-31,world,KOR,"Korea, Rep.",51764822.0,level
2018-12-31,world,KOR,"Korea, Rep.",51585058.0,level
2017-12-31,world,KOR,"Korea, Rep.",51361911.0,level
2016-12-31,world,KOR,"Korea, Rep.",51217803.0,level
2015-12-31,world,KOR,"Korea, Rep.",51014947.0,level
2014-12-31,world,KOR,"Korea, Rep.",50746659.0,level
2013-12-31,world,KOR,"Korea, Rep.",50428893.0,level
2012-12-31,world,KOR,"Korea, Rep.",50199853.0,level
2011-12-31,world,KOR,"Korea, Rep.",49936638.0,level
2010-12-31,world,KOR,"Korea, Rep.",49554112.0,level
2009-12-31,world,KOR,"Korea, Rep.",49307835.0,level
2008-12-31,world,KOR,"Korea, Rep.",49054708.0,level
2007-12-31,world,KOR,"Korea, Rep.",48683638.0,level
2006-12-31,world,KOR,"Korea, Rep.",48438292.0,level
2005-12-31,world,KOR,"Korea, Rep.",48184561.0,level
2004-12-31,world,KOR,"Korea, Rep.",48082519.0,level
2003-12-31,world,KOR,"Korea, Rep.",47892330.0,level
2002-12-31,world,KOR,"Korea, Rep.",47644736.0,level
2001-12-31,world,KOR,"Korea, Rep.",47370164.0,level
2000-12-31,world,KOR,"Korea, Rep.",47008111.0,level
1999-12-31,world,KOR,"Korea, Rep.",46616677.0,level
1998-12-31,world,KOR,"Korea, Rep.",46286503.0,level
1997-12-31,world,KOR,"Korea, Rep.",45953580.0,level
1996-12-31,world,KOR,"Korea, Rep.",45524681.0,level
1995-12-31,world,KOR,"Korea, Rep.",45092991.0,level
1994-12-31,world,KOR,"Korea, Rep.",44641540.0,level
1993-12-31,world,KOR,"Korea, Rep.",44194628.0,level
1992-12-31,world,KOR,"Korea, Rep.",43747962.0,level
1991-12-31,world,KOR,"Korea, Rep.",43295704.0,level
1990-12-31,world,KOR,"Korea, Rep.",42869283.0,level
1989-12-31,world,KOR,"Korea, Rep.",42449038.0,level
1988-12-31,world,KOR,"Korea, Rep.",42031247.0,level
1987-12-31,world,KOR,"Korea, Rep.",41621690.0,level
1986-12-31,world,KOR,"Korea, Rep.",41213674.0,level
1985-12-31,world,KOR,"Korea, Rep.",40805744.0,level
1984-12-31,world,KOR,"Korea, Rep.",40405956.0,level
1983-12-31,world,KOR,"Korea, Rep.",39910403.0,level
1982-12-31,world,KOR,"Korea, Rep.",39326352.0,level
1981-12-31,world,KOR,"Korea, Rep.",38723248.0,level
1980-12-31,world,KOR,"Korea, Rep.",38123775.0,level
1979-12-31,world,KOR,"Korea, Rep.",37534236.0,level
1978-12-31,world,KOR,"Korea, Rep.",36969185.0,level
1977-12-31,world,KOR,"Korea, Rep.",36411795.0,level
1976-12-31,world,KOR,"Korea, Rep.",35848523.0,level
1975-12-31,world,KOR,"Korea, Rep.",35280725.0,level
1974-12-31,world,KOR,"Korea, Rep.",34692266.0,level
1973-12-31,world,KOR,"Korea, Rep.",34103149.0,level
1972-12-31,world,KOR,"Korea, Rep.",33505406.0,level
1971-12-31,world,KOR,"Korea, Rep.",32882704.0,level
1970-12-31,world,KOR,"Korea, Rep.",32240827.0,level
1969-12-31,world,KOR,"Korea, Rep.",31544266.0,level
1968-12-31,world,KOR,"Korea, Rep.",30838302.0,level
1967-12-31,world,KOR,"Korea, Rep.",30130983.0,level
1966-12-31,world,KOR,"Korea, Rep.",29435571.0,level
1965-12-31,world,KOR,"Korea, Rep.",28704674.0,level
1964-12-31,world,KOR,"Korea, Rep.",27984155.0,level
1963-12-31,world,KOR,"Korea, Rep.",27261747.0,level
1962-12-31,world,KOR,"Korea, Rep.",26513030.0,level
1961-12-31,world,KOR,"Korea, Rep.",25765673.0,level
1960-12-31,world,KOR,"Korea, Rep.",25012374.0,level
2025-12-31,world,XKX,Kosovo,1576876.0,level
2024-12-31,world,XKX,Kosovo,1594353.0,level
2023-12-31,world,XKX,Kosovo,1682668.0,level
2022-12-31,world,XKX,Kosovo,1768096.0,level
2021-12-31,world,XKX,Kosovo,1786079.0,level
2020-12-31,world,XKX,Kosovo,1790151.0,level
2019-12-31,world,XKX,Kosovo,1788891.0,level
2018-12-31,world,XKX,Kosovo,1797086.0,level
2017-12-31,world,XKX,Kosovo,1791019.0,level
2016-12-31,world,XKX,Kosovo,1777568.0,level
2015-12-31,world,XKX,Kosovo,1788274.0,level
2014-12-31,world,XKX,Kosovo,1812788.0,level
2013-12-31,world,XKX,Kosovo,1818119.0,level
2012-12-31,world,XKX,Kosovo,1807126.0,level
2011-12-31,world,XKX,Kosovo,1791949.0,level
2010-12-31,world,XKX,Kosovo,1788743.0,level
2009-12-31,world,XKX,Kosovo,1794681.0,level
2008-12-31,world,XKX,Kosovo,1800858.0,level
2007-12-31,world,XKX,Kosovo,1807094.0,level
2006-12-31,world,XKX,Kosovo,1813079.0,level
2005-12-31,world,XKX,Kosovo,1818354.0,level
2004-12-31,world,XKX,Kosovo,1822773.0,level
2003-12-31,world,XKX,Kosovo,1826434.0,level
2002-12-31,world,XKX,Kosovo,1829462.0,level
2001-12-31,world,XKX,Kosovo,1820009.0,level
2000-12-31,world,XKX,Kosovo,1802493.0,level
1999-12-31,world,XKX,Kosovo,1871524.0,level
1998-12-31,world,XKX,Kosovo,2078964.0,level
1997-12-31,world,XKX,Kosovo,2197284.0,level
1996-12-31,world,XKX,Kosovo,2168753.0,level
1995-12-31,world,XKX,Kosovo,2137514.0,level
1994-12-31,world,XKX,Kosovo,2105256.0,level
1993-12-31,world,XKX,Kosovo,2072664.0,level
1992-12-31,world,XKX,Kosovo,2039723.0,level
1991-12-31,world,XKX,Kosovo,2005362.0,level
1990-12-31,world,XKX,Kosovo,1973790.0,level
1989-12-31,world,XKX,Kosovo,1946339.0,level
1988-12-31,world,XKX,Kosovo,1917882.0,level
1987-12-31,world,XKX,Kosovo,1880590.0,level
1986-12-31,world,XKX,Kosovo,1836972.0,level
1985-12-31,world,XKX,Kosovo,1796018.0,level
1984-12-31,world,XKX,Kosovo,1756818.0,level
1983-12-31,world,XKX,Kosovo,1719245.0,level
1982-12-31,world,XKX,Kosovo,1683166.0,level
1981-12-31,world,XKX,Kosovo,1646565.0,level
1980-12-31,world,XKX,Kosovo,1604818.0,level
1979-12-31,world,XKX,Kosovo,1559787.0,level
1978-12-31,world,XKX,Kosovo,1516249.0,level
1977-12-31,world,XKX,Kosovo,1474457.0,level
1976-12-31,world,XKX,Kosovo,1434880.0,level
1975-12-31,world,XKX,Kosovo,1397686.0,level
1974-12-31,world,XKX,Kosovo,1363123.0,level
1973-12-31,world,XKX,Kosovo,1331176.0,level
1972-12-31,world,XKX,Kosovo,1301579.0,level
1971-12-31,world,XKX,Kosovo,1273021.0,level
1970-12-31,world,XKX,Kosovo,1249555.0,level
1969-12-31,world,XKX,Kosovo,1231460.0,level
1968-12-31,world,XKX,Kosovo,1214208.0,level
1967-12-31,world,XKX,Kosovo,1187667.0,level
1966-12-31,world,XKX,Kosovo,1152586.0,level
1965-12-31,world,XKX,Kosovo,1120168.0,level
1964-12-31,world,XKX,Kosovo,1090270.0,level
1963-12-31,world,XKX,Kosovo,1062737.0,level
1962-12-31,world,XKX,Kosovo,1036950.0,level
1961-12-31,world,XKX,Kosovo,1011421.0,level
1960-12-31,world,XKX,Kosovo,984846.0,level
2025-12-31,world,KWT,Kuwait,4865298.0,level
2024-12-31,world,KWT,Kuwait,4897263.0,level
2023-12-31,world,KWT,Kuwait,4853420.0,level
2022-12-31,world,KWT,Kuwait,4589643.0,level
2021-12-31,world,KWT,Kuwait,4360865.0,level
2020-12-31,world,KWT,Kuwait,4400267.0,level
2019-12-31,world,KWT,Kuwait,4442316.0,level
2018-12-31,world,KWT,Kuwait,4323515.0,level
2017-12-31,world,KWT,Kuwait,4154812.0,level
2016-12-31,world,KWT,Kuwait,4004096.0,level
2015-12-31,world,KWT,Kuwait,3834574.0,level
2014-12-31,world,KWT,Kuwait,3665876.0,level
2013-12-31,world,KWT,Kuwait,3507844.0,level
2012-12-31,world,KWT,Kuwait,3337109.0,level
2011-12-31,world,KWT,Kuwait,3132814.0,level
2010-12-31,world,KWT,Kuwait,2943372.0,level
2009-12-31,world,KWT,Kuwait,2795484.0,level
2008-12-31,world,KWT,Kuwait,2651421.0,level
2007-12-31,world,KWT,Kuwait,2507887.0,level
2006-12-31,world,KWT,Kuwait,2364733.0,level
2005-12-31,world,KWT,Kuwait,2236788.0,level
2004-12-31,world,KWT,Kuwait,2157320.0,level
2003-12-31,world,KWT,Kuwait,2109881.0,level
2002-12-31,world,KWT,Kuwait,2059974.0,level
2001-12-31,world,KWT,Kuwait,2008121.0,level
2000-12-31,world,KWT,Kuwait,1954709.0,level
1999-12-31,world,KWT,Kuwait,1900030.0,level
1998-12-31,world,KWT,Kuwait,1844302.0,level
1997-12-31,world,KWT,Kuwait,1787683.0,level
1996-12-31,world,KWT,Kuwait,1730246.0,level
1995-12-31,world,KWT,Kuwait,1681513.0,level
1994-12-31,world,KWT,Kuwait,1664361.0,level
1993-12-31,world,KWT,Kuwait,1672151.0,level
1992-12-31,world,KWT,Kuwait,1634961.0,level
1991-12-31,world,KWT,Kuwait,1351399.0,level
1990-12-31,world,KWT,Kuwait,1684819.0,level
1989-12-31,world,KWT,Kuwait,2217468.0,level
1988-12-31,world,KWT,Kuwait,2134707.0,level
1987-12-31,world,KWT,Kuwait,2052994.0,level
1986-12-31,world,KWT,Kuwait,1972520.0,level
1985-12-31,world,KWT,Kuwait,1894242.0,level
1984-12-31,world,KWT,Kuwait,1820688.0,level
1983-12-31,world,KWT,Kuwait,1744295.0,level
1982-12-31,world,KWT,Kuwait,1662480.0,level
1981-12-31,world,KWT,Kuwait,1583426.0,level
1980-12-31,world,KWT,Kuwait,1504782.0,level
1979-12-31,world,KWT,Kuwait,1423514.0,level
1978-12-31,world,KWT,Kuwait,1340319.0,level
1977-12-31,world,KWT,Kuwait,1258023.0,level
1976-12-31,world,KWT,Kuwait,1178711.0,level
1975-12-31,world,KWT,Kuwait,1104863.0,level
1974-12-31,world,KWT,Kuwait,1038346.0,level
1973-12-31,world,KWT,Kuwait,977654.0,level
1972-12-31,world,KWT,Kuwait,920352.0,level
1971-12-31,world,KWT,Kuwait,865076.0,level
1970-12-31,world,KWT,Kuwait,809114.0,level
1969-12-31,world,KWT,Kuwait,749452.0,level
1968-12-31,world,KWT,Kuwait,687716.0,level
1967-12-31,world,KWT,Kuwait,628089.0,level
1966-12-31,world,KWT,Kuwait,572590.0,level
1965-12-31,world,KWT,Kuwait,521174.0,level
1964-12-31,world,KWT,Kuwait,473115.0,level
1963-12-31,world,KWT,Kuwait,427694.0,level
1962-12-31,world,KWT,Kuwait,384995.0,level
1961-12-31,world,KWT,Kuwait,345945.0,level
1960-12-31,world,KWT,Kuwait,311060.0,level
2025-12-31,world,KGZ,Kyrgyz Republic,7343064.0,level
2024-12-31,world,KGZ,Kyrgyz Republic,7221868.0,level
2023-12-31,world,KGZ,Kyrgyz Republic,7099750.0,level
2022-12-31,world,KGZ,Kyrgyz Republic,6975220.0,level
2021-12-31,world,KGZ,Kyrgyz Republic,6851224.0,level
2020-12-31,world,KGZ,Kyrgyz Republic,6726596.0,level
2019-12-31,world,KGZ,Kyrgyz Republic,6590211.0,level
2018-12-31,world,KGZ,Kyrgyz Republic,6444079.0,level
2017-12-31,world,KGZ,Kyrgyz Republic,6306696.0,level
2016-12-31,world,KGZ,Kyrgyz Republic,6175338.0,level
2015-12-31,world,KGZ,Kyrgyz Republic,6040036.0,level
2014-12-31,world,KGZ,Kyrgyz Republic,5905848.0,level
2013-12-31,world,KGZ,Kyrgyz Republic,5777150.0,level
2012-12-31,world,KGZ,Kyrgyz Republic,5652076.0,level
2011-12-31,world,KGZ,Kyrgyz Republic,5546587.0,level
2010-12-31,world,KGZ,Kyrgyz Republic,5467059.0,level
2009-12-31,world,KGZ,Kyrgyz Republic,5389643.0,level
2008-12-31,world,KGZ,Kyrgyz Republic,5318729.0,level
2007-12-31,world,KGZ,Kyrgyz Republic,5268385.0,level
2006-12-31,world,KGZ,Kyrgyz Republic,5218373.0,level
2005-12-31,world,KGZ,Kyrgyz Republic,5162640.0,level
2004-12-31,world,KGZ,Kyrgyz Republic,5104713.0,level
2003-12-31,world,KGZ,Kyrgyz Republic,5043308.0,level
2002-12-31,world,KGZ,Kyrgyz Republic,4990704.0,level
2001-12-31,world,KGZ,Kyrgyz Republic,4945073.0,level
2000-12-31,world,KGZ,Kyrgyz Republic,4898362.0,level
1999-12-31,world,KGZ,Kyrgyz Republic,4840422.0,level
1998-12-31,world,KGZ,Kyrgyz Republic,4769015.0,level
1997-12-31,world,KGZ,Kyrgyz Republic,4696421.0,level
1996-12-31,world,KGZ,Kyrgyz Republic,4628438.0,level
1995-12-31,world,KGZ,Kyrgyz Republic,4560454.0,level
1994-12-31,world,KGZ,Kyrgyz Republic,4515069.0,level
1993-12-31,world,KGZ,Kyrgyz Republic,4516777.0,level
1992-12-31,world,KGZ,Kyrgyz Republic,4515400.0,level
1991-12-31,world,KGZ,Kyrgyz Republic,4463634.0,level
1990-12-31,world,KGZ,Kyrgyz Republic,4391236.0,level
1989-12-31,world,KGZ,Kyrgyz Republic,4307500.0,level
1988-12-31,world,KGZ,Kyrgyz Republic,4218400.0,level
1987-12-31,world,KGZ,Kyrgyz Republic,4144600.0,level
1986-12-31,world,KGZ,Kyrgyz Republic,4066500.0,level
1985-12-31,world,KGZ,Kyrgyz Republic,3990300.0,level
1984-12-31,world,KGZ,Kyrgyz Republic,3916400.0,level
1983-12-31,world,KGZ,Kyrgyz Republic,3838300.0,level
1982-12-31,world,KGZ,Kyrgyz Republic,3759300.0,level
1981-12-31,world,KGZ,Kyrgyz Republic,3685800.0,level
1980-12-31,world,KGZ,Kyrgyz Republic,3617400.0,level
1979-12-31,world,KGZ,Kyrgyz Republic,3552000.0,level
1978-12-31,world,KGZ,Kyrgyz Republic,3487100.0,level
1977-12-31,world,KGZ,Kyrgyz Republic,3423900.0,level
1976-12-31,world,KGZ,Kyrgyz Republic,3358700.0,level
1975-12-31,world,KGZ,Kyrgyz Republic,3292400.0,level
1974-12-31,world,KGZ,Kyrgyz Republic,3223900.0,level
1973-12-31,world,KGZ,Kyrgyz Republic,3153800.0,level
1972-12-31,world,KGZ,Kyrgyz Republic,3088200.0,level
1971-12-31,world,KGZ,Kyrgyz Republic,3022300.0,level
1970-12-31,world,KGZ,Kyrgyz Republic,2959900.0,level
1969-12-31,world,KGZ,Kyrgyz Republic,2894800.0,level
1968-12-31,world,KGZ,Kyrgyz Republic,2818300.0,level
1967-12-31,world,KGZ,Kyrgyz Republic,2736500.0,level
1966-12-31,world,KGZ,Kyrgyz Republic,2655300.0,level
1965-12-31,world,KGZ,Kyrgyz Republic,2573300.0,level
1964-12-31,world,KGZ,Kyrgyz Republic,2495300.0,level
1963-12-31,world,KGZ,Kyrgyz Republic,2413700.0,level
1962-12-31,world,KGZ,Kyrgyz Republic,2333400.0,level
1961-12-31,world,KGZ,Kyrgyz Republic,2255900.0,level
1960-12-31,world,KGZ,Kyrgyz Republic,2172300.0,level
2025-12-31,world,LAO,Lao PDR,7873046.0,level
2024-12-31,world,LAO,Lao PDR,7769819.0,level
2023-12-31,world,LAO,Lao PDR,7664993.0,level
2022-12-31,world,LAO,Lao PDR,7559007.0,level
2021-12-31,world,LAO,Lao PDR,7453194.0,level
2020-12-31,world,LAO,Lao PDR,7346533.0,level
2019-12-31,world,LAO,Lao PDR,7237636.0,level
2018-12-31,world,LAO,Lao PDR,7128045.0,level
2017-12-31,world,LAO,Lao PDR,7018147.0,level
2016-12-31,world,LAO,Lao PDR,6908802.0,level
2015-12-31,world,LAO,Lao PDR,6801645.0,level
2014-12-31,world,LAO,Lao PDR,6703172.0,level
2013-12-31,world,LAO,Lao PDR,6611385.0,level
2012-12-31,world,LAO,Lao PDR,6518978.0,level
2011-12-31,world,LAO,Lao PDR,6426590.0,level
2010-12-31,world,LAO,Lao PDR,6334194.0,level
2009-12-31,world,LAO,Lao PDR,6241642.0,level
2008-12-31,world,LAO,Lao PDR,6148969.0,level
2007-12-31,world,LAO,Lao PDR,6056236.0,level
2006-12-31,world,LAO,Lao PDR,5963200.0,level
2005-12-31,world,LAO,Lao PDR,5869523.0,level
2004-12-31,world,LAO,Lao PDR,5781626.0,level
2003-12-31,world,LAO,Lao PDR,5697945.0,level
2002-12-31,world,LAO,Lao PDR,5610889.0,level
2001-12-31,world,LAO,Lao PDR,5521482.0,level
2000-12-31,world,LAO,Lao PDR,5431212.0,level
1999-12-31,world,LAO,Lao PDR,5340784.0,level
1998-12-31,world,LAO,Lao PDR,5248266.0,level
1997-12-31,world,LAO,Lao PDR,5152011.0,level
1996-12-31,world,LAO,Lao PDR,5045678.0,level
1995-12-31,world,LAO,Lao PDR,4929409.0,level
1994-12-31,world,LAO,Lao PDR,4809220.0,level
1993-12-31,world,LAO,Lao PDR,4685060.0,level
1992-12-31,world,LAO,Lao PDR,4559646.0,level
1991-12-31,world,LAO,Lao PDR,4435118.0,level
1990-12-31,world,LAO,Lao PDR,4311955.0,level
1989-12-31,world,LAO,Lao PDR,4190974.0,level
1988-12-31,world,LAO,Lao PDR,4072601.0,level
1987-12-31,world,LAO,Lao PDR,3957612.0,level
1986-12-31,world,LAO,Lao PDR,3846715.0,level
1985-12-31,world,LAO,Lao PDR,3739985.0,level
1984-12-31,world,LAO,Lao PDR,3637843.0,level
1983-12-31,world,LAO,Lao PDR,3541001.0,level
1982-12-31,world,LAO,Lao PDR,3450026.0,level
1981-12-31,world,LAO,Lao PDR,3366631.0,level
1980-12-31,world,LAO,Lao PDR,3292573.0,level
1979-12-31,world,LAO,Lao PDR,3228202.0,level
1978-12-31,world,LAO,Lao PDR,3171740.0,level
1977-12-31,world,LAO,Lao PDR,3118923.0,level
1976-12-31,world,LAO,Lao PDR,3064876.0,level
1975-12-31,world,LAO,Lao PDR,3005521.0,level
1974-12-31,world,LAO,Lao PDR,2939761.0,level
1973-12-31,world,LAO,Lao PDR,2870573.0,level
1972-12-31,world,LAO,Lao PDR,2801660.0,level
1971-12-31,world,LAO,Lao PDR,2734628.0,level
1970-12-31,world,LAO,Lao PDR,2669702.0,level
1969-12-31,world,LAO,Lao PDR,2606959.0,level
1968-12-31,world,LAO,Lao PDR,2546377.0,level
1967-12-31,world,LAO,Lao PDR,2487715.0,level
1966-12-31,world,LAO,Lao PDR,2431084.0,level
1965-12-31,world,LAO,Lao PDR,2376200.0,level
1964-12-31,world,LAO,Lao PDR,2322826.0,level
1963-12-31,world,LAO,Lao PDR,2271061.0,level
1962-12-31,world,LAO,Lao PDR,2219910.0,level
1961-12-31,world,LAO,Lao PDR,2169796.0,level
1960-12-31,world,LAO,Lao PDR,2121514.0,level
2025-12-31,world,LVA,Latvia,1847785.0,level
2024-12-31,world,LVA,Latvia,1866124.0,level
2023-12-31,world,LVA,Latvia,1883710.0,level
2022-12-31,world,LVA,Latvia,1879383.0,level
2021-12-31,world,LVA,Latvia,1884490.0,level
2020-12-31,world,LVA,Latvia,1900449.0,level
2019-12-31,world,LVA,Latvia,1913822.0,level
2018-12-31,world,LVA,Latvia,1927174.0,level
2017-12-31,world,LVA,Latvia,1942248.0,level
2016-12-31,world,LVA,Latvia,1959537.0,level
2015-12-31,world,LVA,Latvia,1977527.0,level
2014-12-31,world,LVA,Latvia,1993782.0,level
2013-12-31,world,LVA,Latvia,2012647.0,level
2012-12-31,world,LVA,Latvia,2034319.0,level
2011-12-31,world,LVA,Latvia,2059709.0,level
2010-12-31,world,LVA,Latvia,2097555.0,level
2009-12-31,world,LVA,Latvia,2141669.0,level
2008-12-31,world,LVA,Latvia,2177322.0,level
2007-12-31,world,LVA,Latvia,2200325.0,level
2006-12-31,world,LVA,Latvia,2218357.0,level
2005-12-31,world,LVA,Latvia,2238799.0,level
2004-12-31,world,LVA,Latvia,2263122.0,level
2003-12-31,world,LVA,Latvia,2287955.0,level
2002-12-31,world,LVA,Latvia,2310173.0,level
2001-12-31,world,LVA,Latvia,2337170.0,level
2000-12-31,world,LVA,Latvia,2367550.0,level
1999-12-31,world,LVA,Latvia,2390482.0,level
1998-12-31,world,LVA,Latvia,2410019.0,level
1997-12-31,world,LVA,Latvia,2432851.0,level
1996-12-31,world,LVA,Latvia,2457222.0,level
1995-12-31,world,LVA,Latvia,2485056.0,level
1994-12-31,world,LVA,Latvia,2520742.0,level
1993-12-31,world,LVA,Latvia,2563290.0,level
1992-12-31,world,LVA,Latvia,2614338.0,level
1991-12-31,world,LVA,Latvia,2650581.0,level
1990-12-31,world,LVA,Latvia,2663151.0,level
1989-12-31,world,LVA,Latvia,2666955.0,level
1988-12-31,world,LVA,Latvia,2653434.0,level
1987-12-31,world,LVA,Latvia,2626583.0,level
1986-12-31,world,LVA,Latvia,2599892.0,level
1985-12-31,world,LVA,Latvia,2578873.0,level
1984-12-31,world,LVA,Latvia,2562047.0,level
1983-12-31,world,LVA,Latvia,2546011.0,level
1982-12-31,world,LVA,Latvia,2531080.0,level
1981-12-31,world,LVA,Latvia,2519421.0,level
1980-12-31,world,LVA,Latvia,2511701.0,level
1979-12-31,world,LVA,Latvia,2505953.0,level
1978-12-31,world,LVA,Latvia,2497921.0,level
1977-12-31,world,LVA,Latvia,2485073.0,level
1976-12-31,world,LVA,Latvia,2470989.0,level
1975-12-31,world,LVA,Latvia,2456130.0,level
1974-12-31,world,LVA,Latvia,2437186.0,level
1973-12-31,world,LVA,Latvia,2415819.0,level
1972-12-31,world,LVA,Latvia,2395674.0,level
1971-12-31,world,LVA,Latvia,2376389.0,level
1970-12-31,world,LVA,Latvia,2359164.0,level
1969-12-31,world,LVA,Latvia,2343173.0,level
1968-12-31,world,LVA,Latvia,2323619.0,level
1967-12-31,world,LVA,Latvia,2301220.0,level
1966-12-31,world,LVA,Latvia,2283217.0,level
1965-12-31,world,LVA,Latvia,2265919.0,level
1964-12-31,world,LVA,Latvia,2240623.0,level
1963-12-31,world,LVA,Latvia,2210919.0,level
1962-12-31,world,LVA,Latvia,2181586.0,level
1961-12-31,world,LVA,Latvia,2152681.0,level
1960-12-31,world,LVA,Latvia,2120979.0,level
2025-12-31,world,LBN,Lebanon,5849421.0,level
2024-12-31,world,LBN,Lebanon,5805962.0,level
2023-12-31,world,LBN,Lebanon,5773493.0,level
2022-12-31,world,LBN,Lebanon,5744489.0,level
2021-12-31,world,LBN,Lebanon,5718122.0,level
2020-12-31,world,LBN,Lebanon,5702398.0,level
2019-12-31,world,LBN,Lebanon,5794594.0,level
2018-12-31,world,LBN,Lebanon,5984119.0,level
2017-12-31,world,LBN,Lebanon,6160128.0,level
2016-12-31,world,LBN,Lebanon,6323060.0,level
2015-12-31,world,LBN,Lebanon,6472469.0,level
2014-12-31,world,LBN,Lebanon,6346990.0,level
2013-12-31,world,LBN,Lebanon,5743436.0,level
2012-12-31,world,LBN,Lebanon,5235742.0,level
2011-12-31,world,LBN,Lebanon,5096020.0,level
2010-12-31,world,LBN,Lebanon,5041288.0,level
2009-12-31,world,LBN,Lebanon,4992287.0,level
2008-12-31,world,LBN,Lebanon,4925354.0,level
2007-12-31,world,LBN,Lebanon,4844118.0,level
2006-12-31,world,LBN,Lebanon,4751136.0,level
2005-12-31,world,LBN,Lebanon,4671102.0,level
2004-12-31,world,LBN,Lebanon,4599279.0,level
2003-12-31,world,LBN,Lebanon,4525508.0,level
2002-12-31,world,LBN,Lebanon,4463504.0,level
2001-12-31,world,LBN,Lebanon,4401918.0,level
2000-12-31,world,LBN,Lebanon,4329340.0,level
1999-12-31,world,LBN,Lebanon,4255277.0,level
1998-12-31,world,LBN,Lebanon,4181281.0,level
1997-12-31,world,LBN,Lebanon,4108405.0,level
1996-12-31,world,LBN,Lebanon,4034781.0,level
1995-12-31,world,LBN,Lebanon,3960735.0,level
1994-12-31,world,LBN,Lebanon,3889799.0,level
1993-12-31,world,LBN,Lebanon,3820647.0,level
1992-12-31,world,LBN,Lebanon,3747371.0,level
1991-12-31,world,LBN,Lebanon,3668912.0,level
1990-12-31,world,LBN,Lebanon,3595175.0,level
1989-12-31,world,LBN,Lebanon,3525285.0,level
1988-12-31,world,LBN,Lebanon,3454649.0,level
1987-12-31,world,LBN,Lebanon,3385555.0,level
1986-12-31,world,LBN,Lebanon,3300365.0,level
1985-12-31,world,LBN,Lebanon,3217376.0,level
1984-12-31,world,LBN,Lebanon,3152744.0,level
1983-12-31,world,LBN,Lebanon,3094996.0,level
1982-12-31,world,LBN,Lebanon,3054931.0,level
1981-12-31,world,LBN,Lebanon,3008981.0,level
1980-12-31,world,LBN,Lebanon,2944763.0,level
1979-12-31,world,LBN,Lebanon,2882635.0,level
1978-12-31,world,LBN,Lebanon,2822682.0,level
1977-12-31,world,LBN,Lebanon,2762155.0,level
1976-12-31,world,LBN,Lebanon,2726469.0,level
1975-12-31,world,LBN,Lebanon,2693191.0,level
1974-12-31,world,LBN,Lebanon,2635185.0,level
1973-12-31,world,LBN,Lebanon,2572935.0,level
1972-12-31,world,LBN,Lebanon,2509729.0,level
1971-12-31,world,LBN,Lebanon,2446314.0,level
1970-12-31,world,LBN,Lebanon,2386114.0,level
1969-12-31,world,LBN,Lebanon,2328159.0,level
1968-12-31,world,LBN,Lebanon,2266368.0,level
1967-12-31,world,LBN,Lebanon,2206731.0,level
1966-12-31,world,LBN,Lebanon,2148260.0,level
1965-12-31,world,LBN,Lebanon,2088831.0,level
1964-12-31,world,LBN,Lebanon,2030543.0,level
1963-12-31,world,LBN,Lebanon,1970316.0,level
1962-12-31,world,LBN,Lebanon,1909578.0,level
1961-12-31,world,LBN,Lebanon,1850084.0,level
1960-12-31,world,LBN,Lebanon,1794406.0,level
2025-12-31,world,LSO,Lesotho,2363325.0,level
2024-12-31,world,LSO,Lesotho,2337423.0,level
2023-12-31,world,LSO,Lesotho,2311472.0,level
2022-12-31,world,LSO,Lesotho,2286110.0,level
2021-12-31,world,LSO,Lesotho,2261542.0,level
2020-12-31,world,LSO,Lesotho,2235727.0,level
2019-12-31,world,LSO,Lesotho,2209405.0,level
2018-12-31,world,LSO,Lesotho,2183603.0,level
2017-12-31,world,LSO,Lesotho,2157110.0,level
2016-12-31,world,LSO,Lesotho,2130422.0,level
2015-12-31,world,LSO,Lesotho,2104611.0,level
2014-12-31,world,LSO,Lesotho,2080089.0,level
2013-12-31,world,LSO,Lesotho,2056504.0,level
2012-12-31,world,LSO,Lesotho,2034354.0,level
2011-12-31,world,LSO,Lesotho,2014009.0,level
2010-12-31,world,LSO,Lesotho,1996251.0,level
2009-12-31,world,LSO,Lesotho,1980883.0,level
2008-12-31,world,LSO,Lesotho,1966541.0,level
2007-12-31,world,LSO,Lesotho,1953268.0,level
2006-12-31,world,LSO,Lesotho,1945063.0,level
2005-12-31,world,LSO,Lesotho,1953076.0,level
2004-12-31,world,LSO,Lesotho,1971129.0,level
2003-12-31,world,LSO,Lesotho,1985059.0,level
2002-12-31,world,LSO,Lesotho,1994679.0,level
2001-12-31,world,LSO,Lesotho,2000853.0,level
2000-12-31,world,LSO,Lesotho,2003913.0,level
1999-12-31,world,LSO,Lesotho,2003234.0,level
1998-12-31,world,LSO,Lesotho,1998049.0,level
1997-12-31,world,LSO,Lesotho,1988130.0,level
1996-12-31,world,LSO,Lesotho,1972418.0,level
1995-12-31,world,LSO,Lesotho,1951437.0,level
1994-12-31,world,LSO,Lesotho,1927707.0,level
1993-12-31,world,LSO,Lesotho,1901793.0,level
1992-12-31,world,LSO,Lesotho,1873274.0,level
1991-12-31,world,LSO,Lesotho,1842379.0,level
1990-12-31,world,LSO,Lesotho,1809696.0,level
1989-12-31,world,LSO,Lesotho,1775436.0,level
1988-12-31,world,LSO,Lesotho,1739841.0,level
1987-12-31,world,LSO,Lesotho,1703390.0,level
1986-12-31,world,LSO,Lesotho,1666138.0,level
1985-12-31,world,LSO,Lesotho,1624379.0,level
1984-12-31,world,LSO,Lesotho,1578986.0,level
1983-12-31,world,LSO,Lesotho,1534413.0,level
1982-12-31,world,LSO,Lesotho,1490732.0,level
1981-12-31,world,LSO,Lesotho,1448069.0,level
1980-12-31,world,LSO,Lesotho,1406521.0,level
1979-12-31,world,LSO,Lesotho,1366169.0,level
1978-12-31,world,LSO,Lesotho,1327240.0,level
1977-12-31,world,LSO,Lesotho,1289967.0,level
1976-12-31,world,LSO,Lesotho,1253214.0,level
1975-12-31,world,LSO,Lesotho,1213643.0,level
1974-12-31,world,LSO,Lesotho,1172420.0,level
1973-12-31,world,LSO,Lesotho,1132697.0,level
1972-12-31,world,LSO,Lesotho,1094063.0,level
1971-12-31,world,LSO,Lesotho,1056246.0,level
1970-12-31,world,LSO,Lesotho,1019273.0,level
1969-12-31,world,LSO,Lesotho,983202.0,level
1968-12-31,world,LSO,Lesotho,948105.0,level
1967-12-31,world,LSO,Lesotho,913982.0,level
1966-12-31,world,LSO,Lesotho,881870.0,level
1965-12-31,world,LSO,Lesotho,854090.0,level
1964-12-31,world,LSO,Lesotho,829437.0,level
1963-12-31,world,LSO,Lesotho,805373.0,level
1962-12-31,world,LSO,Lesotho,781814.0,level
1961-12-31,world,LSO,Lesotho,758824.0,level
1960-12-31,world,LSO,Lesotho,736500.0,level
2025-12-31,world,LBR,Liberia,5731206.0,level
2024-12-31,world,LBR,Liberia,5612817.0,level
2023-12-31,world,LBR,Liberia,5493031.0,level
2022-12-31,world,LBR,Liberia,5373294.0,level
2021-12-31,world,LBR,Liberia,5259323.0,level
2020-12-31,world,LBR,Liberia,5149463.0,level
2019-12-31,world,LBR,Liberia,5043721.0,level
2018-12-31,world,LBR,Liberia,4944726.0,level
2017-12-31,world,LBR,Liberia,4848925.0,level
2016-12-31,world,LBR,Liberia,4755608.0,level
2015-12-31,world,LBR,Liberia,4659431.0,level
2014-12-31,world,LBR,Liberia,4564293.0,level
2013-12-31,world,LBR,Liberia,4470239.0,level
2012-12-31,world,LBR,Liberia,4373043.0,level
2011-12-31,world,LBR,Liberia,4221178.0,level
2010-12-31,world,LBR,Liberia,4058890.0,level
2009-12-31,world,LBR,Liberia,3943028.0,level
2008-12-31,world,LBR,Liberia,3821003.0,level
2007-12-31,world,LBR,Liberia,3669050.0,level
2006-12-31,world,LBR,Liberia,3490787.0,level
2005-12-31,world,LBR,Liberia,3301015.0,level
2004-12-31,world,LBR,Liberia,3156892.0,level
2003-12-31,world,LBR,Liberia,3119532.0,level
2002-12-31,world,LBR,Liberia,3094782.0,level
2001-12-31,world,LBR,Liberia,3015338.0,level
2000-12-31,world,LBR,Liberia,2928117.0,level
1999-12-31,world,LBR,Liberia,2821684.0,level
1998-12-31,world,LBR,Liberia,2670124.0,level
1997-12-31,world,LBR,Liberia,2412989.0,level
1996-12-31,world,LBR,Liberia,2232289.0,level
1995-12-31,world,LBR,Liberia,2169162.0,level
1994-12-31,world,LBR,Liberia,2149928.0,level
1993-12-31,world,LBR,Liberia,2155126.0,level
1992-12-31,world,LBR,Liberia,2072461.0,level
1991-12-31,world,LBR,Liberia,1956518.0,level
1990-12-31,world,LBR,Liberia,2223667.0,level
1989-12-31,world,LBR,Liberia,2517858.0,level
1988-12-31,world,LBR,Liberia,2446941.0,level
1987-12-31,world,LBR,Liberia,2377229.0,level
1986-12-31,world,LBR,Liberia,2308511.0,level
1985-12-31,world,LBR,Liberia,2240539.0,level
1984-12-31,world,LBR,Liberia,2173312.0,level
1983-12-31,world,LBR,Liberia,2107113.0,level
1982-12-31,world,LBR,Liberia,2045073.0,level
1981-12-31,world,LBR,Liberia,1986867.0,level
1980-12-31,world,LBR,Liberia,1929253.0,level
1979-12-31,world,LBR,Liberia,1872713.0,level
1978-12-31,world,LBR,Liberia,1818247.0,level
1977-12-31,world,LBR,Liberia,1766019.0,level
1976-12-31,world,LBR,Liberia,1717060.0,level
1975-12-31,world,LBR,Liberia,1670913.0,level
1974-12-31,world,LBR,Liberia,1626362.0,level
1973-12-31,world,LBR,Liberia,1583588.0,level
1972-12-31,world,LBR,Liberia,1542670.0,level
1971-12-31,world,LBR,Liberia,1504077.0,level
1970-12-31,world,LBR,Liberia,1466676.0,level
1969-12-31,world,LBR,Liberia,1429605.0,level
1968-12-31,world,LBR,Liberia,1393530.0,level
1967-12-31,world,LBR,Liberia,1358435.0,level
1966-12-31,world,LBR,Liberia,1324383.0,level
1965-12-31,world,LBR,Liberia,1291156.0,level
1964-12-31,world,LBR,Liberia,1258745.0,level
1963-12-31,world,LBR,Liberia,1227414.0,level
1962-12-31,world,LBR,Liberia,1197039.0,level
1961-12-31,world,LBR,Liberia,1167717.0,level
1960-12-31,world,LBR,Liberia,1139522.0,level
2025-12-31,world,LBY,Libya,7458555.0,level
2024-12-31,world,LBY,Libya,7381023.0,level
2023-12-31,world,LBY,Libya,7305659.0,level
2022-12-31,world,LBY,Libya,7223805.0,level
2021-12-31,world,LBY,Libya,7135175.0,level
2020-12-31,world,LBY,Libya,7045399.0,level
2019-12-31,world,LBY,Libya,6951033.0,level
2018-12-31,world,LBY,Libya,6849055.0,level
2017-12-31,world,LBY,Libya,6738770.0,level
2016-12-31,world,LBY,Libya,6632126.0,level
2015-12-31,world,LBY,Libya,6531819.0,level
2014-12-31,world,LBY,Libya,6427252.0,level
2013-12-31,world,LBY,Libya,6304628.0,level
2012-12-31,world,LBY,Libya,6179328.0,level
2011-12-31,world,LBY,Libya,6343203.0,level
2010-12-31,world,LBY,Libya,6497839.0,level
2009-12-31,world,LBY,Libya,6366686.0,level
2008-12-31,world,LBY,Libya,6235430.0,level
2007-12-31,world,LBY,Libya,6104380.0,level
2006-12-31,world,LBY,Libya,5980211.0,level
2005-12-31,world,LBY,Libya,5858798.0,level
2004-12-31,world,LBY,Libya,5736693.0,level
2003-12-31,world,LBY,Libya,5619398.0,level
2002-12-31,world,LBY,Libya,5508410.0,level
2001-12-31,world,LBY,Libya,5403639.0,level
2000-12-31,world,LBY,Libya,5305021.0,level
1999-12-31,world,LBY,Libya,5218038.0,level
1998-12-31,world,LBY,Libya,5140704.0,level
1997-12-31,world,LBY,Libya,5064639.0,level
1996-12-31,world,LBY,Libya,4987393.0,level
1995-12-31,world,LBY,Libya,4906843.0,level
1994-12-31,world,LBY,Libya,4822037.0,level
1993-12-31,world,LBY,Libya,4733045.0,level
1992-12-31,world,LBY,Libya,4640352.0,level
1991-12-31,world,LBY,Libya,4544400.0,level
1990-12-31,world,LBY,Libya,4445239.0,level
1989-12-31,world,LBY,Libya,4342920.0,level
1988-12-31,world,LBY,Libya,4237755.0,level
1987-12-31,world,LBY,Libya,4129739.0,level
1986-12-31,world,LBY,Libya,4017403.0,level
1985-12-31,world,LBY,Libya,3898745.0,level
1984-12-31,world,LBY,Libya,3773633.0,level
1983-12-31,world,LBY,Libya,3718961.0,level
1982-12-31,world,LBY,Libya,3724765.0,level
1981-12-31,world,LBY,Libya,3621486.0,level
1980-12-31,world,LBY,Libya,3424378.0,level
1979-12-31,world,LBY,Libya,3233846.0,level
1978-12-31,world,LBY,Libya,3052526.0,level
1977-12-31,world,LBY,Libya,2881533.0,level
1976-12-31,world,LBY,Libya,2721237.0,level
1975-12-31,world,LBY,Libya,2571556.0,level
1974-12-31,world,LBY,Libya,2432211.0,level
1973-12-31,world,LBY,Libya,2314193.0,level
1972-12-31,world,LBY,Libya,2226091.0,level
1971-12-31,world,LBY,Libya,2153534.0,level
1970-12-31,world,LBY,Libya,2082589.0,level
1969-12-31,world,LBY,Libya,2014293.0,level
1968-12-31,world,LBY,Libya,1952781.0,level
1967-12-31,world,LBY,Libya,1898199.0,level
1966-12-31,world,LBY,Libya,1849063.0,level
1965-12-31,world,LBY,Libya,1804015.0,level
1964-12-31,world,LBY,Libya,1753691.0,level
1963-12-31,world,LBY,Libya,1690457.0,level
1962-12-31,world,LBY,Libya,1621960.0,level
1961-12-31,world,LBY,Libya,1555699.0,level
1960-12-31,world,LBY,Libya,1492890.0,level
2025-12-31,world,LIE,Liechtenstein,41024.0,level
2024-12-31,world,LIE,Liechtenstein,40450.0,level
2023-12-31,world,LIE,Liechtenstein,39846.0,level
2022-12-31,world,LIE,Liechtenstein,39493.0,level
2021-12-31,world,LIE,Liechtenstein,39182.0,level
2020-12-31,world,LIE,Liechtenstein,38901.0,level
2019-12-31,world,LIE,Liechtenstein,38563.0,level
2018-12-31,world,LIE,Liechtenstein,38246.0,level
2017-12-31,world,LIE,Liechtenstein,37962.0,level
2016-12-31,world,LIE,Liechtenstein,37716.0,level
2015-12-31,world,LIE,Liechtenstein,37494.0,level
2014-12-31,world,LIE,Liechtenstein,37248.0,level
2013-12-31,world,LIE,Liechtenstein,36984.0,level
2012-12-31,world,LIE,Liechtenstein,36657.0,level
2011-12-31,world,LIE,Liechtenstein,36312.0,level
2010-12-31,world,LIE,Liechtenstein,36022.0,level
2009-12-31,world,LIE,Liechtenstein,35742.0,level
2008-12-31,world,LIE,Liechtenstein,35473.0,level
2007-12-31,world,LIE,Liechtenstein,35262.0,level
2006-12-31,world,LIE,Liechtenstein,35037.0,level
2005-12-31,world,LIE,Liechtenstein,34753.0,level
2004-12-31,world,LIE,Liechtenstein,34447.0,level
2003-12-31,world,LIE,Liechtenstein,34079.0,level
2002-12-31,world,LIE,Liechtenstein,33694.0,level
2001-12-31,world,LIE,Liechtenstein,33194.0,level
2000-12-31,world,LIE,Liechtenstein,32645.0,level
1999-12-31,world,LIE,Liechtenstein,32221.0,level
1998-12-31,world,LIE,Liechtenstein,31668.0,level
1997-12-31,world,LIE,Liechtenstein,31232.0,level
1996-12-31,world,LIE,Liechtenstein,31033.0,level
1995-12-31,world,LIE,Liechtenstein,30776.0,level
1994-12-31,world,LIE,Liechtenstein,30470.0,level
1993-12-31,world,LIE,Liechtenstein,30089.0,level
1992-12-31,world,LIE,Liechtenstein,29627.0,level
1991-12-31,world,LIE,Liechtenstein,29209.0,level
1990-12-31,world,LIE,Liechtenstein,28742.0,level
1989-12-31,world,LIE,Liechtenstein,28317.0,level
1988-12-31,world,LIE,Liechtenstein,27948.0,level
1987-12-31,world,LIE,Liechtenstein,27557.0,level
1986-12-31,world,LIE,Liechtenstein,27238.0,level
1985-12-31,world,LIE,Liechtenstein,26878.0,level
1984-12-31,world,LIE,Liechtenstein,26596.0,level
1983-12-31,world,LIE,Liechtenstein,26446.0,level
1982-12-31,world,LIE,Liechtenstein,26255.0,level
1981-12-31,world,LIE,Liechtenstein,25673.0,level
1980-12-31,world,LIE,Liechtenstein,25512.0,level
1979-12-31,world,LIE,Liechtenstein,25575.0,level
1978-12-31,world,LIE,Liechtenstein,25028.0,level
1977-12-31,world,LIE,Liechtenstein,24442.0,level
1976-12-31,world,LIE,Liechtenstein,24058.0,level
1975-12-31,world,LIE,Liechtenstein,23846.0,level
1974-12-31,world,LIE,Liechtenstein,23451.0,level
1973-12-31,world,LIE,Liechtenstein,22785.0,level
1972-12-31,world,LIE,Liechtenstein,22132.0,level
1971-12-31,world,LIE,Liechtenstein,21600.0,level
1970-12-31,world,LIE,Liechtenstein,21140.0,level
1969-12-31,world,LIE,Liechtenstein,21084.0,level
1968-12-31,world,LIE,Liechtenstein,20835.0,level
1967-12-31,world,LIE,Liechtenstein,20175.0,level
1966-12-31,world,LIE,Liechtenstein,19610.0,level
1965-12-31,world,LIE,Liechtenstein,19195.0,level
1964-12-31,world,LIE,Liechtenstein,18755.0,level
1963-12-31,world,LIE,Liechtenstein,18093.0,level
1962-12-31,world,LIE,Liechtenstein,17443.0,level
1961-12-31,world,LIE,Liechtenstein,16877.0,level
1960-12-31,world,LIE,Liechtenstein,16451.0,level
2025-12-31,world,LTU,Lithuania,2888774.0,level
2024-12-31,world,LTU,Lithuania,2888278.0,level
2023-12-31,world,LTU,Lithuania,2871585.0,level
2022-12-31,world,LTU,Lithuania,2831639.0,level
2021-12-31,world,LTU,Lithuania,2808380.0,level
2020-12-31,world,LTU,Lithuania,2810369.0,level
2019-12-31,world,LTU,Lithuania,2811089.0,level
2018-12-31,world,LTU,Lithuania,2819200.0,level
2017-12-31,world,LTU,Lithuania,2842639.0,level
2016-12-31,world,LTU,Lithuania,2877325.0,level
2015-12-31,world,LTU,Lithuania,2911109.0,level
2014-12-31,world,LTU,Lithuania,2937253.0,level
2013-12-31,world,LTU,Lithuania,2961250.0,level
2012-12-31,world,LTU,Lithuania,2989139.0,level
2011-12-31,world,LTU,Lithuania,3028115.0,level
2010-12-31,world,LTU,Lithuania,3097282.0,level
2009-12-31,world,LTU,Lithuania,3162916.0,level
2008-12-31,world,LTU,Lithuania,3198231.0,level
2007-12-31,world,LTU,Lithuania,3231294.0,level
2006-12-31,world,LTU,Lithuania,3269909.0,level
2005-12-31,world,LTU,Lithuania,3322528.0,level
2004-12-31,world,LTU,Lithuania,3377075.0,level
2003-12-31,world,LTU,Lithuania,3415213.0,level
2002-12-31,world,LTU,Lithuania,3443067.0,level
2001-12-31,world,LTU,Lithuania,3470818.0,level
2000-12-31,world,LTU,Lithuania,3499536.0,level
1999-12-31,world,LTU,Lithuania,3524238.0,level
1998-12-31,world,LTU,Lithuania,3549331.0,level
1997-12-31,world,LTU,Lithuania,3575137.0,level
1996-12-31,world,LTU,Lithuania,3601613.0,level
1995-12-31,world,LTU,Lithuania,3629102.0,level
1994-12-31,world,LTU,Lithuania,3657144.0,level
1993-12-31,world,LTU,Lithuania,3682613.0,level
1992-12-31,world,LTU,Lithuania,3700114.0,level
1991-12-31,world,LTU,Lithuania,3704134.0,level
1990-12-31,world,LTU,Lithuania,3697838.0,level
1989-12-31,world,LTU,Lithuania,3684255.0,level
1988-12-31,world,LTU,Lithuania,3655049.0,level
1987-12-31,world,LTU,Lithuania,3616367.0,level
1986-12-31,world,LTU,Lithuania,3578914.0,level
1985-12-31,world,LTU,Lithuania,3544543.0,level
1984-12-31,world,LTU,Lithuania,3514205.0,level
1983-12-31,world,LTU,Lithuania,3485192.0,level
1982-12-31,world,LTU,Lithuania,3457179.0,level
1981-12-31,world,LTU,Lithuania,3432947.0,level
1980-12-31,world,LTU,Lithuania,3413202.0,level
1979-12-31,world,LTU,Lithuania,3397842.0,level
1978-12-31,world,LTU,Lithuania,3379514.0,level
1977-12-31,world,LTU,Lithuania,3355036.0,level
1976-12-31,world,LTU,Lithuania,3328664.0,level
1975-12-31,world,LTU,Lithuania,3301652.0,level
1974-12-31,world,LTU,Lithuania,3273894.0,level
1973-12-31,world,LTU,Lithuania,3244438.0,level
1972-12-31,world,LTU,Lithuania,3213622.0,level
1971-12-31,world,LTU,Lithuania,3179041.0,level
1970-12-31,world,LTU,Lithuania,3139689.0,level
1969-12-31,world,LTU,Lithuania,3107321.0,level
1968-12-31,world,LTU,Lithuania,3078850.0,level
1967-12-31,world,LTU,Lithuania,3044400.0,level
1966-12-31,world,LTU,Lithuania,3008050.0,level
1965-12-31,world,LTU,Lithuania,2971450.0,level
1964-12-31,world,LTU,Lithuania,2935200.0,level
1963-12-31,world,LTU,Lithuania,2898950.0,level
1962-12-31,world,LTU,Lithuania,2863350.0,level
1961-12-31,world,LTU,Lithuania,2823550.0,level
1960-12-31,world,LTU,Lithuania,2778550.0,level
2025-12-31,world,LUX,Luxembourg,686970.0,level
2024-12-31,world,LUX,Luxembourg,677012.0,level
2023-12-31,world,LUX,Luxembourg,666430.0,level
2022-12-31,world,LUX,Luxembourg,653103.0,level
2021-12-31,world,LUX,Luxembourg,640064.0,level
2020-12-31,world,LUX,Luxembourg,630419.0,level
2019-12-31,world,LUX,Luxembourg,620001.0,level
2018-12-31,world,LUX,Luxembourg,607950.0,level
2017-12-31,world,LUX,Luxembourg,596336.0,level
2016-12-31,world,LUX,Luxembourg,582014.0,level
2015-12-31,world,LUX,Luxembourg,569604.0,level
2014-12-31,world,LUX,Luxembourg,556319.0,level
2013-12-31,world,LUX,Luxembourg,543360.0,level
2012-12-31,world,LUX,Luxembourg,530946.0,level
2011-12-31,world,LUX,Luxembourg,518347.0,level
2010-12-31,world,LUX,Luxembourg,506953.0,level
2009-12-31,world,LUX,Luxembourg,497783.0,level
2008-12-31,world,LUX,Luxembourg,488650.0,level
2007-12-31,world,LUX,Luxembourg,479993.0,level
2006-12-31,world,LUX,Luxembourg,472637.0,level
2005-12-31,world,LUX,Luxembourg,465158.0,level
2004-12-31,world,LUX,Luxembourg,458095.0,level
2003-12-31,world,LUX,Luxembourg,451630.0,level
2002-12-31,world,LUX,Luxembourg,446175.0,level
2001-12-31,world,LUX,Luxembourg,441525.0,level
2000-12-31,world,LUX,Luxembourg,436300.0,level
1999-12-31,world,LUX,Luxembourg,430475.0,level
1998-12-31,world,LUX,Luxembourg,424700.0,level
1997-12-31,world,LUX,Luxembourg,419450.0,level
1996-12-31,world,LUX,Luxembourg,414225.0,level
1995-12-31,world,LUX,Luxembourg,408625.0,level
1994-12-31,world,LUX,Luxembourg,402925.0,level
1993-12-31,world,LUX,Luxembourg,397475.0,level
1992-12-31,world,LUX,Luxembourg,392175.0,level
1991-12-31,world,LUX,Luxembourg,387000.0,level
1990-12-31,world,LUX,Luxembourg,381850.0,level
1989-12-31,world,LUX,Luxembourg,377100.0,level
1988-12-31,world,LUX,Luxembourg,373450.0,level
1987-12-31,world,LUX,Luxembourg,370750.0,level
1986-12-31,world,LUX,Luxembourg,368355.0,level
1985-12-31,world,LUX,Luxembourg,366706.0,level
1984-12-31,world,LUX,Luxembourg,365998.0,level
1983-12-31,world,LUX,Luxembourg,365622.0,level
1982-12-31,world,LUX,Luxembourg,365525.0,level
1981-12-31,world,LUX,Luxembourg,365225.0,level
1980-12-31,world,LUX,Luxembourg,364150.0,level
1979-12-31,world,LUX,Luxembourg,362856.0,level
1978-12-31,world,LUX,Luxembourg,362007.0,level
1977-12-31,world,LUX,Luxembourg,361358.0,level
1976-12-31,world,LUX,Luxembourg,360731.0,level
1975-12-31,world,LUX,Luxembourg,358950.0,level
1974-12-31,world,LUX,Luxembourg,355050.0,level
1973-12-31,world,LUX,Luxembourg,350450.0,level
1972-12-31,world,LUX,Luxembourg,346600.0,level
1971-12-31,world,LUX,Luxembourg,342421.0,level
1970-12-31,world,LUX,Luxembourg,339171.0,level
1969-12-31,world,LUX,Luxembourg,337500.0,level
1968-12-31,world,LUX,Luxembourg,335850.0,level
1967-12-31,world,LUX,Luxembourg,334995.0,level
1966-12-31,world,LUX,Luxembourg,333895.0,level
1965-12-31,world,LUX,Luxembourg,331500.0,level
1964-12-31,world,LUX,Luxembourg,327750.0,level
1963-12-31,world,LUX,Luxembourg,324100.0,level
1962-12-31,world,LUX,Luxembourg,320750.0,level
1961-12-31,world,LUX,Luxembourg,316845.0,level
1960-12-31,world,LUX,Luxembourg,313970.0,level
2025-12-31,world,MAC,"Macao SAR, China",685900.0,level
2024-12-31,world,MAC,"Macao SAR, China",687000.0,level
2023-12-31,world,MAC,"Macao SAR, China",678800.0,level
2022-12-31,world,MAC,"Macao SAR, China",677300.0,level
2021-12-31,world,MAC,"Macao SAR, China",682500.0,level
2020-12-31,world,MAC,"Macao SAR, China",685400.0,level
2019-12-31,world,MAC,"Macao SAR, China",672000.0,level
2018-12-31,world,MAC,"Macao SAR, China",658900.0,level
2017-12-31,world,MAC,"Macao SAR, China",648400.0,level
2016-12-31,world,MAC,"Macao SAR, China",652500.0,level
2015-12-31,world,MAC,"Macao SAR, China",642900.0,level
2014-12-31,world,MAC,"Macao SAR, China",621700.0,level
2013-12-31,world,MAC,"Macao SAR, China",591900.0,level
2012-12-31,world,MAC,"Macao SAR, China",567900.0,level
2011-12-31,world,MAC,"Macao SAR, China",549600.0,level
2010-12-31,world,MAC,"Macao SAR, China",537000.0,level
2009-12-31,world,MAC,"Macao SAR, China",535000.0,level
2008-12-31,world,MAC,"Macao SAR, China",540700.0,level
2007-12-31,world,MAC,"Macao SAR, China",520900.0,level
2006-12-31,world,MAC,"Macao SAR, China",498900.0,level
2005-12-31,world,MAC,"Macao SAR, China",473500.0,level
2004-12-31,world,MAC,"Macao SAR, China",454700.0,level
2003-12-31,world,MAC,"Macao SAR, China",443600.0,level
2002-12-31,world,MAC,"Macao SAR, China",438400.0,level
2001-12-31,world,MAC,"Macao SAR, China",433900.0,level
2000-12-31,world,MAC,"Macao SAR, China",430600.0,level
1999-12-31,world,MAC,"Macao SAR, China",427400.0,level
1998-12-31,world,MAC,"Macao SAR, China",422300.0,level
1997-12-31,world,MAC,"Macao SAR, China",417300.0,level
1996-12-31,world,MAC,"Macao SAR, China",415100.0,level
1995-12-31,world,MAC,"Macao SAR, China",409300.0,level
1994-12-31,world,MAC,"Macao SAR, China",396800.0,level
1993-12-31,world,MAC,"Macao SAR, China",384000.0,level
1992-12-31,world,MAC,"Macao SAR, China",370900.0,level
1991-12-31,world,MAC,"Macao SAR, China",351650.0,level
1990-12-31,world,MAC,"Macao SAR, China",334950.0,level
1989-12-31,world,MAC,"Macao SAR, China",325100.0,level
1988-12-31,world,MAC,"Macao SAR, China",316000.0,level
1987-12-31,world,MAC,"Macao SAR, China",306850.0,level
1986-12-31,world,MAC,"Macao SAR, China",296050.0,level
1985-12-31,world,MAC,"Macao SAR, China",289700.0,level
1984-12-31,world,MAC,"Macao SAR, China",282850.0,level
1983-12-31,world,MAC,"Macao SAR, China",269300.0,level
1982-12-31,world,MAC,"Macao SAR, China",254650.0,level
1981-12-31,world,MAC,"Macao SAR, China",244800.0,level
1980-12-31,world,MAC,"Macao SAR, China",239650.0,level
1979-12-31,world,MAC,"Macao SAR, China",235200.0,level
1978-12-31,world,MAC,"Macao SAR, China",232400.0,level
1977-12-31,world,MAC,"Macao SAR, China",232950.0,level
1976-12-31,world,MAC,"Macao SAR, China",235600.0,level
1975-12-31,world,MAC,"Macao SAR, China",238200.0,level
1974-12-31,world,MAC,"Macao SAR, China",240550.0,level
1973-12-31,world,MAC,"Macao SAR, China",242800.0,level
1972-12-31,world,MAC,"Macao SAR, China",245050.0,level
1971-12-31,world,MAC,"Macao SAR, China",247400.0,level
1970-12-31,world,MAC,"Macao SAR, China",257396.0,level
1969-12-31,world,MAC,"Macao SAR, China",255306.0,level
1968-12-31,world,MAC,"Macao SAR, China",257933.0,level
1967-12-31,world,MAC,"Macao SAR, China",260423.0,level
1966-12-31,world,MAC,"Macao SAR, China",262942.0,level
1965-12-31,world,MAC,"Macao SAR, China",265631.0,level
1964-12-31,world,MAC,"Macao SAR, China",225655.0,level
1963-12-31,world,MAC,"Macao SAR, China",182135.0,level
1962-12-31,world,MAC,"Macao SAR, China",177810.0,level
1961-12-31,world,MAC,"Macao SAR, China",173323.0,level
1960-12-31,world,MAC,"Macao SAR, China",173315.0,level
2025-12-31,world,MDG,Madagascar,32740678.0,level
2024-12-31,world,MDG,Madagascar,31964956.0,level
2023-12-31,world,MDG,Madagascar,31195932.0,level
2022-12-31,world,MDG,Madagascar,30437261.0,level
2021-12-31,world,MDG,Madagascar,29691083.0,level
2020-12-31,world,MDG,Madagascar,28953556.0,level
2019-12-31,world,MDG,Madagascar,28219554.0,level
2018-12-31,world,MDG,Madagascar,27494926.0,level
2017-12-31,world,MDG,Madagascar,26788375.0,level
2016-12-31,world,MDG,Madagascar,26099952.0,level
2015-12-31,world,MDG,Madagascar,25426702.0,level
2014-12-31,world,MDG,Madagascar,24764348.0,level
2013-12-31,world,MDG,Madagascar,24109290.0,level
2012-12-31,world,MDG,Madagascar,23462438.0,level
2011-12-31,world,MDG,Madagascar,22822300.0,level
2010-12-31,world,MDG,Madagascar,22183340.0,level
2009-12-31,world,MDG,Madagascar,21547280.0,level
2008-12-31,world,MDG,Madagascar,20923840.0,level
2007-12-31,world,MDG,Madagascar,20318583.0,level
2006-12-31,world,MDG,Madagascar,19730909.0,level
2005-12-31,world,MDG,Madagascar,19159707.0,level
2004-12-31,world,MDG,Madagascar,18606608.0,level
2003-12-31,world,MDG,Madagascar,18071854.0,level
2002-12-31,world,MDG,Madagascar,17549913.0,level
2001-12-31,world,MDG,Madagascar,17032939.0,level
2000-12-31,world,MDG,Madagascar,16516338.0,level
1999-12-31,world,MDG,Madagascar,16000506.0,level
1998-12-31,world,MDG,Madagascar,15489364.0,level
1997-12-31,world,MDG,Madagascar,14990814.0,level
1996-12-31,world,MDG,Madagascar,14510711.0,level
1995-12-31,world,MDG,Madagascar,14051275.0,level
1994-12-31,world,MDG,Madagascar,13613850.0,level
1993-12-31,world,MDG,Madagascar,13197345.0,level
1992-12-31,world,MDG,Madagascar,12800870.0,level
1991-12-31,world,MDG,Madagascar,12421412.0,level
1990-12-31,world,MDG,Madagascar,12055639.0,level
1989-12-31,world,MDG,Madagascar,11704998.0,level
1988-12-31,world,MDG,Madagascar,11369462.0,level
1987-12-31,world,MDG,Madagascar,11047291.0,level
1986-12-31,world,MDG,Madagascar,10736857.0,level
1985-12-31,world,MDG,Madagascar,10433142.0,level
1984-12-31,world,MDG,Madagascar,10134550.0,level
1983-12-31,world,MDG,Madagascar,9843044.0,level
1982-12-31,world,MDG,Madagascar,9557671.0,level
1981-12-31,world,MDG,Madagascar,9279011.0,level
1980-12-31,world,MDG,Madagascar,9006032.0,level
1979-12-31,world,MDG,Madagascar,8737581.0,level
1978-12-31,world,MDG,Madagascar,8475864.0,level
1977-12-31,world,MDG,Madagascar,8222240.0,level
1976-12-31,world,MDG,Madagascar,7976831.0,level
1975-12-31,world,MDG,Madagascar,7739336.0,level
1974-12-31,world,MDG,Madagascar,7509726.0,level
1973-12-31,world,MDG,Madagascar,7288048.0,level
1972-12-31,world,MDG,Madagascar,7074398.0,level
1971-12-31,world,MDG,Madagascar,6868868.0,level
1970-12-31,world,MDG,Madagascar,6672003.0,level
1969-12-31,world,MDG,Madagascar,6484716.0,level
1968-12-31,world,MDG,Madagascar,6306493.0,level
1967-12-31,world,MDG,Madagascar,6136486.0,level
1966-12-31,world,MDG,Madagascar,5974279.0,level
1965-12-31,world,MDG,Madagascar,5819116.0,level
1964-12-31,world,MDG,Madagascar,5669863.0,level
1963-12-31,world,MDG,Madagascar,5525185.0,level
1962-12-31,world,MDG,Madagascar,5384150.0,level
1961-12-31,world,MDG,Madagascar,5246158.0,level
1960-12-31,world,MDG,Madagascar,5111029.0,level
2025-12-31,world,MWI,Malawi,22216120.0,level
2024-12-31,world,MWI,Malawi,21655286.0,level
2023-12-31,world,MWI,Malawi,21104482.0,level
2022-12-31,world,MWI,Malawi,20568728.0,level
2021-12-31,world,MWI,Malawi,20047258.0,level
2020-12-31,world,MWI,Malawi,19533888.0,level
2019-12-31,world,MWI,Malawi,19025752.0,level
2018-12-31,world,MWI,Malawi,18528081.0,level
2017-12-31,world,MWI,Malawi,18039715.0,level
2016-12-31,world,MWI,Malawi,17557739.0,level
2015-12-31,world,MWI,Malawi,17085587.0,level
2014-12-31,world,MWI,Malawi,16621538.0,level
2013-12-31,world,MWI,Malawi,16161816.0,level
2012-12-31,world,MWI,Malawi,15709577.0,level
2011-12-31,world,MWI,Malawi,15265022.0,level
2010-12-31,world,MWI,Malawi,14826463.0,level
2009-12-31,world,MWI,Malawi,14395788.0,level
2008-12-31,world,MWI,Malawi,13976417.0,level
2007-12-31,world,MWI,Malawi,13576343.0,level
2006-12-31,world,MWI,Malawi,13198701.0,level
2005-12-31,world,MWI,Malawi,12840031.0,level
2004-12-31,world,MWI,Malawi,12500737.0,level
2003-12-31,world,MWI,Malawi,12181574.0,level
2002-12-31,world,MWI,Malawi,11880440.0,level
2001-12-31,world,MWI,Malawi,11593058.0,level
2000-12-31,world,MWI,Malawi,11315942.0,level
1999-12-31,world,MWI,Malawi,11047804.0,level
1998-12-31,world,MWI,Malawi,10792876.0,level
1997-12-31,world,MWI,Malawi,10562035.0,level
1996-12-31,world,MWI,Malawi,10352228.0,level
1995-12-31,world,MWI,Malawi,10150117.0,level
1994-12-31,world,MWI,Malawi,10164894.0,level
1993-12-31,world,MWI,Malawi,10284024.0,level
1992-12-31,world,MWI,Malawi,10135079.0,level
1991-12-31,world,MWI,Malawi,9844227.0,level
1990-12-31,world,MWI,Malawi,9545852.0,level
1989-12-31,world,MWI,Malawi,9176220.0,level
1988-12-31,world,MWI,Malawi,8753262.0,level
1987-12-31,world,MWI,Malawi,8293174.0,level
1986-12-31,world,MWI,Malawi,7906480.0,level
1985-12-31,world,MWI,Malawi,7620508.0,level
1984-12-31,world,MWI,Malawi,7332810.0,level
1983-12-31,world,MWI,Malawi,7051709.0,level
1982-12-31,world,MWI,Malawi,6778879.0,level
1981-12-31,world,MWI,Malawi,6516454.0,level
1980-12-31,world,MWI,Malawi,6265529.0,level
1979-12-31,world,MWI,Malawi,6028749.0,level
1978-12-31,world,MWI,Malawi,5810132.0,level
1977-12-31,world,MWI,Malawi,5614983.0,level
1976-12-31,world,MWI,Malawi,5443384.0,level
1975-12-31,world,MWI,Malawi,5287367.0,level
1974-12-31,world,MWI,Malawi,5141337.0,level
1973-12-31,world,MWI,Malawi,5003938.0,level
1972-12-31,world,MWI,Malawi,4874475.0,level
1971-12-31,world,MWI,Malawi,4751434.0,level
1970-12-31,world,MWI,Malawi,4633944.0,level
1969-12-31,world,MWI,Malawi,4521184.0,level
1968-12-31,world,MWI,Malawi,4411054.0,level
1967-12-31,world,MWI,Malawi,4303012.0,level
1966-12-31,world,MWI,Malawi,4197926.0,level
1965-12-31,world,MWI,Malawi,4096157.0,level
1964-12-31,world,MWI,Malawi,3997305.0,level
1963-12-31,world,MWI,Malawi,3900506.0,level
1962-12-31,world,MWI,Malawi,3806307.0,level
1961-12-31,world,MWI,Malawi,3715534.0,level
1960-12-31,world,MWI,Malawi,3628134.0,level
2025-12-31,world,MYS,Malaysia,35977838.0,level
2024-12-31,world,MYS,Malaysia,35557673.0,level
2023-12-31,world,MYS,Malaysia,35126298.0,level
2022-12-31,world,MYS,Malaysia,34695493.0,level
2021-12-31,world,MYS,Malaysia,34282399.0,level
2020-12-31,world,MYS,Malaysia,33889558.0,level
2019-12-31,world,MYS,Malaysia,33440596.0,level
2018-12-31,world,MYS,Malaysia,32910967.0,level
2017-12-31,world,MYS,Malaysia,32355644.0,level
2016-12-31,world,MYS,Malaysia,31789685.0,level
2015-12-31,world,MYS,Malaysia,31232798.0,level
2014-12-31,world,MYS,Malaysia,30696137.0,level
2013-12-31,world,MYS,Malaysia,30174265.0,level
2012-12-31,world,MYS,Malaysia,29662831.0,level
2011-12-31,world,MYS,Malaysia,29162039.0,level
2010-12-31,world,MYS,Malaysia,28655776.0,level
2009-12-31,world,MYS,Malaysia,28124778.0,level
2008-12-31,world,MYS,Malaysia,27570059.0,level
2007-12-31,world,MYS,Malaysia,26998389.0,level
2006-12-31,world,MYS,Malaysia,26417909.0,level
2005-12-31,world,MYS,Malaysia,25836071.0,level
2004-12-31,world,MYS,Malaysia,25256772.0,level
2003-12-31,world,MYS,Malaysia,24679602.0,level
2002-12-31,world,MYS,Malaysia,24102477.0,level
2001-12-31,world,MYS,Malaysia,23526538.0,level
2000-12-31,world,MYS,Malaysia,22967816.0,level
1999-12-31,world,MYS,Malaysia,22435531.0,level
1998-12-31,world,MYS,Malaysia,21906713.0,level
1997-12-31,world,MYS,Malaysia,21375218.0,level
1996-12-31,world,MYS,Malaysia,20850087.0,level
1995-12-31,world,MYS,Malaysia,20330599.0,level
1994-12-31,world,MYS,Malaysia,19820446.0,level
1993-12-31,world,MYS,Malaysia,19322664.0,level
1992-12-31,world,MYS,Malaysia,18834572.0,level
1991-12-31,world,MYS,Malaysia,18342464.0,level
1990-12-31,world,MYS,Malaysia,17833171.0,level
1989-12-31,world,MYS,Malaysia,17314997.0,level
1988-12-31,world,MYS,Malaysia,16796605.0,level
1987-12-31,world,MYS,Malaysia,16276737.0,level
1986-12-31,world,MYS,Malaysia,15760419.0,level
1985-12-31,world,MYS,Malaysia,15252258.0,level
1984-12-31,world,MYS,Malaysia,14759009.0,level
1983-12-31,world,MYS,Malaysia,14285907.0,level
1982-12-31,world,MYS,Malaysia,13832798.0,level
1981-12-31,world,MYS,Malaysia,13399203.0,level
1980-12-31,world,MYS,Malaysia,12983363.0,level
1979-12-31,world,MYS,Malaysia,12627862.0,level
1978-12-31,world,MYS,Malaysia,12328157.0,level
1977-12-31,world,MYS,Malaysia,12035713.0,level
1976-12-31,world,MYS,Malaysia,11750097.0,level
1975-12-31,world,MYS,Malaysia,11471914.0,level
1974-12-31,world,MYS,Malaysia,11200906.0,level
1973-12-31,world,MYS,Malaysia,10935621.0,level
1972-12-31,world,MYS,Malaysia,10676835.0,level
1971-12-31,world,MYS,Malaysia,10423453.0,level
1970-12-31,world,MYS,Malaysia,10178802.0,level
1969-12-31,world,MYS,Malaysia,9947597.0,level
1968-12-31,world,MYS,Malaysia,9725281.0,level
1967-12-31,world,MYS,Malaysia,9507099.0,level
1966-12-31,world,MYS,Malaysia,9284688.0,level
1965-12-31,world,MYS,Malaysia,9056408.0,level
1964-12-31,world,MYS,Malaysia,8828406.0,level
1963-12-31,world,MYS,Malaysia,8602160.0,level
1962-12-31,world,MYS,Malaysia,8380172.0,level
1961-12-31,world,MYS,Malaysia,8164443.0,level
1960-12-31,world,MYS,Malaysia,7956197.0,level
2025-12-31,world,MDV,Maldives,529676.0,level
2024-12-31,world,MDV,Maldives,527799.0,level
2023-12-31,world,MDV,Maldives,525994.0,level
2022-12-31,world,MDV,Maldives,524106.0,level
2021-12-31,world,MDV,Maldives,516154.0,level
2020-12-31,world,MDV,Maldives,502118.0,level
2019-12-31,world,MDV,Maldives,487731.0,level
2018-12-31,world,MDV,Maldives,473099.0,level
2017-12-31,world,MDV,Maldives,458287.0,level
2016-12-31,world,MDV,Maldives,443308.0,level
2015-12-31,world,MDV,Maldives,428154.0,level
2014-12-31,world,MDV,Maldives,413617.0,level
2013-12-31,world,MDV,Maldives,400070.0,level
2012-12-31,world,MDV,Maldives,386818.0,level
2011-12-31,world,MDV,Maldives,373674.0,level
2010-12-31,world,MDV,Maldives,360792.0,level
2009-12-31,world,MDV,Maldives,348275.0,level
2008-12-31,world,MDV,Maldives,336170.0,level
2007-12-31,world,MDV,Maldives,324479.0,level
2006-12-31,world,MDV,Maldives,313851.0,level
2005-12-31,world,MDV,Maldives,306429.0,level
2004-12-31,world,MDV,Maldives,301413.0,level
2003-12-31,world,MDV,Maldives,296491.0,level
2002-12-31,world,MDV,Maldives,291616.0,level
2001-12-31,world,MDV,Maldives,286767.0,level
2000-12-31,world,MDV,Maldives,282019.0,level
1999-12-31,world,MDV,Maldives,277412.0,level
1998-12-31,world,MDV,Maldives,272723.0,level
1997-12-31,world,MDV,Maldives,267707.0,level
1996-12-31,world,MDV,Maldives,262347.0,level
1995-12-31,world,MDV,Maldives,256649.0,level
1994-12-31,world,MDV,Maldives,250822.0,level
1993-12-31,world,MDV,Maldives,244884.0,level
1992-12-31,world,MDV,Maldives,238543.0,level
1991-12-31,world,MDV,Maldives,231802.0,level
1990-12-31,world,MDV,Maldives,224762.0,level
1989-12-31,world,MDV,Maldives,217738.0,level
1988-12-31,world,MDV,Maldives,210885.0,level
1987-12-31,world,MDV,Maldives,203944.0,level
1986-12-31,world,MDV,Maldives,196935.0,level
1985-12-31,world,MDV,Maldives,190169.0,level
1984-12-31,world,MDV,Maldives,184198.0,level
1983-12-31,world,MDV,Maldives,179128.0,level
1982-12-31,world,MDV,Maldives,174333.0,level
1981-12-31,world,MDV,Maldives,169532.0,level
1980-12-31,world,MDV,Maldives,164835.0,level
1979-12-31,world,MDV,Maldives,160360.0,level
1978-12-31,world,MDV,Maldives,156159.0,level
1977-12-31,world,MDV,Maldives,151930.0,level
1976-12-31,world,MDV,Maldives,147525.0,level
1975-12-31,world,MDV,Maldives,143158.0,level
1974-12-31,world,MDV,Maldives,138978.0,level
1973-12-31,world,MDV,Maldives,134952.0,level
1972-12-31,world,MDV,Maldives,130968.0,level
1971-12-31,world,MDV,Maldives,127035.0,level
1970-12-31,world,MDV,Maldives,123219.0,level
1969-12-31,world,MDV,Maldives,119564.0,level
1968-12-31,world,MDV,Maldives,116075.0,level
1967-12-31,world,MDV,Maldives,112528.0,level
1966-12-31,world,MDV,Maldives,108507.0,level
1965-12-31,world,MDV,Maldives,104102.0,level
1964-12-31,world,MDV,Maldives,100662.0,level
1963-12-31,world,MDV,Maldives,98222.0,level
1962-12-31,world,MDV,Maldives,95802.0,level
1961-12-31,world,MDV,Maldives,93450.0,level
1960-12-31,world,MDV,Maldives,91189.0,level
2025-12-31,world,MLI,Mali,25198821.0,level
2024-12-31,world,MLI,Mali,24478595.0,level
2023-12-31,world,MLI,Mali,23769127.0,level
2022-12-31,world,MLI,Mali,23072640.0,level
2021-12-31,world,MLI,Mali,22388630.0,level
2020-12-31,world,MLI,Mali,21713836.0,level
2019-12-31,world,MLI,Mali,21068405.0,level
2018-12-31,world,MLI,Mali,20442030.0,level
2017-12-31,world,MLI,Mali,19813011.0,level
2016-12-31,world,MLI,Mali,19191289.0,level
2015-12-31,world,MLI,Mali,18593022.0,level
2014-12-31,world,MLI,Mali,18020267.0,level
2013-12-31,world,MLI,Mali,17459615.0,level
2012-12-31,world,MLI,Mali,16957033.0,level
2011-12-31,world,MLI,Mali,16469049.0,level
2010-12-31,world,MLI,Mali,15945198.0,level
2009-12-31,world,MLI,Mali,15435539.0,level
2008-12-31,world,MLI,Mali,14940782.0,level
2007-12-31,world,MLI,Mali,14457775.0,level
2006-12-31,world,MLI,Mali,13990139.0,level
2005-12-31,world,MLI,Mali,13538647.0,level
2004-12-31,world,MLI,Mali,13102409.0,level
2003-12-31,world,MLI,Mali,12684955.0,level
2002-12-31,world,MLI,Mali,12288050.0,level
2001-12-31,world,MLI,Mali,11912158.0,level
2000-12-31,world,MLI,Mali,11559290.0,level
1999-12-31,world,MLI,Mali,11227415.0,level
1998-12-31,world,MLI,Mali,10919573.0,level
1997-12-31,world,MLI,Mali,10646495.0,level
1996-12-31,world,MLI,Mali,10407278.0,level
1995-12-31,world,MLI,Mali,10185365.0,level
1994-12-31,world,MLI,Mali,9967031.0,level
1993-12-31,world,MLI,Mali,9754786.0,level
1992-12-31,world,MLI,Mali,9553540.0,level
1991-12-31,world,MLI,Mali,9362888.0,level
1990-12-31,world,MLI,Mali,9178830.0,level
1989-12-31,world,MLI,Mali,8999938.0,level
1988-12-31,world,MLI,Mali,8833996.0,level
1987-12-31,world,MLI,Mali,8681164.0,level
1986-12-31,world,MLI,Mali,8531277.0,level
1985-12-31,world,MLI,Mali,8374663.0,level
1984-12-31,world,MLI,Mali,8208599.0,level
1983-12-31,world,MLI,Mali,8034400.0,level
1982-12-31,world,MLI,Mali,7860194.0,level
1981-12-31,world,MLI,Mali,7692766.0,level
1980-12-31,world,MLI,Mali,7530515.0,level
1979-12-31,world,MLI,Mali,7375266.0,level
1978-12-31,world,MLI,Mali,7229651.0,level
1977-12-31,world,MLI,Mali,7090979.0,level
1976-12-31,world,MLI,Mali,6960979.0,level
1975-12-31,world,MLI,Mali,6837261.0,level
1974-12-31,world,MLI,Mali,6715436.0,level
1973-12-31,world,MLI,Mali,6597106.0,level
1972-12-31,world,MLI,Mali,6483726.0,level
1971-12-31,world,MLI,Mali,6377944.0,level
1970-12-31,world,MLI,Mali,6276472.0,level
1969-12-31,world,MLI,Mali,6177704.0,level
1968-12-31,world,MLI,Mali,6082979.0,level
1967-12-31,world,MLI,Mali,5990906.0,level
1966-12-31,world,MLI,Mali,5902204.0,level
1965-12-31,world,MLI,Mali,5815487.0,level
1964-12-31,world,MLI,Mali,5730125.0,level
1963-12-31,world,MLI,Mali,5646605.0,level
1962-12-31,world,MLI,Mali,5563917.0,level
1961-12-31,world,MLI,Mali,5482283.0,level
1960-12-31,world,MLI,Mali,5402550.0,level
2025-12-31,world,MLT,Malta,579704.0,level
2024-12-31,world,MLT,Malta,568847.0,level
2023-12-31,world,MLT,Malta,552747.0,level
2022-12-31,world,MLT,Malta,531113.0,level
2021-12-31,world,MLT,Malta,518150.0,level
2020-12-31,world,MLT,Malta,515490.0,level
2019-12-31,world,MLT,Malta,503912.0,level
2018-12-31,world,MLT,Malta,483903.0,level
2017-12-31,world,MLT,Malta,467106.0,level
2016-12-31,world,MLT,Malta,454505.0,level
2015-12-31,world,MLT,Malta,444220.0,level
2014-12-31,world,MLT,Malta,433481.0,level
2013-12-31,world,MLT,Malta,424810.0,level
2012-12-31,world,MLT,Malta,420028.0,level
2011-12-31,world,MLT,Malta,416268.0,level
2010-12-31,world,MLT,Malta,414508.0,level
2009-12-31,world,MLT,Malta,412477.0,level
2008-12-31,world,MLT,Malta,409379.0,level
2007-12-31,world,MLT,Malta,406724.0,level
2006-12-31,world,MLT,Malta,405308.0,level
2005-12-31,world,MLT,Malta,403834.0,level
2004-12-31,world,MLT,Malta,401268.0,level
2003-12-31,world,MLT,Malta,398582.0,level
2002-12-31,world,MLT,Malta,395969.0,level
2001-12-31,world,MLT,Malta,393028.0,level
2000-12-31,world,MLT,Malta,390087.0,level
1999-12-31,world,MLT,Malta,387578.0,level
1998-12-31,world,MLT,Malta,385287.0,level
1997-12-31,world,MLT,Malta,382791.0,level
1996-12-31,world,MLT,Malta,379905.0,level
1995-12-31,world,MLT,Malta,377419.0,level
1994-12-31,world,MLT,Malta,374797.0,level
1993-12-31,world,MLT,Malta,371308.0,level
1992-12-31,world,MLT,Malta,367618.0,level
1991-12-31,world,MLT,Malta,363845.0,level
1990-12-31,world,MLT,Malta,354170.0,level
1989-12-31,world,MLT,Malta,350722.0,level
1988-12-31,world,MLT,Malta,347325.0,level
1987-12-31,world,MLT,Malta,344485.0,level
1986-12-31,world,MLT,Malta,342121.0,level
1985-12-31,world,MLT,Malta,336452.0,level
1984-12-31,world,MLT,Malta,330593.0,level
1983-12-31,world,MLT,Malta,330524.0,level
1982-12-31,world,MLT,Malta,325898.0,level
1981-12-31,world,MLT,Malta,318982.0,level
1980-12-31,world,MLT,Malta,316645.0,level
1979-12-31,world,MLT,Malta,313342.0,level
1978-12-31,world,MLT,Malta,310182.0,level
1977-12-31,world,MLT,Malta,306970.0,level
1976-12-31,world,MLT,Malta,305774.0,level
1975-12-31,world,MLT,Malta,304222.0,level
1974-12-31,world,MLT,Malta,301996.0,level
1973-12-31,world,MLT,Malta,302200.0,level
1972-12-31,world,MLT,Malta,302450.0,level
1971-12-31,world,MLT,Malta,302700.0,level
1970-12-31,world,MLT,Malta,302650.0,level
1969-12-31,world,MLT,Malta,304300.0,level
1968-12-31,world,MLT,Malta,307900.0,level
1967-12-31,world,MLT,Malta,311550.0,level
1966-12-31,world,MLT,Malta,315200.0,level
1965-12-31,world,MLT,Malta,318800.0,level
1964-12-31,world,MLT,Malta,321250.0,level
1963-12-31,world,MLT,Malta,322550.0,level
1962-12-31,world,MLT,Malta,323900.0,level
1961-12-31,world,MLT,Malta,325250.0,level
1960-12-31,world,MLT,Malta,326550.0,level
2025-12-31,world,MHL,Marshall Islands,36282.0,level
2024-12-31,world,MHL,Marshall Islands,37548.0,level
2023-12-31,world,MHL,Marshall Islands,38827.0,level
2022-12-31,world,MHL,Marshall Islands,40077.0,level
2021-12-31,world,MHL,Marshall Islands,41367.0,level
2020-12-31,world,MHL,Marshall Islands,42706.0,level
2019-12-31,world,MHL,Marshall Islands,44007.0,level
2018-12-31,world,MHL,Marshall Islands,45285.0,level
2017-12-31,world,MHL,Marshall Islands,46529.0,level
2016-12-31,world,MHL,Marshall Islands,47709.0,level
2015-12-31,world,MHL,Marshall Islands,48800.0,level
2014-12-31,world,MHL,Marshall Islands,49796.0,level
2013-12-31,world,MHL,Marshall Islands,50681.0,level
2012-12-31,world,MHL,Marshall Islands,51419.0,level
2011-12-31,world,MHL,Marshall Islands,51907.0,level
2010-12-31,world,MHL,Marshall Islands,52044.0,level
2009-12-31,world,MHL,Marshall Islands,52019.0,level
2008-12-31,world,MHL,Marshall Islands,52030.0,level
2007-12-31,world,MHL,Marshall Islands,52035.0,level
2006-12-31,world,MHL,Marshall Islands,51992.0,level
2005-12-31,world,MHL,Marshall Islands,51906.0,level
2004-12-31,world,MHL,Marshall Islands,51791.0,level
2003-12-31,world,MHL,Marshall Islands,51639.0,level
2002-12-31,world,MHL,Marshall Islands,51425.0,level
2001-12-31,world,MHL,Marshall Islands,51123.0,level
2000-12-31,world,MHL,Marshall Islands,50706.0,level
1999-12-31,world,MHL,Marshall Islands,50202.0,level
1998-12-31,world,MHL,Marshall Islands,49717.0,level
1997-12-31,world,MHL,Marshall Islands,49259.0,level
1996-12-31,world,MHL,Marshall Islands,48775.0,level
1995-12-31,world,MHL,Marshall Islands,48266.0,level
1994-12-31,world,MHL,Marshall Islands,47712.0,level
1993-12-31,world,MHL,Marshall Islands,47093.0,level
1992-12-31,world,MHL,Marshall Islands,46388.0,level
1991-12-31,world,MHL,Marshall Islands,45568.0,level
1990-12-31,world,MHL,Marshall Islands,44629.0,level
1989-12-31,world,MHL,Marshall Islands,43586.0,level
1988-12-31,world,MHL,Marshall Islands,42321.0,level
1987-12-31,world,MHL,Marshall Islands,40828.0,level
1986-12-31,world,MHL,Marshall Islands,39286.0,level
1985-12-31,world,MHL,Marshall Islands,37761.0,level
1984-12-31,world,MHL,Marshall Islands,36264.0,level
1983-12-31,world,MHL,Marshall Islands,34811.0,level
1982-12-31,world,MHL,Marshall Islands,33397.0,level
1981-12-31,world,MHL,Marshall Islands,32017.0,level
1980-12-31,world,MHL,Marshall Islands,30774.0,level
1979-12-31,world,MHL,Marshall Islands,29738.0,level
1978-12-31,world,MHL,Marshall Islands,28809.0,level
1977-12-31,world,MHL,Marshall Islands,27906.0,level
1976-12-31,world,MHL,Marshall Islands,27021.0,level
1975-12-31,world,MHL,Marshall Islands,26154.0,level
1974-12-31,world,MHL,Marshall Islands,25296.0,level
1973-12-31,world,MHL,Marshall Islands,24581.0,level
1972-12-31,world,MHL,Marshall Islands,23992.0,level
1971-12-31,world,MHL,Marshall Islands,23366.0,level
1970-12-31,world,MHL,Marshall Islands,22530.0,level
1969-12-31,world,MHL,Marshall Islands,21305.0,level
1968-12-31,world,MHL,Marshall Islands,19862.0,level
1967-12-31,world,MHL,Marshall Islands,18655.0,level
1966-12-31,world,MHL,Marshall Islands,17927.0,level
1965-12-31,world,MHL,Marshall Islands,17402.0,level
1964-12-31,world,MHL,Marshall Islands,16852.0,level
1963-12-31,world,MHL,Marshall Islands,16302.0,level
1962-12-31,world,MHL,Marshall Islands,15755.0,level
1961-12-31,world,MHL,Marshall Islands,15219.0,level
1960-12-31,world,MHL,Marshall Islands,14703.0,level
2025-12-31,world,MRT,Mauritania,5315065.0,level
2024-12-31,world,MRT,Mauritania,5169395.0,level
2023-12-31,world,MRT,Mauritania,5022441.0,level
2022-12-31,world,MRT,Mauritania,4875637.0,level
2021-12-31,world,MRT,Mauritania,4734874.0,level
2020-12-31,world,MRT,Mauritania,4600131.0,level
2019-12-31,world,MRT,Mauritania,4467708.0,level
2018-12-31,world,MRT,Mauritania,4337685.0,level
2017-12-31,world,MRT,Mauritania,4210600.0,level
2016-12-31,world,MRT,Mauritania,4086657.0,level
2015-12-31,world,MRT,Mauritania,3965959.0,level
2014-12-31,world,MRT,Mauritania,3848514.0,level
2013-12-31,world,MRT,Mauritania,3734318.0,level
2012-12-31,world,MRT,Mauritania,3619034.0,level
2011-12-31,world,MRT,Mauritania,3502811.0,level
2010-12-31,world,MRT,Mauritania,3390965.0,level
2009-12-31,world,MRT,Mauritania,3284448.0,level
2008-12-31,world,MRT,Mauritania,3183269.0,level
2007-12-31,world,MRT,Mauritania,3093059.0,level
2006-12-31,world,MRT,Mauritania,3013660.0,level
2005-12-31,world,MRT,Mauritania,2939059.0,level
2004-12-31,world,MRT,Mauritania,2868664.0,level
2003-12-31,world,MRT,Mauritania,2802046.0,level
2002-12-31,world,MRT,Mauritania,2738655.0,level
2001-12-31,world,MRT,Mauritania,2678760.0,level
2000-12-31,world,MRT,Mauritania,2613441.0,level
1999-12-31,world,MRT,Mauritania,2541698.0,level
1998-12-31,world,MRT,Mauritania,2474651.0,level
1997-12-31,world,MRT,Mauritania,2411306.0,level
1996-12-31,world,MRT,Mauritania,2358188.0,level
1995-12-31,world,MRT,Mauritania,2312017.0,level
1994-12-31,world,MRT,Mauritania,2249454.0,level
1993-12-31,world,MRT,Mauritania,2174328.0,level
1992-12-31,world,MRT,Mauritania,2088135.0,level
1991-12-31,world,MRT,Mauritania,2009738.0,level
1990-12-31,world,MRT,Mauritania,1951878.0,level
1989-12-31,world,MRT,Mauritania,1903048.0,level
1988-12-31,world,MRT,Mauritania,1855859.0,level
1987-12-31,world,MRT,Mauritania,1803014.0,level
1986-12-31,world,MRT,Mauritania,1751835.0,level
1985-12-31,world,MRT,Mauritania,1702107.0,level
1984-12-31,world,MRT,Mauritania,1653693.0,level
1983-12-31,world,MRT,Mauritania,1606746.0,level
1982-12-31,world,MRT,Mauritania,1561176.0,level
1981-12-31,world,MRT,Mauritania,1516877.0,level
1980-12-31,world,MRT,Mauritania,1474043.0,level
1979-12-31,world,MRT,Mauritania,1432758.0,level
1978-12-31,world,MRT,Mauritania,1392713.0,level
1977-12-31,world,MRT,Mauritania,1353768.0,level
1976-12-31,world,MRT,Mauritania,1315336.0,level
1975-12-31,world,MRT,Mauritania,1277330.0,level
1974-12-31,world,MRT,Mauritania,1240188.0,level
1973-12-31,world,MRT,Mauritania,1203838.0,level
1972-12-31,world,MRT,Mauritania,1168355.0,level
1971-12-31,world,MRT,Mauritania,1133702.0,level
1970-12-31,world,MRT,Mauritania,1099806.0,level
1969-12-31,world,MRT,Mauritania,1066754.0,level
1968-12-31,world,MRT,Mauritania,1034739.0,level
1967-12-31,world,MRT,Mauritania,1003843.0,level
1966-12-31,world,MRT,Mauritania,974157.0,level
1965-12-31,world,MRT,Mauritania,945838.0,level
1964-12-31,world,MRT,Mauritania,918955.0,level
1963-12-31,world,MRT,Mauritania,893423.0,level
1962-12-31,world,MRT,Mauritania,869184.0,level
1961-12-31,world,MRT,Mauritania,846167.0,level
1960-12-31,world,MRT,Mauritania,824298.0,level
2025-12-31,world,MUS,Mauritius,1243741.0,level
2024-12-31,world,MUS,Mauritius,1245779.0,level
2023-12-31,world,MUS,Mauritius,1248647.0,level
2022-12-31,world,MUS,Mauritius,1262523.0,level
2021-12-31,world,MUS,Mauritius,1266334.0,level
2020-12-31,world,MUS,Mauritius,1266014.0,level
2019-12-31,world,MUS,Mauritius,1265985.0,level
2018-12-31,world,MUS,Mauritius,1265577.0,level
2017-12-31,world,MUS,Mauritius,1264887.0,level
2016-12-31,world,MUS,Mauritius,1263747.0,level
2015-12-31,world,MUS,Mauritius,1262879.0,level
2014-12-31,world,MUS,Mauritius,1261208.0,level
2013-12-31,world,MUS,Mauritius,1258927.0,level
2012-12-31,world,MUS,Mauritius,1255882.0,level
2011-12-31,world,MUS,Mauritius,1252404.0,level
2010-12-31,world,MUS,Mauritius,1250400.0,level
2009-12-31,world,MUS,Mauritius,1247429.0,level
2008-12-31,world,MUS,Mauritius,1244121.0,level
2007-12-31,world,MUS,Mauritius,1239630.0,level
2006-12-31,world,MUS,Mauritius,1233996.0,level
2005-12-31,world,MUS,Mauritius,1228254.0,level
2004-12-31,world,MUS,Mauritius,1221003.0,level
2003-12-31,world,MUS,Mauritius,1213370.0,level
2002-12-31,world,MUS,Mauritius,1204621.0,level
2001-12-31,world,MUS,Mauritius,1196287.0,level
2000-12-31,world,MUS,Mauritius,1186873.0,level
1999-12-31,world,MUS,Mauritius,1175267.0,level
1998-12-31,world,MUS,Mauritius,1160421.0,level
1997-12-31,world,MUS,Mauritius,1148284.0,level
1996-12-31,world,MUS,Mauritius,1133996.0,level
1995-12-31,world,MUS,Mauritius,1122457.0,level
1994-12-31,world,MUS,Mauritius,1112846.0,level
1993-12-31,world,MUS,Mauritius,1097374.0,level
1992-12-31,world,MUS,Mauritius,1084441.0,level
1991-12-31,world,MUS,Mauritius,1070266.0,level
1990-12-31,world,MUS,Mauritius,1058775.0,level
1989-12-31,world,MUS,Mauritius,1051260.0,level
1988-12-31,world,MUS,Mauritius,1043239.0,level
1987-12-31,world,MUS,Mauritius,1036082.0,level
1986-12-31,world,MUS,Mauritius,1028360.0,level
1985-12-31,world,MUS,Mauritius,1020528.0,level
1984-12-31,world,MUS,Mauritius,1012221.0,level
1983-12-31,world,MUS,Mauritius,1001691.0,level
1982-12-31,world,MUS,Mauritius,992521.0,level
1981-12-31,world,MUS,Mauritius,980462.0,level
1980-12-31,world,MUS,Mauritius,966039.0,level
1979-12-31,world,MUS,Mauritius,949888.0,level
1978-12-31,world,MUS,Mauritius,933499.0,level
1977-12-31,world,MUS,Mauritius,921379.0,level
1976-12-31,world,MUS,Mauritius,906507.0,level
1975-12-31,world,MUS,Mauritius,892000.0,level
1974-12-31,world,MUS,Mauritius,878042.0,level
1973-12-31,world,MUS,Mauritius,864819.0,level
1972-12-31,world,MUS,Mauritius,852053.0,level
1971-12-31,world,MUS,Mauritius,839230.0,level
1970-12-31,world,MUS,Mauritius,826000.0,level
1969-12-31,world,MUS,Mauritius,812405.0,level
1968-12-31,world,MUS,Mauritius,798413.0,level
1967-12-31,world,MUS,Mauritius,783917.0,level
1966-12-31,world,MUS,Mauritius,768813.0,level
1965-12-31,world,MUS,Mauritius,753000.0,level
1964-12-31,world,MUS,Mauritius,736381.0,level
1963-12-31,world,MUS,Mauritius,718861.0,level
1962-12-31,world,MUS,Mauritius,700349.0,level
1961-12-31,world,MUS,Mauritius,680757.0,level
1960-12-31,world,MUS,Mauritius,680331.0,level
2025-12-31,world,MEX,Mexico,131946900.0,level
2024-12-31,world,MEX,Mexico,130861007.0,level
2023-12-31,world,MEX,Mexico,129739759.0,level
2022-12-31,world,MEX,Mexico,128613117.0,level
2021-12-31,world,MEX,Mexico,127648148.0,level
2020-12-31,world,MEX,Mexico,126799054.0,level
2019-12-31,world,MEX,Mexico,125762982.0,level
2018-12-31,world,MEX,Mexico,124573711.0,level
2017-12-31,world,MEX,Mexico,123400057.0,level
2016-12-31,world,MEX,Mexico,122251351.0,level
2015-12-31,world,MEX,Mexico,121072306.0,level
2014-12-31,world,MEX,Mexico,119784261.0,level
2013-12-31,world,MEX,Mexico,118343573.0,level
2012-12-31,world,MEX,Mexico,116818208.0,level
2011-12-31,world,MEX,Mexico,115243504.0,level
2010-12-31,world,MEX,Mexico,113623895.0,level
2009-12-31,world,MEX,Mexico,111999721.0,level
2008-12-31,world,MEX,Mexico,110374288.0,level
2007-12-31,world,MEX,Mexico,108774360.0,level
2006-12-31,world,MEX,Mexico,107253666.0,level
2005-12-31,world,MEX,Mexico,105811504.0,level
2004-12-31,world,MEX,Mexico,104394131.0,level
2003-12-31,world,MEX,Mexico,102978515.0,level
2002-12-31,world,MEX,Mexico,101548624.0,level
2001-12-31,world,MEX,Mexico,100099099.0,level
2000-12-31,world,MEX,Mexico,98625552.0,level
1999-12-31,world,MEX,Mexico,97115707.0,level
1998-12-31,world,MEX,Mexico,95575245.0,level
1997-12-31,world,MEX,Mexico,94021207.0,level
1996-12-31,world,MEX,Mexico,92452702.0,level
1995-12-31,world,MEX,Mexico,90862455.0,level
1994-12-31,world,MEX,Mexico,89259205.0,level
1993-12-31,world,MEX,Mexico,87653807.0,level
1992-12-31,world,MEX,Mexico,86044809.0,level
1991-12-31,world,MEX,Mexico,84430572.0,level
1990-12-31,world,MEX,Mexico,82820170.0,level
1989-12-31,world,MEX,Mexico,81247182.0,level
1988-12-31,world,MEX,Mexico,79695531.0,level
1987-12-31,world,MEX,Mexico,78136651.0,level
1986-12-31,world,MEX,Mexico,76585637.0,level
1985-12-31,world,MEX,Mexico,75043414.0,level
1984-12-31,world,MEX,Mexico,73506846.0,level
1983-12-31,world,MEX,Mexico,71971240.0,level
1982-12-31,world,MEX,Mexico,70433260.0,level
1981-12-31,world,MEX,Mexico,68892108.0,level
1980-12-31,world,MEX,Mexico,67300334.0,level
1979-12-31,world,MEX,Mexico,65648865.0,level
1978-12-31,world,MEX,Mexico,63979046.0,level
1977-12-31,world,MEX,Mexico,62308493.0,level
1976-12-31,world,MEX,Mexico,60645512.0,level
1975-12-31,world,MEX,Mexico,58982400.0,level
1974-12-31,world,MEX,Mexico,57320149.0,level
1973-12-31,world,MEX,Mexico,55667284.0,level
1972-12-31,world,MEX,Mexico,54030168.0,level
1971-12-31,world,MEX,Mexico,52412558.0,level
1970-12-31,world,MEX,Mexico,50814953.0,level
1969-12-31,world,MEX,Mexico,49233194.0,level
1968-12-31,world,MEX,Mexico,47668303.0,level
1967-12-31,world,MEX,Mexico,46129608.0,level
1966-12-31,world,MEX,Mexico,44629106.0,level
1965-12-31,world,MEX,Mexico,43174477.0,level
1964-12-31,world,MEX,Mexico,41772049.0,level
1963-12-31,world,MEX,Mexico,40424065.0,level
1962-12-31,world,MEX,Mexico,39129200.0,level
1961-12-31,world,MEX,Mexico,37890118.0,level
1960-12-31,world,MEX,Mexico,36724615.0,level
2025-12-31,world,FSM,"Micronesia, Fed. Sts.",113683.0,level
2024-12-31,world,FSM,"Micronesia, Fed. Sts.",113160.0,level
2023-12-31,world,FSM,"Micronesia, Fed. Sts.",112630.0,level
2022-12-31,world,FSM,"Micronesia, Fed. Sts.",112114.0,level
2021-12-31,world,FSM,"Micronesia, Fed. Sts.",111624.0,level
2020-12-31,world,FSM,"Micronesia, Fed. Sts.",110916.0,level
2019-12-31,world,FSM,"Micronesia, Fed. Sts.",110282.0,level
2018-12-31,world,FSM,"Micronesia, Fed. Sts.",109909.0,level
2017-12-31,world,FSM,"Micronesia, Fed. Sts.",109481.0,level
2016-12-31,world,FSM,"Micronesia, Fed. Sts.",109075.0,level
2015-12-31,world,FSM,"Micronesia, Fed. Sts.",108716.0,level
2014-12-31,world,FSM,"Micronesia, Fed. Sts.",108396.0,level
2013-12-31,world,FSM,"Micronesia, Fed. Sts.",108121.0,level
2012-12-31,world,FSM,"Micronesia, Fed. Sts.",107890.0,level
2011-12-31,world,FSM,"Micronesia, Fed. Sts.",107698.0,level
2010-12-31,world,FSM,"Micronesia, Fed. Sts.",107540.0,level
2009-12-31,world,FSM,"Micronesia, Fed. Sts.",107957.0,level
2008-12-31,world,FSM,"Micronesia, Fed. Sts.",108936.0,level
2007-12-31,world,FSM,"Micronesia, Fed. Sts.",109880.0,level
2006-12-31,world,FSM,"Micronesia, Fed. Sts.",110729.0,level
2005-12-31,world,FSM,"Micronesia, Fed. Sts.",111412.0,level
2004-12-31,world,FSM,"Micronesia, Fed. Sts.",111925.0,level
2003-12-31,world,FSM,"Micronesia, Fed. Sts.",112285.0,level
2002-12-31,world,FSM,"Micronesia, Fed. Sts.",112448.0,level
2001-12-31,world,FSM,"Micronesia, Fed. Sts.",112365.0,level
2000-12-31,world,FSM,"Micronesia, Fed. Sts.",112044.0,level
1999-12-31,world,FSM,"Micronesia, Fed. Sts.",111680.0,level
1998-12-31,world,FSM,"Micronesia, Fed. Sts.",111377.0,level
1997-12-31,world,FSM,"Micronesia, Fed. Sts.",111071.0,level
1996-12-31,world,FSM,"Micronesia, Fed. Sts.",110710.0,level
1995-12-31,world,FSM,"Micronesia, Fed. Sts.",110230.0,level
1994-12-31,world,FSM,"Micronesia, Fed. Sts.",109075.0,level
1993-12-31,world,FSM,"Micronesia, Fed. Sts.",107066.0,level
1992-12-31,world,FSM,"Micronesia, Fed. Sts.",104806.0,level
1991-12-31,world,FSM,"Micronesia, Fed. Sts.",102754.0,level
1990-12-31,world,FSM,"Micronesia, Fed. Sts.",100888.0,level
1989-12-31,world,FSM,"Micronesia, Fed. Sts.",99003.0,level
1988-12-31,world,FSM,"Micronesia, Fed. Sts.",97097.0,level
1987-12-31,world,FSM,"Micronesia, Fed. Sts.",94844.0,level
1986-12-31,world,FSM,"Micronesia, Fed. Sts.",92266.0,level
1985-12-31,world,FSM,"Micronesia, Fed. Sts.",89707.0,level
1984-12-31,world,FSM,"Micronesia, Fed. Sts.",87176.0,level
1983-12-31,world,FSM,"Micronesia, Fed. Sts.",84680.0,level
1982-12-31,world,FSM,"Micronesia, Fed. Sts.",82219.0,level
1981-12-31,world,FSM,"Micronesia, Fed. Sts.",79794.0,level
1980-12-31,world,FSM,"Micronesia, Fed. Sts.",77407.0,level
1979-12-31,world,FSM,"Micronesia, Fed. Sts.",75054.0,level
1978-12-31,world,FSM,"Micronesia, Fed. Sts.",72754.0,level
1977-12-31,world,FSM,"Micronesia, Fed. Sts.",70753.0,level
1976-12-31,world,FSM,"Micronesia, Fed. Sts.",69049.0,level
1975-12-31,world,FSM,"Micronesia, Fed. Sts.",67428.0,level
1974-12-31,world,FSM,"Micronesia, Fed. Sts.",65749.0,level
1973-12-31,world,FSM,"Micronesia, Fed. Sts.",63986.0,level
1972-12-31,world,FSM,"Micronesia, Fed. Sts.",62278.0,level
1971-12-31,world,FSM,"Micronesia, Fed. Sts.",60636.0,level
1970-12-31,world,FSM,"Micronesia, Fed. Sts.",58922.0,level
1969-12-31,world,FSM,"Micronesia, Fed. Sts.",57145.0,level
1968-12-31,world,FSM,"Micronesia, Fed. Sts.",55457.0,level
1967-12-31,world,FSM,"Micronesia, Fed. Sts.",53846.0,level
1966-12-31,world,FSM,"Micronesia, Fed. Sts.",52258.0,level
1965-12-31,world,FSM,"Micronesia, Fed. Sts.",50684.0,level
1964-12-31,world,FSM,"Micronesia, Fed. Sts.",49181.0,level
1963-12-31,world,FSM,"Micronesia, Fed. Sts.",47744.0,level
1962-12-31,world,FSM,"Micronesia, Fed. Sts.",46218.0,level
1961-12-31,world,FSM,"Micronesia, Fed. Sts.",44610.0,level
1960-12-31,world,FSM,"Micronesia, Fed. Sts.",43061.0,level
2025-12-31,world,MDA,Moldova,2360527.0,level
2024-12-31,world,MDA,Moldova,2402306.0,level
2023-12-31,world,MDA,Moldova,2457783.0,level
2022-12-31,world,MDA,Moldova,2528654.0,level
2021-12-31,world,MDA,Moldova,2595809.0,level
2020-12-31,world,MDA,Moldova,2635130.0,level
2019-12-31,world,MDA,Moldova,2664224.0,level
2018-12-31,world,MDA,Moldova,2707203.0,level
2017-12-31,world,MDA,Moldova,2755189.0,level
2016-12-31,world,MDA,Moldova,2803186.0,level
2015-12-31,world,MDA,Moldova,2835978.0,level
2014-12-31,world,MDA,Moldova,2857815.0,level
2013-12-31,world,MDA,Moldova,2859558.0,level
2012-12-31,world,MDA,Moldova,2860324.0,level
2011-12-31,world,MDA,Moldova,2860699.0,level
2010-12-31,world,MDA,Moldova,2862354.0,level
2009-12-31,world,MDA,Moldova,2865213.0,level
2008-12-31,world,MDA,Moldova,2868833.0,level
2007-12-31,world,MDA,Moldova,2874299.0,level
2006-12-31,world,MDA,Moldova,2880967.0,level
2005-12-31,world,MDA,Moldova,2888985.0,level
2004-12-31,world,MDA,Moldova,2896023.0,level
2003-12-31,world,MDA,Moldova,2903198.0,level
2002-12-31,world,MDA,Moldova,2911385.0,level
2001-12-31,world,MDA,Moldova,2918135.0,level
2000-12-31,world,MDA,Moldova,2924668.0,level
1999-12-31,world,MDA,Moldova,2930622.0,level
1998-12-31,world,MDA,Moldova,2935227.0,level
1997-12-31,world,MDA,Moldova,2936413.0,level
1996-12-31,world,MDA,Moldova,2947293.0,level
1995-12-31,world,MDA,Moldova,2953200.0,level
1994-12-31,world,MDA,Moldova,2966745.0,level
1993-12-31,world,MDA,Moldova,2975966.0,level
1992-12-31,world,MDA,Moldova,2980965.0,level
1991-12-31,world,MDA,Moldova,2981566.0,level
1990-12-31,world,MDA,Moldova,2977912.0,level
1989-12-31,world,MDA,Moldova,2970039.0,level
1988-12-31,world,MDA,Moldova,2948891.0,level
1987-12-31,world,MDA,Moldova,2916306.0,level
1986-12-31,world,MDA,Moldova,2883057.0,level
1985-12-31,world,MDA,Moldova,2850787.0,level
1984-12-31,world,MDA,Moldova,2820518.0,level
1983-12-31,world,MDA,Moldova,2791207.0,level
1982-12-31,world,MDA,Moldova,2763101.0,level
1981-12-31,world,MDA,Moldova,2735987.0,level
1980-12-31,world,MDA,Moldova,2708675.0,level
1979-12-31,world,MDA,Moldova,2683035.0,level
1978-12-31,world,MDA,Moldova,2656211.0,level
1977-12-31,world,MDA,Moldova,2626298.0,level
1976-12-31,world,MDA,Moldova,2596491.0,level
1975-12-31,world,MDA,Moldova,2566998.0,level
1974-12-31,world,MDA,Moldova,2538164.0,level
1973-12-31,world,MDA,Moldova,2510584.0,level
1972-12-31,world,MDA,Moldova,2484742.0,level
1971-12-31,world,MDA,Moldova,2460611.0,level
1970-12-31,world,MDA,Moldova,2437590.0,level
1969-12-31,world,MDA,Moldova,2408469.0,level
1968-12-31,world,MDA,Moldova,2373073.0,level
1967-12-31,world,MDA,Moldova,2337695.0,level
1966-12-31,world,MDA,Moldova,2301871.0,level
1965-12-31,world,MDA,Moldova,2265287.0,level
1964-12-31,world,MDA,Moldova,2228000.0,level
1963-12-31,world,MDA,Moldova,2188895.0,level
1962-12-31,world,MDA,Moldova,2147227.0,level
1961-12-31,world,MDA,Moldova,2103327.0,level
1960-12-31,world,MDA,Moldova,2058020.0,level
2025-12-31,world,MCO,Monaco,38341.0,level
2024-12-31,world,MCO,Monaco,38631.0,level
2023-12-31,world,MCO,Monaco,38956.0,level
2022-12-31,world,MCO,Monaco,38931.0,level
2021-12-31,world,MCO,Monaco,38527.0,level
2020-12-31,world,MCO,Monaco,38050.0,level
2019-12-31,world,MCO,Monaco,38109.0,level
2018-12-31,world,MCO,Monaco,38154.0,level
2017-12-31,world,MCO,Monaco,37678.0,level
2016-12-31,world,MCO,Monaco,37276.0,level
2015-12-31,world,MCO,Monaco,36757.0,level
2014-12-31,world,MCO,Monaco,36128.0,level
2013-12-31,world,MCO,Monaco,35447.0,level
2012-12-31,world,MCO,Monaco,34711.0,level
2011-12-31,world,MCO,Monaco,33946.0,level
2010-12-31,world,MCO,Monaco,33163.0,level
2009-12-31,world,MCO,Monaco,32364.0,level
2008-12-31,world,MCO,Monaco,31836.0,level
2007-12-31,world,MCO,Monaco,31837.0,level
2006-12-31,world,MCO,Monaco,32057.0,level
2005-12-31,world,MCO,Monaco,32210.0,level
2004-12-31,world,MCO,Monaco,32307.0,level
2003-12-31,world,MCO,Monaco,32374.0,level
2002-12-31,world,MCO,Monaco,32422.0,level
2001-12-31,world,MCO,Monaco,32447.0,level
2000-12-31,world,MCO,Monaco,32455.0,level
1999-12-31,world,MCO,Monaco,32410.0,level
1998-12-31,world,MCO,Monaco,32267.0,level
1997-12-31,world,MCO,Monaco,32063.0,level
1996-12-31,world,MCO,Monaco,31837.0,level
1995-12-31,world,MCO,Monaco,31609.0,level
1994-12-31,world,MCO,Monaco,31375.0,level
1993-12-31,world,MCO,Monaco,31136.0,level
1992-12-31,world,MCO,Monaco,30887.0,level
1991-12-31,world,MCO,Monaco,30625.0,level
1990-12-31,world,MCO,Monaco,30358.0,level
1989-12-31,world,MCO,Monaco,30084.0,level
1988-12-31,world,MCO,Monaco,29781.0,level
1987-12-31,world,MCO,Monaco,29446.0,level
1986-12-31,world,MCO,Monaco,29093.0,level
1985-12-31,world,MCO,Monaco,28731.0,level
1984-12-31,world,MCO,Monaco,28356.0,level
1983-12-31,world,MCO,Monaco,27960.0,level
1982-12-31,world,MCO,Monaco,27561.0,level
1981-12-31,world,MCO,Monaco,27293.0,level
1980-12-31,world,MCO,Monaco,27122.0,level
1979-12-31,world,MCO,Monaco,26892.0,level
1978-12-31,world,MCO,Monaco,26605.0,level
1977-12-31,world,MCO,Monaco,26273.0,level
1976-12-31,world,MCO,Monaco,25895.0,level
1975-12-31,world,MCO,Monaco,25500.0,level
1974-12-31,world,MCO,Monaco,25235.0,level
1973-12-31,world,MCO,Monaco,25072.0,level
1972-12-31,world,MCO,Monaco,24862.0,level
1971-12-31,world,MCO,Monaco,24576.0,level
1970-12-31,world,MCO,Monaco,24229.0,level
1969-12-31,world,MCO,Monaco,23831.0,level
1968-12-31,world,MCO,Monaco,23437.0,level
1967-12-31,world,MCO,Monaco,23230.0,level
1966-12-31,world,MCO,Monaco,23131.0,level
1965-12-31,world,MCO,Monaco,22941.0,level
1964-12-31,world,MCO,Monaco,22686.0,level
1963-12-31,world,MCO,Monaco,22385.0,level
1962-12-31,world,MCO,Monaco,22078.0,level
1961-12-31,world,MCO,Monaco,21901.0,level
1960-12-31,world,MCO,Monaco,21808.0,level
2025-12-31,world,MNG,Mongolia,3568978.0,level
2024-12-31,world,MNG,Mongolia,3524788.0,level
2023-12-31,world,MNG,Mongolia,3481145.0,level
2022-12-31,world,MNG,Mongolia,3433748.0,level
2021-12-31,world,MNG,Mongolia,3383741.0,level
2020-12-31,world,MNG,Mongolia,3327204.0,level
2019-12-31,world,MNG,Mongolia,3267673.0,level
2018-12-31,world,MNG,Mongolia,3208189.0,level
2017-12-31,world,MNG,Mongolia,3148917.0,level
2016-12-31,world,MNG,Mongolia,3088856.0,level
2015-12-31,world,MNG,Mongolia,3026864.0,level
2014-12-31,world,MNG,Mongolia,2963113.0,level
2013-12-31,world,MNG,Mongolia,2899011.0,level
2012-12-31,world,MNG,Mongolia,2839705.0,level
2011-12-31,world,MNG,Mongolia,2786317.0,level
2010-12-31,world,MNG,Mongolia,2738622.0,level
2009-12-31,world,MNG,Mongolia,2691115.0,level
2008-12-31,world,MNG,Mongolia,2643201.0,level
2007-12-31,world,MNG,Mongolia,2601850.0,level
2006-12-31,world,MNG,Mongolia,2567168.0,level
2005-12-31,world,MNG,Mongolia,2536407.0,level
2004-12-31,world,MNG,Mongolia,2508412.0,level
2003-12-31,world,MNG,Mongolia,2480374.0,level
2002-12-31,world,MNG,Mongolia,2449027.0,level
2001-12-31,world,MNG,Mongolia,2417751.0,level
2000-12-31,world,MNG,Mongolia,2388299.0,level
1999-12-31,world,MNG,Mongolia,2356813.0,level
1998-12-31,world,MNG,Mongolia,2323809.0,level
1997-12-31,world,MNG,Mongolia,2291750.0,level
1996-12-31,world,MNG,Mongolia,2259507.0,level
1995-12-31,world,MNG,Mongolia,2224945.0,level
1994-12-31,world,MNG,Mongolia,2189395.0,level
1993-12-31,world,MNG,Mongolia,2165130.0,level
1992-12-31,world,MNG,Mongolia,2167790.0,level
1991-12-31,world,MNG,Mongolia,2165342.0,level
1990-12-31,world,MNG,Mongolia,2098710.0,level
1989-12-31,world,MNG,Mongolia,2124185.0,level
1988-12-31,world,MNG,Mongolia,2076322.0,level
1987-12-31,world,MNG,Mongolia,2022800.0,level
1986-12-31,world,MNG,Mongolia,1970965.0,level
1985-12-31,world,MNG,Mongolia,1921514.0,level
1984-12-31,world,MNG,Mongolia,1874349.0,level
1983-12-31,world,MNG,Mongolia,1829092.0,level
1982-12-31,world,MNG,Mongolia,1785364.0,level
1981-12-31,world,MNG,Mongolia,1742857.0,level
1980-12-31,world,MNG,Mongolia,1701335.0,level
1979-12-31,world,MNG,Mongolia,1660659.0,level
1978-12-31,world,MNG,Mongolia,1619468.0,level
1977-12-31,world,MNG,Mongolia,1576245.0,level
1976-12-31,world,MNG,Mongolia,1531945.0,level
1975-12-31,world,MNG,Mongolia,1488296.0,level
1974-12-31,world,MNG,Mongolia,1446050.0,level
1973-12-31,world,MNG,Mongolia,1405502.0,level
1972-12-31,world,MNG,Mongolia,1366821.0,level
1971-12-31,world,MNG,Mongolia,1330071.0,level
1970-12-31,world,MNG,Mongolia,1295272.0,level
1969-12-31,world,MNG,Mongolia,1262284.0,level
1968-12-31,world,MNG,Mongolia,1229930.0,level
1967-12-31,world,MNG,Mongolia,1196996.0,level
1966-12-31,world,MNG,Mongolia,1163754.0,level
1965-12-31,world,MNG,Mongolia,1131177.0,level
1964-12-31,world,MNG,Mongolia,1100234.0,level
1963-12-31,world,MNG,Mongolia,1071362.0,level
1962-12-31,world,MNG,Mongolia,1041444.0,level
1961-12-31,world,MNG,Mongolia,1009284.0,level
1960-12-31,world,MNG,Mongolia,977595.0,level
2025-12-31,world,MNE,Montenegro,623129.0,level
2024-12-31,world,MNE,Montenegro,623525.0,level
2023-12-31,world,MNE,Montenegro,623529.0,level
2022-12-31,world,MNE,Montenegro,623591.0,level
2021-12-31,world,MNE,Montenegro,625053.0,level
2020-12-31,world,MNE,Montenegro,626590.0,level
2019-12-31,world,MNE,Montenegro,626753.0,level
2018-12-31,world,MNE,Montenegro,626438.0,level
2017-12-31,world,MNE,Montenegro,625982.0,level
2016-12-31,world,MNE,Montenegro,625353.0,level
2015-12-31,world,MNE,Montenegro,624651.0,level
2014-12-31,world,MNE,Montenegro,623744.0,level
2013-12-31,world,MNE,Montenegro,622587.0,level
2012-12-31,world,MNE,Montenegro,621418.0,level
2011-12-31,world,MNE,Montenegro,620345.0,level
2010-12-31,world,MNE,Montenegro,619428.0,level
2009-12-31,world,MNE,Montenegro,618294.0,level
2008-12-31,world,MNE,Montenegro,616969.0,level
2007-12-31,world,MNE,Montenegro,615875.0,level
2006-12-31,world,MNE,Montenegro,615025.0,level
2005-12-31,world,MNE,Montenegro,614261.0,level
2004-12-31,world,MNE,Montenegro,613353.0,level
2003-12-31,world,MNE,Montenegro,612267.0,level
2002-12-31,world,MNE,Montenegro,609828.0,level
2001-12-31,world,MNE,Montenegro,607389.0,level
2000-12-31,world,MNE,Montenegro,604950.0,level
1999-12-31,world,MNE,Montenegro,606001.0,level
1998-12-31,world,MNE,Montenegro,607662.0,level
1997-12-31,world,MNE,Montenegro,609520.0,level
1996-12-31,world,MNE,Montenegro,611003.0,level
1995-12-31,world,MNE,Montenegro,611712.0,level
1994-12-31,world,MNE,Montenegro,611389.0,level
1993-12-31,world,MNE,Montenegro,610170.0,level
1992-12-31,world,MNE,Montenegro,608516.0,level
1991-12-31,world,MNE,Montenegro,607105.0,level
1990-12-31,world,MNE,Montenegro,606372.0,level
1989-12-31,world,MNE,Montenegro,606571.0,level
1988-12-31,world,MNE,Montenegro,607413.0,level
1987-12-31,world,MNE,Montenegro,608144.0,level
1986-12-31,world,MNE,Montenegro,607711.0,level
1985-12-31,world,MNE,Montenegro,605398.0,level
1984-12-31,world,MNE,Montenegro,600884.0,level
1983-12-31,world,MNE,Montenegro,594506.0,level
1982-12-31,world,MNE,Montenegro,587001.0,level
1981-12-31,world,MNE,Montenegro,579445.0,level
1980-12-31,world,MNE,Montenegro,572608.0,level
1979-12-31,world,MNE,Montenegro,566888.0,level
1978-12-31,world,MNE,Montenegro,562065.0,level
1977-12-31,world,MNE,Montenegro,557576.0,level
1976-12-31,world,MNE,Montenegro,552562.0,level
1975-12-31,world,MNE,Montenegro,546487.0,level
1974-12-31,world,MNE,Montenegro,538902.0,level
1973-12-31,world,MNE,Montenegro,530220.0,level
1972-12-31,world,MNE,Montenegro,521785.0,level
1971-12-31,world,MNE,Montenegro,515449.0,level
1970-12-31,world,MNE,Montenegro,512407.0,level
1969-12-31,world,MNE,Montenegro,513340.0,level
1968-12-31,world,MNE,Montenegro,517481.0,level
1967-12-31,world,MNE,Montenegro,522796.0,level
1966-12-31,world,MNE,Montenegro,526419.0,level
1965-12-31,world,MNE,Montenegro,526327.0,level
1964-12-31,world,MNE,Montenegro,521753.0,level
1963-12-31,world,MNE,Montenegro,513409.0,level
1962-12-31,world,MNE,Montenegro,502558.0,level
1961-12-31,world,MNE,Montenegro,491140.0,level
1960-12-31,world,MNE,Montenegro,480579.0,level
2025-12-31,world,MAR,Morocco,38430770.0,level
2024-12-31,world,MAR,Morocco,38081173.0,level
2023-12-31,world,MAR,Morocco,37712505.0,level
2022-12-31,world,MAR,Morocco,37329064.0,level
2021-12-31,world,MAR,Morocco,36954442.0,level
2020-12-31,world,MAR,Morocco,36584208.0,level
2019-12-31,world,MAR,Morocco,36210898.0,level
2018-12-31,world,MAR,Morocco,35839760.0,level
2017-12-31,world,MAR,Morocco,35446392.0,level
2016-12-31,world,MAR,Morocco,35023457.0,level
2015-12-31,world,MAR,Morocco,34607588.0,level
2014-12-31,world,MAR,Morocco,34204780.0,level
2013-12-31,world,MAR,Morocco,33787571.0,level
2012-12-31,world,MAR,Morocco,33355241.0,level
2011-12-31,world,MAR,Morocco,32912588.0,level
2010-12-31,world,MAR,Morocco,32467016.0,level
2009-12-31,world,MAR,Morocco,32030778.0,level
2008-12-31,world,MAR,Morocco,31606767.0,level
2007-12-31,world,MAR,Morocco,31186468.0,level
2006-12-31,world,MAR,Morocco,30771178.0,level
2005-12-31,world,MAR,Morocco,30358144.0,level
2004-12-31,world,MAR,Morocco,29953018.0,level
2003-12-31,world,MAR,Morocco,29571415.0,level
2002-12-31,world,MAR,Morocco,29198142.0,level
2001-12-31,world,MAR,Morocco,28814643.0,level
2000-12-31,world,MAR,Morocco,28423435.0,level
1999-12-31,world,MAR,Morocco,28027179.0,level
1998-12-31,world,MAR,Morocco,27621648.0,level
1997-12-31,world,MAR,Morocco,27213337.0,level
1996-12-31,world,MAR,Morocco,26808107.0,level
1995-12-31,world,MAR,Morocco,26399429.0,level
1994-12-31,world,MAR,Morocco,26000822.0,level
1993-12-31,world,MAR,Morocco,25614586.0,level
1992-12-31,world,MAR,Morocco,25212468.0,level
1991-12-31,world,MAR,Morocco,24799014.0,level
1990-12-31,world,MAR,Morocco,24375551.0,level
1989-12-31,world,MAR,Morocco,23939414.0,level
1988-12-31,world,MAR,Morocco,23500524.0,level
1987-12-31,world,MAR,Morocco,23054392.0,level
1986-12-31,world,MAR,Morocco,22600803.0,level
1985-12-31,world,MAR,Morocco,22113953.0,level
1984-12-31,world,MAR,Morocco,21593778.0,level
1983-12-31,world,MAR,Morocco,21060696.0,level
1982-12-31,world,MAR,Morocco,20520318.0,level
1981-12-31,world,MAR,Morocco,19985401.0,level
1980-12-31,world,MAR,Morocco,19459943.0,level
1979-12-31,world,MAR,Morocco,18955589.0,level
1978-12-31,world,MAR,Morocco,18477385.0,level
1977-12-31,world,MAR,Morocco,18014756.0,level
1976-12-31,world,MAR,Morocco,17574182.0,level
1975-12-31,world,MAR,Morocco,17150786.0,level
1974-12-31,world,MAR,Morocco,16733842.0,level
1973-12-31,world,MAR,Morocco,16326269.0,level
1972-12-31,world,MAR,Morocco,15924692.0,level
1971-12-31,world,MAR,Morocco,15527225.0,level
1970-12-31,world,MAR,Morocco,15129449.0,level
1969-12-31,world,MAR,Morocco,14734255.0,level
1968-12-31,world,MAR,Morocco,14347899.0,level
1967-12-31,world,MAR,Morocco,13968175.0,level
1966-12-31,world,MAR,Morocco,13597065.0,level
1965-12-31,world,MAR,Morocco,13239171.0,level
1964-12-31,world,MAR,Morocco,12898886.0,level
1963-12-31,world,MAR,Morocco,12577502.0,level
1962-12-31,world,MAR,Morocco,12253092.0,level
1961-12-31,world,MAR,Morocco,11931085.0,level
1960-12-31,world,MAR,Morocco,11624933.0,level
2025-12-31,world,MOZ,Mozambique,35631653.0,level
2024-12-31,world,MOZ,Mozambique,34631766.0,level
2023-12-31,world,MOZ,Mozambique,33635160.0,level
2022-12-31,world,MOZ,Mozambique,32656246.0,level
2021-12-31,world,MOZ,Mozambique,31707800.0,level
2020-12-31,world,MOZ,Mozambique,30783688.0,level
2019-12-31,world,MOZ,Mozambique,29884380.0,level
2018-12-31,world,MOZ,Mozambique,29018644.0,level
2017-12-31,world,MOZ,Mozambique,28166393.0,level
2016-12-31,world,MOZ,Mozambique,27337105.0,level
2015-12-31,world,MOZ,Mozambique,26547572.0,level
2014-12-31,world,MOZ,Mozambique,25788475.0,level
2013-12-31,world,MOZ,Mozambique,25051611.0,level
2012-12-31,world,MOZ,Mozambique,24337846.0,level
2011-12-31,world,MOZ,Mozambique,23649039.0,level
2010-12-31,world,MOZ,Mozambique,22999235.0,level
2009-12-31,world,MOZ,Mozambique,22391745.0,level
2008-12-31,world,MOZ,Mozambique,21819036.0,level
2007-12-31,world,MOZ,Mozambique,21287635.0,level
2006-12-31,world,MOZ,Mozambique,20787087.0,level
2005-12-31,world,MOZ,Mozambique,20304569.0,level
2004-12-31,world,MOZ,Mozambique,19840313.0,level
2003-12-31,world,MOZ,Mozambique,19392475.0,level
2002-12-31,world,MOZ,Mozambique,18958338.0,level
2001-12-31,world,MOZ,Mozambique,18537729.0,level
2000-12-31,world,MOZ,Mozambique,18129653.0,level
1999-12-31,world,MOZ,Mozambique,17734506.0,level
1998-12-31,world,MOZ,Mozambique,17340464.0,level
1997-12-31,world,MOZ,Mozambique,16949982.0,level
1996-12-31,world,MOZ,Mozambique,16492480.0,level
1995-12-31,world,MOZ,Mozambique,15960530.0,level
1994-12-31,world,MOZ,Mozambique,15033853.0,level
1993-12-31,world,MOZ,Mozambique,14051192.0,level
1992-12-31,world,MOZ,Mozambique,13613316.0,level
1991-12-31,world,MOZ,Mozambique,13352090.0,level
1990-12-31,world,MOZ,Mozambique,13094537.0,level
1989-12-31,world,MOZ,Mozambique,12906842.0,level
1988-12-31,world,MOZ,Mozambique,12800558.0,level
1987-12-31,world,MOZ,Mozambique,12822574.0,level
1986-12-31,world,MOZ,Mozambique,12770578.0,level
1985-12-31,world,MOZ,Mozambique,12548949.0,level
1984-12-31,world,MOZ,Mozambique,12315954.0,level
1983-12-31,world,MOZ,Mozambique,12073822.0,level
1982-12-31,world,MOZ,Mozambique,11824370.0,level
1981-12-31,world,MOZ,Mozambique,11568127.0,level
1980-12-31,world,MOZ,Mozambique,11336221.0,level
1979-12-31,world,MOZ,Mozambique,11028809.0,level
1978-12-31,world,MOZ,Mozambique,10618250.0,level
1977-12-31,world,MOZ,Mozambique,10224975.0,level
1976-12-31,world,MOZ,Mozambique,9867209.0,level
1975-12-31,world,MOZ,Mozambique,9540817.0,level
1974-12-31,world,MOZ,Mozambique,9236093.0,level
1973-12-31,world,MOZ,Mozambique,8954242.0,level
1972-12-31,world,MOZ,Mozambique,8692935.0,level
1971-12-31,world,MOZ,Mozambique,8456317.0,level
1970-12-31,world,MOZ,Mozambique,8250506.0,level
1969-12-31,world,MOZ,Mozambique,8066951.0,level
1968-12-31,world,MOZ,Mozambique,7892613.0,level
1967-12-31,world,MOZ,Mozambique,7724550.0,level
1966-12-31,world,MOZ,Mozambique,7562990.0,level
1965-12-31,world,MOZ,Mozambique,7406421.0,level
1964-12-31,world,MOZ,Mozambique,7255061.0,level
1963-12-31,world,MOZ,Mozambique,7109828.0,level
1962-12-31,world,MOZ,Mozambique,6969364.0,level
1961-12-31,world,MOZ,Mozambique,6834936.0,level
1960-12-31,world,MOZ,Mozambique,6713695.0,level
2025-12-31,world,MMR,Myanmar,54850648.0,level
2024-12-31,world,MMR,Myanmar,54500091.0,level
2023-12-31,world,MMR,Myanmar,54133798.0,level
2022-12-31,world,MMR,Myanmar,53756787.0,level
2021-12-31,world,MMR,Myanmar,53387102.0,level
2020-12-31,world,MMR,Myanmar,53016522.0,level
2019-12-31,world,MMR,Myanmar,52640713.0,level
2018-12-31,world,MMR,Myanmar,52272247.0,level
2017-12-31,world,MMR,Myanmar,51894938.0,level
2016-12-31,world,MMR,Myanmar,51495696.0,level
2015-12-31,world,MMR,Myanmar,51089056.0,level
2014-12-31,world,MMR,Myanmar,50681634.0,level
2013-12-31,world,MMR,Myanmar,50262658.0,level
2012-12-31,world,MMR,Myanmar,49837446.0,level
2011-12-31,world,MMR,Myanmar,49419820.0,level
2010-12-31,world,MMR,Myanmar,49024382.0,level
2009-12-31,world,MMR,Myanmar,48660459.0,level
2008-12-31,world,MMR,Myanmar,48390793.0,level
2007-12-31,world,MMR,Myanmar,48125043.0,level
2006-12-31,world,MMR,Myanmar,47785135.0,level
2005-12-31,world,MMR,Myanmar,47438365.0,level
2004-12-31,world,MMR,Myanmar,47068772.0,level
2003-12-31,world,MMR,Myanmar,46667192.0,level
2002-12-31,world,MMR,Myanmar,46232653.0,level
2001-12-31,world,MMR,Myanmar,45771139.0,level
2000-12-31,world,MMR,Myanmar,45290841.0,level
1999-12-31,world,MMR,Myanmar,44787724.0,level
1998-12-31,world,MMR,Myanmar,44257793.0,level
1997-12-31,world,MMR,Myanmar,43708798.0,level
1996-12-31,world,MMR,Myanmar,43154860.0,level
1995-12-31,world,MMR,Myanmar,42605338.0,level
1994-12-31,world,MMR,Myanmar,42055143.0,level
1993-12-31,world,MMR,Myanmar,41502429.0,level
1992-12-31,world,MMR,Myanmar,40950342.0,level
1991-12-31,world,MMR,Myanmar,40394154.0,level
1990-12-31,world,MMR,Myanmar,39817251.0,level
1989-12-31,world,MMR,Myanmar,39214618.0,level
1988-12-31,world,MMR,Myanmar,38600927.0,level
1987-12-31,world,MMR,Myanmar,37971594.0,level
1986-12-31,world,MMR,Myanmar,37314878.0,level
1985-12-31,world,MMR,Myanmar,36622827.0,level
1984-12-31,world,MMR,Myanmar,35899313.0,level
1983-12-31,world,MMR,Myanmar,35162715.0,level
1982-12-31,world,MMR,Myanmar,34482965.0,level
1981-12-31,world,MMR,Myanmar,33858783.0,level
1980-12-31,world,MMR,Myanmar,33227204.0,level
1979-12-31,world,MMR,Myanmar,32596550.0,level
1978-12-31,world,MMR,Myanmar,31972976.0,level
1977-12-31,world,MMR,Myanmar,31355966.0,level
1976-12-31,world,MMR,Myanmar,30758811.0,level
1975-12-31,world,MMR,Myanmar,30176565.0,level
1974-12-31,world,MMR,Myanmar,29598167.0,level
1973-12-31,world,MMR,Myanmar,29026388.0,level
1972-12-31,world,MMR,Myanmar,28428324.0,level
1971-12-31,world,MMR,Myanmar,27807219.0,level
1970-12-31,world,MMR,Myanmar,27193016.0,level
1969-12-31,world,MMR,Myanmar,26585112.0,level
1968-12-31,world,MMR,Myanmar,25989662.0,level
1967-12-31,world,MMR,Myanmar,25406429.0,level
1966-12-31,world,MMR,Myanmar,24836496.0,level
1965-12-31,world,MMR,Myanmar,24279431.0,level
1964-12-31,world,MMR,Myanmar,23737315.0,level
1963-12-31,world,MMR,Myanmar,23213408.0,level
1962-12-31,world,MMR,Myanmar,22704719.0,level
1961-12-31,world,MMR,Myanmar,22210581.0,level
1960-12-31,world,MMR,Myanmar,21730250.0,level
2025-12-31,world,NAM,Namibia,3092816.0,level
2024-12-31,world,NAM,Namibia,3030131.0,level
2023-12-31,world,NAM,Namibia,2963095.0,level
2022-12-31,world,NAM,Namibia,2889662.0,level
2021-12-31,world,NAM,Namibia,2810548.0,level
2020-12-31,world,NAM,Namibia,2728762.0,level
2019-12-31,world,NAM,Namibia,2650494.0,level
2018-12-31,world,NAM,Namibia,2577327.0,level
2017-12-31,world,NAM,Namibia,2506853.0,level
2016-12-31,world,NAM,Namibia,2439213.0,level
2015-12-31,world,NAM,Namibia,2374300.0,level
2014-12-31,world,NAM,Namibia,2312139.0,level
2013-12-31,world,NAM,Namibia,2252508.0,level
2012-12-31,world,NAM,Namibia,2194654.0,level
2011-12-31,world,NAM,Namibia,2146325.0,level
2010-12-31,world,NAM,Namibia,2109811.0,level
2009-12-31,world,NAM,Namibia,2077394.0,level
2008-12-31,world,NAM,Namibia,2047056.0,level
2007-12-31,world,NAM,Namibia,2018600.0,level
2006-12-31,world,NAM,Namibia,1991888.0,level
2005-12-31,world,NAM,Namibia,1966582.0,level
2004-12-31,world,NAM,Namibia,1942082.0,level
2003-12-31,world,NAM,Namibia,1917464.0,level
2002-12-31,world,NAM,Namibia,1889970.0,level
2001-12-31,world,NAM,Namibia,1857048.0,level
2000-12-31,world,NAM,Namibia,1818647.0,level
1999-12-31,world,NAM,Namibia,1776368.0,level
1998-12-31,world,NAM,Namibia,1732745.0,level
1997-12-31,world,NAM,Namibia,1689264.0,level
1996-12-31,world,NAM,Namibia,1646103.0,level
1995-12-31,world,NAM,Namibia,1602170.0,level
1994-12-31,world,NAM,Namibia,1556304.0,level
1993-12-31,world,NAM,Namibia,1508697.0,level
1992-12-31,world,NAM,Namibia,1461322.0,level
1991-12-31,world,NAM,Namibia,1415684.0,level
1990-12-31,world,NAM,Namibia,1369303.0,level
1989-12-31,world,NAM,Namibia,1288947.0,level
1988-12-31,world,NAM,Namibia,1209696.0,level
1987-12-31,world,NAM,Namibia,1167889.0,level
1986-12-31,world,NAM,Namibia,1131081.0,level
1985-12-31,world,NAM,Namibia,1096890.0,level
1984-12-31,world,NAM,Namibia,1065989.0,level
1983-12-31,world,NAM,Namibia,1037511.0,level
1982-12-31,world,NAM,Namibia,1010308.0,level
1981-12-31,world,NAM,Namibia,992500.0,level
1980-12-31,world,NAM,Namibia,981434.0,level
1979-12-31,world,NAM,Namibia,962825.0,level
1978-12-31,world,NAM,Namibia,947269.0,level
1977-12-31,world,NAM,Namibia,931104.0,level
1976-12-31,world,NAM,Namibia,906566.0,level
1975-12-31,world,NAM,Namibia,881032.0,level
1974-12-31,world,NAM,Namibia,854320.0,level
1973-12-31,world,NAM,Namibia,828928.0,level
1972-12-31,world,NAM,Namibia,804399.0,level
1971-12-31,world,NAM,Namibia,780584.0,level
1970-12-31,world,NAM,Namibia,757868.0,level
1969-12-31,world,NAM,Namibia,736120.0,level
1968-12-31,world,NAM,Namibia,715542.0,level
1967-12-31,world,NAM,Namibia,696045.0,level
1966-12-31,world,NAM,Namibia,677655.0,level
1965-12-31,world,NAM,Namibia,660558.0,level
1964-12-31,world,NAM,Namibia,644530.0,level
1963-12-31,world,NAM,Namibia,629589.0,level
1962-12-31,world,NAM,Namibia,615759.0,level
1961-12-31,world,NAM,Namibia,603067.0,level
1960-12-31,world,NAM,Namibia,591465.0,level
2025-12-31,world,NRU,Naoero,12025.0,level
2024-12-31,world,NRU,Naoero,11947.0,level
2023-12-31,world,NRU,Naoero,11875.0,level
2022-12-31,world,NRU,Naoero,11801.0,level
2021-12-31,world,NRU,Naoero,11709.0,level
2020-12-31,world,NRU,Naoero,11643.0,level
2019-12-31,world,NRU,Naoero,11587.0,level
2018-12-31,world,NRU,Naoero,11477.0,level
2017-12-31,world,NRU,Naoero,11324.0,level
2016-12-31,world,NRU,Naoero,11150.0,level
2015-12-31,world,NRU,Naoero,10954.0,level
2014-12-31,world,NRU,Naoero,10742.0,level
2013-12-31,world,NRU,Naoero,10517.0,level
2012-12-31,world,NRU,Naoero,10267.0,level
2011-12-31,world,NRU,Naoero,10098.0,level
2010-12-31,world,NRU,Naoero,10043.0,level
2009-12-31,world,NRU,Naoero,10016.0,level
2008-12-31,world,NRU,Naoero,10009.0,level
2007-12-31,world,NRU,Naoero,10020.0,level
2006-12-31,world,NRU,Naoero,10034.0,level
2005-12-31,world,NRU,Naoero,10049.0,level
2004-12-31,world,NRU,Naoero,10060.0,level
2003-12-31,world,NRU,Naoero,10059.0,level
2002-12-31,world,NRU,Naoero,10082.0,level
2001-12-31,world,NRU,Naoero,10130.0,level
2000-12-31,world,NRU,Naoero,10168.0,level
1999-12-31,world,NRU,Naoero,10187.0,level
1998-12-31,world,NRU,Naoero,10198.0,level
1997-12-31,world,NRU,Naoero,10197.0,level
1996-12-31,world,NRU,Naoero,10183.0,level
1995-12-31,world,NRU,Naoero,10165.0,level
1994-12-31,world,NRU,Naoero,10137.0,level
1993-12-31,world,NRU,Naoero,10102.0,level
1992-12-31,world,NRU,Naoero,10021.0,level
1991-12-31,world,NRU,Naoero,9850.0,level
1990-12-31,world,NRU,Naoero,9622.0,level
1989-12-31,world,NRU,Naoero,9390.0,level
1988-12-31,world,NRU,Naoero,9165.0,level
1987-12-31,world,NRU,Naoero,8946.0,level
1986-12-31,world,NRU,Naoero,8742.0,level
1985-12-31,world,NRU,Naoero,8551.0,level
1984-12-31,world,NRU,Naoero,8377.0,level
1983-12-31,world,NRU,Naoero,8216.0,level
1982-12-31,world,NRU,Naoero,8040.0,level
1981-12-31,world,NRU,Naoero,7839.0,level
1980-12-31,world,NRU,Naoero,7649.0,level
1979-12-31,world,NRU,Naoero,7468.0,level
1978-12-31,world,NRU,Naoero,7298.0,level
1977-12-31,world,NRU,Naoero,7163.0,level
1976-12-31,world,NRU,Naoero,7064.0,level
1975-12-31,world,NRU,Naoero,6987.0,level
1974-12-31,world,NRU,Naoero,6923.0,level
1973-12-31,world,NRU,Naoero,6866.0,level
1972-12-31,world,NRU,Naoero,6812.0,level
1971-12-31,world,NRU,Naoero,6762.0,level
1970-12-31,world,NRU,Naoero,6710.0,level
1969-12-31,world,NRU,Naoero,6581.0,level
1968-12-31,world,NRU,Naoero,6328.0,level
1967-12-31,world,NRU,Naoero,6135.0,level
1966-12-31,world,NRU,Naoero,6043.0,level
1965-12-31,world,NRU,Naoero,5832.0,level
1964-12-31,world,NRU,Naoero,5515.0,level
1963-12-31,world,NRU,Naoero,5226.0,level
1962-12-31,world,NRU,Naoero,4979.0,level
1961-12-31,world,NRU,Naoero,4774.0,level
1960-12-31,world,NRU,Naoero,4607.0,level
2025-12-31,world,NPL,Nepal,29618118.0,level
2024-12-31,world,NPL,Nepal,29651054.0,level
2023-12-31,world,NPL,Nepal,29694614.0,level
2022-12-31,world,NPL,Nepal,29715436.0,level
2021-12-31,world,NPL,Nepal,29475010.0,level
2020-12-31,world,NPL,Nepal,28966574.0,level
2019-12-31,world,NPL,Nepal,28414064.0,level
2018-12-31,world,NPL,Nepal,28079689.0,level
2017-12-31,world,NPL,Nepal,28011258.0,level
2016-12-31,world,NPL,Nepal,27955462.0,level
2015-12-31,world,NPL,Nepal,27823629.0,level
2014-12-31,world,NPL,Nepal,27672370.0,level
2013-12-31,world,NPL,Nepal,27589996.0,level
2012-12-31,world,NPL,Nepal,27534915.0,level
2011-12-31,world,NPL,Nepal,27464494.0,level
2010-12-31,world,NPL,Nepal,27341952.0,level
2009-12-31,world,NPL,Nepal,27173035.0,level
2008-12-31,world,NPL,Nepal,26990037.0,level
2007-12-31,world,NPL,Nepal,26788492.0,level
2006-12-31,world,NPL,Nepal,26565425.0,level
2005-12-31,world,NPL,Nepal,26309458.0,level
2004-12-31,world,NPL,Nepal,26016656.0,level
2003-12-31,world,NPL,Nepal,25688758.0,level
2002-12-31,world,NPL,Nepal,25328981.0,level
2001-12-31,world,NPL,Nepal,24946748.0,level
2000-12-31,world,NPL,Nepal,24546509.0,level
1999-12-31,world,NPL,Nepal,24125199.0,level
1998-12-31,world,NPL,Nepal,23680357.0,level
1997-12-31,world,NPL,Nepal,23219463.0,level
1996-12-31,world,NPL,Nepal,22741862.0,level
1995-12-31,world,NPL,Nepal,22245439.0,level
1994-12-31,world,NPL,Nepal,21717479.0,level
1993-12-31,world,NPL,Nepal,21180159.0,level
1992-12-31,world,NPL,Nepal,20609707.0,level
1991-12-31,world,NPL,Nepal,20036500.0,level
1990-12-31,world,NPL,Nepal,19524573.0,level
1989-12-31,world,NPL,Nepal,19057807.0,level
1988-12-31,world,NPL,Nepal,18638661.0,level
1987-12-31,world,NPL,Nepal,18250505.0,level
1986-12-31,world,NPL,Nepal,17868124.0,level
1985-12-31,world,NPL,Nepal,17477692.0,level
1984-12-31,world,NPL,Nepal,17085242.0,level
1983-12-31,world,NPL,Nepal,16689119.0,level
1982-12-31,world,NPL,Nepal,16297987.0,level
1981-12-31,world,NPL,Nepal,15922423.0,level
1980-12-31,world,NPL,Nepal,15553105.0,level
1979-12-31,world,NPL,Nepal,15190590.0,level
1978-12-31,world,NPL,Nepal,14839695.0,level
1977-12-31,world,NPL,Nepal,14499175.0,level
1976-12-31,world,NPL,Nepal,14177649.0,level
1975-12-31,world,NPL,Nepal,13870695.0,level
1974-12-31,world,NPL,Nepal,13568435.0,level
1973-12-31,world,NPL,Nepal,13275239.0,level
1972-12-31,world,NPL,Nepal,12989099.0,level
1971-12-31,world,NPL,Nepal,12710061.0,level
1970-12-31,world,NPL,Nepal,12436190.0,level
1969-12-31,world,NPL,Nepal,12167036.0,level
1968-12-31,world,NPL,Nepal,11906266.0,level
1967-12-31,world,NPL,Nepal,11652716.0,level
1966-12-31,world,NPL,Nepal,11408710.0,level
1965-12-31,world,NPL,Nepal,11173411.0,level
1964-12-31,world,NPL,Nepal,10946392.0,level
1963-12-31,world,NPL,Nepal,10729818.0,level
1962-12-31,world,NPL,Nepal,10521116.0,level
1961-12-31,world,NPL,Nepal,10318396.0,level
1960-12-31,world,NPL,Nepal,10123658.0,level
2025-12-31,world,NLD,Netherlands,18087633.0,level
2024-12-31,world,NLD,Netherlands,17993485.0,level
2023-12-31,world,NLD,Netherlands,17877117.0,level
2022-12-31,world,NLD,Netherlands,17700982.0,level
2021-12-31,world,NLD,Netherlands,17533044.0,level
2020-12-31,world,NLD,Netherlands,17441500.0,level
2019-12-31,world,NLD,Netherlands,17344874.0,level
2018-12-31,world,NLD,Netherlands,17231624.0,level
2017-12-31,world,NLD,Netherlands,17131296.0,level
2016-12-31,world,NLD,Netherlands,17030314.0,level
2015-12-31,world,NLD,Netherlands,16939923.0,level
2014-12-31,world,NLD,Netherlands,16865008.0,level
2013-12-31,world,NLD,Netherlands,16804432.0,level
2012-12-31,world,NLD,Netherlands,16754962.0,level
2011-12-31,world,NLD,Netherlands,16693074.0,level
2010-12-31,world,NLD,Netherlands,16615394.0,level
2009-12-31,world,NLD,Netherlands,16530388.0,level
2008-12-31,world,NLD,Netherlands,16445593.0,level
2007-12-31,world,NLD,Netherlands,16381696.0,level
2006-12-31,world,NLD,Netherlands,16346101.0,level
2005-12-31,world,NLD,Netherlands,16319868.0,level
2004-12-31,world,NLD,Netherlands,16281779.0,level
2003-12-31,world,NLD,Netherlands,16225302.0,level
2002-12-31,world,NLD,Netherlands,16148929.0,level
2001-12-31,world,NLD,Netherlands,16046180.0,level
2000-12-31,world,NLD,Netherlands,15925513.0,level
1999-12-31,world,NLD,Netherlands,15812088.0,level
1998-12-31,world,NLD,Netherlands,15707209.0,level
1997-12-31,world,NLD,Netherlands,15610650.0,level
1996-12-31,world,NLD,Netherlands,15530498.0,level
1995-12-31,world,NLD,Netherlands,15459006.0,level
1994-12-31,world,NLD,Netherlands,15382838.0,level
1993-12-31,world,NLD,Netherlands,15290368.0,level
1992-12-31,world,NLD,Netherlands,15184166.0,level
1991-12-31,world,NLD,Netherlands,15069798.0,level
1990-12-31,world,NLD,Netherlands,14951510.0,level
1989-12-31,world,NLD,Netherlands,14848907.0,level
1988-12-31,world,NLD,Netherlands,14760094.0,level
1987-12-31,world,NLD,Netherlands,14665037.0,level
1986-12-31,world,NLD,Netherlands,14572278.0,level
1985-12-31,world,NLD,Netherlands,14491632.0,level
1984-12-31,world,NLD,Netherlands,14424211.0,level
1983-12-31,world,NLD,Netherlands,14367070.0,level
1982-12-31,world,NLD,Netherlands,14312690.0,level
1981-12-31,world,NLD,Netherlands,14247208.0,level
1980-12-31,world,NLD,Netherlands,14149800.0,level
1979-12-31,world,NLD,Netherlands,14038270.0,level
1978-12-31,world,NLD,Netherlands,13941700.0,level
1977-12-31,world,NLD,Netherlands,13856185.0,level
1976-12-31,world,NLD,Netherlands,13774037.0,level
1975-12-31,world,NLD,Netherlands,13666335.0,level
1974-12-31,world,NLD,Netherlands,13545056.0,level
1973-12-31,world,NLD,Netherlands,13439322.0,level
1972-12-31,world,NLD,Netherlands,13328593.0,level
1971-12-31,world,NLD,Netherlands,13194497.0,level
1970-12-31,world,NLD,Netherlands,13038526.0,level
1969-12-31,world,NLD,Netherlands,12877984.0,level
1968-12-31,world,NLD,Netherlands,12729721.0,level
1967-12-31,world,NLD,Netherlands,12598201.0,level
1966-12-31,world,NLD,Netherlands,12456251.0,level
1965-12-31,world,NLD,Netherlands,12294732.0,level
1964-12-31,world,NLD,Netherlands,12127120.0,level
1963-12-31,world,NLD,Netherlands,11965966.0,level
1962-12-31,world,NLD,Netherlands,11805689.0,level
1961-12-31,world,NLD,Netherlands,11638712.0,level
1960-12-31,world,NLD,Netherlands,11486631.0,level
2025-12-31,world,NCL,New Caledonia,295333.0,level
2024-12-31,world,NCL,New Caledonia,292639.0,level
2023-12-31,world,NCL,New Caledonia,289870.0,level
2022-12-31,world,NCL,New Caledonia,287123.0,level
2021-12-31,world,NCL,New Caledonia,285214.0,level
2020-12-31,world,NCL,New Caledonia,284176.0,level
2019-12-31,world,NCL,New Caledonia,283606.0,level
2018-12-31,world,NCL,New Caledonia,283541.0,level
2017-12-31,world,NCL,New Caledonia,283546.0,level
2016-12-31,world,NCL,New Caledonia,283423.0,level
2015-12-31,world,NCL,New Caledonia,283168.0,level
2014-12-31,world,NCL,New Caledonia,281224.0,level
2013-12-31,world,NCL,New Caledonia,276822.0,level
2012-12-31,world,NCL,New Caledonia,271633.0,level
2011-12-31,world,NCL,New Caledonia,266543.0,level
2010-12-31,world,NCL,New Caledonia,261582.0,level
2009-12-31,world,NCL,New Caledonia,257250.0,level
2008-12-31,world,NCL,New Caledonia,253825.0,level
2007-12-31,world,NCL,New Caledonia,250725.0,level
2006-12-31,world,NCL,New Caledonia,247547.0,level
2005-12-31,world,NCL,New Caledonia,244381.0,level
2004-12-31,world,NCL,New Caledonia,240852.0,level
2003-12-31,world,NCL,New Caledonia,236678.0,level
2002-12-31,world,NCL,New Caledonia,232236.0,level
2001-12-31,world,NCL,New Caledonia,227707.0,level
2000-12-31,world,NCL,New Caledonia,223098.0,level
1999-12-31,world,NCL,New Caledonia,218527.0,level
1998-12-31,world,NCL,New Caledonia,214047.0,level
1997-12-31,world,NCL,New Caledonia,209560.0,level
1996-12-31,world,NCL,New Caledonia,205034.0,level
1995-12-31,world,NCL,New Caledonia,200379.0,level
1994-12-31,world,NCL,New Caledonia,195614.0,level
1993-12-31,world,NCL,New Caledonia,190857.0,level
1992-12-31,world,NCL,New Caledonia,186072.0,level
1991-12-31,world,NCL,New Caledonia,181238.0,level
1990-12-31,world,NCL,New Caledonia,176456.0,level
1989-12-31,world,NCL,New Caledonia,172029.0,level
1988-12-31,world,NCL,New Caledonia,168502.0,level
1987-12-31,world,NCL,New Caledonia,165650.0,level
1986-12-31,world,NCL,New Caledonia,162898.0,level
1985-12-31,world,NCL,New Caledonia,160234.0,level
1984-12-31,world,NCL,New Caledonia,157583.0,level
1983-12-31,world,NCL,New Caledonia,155003.0,level
1982-12-31,world,NCL,New Caledonia,153001.0,level
1981-12-31,world,NCL,New Caledonia,151441.0,level
1980-12-31,world,NCL,New Caledonia,149817.0,level
1979-12-31,world,NCL,New Caledonia,148132.0,level
1978-12-31,world,NCL,New Caledonia,146392.0,level
1977-12-31,world,NCL,New Caledonia,144599.0,level
1976-12-31,world,NCL,New Caledonia,142091.0,level
1975-12-31,world,NCL,New Caledonia,137462.0,level
1974-12-31,world,NCL,New Caledonia,131452.0,level
1973-12-31,world,NCL,New Caledonia,125585.0,level
1972-12-31,world,NCL,New Caledonia,119931.0,level
1971-12-31,world,NCL,New Caledonia,114514.0,level
1970-12-31,world,NCL,New Caledonia,109338.0,level
1969-12-31,world,NCL,New Caledonia,104849.0,level
1968-12-31,world,NCL,New Caledonia,101441.0,level
1967-12-31,world,NCL,New Caledonia,98587.0,level
1966-12-31,world,NCL,New Caledonia,95820.0,level
1965-12-31,world,NCL,New Caledonia,93159.0,level
1964-12-31,world,NCL,New Caledonia,90602.0,level
1963-12-31,world,NCL,New Caledonia,88050.0,level
1962-12-31,world,NCL,New Caledonia,85334.0,level
1961-12-31,world,NCL,New Caledonia,82521.0,level
1960-12-31,world,NCL,New Caledonia,79819.0,level
2025-12-31,world,NZL,New Zealand,5324700.0,level
2024-12-31,world,NZL,New Zealand,5290000.0,level
2023-12-31,world,NZL,New Zealand,5200000.0,level
2022-12-31,world,NZL,New Zealand,5081700.0,level
2021-12-31,world,NZL,New Zealand,5084600.0,level
2020-12-31,world,NZL,New Zealand,5072400.0,level
2019-12-31,world,NZL,New Zealand,4970300.0,level
2018-12-31,world,NZL,New Zealand,4900600.0,level
2017-12-31,world,NZL,New Zealand,4813600.0,level
2016-12-31,world,NZL,New Zealand,4714100.0,level
2015-12-31,world,NZL,New Zealand,4609400.0,level
2014-12-31,world,NZL,New Zealand,4516500.0,level
2013-12-31,world,NZL,New Zealand,4442100.0,level
2012-12-31,world,NZL,New Zealand,4408100.0,level
2011-12-31,world,NZL,New Zealand,4384000.0,level
2010-12-31,world,NZL,New Zealand,4350700.0,level
2009-12-31,world,NZL,New Zealand,4302600.0,level
2008-12-31,world,NZL,New Zealand,4259800.0,level
2007-12-31,world,NZL,New Zealand,4223800.0,level
2006-12-31,world,NZL,New Zealand,4184600.0,level
2005-12-31,world,NZL,New Zealand,4133900.0,level
2004-12-31,world,NZL,New Zealand,4087500.0,level
2003-12-31,world,NZL,New Zealand,4027200.0,level
2002-12-31,world,NZL,New Zealand,3948500.0,level
2001-12-31,world,NZL,New Zealand,3880500.0,level
2000-12-31,world,NZL,New Zealand,3857700.0,level
1999-12-31,world,NZL,New Zealand,3835100.0,level
1998-12-31,world,NZL,New Zealand,3815000.0,level
1997-12-31,world,NZL,New Zealand,3781300.0,level
1996-12-31,world,NZL,New Zealand,3732000.0,level
1995-12-31,world,NZL,New Zealand,3673400.0,level
1994-12-31,world,NZL,New Zealand,3620000.0,level
1993-12-31,world,NZL,New Zealand,3572200.0,level
1992-12-31,world,NZL,New Zealand,3531700.0,level
1991-12-31,world,NZL,New Zealand,3495100.0,level
1990-12-31,world,NZL,New Zealand,3329800.0,level
1989-12-31,world,NZL,New Zealand,3299200.0,level
1988-12-31,world,NZL,New Zealand,3283400.0,level
1987-12-31,world,NZL,New Zealand,3274400.0,level
1986-12-31,world,NZL,New Zealand,3246300.0,level
1985-12-31,world,NZL,New Zealand,3247100.0,level
1984-12-31,world,NZL,New Zealand,3227100.0,level
1983-12-31,world,NZL,New Zealand,3199300.0,level
1982-12-31,world,NZL,New Zealand,3156100.0,level
1981-12-31,world,NZL,New Zealand,3124900.0,level
1980-12-31,world,NZL,New Zealand,3112900.0,level
1979-12-31,world,NZL,New Zealand,3109000.0,level
1978-12-31,world,NZL,New Zealand,3121200.0,level
1977-12-31,world,NZL,New Zealand,3120200.0,level
1976-12-31,world,NZL,New Zealand,3110500.0,level
1975-12-31,world,NZL,New Zealand,3083100.0,level
1974-12-31,world,NZL,New Zealand,3023700.0,level
1973-12-31,world,NZL,New Zealand,2961300.0,level
1972-12-31,world,NZL,New Zealand,2903900.0,level
1971-12-31,world,NZL,New Zealand,2853000.0,level
1970-12-31,world,NZL,New Zealand,2810700.0,level
1969-12-31,world,NZL,New Zealand,2772800.0,level
1968-12-31,world,NZL,New Zealand,2748100.0,level
1967-12-31,world,NZL,New Zealand,2724100.0,level
1966-12-31,world,NZL,New Zealand,2675900.0,level
1965-12-31,world,NZL,New Zealand,2628400.0,level
1964-12-31,world,NZL,New Zealand,2585400.0,level
1963-12-31,world,NZL,New Zealand,2531800.0,level
1962-12-31,world,NZL,New Zealand,2482000.0,level
1961-12-31,world,NZL,New Zealand,2419700.0,level
1960-12-31,world,NZL,New Zealand,2371800.0,level
2025-12-31,world,NIC,Nicaragua,7007502.0,level
2024-12-31,world,NIC,Nicaragua,6916140.0,level
2023-12-31,world,NIC,Nicaragua,6823613.0,level
2022-12-31,world,NIC,Nicaragua,6730654.0,level
2021-12-31,world,NIC,Nicaragua,6644741.0,level
2020-12-31,world,NIC,Nicaragua,6565267.0,level
2019-12-31,world,NIC,Nicaragua,6483657.0,level
2018-12-31,world,NIC,Nicaragua,6400080.0,level
2017-12-31,world,NIC,Nicaragua,6316231.0,level
2016-12-31,world,NIC,Nicaragua,6232666.0,level
2015-12-31,world,NIC,Nicaragua,6149417.0,level
2014-12-31,world,NIC,Nicaragua,6066492.0,level
2013-12-31,world,NIC,Nicaragua,5983845.0,level
2012-12-31,world,NIC,Nicaragua,5901287.0,level
2011-12-31,world,NIC,Nicaragua,5819051.0,level
2010-12-31,world,NIC,Nicaragua,5737450.0,level
2009-12-31,world,NIC,Nicaragua,5656601.0,level
2008-12-31,world,NIC,Nicaragua,5576593.0,level
2007-12-31,world,NIC,Nicaragua,5497243.0,level
2006-12-31,world,NIC,Nicaragua,5418855.0,level
2005-12-31,world,NIC,Nicaragua,5342105.0,level
2004-12-31,world,NIC,Nicaragua,5272912.0,level
2003-12-31,world,NIC,Nicaragua,5210963.0,level
2002-12-31,world,NIC,Nicaragua,5149909.0,level
2001-12-31,world,NIC,Nicaragua,5087825.0,level
2000-12-31,world,NIC,Nicaragua,5022633.0,level
1999-12-31,world,NIC,Nicaragua,4954018.0,level
1998-12-31,world,NIC,Nicaragua,4883655.0,level
1997-12-31,world,NIC,Nicaragua,4809573.0,level
1996-12-31,world,NIC,Nicaragua,4729974.0,level
1995-12-31,world,NIC,Nicaragua,4642931.0,level
1994-12-31,world,NIC,Nicaragua,4549316.0,level
1993-12-31,world,NIC,Nicaragua,4453732.0,level
1992-12-31,world,NIC,Nicaragua,4357026.0,level
1991-12-31,world,NIC,Nicaragua,4259637.0,level
1990-12-31,world,NIC,Nicaragua,4162559.0,level
1989-12-31,world,NIC,Nicaragua,4066476.0,level
1988-12-31,world,NIC,Nicaragua,3972320.0,level
1987-12-31,world,NIC,Nicaragua,3882164.0,level
1986-12-31,world,NIC,Nicaragua,3794157.0,level
1985-12-31,world,NIC,Nicaragua,3706479.0,level
1984-12-31,world,NIC,Nicaragua,3619104.0,level
1983-12-31,world,NIC,Nicaragua,3530282.0,level
1982-12-31,world,NIC,Nicaragua,3438745.0,level
1981-12-31,world,NIC,Nicaragua,3345674.0,level
1980-12-31,world,NIC,Nicaragua,3252403.0,level
1979-12-31,world,NIC,Nicaragua,3164525.0,level
1978-12-31,world,NIC,Nicaragua,3080314.0,level
1977-12-31,world,NIC,Nicaragua,2992534.0,level
1976-12-31,world,NIC,Nicaragua,2903851.0,level
1975-12-31,world,NIC,Nicaragua,2816943.0,level
1974-12-31,world,NIC,Nicaragua,2732075.0,level
1973-12-31,world,NIC,Nicaragua,2649278.0,level
1972-12-31,world,NIC,Nicaragua,2573578.0,level
1971-12-31,world,NIC,Nicaragua,2499825.0,level
1970-12-31,world,NIC,Nicaragua,2423065.0,level
1969-12-31,world,NIC,Nicaragua,2348398.0,level
1968-12-31,world,NIC,Nicaragua,2275836.0,level
1967-12-31,world,NIC,Nicaragua,2205567.0,level
1966-12-31,world,NIC,Nicaragua,2137820.0,level
1965-12-31,world,NIC,Nicaragua,2072681.0,level
1964-12-31,world,NIC,Nicaragua,2010176.0,level
1963-12-31,world,NIC,Nicaragua,1950159.0,level
1962-12-31,world,NIC,Nicaragua,1892320.0,level
1961-12-31,world,NIC,Nicaragua,1836451.0,level
1960-12-31,world,NIC,Nicaragua,1782370.0,level
2025-12-31,world,NER,Niger,27917831.0,level
2024-12-31,world,NER,Niger,27032412.0,level
2023-12-31,world,NER,Niger,26159867.0,level
2022-12-31,world,NER,Niger,25311973.0,level
2021-12-31,world,NER,Niger,24502140.0,level
2020-12-31,world,NER,Niger,23717613.0,level
2019-12-31,world,NER,Niger,22947757.0,level
2018-12-31,world,NER,Niger,22188069.0,level
2017-12-31,world,NER,Niger,21435446.0,level
2016-12-31,world,NER,Niger,20685753.0,level
2015-12-31,world,NER,Niger,19939498.0,level
2014-12-31,world,NER,Niger,19215909.0,level
2013-12-31,world,NER,Niger,18519898.0,level
2012-12-31,world,NER,Niger,17836769.0,level
2011-12-31,world,NER,Niger,17176283.0,level
2010-12-31,world,NER,Niger,16548835.0,level
2009-12-31,world,NER,Niger,15943675.0,level
2008-12-31,world,NER,Niger,15361915.0,level
2007-12-31,world,NER,Niger,14803610.0,level
2006-12-31,world,NER,Niger,14268581.0,level
2005-12-31,world,NER,Niger,13756192.0,level
2004-12-31,world,NER,Niger,13265836.0,level
2003-12-31,world,NER,Niger,12796984.0,level
2002-12-31,world,NER,Niger,12349144.0,level
2001-12-31,world,NER,Niger,11920647.0,level
2000-12-31,world,NER,Niger,11509630.0,level
1999-12-31,world,NER,Niger,11117411.0,level
1998-12-31,world,NER,Niger,10741413.0,level
1997-12-31,world,NER,Niger,10383969.0,level
1996-12-31,world,NER,Niger,10044852.0,level
1995-12-31,world,NER,Niger,9714529.0,level
1994-12-31,world,NER,Niger,9398258.0,level
1993-12-31,world,NER,Niger,9100789.0,level
1992-12-31,world,NER,Niger,8817633.0,level
1991-12-31,world,NER,Niger,8546900.0,level
1990-12-31,world,NER,Niger,8286059.0,level
1989-12-31,world,NER,Niger,8034780.0,level
1988-12-31,world,NER,Niger,7793748.0,level
1987-12-31,world,NER,Niger,7561150.0,level
1986-12-31,world,NER,Niger,7335811.0,level
1985-12-31,world,NER,Niger,7118457.0,level
1984-12-31,world,NER,Niger,6909971.0,level
1983-12-31,world,NER,Niger,6708644.0,level
1982-12-31,world,NER,Niger,6512732.0,level
1981-12-31,world,NER,Niger,6322006.0,level
1980-12-31,world,NER,Niger,6135971.0,level
1979-12-31,world,NER,Niger,5955556.0,level
1978-12-31,world,NER,Niger,5782932.0,level
1977-12-31,world,NER,Niger,5619716.0,level
1976-12-31,world,NER,Niger,5464962.0,level
1975-12-31,world,NER,Niger,5317019.0,level
1974-12-31,world,NER,Niger,5174953.0,level
1973-12-31,world,NER,Niger,5037865.0,level
1972-12-31,world,NER,Niger,4904845.0,level
1971-12-31,world,NER,Niger,4776225.0,level
1970-12-31,world,NER,Niger,4650275.0,level
1969-12-31,world,NER,Niger,4525725.0,level
1968-12-31,world,NER,Niger,4403637.0,level
1967-12-31,world,NER,Niger,4283590.0,level
1966-12-31,world,NER,Niger,4165544.0,level
1965-12-31,world,NER,Niger,4049695.0,level
1964-12-31,world,NER,Niger,3935814.0,level
1963-12-31,world,NER,Niger,3823873.0,level
1962-12-31,world,NER,Niger,3714520.0,level
1961-12-31,world,NER,Niger,3608162.0,level
1960-12-31,world,NER,Niger,3505050.0,level
2025-12-31,world,NGA,Nigeria,237527782.0,level
2024-12-31,world,NGA,Nigeria,232679478.0,level
2023-12-31,world,NGA,Nigeria,227882945.0,level
2022-12-31,world,NGA,Nigeria,223150896.0,level
2021-12-31,world,NGA,Nigeria,218529286.0,level
2020-12-31,world,NGA,Nigeria,213996181.0,level
2019-12-31,world,NGA,Nigeria,209485641.0,level
2018-12-31,world,NGA,Nigeria,204938755.0,level
2017-12-31,world,NGA,Nigeria,200254579.0,level
2016-12-31,world,NGA,Nigeria,195443700.0,level
2015-12-31,world,NGA,Nigeria,190671878.0,level
2014-12-31,world,NGA,Nigeria,185896915.0,level
2013-12-31,world,NGA,Nigeria,181049443.0,level
2012-12-31,world,NGA,Nigeria,176200625.0,level
2011-12-31,world,NGA,Nigeria,171379598.0,level
2010-12-31,world,NGA,Nigeria,166642886.0,level
2009-12-31,world,NGA,Nigeria,162049464.0,level
2008-12-31,world,NGA,Nigeria,157595014.0,level
2007-12-31,world,NGA,Nigeria,153267261.0,level
2006-12-31,world,NGA,Nigeria,149077334.0,level
2005-12-31,world,NGA,Nigeria,145017253.0,level
2004-12-31,world,NGA,Nigeria,141057045.0,level
2003-12-31,world,NGA,Nigeria,137202644.0,level
2002-12-31,world,NGA,Nigeria,133471989.0,level
2001-12-31,world,NGA,Nigeria,129862595.0,level
2000-12-31,world,NGA,Nigeria,126382494.0,level
1999-12-31,world,NGA,Nigeria,123047320.0,level
1998-12-31,world,NGA,Nigeria,119846254.0,level
1997-12-31,world,NGA,Nigeria,116754792.0,level
1996-12-31,world,NGA,Nigeria,113754779.0,level
1995-12-31,world,NGA,Nigeria,110819428.0,level
1994-12-31,world,NGA,Nigeria,107935714.0,level
1993-12-31,world,NGA,Nigeria,105122069.0,level
1992-12-31,world,NGA,Nigeria,102372770.0,level
1991-12-31,world,NGA,Nigeria,99720162.0,level
1990-12-31,world,NGA,Nigeria,97120925.0,level
1989-12-31,world,NGA,Nigeria,94531014.0,level
1988-12-31,world,NGA,Nigeria,92020090.0,level
1987-12-31,world,NGA,Nigeria,89591716.0,level
1986-12-31,world,NGA,Nigeria,87235953.0,level
1985-12-31,world,NGA,Nigeria,84897973.0,level
1984-12-31,world,NGA,Nigeria,82526443.0,level
1983-12-31,world,NGA,Nigeria,80438260.0,level
1982-12-31,world,NGA,Nigeria,78378701.0,level
1981-12-31,world,NGA,Nigeria,76068103.0,level
1980-12-31,world,NGA,Nigeria,73764641.0,level
1979-12-31,world,NGA,Nigeria,71498242.0,level
1978-12-31,world,NGA,Nigeria,69326532.0,level
1977-12-31,world,NGA,Nigeria,67234590.0,level
1976-12-31,world,NGA,Nigeria,65258009.0,level
1975-12-31,world,NGA,Nigeria,63410815.0,level
1974-12-31,world,NGA,Nigeria,61679144.0,level
1973-12-31,world,NGA,Nigeria,60082139.0,level
1972-12-31,world,NGA,Nigeria,58601748.0,level
1971-12-31,world,NGA,Nigeria,57214684.0,level
1970-12-31,world,NGA,Nigeria,55893838.0,level
1969-12-31,world,NGA,Nigeria,54631914.0,level
1968-12-31,world,NGA,Nigeria,53432783.0,level
1967-12-31,world,NGA,Nigeria,52293065.0,level
1966-12-31,world,NGA,Nigeria,51188234.0,level
1965-12-31,world,NGA,Nigeria,50086764.0,level
1964-12-31,world,NGA,Nigeria,49012016.0,level
1963-12-31,world,NGA,Nigeria,47973575.0,level
1962-12-31,world,NGA,Nigeria,46965292.0,level
1961-12-31,world,NGA,Nigeria,45989310.0,level
1960-12-31,world,NGA,Nigeria,45053782.0,level
2025-12-31,world,MKD,North Macedonia,1820909.0,level
2024-12-31,world,MKD,North Macedonia,1824359.0,level
2023-12-31,world,MKD,North Macedonia,1827816.0,level
2022-12-31,world,MKD,North Macedonia,1831712.0,level
2021-12-31,world,MKD,North Macedonia,1837114.0,level
2020-12-31,world,MKD,North Macedonia,1856124.0,level
2019-12-31,world,MKD,North Macedonia,1876262.0,level
2018-12-31,world,MKD,North Macedonia,1889051.0,level
2017-12-31,world,MKD,North Macedonia,1898657.0,level
2016-12-31,world,MKD,North Macedonia,1906313.0,level
2015-12-31,world,MKD,North Macedonia,1912430.0,level
2014-12-31,world,MKD,North Macedonia,1917557.0,level
2013-12-31,world,MKD,North Macedonia,1922716.0,level
2012-12-31,world,MKD,North Macedonia,1929821.0,level
2011-12-31,world,MKD,North Macedonia,1937398.0,level
2010-12-31,world,MKD,North Macedonia,1946298.0,level
2009-12-31,world,MKD,North Macedonia,1958782.0,level
2008-12-31,world,MKD,North Macedonia,1971493.0,level
2007-12-31,world,MKD,North Macedonia,1982933.0,level
2006-12-31,world,MKD,North Macedonia,1994287.0,level
2005-12-31,world,MKD,North Macedonia,2005330.0,level
2004-12-31,world,MKD,North Macedonia,2016186.0,level
2003-12-31,world,MKD,North Macedonia,2022725.0,level
2002-12-31,world,MKD,North Macedonia,2020157.0,level
2001-12-31,world,MKD,North Macedonia,2034882.0,level
2000-12-31,world,MKD,North Macedonia,2026350.0,level
1999-12-31,world,MKD,North Macedonia,2017142.0,level
1998-12-31,world,MKD,North Macedonia,2007523.0,level
1997-12-31,world,MKD,North Macedonia,1996869.0,level
1996-12-31,world,MKD,North Macedonia,2012553.0,level
1995-12-31,world,MKD,North Macedonia,1998534.0,level
1994-12-31,world,MKD,North Macedonia,1992666.0,level
1993-12-31,world,MKD,North Macedonia,2006854.0,level
1992-12-31,world,MKD,North Macedonia,2032523.0,level
1991-12-31,world,MKD,North Macedonia,2055994.0,level
1990-12-31,world,MKD,North Macedonia,2063689.0,level
1989-12-31,world,MKD,North Macedonia,2055649.0,level
1988-12-31,world,MKD,North Macedonia,2045737.0,level
1987-12-31,world,MKD,North Macedonia,2035157.0,level
1986-12-31,world,MKD,North Macedonia,2024732.0,level
1985-12-31,world,MKD,North Macedonia,2014331.0,level
1984-12-31,world,MKD,North Macedonia,2003399.0,level
1983-12-31,world,MKD,North Macedonia,1991901.0,level
1982-12-31,world,MKD,North Macedonia,1978956.0,level
1981-12-31,world,MKD,North Macedonia,1959065.0,level
1980-12-31,world,MKD,North Macedonia,1933038.0,level
1979-12-31,world,MKD,North Macedonia,1906523.0,level
1978-12-31,world,MKD,North Macedonia,1879847.0,level
1977-12-31,world,MKD,North Macedonia,1853138.0,level
1976-12-31,world,MKD,North Macedonia,1825830.0,level
1975-12-31,world,MKD,North Macedonia,1797972.0,level
1974-12-31,world,MKD,North Macedonia,1770545.0,level
1973-12-31,world,MKD,North Macedonia,1743816.0,level
1972-12-31,world,MKD,North Macedonia,1717395.0,level
1971-12-31,world,MKD,North Macedonia,1691216.0,level
1970-12-31,world,MKD,North Macedonia,1664208.0,level
1969-12-31,world,MKD,North Macedonia,1636345.0,level
1968-12-31,world,MKD,North Macedonia,1608930.0,level
1967-12-31,world,MKD,North Macedonia,1582492.0,level
1966-12-31,world,MKD,North Macedonia,1557349.0,level
1965-12-31,world,MKD,North Macedonia,1533466.0,level
1964-12-31,world,MKD,North Macedonia,1510900.0,level
1963-12-31,world,MKD,North Macedonia,1488737.0,level
1962-12-31,world,MKD,North Macedonia,1471745.0,level
1961-12-31,world,MKD,North Macedonia,1455171.0,level
1960-12-31,world,MKD,North Macedonia,1435059.0,level
2025-12-31,world,MNP,Northern Mariana Islands,43541.0,level
2024-12-31,world,MNP,Northern Mariana Islands,44278.0,level
2023-12-31,world,MNP,Northern Mariana Islands,45143.0,level
2022-12-31,world,MNP,Northern Mariana Islands,46078.0,level
2021-12-31,world,MNP,Northern Mariana Islands,46979.0,level
2020-12-31,world,MNP,Northern Mariana Islands,47528.0,level
2019-12-31,world,MNP,Northern Mariana Islands,48129.0,level
2018-12-31,world,MNP,Northern Mariana Islands,49077.0,level
2017-12-31,world,MNP,Northern Mariana Islands,49959.0,level
2016-12-31,world,MNP,Northern Mariana Islands,50773.0,level
2015-12-31,world,MNP,Northern Mariana Islands,51514.0,level
2014-12-31,world,MNP,Northern Mariana Islands,52178.0,level
2013-12-31,world,MNP,Northern Mariana Islands,52758.0,level
2012-12-31,world,MNP,Northern Mariana Islands,53234.0,level
2011-12-31,world,MNP,Northern Mariana Islands,53608.0,level
2010-12-31,world,MNP,Northern Mariana Islands,54091.0,level
2009-12-31,world,MNP,Northern Mariana Islands,55325.0,level
2008-12-31,world,MNP,Northern Mariana Islands,57150.0,level
2007-12-31,world,MNP,Northern Mariana Islands,58941.0,level
2006-12-31,world,MNP,Northern Mariana Islands,60682.0,level
2005-12-31,world,MNP,Northern Mariana Islands,62354.0,level
2004-12-31,world,MNP,Northern Mariana Islands,63938.0,level
2003-12-31,world,MNP,Northern Mariana Islands,65421.0,level
2002-12-31,world,MNP,Northern Mariana Islands,66778.0,level
2001-12-31,world,MNP,Northern Mariana Islands,67984.0,level
2000-12-31,world,MNP,Northern Mariana Islands,68356.0,level
1999-12-31,world,MNP,Northern Mariana Islands,65916.0,level
1998-12-31,world,MNP,Northern Mariana Islands,61337.0,level
1997-12-31,world,MNP,Northern Mariana Islands,56596.0,level
1996-12-31,world,MNP,Northern Mariana Islands,51706.0,level
1995-12-31,world,MNP,Northern Mariana Islands,48176.0,level
1994-12-31,world,MNP,Northern Mariana Islands,46730.0,level
1993-12-31,world,MNP,Northern Mariana Islands,45952.0,level
1992-12-31,world,MNP,Northern Mariana Islands,45181.0,level
1991-12-31,world,MNP,Northern Mariana Islands,44393.0,level
1990-12-31,world,MNP,Northern Mariana Islands,43342.0,level
1989-12-31,world,MNP,Northern Mariana Islands,41303.0,level
1988-12-31,world,MNP,Northern Mariana Islands,38519.0,level
1987-12-31,world,MNP,Northern Mariana Islands,35736.0,level
1986-12-31,world,MNP,Northern Mariana Islands,32980.0,level
1985-12-31,world,MNP,Northern Mariana Islands,30258.0,level
1984-12-31,world,MNP,Northern Mariana Islands,27575.0,level
1983-12-31,world,MNP,Northern Mariana Islands,24936.0,level
1982-12-31,world,MNP,Northern Mariana Islands,22350.0,level
1981-12-31,world,MNP,Northern Mariana Islands,19826.0,level
1980-12-31,world,MNP,Northern Mariana Islands,17625.0,level
1979-12-31,world,MNP,Northern Mariana Islands,16488.0,level
1978-12-31,world,MNP,Northern Mariana Islands,16130.0,level
1977-12-31,world,MNP,Northern Mariana Islands,15787.0,level
1976-12-31,world,MNP,Northern Mariana Islands,15438.0,level
1975-12-31,world,MNP,Northern Mariana Islands,15065.0,level
1974-12-31,world,MNP,Northern Mariana Islands,14655.0,level
1973-12-31,world,MNP,Northern Mariana Islands,13880.0,level
1972-12-31,world,MNP,Northern Mariana Islands,12636.0,level
1971-12-31,world,MNP,Northern Mariana Islands,11271.0,level
1970-12-31,world,MNP,Northern Mariana Islands,10170.0,level
1969-12-31,world,MNP,Northern Mariana Islands,9989.0,level
1968-12-31,world,MNP,Northern Mariana Islands,10468.0,level
1967-12-31,world,MNP,Northern Mariana Islands,10749.0,level
1966-12-31,world,MNP,Northern Mariana Islands,10612.0,level
1965-12-31,world,MNP,Northern Mariana Islands,10264.0,level
1964-12-31,world,MNP,Northern Mariana Islands,9925.0,level
1963-12-31,world,MNP,Northern Mariana Islands,9595.0,level
1962-12-31,world,MNP,Northern Mariana Islands,9280.0,level
1961-12-31,world,MNP,Northern Mariana Islands,8995.0,level
1960-12-31,world,MNP,Northern Mariana Islands,8736.0,level
2025-12-31,world,NOR,Norway,5610870.0,level
2024-12-31,world,NOR,Norway,5572279.0,level
2023-12-31,world,NOR,Norway,5519601.0,level
2022-12-31,world,NOR,Norway,5457127.0,level
2021-12-31,world,NOR,Norway,5408320.0,level
2020-12-31,world,NOR,Norway,5379475.0,level
2019-12-31,world,NOR,Norway,5347896.0,level
2018-12-31,world,NOR,Norway,5311916.0,level
2017-12-31,world,NOR,Norway,5276968.0,level
2016-12-31,world,NOR,Norway,5234519.0,level
2015-12-31,world,NOR,Norway,5188607.0,level
2014-12-31,world,NOR,Norway,5137232.0,level
2013-12-31,world,NOR,Norway,5079623.0,level
2012-12-31,world,NOR,Norway,5018573.0,level
2011-12-31,world,NOR,Norway,4953088.0,level
2010-12-31,world,NOR,Norway,4889252.0,level
2009-12-31,world,NOR,Norway,4828726.0,level
2008-12-31,world,NOR,Norway,4768212.0,level
2007-12-31,world,NOR,Norway,4709153.0,level
2006-12-31,world,NOR,Norway,4660677.0,level
2005-12-31,world,NOR,Norway,4623291.0,level
2004-12-31,world,NOR,Norway,4591910.0,level
2003-12-31,world,NOR,Norway,4564855.0,level
2002-12-31,world,NOR,Norway,4538159.0,level
2001-12-31,world,NOR,Norway,4513751.0,level
2000-12-31,world,NOR,Norway,4490967.0,level
1999-12-31,world,NOR,Norway,4461913.0,level
1998-12-31,world,NOR,Norway,4431464.0,level
1997-12-31,world,NOR,Norway,4405157.0,level
1996-12-31,world,NOR,Norway,4381336.0,level
1995-12-31,world,NOR,Norway,4359184.0,level
1994-12-31,world,NOR,Norway,4336613.0,level
1993-12-31,world,NOR,Norway,4311991.0,level
1992-12-31,world,NOR,Norway,4286401.0,level
1991-12-31,world,NOR,Norway,4261732.0,level
1990-12-31,world,NOR,Norway,4241473.0,level
1989-12-31,world,NOR,Norway,4226901.0,level
1988-12-31,world,NOR,Norway,4209488.0,level
1987-12-31,world,NOR,Norway,4186905.0,level
1986-12-31,world,NOR,Norway,4167354.0,level
1985-12-31,world,NOR,Norway,4152516.0,level
1984-12-31,world,NOR,Norway,4140099.0,level
1983-12-31,world,NOR,Norway,4128432.0,level
1982-12-31,world,NOR,Norway,4114787.0,level
1981-12-31,world,NOR,Norway,4099702.0,level
1980-12-31,world,NOR,Norway,4085620.0,level
1979-12-31,world,NOR,Norway,4072517.0,level
1978-12-31,world,NOR,Norway,4058671.0,level
1977-12-31,world,NOR,Norway,4043205.0,level
1976-12-31,world,NOR,Norway,4026152.0,level
1975-12-31,world,NOR,Norway,4007313.0,level
1974-12-31,world,NOR,Norway,3985258.0,level
1973-12-31,world,NOR,Norway,3960612.0,level
1972-12-31,world,NOR,Norway,3933004.0,level
1971-12-31,world,NOR,Norway,3903039.0,level
1970-12-31,world,NOR,Norway,3875763.0,level
1969-12-31,world,NOR,Norway,3847707.0,level
1968-12-31,world,NOR,Norway,3816486.0,level
1967-12-31,world,NOR,Norway,3784539.0,level
1966-12-31,world,NOR,Norway,3753012.0,level
1965-12-31,world,NOR,Norway,3723168.0,level
1964-12-31,world,NOR,Norway,3694339.0,level
1963-12-31,world,NOR,Norway,3666537.0,level
1962-12-31,world,NOR,Norway,3638918.0,level
1961-12-31,world,NOR,Norway,3609800.0,level
1960-12-31,world,NOR,Norway,3581239.0,level
2025-12-31,world,OMN,Oman,5494691.0,level
2024-12-31,world,OMN,Oman,5281538.0,level
2023-12-31,world,OMN,Oman,5049269.0,level
2022-12-31,world,OMN,Oman,4730226.0,level
2021-12-31,world,OMN,Oman,4500424.0,level
2020-12-31,world,OMN,Oman,4522497.0,level
2019-12-31,world,OMN,Oman,4591241.0,level
2018-12-31,world,OMN,Oman,4597877.0,level
2017-12-31,world,OMN,Oman,4537396.0,level
2016-12-31,world,OMN,Oman,4390877.0,level
2015-12-31,world,OMN,Oman,4184895.0,level
2014-12-31,world,OMN,Oman,4002439.0,level
2013-12-31,world,OMN,Oman,3833913.0,level
2012-12-31,world,OMN,Oman,3547106.0,level
2011-12-31,world,OMN,Oman,3076763.0,level
2010-12-31,world,OMN,Oman,2757446.0,level
2009-12-31,world,OMN,Oman,2684659.0,level
2008-12-31,world,OMN,Oman,2626529.0,level
2007-12-31,world,OMN,Oman,2570174.0,level
2006-12-31,world,OMN,Oman,2514795.0,level
2005-12-31,world,OMN,Oman,2459802.0,level
2004-12-31,world,OMN,Oman,2404821.0,level
2003-12-31,world,OMN,Oman,2363796.0,level
2002-12-31,world,OMN,Oman,2337140.0,level
2001-12-31,world,OMN,Oman,2310217.0,level
2000-12-31,world,OMN,Oman,2282131.0,level
1999-12-31,world,OMN,Oman,2252909.0,level
1998-12-31,world,OMN,Oman,2222489.0,level
1997-12-31,world,OMN,Oman,2190720.0,level
1996-12-31,world,OMN,Oman,2156926.0,level
1995-12-31,world,OMN,Oman,2120528.0,level
1994-12-31,world,OMN,Oman,2081834.0,level
1993-12-31,world,OMN,Oman,2021675.0,level
1992-12-31,world,OMN,Oman,1938238.0,level
1991-12-31,world,OMN,Oman,1851473.0,level
1990-12-31,world,OMN,Oman,1763954.0,level
1989-12-31,world,OMN,Oman,1676228.0,level
1988-12-31,world,OMN,Oman,1588568.0,level
1987-12-31,world,OMN,Oman,1500996.0,level
1986-12-31,world,OMN,Oman,1413419.0,level
1985-12-31,world,OMN,Oman,1325480.0,level
1984-12-31,world,OMN,Oman,1247716.0,level
1983-12-31,world,OMN,Oman,1181459.0,level
1982-12-31,world,OMN,Oman,1117678.0,level
1981-12-31,world,OMN,Oman,1057320.0,level
1980-12-31,world,OMN,Oman,1001248.0,level
1979-12-31,world,OMN,Oman,949116.0,level
1978-12-31,world,OMN,Oman,900304.0,level
1977-12-31,world,OMN,Oman,855314.0,level
1976-12-31,world,OMN,Oman,814701.0,level
1975-12-31,world,OMN,Oman,778864.0,level
1974-12-31,world,OMN,Oman,746988.0,level
1973-12-31,world,OMN,Oman,721179.0,level
1972-12-31,world,OMN,Oman,700593.0,level
1971-12-31,world,OMN,Oman,681119.0,level
1970-12-31,world,OMN,Oman,662680.0,level
1969-12-31,world,OMN,Oman,645255.0,level
1968-12-31,world,OMN,Oman,628798.0,level
1967-12-31,world,OMN,Oman,613318.0,level
1966-12-31,world,OMN,Oman,598804.0,level
1965-12-31,world,OMN,Oman,585236.0,level
1964-12-31,world,OMN,Oman,572577.0,level
1963-12-31,world,OMN,Oman,560827.0,level
1962-12-31,world,OMN,Oman,549941.0,level
1961-12-31,world,OMN,Oman,539854.0,level
1960-12-31,world,OMN,Oman,530485.0,level
2025-12-31,world,PAK,Pakistan,255219554.0,level
2024-12-31,world,PAK,Pakistan,251269164.0,level
2023-12-31,world,PAK,Pakistan,247504495.0,level
2022-12-31,world,PAK,Pakistan,243700667.0,level
2021-12-31,world,PAK,Pakistan,239477801.0,level
2020-12-31,world,PAK,Pakistan,235001746.0,level
2019-12-31,world,PAK,Pakistan,230800899.0,level
2018-12-31,world,PAK,Pakistan,226928892.0,level
2017-12-31,world,PAK,Pakistan,223273967.0,level
2016-12-31,world,PAK,Pakistan,220138869.0,level
2015-12-31,world,PAK,Pakistan,217290883.0,level
2014-12-31,world,PAK,Pakistan,214264647.0,level
2013-12-31,world,PAK,Pakistan,211073978.0,level
2012-12-31,world,PAK,Pakistan,207667125.0,level
2011-12-31,world,PAK,Pakistan,203746065.0,level
2010-12-31,world,PAK,Pakistan,199239047.0,level
2009-12-31,world,PAK,Pakistan,194376534.0,level
2008-12-31,world,PAK,Pakistan,189499113.0,level
2007-12-31,world,PAK,Pakistan,184493231.0,level
2006-12-31,world,PAK,Pakistan,179682690.0,level
2005-12-31,world,PAK,Pakistan,175453212.0,level
2004-12-31,world,PAK,Pakistan,171286000.0,level
2003-12-31,world,PAK,Pakistan,167110248.0,level
2002-12-31,world,PAK,Pakistan,163222549.0,level
2001-12-31,world,PAK,Pakistan,159270907.0,level
2000-12-31,world,PAK,Pakistan,154879127.0,level
1999-12-31,world,PAK,Pakistan,150565377.0,level
1998-12-31,world,PAK,Pakistan,146522356.0,level
1997-12-31,world,PAK,Pakistan,142531804.0,level
1996-12-31,world,PAK,Pakistan,138557092.0,level
1995-12-31,world,PAK,Pakistan,134582253.0,level
1994-12-31,world,PAK,Pakistan,130748083.0,level
1993-12-31,world,PAK,Pakistan,127020117.0,level
1992-12-31,world,PAK,Pakistan,123546848.0,level
1991-12-31,world,PAK,Pakistan,120060406.0,level
1990-12-31,world,PAK,Pakistan,116155576.0,level
1989-12-31,world,PAK,Pakistan,112336629.0,level
1988-12-31,world,PAK,Pakistan,108724739.0,level
1987-12-31,world,PAK,Pakistan,105130717.0,level
1986-12-31,world,PAK,Pakistan,101606764.0,level
1985-12-31,world,PAK,Pakistan,98229285.0,level
1984-12-31,world,PAK,Pakistan,95164936.0,level
1983-12-31,world,PAK,Pakistan,92227711.0,level
1982-12-31,world,PAK,Pakistan,89089246.0,level
1981-12-31,world,PAK,Pakistan,85802049.0,level
1980-12-31,world,PAK,Pakistan,82291010.0,level
1979-12-31,world,PAK,Pakistan,78997039.0,level
1978-12-31,world,PAK,Pakistan,76307379.0,level
1977-12-31,world,PAK,Pakistan,73901827.0,level
1976-12-31,world,PAK,Pakistan,71620254.0,level
1975-12-31,world,PAK,Pakistan,69461175.0,level
1974-12-31,world,PAK,Pakistan,67415487.0,level
1973-12-31,world,PAK,Pakistan,65461912.0,level
1972-12-31,world,PAK,Pakistan,63583194.0,level
1971-12-31,world,PAK,Pakistan,61847899.0,level
1970-12-31,world,PAK,Pakistan,60166719.0,level
1969-12-31,world,PAK,Pakistan,58460939.0,level
1968-12-31,world,PAK,Pakistan,56810507.0,level
1967-12-31,world,PAK,Pakistan,55214768.0,level
1966-12-31,world,PAK,Pakistan,53678667.0,level
1965-12-31,world,PAK,Pakistan,52209010.0,level
1964-12-31,world,PAK,Pakistan,50799999.0,level
1963-12-31,world,PAK,Pakistan,49447776.0,level
1962-12-31,world,PAK,Pakistan,48156128.0,level
1961-12-31,world,PAK,Pakistan,46921277.0,level
1960-12-31,world,PAK,Pakistan,45709310.0,level
2025-12-31,world,PLW,Palau,17663.0,level
2024-12-31,world,PLW,Palau,17695.0,level
2023-12-31,world,PLW,Palau,17727.0,level
2022-12-31,world,PLW,Palau,17759.0,level
2021-12-31,world,PLW,Palau,17783.0,level
2020-12-31,world,PLW,Palau,17792.0,level
2019-12-31,world,PLW,Palau,17798.0,level
2018-12-31,world,PLW,Palau,17814.0,level
2017-12-31,world,PLW,Palau,17812.0,level
2016-12-31,world,PLW,Palau,17797.0,level
2015-12-31,world,PLW,Palau,17770.0,level
2014-12-31,world,PLW,Palau,17715.0,level
2013-12-31,world,PLW,Palau,17648.0,level
2012-12-31,world,PLW,Palau,17765.0,level
2011-12-31,world,PLW,Palau,18078.0,level
2010-12-31,world,PLW,Palau,18396.0,level
2009-12-31,world,PLW,Palau,18709.0,level
2008-12-31,world,PLW,Palau,19009.0,level
2007-12-31,world,PLW,Palau,19302.0,level
2006-12-31,world,PLW,Palau,19593.0,level
2005-12-31,world,PLW,Palau,19819.0,level
2004-12-31,world,PLW,Palau,19820.0,level
2003-12-31,world,PLW,Palau,19659.0,level
2002-12-31,world,PLW,Palau,19503.0,level
2001-12-31,world,PLW,Palau,19352.0,level
2000-12-31,world,PLW,Palau,19178.0,level
1999-12-31,world,PLW,Palau,18901.0,level
1998-12-31,world,PLW,Palau,18524.0,level
1997-12-31,world,PLW,Palau,18108.0,level
1996-12-31,world,PLW,Palau,17654.0,level
1995-12-31,world,PLW,Palau,17195.0,level
1994-12-31,world,PLW,Palau,16770.0,level
1993-12-31,world,PLW,Palau,16372.0,level
1992-12-31,world,PLW,Palau,15989.0,level
1991-12-31,world,PLW,Palau,15614.0,level
1990-12-31,world,PLW,Palau,15259.0,level
1989-12-31,world,PLW,Palau,14945.0,level
1988-12-31,world,PLW,Palau,14645.0,level
1987-12-31,world,PLW,Palau,14334.0,level
1986-12-31,world,PLW,Palau,14024.0,level
1985-12-31,world,PLW,Palau,13688.0,level
1984-12-31,world,PLW,Palau,13337.0,level
1983-12-31,world,PLW,Palau,13006.0,level
1982-12-31,world,PLW,Palau,12694.0,level
1981-12-31,world,PLW,Palau,12402.0,level
1980-12-31,world,PLW,Palau,12271.0,level
1979-12-31,world,PLW,Palau,12337.0,level
1978-12-31,world,PLW,Palau,12440.0,level
1977-12-31,world,PLW,Palau,12525.0,level
1976-12-31,world,PLW,Palau,12598.0,level
1975-12-31,world,PLW,Palau,12655.0,level
1974-12-31,world,PLW,Palau,12687.0,level
1973-12-31,world,PLW,Palau,12552.0,level
1972-12-31,world,PLW,Palau,12194.0,level
1971-12-31,world,PLW,Palau,11759.0,level
1970-12-31,world,PLW,Palau,11368.0,level
1969-12-31,world,PLW,Palau,11159.0,level
1968-12-31,world,PLW,Palau,11080.0,level
1967-12-31,world,PLW,Palau,10988.0,level
1966-12-31,world,PLW,Palau,10805.0,level
1965-12-31,world,PLW,Palau,10547.0,level
1964-12-31,world,PLW,Palau,10292.0,level
1963-12-31,world,PLW,Palau,10037.0,level
1962-12-31,world,PLW,Palau,9793.0,level
1961-12-31,world,PLW,Palau,9555.0,level
1960-12-31,world,PLW,Palau,9328.0,level
2025-12-31,world,PAN,Panama,4571189.0,level
2024-12-31,world,PAN,Panama,4515577.0,level
2023-12-31,world,PAN,Panama,4458759.0,level
2022-12-31,world,PAN,Panama,4400773.0,level
2021-12-31,world,PAN,Panama,4345405.0,level
2020-12-31,world,PAN,Panama,4293261.0,level
2019-12-31,world,PAN,Panama,4234700.0,level
2018-12-31,world,PAN,Panama,4167860.0,level
2017-12-31,world,PAN,Panama,4098707.0,level
2016-12-31,world,PAN,Panama,4029086.0,level
2015-12-31,world,PAN,Panama,3960035.0,level
2014-12-31,world,PAN,Panama,3892101.0,level
2013-12-31,world,PAN,Panama,3825329.0,level
2012-12-31,world,PAN,Panama,3759256.0,level
2011-12-31,world,PAN,Panama,3693505.0,level
2010-12-31,world,PAN,Panama,3628535.0,level
2009-12-31,world,PAN,Panama,3564381.0,level
2008-12-31,world,PAN,Panama,3500648.0,level
2007-12-31,world,PAN,Panama,3437490.0,level
2006-12-31,world,PAN,Panama,3375024.0,level
2005-12-31,world,PAN,Panama,3313026.0,level
2004-12-31,world,PAN,Panama,3251155.0,level
2003-12-31,world,PAN,Panama,3189807.0,level
2002-12-31,world,PAN,Panama,3129344.0,level
2001-12-31,world,PAN,Panama,3069537.0,level
2000-12-31,world,PAN,Panama,3010369.0,level
1999-12-31,world,PAN,Panama,2951822.0,level
1998-12-31,world,PAN,Panama,2893914.0,level
1997-12-31,world,PAN,Panama,2836695.0,level
1996-12-31,world,PAN,Panama,2780227.0,level
1995-12-31,world,PAN,Panama,2724557.0,level
1994-12-31,world,PAN,Panama,2669546.0,level
1993-12-31,world,PAN,Panama,2615099.0,level
1992-12-31,world,PAN,Panama,2561336.0,level
1991-12-31,world,PAN,Panama,2508265.0,level
1990-12-31,world,PAN,Panama,2455583.0,level
1989-12-31,world,PAN,Panama,2403820.0,level
1988-12-31,world,PAN,Panama,2352848.0,level
1987-12-31,world,PAN,Panama,2301970.0,level
1986-12-31,world,PAN,Panama,2251325.0,level
1985-12-31,world,PAN,Panama,2200915.0,level
1984-12-31,world,PAN,Panama,2150782.0,level
1983-12-31,world,PAN,Panama,2101106.0,level
1982-12-31,world,PAN,Panama,2052271.0,level
1981-12-31,world,PAN,Panama,2004418.0,level
1980-12-31,world,PAN,Panama,1957534.0,level
1979-12-31,world,PAN,Panama,1911552.0,level
1978-12-31,world,PAN,Panama,1866311.0,level
1977-12-31,world,PAN,Panama,1821543.0,level
1976-12-31,world,PAN,Panama,1776935.0,level
1975-12-31,world,PAN,Panama,1732389.0,level
1974-12-31,world,PAN,Panama,1687926.0,level
1973-12-31,world,PAN,Panama,1643690.0,level
1972-12-31,world,PAN,Panama,1599723.0,level
1971-12-31,world,PAN,Panama,1556081.0,level
1970-12-31,world,PAN,Panama,1513070.0,level
1969-12-31,world,PAN,Panama,1470886.0,level
1968-12-31,world,PAN,Panama,1429447.0,level
1967-12-31,world,PAN,Panama,1388628.0,level
1966-12-31,world,PAN,Panama,1348388.0,level
1965-12-31,world,PAN,Panama,1308835.0,level
1964-12-31,world,PAN,Panama,1270065.0,level
1963-12-31,world,PAN,Panama,1232124.0,level
1962-12-31,world,PAN,Panama,1195301.0,level
1961-12-31,world,PAN,Panama,1159870.0,level
1960-12-31,world,PAN,Panama,1126005.0,level
2025-12-31,world,PNG,Papua New Guinea,10762817.0,level
2024-12-31,world,PNG,Papua New Guinea,10576502.0,level
2023-12-31,world,PNG,Papua New Guinea,10389635.0,level
2022-12-31,world,PNG,Papua New Guinea,10203169.0,level
2021-12-31,world,PNG,Papua New Guinea,10012896.0,level
2020-12-31,world,PNG,Papua New Guinea,9815746.0,level
2019-12-31,world,PNG,Papua New Guinea,9609010.0,level
2018-12-31,world,PNG,Papua New Guinea,9394513.0,level
2017-12-31,world,PNG,Papua New Guinea,9178714.0,level
2016-12-31,world,PNG,Papua New Guinea,8961718.0,level
2015-12-31,world,PNG,Papua New Guinea,8743246.0,level
2014-12-31,world,PNG,Papua New Guinea,8523441.0,level
2013-12-31,world,PNG,Papua New Guinea,8302698.0,level
2012-12-31,world,PNG,Papua New Guinea,8081390.0,level
2011-12-31,world,PNG,Papua New Guinea,7859346.0,level
2010-12-31,world,PNG,Papua New Guinea,7633523.0,level
2009-12-31,world,PNG,Papua New Guinea,7406438.0,level
2008-12-31,world,PNG,Papua New Guinea,7183002.0,level
2007-12-31,world,PNG,Papua New Guinea,6963345.0,level
2006-12-31,world,PNG,Papua New Guinea,6747720.0,level
2005-12-31,world,PNG,Papua New Guinea,6535905.0,level
2004-12-31,world,PNG,Papua New Guinea,6328041.0,level
2003-12-31,world,PNG,Papua New Guinea,6123997.0,level
2002-12-31,world,PNG,Papua New Guinea,5924003.0,level
2001-12-31,world,PNG,Papua New Guinea,5728435.0,level
2000-12-31,world,PNG,Papua New Guinea,5537064.0,level
1999-12-31,world,PNG,Papua New Guinea,5349333.0,level
1998-12-31,world,PNG,Papua New Guinea,5166390.0,level
1997-12-31,world,PNG,Papua New Guinea,4987883.0,level
1996-12-31,world,PNG,Papua New Guinea,4813361.0,level
1995-12-31,world,PNG,Papua New Guinea,4644278.0,level
1994-12-31,world,PNG,Papua New Guinea,4480208.0,level
1993-12-31,world,PNG,Papua New Guinea,4320872.0,level
1992-12-31,world,PNG,Papua New Guinea,4166699.0,level
1991-12-31,world,PNG,Papua New Guinea,4021837.0,level
1990-12-31,world,PNG,Papua New Guinea,3896481.0,level
1989-12-31,world,PNG,Papua New Guinea,3796078.0,level
1988-12-31,world,PNG,Papua New Guinea,3711880.0,level
1987-12-31,world,PNG,Papua New Guinea,3632543.0,level
1986-12-31,world,PNG,Papua New Guinea,3554793.0,level
1985-12-31,world,PNG,Papua New Guinea,3478936.0,level
1984-12-31,world,PNG,Papua New Guinea,3405198.0,level
1983-12-31,world,PNG,Papua New Guinea,3333633.0,level
1982-12-31,world,PNG,Papua New Guinea,3264291.0,level
1981-12-31,world,PNG,Papua New Guinea,3197019.0,level
1980-12-31,world,PNG,Papua New Guinea,3131512.0,level
1979-12-31,world,PNG,Papua New Guinea,3067341.0,level
1978-12-31,world,PNG,Papua New Guinea,3003714.0,level
1977-12-31,world,PNG,Papua New Guinea,2940327.0,level
1976-12-31,world,PNG,Papua New Guinea,2877327.0,level
1975-12-31,world,PNG,Papua New Guinea,2814820.0,level
1974-12-31,world,PNG,Papua New Guinea,2752671.0,level
1973-12-31,world,PNG,Papua New Guinea,2690629.0,level
1972-12-31,world,PNG,Papua New Guinea,2628432.0,level
1971-12-31,world,PNG,Papua New Guinea,2566421.0,level
1970-12-31,world,PNG,Papua New Guinea,2505628.0,level
1969-12-31,world,PNG,Papua New Guinea,2446927.0,level
1968-12-31,world,PNG,Papua New Guinea,2390803.0,level
1967-12-31,world,PNG,Papua New Guinea,2337532.0,level
1966-12-31,world,PNG,Papua New Guinea,2285774.0,level
1965-12-31,world,PNG,Papua New Guinea,2235820.0,level
1964-12-31,world,PNG,Papua New Guinea,2188325.0,level
1963-12-31,world,PNG,Papua New Guinea,2141376.0,level
1962-12-31,world,PNG,Papua New Guinea,2093919.0,level
1961-12-31,world,PNG,Papua New Guinea,2046127.0,level
1960-12-31,world,PNG,Papua New Guinea,1995110.0,level
2025-12-31,world,PRY,Paraguay,7013078.0,level
2024-12-31,world,PRY,Paraguay,6929153.0,level
2023-12-31,world,PRY,Paraguay,6844146.0,level
2022-12-31,world,PRY,Paraguay,6760464.0,level
2021-12-31,world,PRY,Paraguay,6684182.0,level
2020-12-31,world,PRY,Paraguay,6603739.0,level
2019-12-31,world,PRY,Paraguay,6515058.0,level
2018-12-31,world,PRY,Paraguay,6427382.0,level
2017-12-31,world,PRY,Paraguay,6338660.0,level
2016-12-31,world,PRY,Paraguay,6249126.0,level
2015-12-31,world,PRY,Paraguay,6159103.0,level
2014-12-31,world,PRY,Paraguay,6069811.0,level
2013-12-31,world,PRY,Paraguay,5982445.0,level
2012-12-31,world,PRY,Paraguay,5897008.0,level
2011-12-31,world,PRY,Paraguay,5814626.0,level
2010-12-31,world,PRY,Paraguay,5737971.0,level
2009-12-31,world,PRY,Paraguay,5671236.0,level
2008-12-31,world,PRY,Paraguay,5613574.0,level
2007-12-31,world,PRY,Paraguay,5559386.0,level
2006-12-31,world,PRY,Paraguay,5505148.0,level
2005-12-31,world,PRY,Paraguay,5448097.0,level
2004-12-31,world,PRY,Paraguay,5388175.0,level
2003-12-31,world,PRY,Paraguay,5326436.0,level
2002-12-31,world,PRY,Paraguay,5261328.0,level
2001-12-31,world,PRY,Paraguay,5187689.0,level
2000-12-31,world,PRY,Paraguay,5100868.0,level
1999-12-31,world,PRY,Paraguay,5003135.0,level
1998-12-31,world,PRY,Paraguay,4900025.0,level
1997-12-31,world,PRY,Paraguay,4794412.0,level
1996-12-31,world,PRY,Paraguay,4687543.0,level
1995-12-31,world,PRY,Paraguay,4579806.0,level
1994-12-31,world,PRY,Paraguay,4471417.0,level
1993-12-31,world,PRY,Paraguay,4362696.0,level
1992-12-31,world,PRY,Paraguay,4253600.0,level
1991-12-31,world,PRY,Paraguay,4144364.0,level
1990-12-31,world,PRY,Paraguay,4035747.0,level
1989-12-31,world,PRY,Paraguay,3927802.0,level
1988-12-31,world,PRY,Paraguay,3820546.0,level
1987-12-31,world,PRY,Paraguay,3714889.0,level
1986-12-31,world,PRY,Paraguay,3611474.0,level
1985-12-31,world,PRY,Paraguay,3510671.0,level
1984-12-31,world,PRY,Paraguay,3412936.0,level
1983-12-31,world,PRY,Paraguay,3318068.0,level
1982-12-31,world,PRY,Paraguay,3226189.0,level
1981-12-31,world,PRY,Paraguay,3137604.0,level
1980-12-31,world,PRY,Paraguay,3053235.0,level
1979-12-31,world,PRY,Paraguay,2973968.0,level
1978-12-31,world,PRY,Paraguay,2899269.0,level
1977-12-31,world,PRY,Paraguay,2827874.0,level
1976-12-31,world,PRY,Paraguay,2758836.0,level
1975-12-31,world,PRY,Paraguay,2691648.0,level
1974-12-31,world,PRY,Paraguay,2625621.0,level
1973-12-31,world,PRY,Paraguay,2561102.0,level
1972-12-31,world,PRY,Paraguay,2499881.0,level
1971-12-31,world,PRY,Paraguay,2442537.0,level
1970-12-31,world,PRY,Paraguay,2388028.0,level
1969-12-31,world,PRY,Paraguay,2334992.0,level
1968-12-31,world,PRY,Paraguay,2282391.0,level
1967-12-31,world,PRY,Paraguay,2229994.0,level
1966-12-31,world,PRY,Paraguay,2177584.0,level
1965-12-31,world,PRY,Paraguay,2125177.0,level
1964-12-31,world,PRY,Paraguay,2073119.0,level
1963-12-31,world,PRY,Paraguay,2021909.0,level
1962-12-31,world,PRY,Paraguay,1973130.0,level
1961-12-31,world,PRY,Paraguay,1927394.0,level
1960-12-31,world,PRY,Paraguay,1883514.0,level
2025-12-31,world,PER,Peru,34576665.0,level
2024-12-31,world,PER,Peru,34217848.0,level
2023-12-31,world,PER,Peru,33845617.0,level
2022-12-31,world,PER,Peru,33475438.0,level
2021-12-31,world,PER,Peru,33155882.0,level
2020-12-31,world,PER,Peru,32838579.0,level
2019-12-31,world,PER,Peru,32449303.0,level
2018-12-31,world,PER,Peru,31897584.0,level
2017-12-31,world,PER,Peru,31324637.0,level
2016-12-31,world,PER,Peru,30866494.0,level
2015-12-31,world,PER,Peru,30457600.0,level
2014-12-31,world,PER,Peru,30115826.0,level
2013-12-31,world,PER,Peru,29817919.0,level
2012-12-31,world,PER,Peru,29550366.0,level
2011-12-31,world,PER,Peru,29304086.0,level
2010-12-31,world,PER,Peru,29086019.0,level
2009-12-31,world,PER,Peru,28896811.0,level
2008-12-31,world,PER,Peru,28719041.0,level
2007-12-31,world,PER,Peru,28530699.0,level
2006-12-31,world,PER,Peru,28324491.0,level
2005-12-31,world,PER,Peru,28101180.0,level
2004-12-31,world,PER,Peru,27852190.0,level
2003-12-31,world,PER,Peru,27580490.0,level
2002-12-31,world,PER,Peru,27288217.0,level
2001-12-31,world,PER,Peru,26964601.0,level
2000-12-31,world,PER,Peru,26598331.0,level
1999-12-31,world,PER,Peru,26186504.0,level
1998-12-31,world,PER,Peru,25738095.0,level
1997-12-31,world,PER,Peru,25274147.0,level
1996-12-31,world,PER,Peru,24811171.0,level
1995-12-31,world,PER,Peru,24348919.0,level
1994-12-31,world,PER,Peru,23881493.0,level
1993-12-31,world,PER,Peru,23413783.0,level
1992-12-31,world,PER,Peru,22946340.0,level
1991-12-31,world,PER,Peru,22483775.0,level
1990-12-31,world,PER,Peru,22014771.0,level
1989-12-31,world,PER,Peru,21532589.0,level
1988-12-31,world,PER,Peru,21054702.0,level
1987-12-31,world,PER,Peru,20582320.0,level
1986-12-31,world,PER,Peru,20117122.0,level
1985-12-31,world,PER,Peru,19648204.0,level
1984-12-31,world,PER,Peru,19174716.0,level
1983-12-31,world,PER,Peru,18705957.0,level
1982-12-31,world,PER,Peru,18246503.0,level
1981-12-31,world,PER,Peru,17798805.0,level
1980-12-31,world,PER,Peru,17360949.0,level
1979-12-31,world,PER,Peru,16933139.0,level
1978-12-31,world,PER,Peru,16516059.0,level
1977-12-31,world,PER,Peru,16109806.0,level
1976-12-31,world,PER,Peru,15716809.0,level
1975-12-31,world,PER,Peru,15333957.0,level
1974-12-31,world,PER,Peru,14956552.0,level
1973-12-31,world,PER,Peru,14582867.0,level
1972-12-31,world,PER,Peru,14210147.0,level
1971-12-31,world,PER,Peru,13838067.0,level
1970-12-31,world,PER,Peru,13501237.0,level
1969-12-31,world,PER,Peru,13166767.0,level
1968-12-31,world,PER,Peru,12803993.0,level
1967-12-31,world,PER,Peru,12448814.0,level
1966-12-31,world,PER,Peru,12101297.0,level
1965-12-31,world,PER,Peru,11761085.0,level
1964-12-31,world,PER,Peru,11427978.0,level
1963-12-31,world,PER,Peru,11102099.0,level
1962-12-31,world,PER,Peru,10784612.0,level
1961-12-31,world,PER,Peru,10475123.0,level
1960-12-31,world,PER,Peru,10174127.0,level
2025-12-31,world,PHL,Philippines,116786962.0,level
2024-12-31,world,PHL,Philippines,115843670.0,level
2023-12-31,world,PHL,Philippines,114891199.0,level
2022-12-31,world,PHL,Philippines,113964338.0,level
2021-12-31,world,PHL,Philippines,113100950.0,level
2020-12-31,world,PHL,Philippines,112081264.0,level
2019-12-31,world,PHL,Philippines,110804683.0,level
2018-12-31,world,PHL,Philippines,109465287.0,level
2017-12-31,world,PHL,Philippines,108119693.0,level
2016-12-31,world,PHL,Philippines,106735719.0,level
2015-12-31,world,PHL,Philippines,105312992.0,level
2014-12-31,world,PHL,Philippines,103767130.0,level
2013-12-31,world,PHL,Philippines,102076336.0,level
2012-12-31,world,PHL,Philippines,100175512.0,level
2011-12-31,world,PHL,Philippines,98248614.0,level
2010-12-31,world,PHL,Philippines,96337125.0,level
2009-12-31,world,PHL,Philippines,94384250.0,level
2008-12-31,world,PHL,Philippines,92699095.0,level
2007-12-31,world,PHL,Philippines,91075184.0,level
2006-12-31,world,PHL,Philippines,89508986.0,level
2005-12-31,world,PHL,Philippines,88015962.0,level
2004-12-31,world,PHL,Philippines,86394504.0,level
2003-12-31,world,PHL,Philippines,84731835.0,level
2002-12-31,world,PHL,Philippines,83068889.0,level
2001-12-31,world,PHL,Philippines,81401488.0,level
2000-12-31,world,PHL,Philippines,79625397.0,level
1999-12-31,world,PHL,Philippines,77753257.0,level
1998-12-31,world,PHL,Philippines,75791024.0,level
1997-12-31,world,PHL,Philippines,73908810.0,level
1996-12-31,world,PHL,Philippines,72190242.0,level
1995-12-31,world,PHL,Philippines,70546246.0,level
1994-12-31,world,PHL,Philippines,69019291.0,level
1993-12-31,world,PHL,Philippines,67530621.0,level
1992-12-31,world,PHL,Philippines,65926125.0,level
1991-12-31,world,PHL,Philippines,64382249.0,level
1990-12-31,world,PHL,Philippines,62854666.0,level
1989-12-31,world,PHL,Philippines,61265260.0,level
1988-12-31,world,PHL,Philippines,59739052.0,level
1987-12-31,world,PHL,Philippines,58157496.0,level
1986-12-31,world,PHL,Philippines,56645077.0,level
1985-12-31,world,PHL,Philippines,55213006.0,level
1984-12-31,world,PHL,Philippines,53726181.0,level
1983-12-31,world,PHL,Philippines,52194620.0,level
1982-12-31,world,PHL,Philippines,50695707.0,level
1981-12-31,world,PHL,Philippines,49311727.0,level
1980-12-31,world,PHL,Philippines,48043740.0,level
1979-12-31,world,PHL,Philippines,46807103.0,level
1978-12-31,world,PHL,Philippines,45575281.0,level
1977-12-31,world,PHL,Philippines,44367962.0,level
1976-12-31,world,PHL,Philippines,43201488.0,level
1975-12-31,world,PHL,Philippines,42120826.0,level
1974-12-31,world,PHL,Philippines,41174341.0,level
1973-12-31,world,PHL,Philippines,40294130.0,level
1972-12-31,world,PHL,Philippines,39408560.0,level
1971-12-31,world,PHL,Philippines,38518659.0,level
1970-12-31,world,PHL,Philippines,37622204.0,level
1969-12-31,world,PHL,Philippines,36660799.0,level
1968-12-31,world,PHL,Philippines,35638342.0,level
1967-12-31,world,PHL,Philippines,34621320.0,level
1966-12-31,world,PHL,Philippines,33617170.0,level
1965-12-31,world,PHL,Philippines,32625316.0,level
1964-12-31,world,PHL,Philippines,31643032.0,level
1963-12-31,world,PHL,Philippines,30674731.0,level
1962-12-31,world,PHL,Philippines,29723536.0,level
1961-12-31,world,PHL,Philippines,28792621.0,level
1960-12-31,world,PHL,Philippines,27891897.0,level
2025-12-31,world,POL,Poland,36435861.0,level
2024-12-31,world,POL,Poland,36559233.0,level
2023-12-31,world,POL,Poland,36687353.0,level
2022-12-31,world,POL,Poland,36821749.0,level
2021-12-31,world,POL,Poland,36981559.0,level
2020-12-31,world,POL,Poland,37515748.0,level
2019-12-31,world,POL,Poland,37965475.0,level
2018-12-31,world,POL,Poland,37974750.0,level
2017-12-31,world,POL,Poland,37974826.0,level
2016-12-31,world,POL,Poland,37970087.0,level
2015-12-31,world,POL,Poland,37986412.0,level
2014-12-31,world,POL,Poland,38011735.0,level
2013-12-31,world,POL,Poland,38040196.0,level
2012-12-31,world,POL,Poland,38063164.0,level
2011-12-31,world,POL,Poland,38063255.0,level
2010-12-31,world,POL,Poland,38042794.0,level
2009-12-31,world,POL,Poland,38151603.0,level
2008-12-31,world,POL,Poland,38125759.0,level
2007-12-31,world,POL,Poland,38120560.0,level
2006-12-31,world,POL,Poland,38141267.0,level
2005-12-31,world,POL,Poland,38165445.0,level
2004-12-31,world,POL,Poland,38182222.0,level
2003-12-31,world,POL,Poland,38204570.0,level
2002-12-31,world,POL,Poland,38230364.0,level
2001-12-31,world,POL,Poland,38248076.0,level
2000-12-31,world,POL,Poland,38258629.0,level
1999-12-31,world,POL,Poland,38660271.0,level
1998-12-31,world,POL,Poland,38663481.0,level
1997-12-31,world,POL,Poland,38649660.0,level
1996-12-31,world,POL,Poland,38624370.0,level
1995-12-31,world,POL,Poland,38594998.0,level
1994-12-31,world,POL,Poland,38542652.0,level
1993-12-31,world,POL,Poland,38461408.0,level
1992-12-31,world,POL,Poland,38363667.0,level
1991-12-31,world,POL,Poland,38246193.0,level
1990-12-31,world,POL,Poland,38110782.0,level
1989-12-31,world,POL,Poland,37961529.0,level
1988-12-31,world,POL,Poland,37824487.0,level
1987-12-31,world,POL,Poland,37668045.0,level
1986-12-31,world,POL,Poland,37456119.0,level
1985-12-31,world,POL,Poland,37201885.0,level
1984-12-31,world,POL,Poland,36904134.0,level
1983-12-31,world,POL,Poland,36571808.0,level
1982-12-31,world,POL,Poland,36230481.0,level
1981-12-31,world,POL,Poland,35898587.0,level
1980-12-31,world,POL,Poland,35574150.0,level
1979-12-31,world,POL,Poland,35247217.0,level
1978-12-31,world,POL,Poland,34965600.0,level
1977-12-31,world,POL,Poland,34689050.0,level
1976-12-31,world,POL,Poland,34356300.0,level
1975-12-31,world,POL,Poland,34015199.0,level
1974-12-31,world,POL,Poland,33678899.0,level
1973-12-31,world,POL,Poland,33357200.0,level
1972-12-31,world,POL,Poland,33055650.0,level
1971-12-31,world,POL,Poland,32783500.0,level
1970-12-31,world,POL,Poland,32664300.0,level
1969-12-31,world,POL,Poland,32548300.0,level
1968-12-31,world,POL,Poland,32294655.0,level
1967-12-31,world,POL,Poland,31987155.0,level
1966-12-31,world,POL,Poland,31681000.0,level
1965-12-31,world,POL,Poland,31444950.0,level
1964-12-31,world,POL,Poland,31139450.0,level
1963-12-31,world,POL,Poland,30712000.0,level
1962-12-31,world,POL,Poland,30308500.0,level
1961-12-31,world,POL,Poland,29964000.0,level
1960-12-31,world,POL,Poland,29637450.0,level
2025-12-31,world,PRT,Portugal,10804871.0,level
2024-12-31,world,PRT,Portugal,10694681.0,level
2023-12-31,world,PRT,Portugal,10578174.0,level
2022-12-31,world,PRT,Portugal,10434332.0,level
2021-12-31,world,PRT,Portugal,10361831.0,level
2020-12-31,world,PRT,Portugal,10297081.0,level
2019-12-31,world,PRT,Portugal,10286263.0,level
2018-12-31,world,PRT,Portugal,10283822.0,level
2017-12-31,world,PRT,Portugal,10300300.0,level
2016-12-31,world,PRT,Portugal,10325452.0,level
2015-12-31,world,PRT,Portugal,10358076.0,level
2014-12-31,world,PRT,Portugal,10401062.0,level
2013-12-31,world,PRT,Portugal,10457295.0,level
2012-12-31,world,PRT,Portugal,10514844.0,level
2011-12-31,world,PRT,Portugal,10557560.0,level
2010-12-31,world,PRT,Portugal,10573100.0,level
2009-12-31,world,PRT,Portugal,10568247.0,level
2008-12-31,world,PRT,Portugal,10558177.0,level
2007-12-31,world,PRT,Portugal,10542964.0,level
2006-12-31,world,PRT,Portugal,10522288.0,level
2005-12-31,world,PRT,Portugal,10503330.0,level
2004-12-31,world,PRT,Portugal,10483861.0,level
2003-12-31,world,PRT,Portugal,10458821.0,level
2002-12-31,world,PRT,Portugal,10419631.0,level
2001-12-31,world,PRT,Portugal,10362722.0,level
2000-12-31,world,PRT,Portugal,10289898.0,level
1999-12-31,world,PRT,Portugal,10217828.0,level
1998-12-31,world,PRT,Portugal,10160196.0,level
1997-12-31,world,PRT,Portugal,10108977.0,level
1996-12-31,world,PRT,Portugal,10063945.0,level
1995-12-31,world,PRT,Portugal,10026176.0,level
1994-12-31,world,PRT,Portugal,9991525.0,level
1993-12-31,world,PRT,Portugal,9964675.0,level
1992-12-31,world,PRT,Portugal,9952494.0,level
1991-12-31,world,PRT,Portugal,9960235.0,level
1990-12-31,world,PRT,Portugal,9983218.0,level
1989-12-31,world,PRT,Portugal,10005000.0,level
1988-12-31,world,PRT,Portugal,10019610.0,level
1987-12-31,world,PRT,Portugal,10030031.0,level
1986-12-31,world,PRT,Portugal,10032734.0,level
1985-12-31,world,PRT,Portugal,10023613.0,level
1984-12-31,world,PRT,Portugal,9996232.0,level
1983-12-31,world,PRT,Portugal,9957865.0,level
1982-12-31,world,PRT,Portugal,9911771.0,level
1981-12-31,world,PRT,Portugal,9851362.0,level
1980-12-31,world,PRT,Portugal,9766312.0,level
1979-12-31,world,PRT,Portugal,9661265.0,level
1978-12-31,world,PRT,Portugal,9558250.0,level
1977-12-31,world,PRT,Portugal,9455675.0,level
1976-12-31,world,PRT,Portugal,9355810.0,level
1975-12-31,world,PRT,Portugal,9093470.0,level
1974-12-31,world,PRT,Portugal,8754365.0,level
1973-12-31,world,PRT,Portugal,8633100.0,level
1972-12-31,world,PRT,Portugal,8630430.0,level
1971-12-31,world,PRT,Portugal,8643756.0,level
1970-12-31,world,PRT,Portugal,8680431.0,level
1969-12-31,world,PRT,Portugal,8757705.0,level
1968-12-31,world,PRT,Portugal,8836650.0,level
1967-12-31,world,PRT,Portugal,8874520.0,level
1966-12-31,world,PRT,Portugal,8930990.0,level
1965-12-31,world,PRT,Portugal,8998595.0,level
1964-12-31,world,PRT,Portugal,9035365.0,level
1963-12-31,world,PRT,Portugal,9030355.0,level
1962-12-31,world,PRT,Portugal,8993985.0,level
1961-12-31,world,PRT,Portugal,8929316.0,level
1960-12-31,world,PRT,Portugal,8857716.0,level
2025-12-31,world,PRI,Puerto Rico (US),3184835.0,level
2024-12-31,world,PRI,Puerto Rico (US),3202521.0,level
2023-12-31,world,PRI,Puerto Rico (US),3203794.0,level
2022-12-31,world,PRI,Puerto Rico (US),3220148.0,level
2021-12-31,world,PRI,Puerto Rico (US),3262731.0,level
2020-12-31,world,PRI,Puerto Rico (US),3281591.0,level
2019-12-31,world,PRI,Puerto Rico (US),3302691.0,level
2018-12-31,world,PRI,Puerto Rico (US),3290690.0,level
2017-12-31,world,PRI,Puerto Rico (US),3410837.0,level
2016-12-31,world,PRI,Puerto Rico (US),3480432.0,level
2015-12-31,world,PRI,Puerto Rico (US),3535167.0,level
2014-12-31,world,PRI,Puerto Rico (US),3585017.0,level
2013-12-31,world,PRI,Puerto Rico (US),3631427.0,level
2012-12-31,world,PRI,Puerto Rico (US),3661045.0,level
2011-12-31,world,PRI,Puerto Rico (US),3693464.0,level
2010-12-31,world,PRI,Puerto Rico (US),3724465.0,level
2009-12-31,world,PRI,Puerto Rico (US),3740410.0,level
2008-12-31,world,PRI,Puerto Rico (US),3760866.0,level
2007-12-31,world,PRI,Puerto Rico (US),3782995.0,level
2006-12-31,world,PRI,Puerto Rico (US),3805214.0,level
2005-12-31,world,PRI,Puerto Rico (US),3821362.0,level
2004-12-31,world,PRI,Puerto Rico (US),3826878.0,level
2003-12-31,world,PRI,Puerto Rico (US),3826095.0,level
2002-12-31,world,PRI,Puerto Rico (US),3823701.0,level
2001-12-31,world,PRI,Puerto Rico (US),3818774.0,level
2000-12-31,world,PRI,Puerto Rico (US),3810605.0,level
1999-12-31,world,PRI,Puerto Rico (US),3800081.0,level
1998-12-31,world,PRI,Puerto Rico (US),3781101.0,level
1997-12-31,world,PRI,Puerto Rico (US),3759430.0,level
1996-12-31,world,PRI,Puerto Rico (US),3724655.0,level
1995-12-31,world,PRI,Puerto Rico (US),3683103.0,level
1994-12-31,world,PRI,Puerto Rico (US),3649237.0,level
1993-12-31,world,PRI,Puerto Rico (US),3615497.0,level
1992-12-31,world,PRI,Puerto Rico (US),3585176.0,level
1991-12-31,world,PRI,Puerto Rico (US),3562110.0,level
1990-12-31,world,PRI,Puerto Rico (US),3537000.0,level
1989-12-31,world,PRI,Puerto Rico (US),3505650.0,level
1988-12-31,world,PRI,Puerto Rico (US),3473898.0,level
1987-12-31,world,PRI,Puerto Rico (US),3441850.0,level
1986-12-31,world,PRI,Puerto Rico (US),3409554.0,level
1985-12-31,world,PRI,Puerto Rico (US),3377000.0,level
1984-12-31,world,PRI,Puerto Rico (US),3344190.0,level
1983-12-31,world,PRI,Puerto Rico (US),3311138.0,level
1982-12-31,world,PRI,Puerto Rico (US),3277453.0,level
1981-12-31,world,PRI,Puerto Rico (US),3242552.0,level
1980-12-31,world,PRI,Puerto Rico (US),3206000.0,level
1979-12-31,world,PRI,Puerto Rico (US),3168088.0,level
1978-12-31,world,PRI,Puerto Rico (US),3129421.0,level
1977-12-31,world,PRI,Puerto Rico (US),3088690.0,level
1976-12-31,world,PRI,Puerto Rico (US),3043854.0,level
1975-12-31,world,PRI,Puerto Rico (US),2994000.0,level
1974-12-31,world,PRI,Puerto Rico (US),2939299.0,level
1973-12-31,world,PRI,Puerto Rico (US),2878786.0,level
1972-12-31,world,PRI,Puerto Rico (US),2817256.0,level
1971-12-31,world,PRI,Puerto Rico (US),2762190.0,level
1970-12-31,world,PRI,Puerto Rico (US),2718000.0,level
1969-12-31,world,PRI,Puerto Rico (US),2684150.0,level
1968-12-31,world,PRI,Puerto Rico (US),2662064.0,level
1967-12-31,world,PRI,Puerto Rico (US),2645674.0,level
1966-12-31,world,PRI,Puerto Rico (US),2624995.0,level
1965-12-31,world,PRI,Puerto Rico (US),2594000.0,level
1964-12-31,world,PRI,Puerto Rico (US),2554066.0,level
1963-12-31,world,PRI,Puerto Rico (US),2504530.0,level
1962-12-31,world,PRI,Puerto Rico (US),2450322.0,level
1961-12-31,world,PRI,Puerto Rico (US),2399722.0,level
1960-12-31,world,PRI,Puerto Rico (US),2358000.0,level
2025-12-31,world,QAT,Qatar,2972215.0,level
2024-12-31,world,QAT,Qatar,2857822.0,level
2023-12-31,world,QAT,Qatar,2656032.0,level
2022-12-31,world,QAT,Qatar,2657333.0,level
2021-12-31,world,QAT,Qatar,2504910.0,level
2020-12-31,world,QAT,Qatar,2794148.0,level
2019-12-31,world,QAT,Qatar,2638657.0,level
2018-12-31,world,QAT,Qatar,2580734.0,level
2017-12-31,world,QAT,Qatar,2545820.0,level
2016-12-31,world,QAT,Qatar,2477113.0,level
2015-12-31,world,QAT,Qatar,2344557.0,level
2014-12-31,world,QAT,Qatar,2151745.0,level
2013-12-31,world,QAT,Qatar,1916426.0,level
2012-12-31,world,QAT,Qatar,1722438.0,level
2011-12-31,world,QAT,Qatar,1624761.0,level
2010-12-31,world,QAT,Qatar,1616832.0,level
2009-12-31,world,QAT,Qatar,1608903.0,level
2008-12-31,world,QAT,Qatar,1426938.0,level
2007-12-31,world,QAT,Qatar,1208595.0,level
2006-12-31,world,QAT,Qatar,972831.0,level
2005-12-31,world,QAT,Qatar,825408.0,level
2004-12-31,world,QAT,Qatar,773332.0,level
2003-12-31,world,QAT,Qatar,744682.0,level
2002-12-31,world,QAT,Qatar,711205.0,level
2001-12-31,world,QAT,Qatar,677925.0,level
2000-12-31,world,QAT,Qatar,644989.0,level
1999-12-31,world,QAT,Qatar,612500.0,level
1998-12-31,world,QAT,Qatar,580540.0,level
1997-12-31,world,QAT,Qatar,550500.0,level
1996-12-31,world,QAT,Qatar,529019.0,level
1995-12-31,world,QAT,Qatar,514325.0,level
1994-12-31,world,QAT,Qatar,499459.0,level
1993-12-31,world,QAT,Qatar,484545.0,level
1992-12-31,world,QAT,Qatar,469657.0,level
1991-12-31,world,QAT,Qatar,454853.0,level
1990-12-31,world,QAT,Qatar,440175.0,level
1989-12-31,world,QAT,Qatar,425646.0,level
1988-12-31,world,QAT,Qatar,411264.0,level
1987-12-31,world,QAT,Qatar,397005.0,level
1986-12-31,world,QAT,Qatar,382422.0,level
1985-12-31,world,QAT,Qatar,365940.0,level
1984-12-31,world,QAT,Qatar,347878.0,level
1983-12-31,world,QAT,Qatar,329709.0,level
1982-12-31,world,QAT,Qatar,311537.0,level
1981-12-31,world,QAT,Qatar,293553.0,level
1980-12-31,world,QAT,Qatar,275913.0,level
1979-12-31,world,QAT,Qatar,258670.0,level
1978-12-31,world,QAT,Qatar,241808.0,level
1977-12-31,world,QAT,Qatar,225285.0,level
1976-12-31,world,QAT,Qatar,209052.0,level
1975-12-31,world,QAT,Qatar,193087.0,level
1974-12-31,world,QAT,Qatar,177362.0,level
1973-12-31,world,QAT,Qatar,161841.0,level
1972-12-31,world,QAT,Qatar,146506.0,level
1971-12-31,world,QAT,Qatar,131346.0,level
1970-12-31,world,QAT,Qatar,116350.0,level
1969-12-31,world,QAT,Qatar,103025.0,level
1968-12-31,world,QAT,Qatar,91749.0,level
1967-12-31,world,QAT,Qatar,81439.0,level
1966-12-31,world,QAT,Qatar,72192.0,level
1965-12-31,world,QAT,Qatar,64065.0,level
1964-12-31,world,QAT,Qatar,56867.0,level
1963-12-31,world,QAT,Qatar,50380.0,level
1962-12-31,world,QAT,Qatar,44630.0,level
1961-12-31,world,QAT,Qatar,39680.0,level
1960-12-31,world,QAT,Qatar,36010.0,level
2025-12-31,world,ROU,Romania,19020271.0,level
2024-12-31,world,ROU,Romania,19051804.0,level
2023-12-31,world,ROU,Romania,19061062.0,level
2022-12-31,world,ROU,Romania,19048502.0,level
2021-12-31,world,ROU,Romania,19122059.0,level
2020-12-31,world,ROU,Romania,19265250.0,level
2019-12-31,world,ROU,Romania,19371648.0,level
2018-12-31,world,ROU,Romania,19473970.0,level
2017-12-31,world,ROU,Romania,19588715.0,level
2016-12-31,world,ROU,Romania,19702267.0,level
2015-12-31,world,ROU,Romania,19815616.0,level
2014-12-31,world,ROU,Romania,19908979.0,level
2013-12-31,world,ROU,Romania,19983693.0,level
2012-12-31,world,ROU,Romania,20058035.0,level
2011-12-31,world,ROU,Romania,20147528.0,level
2010-12-31,world,ROU,Romania,20246871.0,level
2009-12-31,world,ROU,Romania,20367487.0,level
2008-12-31,world,ROU,Romania,20537875.0,level
2007-12-31,world,ROU,Romania,20882982.0,level
2006-12-31,world,ROU,Romania,21193760.0,level
2005-12-31,world,ROU,Romania,21319685.0,level
2004-12-31,world,ROU,Romania,21451748.0,level
2003-12-31,world,ROU,Romania,21574326.0,level
2002-12-31,world,ROU,Romania,21730496.0,level
2001-12-31,world,ROU,Romania,22131970.0,level
2000-12-31,world,ROU,Romania,22442971.0,level
1999-12-31,world,ROU,Romania,22472040.0,level
1998-12-31,world,ROU,Romania,22507344.0,level
1997-12-31,world,ROU,Romania,22553978.0,level
1996-12-31,world,ROU,Romania,22619004.0,level
1995-12-31,world,ROU,Romania,22684270.0,level
1994-12-31,world,ROU,Romania,22730211.0,level
1993-12-31,world,ROU,Romania,22763280.0,level
1992-12-31,world,ROU,Romania,22794284.0,level
1991-12-31,world,ROU,Romania,23001155.0,level
1990-12-31,world,ROU,Romania,23201835.0,level
1989-12-31,world,ROU,Romania,23161458.0,level
1988-12-31,world,ROU,Romania,23057662.0,level
1987-12-31,world,ROU,Romania,22949430.0,level
1986-12-31,world,ROU,Romania,22836841.0,level
1985-12-31,world,ROU,Romania,22732999.0,level
1984-12-31,world,ROU,Romania,22640547.0,level
1983-12-31,world,ROU,Romania,22560478.0,level
1982-12-31,world,ROU,Romania,22475741.0,level
1981-12-31,world,ROU,Romania,22353070.0,level
1980-12-31,world,ROU,Romania,22207282.0,level
1979-12-31,world,ROU,Romania,22090488.0,level
1978-12-31,world,ROU,Romania,21951464.0,level
1977-12-31,world,ROU,Romania,21756096.0,level
1976-12-31,world,ROU,Romania,21551634.0,level
1975-12-31,world,ROU,Romania,21293583.0,level
1974-12-31,world,ROU,Romania,21029429.0,level
1973-12-31,world,ROU,Romania,20835681.0,level
1972-12-31,world,ROU,Romania,20657957.0,level
1971-12-31,world,ROU,Romania,20461567.0,level
1970-12-31,world,ROU,Romania,20250398.0,level
1969-12-31,world,ROU,Romania,20009141.0,level
1968-12-31,world,ROU,Romania,19799831.0,level
1967-12-31,world,ROU,Romania,19534242.0,level
1966-12-31,world,ROU,Romania,19215450.0,level
1965-12-31,world,ROU,Romania,19031576.0,level
1964-12-31,world,ROU,Romania,18919126.0,level
1963-12-31,world,ROU,Romania,18797850.0,level
1962-12-31,world,ROU,Romania,18676550.0,level
1961-12-31,world,ROU,Romania,18555250.0,level
1960-12-31,world,ROU,Romania,18406905.0,level
2025-12-31,world,RUS,Russian Federation,143513328.0,level
2024-12-31,world,RUS,Russian Federation,143669648.0,level
2023-12-31,world,RUS,Russian Federation,143826130.0,level
2022-12-31,world,RUS,Russian Federation,144236933.0,level
2021-12-31,world,RUS,Russian Federation,144746762.0,level
2020-12-31,world,RUS,Russian Federation,145245148.0,level
2019-12-31,world,RUS,Russian Federation,145453291.0,level
2018-12-31,world,RUS,Russian Federation,145398106.0,level
2017-12-31,world,RUS,Russian Federation,145293260.0,level
2016-12-31,world,RUS,Russian Federation,145015460.0,level
2015-12-31,world,RUS,Russian Federation,144640716.0,level
2014-12-31,world,RUS,Russian Federation,144237223.0,level
2013-12-31,world,RUS,Russian Federation,143805638.0,level
2012-12-31,world,RUS,Russian Federation,143378447.0,level
2011-12-31,world,RUS,Russian Federation,143018195.0,level
2010-12-31,world,RUS,Russian Federation,142849468.0,level
2009-12-31,world,RUS,Russian Federation,142785348.0,level
2008-12-31,world,RUS,Russian Federation,142742366.0,level
2007-12-31,world,RUS,Russian Federation,142805114.0,level
2006-12-31,world,RUS,Russian Federation,143049637.0,level
2005-12-31,world,RUS,Russian Federation,143518814.0,level
2004-12-31,world,RUS,Russian Federation,144067316.0,level
2003-12-31,world,RUS,Russian Federation,144648618.0,level
2002-12-31,world,RUS,Russian Federation,145306497.0,level
2001-12-31,world,RUS,Russian Federation,145976482.0,level
2000-12-31,world,RUS,Russian Federation,146596869.0,level
1999-12-31,world,RUS,Russian Federation,147214776.0,level
1998-12-31,world,RUS,Russian Federation,147670784.0,level
1997-12-31,world,RUS,Russian Federation,147915361.0,level
1996-12-31,world,RUS,Russian Federation,148160129.0,level
1995-12-31,world,RUS,Russian Federation,148375787.0,level
1994-12-31,world,RUS,Russian Federation,148407912.0,level
1993-12-31,world,RUS,Russian Federation,148458777.0,level
1992-12-31,world,RUS,Russian Federation,148538197.0,level
1991-12-31,world,RUS,Russian Federation,148394216.0,level
1990-12-31,world,RUS,Russian Federation,147969406.0,level
1989-12-31,world,RUS,Russian Federation,147721000.0,level
1988-12-31,world,RUS,Russian Federation,146857000.0,level
1987-12-31,world,RUS,Russian Federation,145908000.0,level
1986-12-31,world,RUS,Russian Federation,144894000.0,level
1985-12-31,world,RUS,Russian Federation,143858000.0,level
1984-12-31,world,RUS,Russian Federation,142745000.0,level
1983-12-31,world,RUS,Russian Federation,141668000.0,level
1982-12-31,world,RUS,Russian Federation,140823000.0,level
1981-12-31,world,RUS,Russian Federation,139941000.0,level
1980-12-31,world,RUS,Russian Federation,139010000.0,level
1979-12-31,world,RUS,Russian Federation,138027000.0,level
1978-12-31,world,RUS,Russian Federation,137060000.0,level
1977-12-31,world,RUS,Russian Federation,136100000.0,level
1976-12-31,world,RUS,Russian Federation,135147000.0,level
1975-12-31,world,RUS,Russian Federation,134200000.0,level
1974-12-31,world,RUS,Russian Federation,133432000.0,level
1973-12-31,world,RUS,Russian Federation,132669000.0,level
1972-12-31,world,RUS,Russian Federation,131909000.0,level
1971-12-31,world,RUS,Russian Federation,131155000.0,level
1970-12-31,world,RUS,Russian Federation,130404000.0,level
1969-12-31,world,RUS,Russian Federation,129664000.0,level
1968-12-31,world,RUS,Russian Federation,128928000.0,level
1967-12-31,world,RUS,Russian Federation,128196000.0,level
1966-12-31,world,RUS,Russian Federation,127468000.0,level
1965-12-31,world,RUS,Russian Federation,126745000.0,level
1964-12-31,world,RUS,Russian Federation,125345000.0,level
1963-12-31,world,RUS,Russian Federation,123960000.0,level
1962-12-31,world,RUS,Russian Federation,122591000.0,level
1961-12-31,world,RUS,Russian Federation,121236000.0,level
1960-12-31,world,RUS,Russian Federation,119897000.0,level
2025-12-31,world,RWA,Rwanda,14569341.0,level
2024-12-31,world,RWA,Rwanda,14256567.0,level
2023-12-31,world,RWA,Rwanda,13954471.0,level
2022-12-31,world,RWA,Rwanda,13651030.0,level
2021-12-31,world,RWA,Rwanda,13355260.0,level
2020-12-31,world,RWA,Rwanda,13065837.0,level
2019-12-31,world,RWA,Rwanda,12776103.0,level
2018-12-31,world,RWA,Rwanda,12487996.0,level
2017-12-31,world,RWA,Rwanda,12202060.0,level
2016-12-31,world,RWA,Rwanda,11919183.0,level
2015-12-31,world,RWA,Rwanda,11640022.0,level
2014-12-31,world,RWA,Rwanda,11364757.0,level
2013-12-31,world,RWA,Rwanda,11093340.0,level
2012-12-31,world,RWA,Rwanda,10829901.0,level
2011-12-31,world,RWA,Rwanda,10573733.0,level
2010-12-31,world,RWA,Rwanda,10317553.0,level
2009-12-31,world,RWA,Rwanda,10060432.0,level
2008-12-31,world,RWA,Rwanda,9804269.0,level
2007-12-31,world,RWA,Rwanda,9549933.0,level
2006-12-31,world,RWA,Rwanda,9299246.0,level
2005-12-31,world,RWA,Rwanda,9054528.0,level
2004-12-31,world,RWA,Rwanda,8816844.0,level
2003-12-31,world,RWA,Rwanda,8586875.0,level
2002-12-31,world,RWA,Rwanda,8400180.0,level
2001-12-31,world,RWA,Rwanda,8287094.0,level
2000-12-31,world,RWA,Rwanda,8213931.0,level
1999-12-31,world,RWA,Rwanda,8147912.0,level
1998-12-31,world,RWA,Rwanda,8081681.0,level
1997-12-31,world,RWA,Rwanda,7755238.0,level
1996-12-31,world,RWA,Rwanda,6708764.0,level
1995-12-31,world,RWA,Rwanda,5674118.0,level
1994-12-31,world,RWA,Rwanda,6792352.0,level
1993-12-31,world,RWA,Rwanda,7981132.0,level
1992-12-31,world,RWA,Rwanda,7683266.0,level
1991-12-31,world,RWA,Rwanda,7526966.0,level
1990-12-31,world,RWA,Rwanda,7375307.0,level
1989-12-31,world,RWA,Rwanda,7184706.0,level
1988-12-31,world,RWA,Rwanda,6968071.0,level
1987-12-31,world,RWA,Rwanda,6749493.0,level
1986-12-31,world,RWA,Rwanda,6531881.0,level
1985-12-31,world,RWA,Rwanda,6317228.0,level
1984-12-31,world,RWA,Rwanda,6107627.0,level
1983-12-31,world,RWA,Rwanda,5905311.0,level
1982-12-31,world,RWA,Rwanda,5711549.0,level
1981-12-31,world,RWA,Rwanda,5527230.0,level
1980-12-31,world,RWA,Rwanda,5353259.0,level
1979-12-31,world,RWA,Rwanda,5189541.0,level
1978-12-31,world,RWA,Rwanda,5035171.0,level
1977-12-31,world,RWA,Rwanda,4888240.0,level
1976-12-31,world,RWA,Rwanda,4745954.0,level
1975-12-31,world,RWA,Rwanda,4607728.0,level
1974-12-31,world,RWA,Rwanda,4474228.0,level
1973-12-31,world,RWA,Rwanda,4345047.0,level
1972-12-31,world,RWA,Rwanda,4220335.0,level
1971-12-31,world,RWA,Rwanda,4100044.0,level
1970-12-31,world,RWA,Rwanda,3980669.0,level
1969-12-31,world,RWA,Rwanda,3861271.0,level
1968-12-31,world,RWA,Rwanda,3744010.0,level
1967-12-31,world,RWA,Rwanda,3629577.0,level
1966-12-31,world,RWA,Rwanda,3521626.0,level
1965-12-31,world,RWA,Rwanda,3423210.0,level
1964-12-31,world,RWA,Rwanda,3334834.0,level
1963-12-31,world,RWA,Rwanda,3258890.0,level
1962-12-31,world,RWA,Rwanda,3186025.0,level
1961-12-31,world,RWA,Rwanda,3106779.0,level
1960-12-31,world,RWA,Rwanda,3022294.0,level
2025-12-31,world,WSM,Samoa,219306.0,level
2024-12-31,world,WSM,Samoa,218019.0,level
2023-12-31,world,WSM,Samoa,216663.0,level
2022-12-31,world,WSM,Samoa,215261.0,level
2021-12-31,world,WSM,Samoa,213779.0,level
2020-12-31,world,WSM,Samoa,211944.0,level
2019-12-31,world,WSM,Samoa,209780.0,level
2018-12-31,world,WSM,Samoa,207582.0,level
2017-12-31,world,WSM,Samoa,205415.0,level
2016-12-31,world,WSM,Samoa,203499.0,level
2015-12-31,world,WSM,Samoa,201782.0,level
2014-12-31,world,WSM,Samoa,200037.0,level
2013-12-31,world,WSM,Samoa,198268.0,level
2012-12-31,world,WSM,Samoa,196498.0,level
2011-12-31,world,WSM,Samoa,194713.0,level
2010-12-31,world,WSM,Samoa,193023.0,level
2009-12-31,world,WSM,Samoa,191513.0,level
2008-12-31,world,WSM,Samoa,190107.0,level
2007-12-31,world,WSM,Samoa,188753.0,level
2006-12-31,world,WSM,Samoa,187709.0,level
2005-12-31,world,WSM,Samoa,186978.0,level
2004-12-31,world,WSM,Samoa,186249.0,level
2003-12-31,world,WSM,Samoa,185430.0,level
2002-12-31,world,WSM,Samoa,184471.0,level
2001-12-31,world,WSM,Samoa,183166.0,level
2000-12-31,world,WSM,Samoa,181685.0,level
1999-12-31,world,WSM,Samoa,180275.0,level
1998-12-31,world,WSM,Samoa,178905.0,level
1997-12-31,world,WSM,Samoa,177547.0,level
1996-12-31,world,WSM,Samoa,176071.0,level
1995-12-31,world,WSM,Samoa,174571.0,level
1994-12-31,world,WSM,Samoa,173159.0,level
1993-12-31,world,WSM,Samoa,171774.0,level
1992-12-31,world,WSM,Samoa,170331.0,level
1991-12-31,world,WSM,Samoa,169368.0,level
1990-12-31,world,WSM,Samoa,169042.0,level
1989-12-31,world,WSM,Samoa,168768.0,level
1988-12-31,world,WSM,Samoa,168346.0,level
1987-12-31,world,WSM,Samoa,167661.0,level
1986-12-31,world,WSM,Samoa,167061.0,level
1985-12-31,world,WSM,Samoa,166849.0,level
1984-12-31,world,WSM,Samoa,166796.0,level
1983-12-31,world,WSM,Samoa,166714.0,level
1982-12-31,world,WSM,Samoa,166484.0,level
1981-12-31,world,WSM,Samoa,165678.0,level
1980-12-31,world,WSM,Samoa,164322.0,level
1979-12-31,world,WSM,Samoa,162882.0,level
1978-12-31,world,WSM,Samoa,161375.0,level
1977-12-31,world,WSM,Samoa,159753.0,level
1976-12-31,world,WSM,Samoa,157113.0,level
1975-12-31,world,WSM,Samoa,153344.0,level
1974-12-31,world,WSM,Samoa,149431.0,level
1973-12-31,world,WSM,Samoa,146516.0,level
1972-12-31,world,WSM,Samoa,144538.0,level
1971-12-31,world,WSM,Samoa,142503.0,level
1970-12-31,world,WSM,Samoa,140400.0,level
1969-12-31,world,WSM,Samoa,138233.0,level
1968-12-31,world,WSM,Samoa,136020.0,level
1967-12-31,world,WSM,Samoa,133764.0,level
1966-12-31,world,WSM,Samoa,131073.0,level
1965-12-31,world,WSM,Samoa,127978.0,level
1964-12-31,world,WSM,Samoa,124894.0,level
1963-12-31,world,WSM,Samoa,121764.0,level
1962-12-31,world,WSM,Samoa,118597.0,level
1961-12-31,world,WSM,Samoa,115496.0,level
1960-12-31,world,WSM,Samoa,112490.0,level
2025-12-31,world,SMR,San Marino,34109.0,level
2024-12-31,world,SMR,San Marino,33977.0,level
2023-12-31,world,SMR,San Marino,33860.0,level
2022-12-31,world,SMR,San Marino,33755.0,level
2021-12-31,world,SMR,San Marino,34252.0,level
2020-12-31,world,SMR,San Marino,34770.0,level
2019-12-31,world,SMR,San Marino,34663.0,level
2018-12-31,world,SMR,San Marino,34522.0,level
2017-12-31,world,SMR,San Marino,33825.0,level
2016-12-31,world,SMR,San Marino,33101.0,level
2015-12-31,world,SMR,San Marino,32897.0,level
2014-12-31,world,SMR,San Marino,32655.0,level
2013-12-31,world,SMR,San Marino,33041.0,level
2012-12-31,world,SMR,San Marino,33469.0,level
2011-12-31,world,SMR,San Marino,32620.0,level
2010-12-31,world,SMR,San Marino,33270.0,level
2009-12-31,world,SMR,San Marino,33066.0,level
2008-12-31,world,SMR,San Marino,31662.0,level
2007-12-31,world,SMR,San Marino,31211.0,level
2006-12-31,world,SMR,San Marino,30184.0,level
2005-12-31,world,SMR,San Marino,29836.0,level
2004-12-31,world,SMR,San Marino,29457.0,level
2003-12-31,world,SMR,San Marino,27843.0,level
2002-12-31,world,SMR,San Marino,27491.0,level
2001-12-31,world,SMR,San Marino,27143.0,level
2000-12-31,world,SMR,San Marino,26799.0,level
1999-12-31,world,SMR,San Marino,26459.0,level
1998-12-31,world,SMR,San Marino,26125.0,level
1997-12-31,world,SMR,San Marino,25800.0,level
1996-12-31,world,SMR,San Marino,25482.0,level
1995-12-31,world,SMR,San Marino,25158.0,level
1994-12-31,world,SMR,San Marino,24823.0,level
1993-12-31,world,SMR,San Marino,24472.0,level
1992-12-31,world,SMR,San Marino,24125.0,level
1991-12-31,world,SMR,San Marino,23797.0,level
1990-12-31,world,SMR,San Marino,23475.0,level
1989-12-31,world,SMR,San Marino,23154.0,level
1988-12-31,world,SMR,San Marino,22843.0,level
1987-12-31,world,SMR,San Marino,22686.0,level
1986-12-31,world,SMR,San Marino,22636.0,level
1985-12-31,world,SMR,San Marino,22485.0,level
1984-12-31,world,SMR,San Marino,22346.0,level
1983-12-31,world,SMR,San Marino,22229.0,level
1982-12-31,world,SMR,San Marino,22055.0,level
1981-12-31,world,SMR,San Marino,21840.0,level
1980-12-31,world,SMR,San Marino,21585.0,level
1979-12-31,world,SMR,San Marino,21320.0,level
1978-12-31,world,SMR,San Marino,21026.0,level
1977-12-31,world,SMR,San Marino,20017.0,level
1976-12-31,world,SMR,San Marino,19110.0,level
1975-12-31,world,SMR,San Marino,19046.0,level
1974-12-31,world,SMR,San Marino,19030.0,level
1973-12-31,world,SMR,San Marino,18992.0,level
1972-12-31,world,SMR,San Marino,18787.0,level
1971-12-31,world,SMR,San Marino,18419.0,level
1970-12-31,world,SMR,San Marino,18168.0,level
1969-12-31,world,SMR,San Marino,18026.0,level
1968-12-31,world,SMR,San Marino,17861.0,level
1967-12-31,world,SMR,San Marino,17688.0,level
1966-12-31,world,SMR,San Marino,17523.0,level
1965-12-31,world,SMR,San Marino,17305.0,level
1964-12-31,world,SMR,San Marino,16977.0,level
1963-12-31,world,SMR,San Marino,16580.0,level
1962-12-31,world,SMR,San Marino,16183.0,level
1961-12-31,world,SMR,San Marino,15799.0,level
1960-12-31,world,SMR,San Marino,15428.0,level
2025-12-31,world,STP,Sao Tome and Principe,240254.0,level
2024-12-31,world,STP,Sao Tome and Principe,235536.0,level
2023-12-31,world,STP,Sao Tome and Principe,230871.0,level
2022-12-31,world,STP,Sao Tome and Principe,226305.0,level
2021-12-31,world,STP,Sao Tome and Principe,221961.0,level
2020-12-31,world,STP,Sao Tome and Principe,217435.0,level
2019-12-31,world,STP,Sao Tome and Principe,213392.0,level
2018-12-31,world,STP,Sao Tome and Principe,210187.0,level
2017-12-31,world,STP,Sao Tome and Principe,206970.0,level
2016-12-31,world,STP,Sao Tome and Principe,203689.0,level
2015-12-31,world,STP,Sao Tome and Principe,200291.0,level
2014-12-31,world,STP,Sao Tome and Principe,196767.0,level
2013-12-31,world,STP,Sao Tome and Principe,193148.0,level
2012-12-31,world,STP,Sao Tome and Principe,189439.0,level
2011-12-31,world,STP,Sao Tome and Principe,185649.0,level
2010-12-31,world,STP,Sao Tome and Principe,181802.0,level
2009-12-31,world,STP,Sao Tome and Principe,177853.0,level
2008-12-31,world,STP,Sao Tome and Principe,173793.0,level
2007-12-31,world,STP,Sao Tome and Principe,169700.0,level
2006-12-31,world,STP,Sao Tome and Principe,165638.0,level
2005-12-31,world,STP,Sao Tome and Principe,161639.0,level
2004-12-31,world,STP,Sao Tome and Principe,157705.0,level
2003-12-31,world,STP,Sao Tome and Principe,153814.0,level
2002-12-31,world,STP,Sao Tome and Principe,149922.0,level
2001-12-31,world,STP,Sao Tome and Principe,146375.0,level
2000-12-31,world,STP,Sao Tome and Principe,144018.0,level
1999-12-31,world,STP,Sao Tome and Principe,142442.0,level
1998-12-31,world,STP,Sao Tome and Principe,140751.0,level
1997-12-31,world,STP,Sao Tome and Principe,138922.0,level
1996-12-31,world,STP,Sao Tome and Principe,136962.0,level
1995-12-31,world,STP,Sao Tome and Principe,134895.0,level
1994-12-31,world,STP,Sao Tome and Principe,132732.0,level
1993-12-31,world,STP,Sao Tome and Principe,130467.0,level
1992-12-31,world,STP,Sao Tome and Principe,128110.0,level
1991-12-31,world,STP,Sao Tome and Principe,125697.0,level
1990-12-31,world,STP,Sao Tome and Principe,122980.0,level
1989-12-31,world,STP,Sao Tome and Principe,119979.0,level
1988-12-31,world,STP,Sao Tome and Principe,116939.0,level
1987-12-31,world,STP,Sao Tome and Principe,113919.0,level
1986-12-31,world,STP,Sao Tome and Principe,111150.0,level
1985-12-31,world,STP,Sao Tome and Principe,108658.0,level
1984-12-31,world,STP,Sao Tome and Principe,106394.0,level
1983-12-31,world,STP,Sao Tome and Principe,104380.0,level
1982-12-31,world,STP,Sao Tome and Principe,102508.0,level
1981-12-31,world,STP,Sao Tome and Principe,100615.0,level
1980-12-31,world,STP,Sao Tome and Principe,98544.0,level
1979-12-31,world,STP,Sao Tome and Principe,96252.0,level
1978-12-31,world,STP,Sao Tome and Principe,93794.0,level
1977-12-31,world,STP,Sao Tome and Principe,91301.0,level
1976-12-31,world,STP,Sao Tome and Principe,88922.0,level
1975-12-31,world,STP,Sao Tome and Principe,86708.0,level
1974-12-31,world,STP,Sao Tome and Principe,84672.0,level
1973-12-31,world,STP,Sao Tome and Principe,82798.0,level
1972-12-31,world,STP,Sao Tome and Principe,81041.0,level
1971-12-31,world,STP,Sao Tome and Principe,79330.0,level
1970-12-31,world,STP,Sao Tome and Principe,77626.0,level
1969-12-31,world,STP,Sao Tome and Principe,76083.0,level
1968-12-31,world,STP,Sao Tome and Principe,74765.0,level
1967-12-31,world,STP,Sao Tome and Principe,73596.0,level
1966-12-31,world,STP,Sao Tome and Principe,72576.0,level
1965-12-31,world,STP,Sao Tome and Principe,71680.0,level
1964-12-31,world,STP,Sao Tome and Principe,70865.0,level
1963-12-31,world,STP,Sao Tome and Principe,70112.0,level
1962-12-31,world,STP,Sao Tome and Principe,69403.0,level
1961-12-31,world,STP,Sao Tome and Principe,68707.0,level
1960-12-31,world,STP,Sao Tome and Principe,68012.0,level
2025-12-31,world,SAU,Saudi Arabia,36973555.0,level
2024-12-31,world,SAU,Saudi Arabia,35300280.0,level
2023-12-31,world,SAU,Saudi Arabia,33702731.0,level
2022-12-31,world,SAU,Saudi Arabia,32175224.0,level
2021-12-31,world,SAU,Saudi Arabia,30784383.0,level
2020-12-31,world,SAU,Saudi Arabia,31552510.0,level
2019-12-31,world,SAU,Saudi Arabia,30063799.0,level
2018-12-31,world,SAU,Saudi Arabia,30196281.0,level
2017-12-31,world,SAU,Saudi Arabia,30977355.0,level
2016-12-31,world,SAU,Saudi Arabia,30954198.0,level
2015-12-31,world,SAU,Saudi Arabia,29816382.0,level
2014-12-31,world,SAU,Saudi Arabia,28309273.0,level
2013-12-31,world,SAU,Saudi Arabia,27624004.0,level
2012-12-31,world,SAU,Saudi Arabia,26168861.0,level
2011-12-31,world,SAU,Saudi Arabia,25091867.0,level
2010-12-31,world,SAU,Saudi Arabia,23978487.0,level
2009-12-31,world,SAU,Saudi Arabia,24217654.0,level
2008-12-31,world,SAU,Saudi Arabia,23287877.0,level
2007-12-31,world,SAU,Saudi Arabia,22368313.0,level
2006-12-31,world,SAU,Saudi Arabia,21459144.0,level
2005-12-31,world,SAU,Saudi Arabia,20559890.0,level
2004-12-31,world,SAU,Saudi Arabia,19669480.0,level
2003-12-31,world,SAU,Saudi Arabia,18786767.0,level
2002-12-31,world,SAU,Saudi Arabia,17910910.0,level
2001-12-31,world,SAU,Saudi Arabia,17041397.0,level
2000-12-31,world,SAU,Saudi Arabia,16177722.0,level
1999-12-31,world,SAU,Saudi Arabia,15472075.0,level
1998-12-31,world,SAU,Saudi Arabia,14922185.0,level
1997-12-31,world,SAU,Saudi Arabia,14374943.0,level
1996-12-31,world,SAU,Saudi Arabia,13831009.0,level
1995-12-31,world,SAU,Saudi Arabia,13289245.0,level
1994-12-31,world,SAU,Saudi Arabia,12750040.0,level
1993-12-31,world,SAU,Saudi Arabia,12215862.0,level
1992-12-31,world,SAU,Saudi Arabia,11686676.0,level
1991-12-31,world,SAU,Saudi Arabia,11160744.0,level
1990-12-31,world,SAU,Saudi Arabia,10640691.0,level
1989-12-31,world,SAU,Saudi Arabia,10128394.0,level
1988-12-31,world,SAU,Saudi Arabia,9629165.0,level
1987-12-31,world,SAU,Saudi Arabia,9130194.0,level
1986-12-31,world,SAU,Saudi Arabia,8628639.0,level
1985-12-31,world,SAU,Saudi Arabia,8151779.0,level
1984-12-31,world,SAU,Saudi Arabia,7697307.0,level
1983-12-31,world,SAU,Saudi Arabia,7252941.0,level
1982-12-31,world,SAU,Saudi Arabia,6824486.0,level
1981-12-31,world,SAU,Saudi Arabia,6420551.0,level
1980-12-31,world,SAU,Saudi Arabia,6047997.0,level
1979-12-31,world,SAU,Saudi Arabia,5703698.0,level
1978-12-31,world,SAU,Saudi Arabia,5381902.0,level
1977-12-31,world,SAU,Saudi Arabia,5083048.0,level
1976-12-31,world,SAU,Saudi Arabia,4807933.0,level
1975-12-31,world,SAU,Saudi Arabia,4556287.0,level
1974-12-31,world,SAU,Saudi Arabia,4323632.0,level
1973-12-31,world,SAU,Saudi Arabia,4106344.0,level
1972-12-31,world,SAU,Saudi Arabia,3905722.0,level
1971-12-31,world,SAU,Saudi Arabia,3724031.0,level
1970-12-31,world,SAU,Saudi Arabia,3562470.0,level
1969-12-31,world,SAU,Saudi Arabia,3417114.0,level
1968-12-31,world,SAU,Saudi Arabia,3282711.0,level
1967-12-31,world,SAU,Saudi Arabia,3157242.0,level
1966-12-31,world,SAU,Saudi Arabia,3039887.0,level
1965-12-31,world,SAU,Saudi Arabia,2928771.0,level
1964-12-31,world,SAU,Saudi Arabia,2821968.0,level
1963-12-31,world,SAU,Saudi Arabia,2719341.0,level
1962-12-31,world,SAU,Saudi Arabia,2620910.0,level
1961-12-31,world,SAU,Saudi Arabia,2526347.0,level
1960-12-31,world,SAU,Saudi Arabia,2435403.0,level
2025-12-31,world,SEN,Senegal,18931966.0,level
2024-12-31,world,SEN,Senegal,18501984.0,level
2023-12-31,world,SEN,Senegal,18077573.0,level
2022-12-31,world,SEN,Senegal,17651103.0,level
2021-12-31,world,SEN,Senegal,17220867.0,level
2020-12-31,world,SEN,Senegal,16789219.0,level
2019-12-31,world,SEN,Senegal,16352922.0,level
2018-12-31,world,SEN,Senegal,15914498.0,level
2017-12-31,world,SEN,Senegal,15475002.0,level
2016-12-31,world,SEN,Senegal,15034521.0,level
2015-12-31,world,SEN,Senegal,14593331.0,level
2014-12-31,world,SEN,Senegal,14152102.0,level
2013-12-31,world,SEN,Senegal,13710849.0,level
2012-12-31,world,SEN,Senegal,13310495.0,level
2011-12-31,world,SEN,Senegal,12958897.0,level
2010-12-31,world,SEN,Senegal,12635413.0,level
2009-12-31,world,SEN,Senegal,12337389.0,level
2008-12-31,world,SEN,Senegal,12048959.0,level
2007-12-31,world,SEN,Senegal,11770344.0,level
2006-12-31,world,SEN,Senegal,11500094.0,level
2005-12-31,world,SEN,Senegal,11235472.0,level
2004-12-31,world,SEN,Senegal,10975704.0,level
2003-12-31,world,SEN,Senegal,10721176.0,level
2002-12-31,world,SEN,Senegal,10466214.0,level
2001-12-31,world,SEN,Senegal,10212942.0,level
2000-12-31,world,SEN,Senegal,9968260.0,level
1999-12-31,world,SEN,Senegal,9730887.0,level
1998-12-31,world,SEN,Senegal,9502952.0,level
1997-12-31,world,SEN,Senegal,9283495.0,level
1996-12-31,world,SEN,Senegal,9067014.0,level
1995-12-31,world,SEN,Senegal,8848101.0,level
1994-12-31,world,SEN,Senegal,8624078.0,level
1993-12-31,world,SEN,Senegal,8396288.0,level
1992-12-31,world,SEN,Senegal,8168395.0,level
1991-12-31,world,SEN,Senegal,7943085.0,level
1990-12-31,world,SEN,Senegal,7720523.0,level
1989-12-31,world,SEN,Senegal,7502207.0,level
1988-12-31,world,SEN,Senegal,7289618.0,level
1987-12-31,world,SEN,Senegal,7081530.0,level
1986-12-31,world,SEN,Senegal,6878192.0,level
1985-12-31,world,SEN,Senegal,6683287.0,level
1984-12-31,world,SEN,Senegal,6499364.0,level
1983-12-31,world,SEN,Senegal,6324504.0,level
1982-12-31,world,SEN,Senegal,6156961.0,level
1981-12-31,world,SEN,Senegal,5997160.0,level
1980-12-31,world,SEN,Senegal,5845638.0,level
1979-12-31,world,SEN,Senegal,5702895.0,level
1978-12-31,world,SEN,Senegal,5568096.0,level
1977-12-31,world,SEN,Senegal,5439549.0,level
1976-12-31,world,SEN,Senegal,5308564.0,level
1975-12-31,world,SEN,Senegal,5170810.0,level
1974-12-31,world,SEN,Senegal,5029437.0,level
1973-12-31,world,SEN,Senegal,4885181.0,level
1972-12-31,world,SEN,Senegal,4741631.0,level
1971-12-31,world,SEN,Senegal,4601864.0,level
1970-12-31,world,SEN,Senegal,4466328.0,level
1969-12-31,world,SEN,Senegal,4334974.0,level
1968-12-31,world,SEN,Senegal,4207587.0,level
1967-12-31,world,SEN,Senegal,4083870.0,level
1966-12-31,world,SEN,Senegal,3964299.0,level
1965-12-31,world,SEN,Senegal,3849788.0,level
1964-12-31,world,SEN,Senegal,3740535.0,level
1963-12-31,world,SEN,Senegal,3635876.0,level
1962-12-31,world,SEN,Senegal,3534686.0,level
1961-12-31,world,SEN,Senegal,3436375.0,level
1960-12-31,world,SEN,Senegal,3340907.0,level
2025-12-31,world,SRB,Serbia,6549143.0,level
2024-12-31,world,SRB,Serbia,6586476.0,level
2023-12-31,world,SRB,Serbia,6623183.0,level
2022-12-31,world,SRB,Serbia,6664449.0,level
2021-12-31,world,SRB,Serbia,6834326.0,level
2020-12-31,world,SRB,Serbia,6899126.0,level
2019-12-31,world,SRB,Serbia,6945235.0,level
2018-12-31,world,SRB,Serbia,6982604.0,level
2017-12-31,world,SRB,Serbia,7020858.0,level
2016-12-31,world,SRB,Serbia,7058322.0,level
2015-12-31,world,SRB,Serbia,7095383.0,level
2014-12-31,world,SRB,Serbia,7131787.0,level
2013-12-31,world,SRB,Serbia,7166553.0,level
2012-12-31,world,SRB,Serbia,7201497.0,level
2011-12-31,world,SRB,Serbia,7236519.0,level
2010-12-31,world,SRB,Serbia,7291436.0,level
2009-12-31,world,SRB,Serbia,7320807.0,level
2008-12-31,world,SRB,Serbia,7350222.0,level
2007-12-31,world,SRB,Serbia,7381579.0,level
2006-12-31,world,SRB,Serbia,7411569.0,level
2005-12-31,world,SRB,Serbia,7440769.0,level
2004-12-31,world,SRB,Serbia,7463157.0,level
2003-12-31,world,SRB,Serbia,7480591.0,level
2002-12-31,world,SRB,Serbia,7500031.0,level
2001-12-31,world,SRB,Serbia,7503433.0,level
2000-12-31,world,SRB,Serbia,7516346.0,level
1999-12-31,world,SRB,Serbia,7540401.0,level
1998-12-31,world,SRB,Serbia,7567745.0,level
1997-12-31,world,SRB,Serbia,7598538.0,level
1996-12-31,world,SRB,Serbia,7622185.0,level
1995-12-31,world,SRB,Serbia,7628264.0,level
1994-12-31,world,SRB,Serbia,7622711.0,level
1993-12-31,world,SRB,Serbia,7614328.0,level
1992-12-31,world,SRB,Serbia,7604063.0,level
1991-12-31,world,SRB,Serbia,7595636.0,level
1990-12-31,world,SRB,Serbia,7897937.0,level
1989-12-31,world,SRB,Serbia,7893787.0,level
1988-12-31,world,SRB,Serbia,7884218.0,level
1987-12-31,world,SRB,Serbia,7868027.0,level
1986-12-31,world,SRB,Serbia,7853824.0,level
1985-12-31,world,SRB,Serbia,7835902.0,level
1984-12-31,world,SRB,Serbia,7813549.0,level
1983-12-31,world,SRB,Serbia,7788100.0,level
1982-12-31,world,SRB,Serbia,7763335.0,level
1981-12-31,world,SRB,Serbia,7736787.0,level
1980-12-31,world,SRB,Serbia,7709544.0,level
1979-12-31,world,SRB,Serbia,7541997.0,level
1978-12-31,world,SRB,Serbia,7504017.0,level
1977-12-31,world,SRB,Serbia,7462783.0,level
1976-12-31,world,SRB,Serbia,7418973.0,level
1975-12-31,world,SRB,Serbia,7368717.0,level
1974-12-31,world,SRB,Serbia,7326043.0,level
1973-12-31,world,SRB,Serbia,7283902.0,level
1972-12-31,world,SRB,Serbia,7252012.0,level
1971-12-31,world,SRB,Serbia,7211716.0,level
1970-12-31,world,SRB,Serbia,7164993.0,level
1969-12-31,world,SRB,Serbia,7123249.0,level
1968-12-31,world,SRB,Serbia,7007586.0,level
1967-12-31,world,SRB,Serbia,6966522.0,level
1966-12-31,world,SRB,Serbia,6927969.0,level
1965-12-31,world,SRB,Serbia,6876624.0,level
1964-12-31,world,SRB,Serbia,6832855.0,level
1963-12-31,world,SRB,Serbia,6787950.0,level
1962-12-31,world,SRB,Serbia,6740264.0,level
1961-12-31,world,SRB,Serbia,6689077.0,level
1960-12-31,world,SRB,Serbia,6638992.0,level
2025-12-31,world,SYC,Seychelles,122730.0,level
2024-12-31,world,SYC,Seychelles,121354.0,level
2023-12-31,world,SYC,Seychelles,119773.0,level
2022-12-31,world,SYC,Seychelles,119878.0,level
2021-12-31,world,SYC,Seychelles,99258.0,level
2020-12-31,world,SYC,Seychelles,98462.0,level
2019-12-31,world,SYC,Seychelles,97625.0,level
2018-12-31,world,SYC,Seychelles,96762.0,level
2017-12-31,world,SYC,Seychelles,95843.0,level
2016-12-31,world,SYC,Seychelles,94677.0,level
2015-12-31,world,SYC,Seychelles,93419.0,level
2014-12-31,world,SYC,Seychelles,91359.0,level
2013-12-31,world,SYC,Seychelles,89949.0,level
2012-12-31,world,SYC,Seychelles,88303.0,level
2011-12-31,world,SYC,Seychelles,87441.0,level
2010-12-31,world,SYC,Seychelles,89770.0,level
2009-12-31,world,SYC,Seychelles,87298.0,level
2008-12-31,world,SYC,Seychelles,86956.0,level
2007-12-31,world,SYC,Seychelles,85033.0,level
2006-12-31,world,SYC,Seychelles,84600.0,level
2005-12-31,world,SYC,Seychelles,82858.0,level
2004-12-31,world,SYC,Seychelles,82475.0,level
2003-12-31,world,SYC,Seychelles,82781.0,level
2002-12-31,world,SYC,Seychelles,83723.0,level
2001-12-31,world,SYC,Seychelles,81202.0,level
2000-12-31,world,SYC,Seychelles,81131.0,level
1999-12-31,world,SYC,Seychelles,80410.0,level
1998-12-31,world,SYC,Seychelles,78846.0,level
1997-12-31,world,SYC,Seychelles,77319.0,level
1996-12-31,world,SYC,Seychelles,76417.0,level
1995-12-31,world,SYC,Seychelles,75304.0,level
1994-12-31,world,SYC,Seychelles,74205.0,level
1993-12-31,world,SYC,Seychelles,72253.0,level
1992-12-31,world,SYC,Seychelles,70763.0,level
1991-12-31,world,SYC,Seychelles,70439.0,level
1990-12-31,world,SYC,Seychelles,69507.0,level
1989-12-31,world,SYC,Seychelles,69167.0,level
1988-12-31,world,SYC,Seychelles,68755.0,level
1987-12-31,world,SYC,Seychelles,68499.0,level
1986-12-31,world,SYC,Seychelles,65652.0,level
1985-12-31,world,SYC,Seychelles,65244.0,level
1984-12-31,world,SYC,Seychelles,64717.0,level
1983-12-31,world,SYC,Seychelles,64335.0,level
1982-12-31,world,SYC,Seychelles,64413.0,level
1981-12-31,world,SYC,Seychelles,64035.0,level
1980-12-31,world,SYC,Seychelles,63261.0,level
1979-12-31,world,SYC,Seychelles,62686.0,level
1978-12-31,world,SYC,Seychelles,62150.0,level
1977-12-31,world,SYC,Seychelles,61786.0,level
1976-12-31,world,SYC,Seychelles,60504.0,level
1975-12-31,world,SYC,Seychelles,59292.0,level
1974-12-31,world,SYC,Seychelles,57937.0,level
1973-12-31,world,SYC,Seychelles,56892.0,level
1972-12-31,world,SYC,Seychelles,56029.0,level
1971-12-31,world,SYC,Seychelles,54695.0,level
1970-12-31,world,SYC,Seychelles,53600.0,level
1969-12-31,world,SYC,Seychelles,52365.0,level
1968-12-31,world,SYC,Seychelles,51134.0,level
1967-12-31,world,SYC,Seychelles,49911.0,level
1966-12-31,world,SYC,Seychelles,48699.0,level
1965-12-31,world,SYC,Seychelles,47500.0,level
1964-12-31,world,SYC,Seychelles,46322.0,level
1963-12-31,world,SYC,Seychelles,45176.0,level
1962-12-31,world,SYC,Seychelles,44042.0,level
1961-12-31,world,SYC,Seychelles,42889.0,level
1960-12-31,world,SYC,Seychelles,41700.0,level
2025-12-31,world,SLE,Sierra Leone,8819794.0,level
2024-12-31,world,SLE,Sierra Leone,8642022.0,level
2023-12-31,world,SLE,Sierra Leone,8460512.0,level
2022-12-31,world,SLE,Sierra Leone,8276807.0,level
2021-12-31,world,SLE,Sierra Leone,8094602.0,level
2020-12-31,world,SLE,Sierra Leone,7912558.0,level
2019-12-31,world,SLE,Sierra Leone,7731991.0,level
2018-12-31,world,SLE,Sierra Leone,7554563.0,level
2017-12-31,world,SLE,Sierra Leone,7379299.0,level
2016-12-31,world,SLE,Sierra Leone,7205328.0,level
2015-12-31,world,SLE,Sierra Leone,7037655.0,level
2014-12-31,world,SLE,Sierra Leone,6876385.0,level
2013-12-31,world,SLE,Sierra Leone,6714051.0,level
2012-12-31,world,SLE,Sierra Leone,6551080.0,level
2011-12-31,world,SLE,Sierra Leone,6387251.0,level
2010-12-31,world,SLE,Sierra Leone,6222714.0,level
2009-12-31,world,SLE,Sierra Leone,6055646.0,level
2008-12-31,world,SLE,Sierra Leone,5894722.0,level
2007-12-31,world,SLE,Sierra Leone,5749352.0,level
2006-12-31,world,SLE,Sierra Leone,5624466.0,level
2005-12-31,world,SLE,Sierra Leone,5501712.0,level
2004-12-31,world,SLE,Sierra Leone,5355717.0,level
2003-12-31,world,SLE,Sierra Leone,5177687.0,level
2002-12-31,world,SLE,Sierra Leone,4971435.0,level
2001-12-31,world,SLE,Sierra Leone,4692716.0,level
2000-12-31,world,SLE,Sierra Leone,4423611.0,level
1999-12-31,world,SLE,Sierra Leone,4318043.0,level
1998-12-31,world,SLE,Sierra Leone,4295785.0,level
1997-12-31,world,SLE,Sierra Leone,4253716.0,level
1996-12-31,world,SLE,Sierra Leone,4199210.0,level
1995-12-31,world,SLE,Sierra Leone,4179179.0,level
1994-12-31,world,SLE,Sierra Leone,4173105.0,level
1993-12-31,world,SLE,Sierra Leone,4157130.0,level
1992-12-31,world,SLE,Sierra Leone,4166366.0,level
1991-12-31,world,SLE,Sierra Leone,4246267.0,level
1990-12-31,world,SLE,Sierra Leone,4196828.0,level
1989-12-31,world,SLE,Sierra Leone,4034037.0,level
1988-12-31,world,SLE,Sierra Leone,3934517.0,level
1987-12-31,world,SLE,Sierra Leone,3829718.0,level
1986-12-31,world,SLE,Sierra Leone,3728380.0,level
1985-12-31,world,SLE,Sierra Leone,3638438.0,level
1984-12-31,world,SLE,Sierra Leone,3558758.0,level
1983-12-31,world,SLE,Sierra Leone,3481646.0,level
1982-12-31,world,SLE,Sierra Leone,3408183.0,level
1981-12-31,world,SLE,Sierra Leone,3338940.0,level
1980-12-31,world,SLE,Sierra Leone,3272089.0,level
1979-12-31,world,SLE,Sierra Leone,3207499.0,level
1978-12-31,world,SLE,Sierra Leone,3145517.0,level
1977-12-31,world,SLE,Sierra Leone,3085354.0,level
1976-12-31,world,SLE,Sierra Leone,3028820.0,level
1975-12-31,world,SLE,Sierra Leone,2974657.0,level
1974-12-31,world,SLE,Sierra Leone,2920459.0,level
1973-12-31,world,SLE,Sierra Leone,2866955.0,level
1972-12-31,world,SLE,Sierra Leone,2814388.0,level
1971-12-31,world,SLE,Sierra Leone,2763222.0,level
1970-12-31,world,SLE,Sierra Leone,2712286.0,level
1969-12-31,world,SLE,Sierra Leone,2661365.0,level
1968-12-31,world,SLE,Sierra Leone,2611532.0,level
1967-12-31,world,SLE,Sierra Leone,2562384.0,level
1966-12-31,world,SLE,Sierra Leone,2514638.0,level
1965-12-31,world,SLE,Sierra Leone,2468666.0,level
1964-12-31,world,SLE,Sierra Leone,2424390.0,level
1963-12-31,world,SLE,Sierra Leone,2382258.0,level
1962-12-31,world,SLE,Sierra Leone,2342242.0,level
1961-12-31,world,SLE,Sierra Leone,2304227.0,level
1960-12-31,world,SLE,Sierra Leone,2268356.0,level
2025-12-31,world,SGP,Singapore,6111175.0,level
2024-12-31,world,SGP,Singapore,6036860.0,level
2023-12-31,world,SGP,Singapore,5917648.0,level
2022-12-31,world,SGP,Singapore,5637022.0,level
2021-12-31,world,SGP,Singapore,5453566.0,level
2020-12-31,world,SGP,Singapore,5685807.0,level
2019-12-31,world,SGP,Singapore,5703569.0,level
2018-12-31,world,SGP,Singapore,5638676.0,level
2017-12-31,world,SGP,Singapore,5612253.0,level
2016-12-31,world,SGP,Singapore,5607283.0,level
2015-12-31,world,SGP,Singapore,5535002.0,level
2014-12-31,world,SGP,Singapore,5469724.0,level
2013-12-31,world,SGP,Singapore,5399162.0,level
2012-12-31,world,SGP,Singapore,5312437.0,level
2011-12-31,world,SGP,Singapore,5183688.0,level
2010-12-31,world,SGP,Singapore,5076732.0,level
2009-12-31,world,SGP,Singapore,4987573.0,level
2008-12-31,world,SGP,Singapore,4839396.0,level
2007-12-31,world,SGP,Singapore,4588599.0,level
2006-12-31,world,SGP,Singapore,4401365.0,level
2005-12-31,world,SGP,Singapore,4265762.0,level
2004-12-31,world,SGP,Singapore,4166664.0,level
2003-12-31,world,SGP,Singapore,4114826.0,level
2002-12-31,world,SGP,Singapore,4175950.0,level
2001-12-31,world,SGP,Singapore,4138012.0,level
2000-12-31,world,SGP,Singapore,4027887.0,level
1999-12-31,world,SGP,Singapore,3958723.0,level
1998-12-31,world,SGP,Singapore,3927213.0,level
1997-12-31,world,SGP,Singapore,3796038.0,level
1996-12-31,world,SGP,Singapore,3670704.0,level
1995-12-31,world,SGP,Singapore,3524506.0,level
1994-12-31,world,SGP,Singapore,3419048.0,level
1993-12-31,world,SGP,Singapore,3313471.0,level
1992-12-31,world,SGP,Singapore,3230698.0,level
1991-12-31,world,SGP,Singapore,3135083.0,level
1990-12-31,world,SGP,Singapore,3047132.0,level
1989-12-31,world,SGP,Singapore,2930901.0,level
1988-12-31,world,SGP,Singapore,2846108.0,level
1987-12-31,world,SGP,Singapore,2774789.0,level
1986-12-31,world,SGP,Singapore,2733373.0,level
1985-12-31,world,SGP,Singapore,2735957.0,level
1984-12-31,world,SGP,Singapore,2732221.0,level
1983-12-31,world,SGP,Singapore,2681061.0,level
1982-12-31,world,SGP,Singapore,2646466.0,level
1981-12-31,world,SGP,Singapore,2532835.0,level
1980-12-31,world,SGP,Singapore,2413945.0,level
1979-12-31,world,SGP,Singapore,2383500.0,level
1978-12-31,world,SGP,Singapore,2353600.0,level
1977-12-31,world,SGP,Singapore,2325300.0,level
1976-12-31,world,SGP,Singapore,2293300.0,level
1975-12-31,world,SGP,Singapore,2262600.0,level
1974-12-31,world,SGP,Singapore,2229800.0,level
1973-12-31,world,SGP,Singapore,2193000.0,level
1972-12-31,world,SGP,Singapore,2152400.0,level
1971-12-31,world,SGP,Singapore,2112900.0,level
1970-12-31,world,SGP,Singapore,2074507.0,level
1969-12-31,world,SGP,Singapore,2042500.0,level
1968-12-31,world,SGP,Singapore,2012000.0,level
1967-12-31,world,SGP,Singapore,1977600.0,level
1966-12-31,world,SGP,Singapore,1934400.0,level
1965-12-31,world,SGP,Singapore,1886900.0,level
1964-12-31,world,SGP,Singapore,1841600.0,level
1963-12-31,world,SGP,Singapore,1795000.0,level
1962-12-31,world,SGP,Singapore,1750200.0,level
1961-12-31,world,SGP,Singapore,1702400.0,level
1960-12-31,world,SGP,Singapore,1646400.0,level
2025-12-31,world,SXM,Sint Maarten (Dutch part),43923.0,level
2024-12-31,world,SXM,Sint Maarten (Dutch part),43350.0,level
2023-12-31,world,SXM,Sint Maarten (Dutch part),42749.0,level
2022-12-31,world,SXM,Sint Maarten (Dutch part),42139.0,level
2021-12-31,world,SXM,Sint Maarten (Dutch part),41571.0,level
2020-12-31,world,SXM,Sint Maarten (Dutch part),41008.0,level
2019-12-31,world,SXM,Sint Maarten (Dutch part),40385.0,level
2018-12-31,world,SXM,Sint Maarten (Dutch part),39712.0,level
2017-12-31,world,SXM,Sint Maarten (Dutch part),38996.0,level
2016-12-31,world,SXM,Sint Maarten (Dutch part),38249.0,level
2015-12-31,world,SXM,Sint Maarten (Dutch part),37471.0,level
2014-12-31,world,SXM,Sint Maarten (Dutch part),36672.0,level
2013-12-31,world,SXM,Sint Maarten (Dutch part),35854.0,level
2012-12-31,world,SXM,Sint Maarten (Dutch part),35023.0,level
2011-12-31,world,SXM,Sint Maarten (Dutch part),34267.0,level
2010-12-31,world,SXM,Sint Maarten (Dutch part),33794.0,level
2009-12-31,world,SXM,Sint Maarten (Dutch part),33491.0,level
2008-12-31,world,SXM,Sint Maarten (Dutch part),33145.0,level
2007-12-31,world,SXM,Sint Maarten (Dutch part),32791.0,level
2006-12-31,world,SXM,Sint Maarten (Dutch part),32428.0,level
2005-12-31,world,SXM,Sint Maarten (Dutch part),32057.0,level
2004-12-31,world,SXM,Sint Maarten (Dutch part),31690.0,level
2003-12-31,world,SXM,Sint Maarten (Dutch part),31327.0,level
2002-12-31,world,SXM,Sint Maarten (Dutch part),30960.0,level
2001-12-31,world,SXM,Sint Maarten (Dutch part),30726.0,level
2000-12-31,world,SXM,Sint Maarten (Dutch part),30773.0,level
1999-12-31,world,SXM,Sint Maarten (Dutch part),30977.0,level
1998-12-31,world,SXM,Sint Maarten (Dutch part),31193.0,level
1997-12-31,world,SXM,Sint Maarten (Dutch part),31404.0,level
1996-12-31,world,SXM,Sint Maarten (Dutch part),31598.0,level
1995-12-31,world,SXM,Sint Maarten (Dutch part),31772.0,level
1994-12-31,world,SXM,Sint Maarten (Dutch part),31917.0,level
1993-12-31,world,SXM,Sint Maarten (Dutch part),32026.0,level
1992-12-31,world,SXM,Sint Maarten (Dutch part),31567.0,level
1991-12-31,world,SXM,Sint Maarten (Dutch part),30046.0,level
1990-12-31,world,SXM,Sint Maarten (Dutch part),28061.0,level
1989-12-31,world,SXM,Sint Maarten (Dutch part),26169.0,level
1988-12-31,world,SXM,Sint Maarten (Dutch part),24357.0,level
1987-12-31,world,SXM,Sint Maarten (Dutch part),22617.0,level
1986-12-31,world,SXM,Sint Maarten (Dutch part),20930.0,level
1985-12-31,world,SXM,Sint Maarten (Dutch part),19291.0,level
1984-12-31,world,SXM,Sint Maarten (Dutch part),17694.0,level
1983-12-31,world,SXM,Sint Maarten (Dutch part),16133.0,level
1982-12-31,world,SXM,Sint Maarten (Dutch part),14607.0,level
1981-12-31,world,SXM,Sint Maarten (Dutch part),13302.0,level
1980-12-31,world,SXM,Sint Maarten (Dutch part),12410.0,level
1979-12-31,world,SXM,Sint Maarten (Dutch part),11723.0,level
1978-12-31,world,SXM,Sint Maarten (Dutch part),11039.0,level
1977-12-31,world,SXM,Sint Maarten (Dutch part),10364.0,level
1976-12-31,world,SXM,Sint Maarten (Dutch part),9716.0,level
1975-12-31,world,SXM,Sint Maarten (Dutch part),9094.0,level
1974-12-31,world,SXM,Sint Maarten (Dutch part),8492.0,level
1973-12-31,world,SXM,Sint Maarten (Dutch part),7917.0,level
1972-12-31,world,SXM,Sint Maarten (Dutch part),7380.0,level
1971-12-31,world,SXM,Sint Maarten (Dutch part),6888.0,level
1970-12-31,world,SXM,Sint Maarten (Dutch part),6414.0,level
1969-12-31,world,SXM,Sint Maarten (Dutch part),5948.0,level
1968-12-31,world,SXM,Sint Maarten (Dutch part),5500.0,level
1967-12-31,world,SXM,Sint Maarten (Dutch part),5071.0,level
1966-12-31,world,SXM,Sint Maarten (Dutch part),4664.0,level
1965-12-31,world,SXM,Sint Maarten (Dutch part),4282.0,level
1964-12-31,world,SXM,Sint Maarten (Dutch part),3922.0,level
1963-12-31,world,SXM,Sint Maarten (Dutch part),3584.0,level
1962-12-31,world,SXM,Sint Maarten (Dutch part),3264.0,level
1961-12-31,world,SXM,Sint Maarten (Dutch part),2970.0,level
1960-12-31,world,SXM,Sint Maarten (Dutch part),2715.0,level
2025-12-31,world,SVK,Slovak Republic,5413813.0,level
2024-12-31,world,SVK,Slovak Republic,5422069.0,level
2023-12-31,world,SVK,Slovak Republic,5426740.0,level
2022-12-31,world,SVK,Slovak Republic,5431752.0,level
2021-12-31,world,SVK,Slovak Republic,5447247.0,level
2020-12-31,world,SVK,Slovak Republic,5458827.0,level
2019-12-31,world,SVK,Slovak Republic,5454147.0,level
2018-12-31,world,SVK,Slovak Republic,5446771.0,level
2017-12-31,world,SVK,Slovak Republic,5439232.0,level
2016-12-31,world,SVK,Slovak Republic,5430798.0,level
2015-12-31,world,SVK,Slovak Republic,5423801.0,level
2014-12-31,world,SVK,Slovak Republic,5418649.0,level
2013-12-31,world,SVK,Slovak Republic,5413393.0,level
2012-12-31,world,SVK,Slovak Republic,5407579.0,level
2011-12-31,world,SVK,Slovak Republic,5398384.0,level
2010-12-31,world,SVK,Slovak Republic,5391428.0,level
2009-12-31,world,SVK,Slovak Republic,5386406.0,level
2008-12-31,world,SVK,Slovak Republic,5379233.0,level
2007-12-31,world,SVK,Slovak Republic,5374622.0,level
2006-12-31,world,SVK,Slovak Republic,5373054.0,level
2005-12-31,world,SVK,Slovak Republic,5372807.0,level
2004-12-31,world,SVK,Slovak Republic,5372280.0,level
2003-12-31,world,SVK,Slovak Republic,5373374.0,level
2002-12-31,world,SVK,Slovak Republic,5376912.0,level
2001-12-31,world,SVK,Slovak Republic,5378867.0,level
2000-12-31,world,SVK,Slovak Republic,5388720.0,level
1999-12-31,world,SVK,Slovak Republic,5396020.0,level
1998-12-31,world,SVK,Slovak Republic,5390516.0,level
1997-12-31,world,SVK,Slovak Republic,5383291.0,level
1996-12-31,world,SVK,Slovak Republic,5373361.0,level
1995-12-31,world,SVK,Slovak Republic,5361999.0,level
1994-12-31,world,SVK,Slovak Republic,5346331.0,level
1993-12-31,world,SVK,Slovak Republic,5325305.0,level
1992-12-31,world,SVK,Slovak Republic,5305016.0,level
1991-12-31,world,SVK,Slovak Republic,5303294.0,level
1990-12-31,world,SVK,Slovak Republic,5299187.0,level
1989-12-31,world,SVK,Slovak Republic,5275942.0,level
1988-12-31,world,SVK,Slovak Republic,5250596.0,level
1987-12-31,world,SVK,Slovak Republic,5222840.0,level
1986-12-31,world,SVK,Slovak Republic,5193838.0,level
1985-12-31,world,SVK,Slovak Republic,5161768.0,level
1984-12-31,world,SVK,Slovak Republic,5127097.0,level
1983-12-31,world,SVK,Slovak Republic,5091971.0,level
1982-12-31,world,SVK,Slovak Republic,5055099.0,level
1981-12-31,world,SVK,Slovak Republic,5016105.0,level
1980-12-31,world,SVK,Slovak Republic,4979815.0,level
1979-12-31,world,SVK,Slovak Republic,4938973.0,level
1978-12-31,world,SVK,Slovak Republic,4890125.0,level
1977-12-31,world,SVK,Slovak Republic,4840501.0,level
1976-12-31,world,SVK,Slovak Republic,4789507.0,level
1975-12-31,world,SVK,Slovak Republic,4739105.0,level
1974-12-31,world,SVK,Slovak Republic,4689623.0,level
1973-12-31,world,SVK,Slovak Republic,4641445.0,level
1972-12-31,world,SVK,Slovak Republic,4596622.0,level
1971-12-31,world,SVK,Slovak Republic,4557449.0,level
1970-12-31,world,SVK,Slovak Republic,4538223.0,level
1969-12-31,world,SVK,Slovak Republic,4518607.0,level
1968-12-31,world,SVK,Slovak Republic,4483915.0,level
1967-12-31,world,SVK,Slovak Republic,4449367.0,level
1966-12-31,world,SVK,Slovak Republic,4411666.0,level
1965-12-31,world,SVK,Slovak Republic,4370983.0,level
1964-12-31,world,SVK,Slovak Republic,4327341.0,level
1963-12-31,world,SVK,Slovak Republic,4282017.0,level
1962-12-31,world,SVK,Slovak Republic,4238188.0,level
1961-12-31,world,SVK,Slovak Republic,4191667.0,level
1960-12-31,world,SVK,Slovak Republic,4068095.0,level
2025-12-31,world,SVN,Slovenia,2130986.0,level
2024-12-31,world,SVN,Slovenia,2127400.0,level
2023-12-31,world,SVN,Slovenia,2120461.0,level
2022-12-31,world,SVN,Slovenia,2112076.0,level
2021-12-31,world,SVN,Slovenia,2108079.0,level
2020-12-31,world,SVN,Slovenia,2102419.0,level
2019-12-31,world,SVN,Slovenia,2088385.0,level
2018-12-31,world,SVN,Slovenia,2073894.0,level
2017-12-31,world,SVN,Slovenia,2066388.0,level
2016-12-31,world,SVN,Slovenia,2065042.0,level
2015-12-31,world,SVN,Slovenia,2063531.0,level
2014-12-31,world,SVN,Slovenia,2061980.0,level
2013-12-31,world,SVN,Slovenia,2059953.0,level
2012-12-31,world,SVN,Slovenia,2057159.0,level
2011-12-31,world,SVN,Slovenia,2052843.0,level
2010-12-31,world,SVN,Slovenia,2048583.0,level
2009-12-31,world,SVN,Slovenia,2039669.0,level
2008-12-31,world,SVN,Slovenia,2021316.0,level
2007-12-31,world,SVN,Slovenia,2018122.0,level
2006-12-31,world,SVN,Slovenia,2006868.0,level
2005-12-31,world,SVN,Slovenia,2000474.0,level
2004-12-31,world,SVN,Slovenia,1997012.0,level
2003-12-31,world,SVN,Slovenia,1995733.0,level
2002-12-31,world,SVN,Slovenia,1994530.0,level
2001-12-31,world,SVN,Slovenia,1992060.0,level
2000-12-31,world,SVN,Slovenia,1988925.0,level
1999-12-31,world,SVN,Slovenia,1983045.0,level
1998-12-31,world,SVN,Slovenia,1981629.0,level
1997-12-31,world,SVN,Slovenia,1985956.0,level
1996-12-31,world,SVN,Slovenia,1988628.0,level
1995-12-31,world,SVN,Slovenia,1989872.0,level
1994-12-31,world,SVN,Slovenia,1989443.0,level
1993-12-31,world,SVN,Slovenia,1991746.0,level
1992-12-31,world,SVN,Slovenia,1996498.0,level
1991-12-31,world,SVN,Slovenia,1999429.0,level
1990-12-31,world,SVN,Slovenia,1998161.0,level
1989-12-31,world,SVN,Slovenia,1996351.0,level
1988-12-31,world,SVN,Slovenia,1995196.0,level
1987-12-31,world,SVN,Slovenia,1989776.0,level
1986-12-31,world,SVN,Slovenia,1965964.0,level
1985-12-31,world,SVN,Slovenia,1941641.0,level
1984-12-31,world,SVN,Slovenia,1932154.0,level
1983-12-31,world,SVN,Slovenia,1922321.0,level
1982-12-31,world,SVN,Slovenia,1910334.0,level
1981-12-31,world,SVN,Slovenia,1906531.0,level
1980-12-31,world,SVN,Slovenia,1901315.0,level
1979-12-31,world,SVN,Slovenia,1882599.0,level
1978-12-31,world,SVN,Slovenia,1862548.0,level
1977-12-31,world,SVN,Slovenia,1842377.0,level
1976-12-31,world,SVN,Slovenia,1820249.0,level
1975-12-31,world,SVN,Slovenia,1793581.0,level
1974-12-31,world,SVN,Slovenia,1776132.0,level
1973-12-31,world,SVN,Slovenia,1766697.0,level
1972-12-31,world,SVN,Slovenia,1752233.0,level
1971-12-31,world,SVN,Slovenia,1738335.0,level
1970-12-31,world,SVN,Slovenia,1724891.0,level
1969-12-31,world,SVN,Slovenia,1713874.0,level
1968-12-31,world,SVN,Slovenia,1704546.0,level
1967-12-31,world,SVN,Slovenia,1689528.0,level
1966-12-31,world,SVN,Slovenia,1669905.0,level
1965-12-31,world,SVN,Slovenia,1649160.0,level
1964-12-31,world,SVN,Slovenia,1632114.0,level
1963-12-31,world,SVN,Slovenia,1616971.0,level
1962-12-31,world,SVN,Slovenia,1603649.0,level
1961-12-31,world,SVN,Slovenia,1594131.0,level
1960-12-31,world,SVN,Slovenia,1584720.0,level
2025-12-31,world,SLB,Solomon Islands,838645.0,level
2024-12-31,world,SLB,Solomon Islands,819198.0,level
2023-12-31,world,SLB,Solomon Islands,800005.0,level
2022-12-31,world,SLB,Solomon Islands,781066.0,level
2021-12-31,world,SLB,Solomon Islands,762591.0,level
2020-12-31,world,SLB,Solomon Islands,744498.0,level
2019-12-31,world,SLB,Solomon Islands,728147.0,level
2018-12-31,world,SLB,Solomon Islands,709101.0,level
2017-12-31,world,SLB,Solomon Islands,685672.0,level
2016-12-31,world,SLB,Solomon Islands,662379.0,level
2015-12-31,world,SLB,Solomon Islands,639415.0,level
2014-12-31,world,SLB,Solomon Islands,616908.0,level
2013-12-31,world,SLB,Solomon Islands,594945.0,level
2012-12-31,world,SLB,Solomon Islands,573606.0,level
2011-12-31,world,SLB,Solomon Islands,552945.0,level
2010-12-31,world,SLB,Solomon Islands,532968.0,level
2009-12-31,world,SLB,Solomon Islands,518141.0,level
2008-12-31,world,SLB,Solomon Islands,508790.0,level
2007-12-31,world,SLB,Solomon Islands,500156.0,level
2006-12-31,world,SLB,Solomon Islands,491594.0,level
2005-12-31,world,SLB,Solomon Islands,483080.0,level
2004-12-31,world,SLB,Solomon Islands,474611.0,level
2003-12-31,world,SLB,Solomon Islands,466154.0,level
2002-12-31,world,SLB,Solomon Islands,457671.0,level
2001-12-31,world,SLB,Solomon Islands,449125.0,level
2000-12-31,world,SLB,Solomon Islands,440469.0,level
1999-12-31,world,SLB,Solomon Islands,430500.0,level
1998-12-31,world,SLB,Solomon Islands,419071.0,level
1997-12-31,world,SLB,Solomon Islands,407474.0,level
1996-12-31,world,SLB,Solomon Islands,396009.0,level
1995-12-31,world,SLB,Solomon Islands,384733.0,level
1994-12-31,world,SLB,Solomon Islands,373675.0,level
1993-12-31,world,SLB,Solomon Islands,362839.0,level
1992-12-31,world,SLB,Solomon Islands,352205.0,level
1991-12-31,world,SLB,Solomon Islands,341738.0,level
1990-12-31,world,SLB,Solomon Islands,331435.0,level
1989-12-31,world,SLB,Solomon Islands,321282.0,level
1988-12-31,world,SLB,Solomon Islands,311265.0,level
1987-12-31,world,SLB,Solomon Islands,301414.0,level
1986-12-31,world,SLB,Solomon Islands,291842.0,level
1985-12-31,world,SLB,Solomon Islands,282455.0,level
1984-12-31,world,SLB,Solomon Islands,273163.0,level
1983-12-31,world,SLB,Solomon Islands,264068.0,level
1982-12-31,world,SLB,Solomon Islands,255200.0,level
1981-12-31,world,SLB,Solomon Islands,246555.0,level
1980-12-31,world,SLB,Solomon Islands,238135.0,level
1979-12-31,world,SLB,Solomon Islands,229953.0,level
1978-12-31,world,SLB,Solomon Islands,222029.0,level
1977-12-31,world,SLB,Solomon Islands,214418.0,level
1976-12-31,world,SLB,Solomon Islands,207194.0,level
1975-12-31,world,SLB,Solomon Islands,200744.0,level
1974-12-31,world,SLB,Solomon Islands,195041.0,level
1973-12-31,world,SLB,Solomon Islands,189774.0,level
1972-12-31,world,SLB,Solomon Islands,184994.0,level
1971-12-31,world,SLB,Solomon Islands,180637.0,level
1970-12-31,world,SLB,Solomon Islands,176579.0,level
1969-12-31,world,SLB,Solomon Islands,172476.0,level
1968-12-31,world,SLB,Solomon Islands,168282.0,level
1967-12-31,world,SLB,Solomon Islands,164245.0,level
1966-12-31,world,SLB,Solomon Islands,160393.0,level
1965-12-31,world,SLB,Solomon Islands,156686.0,level
1964-12-31,world,SLB,Solomon Islands,153085.0,level
1963-12-31,world,SLB,Solomon Islands,149589.0,level
1962-12-31,world,SLB,Solomon Islands,146201.0,level
1961-12-31,world,SLB,Solomon Islands,142912.0,level
1960-12-31,world,SLB,Solomon Islands,139688.0,level
2025-12-31,world,SOM,"Somalia, Fed. Rep.",19654739.0,level
2024-12-31,world,SOM,"Somalia, Fed. Rep.",19009151.0,level
2023-12-31,world,SOM,"Somalia, Fed. Rep.",18358615.0,level
2022-12-31,world,SOM,"Somalia, Fed. Rep.",17801897.0,level
2021-12-31,world,SOM,"Somalia, Fed. Rep.",17271431.0,level
2020-12-31,world,SOM,"Somalia, Fed. Rep.",16651191.0,level
2019-12-31,world,SOM,"Somalia, Fed. Rep.",16030971.0,level
2018-12-31,world,SOM,"Somalia, Fed. Rep.",15452487.0,level
2017-12-31,world,SOM,"Somalia, Fed. Rep.",14916629.0,level
2016-12-31,world,SOM,"Somalia, Fed. Rep.",14348740.0,level
2015-12-31,world,SOM,"Somalia, Fed. Rep.",13806963.0,level
2014-12-31,world,SOM,"Somalia, Fed. Rep.",13339491.0,level
2013-12-31,world,SOM,"Somalia, Fed. Rep.",12869594.0,level
2012-12-31,world,SOM,"Somalia, Fed. Rep.",12461160.0,level
2011-12-31,world,SOM,"Somalia, Fed. Rep.",12348830.0,level
2010-12-31,world,SOM,"Somalia, Fed. Rep.",12261756.0,level
2009-12-31,world,SOM,"Somalia, Fed. Rep.",11961201.0,level
2008-12-31,world,SOM,"Somalia, Fed. Rep.",11663084.0,level
2007-12-31,world,SOM,"Somalia, Fed. Rep.",11322582.0,level
2006-12-31,world,SOM,"Somalia, Fed. Rep.",10975502.0,level
2005-12-31,world,SOM,"Somalia, Fed. Rep.",10644228.0,level
2004-12-31,world,SOM,"Somalia, Fed. Rep.",10280998.0,level
2003-12-31,world,SOM,"Somalia, Fed. Rep.",9909157.0,level
2002-12-31,world,SOM,"Somalia, Fed. Rep.",9550063.0,level
2001-12-31,world,SOM,"Somalia, Fed. Rep.",9198493.0,level
2000-12-31,world,SOM,"Somalia, Fed. Rep.",8838713.0,level
1999-12-31,world,SOM,"Somalia, Fed. Rep.",8492059.0,level
1998-12-31,world,SOM,"Somalia, Fed. Rep.",8155417.0,level
1997-12-31,world,SOM,"Somalia, Fed. Rep.",7824525.0,level
1996-12-31,world,SOM,"Somalia, Fed. Rep.",7554474.0,level
1995-12-31,world,SOM,"Somalia, Fed. Rep.",7285007.0,level
1994-12-31,world,SOM,"Somalia, Fed. Rep.",7026797.0,level
1993-12-31,world,SOM,"Somalia, Fed. Rep.",6681399.0,level
1992-12-31,world,SOM,"Somalia, Fed. Rep.",6495107.0,level
1991-12-31,world,SOM,"Somalia, Fed. Rep.",6813760.0,level
1990-12-31,world,SOM,"Somalia, Fed. Rep.",7082811.0,level
1989-12-31,world,SOM,"Somalia, Fed. Rep.",7114817.0,level
1988-12-31,world,SOM,"Somalia, Fed. Rep.",7235360.0,level
1987-12-31,world,SOM,"Somalia, Fed. Rep.",7228302.0,level
1986-12-31,world,SOM,"Somalia, Fed. Rep.",6974788.0,level
1985-12-31,world,SOM,"Somalia, Fed. Rep.",6693289.0,level
1984-12-31,world,SOM,"Somalia, Fed. Rep.",6428389.0,level
1983-12-31,world,SOM,"Somalia, Fed. Rep.",6198430.0,level
1982-12-31,world,SOM,"Somalia, Fed. Rep.",6003840.0,level
1981-12-31,world,SOM,"Somalia, Fed. Rep.",5982849.0,level
1980-12-31,world,SOM,"Somalia, Fed. Rep.",5936154.0,level
1979-12-31,world,SOM,"Somalia, Fed. Rep.",5449117.0,level
1978-12-31,world,SOM,"Somalia, Fed. Rep.",4814892.0,level
1977-12-31,world,SOM,"Somalia, Fed. Rep.",4484050.0,level
1976-12-31,world,SOM,"Somalia, Fed. Rep.",4365812.0,level
1975-12-31,world,SOM,"Somalia, Fed. Rep.",4257535.0,level
1974-12-31,world,SOM,"Somalia, Fed. Rep.",4151842.0,level
1973-12-31,world,SOM,"Somalia, Fed. Rep.",4045592.0,level
1972-12-31,world,SOM,"Somalia, Fed. Rep.",3939436.0,level
1971-12-31,world,SOM,"Somalia, Fed. Rep.",3837691.0,level
1970-12-31,world,SOM,"Somalia, Fed. Rep.",3738448.0,level
1969-12-31,world,SOM,"Somalia, Fed. Rep.",3641015.0,level
1968-12-31,world,SOM,"Somalia, Fed. Rep.",3546590.0,level
1967-12-31,world,SOM,"Somalia, Fed. Rep.",3454537.0,level
1966-12-31,world,SOM,"Somalia, Fed. Rep.",3365106.0,level
1965-12-31,world,SOM,"Somalia, Fed. Rep.",3277874.0,level
1964-12-31,world,SOM,"Somalia, Fed. Rep.",3192796.0,level
1963-12-31,world,SOM,"Somalia, Fed. Rep.",3110361.0,level
1962-12-31,world,SOM,"Somalia, Fed. Rep.",3030091.0,level
1961-12-31,world,SOM,"Somalia, Fed. Rep.",2952054.0,level
1960-12-31,world,SOM,"Somalia, Fed. Rep.",2876331.0,level
2025-12-31,world,ZAF,South Africa,64747319.0,level
2024-12-31,world,ZAF,South Africa,64007187.0,level
2023-12-31,world,ZAF,South Africa,63212384.0,level
2022-12-31,world,ZAF,South Africa,62378410.0,level
2021-12-31,world,ZAF,South Africa,61502603.0,level
2020-12-31,world,ZAF,South Africa,60562381.0,level
2019-12-31,world,ZAF,South Africa,59587885.0,level
2018-12-31,world,ZAF,South Africa,58613001.0,level
2017-12-31,world,ZAF,South Africa,57635162.0,level
2016-12-31,world,ZAF,South Africa,57259551.0,level
2015-12-31,world,ZAF,South Africa,56723537.0,level
2014-12-31,world,ZAF,South Africa,55594838.0,level
2013-12-31,world,ZAF,South Africa,54678791.0,level
2012-12-31,world,ZAF,South Africa,53782567.0,level
2011-12-31,world,ZAF,South Africa,52995205.0,level
2010-12-31,world,ZAF,South Africa,52344051.0,level
2009-12-31,world,ZAF,South Africa,51728516.0,level
2008-12-31,world,ZAF,South Africa,51114599.0,level
2007-12-31,world,ZAF,South Africa,50528584.0,level
2006-12-31,world,ZAF,South Africa,49998277.0,level
2005-12-31,world,ZAF,South Africa,49490033.0,level
2004-12-31,world,ZAF,South Africa,48991421.0,level
2003-12-31,world,ZAF,South Africa,48500348.0,level
2002-12-31,world,ZAF,South Africa,48019415.0,level
2001-12-31,world,ZAF,South Africa,47566800.0,level
2000-12-31,world,ZAF,South Africa,47159719.0,level
1999-12-31,world,ZAF,South Africa,46730335.0,level
1998-12-31,world,ZAF,South Africa,46223880.0,level
1997-12-31,world,ZAF,South Africa,45666838.0,level
1996-12-31,world,ZAF,South Africa,45123018.0,level
1995-12-31,world,ZAF,South Africa,44541554.0,level
1994-12-31,world,ZAF,South Africa,44004139.0,level
1993-12-31,world,ZAF,South Africa,43297156.0,level
1992-12-31,world,ZAF,South Africa,42443509.0,level
1991-12-31,world,ZAF,South Africa,41687898.0,level
1990-12-31,world,ZAF,South Africa,40746268.0,level
1989-12-31,world,ZAF,South Africa,39628575.0,level
1988-12-31,world,ZAF,South Africa,38480649.0,level
1987-12-31,world,ZAF,South Africa,37326190.0,level
1986-12-31,world,ZAF,South Africa,36180515.0,level
1985-12-31,world,ZAF,South Africa,35042093.0,level
1984-12-31,world,ZAF,South Africa,33892788.0,level
1983-12-31,world,ZAF,South Africa,32739304.0,level
1982-12-31,world,ZAF,South Africa,31615339.0,level
1981-12-31,world,ZAF,South Africa,30541044.0,level
1980-12-31,world,ZAF,South Africa,29518857.0,level
1979-12-31,world,ZAF,South Africa,28634162.0,level
1978-12-31,world,ZAF,South Africa,27869507.0,level
1977-12-31,world,ZAF,South Africa,27118952.0,level
1976-12-31,world,ZAF,South Africa,26395450.0,level
1975-12-31,world,ZAF,South Africa,25690940.0,level
1974-12-31,world,ZAF,South Africa,24989108.0,level
1973-12-31,world,ZAF,South Africa,24294263.0,level
1972-12-31,world,ZAF,South Africa,23609456.0,level
1971-12-31,world,ZAF,South Africa,22942143.0,level
1970-12-31,world,ZAF,South Africa,22279984.0,level
1969-12-31,world,ZAF,South Africa,21614676.0,level
1968-12-31,world,ZAF,South Africa,20957287.0,level
1967-12-31,world,ZAF,South Africa,20314066.0,level
1966-12-31,world,ZAF,South Africa,19690087.0,level
1965-12-31,world,ZAF,South Africa,19089380.0,level
1964-12-31,world,ZAF,South Africa,18511361.0,level
1963-12-31,world,ZAF,South Africa,17954564.0,level
1962-12-31,world,ZAF,South Africa,17418522.0,level
1961-12-31,world,ZAF,South Africa,16908035.0,level
1960-12-31,world,ZAF,South Africa,16440172.0,level
2025-12-31,world,SSD,South Sudan,12188788.0,level
2024-12-31,world,SSD,South Sudan,11943408.0,level
2023-12-31,world,SSD,South Sudan,11483374.0,level
2022-12-31,world,SSD,South Sudan,11021177.0,level
2021-12-31,world,SSD,South Sudan,10865780.0,level
2020-12-31,world,SSD,South Sudan,10698467.0,level
2019-12-31,world,SSD,South Sudan,10423384.0,level
2018-12-31,world,SSD,South Sudan,10122977.0,level
2017-12-31,world,SSD,South Sudan,10259154.0,level
2016-12-31,world,SSD,South Sudan,10830102.0,level
2015-12-31,world,SSD,South Sudan,11107561.0,level
2014-12-31,world,SSD,South Sudan,11235073.0,level
2013-12-31,world,SSD,South Sudan,11166275.0,level
2012-12-31,world,SSD,South Sudan,10756240.0,level
2011-12-31,world,SSD,South Sudan,10288109.0,level
2010-12-31,world,SSD,South Sudan,9745953.0,level
2009-12-31,world,SSD,South Sudan,9243556.0,level
2008-12-31,world,SSD,South Sudan,8817647.0,level
2007-12-31,world,SSD,South Sudan,8388788.0,level
2006-12-31,world,SSD,South Sudan,7976526.0,level
2005-12-31,world,SSD,South Sudan,7590143.0,level
2004-12-31,world,SSD,South Sudan,7233041.0,level
2003-12-31,world,SSD,South Sudan,6903127.0,level
2002-12-31,world,SSD,South Sudan,6596806.0,level
2001-12-31,world,SSD,South Sudan,6308391.0,level
2000-12-31,world,SSD,South Sudan,6032267.0,level
1999-12-31,world,SSD,South Sudan,5771628.0,level
1998-12-31,world,SSD,South Sudan,5620068.0,level
1997-12-31,world,SSD,South Sudan,5509136.0,level
1996-12-31,world,SSD,South Sudan,5356925.0,level
1995-12-31,world,SSD,South Sudan,5225836.0,level
1994-12-31,world,SSD,South Sudan,5071184.0,level
1993-12-31,world,SSD,South Sudan,4956002.0,level
1992-12-31,world,SSD,South Sudan,4909749.0,level
1991-12-31,world,SSD,South Sudan,4836677.0,level
1990-12-31,world,SSD,South Sudan,4737633.0,level
1989-12-31,world,SSD,South Sudan,4713229.0,level
1988-12-31,world,SSD,South Sudan,4848029.0,level
1987-12-31,world,SSD,South Sudan,4962395.0,level
1986-12-31,world,SSD,South Sudan,4921240.0,level
1985-12-31,world,SSD,South Sudan,4834296.0,level
1984-12-31,world,SSD,South Sudan,4750627.0,level
1983-12-31,world,SSD,South Sudan,4661574.0,level
1982-12-31,world,SSD,South Sudan,4557686.0,level
1981-12-31,world,SSD,South Sudan,4447272.0,level
1980-12-31,world,SSD,South Sudan,4339030.0,level
1979-12-31,world,SSD,South Sudan,4232605.0,level
1978-12-31,world,SSD,South Sudan,4127657.0,level
1977-12-31,world,SSD,South Sudan,4024032.0,level
1976-12-31,world,SSD,South Sudan,3921910.0,level
1975-12-31,world,SSD,South Sudan,3821494.0,level
1974-12-31,world,SSD,South Sudan,3723259.0,level
1973-12-31,world,SSD,South Sudan,3627383.0,level
1972-12-31,world,SSD,South Sudan,3542497.0,level
1971-12-31,world,SSD,South Sudan,3468646.0,level
1970-12-31,world,SSD,South Sudan,3409614.0,level
1969-12-31,world,SSD,South Sudan,3365533.0,level
1968-12-31,world,SSD,South Sudan,3321528.0,level
1967-12-31,world,SSD,South Sudan,3277648.0,level
1966-12-31,world,SSD,South Sudan,3236423.0,level
1965-12-31,world,SSD,South Sudan,3189835.0,level
1964-12-31,world,SSD,South Sudan,3129918.0,level
1963-12-31,world,SSD,South Sudan,3072669.0,level
1962-12-31,world,SSD,South Sudan,3024308.0,level
1961-12-31,world,SSD,South Sudan,2976724.0,level
1960-12-31,world,SSD,South Sudan,2931559.0,level
2025-12-31,world,ESP,Spain,49355143.0,level
2024-12-31,world,ESP,Spain,48848840.0,level
2023-12-31,world,ESP,Spain,48352528.0,level
2022-12-31,world,ESP,Spain,47786102.0,level
2021-12-31,world,ESP,Spain,47443821.0,level
2020-12-31,world,ESP,Spain,47359424.0,level
2019-12-31,world,ESP,Spain,47118501.0,level
2018-12-31,world,ESP,Spain,46782011.0,level
2017-12-31,world,ESP,Spain,46571232.0,level
2016-12-31,world,ESP,Spain,46458139.0,level
2015-12-31,world,ESP,Spain,46422303.0,level
2014-12-31,world,ESP,Spain,46460733.0,level
2013-12-31,world,ESP,Spain,46604197.0,level
2012-12-31,world,ESP,Spain,46773055.0,level
2011-12-31,world,ESP,Spain,46742697.0,level
2010-12-31,world,ESP,Spain,46576897.0,level
2009-12-31,world,ESP,Spain,46362946.0,level
2008-12-31,world,ESP,Spain,45954106.0,level
2007-12-31,world,ESP,Spain,45226803.0,level
2006-12-31,world,ESP,Spain,44397319.0,level
2005-12-31,world,ESP,Spain,43653155.0,level
2004-12-31,world,ESP,Spain,42921895.0,level
2003-12-31,world,ESP,Spain,42187645.0,level
2002-12-31,world,ESP,Spain,41431558.0,level
2001-12-31,world,ESP,Spain,40850412.0,level
2000-12-31,world,ESP,Spain,40567864.0,level
1999-12-31,world,ESP,Spain,40386875.0,level
1998-12-31,world,ESP,Spain,40223509.0,level
1997-12-31,world,ESP,Spain,40057389.0,level
1996-12-31,world,ESP,Spain,39889852.0,level
1995-12-31,world,ESP,Spain,39724050.0,level
1994-12-31,world,ESP,Spain,39549108.0,level
1993-12-31,world,ESP,Spain,39361262.0,level
1992-12-31,world,ESP,Spain,39157685.0,level
1991-12-31,world,ESP,Spain,38966376.0,level
1990-12-31,world,ESP,Spain,38867322.0,level
1989-12-31,world,ESP,Spain,38827764.0,level
1988-12-31,world,ESP,Spain,38766939.0,level
1987-12-31,world,ESP,Spain,38684815.0,level
1986-12-31,world,ESP,Spain,38584624.0,level
1985-12-31,world,ESP,Spain,38469512.0,level
1984-12-31,world,ESP,Spain,38330364.0,level
1983-12-31,world,ESP,Spain,38171525.0,level
1982-12-31,world,ESP,Spain,37986012.0,level
1981-12-31,world,ESP,Spain,37758631.0,level
1980-12-31,world,ESP,Spain,37491165.0,level
1979-12-31,world,ESP,Spain,37191330.0,level
1978-12-31,world,ESP,Spain,36864898.0,level
1977-12-31,world,ESP,Spain,36511638.0,level
1976-12-31,world,ESP,Spain,36137812.0,level
1975-12-31,world,ESP,Spain,35757900.0,level
1974-12-31,world,ESP,Spain,35373335.0,level
1973-12-31,world,ESP,Spain,34988947.0,level
1972-12-31,world,ESP,Spain,34604469.0,level
1971-12-31,world,ESP,Spain,34224490.0,level
1970-12-31,world,ESP,Spain,33814531.0,level
1969-12-31,world,ESP,Spain,33441054.0,level
1968-12-31,world,ESP,Spain,33113134.0,level
1967-12-31,world,ESP,Spain,32682947.0,level
1966-12-31,world,ESP,Spain,32283194.0,level
1965-12-31,world,ESP,Spain,31954292.0,level
1964-12-31,world,ESP,Spain,31609195.0,level
1963-12-31,world,ESP,Spain,31296651.0,level
1962-12-31,world,ESP,Spain,31023366.0,level
1961-12-31,world,ESP,Spain,30739250.0,level
1960-12-31,world,ESP,Spain,30455000.0,level
2025-12-31,world,LKA,Sri Lanka,21756000.0,level
2024-12-31,world,LKA,Sri Lanka,21916000.0,level
2023-12-31,world,LKA,Sri Lanka,22037000.0,level
2022-12-31,world,LKA,Sri Lanka,22181000.0,level
2021-12-31,world,LKA,Sri Lanka,22156000.0,level
2020-12-31,world,LKA,Sri Lanka,21919000.0,level
2019-12-31,world,LKA,Sri Lanka,21803000.0,level
2018-12-31,world,LKA,Sri Lanka,21670000.0,level
2017-12-31,world,LKA,Sri Lanka,21453000.0,level
2016-12-31,world,LKA,Sri Lanka,21209000.0,level
2015-12-31,world,LKA,Sri Lanka,20970000.0,level
2014-12-31,world,LKA,Sri Lanka,20778000.0,level
2013-12-31,world,LKA,Sri Lanka,20585000.0,level
2012-12-31,world,LKA,Sri Lanka,21169458.0,level
2011-12-31,world,LKA,Sri Lanka,21009048.0,level
2010-12-31,world,LKA,Sri Lanka,20879089.0,level
2009-12-31,world,LKA,Sri Lanka,20756435.0,level
2008-12-31,world,LKA,Sri Lanka,20629378.0,level
2007-12-31,world,LKA,Sri Lanka,20492545.0,level
2006-12-31,world,LKA,Sri Lanka,20352411.0,level
2005-12-31,world,LKA,Sri Lanka,20216524.0,level
2004-12-31,world,LKA,Sri Lanka,20087605.0,level
2003-12-31,world,LKA,Sri Lanka,19951521.0,level
2002-12-31,world,LKA,Sri Lanka,19805752.0,level
2001-12-31,world,LKA,Sri Lanka,19600362.0,level
2000-12-31,world,LKA,Sri Lanka,19293054.0,level
1999-12-31,world,LKA,Sri Lanka,18944731.0,level
1998-12-31,world,LKA,Sri Lanka,18596003.0,level
1997-12-31,world,LKA,Sri Lanka,18248200.0,level
1996-12-31,world,LKA,Sri Lanka,17905018.0,level
1995-12-31,world,LKA,Sri Lanka,17564068.0,level
1994-12-31,world,LKA,Sri Lanka,17275773.0,level
1993-12-31,world,LKA,Sri Lanka,17025918.0,level
1992-12-31,world,LKA,Sri Lanka,16739284.0,level
1991-12-31,world,LKA,Sri Lanka,16475354.0,level
1990-12-31,world,LKA,Sri Lanka,16352458.0,level
1989-12-31,world,LKA,Sri Lanka,16248557.0,level
1988-12-31,world,LKA,Sri Lanka,16078621.0,level
1987-12-31,world,LKA,Sri Lanka,15916576.0,level
1986-12-31,world,LKA,Sri Lanka,15731256.0,level
1985-12-31,world,LKA,Sri Lanka,15544154.0,level
1984-12-31,world,LKA,Sri Lanka,15441860.0,level
1983-12-31,world,LKA,Sri Lanka,15388794.0,level
1982-12-31,world,LKA,Sri Lanka,15286567.0,level
1981-12-31,world,LKA,Sri Lanka,15099414.0,level
1980-12-31,world,LKA,Sri Lanka,14847974.0,level
1979-12-31,world,LKA,Sri Lanka,14579614.0,level
1978-12-31,world,LKA,Sri Lanka,14310128.0,level
1977-12-31,world,LKA,Sri Lanka,14049371.0,level
1976-12-31,world,LKA,Sri Lanka,13796770.0,level
1975-12-31,world,LKA,Sri Lanka,13548984.0,level
1974-12-31,world,LKA,Sri Lanka,13305693.0,level
1973-12-31,world,LKA,Sri Lanka,13060916.0,level
1972-12-31,world,LKA,Sri Lanka,12809205.0,level
1971-12-31,world,LKA,Sri Lanka,12551910.0,level
1970-12-31,world,LKA,Sri Lanka,12287110.0,level
1969-12-31,world,LKA,Sri Lanka,12013858.0,level
1968-12-31,world,LKA,Sri Lanka,11736088.0,level
1967-12-31,world,LKA,Sri Lanka,11457328.0,level
1966-12-31,world,LKA,Sri Lanka,11183928.0,level
1965-12-31,world,LKA,Sri Lanka,10916965.0,level
1964-12-31,world,LKA,Sri Lanka,10653397.0,level
1963-12-31,world,LKA,Sri Lanka,10395040.0,level
1962-12-31,world,LKA,Sri Lanka,10143754.0,level
1961-12-31,world,LKA,Sri Lanka,9899372.0,level
1960-12-31,world,LKA,Sri Lanka,9661389.0,level
2025-12-31,world,KNA,St. Kitts and Nevis,46922.0,level
2024-12-31,world,KNA,St. Kitts and Nevis,46843.0,level
2023-12-31,world,KNA,St. Kitts and Nevis,46758.0,level
2022-12-31,world,KNA,St. Kitts and Nevis,46709.0,level
2021-12-31,world,KNA,St. Kitts and Nevis,46763.0,level
2020-12-31,world,KNA,St. Kitts and Nevis,46870.0,level
2019-12-31,world,KNA,St. Kitts and Nevis,46952.0,level
2018-12-31,world,KNA,St. Kitts and Nevis,47008.0,level
2017-12-31,world,KNA,St. Kitts and Nevis,47050.0,level
2016-12-31,world,KNA,St. Kitts and Nevis,47075.0,level
2015-12-31,world,KNA,St. Kitts and Nevis,47087.0,level
2014-12-31,world,KNA,St. Kitts and Nevis,47089.0,level
2013-12-31,world,KNA,St. Kitts and Nevis,47069.0,level
2012-12-31,world,KNA,St. Kitts and Nevis,47033.0,level
2011-12-31,world,KNA,St. Kitts and Nevis,46886.0,level
2010-12-31,world,KNA,St. Kitts and Nevis,46846.0,level
2009-12-31,world,KNA,St. Kitts and Nevis,46916.0,level
2008-12-31,world,KNA,St. Kitts and Nevis,46835.0,level
2007-12-31,world,KNA,St. Kitts and Nevis,46706.0,level
2006-12-31,world,KNA,St. Kitts and Nevis,46569.0,level
2005-12-31,world,KNA,St. Kitts and Nevis,46437.0,level
2004-12-31,world,KNA,St. Kitts and Nevis,46315.0,level
2003-12-31,world,KNA,St. Kitts and Nevis,46176.0,level
2002-12-31,world,KNA,St. Kitts and Nevis,46020.0,level
2001-12-31,world,KNA,St. Kitts and Nevis,45761.0,level
2000-12-31,world,KNA,St. Kitts and Nevis,45248.0,level
1999-12-31,world,KNA,St. Kitts and Nevis,44601.0,level
1998-12-31,world,KNA,St. Kitts and Nevis,43998.0,level
1997-12-31,world,KNA,St. Kitts and Nevis,43428.0,level
1996-12-31,world,KNA,St. Kitts and Nevis,42877.0,level
1995-12-31,world,KNA,St. Kitts and Nevis,42326.0,level
1994-12-31,world,KNA,St. Kitts and Nevis,41776.0,level
1993-12-31,world,KNA,St. Kitts and Nevis,41242.0,level
1992-12-31,world,KNA,St. Kitts and Nevis,40715.0,level
1991-12-31,world,KNA,St. Kitts and Nevis,40358.0,level
1990-12-31,world,KNA,St. Kitts and Nevis,40432.0,level
1989-12-31,world,KNA,St. Kitts and Nevis,40758.0,level
1988-12-31,world,KNA,St. Kitts and Nevis,41062.0,level
1987-12-31,world,KNA,St. Kitts and Nevis,41348.0,level
1986-12-31,world,KNA,St. Kitts and Nevis,41618.0,level
1985-12-31,world,KNA,St. Kitts and Nevis,41874.0,level
1984-12-31,world,KNA,St. Kitts and Nevis,42113.0,level
1983-12-31,world,KNA,St. Kitts and Nevis,42334.0,level
1982-12-31,world,KNA,St. Kitts and Nevis,42532.0,level
1981-12-31,world,KNA,St. Kitts and Nevis,42698.0,level
1980-12-31,world,KNA,St. Kitts and Nevis,42850.0,level
1979-12-31,world,KNA,St. Kitts and Nevis,43033.0,level
1978-12-31,world,KNA,St. Kitts and Nevis,43217.0,level
1977-12-31,world,KNA,St. Kitts and Nevis,43358.0,level
1976-12-31,world,KNA,St. Kitts and Nevis,43482.0,level
1975-12-31,world,KNA,St. Kitts and Nevis,43606.0,level
1974-12-31,world,KNA,St. Kitts and Nevis,43738.0,level
1973-12-31,world,KNA,St. Kitts and Nevis,43880.0,level
1972-12-31,world,KNA,St. Kitts and Nevis,44033.0,level
1971-12-31,world,KNA,St. Kitts and Nevis,44206.0,level
1970-12-31,world,KNA,St. Kitts and Nevis,44606.0,level
1969-12-31,world,KNA,St. Kitts and Nevis,45731.0,level
1968-12-31,world,KNA,St. Kitts and Nevis,47245.0,level
1967-12-31,world,KNA,St. Kitts and Nevis,48605.0,level
1966-12-31,world,KNA,St. Kitts and Nevis,49898.0,level
1965-12-31,world,KNA,St. Kitts and Nevis,51139.0,level
1964-12-31,world,KNA,St. Kitts and Nevis,52326.0,level
1963-12-31,world,KNA,St. Kitts and Nevis,53441.0,level
1962-12-31,world,KNA,St. Kitts and Nevis,54461.0,level
1961-12-31,world,KNA,St. Kitts and Nevis,55334.0,level
1960-12-31,world,KNA,St. Kitts and Nevis,55810.0,level
2025-12-31,world,LCA,St. Lucia,180149.0,level
2024-12-31,world,LCA,St. Lucia,179744.0,level
2023-12-31,world,LCA,St. Lucia,179285.0,level
2022-12-31,world,LCA,St. Lucia,178781.0,level
2021-12-31,world,LCA,St. Lucia,178522.0,level
2020-12-31,world,LCA,St. Lucia,178250.0,level
2019-12-31,world,LCA,St. Lucia,177661.0,level
2018-12-31,world,LCA,St. Lucia,177017.0,level
2017-12-31,world,LCA,St. Lucia,176342.0,level
2016-12-31,world,LCA,St. Lucia,175646.0,level
2015-12-31,world,LCA,St. Lucia,174905.0,level
2014-12-31,world,LCA,St. Lucia,174138.0,level
2013-12-31,world,LCA,St. Lucia,173369.0,level
2012-12-31,world,LCA,St. Lucia,172587.0,level
2011-12-31,world,LCA,St. Lucia,171801.0,level
2010-12-31,world,LCA,St. Lucia,170906.0,level
2009-12-31,world,LCA,St. Lucia,169869.0,level
2008-12-31,world,LCA,St. Lucia,168808.0,level
2007-12-31,world,LCA,St. Lucia,167758.0,level
2006-12-31,world,LCA,St. Lucia,166639.0,level
2005-12-31,world,LCA,St. Lucia,165450.0,level
2004-12-31,world,LCA,St. Lucia,164239.0,level
2003-12-31,world,LCA,St. Lucia,162976.0,level
2002-12-31,world,LCA,St. Lucia,161641.0,level
2001-12-31,world,LCA,St. Lucia,160237.0,level
2000-12-31,world,LCA,St. Lucia,158616.0,level
1999-12-31,world,LCA,St. Lucia,156702.0,level
1998-12-31,world,LCA,St. Lucia,154677.0,level
1997-12-31,world,LCA,St. Lucia,152569.0,level
1996-12-31,world,LCA,St. Lucia,150436.0,level
1995-12-31,world,LCA,St. Lucia,148208.0,level
1994-12-31,world,LCA,St. Lucia,145890.0,level
1993-12-31,world,LCA,St. Lucia,143726.0,level
1992-12-31,world,LCA,St. Lucia,141617.0,level
1991-12-31,world,LCA,St. Lucia,139520.0,level
1990-12-31,world,LCA,St. Lucia,137857.0,level
1989-12-31,world,LCA,St. Lucia,136512.0,level
1988-12-31,world,LCA,St. Lucia,135000.0,level
1987-12-31,world,LCA,St. Lucia,133227.0,level
1986-12-31,world,LCA,St. Lucia,131239.0,level
1985-12-31,world,LCA,St. Lucia,129159.0,level
1984-12-31,world,LCA,St. Lucia,127067.0,level
1983-12-31,world,LCA,St. Lucia,125044.0,level
1982-12-31,world,LCA,St. Lucia,123087.0,level
1981-12-31,world,LCA,St. Lucia,121166.0,level
1980-12-31,world,LCA,St. Lucia,119290.0,level
1979-12-31,world,LCA,St. Lucia,117528.0,level
1978-12-31,world,LCA,St. Lucia,115834.0,level
1977-12-31,world,LCA,St. Lucia,114135.0,level
1976-12-31,world,LCA,St. Lucia,112425.0,level
1975-12-31,world,LCA,St. Lucia,110725.0,level
1974-12-31,world,LCA,St. Lucia,109076.0,level
1973-12-31,world,LCA,St. Lucia,107498.0,level
1972-12-31,world,LCA,St. Lucia,106002.0,level
1971-12-31,world,LCA,St. Lucia,104564.0,level
1970-12-31,world,LCA,St. Lucia,103165.0,level
1969-12-31,world,LCA,St. Lucia,101879.0,level
1968-12-31,world,LCA,St. Lucia,100675.0,level
1967-12-31,world,LCA,St. Lucia,99504.0,level
1966-12-31,world,LCA,St. Lucia,98463.0,level
1965-12-31,world,LCA,St. Lucia,97493.0,level
1964-12-31,world,LCA,St. Lucia,96505.0,level
1963-12-31,world,LCA,St. Lucia,95519.0,level
1962-12-31,world,LCA,St. Lucia,94505.0,level
1961-12-31,world,LCA,St. Lucia,93490.0,level
1960-12-31,world,LCA,St. Lucia,92585.0,level
2025-12-31,world,MAF,St. Martin (French part),24941.0,level
2024-12-31,world,MAF,St. Martin (French part),26129.0,level
2023-12-31,world,MAF,St. Martin (French part),27515.0,level
2022-12-31,world,MAF,St. Martin (French part),28870.0,level
2021-12-31,world,MAF,St. Martin (French part),29961.0,level
2020-12-31,world,MAF,St. Martin (French part),31786.0,level
2019-12-31,world,MAF,St. Martin (French part),34267.0,level
2018-12-31,world,MAF,St. Martin (French part),36012.0,level
2017-12-31,world,MAF,St. Martin (French part),36837.0,level
2016-12-31,world,MAF,St. Martin (French part),37175.0,level
2015-12-31,world,MAF,St. Martin (French part),37369.0,level
2014-12-31,world,MAF,St. Martin (French part),37450.0,level
2013-12-31,world,MAF,St. Martin (French part),37419.0,level
2012-12-31,world,MAF,St. Martin (French part),37276.0,level
2011-12-31,world,MAF,St. Martin (French part),37069.0,level
2010-12-31,world,MAF,St. Martin (French part),36856.0,level
2009-12-31,world,MAF,St. Martin (French part),36502.0,level
2008-12-31,world,MAF,St. Martin (French part),35958.0,level
2007-12-31,world,MAF,St. Martin (French part),35337.0,level
2006-12-31,world,MAF,St. Martin (French part),34658.0,level
2005-12-31,world,MAF,St. Martin (French part),33928.0,level
2004-12-31,world,MAF,St. Martin (French part),33171.0,level
2003-12-31,world,MAF,St. Martin (French part),32395.0,level
2002-12-31,world,MAF,St. Martin (French part),31604.0,level
2001-12-31,world,MAF,St. Martin (French part),30803.0,level
2000-12-31,world,MAF,St. Martin (French part),29996.0,level
1999-12-31,world,MAF,St. Martin (French part),29284.0,level
1998-12-31,world,MAF,St. Martin (French part),29107.0,level
1997-12-31,world,MAF,St. Martin (French part),29323.0,level
1996-12-31,world,MAF,St. Martin (French part),29443.0,level
1995-12-31,world,MAF,St. Martin (French part),29470.0,level
1994-12-31,world,MAF,St. Martin (French part),29413.0,level
1993-12-31,world,MAF,St. Martin (French part),29282.0,level
1992-12-31,world,MAF,St. Martin (French part),29081.0,level
1991-12-31,world,MAF,St. Martin (French part),28800.0,level
1990-12-31,world,MAF,St. Martin (French part),28224.0,level
1989-12-31,world,MAF,St. Martin (French part),26453.0,level
1988-12-31,world,MAF,St. Martin (French part),23749.0,level
1987-12-31,world,MAF,St. Martin (French part),21108.0,level
1986-12-31,world,MAF,St. Martin (French part),18558.0,level
1985-12-31,world,MAF,St. Martin (French part),16095.0,level
1984-12-31,world,MAF,St. Martin (French part),13733.0,level
1983-12-31,world,MAF,St. Martin (French part),11485.0,level
1982-12-31,world,MAF,St. Martin (French part),9494.0,level
1981-12-31,world,MAF,St. Martin (French part),8498.0,level
1980-12-31,world,MAF,St. Martin (French part),8288.0,level
1979-12-31,world,MAF,St. Martin (French part),8063.0,level
1978-12-31,world,MAF,St. Martin (French part),7822.0,level
1977-12-31,world,MAF,St. Martin (French part),7569.0,level
1976-12-31,world,MAF,St. Martin (French part),7303.0,level
1975-12-31,world,MAF,St. Martin (French part),7038.0,level
1974-12-31,world,MAF,St. Martin (French part),6801.0,level
1973-12-31,world,MAF,St. Martin (French part),6596.0,level
1972-12-31,world,MAF,St. Martin (French part),6409.0,level
1971-12-31,world,MAF,St. Martin (French part),6228.0,level
1970-12-31,world,MAF,St. Martin (French part),6047.0,level
1969-12-31,world,MAF,St. Martin (French part),5868.0,level
1968-12-31,world,MAF,St. Martin (French part),5693.0,level
1967-12-31,world,MAF,St. Martin (French part),5472.0,level
1966-12-31,world,MAF,St. Martin (French part),5213.0,level
1965-12-31,world,MAF,St. Martin (French part),4996.0,level
1964-12-31,world,MAF,St. Martin (French part),4827.0,level
1963-12-31,world,MAF,St. Martin (French part),4673.0,level
1962-12-31,world,MAF,St. Martin (French part),4527.0,level
1961-12-31,world,MAF,St. Martin (French part),4386.0,level
1960-12-31,world,MAF,St. Martin (French part),4250.0,level
2025-12-31,world,VCT,St. Vincent and the Grenadines,99924.0,level
2024-12-31,world,VCT,St. Vincent and the Grenadines,100616.0,level
2023-12-31,world,VCT,St. Vincent and the Grenadines,101323.0,level
2022-12-31,world,VCT,St. Vincent and the Grenadines,102046.0,level
2021-12-31,world,VCT,St. Vincent and the Grenadines,102841.0,level
2020-12-31,world,VCT,St. Vincent and the Grenadines,103526.0,level
2019-12-31,world,VCT,St. Vincent and the Grenadines,104167.0,level
2018-12-31,world,VCT,St. Vincent and the Grenadines,104926.0,level
2017-12-31,world,VCT,St. Vincent and the Grenadines,105663.0,level
2016-12-31,world,VCT,St. Vincent and the Grenadines,106349.0,level
2015-12-31,world,VCT,St. Vincent and the Grenadines,106960.0,level
2014-12-31,world,VCT,St. Vincent and the Grenadines,107535.0,level
2013-12-31,world,VCT,St. Vincent and the Grenadines,108135.0,level
2012-12-31,world,VCT,St. Vincent and the Grenadines,108736.0,level
2011-12-31,world,VCT,St. Vincent and the Grenadines,109349.0,level
2010-12-31,world,VCT,St. Vincent and the Grenadines,109959.0,level
2009-12-31,world,VCT,St. Vincent and the Grenadines,110508.0,level
2008-12-31,world,VCT,St. Vincent and the Grenadines,111028.0,level
2007-12-31,world,VCT,St. Vincent and the Grenadines,111531.0,level
2006-12-31,world,VCT,St. Vincent and the Grenadines,112014.0,level
2005-12-31,world,VCT,St. Vincent and the Grenadines,112450.0,level
2004-12-31,world,VCT,St. Vincent and the Grenadines,112835.0,level
2003-12-31,world,VCT,St. Vincent and the Grenadines,113141.0,level
2002-12-31,world,VCT,St. Vincent and the Grenadines,113347.0,level
2001-12-31,world,VCT,St. Vincent and the Grenadines,113501.0,level
2000-12-31,world,VCT,St. Vincent and the Grenadines,113545.0,level
1999-12-31,world,VCT,St. Vincent and the Grenadines,113366.0,level
1998-12-31,world,VCT,St. Vincent and the Grenadines,113180.0,level
1997-12-31,world,VCT,St. Vincent and the Grenadines,113141.0,level
1996-12-31,world,VCT,St. Vincent and the Grenadines,113119.0,level
1995-12-31,world,VCT,St. Vincent and the Grenadines,113047.0,level
1994-12-31,world,VCT,St. Vincent and the Grenadines,112918.0,level
1993-12-31,world,VCT,St. Vincent and the Grenadines,112735.0,level
1992-12-31,world,VCT,St. Vincent and the Grenadines,112509.0,level
1991-12-31,world,VCT,St. Vincent and the Grenadines,112222.0,level
1990-12-31,world,VCT,St. Vincent and the Grenadines,111812.0,level
1989-12-31,world,VCT,St. Vincent and the Grenadines,111272.0,level
1988-12-31,world,VCT,St. Vincent and the Grenadines,110658.0,level
1987-12-31,world,VCT,St. Vincent and the Grenadines,110001.0,level
1986-12-31,world,VCT,St. Vincent and the Grenadines,109281.0,level
1985-12-31,world,VCT,St. Vincent and the Grenadines,108506.0,level
1984-12-31,world,VCT,St. Vincent and the Grenadines,107687.0,level
1983-12-31,world,VCT,St. Vincent and the Grenadines,106838.0,level
1982-12-31,world,VCT,St. Vincent and the Grenadines,105969.0,level
1981-12-31,world,VCT,St. Vincent and the Grenadines,105073.0,level
1980-12-31,world,VCT,St. Vincent and the Grenadines,104213.0,level
1979-12-31,world,VCT,St. Vincent and the Grenadines,103478.0,level
1978-12-31,world,VCT,St. Vincent and the Grenadines,102775.0,level
1977-12-31,world,VCT,St. Vincent and the Grenadines,101999.0,level
1976-12-31,world,VCT,St. Vincent and the Grenadines,101197.0,level
1975-12-31,world,VCT,St. Vincent and the Grenadines,100387.0,level
1974-12-31,world,VCT,St. Vincent and the Grenadines,99556.0,level
1973-12-31,world,VCT,St. Vincent and the Grenadines,98691.0,level
1972-12-31,world,VCT,St. Vincent and the Grenadines,97790.0,level
1971-12-31,world,VCT,St. Vincent and the Grenadines,96872.0,level
1970-12-31,world,VCT,St. Vincent and the Grenadines,95964.0,level
1969-12-31,world,VCT,St. Vincent and the Grenadines,95058.0,level
1968-12-31,world,VCT,St. Vincent and the Grenadines,94123.0,level
1967-12-31,world,VCT,St. Vincent and the Grenadines,93124.0,level
1966-12-31,world,VCT,St. Vincent and the Grenadines,92052.0,level
1965-12-31,world,VCT,St. Vincent and the Grenadines,90927.0,level
1964-12-31,world,VCT,St. Vincent and the Grenadines,89749.0,level
1963-12-31,world,VCT,St. Vincent and the Grenadines,88523.0,level
1962-12-31,world,VCT,St. Vincent and the Grenadines,87236.0,level
1961-12-31,world,VCT,St. Vincent and the Grenadines,85870.0,level
1960-12-31,world,VCT,St. Vincent and the Grenadines,84388.0,level
2025-12-31,world,SDN,Sudan,51662147.0,level
2024-12-31,world,SDN,Sudan,50448963.0,level
2023-12-31,world,SDN,Sudan,50042791.0,level
2022-12-31,world,SDN,Sudan,49383346.0,level
2021-12-31,world,SDN,Sudan,48066924.0,level
2020-12-31,world,SDN,Sudan,46789231.0,level
2019-12-31,world,SDN,Sudan,45548175.0,level
2018-12-31,world,SDN,Sudan,44230596.0,level
2017-12-31,world,SDN,Sudan,42714306.0,level
2016-12-31,world,SDN,Sudan,41259892.0,level
2015-12-31,world,SDN,Sudan,40024431.0,level
2014-12-31,world,SDN,Sudan,38823318.0,level
2013-12-31,world,SDN,Sudan,37785849.0,level
2012-12-31,world,SDN,Sudan,36923178.0,level
2011-12-31,world,SDN,Sudan,36140806.0,level
2010-12-31,world,SDN,Sudan,35414399.0,level
2009-12-31,world,SDN,Sudan,34569113.0,level
2008-12-31,world,SDN,Sudan,33623980.0,level
2007-12-31,world,SDN,Sudan,32764135.0,level
2006-12-31,world,SDN,Sudan,31992435.0,level
2005-12-31,world,SDN,Sudan,31262444.0,level
2004-12-31,world,SDN,Sudan,30556637.0,level
2003-12-31,world,SDN,Sudan,29896035.0,level
2002-12-31,world,SDN,Sudan,29228727.0,level
2001-12-31,world,SDN,Sudan,28516770.0,level
2000-12-31,world,SDN,Sudan,27816745.0,level
1999-12-31,world,SDN,Sudan,27130613.0,level
1998-12-31,world,SDN,Sudan,26458999.0,level
1997-12-31,world,SDN,Sudan,25799821.0,level
1996-12-31,world,SDN,Sudan,25231528.0,level
1995-12-31,world,SDN,Sudan,24672143.0,level
1994-12-31,world,SDN,Sudan,24043948.0,level
1993-12-31,world,SDN,Sudan,23445592.0,level
1992-12-31,world,SDN,Sudan,22927355.0,level
1991-12-31,world,SDN,Sudan,22470676.0,level
1990-12-31,world,SDN,Sudan,22021481.0,level
1989-12-31,world,SDN,Sudan,21578022.0,level
1988-12-31,world,SDN,Sudan,21138431.0,level
1987-12-31,world,SDN,Sudan,20704904.0,level
1986-12-31,world,SDN,Sudan,20288238.0,level
1985-12-31,world,SDN,Sudan,19905872.0,level
1984-12-31,world,SDN,Sudan,19546528.0,level
1983-12-31,world,SDN,Sudan,19109770.0,level
1982-12-31,world,SDN,Sudan,18486645.0,level
1981-12-31,world,SDN,Sudan,17780572.0,level
1980-12-31,world,SDN,Sudan,17058905.0,level
1979-12-31,world,SDN,Sudan,16355352.0,level
1978-12-31,world,SDN,Sudan,15695003.0,level
1977-12-31,world,SDN,Sudan,15086614.0,level
1976-12-31,world,SDN,Sudan,14569716.0,level
1975-12-31,world,SDN,Sudan,14064798.0,level
1974-12-31,world,SDN,Sudan,13580723.0,level
1973-12-31,world,SDN,Sudan,13049315.0,level
1972-12-31,world,SDN,Sudan,12527856.0,level
1971-12-31,world,SDN,Sudan,12105539.0,level
1970-12-31,world,SDN,Sudan,11695771.0,level
1969-12-31,world,SDN,Sudan,11298936.0,level
1968-12-31,world,SDN,Sudan,10917999.0,level
1967-12-31,world,SDN,Sudan,10550597.0,level
1966-12-31,world,SDN,Sudan,10197578.0,level
1965-12-31,world,SDN,Sudan,9858030.0,level
1964-12-31,world,SDN,Sudan,9531109.0,level
1963-12-31,world,SDN,Sudan,9218077.0,level
1962-12-31,world,SDN,Sudan,8919028.0,level
1961-12-31,world,SDN,Sudan,8634941.0,level
1960-12-31,world,SDN,Sudan,8364489.0,level
2025-12-31,world,SUR,Suriname,639850.0,level
2024-12-31,world,SUR,Suriname,634431.0,level
2023-12-31,world,SUR,Suriname,628886.0,level
2022-12-31,world,SUR,Suriname,623164.0,level
2021-12-31,world,SUR,Suriname,617896.0,level
2020-12-31,world,SUR,Suriname,612317.0,level
2019-12-31,world,SUR,Suriname,605768.0,level
2018-12-31,world,SUR,Suriname,599513.0,level
2017-12-31,world,SUR,Suriname,593713.0,level
2016-12-31,world,SUR,Suriname,587757.0,level
2015-12-31,world,SUR,Suriname,581627.0,level
2014-12-31,world,SUR,Suriname,575373.0,level
2013-12-31,world,SUR,Suriname,569020.0,level
2012-12-31,world,SUR,Suriname,562633.0,level
2011-12-31,world,SUR,Suriname,556269.0,level
2010-12-31,world,SUR,Suriname,549923.0,level
2009-12-31,world,SUR,Suriname,543568.0,level
2008-12-31,world,SUR,Suriname,537245.0,level
2007-12-31,world,SUR,Suriname,531016.0,level
2006-12-31,world,SUR,Suriname,524997.0,level
2005-12-31,world,SUR,Suriname,519313.0,level
2004-12-31,world,SUR,Suriname,513923.0,level
2003-12-31,world,SUR,Suriname,506414.0,level
2002-12-31,world,SUR,Suriname,496551.0,level
2001-12-31,world,SUR,Suriname,486560.0,level
2000-12-31,world,SUR,Suriname,476643.0,level
1999-12-31,world,SUR,Suriname,466916.0,level
1998-12-31,world,SUR,Suriname,457406.0,level
1997-12-31,world,SUR,Suriname,448067.0,level
1996-12-31,world,SUR,Suriname,438830.0,level
1995-12-31,world,SUR,Suriname,429606.0,level
1994-12-31,world,SUR,Suriname,422375.0,level
1993-12-31,world,SUR,Suriname,419352.0,level
1992-12-31,world,SUR,Suriname,417589.0,level
1991-12-31,world,SUR,Suriname,415013.0,level
1990-12-31,world,SUR,Suriname,412493.0,level
1989-12-31,world,SUR,Suriname,408409.0,level
1988-12-31,world,SUR,Suriname,402227.0,level
1987-12-31,world,SUR,Suriname,396911.0,level
1986-12-31,world,SUR,Suriname,392330.0,level
1985-12-31,world,SUR,Suriname,386972.0,level
1984-12-31,world,SUR,Suriname,382193.0,level
1983-12-31,world,SUR,Suriname,378746.0,level
1982-12-31,world,SUR,Suriname,376555.0,level
1981-12-31,world,SUR,Suriname,375459.0,level
1980-12-31,world,SUR,Suriname,375377.0,level
1979-12-31,world,SUR,Suriname,377602.0,level
1978-12-31,world,SUR,Suriname,381502.0,level
1977-12-31,world,SUR,Suriname,385067.0,level
1976-12-31,world,SUR,Suriname,388289.0,level
1975-12-31,world,SUR,Suriname,391170.0,level
1974-12-31,world,SUR,Suriname,393676.0,level
1973-12-31,world,SUR,Suriname,395772.0,level
1972-12-31,world,SUR,Suriname,397413.0,level
1971-12-31,world,SUR,Suriname,391932.0,level
1970-12-31,world,SUR,Suriname,379442.0,level
1969-12-31,world,SUR,Suriname,366906.0,level
1968-12-31,world,SUR,Suriname,354616.0,level
1967-12-31,world,SUR,Suriname,342679.0,level
1966-12-31,world,SUR,Suriname,331135.0,level
1965-12-31,world,SUR,Suriname,320000.0,level
1964-12-31,world,SUR,Suriname,309041.0,level
1963-12-31,world,SUR,Suriname,297034.0,level
1962-12-31,world,SUR,Suriname,283912.0,level
1961-12-31,world,SUR,Suriname,272791.0,level
1960-12-31,world,SUR,Suriname,263918.0,level
2025-12-31,world,SWE,Sweden,10596620.0,level
2024-12-31,world,SWE,Sweden,10569709.0,level
2023-12-31,world,SWE,Sweden,10536632.0,level
2022-12-31,world,SWE,Sweden,10486941.0,level
2021-12-31,world,SWE,Sweden,10415811.0,level
2020-12-31,world,SWE,Sweden,10353442.0,level
2019-12-31,world,SWE,Sweden,10278887.0,level
2018-12-31,world,SWE,Sweden,10175214.0,level
2017-12-31,world,SWE,Sweden,10057698.0,level
2016-12-31,world,SWE,Sweden,9923085.0,level
2015-12-31,world,SWE,Sweden,9799186.0,level
2014-12-31,world,SWE,Sweden,9696110.0,level
2013-12-31,world,SWE,Sweden,9600379.0,level
2012-12-31,world,SWE,Sweden,9519374.0,level
2011-12-31,world,SWE,Sweden,9449213.0,level
2010-12-31,world,SWE,Sweden,9378126.0,level
2009-12-31,world,SWE,Sweden,9298515.0,level
2008-12-31,world,SWE,Sweden,9219637.0,level
2007-12-31,world,SWE,Sweden,9148092.0,level
2006-12-31,world,SWE,Sweden,9080505.0,level
2005-12-31,world,SWE,Sweden,9029572.0,level
2004-12-31,world,SWE,Sweden,8993531.0,level
2003-12-31,world,SWE,Sweden,8958229.0,level
2002-12-31,world,SWE,Sweden,8924958.0,level
2001-12-31,world,SWE,Sweden,8895960.0,level
2000-12-31,world,SWE,Sweden,8872109.0,level
1999-12-31,world,SWE,Sweden,8857874.0,level
1998-12-31,world,SWE,Sweden,8850974.0,level
1997-12-31,world,SWE,Sweden,8846062.0,level
1996-12-31,world,SWE,Sweden,8840998.0,level
1995-12-31,world,SWE,Sweden,8826939.0,level
1994-12-31,world,SWE,Sweden,8780745.0,level
1993-12-31,world,SWE,Sweden,8718561.0,level
1992-12-31,world,SWE,Sweden,8668067.0,level
1991-12-31,world,SWE,Sweden,8617375.0,level
1990-12-31,world,SWE,Sweden,8558835.0,level
1989-12-31,world,SWE,Sweden,8492964.0,level
1988-12-31,world,SWE,Sweden,8436489.0,level
1987-12-31,world,SWE,Sweden,8397804.0,level
1986-12-31,world,SWE,Sweden,8369829.0,level
1985-12-31,world,SWE,Sweden,8350386.0,level
1984-12-31,world,SWE,Sweden,8336605.0,level
1983-12-31,world,SWE,Sweden,8329033.0,level
1982-12-31,world,SWE,Sweden,8325263.0,level
1981-12-31,world,SWE,Sweden,8320503.0,level
1980-12-31,world,SWE,Sweden,8310531.0,level
1979-12-31,world,SWE,Sweden,8293678.0,level
1978-12-31,world,SWE,Sweden,8275599.0,level
1977-12-31,world,SWE,Sweden,8251540.0,level
1976-12-31,world,SWE,Sweden,8222286.0,level
1975-12-31,world,SWE,Sweden,8192437.0,level
1974-12-31,world,SWE,Sweden,8159955.0,level
1973-12-31,world,SWE,Sweden,8136312.0,level
1972-12-31,world,SWE,Sweden,8122300.0,level
1971-12-31,world,SWE,Sweden,8098334.0,level
1970-12-31,world,SWE,Sweden,8042801.0,level
1969-12-31,world,SWE,Sweden,7968072.0,level
1968-12-31,world,SWE,Sweden,7912273.0,level
1967-12-31,world,SWE,Sweden,7867931.0,level
1966-12-31,world,SWE,Sweden,7807797.0,level
1965-12-31,world,SWE,Sweden,7733853.0,level
1964-12-31,world,SWE,Sweden,7661354.0,level
1963-12-31,world,SWE,Sweden,7604328.0,level
1962-12-31,world,SWE,Sweden,7561588.0,level
1961-12-31,world,SWE,Sweden,7519998.0,level
1960-12-31,world,SWE,Sweden,7484656.0,level
2025-12-31,world,CHE,Switzerland,9092436.0,level
2024-12-31,world,CHE,Switzerland,9005582.0,level
2023-12-31,world,CHE,Switzerland,8888822.0,level
2022-12-31,world,CHE,Switzerland,8777088.0,level
2021-12-31,world,CHE,Switzerland,8704546.0,level
2020-12-31,world,CHE,Switzerland,8638167.0,level
2019-12-31,world,CHE,Switzerland,8575280.0,level
2018-12-31,world,CHE,Switzerland,8514329.0,level
2017-12-31,world,CHE,Switzerland,8451840.0,level
2016-12-31,world,CHE,Switzerland,8373338.0,level
2015-12-31,world,CHE,Switzerland,8282396.0,level
2014-12-31,world,CHE,Switzerland,8188649.0,level
2013-12-31,world,CHE,Switzerland,8089346.0,level
2012-12-31,world,CHE,Switzerland,7996861.0,level
2011-12-31,world,CHE,Switzerland,7912398.0,level
2010-12-31,world,CHE,Switzerland,7824909.0,level
2009-12-31,world,CHE,Switzerland,7743831.0,level
2008-12-31,world,CHE,Switzerland,7647675.0,level
2007-12-31,world,CHE,Switzerland,7551117.0,level
2006-12-31,world,CHE,Switzerland,7483934.0,level
2005-12-31,world,CHE,Switzerland,7437115.0,level
2004-12-31,world,CHE,Switzerland,7389625.0,level
2003-12-31,world,CHE,Switzerland,7339001.0,level
2002-12-31,world,CHE,Switzerland,7284753.0,level
2001-12-31,world,CHE,Switzerland,7229854.0,level
2000-12-31,world,CHE,Switzerland,7184250.0,level
1999-12-31,world,CHE,Switzerland,7143991.0,level
1998-12-31,world,CHE,Switzerland,7110001.0,level
1997-12-31,world,CHE,Switzerland,7088906.0,level
1996-12-31,world,CHE,Switzerland,7071850.0,level
1995-12-31,world,CHE,Switzerland,7040687.0,level
1994-12-31,world,CHE,Switzerland,6993795.0,level
1993-12-31,world,CHE,Switzerland,6938265.0,level
1992-12-31,world,CHE,Switzerland,6875364.0,level
1991-12-31,world,CHE,Switzerland,6799978.0,level
1990-12-31,world,CHE,Switzerland,6715519.0,level
1989-12-31,world,CHE,Switzerland,6646912.0,level
1988-12-31,world,CHE,Switzerland,6593386.0,level
1987-12-31,world,CHE,Switzerland,6545106.0,level
1986-12-31,world,CHE,Switzerland,6504124.0,level
1985-12-31,world,CHE,Switzerland,6470365.0,level
1984-12-31,world,CHE,Switzerland,6441865.0,level
1983-12-31,world,CHE,Switzerland,6418773.0,level
1982-12-31,world,CHE,Switzerland,6391309.0,level
1981-12-31,world,CHE,Switzerland,6354074.0,level
1980-12-31,world,CHE,Switzerland,6319408.0,level
1979-12-31,world,CHE,Switzerland,6294365.0,level
1978-12-31,world,CHE,Switzerland,6281738.0,level
1977-12-31,world,CHE,Switzerland,6281174.0,level
1976-12-31,world,CHE,Switzerland,6302504.0,level
1975-12-31,world,CHE,Switzerland,6338632.0,level
1974-12-31,world,CHE,Switzerland,6341405.0,level
1973-12-31,world,CHE,Switzerland,6307347.0,level
1972-12-31,world,CHE,Switzerland,6260956.0,level
1971-12-31,world,CHE,Switzerland,6213399.0,level
1970-12-31,world,CHE,Switzerland,6180877.0,level
1969-12-31,world,CHE,Switzerland,6136387.0,level
1968-12-31,world,CHE,Switzerland,6067714.0,level
1967-12-31,world,CHE,Switzerland,5991785.0,level
1966-12-31,world,CHE,Switzerland,5918002.0,level
1965-12-31,world,CHE,Switzerland,5856472.0,level
1964-12-31,world,CHE,Switzerland,5789228.0,level
1963-12-31,world,CHE,Switzerland,5694247.0,level
1962-12-31,world,CHE,Switzerland,5573815.0,level
1961-12-31,world,CHE,Switzerland,5434294.0,level
1960-12-31,world,CHE,Switzerland,5327827.0,level
2025-12-31,world,SYR,Syrian Arab Republic,25620427.0,level
2024-12-31,world,SYR,Syrian Arab Republic,24672760.0,level
2023-12-31,world,SYR,Syrian Arab Republic,23594623.0,level
2022-12-31,world,SYR,Syrian Arab Republic,22462173.0,level
2021-12-31,world,SYR,Syrian Arab Republic,21628839.0,level
2020-12-31,world,SYR,Syrian Arab Republic,21049429.0,level
2019-12-31,world,SYR,Syrian Arab Republic,20353534.0,level
2018-12-31,world,SYR,Syrian Arab Republic,19577845.0,level
2017-12-31,world,SYR,Syrian Arab Republic,19224668.0,level
2016-12-31,world,SYR,Syrian Arab Republic,19193834.0,level
2015-12-31,world,SYR,Syrian Arab Republic,19424618.0,level
2014-12-31,world,SYR,Syrian Arab Republic,20273659.0,level
2013-12-31,world,SYR,Syrian Arab Republic,21666917.0,level
2012-12-31,world,SYR,Syrian Arab Republic,22759763.0,level
2011-12-31,world,SYR,Syrian Arab Republic,22878098.0,level
2010-12-31,world,SYR,Syrian Arab Republic,22482421.0,level
2009-12-31,world,SYR,Syrian Arab Republic,21976969.0,level
2008-12-31,world,SYR,Syrian Arab Republic,21636564.0,level
2007-12-31,world,SYR,Syrian Arab Republic,20884125.0,level
2006-12-31,world,SYR,Syrian Arab Republic,19637022.0,level
2005-12-31,world,SYR,Syrian Arab Republic,18814091.0,level
2004-12-31,world,SYR,Syrian Arab Republic,18336875.0,level
2003-12-31,world,SYR,Syrian Arab Republic,17889296.0,level
2002-12-31,world,SYR,Syrian Arab Republic,17468332.0,level
2001-12-31,world,SYR,Syrian Arab Republic,17051338.0,level
2000-12-31,world,SYR,Syrian Arab Republic,16637888.0,level
1999-12-31,world,SYR,Syrian Arab Republic,16228061.0,level
1998-12-31,world,SYR,Syrian Arab Republic,15820413.0,level
1997-12-31,world,SYR,Syrian Arab Republic,15417542.0,level
1996-12-31,world,SYR,Syrian Arab Republic,15018104.0,level
1995-12-31,world,SYR,Syrian Arab Republic,14616801.0,level
1994-12-31,world,SYR,Syrian Arab Republic,14208583.0,level
1993-12-31,world,SYR,Syrian Arab Republic,13795686.0,level
1992-12-31,world,SYR,Syrian Arab Republic,13385571.0,level
1991-12-31,world,SYR,Syrian Arab Republic,12980821.0,level
1990-12-31,world,SYR,Syrian Arab Republic,12579208.0,level
1989-12-31,world,SYR,Syrian Arab Republic,12179060.0,level
1988-12-31,world,SYR,Syrian Arab Republic,11782264.0,level
1987-12-31,world,SYR,Syrian Arab Republic,11388923.0,level
1986-12-31,world,SYR,Syrian Arab Republic,11002844.0,level
1985-12-31,world,SYR,Syrian Arab Republic,10625672.0,level
1984-12-31,world,SYR,Syrian Arab Republic,10258398.0,level
1983-12-31,world,SYR,Syrian Arab Republic,9904809.0,level
1982-12-31,world,SYR,Syrian Arab Republic,9572511.0,level
1981-12-31,world,SYR,Syrian Arab Republic,9260189.0,level
1980-12-31,world,SYR,Syrian Arab Republic,8957663.0,level
1979-12-31,world,SYR,Syrian Arab Republic,8661909.0,level
1978-12-31,world,SYR,Syrian Arab Republic,8372759.0,level
1977-12-31,world,SYR,Syrian Arab Republic,8090501.0,level
1976-12-31,world,SYR,Syrian Arab Republic,7817320.0,level
1975-12-31,world,SYR,Syrian Arab Republic,7554364.0,level
1974-12-31,world,SYR,Syrian Arab Republic,7302160.0,level
1973-12-31,world,SYR,Syrian Arab Republic,7060321.0,level
1972-12-31,world,SYR,Syrian Arab Republic,6826024.0,level
1971-12-31,world,SYR,Syrian Arab Republic,6598094.0,level
1970-12-31,world,SYR,Syrian Arab Republic,6380609.0,level
1969-12-31,world,SYR,Syrian Arab Republic,6175166.0,level
1968-12-31,world,SYR,Syrian Arab Republic,5978742.0,level
1967-12-31,world,SYR,Syrian Arab Republic,5790198.0,level
1966-12-31,world,SYR,Syrian Arab Republic,5609047.0,level
1965-12-31,world,SYR,Syrian Arab Republic,5435267.0,level
1964-12-31,world,SYR,Syrian Arab Republic,5269087.0,level
1963-12-31,world,SYR,Syrian Arab Republic,5110467.0,level
1962-12-31,world,SYR,Syrian Arab Republic,4959340.0,level
1961-12-31,world,SYR,Syrian Arab Republic,4815466.0,level
1960-12-31,world,SYR,Syrian Arab Republic,4673500.0,level
2025-12-31,world,TJK,Tajikistan,10786734.0,level
2024-12-31,world,TJK,Tajikistan,10590927.0,level
2023-12-31,world,TJK,Tajikistan,10389799.0,level
2022-12-31,world,TJK,Tajikistan,10182222.0,level
2021-12-31,world,TJK,Tajikistan,9966908.0,level
2020-12-31,world,TJK,Tajikistan,9749310.0,level
2019-12-31,world,TJK,Tajikistan,9529966.0,level
2018-12-31,world,TJK,Tajikistan,9307333.0,level
2017-12-31,world,TJK,Tajikistan,9085946.0,level
2016-12-31,world,TJK,Tajikistan,8865631.0,level
2015-12-31,world,TJK,Tajikistan,8643840.0,level
2014-12-31,world,TJK,Tajikistan,8425552.0,level
2013-12-31,world,TJK,Tajikistan,8216724.0,level
2012-12-31,world,TJK,Tajikistan,8014084.0,level
2011-12-31,world,TJK,Tajikistan,7824785.0,level
2010-12-31,world,TJK,Tajikistan,7652141.0,level
2009-12-31,world,TJK,Tajikistan,7490230.0,level
2008-12-31,world,TJK,Tajikistan,7338403.0,level
2007-12-31,world,TJK,Tajikistan,7194477.0,level
2006-12-31,world,TJK,Tajikistan,7057566.0,level
2005-12-31,world,TJK,Tajikistan,6924720.0,level
2004-12-31,world,TJK,Tajikistan,6790547.0,level
2003-12-31,world,TJK,Tajikistan,6658575.0,level
2002-12-31,world,TJK,Tajikistan,6531669.0,level
2001-12-31,world,TJK,Tajikistan,6407377.0,level
2000-12-31,world,TJK,Tajikistan,6284735.0,level
1999-12-31,world,TJK,Tajikistan,6208370.0,level
1998-12-31,world,TJK,Tajikistan,6176397.0,level
1997-12-31,world,TJK,Tajikistan,6139829.0,level
1996-12-31,world,TJK,Tajikistan,6066523.0,level
1995-12-31,world,TJK,Tajikistan,5948584.0,level
1994-12-31,world,TJK,Tajikistan,5825368.0,level
1993-12-31,world,TJK,Tajikistan,5724993.0,level
1992-12-31,world,TJK,Tajikistan,5649400.0,level
1991-12-31,world,TJK,Tajikistan,5541205.0,level
1990-12-31,world,TJK,Tajikistan,5398768.0,level
1989-12-31,world,TJK,Tajikistan,5267249.0,level
1988-12-31,world,TJK,Tajikistan,5114989.0,level
1987-12-31,world,TJK,Tajikistan,4939059.0,level
1986-12-31,world,TJK,Tajikistan,4772139.0,level
1985-12-31,world,TJK,Tajikistan,4619003.0,level
1984-12-31,world,TJK,Tajikistan,4480026.0,level
1983-12-31,world,TJK,Tajikistan,4350874.0,level
1982-12-31,world,TJK,Tajikistan,4227171.0,level
1981-12-31,world,TJK,Tajikistan,4109022.0,level
1980-12-31,world,TJK,Tajikistan,3995256.0,level
1979-12-31,world,TJK,Tajikistan,3882691.0,level
1978-12-31,world,TJK,Tajikistan,3768508.0,level
1977-12-31,world,TJK,Tajikistan,3653265.0,level
1976-12-31,world,TJK,Tajikistan,3540076.0,level
1975-12-31,world,TJK,Tajikistan,3430425.0,level
1974-12-31,world,TJK,Tajikistan,3324499.0,level
1973-12-31,world,TJK,Tajikistan,3222290.0,level
1972-12-31,world,TJK,Tajikistan,3123691.0,level
1971-12-31,world,TJK,Tajikistan,3028837.0,level
1970-12-31,world,TJK,Tajikistan,2936779.0,level
1969-12-31,world,TJK,Tajikistan,2845273.0,level
1968-12-31,world,TJK,Tajikistan,2753848.0,level
1967-12-31,world,TJK,Tajikistan,2664130.0,level
1966-12-31,world,TJK,Tajikistan,2577184.0,level
1965-12-31,world,TJK,Tajikistan,2492998.0,level
1964-12-31,world,TJK,Tajikistan,2411260.0,level
1963-12-31,world,TJK,Tajikistan,2331736.0,level
1962-12-31,world,TJK,Tajikistan,2255026.0,level
1961-12-31,world,TJK,Tajikistan,2181805.0,level
1960-12-31,world,TJK,Tajikistan,2112131.0,level
2025-12-31,world,TZA,Tanzania,70545865.0,level
2024-12-31,world,TZA,Tanzania,68560157.0,level
2023-12-31,world,TZA,Tanzania,66617606.0,level
2022-12-31,world,TZA,Tanzania,64711821.0,level
2021-12-31,world,TZA,Tanzania,62830412.0,level
2020-12-31,world,TZA,Tanzania,60972798.0,level
2019-12-31,world,TZA,Tanzania,59174891.0,level
2018-12-31,world,TZA,Tanzania,57437145.0,level
2017-12-31,world,TZA,Tanzania,55652890.0,level
2016-12-31,world,TZA,Tanzania,53824013.0,level
2015-12-31,world,TZA,Tanzania,52020962.0,level
2014-12-31,world,TZA,Tanzania,50351512.0,level
2013-12-31,world,TZA,Tanzania,48824128.0,level
2012-12-31,world,TZA,Tanzania,47374260.0,level
2011-12-31,world,TZA,Tanzania,46029367.0,level
2010-12-31,world,TZA,Tanzania,44758488.0,level
2009-12-31,world,TZA,Tanzania,43633982.0,level
2008-12-31,world,TZA,Tanzania,42570728.0,level
2007-12-31,world,TZA,Tanzania,41435512.0,level
2006-12-31,world,TZA,Tanzania,40294902.0,level
2005-12-31,world,TZA,Tanzania,39182076.0,level
2004-12-31,world,TZA,Tanzania,38109668.0,level
2003-12-31,world,TZA,Tanzania,37089555.0,level
2002-12-31,world,TZA,Tanzania,36121304.0,level
2001-12-31,world,TZA,Tanzania,35198299.0,level
2000-12-31,world,TZA,Tanzania,34260139.0,level
1999-12-31,world,TZA,Tanzania,33300330.0,level
1998-12-31,world,TZA,Tanzania,32420458.0,level
1997-12-31,world,TZA,Tanzania,31578089.0,level
1996-12-31,world,TZA,Tanzania,30945762.0,level
1995-12-31,world,TZA,Tanzania,30383497.0,level
1994-12-31,world,TZA,Tanzania,29442356.0,level
1993-12-31,world,TZA,Tanzania,28332692.0,level
1992-12-31,world,TZA,Tanzania,27457588.0,level
1991-12-31,world,TZA,Tanzania,26780436.0,level
1990-12-31,world,TZA,Tanzania,26110207.0,level
1989-12-31,world,TZA,Tanzania,25438759.0,level
1988-12-31,world,TZA,Tanzania,24769686.0,level
1987-12-31,world,TZA,Tanzania,24030378.0,level
1986-12-31,world,TZA,Tanzania,23258959.0,level
1985-12-31,world,TZA,Tanzania,22501693.0,level
1984-12-31,world,TZA,Tanzania,21779066.0,level
1983-12-31,world,TZA,Tanzania,21079874.0,level
1982-12-31,world,TZA,Tanzania,20398571.0,level
1981-12-31,world,TZA,Tanzania,19784703.0,level
1980-12-31,world,TZA,Tanzania,19189769.0,level
1979-12-31,world,TZA,Tanzania,18592038.0,level
1978-12-31,world,TZA,Tanzania,17976566.0,level
1977-12-31,world,TZA,Tanzania,17352929.0,level
1976-12-31,world,TZA,Tanzania,16736211.0,level
1975-12-31,world,TZA,Tanzania,16138361.0,level
1974-12-31,world,TZA,Tanzania,15561630.0,level
1973-12-31,world,TZA,Tanzania,15010101.0,level
1972-12-31,world,TZA,Tanzania,14479308.0,level
1971-12-31,world,TZA,Tanzania,13971451.0,level
1970-12-31,world,TZA,Tanzania,13492677.0,level
1969-12-31,world,TZA,Tanzania,13036700.0,level
1968-12-31,world,TZA,Tanzania,12602076.0,level
1967-12-31,world,TZA,Tanzania,12200109.0,level
1966-12-31,world,TZA,Tanzania,11827459.0,level
1965-12-31,world,TZA,Tanzania,11470728.0,level
1964-12-31,world,TZA,Tanzania,11127826.0,level
1963-12-31,world,TZA,Tanzania,10799528.0,level
1962-12-31,world,TZA,Tanzania,10487756.0,level
1961-12-31,world,TZA,Tanzania,10187886.0,level
1960-12-31,world,TZA,Tanzania,9901419.0,level
2025-12-31,world,THA,Thailand,71619863.0,level
2024-12-31,world,THA,Thailand,71668011.0,level
2023-12-31,world,THA,Thailand,71702435.0,level
2022-12-31,world,THA,Thailand,71735329.0,level
2021-12-31,world,THA,Thailand,71727332.0,level
2020-12-31,world,THA,Thailand,71641484.0,level
2019-12-31,world,THA,Thailand,71522271.0,level
2018-12-31,world,THA,Thailand,71376079.0,level
2017-12-31,world,THA,Thailand,71160187.0,level
2016-12-31,world,THA,Thailand,70859841.0,level
2015-12-31,world,THA,Thailand,70540795.0,level
2014-12-31,world,THA,Thailand,70216367.0,level
2013-12-31,world,THA,Thailand,69845114.0,level
2012-12-31,world,THA,Thailand,69436098.0,level
2011-12-31,world,THA,Thailand,69007208.0,level
2010-12-31,world,THA,Thailand,68579447.0,level
2009-12-31,world,THA,Thailand,68121080.0,level
2008-12-31,world,THA,Thailand,67619830.0,level
2007-12-31,world,THA,Thailand,67102394.0,level
2006-12-31,world,THA,Thailand,66567687.0,level
2005-12-31,world,THA,Thailand,66017420.0,level
2004-12-31,world,THA,Thailand,65452047.0,level
2003-12-31,world,THA,Thailand,64868166.0,level
2002-12-31,world,THA,Thailand,64266437.0,level
2001-12-31,world,THA,Thailand,63651141.0,level
2000-12-31,world,THA,Thailand,63007815.0,level
1999-12-31,world,THA,Thailand,62299043.0,level
1998-12-31,world,THA,Thailand,61522630.0,level
1997-12-31,world,THA,Thailand,60724584.0,level
1996-12-31,world,THA,Thailand,59920064.0,level
1995-12-31,world,THA,Thailand,59098232.0,level
1994-12-31,world,THA,Thailand,58260854.0,level
1993-12-31,world,THA,Thailand,57408198.0,level
1992-12-31,world,THA,Thailand,56528834.0,level
1991-12-31,world,THA,Thailand,55637434.0,level
1990-12-31,world,THA,Thailand,54738329.0,level
1989-12-31,world,THA,Thailand,53848956.0,level
1988-12-31,world,THA,Thailand,52969595.0,level
1987-12-31,world,THA,Thailand,52074105.0,level
1986-12-31,world,THA,Thailand,51177834.0,level
1985-12-31,world,THA,Thailand,50270753.0,level
1984-12-31,world,THA,Thailand,49351708.0,level
1983-12-31,world,THA,Thailand,48423309.0,level
1982-12-31,world,THA,Thailand,47494577.0,level
1981-12-31,world,THA,Thailand,46575855.0,level
1980-12-31,world,THA,Thailand,45650022.0,level
1979-12-31,world,THA,Thailand,44718434.0,level
1978-12-31,world,THA,Thailand,43788976.0,level
1977-12-31,world,THA,Thailand,42843974.0,level
1976-12-31,world,THA,Thailand,41896504.0,level
1975-12-31,world,THA,Thailand,40940005.0,level
1974-12-31,world,THA,Thailand,39952891.0,level
1973-12-31,world,THA,Thailand,38947787.0,level
1972-12-31,world,THA,Thailand,37933929.0,level
1971-12-31,world,THA,Thailand,36937387.0,level
1970-12-31,world,THA,Thailand,35954408.0,level
1969-12-31,world,THA,Thailand,34973782.0,level
1968-12-31,world,THA,Thailand,34002560.0,level
1967-12-31,world,THA,Thailand,33037801.0,level
1966-12-31,world,THA,Thailand,32086071.0,level
1965-12-31,world,THA,Thailand,31149337.0,level
1964-12-31,world,THA,Thailand,30232141.0,level
1963-12-31,world,THA,Thailand,29342322.0,level
1962-12-31,world,THA,Thailand,28481040.0,level
1961-12-31,world,THA,Thailand,27650334.0,level
1960-12-31,world,THA,Thailand,26851747.0,level
2025-12-31,world,TLS,Timor-Leste,1418517.0,level
2024-12-31,world,TLS,Timor-Leste,1400638.0,level
2023-12-31,world,TLS,Timor-Leste,1384286.0,level
2022-12-31,world,TLS,Timor-Leste,1369295.0,level
2021-12-31,world,TLS,Timor-Leste,1350139.0,level
2020-12-31,world,TLS,Timor-Leste,1326053.0,level
2019-12-31,world,TLS,Timor-Leste,1300945.0,level
2018-12-31,world,TLS,Timor-Leste,1275959.0,level
2017-12-31,world,TLS,Timor-Leste,1251703.0,level
2016-12-31,world,TLS,Timor-Leste,1228312.0,level
2015-12-31,world,TLS,Timor-Leste,1205131.0,level
2014-12-31,world,TLS,Timor-Leste,1181903.0,level
2013-12-31,world,TLS,Timor-Leste,1158695.0,level
2012-12-31,world,TLS,Timor-Leste,1134885.0,level
2011-12-31,world,TLS,Timor-Leste,1110207.0,level
2010-12-31,world,TLS,Timor-Leste,1084679.0,level
2009-12-31,world,TLS,Timor-Leste,1058782.0,level
2008-12-31,world,TLS,Timor-Leste,1032429.0,level
2007-12-31,world,TLS,Timor-Leste,1004889.0,level
2006-12-31,world,TLS,Timor-Leste,976597.0,level
2005-12-31,world,TLS,Timor-Leste,948311.0,level
2004-12-31,world,TLS,Timor-Leste,929074.0,level
2003-12-31,world,TLS,Timor-Leste,916878.0,level
2002-12-31,world,TLS,Timor-Leste,879159.0,level
2001-12-31,world,TLS,Timor-Leste,812249.0,level
2000-12-31,world,TLS,Timor-Leste,745088.0,level
1999-12-31,world,TLS,Timor-Leste,834697.0,level
1998-12-31,world,TLS,Timor-Leste,942530.0,level
1997-12-31,world,TLS,Timor-Leste,917184.0,level
1996-12-31,world,TLS,Timor-Leste,892282.0,level
1995-12-31,world,TLS,Timor-Leste,868146.0,level
1994-12-31,world,TLS,Timor-Leste,844493.0,level
1993-12-31,world,TLS,Timor-Leste,821437.0,level
1992-12-31,world,TLS,Timor-Leste,799318.0,level
1991-12-31,world,TLS,Timor-Leste,778278.0,level
1990-12-31,world,TLS,Timor-Leste,760345.0,level
1989-12-31,world,TLS,Timor-Leste,744856.0,level
1988-12-31,world,TLS,Timor-Leste,730745.0,level
1987-12-31,world,TLS,Timor-Leste,718476.0,level
1986-12-31,world,TLS,Timor-Leste,707185.0,level
1985-12-31,world,TLS,Timor-Leste,696665.0,level
1984-12-31,world,TLS,Timor-Leste,686777.0,level
1983-12-31,world,TLS,Timor-Leste,677707.0,level
1982-12-31,world,TLS,Timor-Leste,669149.0,level
1981-12-31,world,TLS,Timor-Leste,660493.0,level
1980-12-31,world,TLS,Timor-Leste,649871.0,level
1979-12-31,world,TLS,Timor-Leste,638719.0,level
1978-12-31,world,TLS,Timor-Leste,628775.0,level
1977-12-31,world,TLS,Timor-Leste,618315.0,level
1976-12-31,world,TLS,Timor-Leste,607620.0,level
1975-12-31,world,TLS,Timor-Leste,598158.0,level
1974-12-31,world,TLS,Timor-Leste,590827.0,level
1973-12-31,world,TLS,Timor-Leste,582855.0,level
1972-12-31,world,TLS,Timor-Leste,572962.0,level
1971-12-31,world,TLS,Timor-Leste,562966.0,level
1970-12-31,world,TLS,Timor-Leste,553069.0,level
1969-12-31,world,TLS,Timor-Leste,543356.0,level
1968-12-31,world,TLS,Timor-Leste,533875.0,level
1967-12-31,world,TLS,Timor-Leste,524648.0,level
1966-12-31,world,TLS,Timor-Leste,515696.0,level
1965-12-31,world,TLS,Timor-Leste,507034.0,level
1964-12-31,world,TLS,Timor-Leste,498659.0,level
1963-12-31,world,TLS,Timor-Leste,490564.0,level
1962-12-31,world,TLS,Timor-Leste,482774.0,level
1961-12-31,world,TLS,Timor-Leste,475291.0,level
1960-12-31,world,TLS,Timor-Leste,468118.0,level
2025-12-31,world,TGO,Togo,8591626.0,level
2024-12-31,world,TGO,Togo,8406558.0,level
2023-12-31,world,TGO,Togo,8223850.0,level
2022-12-31,world,TGO,Togo,8068616.0,level
2021-12-31,world,TGO,Togo,7936176.0,level
2020-12-31,world,TGO,Togo,7788054.0,level
2019-12-31,world,TGO,Togo,7619925.0,level
2018-12-31,world,TGO,Togo,7458206.0,level
2017-12-31,world,TGO,Togo,7324386.0,level
2016-12-31,world,TGO,Togo,7200884.0,level
2015-12-31,world,TGO,Togo,7071502.0,level
2014-12-31,world,TGO,Togo,6937644.0,level
2013-12-31,world,TGO,Togo,6798848.0,level
2012-12-31,world,TGO,Togo,6653718.0,level
2011-12-31,world,TGO,Togo,6500582.0,level
2010-12-31,world,TGO,Togo,6325788.0,level
2009-12-31,world,TGO,Togo,6130946.0,level
2008-12-31,world,TGO,Togo,5936138.0,level
2007-12-31,world,TGO,Togo,5748443.0,level
2006-12-31,world,TGO,Togo,5569664.0,level
2005-12-31,world,TGO,Togo,5413154.0,level
2004-12-31,world,TGO,Togo,5281320.0,level
2003-12-31,world,TGO,Togo,5154112.0,level
2002-12-31,world,TGO,Togo,5027130.0,level
2001-12-31,world,TGO,Togo,4904144.0,level
2000-12-31,world,TGO,Togo,4783722.0,level
1999-12-31,world,TGO,Togo,4665754.0,level
1998-12-31,world,TGO,Togo,4551635.0,level
1997-12-31,world,TGO,Togo,4438794.0,level
1996-12-31,world,TGO,Togo,4291136.0,level
1995-12-31,world,TGO,Togo,4110450.0,level
1994-12-31,world,TGO,Togo,3904183.0,level
1993-12-31,world,TGO,Togo,3887974.0,level
1992-12-31,world,TGO,Togo,3932581.0,level
1991-12-31,world,TGO,Togo,3822636.0,level
1990-12-31,world,TGO,Togo,3714021.0,level
1989-12-31,world,TGO,Togo,3606918.0,level
1988-12-31,world,TGO,Togo,3501545.0,level
1987-12-31,world,TGO,Togo,3397614.0,level
1986-12-31,world,TGO,Togo,3296340.0,level
1985-12-31,world,TGO,Togo,3194539.0,level
1984-12-31,world,TGO,Togo,3105743.0,level
1983-12-31,world,TGO,Togo,3033077.0,level
1982-12-31,world,TGO,Togo,2961652.0,level
1981-12-31,world,TGO,Togo,2879440.0,level
1980-12-31,world,TGO,Togo,2791408.0,level
1979-12-31,world,TGO,Togo,2714349.0,level
1978-12-31,world,TGO,Togo,2646501.0,level
1977-12-31,world,TGO,Togo,2583984.0,level
1976-12-31,world,TGO,Togo,2523488.0,level
1975-12-31,world,TGO,Togo,2463796.0,level
1974-12-31,world,TGO,Togo,2404292.0,level
1973-12-31,world,TGO,Togo,2344510.0,level
1972-12-31,world,TGO,Togo,2283863.0,level
1971-12-31,world,TGO,Togo,2219826.0,level
1970-12-31,world,TGO,Togo,2149478.0,level
1969-12-31,world,TGO,Togo,2043416.0,level
1968-12-31,world,TGO,Togo,1953523.0,level
1967-12-31,world,TGO,Togo,1912764.0,level
1966-12-31,world,TGO,Togo,1873489.0,level
1965-12-31,world,TGO,Togo,1835588.0,level
1964-12-31,world,TGO,Togo,1799410.0,level
1963-12-31,world,TGO,Togo,1765072.0,level
1962-12-31,world,TGO,Togo,1732959.0,level
1961-12-31,world,TGO,Togo,1702717.0,level
1960-12-31,world,TGO,Togo,1673110.0,level
2025-12-31,world,TON,Tonga,103742.0,level
2024-12-31,world,TON,Tonga,104175.0,level
2023-12-31,world,TON,Tonga,104597.0,level
2022-12-31,world,TON,Tonga,105042.0,level
2021-12-31,world,TON,Tonga,105490.0,level
2020-12-31,world,TON,Tonga,105704.0,level
2019-12-31,world,TON,Tonga,105669.0,level
2018-12-31,world,TON,Tonga,105567.0,level
2017-12-31,world,TON,Tonga,105356.0,level
2016-12-31,world,TON,Tonga,105524.0,level
2015-12-31,world,TON,Tonga,106095.0,level
2014-12-31,world,TON,Tonga,106609.0,level
2013-12-31,world,TON,Tonga,107078.0,level
2012-12-31,world,TON,Tonga,107460.0,level
2011-12-31,world,TON,Tonga,107570.0,level
2010-12-31,world,TON,Tonga,107400.0,level
2009-12-31,world,TON,Tonga,107203.0,level
2008-12-31,world,TON,Tonga,107020.0,level
2007-12-31,world,TON,Tonga,106726.0,level
2006-12-31,world,TON,Tonga,106253.0,level
2005-12-31,world,TON,Tonga,105671.0,level
2004-12-31,world,TON,Tonga,105071.0,level
2003-12-31,world,TON,Tonga,104464.0,level
2002-12-31,world,TON,Tonga,103874.0,level
2001-12-31,world,TON,Tonga,103288.0,level
2000-12-31,world,TON,Tonga,102677.0,level
1999-12-31,world,TON,Tonga,102046.0,level
1998-12-31,world,TON,Tonga,101388.0,level
1997-12-31,world,TON,Tonga,100674.0,level
1996-12-31,world,TON,Tonga,100275.0,level
1995-12-31,world,TON,Tonga,100225.0,level
1994-12-31,world,TON,Tonga,100166.0,level
1993-12-31,world,TON,Tonga,100103.0,level
1992-12-31,world,TON,Tonga,100022.0,level
1991-12-31,world,TON,Tonga,99895.0,level
1990-12-31,world,TON,Tonga,99700.0,level
1989-12-31,world,TON,Tonga,99403.0,level
1988-12-31,world,TON,Tonga,98969.0,level
1987-12-31,world,TON,Tonga,98376.0,level
1986-12-31,world,TON,Tonga,98010.0,level
1985-12-31,world,TON,Tonga,97984.0,level
1984-12-31,world,TON,Tonga,97990.0,level
1983-12-31,world,TON,Tonga,97998.0,level
1982-12-31,world,TON,Tonga,97980.0,level
1981-12-31,world,TON,Tonga,97909.0,level
1980-12-31,world,TON,Tonga,97769.0,level
1979-12-31,world,TON,Tonga,97544.0,level
1978-12-31,world,TON,Tonga,97204.0,level
1977-12-31,world,TON,Tonga,96725.0,level
1976-12-31,world,TON,Tonga,95325.0,level
1975-12-31,world,TON,Tonga,93017.0,level
1974-12-31,world,TON,Tonga,90683.0,level
1973-12-31,world,TON,Tonga,88805.0,level
1972-12-31,world,TON,Tonga,87356.0,level
1971-12-31,world,TON,Tonga,85896.0,level
1970-12-31,world,TON,Tonga,84401.0,level
1969-12-31,world,TON,Tonga,82885.0,level
1968-12-31,world,TON,Tonga,81353.0,level
1967-12-31,world,TON,Tonga,79814.0,level
1966-12-31,world,TON,Tonga,78002.0,level
1965-12-31,world,TON,Tonga,75924.0,level
1964-12-31,world,TON,Tonga,73879.0,level
1963-12-31,world,TON,Tonga,71885.0,level
1962-12-31,world,TON,Tonga,69940.0,level
1961-12-31,world,TON,Tonga,68037.0,level
1960-12-31,world,TON,Tonga,66170.0,level
2025-12-31,world,TTO,Trinidad and Tobago,1367764.0,level
2024-12-31,world,TTO,Trinidad and Tobago,1368333.0,level
2023-12-31,world,TTO,Trinidad and Tobago,1367510.0,level
2022-12-31,world,TTO,Trinidad and Tobago,1365805.0,level
2021-12-31,world,TTO,Trinidad and Tobago,1367558.0,level
2020-12-31,world,TTO,Trinidad and Tobago,1366725.0,level
2019-12-31,world,TTO,Trinidad and Tobago,1363985.0,level
2018-12-31,world,TTO,Trinidad and Tobago,1359193.0,level
2017-12-31,world,TTO,Trinidad and Tobago,1356633.0,level
2016-12-31,world,TTO,Trinidad and Tobago,1353895.0,level
2015-12-31,world,TTO,Trinidad and Tobago,1349667.0,level
2014-12-31,world,TTO,Trinidad and Tobago,1345343.0,level
2013-12-31,world,TTO,Trinidad and Tobago,1340557.0,level
2012-12-31,world,TTO,Trinidad and Tobago,1335194.0,level
2011-12-31,world,TTO,Trinidad and Tobago,1328019.0,level
2010-12-31,world,TTO,Trinidad and Tobago,1317714.0,level
2009-12-31,world,TTO,Trinidad and Tobago,1310106.0,level
2008-12-31,world,TTO,Trinidad and Tobago,1308587.0,level
2007-12-31,world,TTO,Trinidad and Tobago,1303188.0,level
2006-12-31,world,TTO,Trinidad and Tobago,1297944.0,level
2005-12-31,world,TTO,Trinidad and Tobago,1294494.0,level
2004-12-31,world,TTO,Trinidad and Tobago,1345380.0,level
2003-12-31,world,TTO,Trinidad and Tobago,1338709.0,level
2002-12-31,world,TTO,Trinidad and Tobago,1332011.0,level
2001-12-31,world,TTO,Trinidad and Tobago,1325567.0,level
2000-12-31,world,TTO,Trinidad and Tobago,1319774.0,level
1999-12-31,world,TTO,Trinidad and Tobago,1314708.0,level
1998-12-31,world,TTO,Trinidad and Tobago,1310225.0,level
1997-12-31,world,TTO,Trinidad and Tobago,1305836.0,level
1996-12-31,world,TTO,Trinidad and Tobago,1300928.0,level
1995-12-31,world,TTO,Trinidad and Tobago,1295169.0,level
1994-12-31,world,TTO,Trinidad and Tobago,1288341.0,level
1993-12-31,world,TTO,Trinidad and Tobago,1280466.0,level
1992-12-31,world,TTO,Trinidad and Tobago,1271674.0,level
1991-12-31,world,TTO,Trinidad and Tobago,1262171.0,level
1990-12-31,world,TTO,Trinidad and Tobago,1252208.0,level
1989-12-31,world,TTO,Trinidad and Tobago,1241600.0,level
1988-12-31,world,TTO,Trinidad and Tobago,1230069.0,level
1987-12-31,world,TTO,Trinidad and Tobago,1217364.0,level
1986-12-31,world,TTO,Trinidad and Tobago,1203124.0,level
1985-12-31,world,TTO,Trinidad and Tobago,1187366.0,level
1984-12-31,world,TTO,Trinidad and Tobago,1172984.0,level
1983-12-31,world,TTO,Trinidad and Tobago,1160534.0,level
1982-12-31,world,TTO,Trinidad and Tobago,1147927.0,level
1981-12-31,world,TTO,Trinidad and Tobago,1135132.0,level
1980-12-31,world,TTO,Trinidad and Tobago,1121744.0,level
1979-12-31,world,TTO,Trinidad and Tobago,1107639.0,level
1978-12-31,world,TTO,Trinidad and Tobago,1093380.0,level
1977-12-31,world,TTO,Trinidad and Tobago,1079554.0,level
1976-12-31,world,TTO,Trinidad and Tobago,1066311.0,level
1975-12-31,world,TTO,Trinidad and Tobago,1053469.0,level
1974-12-31,world,TTO,Trinidad and Tobago,1040761.0,level
1973-12-31,world,TTO,Trinidad and Tobago,1027851.0,level
1972-12-31,world,TTO,Trinidad and Tobago,1014921.0,level
1971-12-31,world,TTO,Trinidad and Tobago,1002585.0,level
1970-12-31,world,TTO,Trinidad and Tobago,991471.0,level
1969-12-31,world,TTO,Trinidad and Tobago,980706.0,level
1968-12-31,world,TTO,Trinidad and Tobago,969006.0,level
1967-12-31,world,TTO,Trinidad and Tobago,956418.0,level
1966-12-31,world,TTO,Trinidad and Tobago,942937.0,level
1965-12-31,world,TTO,Trinidad and Tobago,928425.0,level
1964-12-31,world,TTO,Trinidad and Tobago,912963.0,level
1963-12-31,world,TTO,Trinidad and Tobago,896804.0,level
1962-12-31,world,TTO,Trinidad and Tobago,880194.0,level
1961-12-31,world,TTO,Trinidad and Tobago,863144.0,level
1960-12-31,world,TTO,Trinidad and Tobago,844943.0,level
2025-12-31,world,TUN,Tunisia,12348573.0,level
2024-12-31,world,TUN,Tunisia,12277109.0,level
2023-12-31,world,TUN,Tunisia,12200431.0,level
2022-12-31,world,TUN,Tunisia,12119334.0,level
2021-12-31,world,TUN,Tunisia,12048622.0,level
2020-12-31,world,TUN,Tunisia,11974057.0,level
2019-12-31,world,TUN,Tunisia,11875081.0,level
2018-12-31,world,TUN,Tunisia,11765514.0,level
2017-12-31,world,TUN,Tunisia,11650498.0,level
2016-12-31,world,TUN,Tunisia,11528674.0,level
2015-12-31,world,TUN,Tunisia,11402264.0,level
2014-12-31,world,TUN,Tunisia,11274288.0,level
2013-12-31,world,TUN,Tunisia,11141361.0,level
2012-12-31,world,TUN,Tunisia,11009647.0,level
2011-12-31,world,TUN,Tunisia,10886035.0,level
2010-12-31,world,TUN,Tunisia,10765980.0,level
2009-12-31,world,TUN,Tunisia,10650681.0,level
2008-12-31,world,TUN,Tunisia,10542635.0,level
2007-12-31,world,TUN,Tunisia,10441702.0,level
2006-12-31,world,TUN,Tunisia,10346410.0,level
2005-12-31,world,TUN,Tunisia,10255472.0,level
2004-12-31,world,TUN,Tunisia,10166163.0,level
2003-12-31,world,TUN,Tunisia,10071632.0,level
2002-12-31,world,TUN,Tunisia,9971515.0,level
2001-12-31,world,TUN,Tunisia,9869677.0,level
2000-12-31,world,TUN,Tunisia,9764935.0,level
1999-12-31,world,TUN,Tunisia,9655963.0,level
1998-12-31,world,TUN,Tunisia,9541667.0,level
1997-12-31,world,TUN,Tunisia,9421270.0,level
1996-12-31,world,TUN,Tunisia,9294432.0,level
1995-12-31,world,TUN,Tunisia,9161258.0,level
1994-12-31,world,TUN,Tunisia,9018448.0,level
1993-12-31,world,TUN,Tunisia,8857910.0,level
1992-12-31,world,TUN,Tunisia,8682512.0,level
1991-12-31,world,TUN,Tunisia,8501827.0,level
1990-12-31,world,TUN,Tunisia,8324509.0,level
1989-12-31,world,TUN,Tunisia,8151660.0,level
1988-12-31,world,TUN,Tunisia,7974440.0,level
1987-12-31,world,TUN,Tunisia,7789987.0,level
1986-12-31,world,TUN,Tunisia,7600301.0,level
1985-12-31,world,TUN,Tunisia,7409903.0,level
1984-12-31,world,TUN,Tunisia,7220044.0,level
1983-12-31,world,TUN,Tunisia,7053800.0,level
1982-12-31,world,TUN,Tunisia,6908642.0,level
1981-12-31,world,TUN,Tunisia,6758284.0,level
1980-12-31,world,TUN,Tunisia,6606195.0,level
1979-12-31,world,TUN,Tunisia,6456419.0,level
1978-12-31,world,TUN,Tunisia,6309390.0,level
1977-12-31,world,TUN,Tunisia,6155931.0,level
1976-12-31,world,TUN,Tunisia,5996994.0,level
1975-12-31,world,TUN,Tunisia,5839262.0,level
1974-12-31,world,TUN,Tunisia,5684674.0,level
1973-12-31,world,TUN,Tunisia,5537242.0,level
1972-12-31,world,TUN,Tunisia,5396557.0,level
1971-12-31,world,TUN,Tunisia,5261658.0,level
1970-12-31,world,TUN,Tunisia,5131396.0,level
1969-12-31,world,TUN,Tunisia,5004697.0,level
1968-12-31,world,TUN,Tunisia,4879899.0,level
1967-12-31,world,TUN,Tunisia,4760970.0,level
1966-12-31,world,TUN,Tunisia,4652287.0,level
1965-12-31,world,TUN,Tunisia,4561385.0,level
1964-12-31,world,TUN,Tunisia,4489869.0,level
1963-12-31,world,TUN,Tunisia,4427131.0,level
1962-12-31,world,TUN,Tunisia,4369136.0,level
1961-12-31,world,TUN,Tunisia,4316278.0,level
1960-12-31,world,TUN,Tunisia,4267288.0,level
2025-12-31,world,TUR,Turkiye,85878556.0,level
2024-12-31,world,TUR,Turkiye,85518661.0,level
2023-12-31,world,TUR,Turkiye,85325965.0,level
2022-12-31,world,TUR,Turkiye,84979913.0,level
2021-12-31,world,TUR,Turkiye,84147318.0,level
2020-12-31,world,TUR,Turkiye,83384680.0,level
2019-12-31,world,TUR,Turkiye,82579440.0,level
2018-12-31,world,TUR,Turkiye,81407204.0,level
2017-12-31,world,TUR,Turkiye,80312698.0,level
2016-12-31,world,TUR,Turkiye,79277962.0,level
2015-12-31,world,TUR,Turkiye,78218479.0,level
2014-12-31,world,TUR,Turkiye,77181884.0,level
2013-12-31,world,TUR,Turkiye,76147624.0,level
2012-12-31,world,TUR,Turkiye,75175827.0,level
2011-12-31,world,TUR,Turkiye,74223629.0,level
2010-12-31,world,TUR,Turkiye,73142150.0,level
2009-12-31,world,TUR,Turkiye,72039206.0,level
2008-12-31,world,TUR,Turkiye,71051678.0,level
2007-12-31,world,TUR,Turkiye,70158112.0,level
2006-12-31,world,TUR,Turkiye,70045349.0,level
2005-12-31,world,TUR,Turkiye,69329557.0,level
2004-12-31,world,TUR,Turkiye,68592617.0,level
2003-12-31,world,TUR,Turkiye,67831730.0,level
2002-12-31,world,TUR,Turkiye,67048795.0,level
2001-12-31,world,TUR,Turkiye,66245128.0,level
2000-12-31,world,TUR,Turkiye,65425961.0,level
1999-12-31,world,TUR,Turkiye,64591923.0,level
1998-12-31,world,TUR,Turkiye,63734383.0,level
1997-12-31,world,TUR,Turkiye,62852966.0,level
1996-12-31,world,TUR,Turkiye,61951134.0,level
1995-12-31,world,TUR,Turkiye,61024503.0,level
1994-12-31,world,TUR,Turkiye,60033836.0,level
1993-12-31,world,TUR,Turkiye,58999167.0,level
1992-12-31,world,TUR,Turkiye,57990118.0,level
1991-12-31,world,TUR,Turkiye,57009887.0,level
1990-12-31,world,TUR,Turkiye,56015628.0,level
1989-12-31,world,TUR,Turkiye,54976723.0,level
1988-12-31,world,TUR,Turkiye,53909626.0,level
1987-12-31,world,TUR,Turkiye,52843670.0,level
1986-12-31,world,TUR,Turkiye,51777772.0,level
1985-12-31,world,TUR,Turkiye,50687115.0,level
1984-12-31,world,TUR,Turkiye,49574069.0,level
1983-12-31,world,TUR,Turkiye,48447410.0,level
1982-12-31,world,TUR,Turkiye,47322096.0,level
1981-12-31,world,TUR,Turkiye,46321190.0,level
1980-12-31,world,TUR,Turkiye,45408815.0,level
1979-12-31,world,TUR,Turkiye,44510429.0,level
1978-12-31,world,TUR,Turkiye,43645306.0,level
1977-12-31,world,TUR,Turkiye,42773298.0,level
1976-12-31,world,TUR,Turkiye,41899984.0,level
1975-12-31,world,TUR,Turkiye,41053126.0,level
1974-12-31,world,TUR,Turkiye,40210234.0,level
1973-12-31,world,TUR,Turkiye,39329533.0,level
1972-12-31,world,TUR,Turkiye,38430221.0,level
1971-12-31,world,TUR,Turkiye,37518611.0,level
1970-12-31,world,TUR,Turkiye,36638465.0,level
1969-12-31,world,TUR,Turkiye,35787774.0,level
1968-12-31,world,TUR,Turkiye,34921684.0,level
1967-12-31,world,TUR,Turkiye,34050421.0,level
1966-12-31,world,TUR,Turkiye,33177672.0,level
1965-12-31,world,TUR,Turkiye,32345220.0,level
1964-12-31,world,TUR,Turkiye,31543072.0,level
1963-12-31,world,TUR,Turkiye,30726841.0,level
1962-12-31,world,TUR,Turkiye,29916147.0,level
1961-12-31,world,TUR,Turkiye,29119238.0,level
1960-12-31,world,TUR,Turkiye,28329898.0,level
2025-12-31,world,TKM,Turkmenistan,7618847.0,level
2024-12-31,world,TKM,Turkmenistan,7494498.0,level
2023-12-31,world,TKM,Turkmenistan,7364438.0,level
2022-12-31,world,TKM,Turkmenistan,7230193.0,level
2021-12-31,world,TKM,Turkmenistan,7092043.0,level
2020-12-31,world,TKM,Turkmenistan,6949912.0,level
2019-12-31,world,TKM,Turkmenistan,6803944.0,level
2018-12-31,world,TKM,Turkmenistan,6655524.0,level
2017-12-31,world,TKM,Turkmenistan,6507061.0,level
2016-12-31,world,TKM,Turkmenistan,6360041.0,level
2015-12-31,world,TKM,Turkmenistan,6215770.0,level
2014-12-31,world,TKM,Turkmenistan,6075283.0,level
2013-12-31,world,TKM,Turkmenistan,5939341.0,level
2012-12-31,world,TKM,Turkmenistan,5808546.0,level
2011-12-31,world,TKM,Turkmenistan,5683417.0,level
2010-12-31,world,TKM,Turkmenistan,5564356.0,level
2009-12-31,world,TKM,Turkmenistan,5451592.0,level
2008-12-31,world,TKM,Turkmenistan,5345029.0,level
2007-12-31,world,TKM,Turkmenistan,5244046.0,level
2006-12-31,world,TKM,Turkmenistan,5147105.0,level
2005-12-31,world,TKM,Turkmenistan,5052257.0,level
2004-12-31,world,TKM,Turkmenistan,4958093.0,level
2003-12-31,world,TKM,Turkmenistan,4863865.0,level
2002-12-31,world,TKM,Turkmenistan,4769465.0,level
2001-12-31,world,TKM,Turkmenistan,4675409.0,level
2000-12-31,world,TKM,Turkmenistan,4582677.0,level
1999-12-31,world,TKM,Turkmenistan,4492170.0,level
1998-12-31,world,TKM,Turkmenistan,4410507.0,level
1997-12-31,world,TKM,Turkmenistan,4336730.0,level
1996-12-31,world,TKM,Turkmenistan,4263819.0,level
1995-12-31,world,TKM,Turkmenistan,4191203.0,level
1994-12-31,world,TKM,Turkmenistan,4116662.0,level
1993-12-31,world,TKM,Turkmenistan,4032407.0,level
1992-12-31,world,TKM,Turkmenistan,3944689.0,level
1991-12-31,world,TKM,Turkmenistan,3855894.0,level
1990-12-31,world,TKM,Turkmenistan,3760562.0,level
1989-12-31,world,TKM,Turkmenistan,3662459.0,level
1988-12-31,world,TKM,Turkmenistan,3559363.0,level
1987-12-31,world,TKM,Turkmenistan,3452731.0,level
1986-12-31,world,TKM,Turkmenistan,3347809.0,level
1985-12-31,world,TKM,Turkmenistan,3247534.0,level
1984-12-31,world,TKM,Turkmenistan,3154079.0,level
1983-12-31,world,TKM,Turkmenistan,3067534.0,level
1982-12-31,world,TKM,Turkmenistan,2985557.0,level
1981-12-31,world,TKM,Turkmenistan,2907187.0,level
1980-12-31,world,TKM,Turkmenistan,2832203.0,level
1979-12-31,world,TKM,Turkmenistan,2760358.0,level
1978-12-31,world,TKM,Turkmenistan,2691088.0,level
1977-12-31,world,TKM,Turkmenistan,2623948.0,level
1976-12-31,world,TKM,Turkmenistan,2558521.0,level
1975-12-31,world,TKM,Turkmenistan,2494570.0,level
1974-12-31,world,TKM,Turkmenistan,2432028.0,level
1973-12-31,world,TKM,Turkmenistan,2370919.0,level
1972-12-31,world,TKM,Turkmenistan,2311430.0,level
1971-12-31,world,TKM,Turkmenistan,2253119.0,level
1970-12-31,world,TKM,Turkmenistan,2195616.0,level
1969-12-31,world,TKM,Turkmenistan,2139024.0,level
1968-12-31,world,TKM,Turkmenistan,2083069.0,level
1967-12-31,world,TKM,Turkmenistan,2027403.0,level
1966-12-31,world,TKM,Turkmenistan,1971737.0,level
1965-12-31,world,TKM,Turkmenistan,1915916.0,level
1964-12-31,world,TKM,Turkmenistan,1859997.0,level
1963-12-31,world,TKM,Turkmenistan,1804272.0,level
1962-12-31,world,TKM,Turkmenistan,1749214.0,level
1961-12-31,world,TKM,Turkmenistan,1695400.0,level
1960-12-31,world,TKM,Turkmenistan,1643457.0,level
2025-12-31,world,TCA,Turks and Caicos Islands,46855.0,level
2024-12-31,world,TCA,Turks and Caicos Islands,46535.0,level
2023-12-31,world,TCA,Turks and Caicos Islands,46198.0,level
2022-12-31,world,TCA,Turks and Caicos Islands,45847.0,level
2021-12-31,world,TCA,Turks and Caicos Islands,45243.0,level
2020-12-31,world,TCA,Turks and Caicos Islands,44386.0,level
2019-12-31,world,TCA,Turks and Caicos Islands,43166.0,level
2018-12-31,world,TCA,Turks and Caicos Islands,41559.0,level
2017-12-31,world,TCA,Turks and Caicos Islands,39913.0,level
2016-12-31,world,TCA,Turks and Caicos Islands,38315.0,level
2015-12-31,world,TCA,Turks and Caicos Islands,36605.0,level
2014-12-31,world,TCA,Turks and Caicos Islands,35050.0,level
2013-12-31,world,TCA,Turks and Caicos Islands,33653.0,level
2012-12-31,world,TCA,Turks and Caicos Islands,32127.0,level
2011-12-31,world,TCA,Turks and Caicos Islands,30846.0,level
2010-12-31,world,TCA,Turks and Caicos Islands,29739.0,level
2009-12-31,world,TCA,Turks and Caicos Islands,28588.0,level
2008-12-31,world,TCA,Turks and Caicos Islands,27427.0,level
2007-12-31,world,TCA,Turks and Caicos Islands,26270.0,level
2006-12-31,world,TCA,Turks and Caicos Islands,25123.0,level
2005-12-31,world,TCA,Turks and Caicos Islands,23988.0,level
2004-12-31,world,TCA,Turks and Caicos Islands,22856.0,level
2003-12-31,world,TCA,Turks and Caicos Islands,21727.0,level
2002-12-31,world,TCA,Turks and Caicos Islands,20597.0,level
2001-12-31,world,TCA,Turks and Caicos Islands,19576.0,level
2000-12-31,world,TCA,Turks and Caicos Islands,18730.0,level
1999-12-31,world,TCA,Turks and Caicos Islands,17959.0,level
1998-12-31,world,TCA,Turks and Caicos Islands,17212.0,level
1997-12-31,world,TCA,Turks and Caicos Islands,16482.0,level
1996-12-31,world,TCA,Turks and Caicos Islands,15765.0,level
1995-12-31,world,TCA,Turks and Caicos Islands,15052.0,level
1994-12-31,world,TCA,Turks and Caicos Islands,14344.0,level
1993-12-31,world,TCA,Turks and Caicos Islands,13648.0,level
1992-12-31,world,TCA,Turks and Caicos Islands,12970.0,level
1991-12-31,world,TCA,Turks and Caicos Islands,12305.0,level
1990-12-31,world,TCA,Turks and Caicos Islands,11688.0,level
1989-12-31,world,TCA,Turks and Caicos Islands,11193.0,level
1988-12-31,world,TCA,Turks and Caicos Islands,10775.0,level
1987-12-31,world,TCA,Turks and Caicos Islands,10361.0,level
1986-12-31,world,TCA,Turks and Caicos Islands,9941.0,level
1985-12-31,world,TCA,Turks and Caicos Islands,9521.0,level
1984-12-31,world,TCA,Turks and Caicos Islands,9107.0,level
1983-12-31,world,TCA,Turks and Caicos Islands,8697.0,level
1982-12-31,world,TCA,Turks and Caicos Islands,8297.0,level
1981-12-31,world,TCA,Turks and Caicos Islands,7908.0,level
1980-12-31,world,TCA,Turks and Caicos Islands,7564.0,level
1979-12-31,world,TCA,Turks and Caicos Islands,7306.0,level
1978-12-31,world,TCA,Turks and Caicos Islands,7083.0,level
1977-12-31,world,TCA,Turks and Caicos Islands,6864.0,level
1976-12-31,world,TCA,Turks and Caicos Islands,6660.0,level
1975-12-31,world,TCA,Turks and Caicos Islands,6463.0,level
1974-12-31,world,TCA,Turks and Caicos Islands,6273.0,level
1973-12-31,world,TCA,Turks and Caicos Islands,6090.0,level
1972-12-31,world,TCA,Turks and Caicos Islands,5915.0,level
1971-12-31,world,TCA,Turks and Caicos Islands,5754.0,level
1970-12-31,world,TCA,Turks and Caicos Islands,5667.0,level
1969-12-31,world,TCA,Turks and Caicos Islands,5652.0,level
1968-12-31,world,TCA,Turks and Caicos Islands,5656.0,level
1967-12-31,world,TCA,Turks and Caicos Islands,5657.0,level
1966-12-31,world,TCA,Turks and Caicos Islands,5654.0,level
1965-12-31,world,TCA,Turks and Caicos Islands,5658.0,level
1964-12-31,world,TCA,Turks and Caicos Islands,5657.0,level
1963-12-31,world,TCA,Turks and Caicos Islands,5647.0,level
1962-12-31,world,TCA,Turks and Caicos Islands,5636.0,level
1961-12-31,world,TCA,Turks and Caicos Islands,5622.0,level
1960-12-31,world,TCA,Turks and Caicos Islands,5599.0,level
2025-12-31,world,TUV,Tuvalu,9492.0,level
2024-12-31,world,TUV,Tuvalu,9646.0,level
2023-12-31,world,TUV,Tuvalu,9816.0,level
2022-12-31,world,TUV,Tuvalu,9992.0,level
2021-12-31,world,TUV,Tuvalu,10194.0,level
2020-12-31,world,TUV,Tuvalu,10399.0,level
2019-12-31,world,TUV,Tuvalu,10581.0,level
2018-12-31,world,TUV,Tuvalu,10751.0,level
2017-12-31,world,TUV,Tuvalu,10869.0,level
2016-12-31,world,TUV,Tuvalu,10930.0,level
2015-12-31,world,TUV,Tuvalu,10963.0,level
2014-12-31,world,TUV,Tuvalu,10984.0,level
2013-12-31,world,TUV,Tuvalu,11001.0,level
2012-12-31,world,TUV,Tuvalu,10934.0,level
2011-12-31,world,TUV,Tuvalu,10780.0,level
2010-12-31,world,TUV,Tuvalu,10614.0,level
2009-12-31,world,TUV,Tuvalu,10461.0,level
2008-12-31,world,TUV,Tuvalu,10321.0,level
2007-12-31,world,TUV,Tuvalu,10182.0,level
2006-12-31,world,TUV,Tuvalu,10056.0,level
2005-12-31,world,TUV,Tuvalu,9940.0,level
2004-12-31,world,TUV,Tuvalu,9816.0,level
2003-12-31,world,TUV,Tuvalu,9695.0,level
2002-12-31,world,TUV,Tuvalu,9623.0,level
2001-12-31,world,TUV,Tuvalu,9586.0,level
2000-12-31,world,TUV,Tuvalu,9544.0,level
1999-12-31,world,TUV,Tuvalu,9496.0,level
1998-12-31,world,TUV,Tuvalu,9451.0,level
1997-12-31,world,TUV,Tuvalu,9400.0,level
1996-12-31,world,TUV,Tuvalu,9342.0,level
1995-12-31,world,TUV,Tuvalu,9280.0,level
1994-12-31,world,TUV,Tuvalu,9207.0,level
1993-12-31,world,TUV,Tuvalu,9126.0,level
1992-12-31,world,TUV,Tuvalu,9038.0,level
1991-12-31,world,TUV,Tuvalu,8928.0,level
1990-12-31,world,TUV,Tuvalu,8798.0,level
1989-12-31,world,TUV,Tuvalu,8662.0,level
1988-12-31,world,TUV,Tuvalu,8518.0,level
1987-12-31,world,TUV,Tuvalu,8371.0,level
1986-12-31,world,TUV,Tuvalu,8217.0,level
1985-12-31,world,TUV,Tuvalu,8046.0,level
1984-12-31,world,TUV,Tuvalu,7902.0,level
1983-12-31,world,TUV,Tuvalu,7789.0,level
1982-12-31,world,TUV,Tuvalu,7664.0,level
1981-12-31,world,TUV,Tuvalu,7526.0,level
1980-12-31,world,TUV,Tuvalu,7366.0,level
1979-12-31,world,TUV,Tuvalu,7184.0,level
1978-12-31,world,TUV,Tuvalu,6957.0,level
1977-12-31,world,TUV,Tuvalu,6686.0,level
1976-12-31,world,TUV,Tuvalu,6404.0,level
1975-12-31,world,TUV,Tuvalu,6117.0,level
1974-12-31,world,TUV,Tuvalu,5822.0,level
1973-12-31,world,TUV,Tuvalu,5681.0,level
1972-12-31,world,TUV,Tuvalu,5692.0,level
1971-12-31,world,TUV,Tuvalu,5685.0,level
1970-12-31,world,TUV,Tuvalu,5663.0,level
1969-12-31,world,TUV,Tuvalu,5631.0,level
1968-12-31,world,TUV,Tuvalu,5624.0,level
1967-12-31,world,TUV,Tuvalu,5652.0,level
1966-12-31,world,TUV,Tuvalu,5686.0,level
1965-12-31,world,TUV,Tuvalu,5715.0,level
1964-12-31,world,TUV,Tuvalu,5752.0,level
1963-12-31,world,TUV,Tuvalu,5751.0,level
1962-12-31,world,TUV,Tuvalu,5699.0,level
1961-12-31,world,TUV,Tuvalu,5648.0,level
1960-12-31,world,TUV,Tuvalu,5598.0,level
2025-12-31,world,UGA,Uganda,51384894.0,level
2024-12-31,world,UGA,Uganda,50015092.0,level
2023-12-31,world,UGA,Uganda,48656601.0,level
2022-12-31,world,UGA,Uganda,47312719.0,level
2021-12-31,world,UGA,Uganda,45910930.0,level
2020-12-31,world,UGA,Uganda,44457152.0,level
2019-12-31,world,UGA,Uganda,42999637.0,level
2018-12-31,world,UGA,Uganda,41565831.0,level
2017-12-31,world,UGA,Uganda,40177388.0,level
2016-12-31,world,UGA,Uganda,38799152.0,level
2015-12-31,world,UGA,Uganda,37531446.0,level
2014-12-31,world,UGA,Uganda,36395539.0,level
2013-12-31,world,UGA,Uganda,35337042.0,level
2012-12-31,world,UGA,Uganda,34337438.0,level
2011-12-31,world,UGA,Uganda,33354543.0,level
2010-12-31,world,UGA,Uganda,32390802.0,level
2009-12-31,world,UGA,Uganda,31451151.0,level
2008-12-31,world,UGA,Uganda,30539553.0,level
2007-12-31,world,UGA,Uganda,29653430.0,level
2006-12-31,world,UGA,Uganda,28794003.0,level
2005-12-31,world,UGA,Uganda,27963289.0,level
2004-12-31,world,UGA,Uganda,27154515.0,level
2003-12-31,world,UGA,Uganda,26352124.0,level
2002-12-31,world,UGA,Uganda,25532870.0,level
2001-12-31,world,UGA,Uganda,24745676.0,level
2000-12-31,world,UGA,Uganda,24000150.0,level
1999-12-31,world,UGA,Uganda,23257281.0,level
1998-12-31,world,UGA,Uganda,22515806.0,level
1997-12-31,world,UGA,Uganda,21856046.0,level
1996-12-31,world,UGA,Uganda,21231550.0,level
1995-12-31,world,UGA,Uganda,20665667.0,level
1994-12-31,world,UGA,Uganda,20108801.0,level
1993-12-31,world,UGA,Uganda,19445161.0,level
1992-12-31,world,UGA,Uganda,18785032.0,level
1991-12-31,world,UGA,Uganda,18155901.0,level
1990-12-31,world,UGA,Uganda,17569897.0,level
1989-12-31,world,UGA,Uganda,17010698.0,level
1988-12-31,world,UGA,Uganda,16470483.0,level
1987-12-31,world,UGA,Uganda,15954170.0,level
1986-12-31,world,UGA,Uganda,15467579.0,level
1985-12-31,world,UGA,Uganda,15023681.0,level
1984-12-31,world,UGA,Uganda,14607677.0,level
1983-12-31,world,UGA,Uganda,14221881.0,level
1982-12-31,world,UGA,Uganda,13873631.0,level
1981-12-31,world,UGA,Uganda,13556452.0,level
1980-12-31,world,UGA,Uganda,13275741.0,level
1979-12-31,world,UGA,Uganda,13002163.0,level
1978-12-31,world,UGA,Uganda,12692113.0,level
1977-12-31,world,UGA,Uganda,12359669.0,level
1976-12-31,world,UGA,Uganda,12037294.0,level
1975-12-31,world,UGA,Uganda,11725240.0,level
1974-12-31,world,UGA,Uganda,11424846.0,level
1973-12-31,world,UGA,Uganda,11144236.0,level
1972-12-31,world,UGA,Uganda,10885796.0,level
1971-12-31,world,UGA,Uganda,10618206.0,level
1970-12-31,world,UGA,Uganda,10321603.0,level
1969-12-31,world,UGA,Uganda,10014858.0,level
1968-12-31,world,UGA,Uganda,9708632.0,level
1967-12-31,world,UGA,Uganda,9408924.0,level
1966-12-31,world,UGA,Uganda,9122864.0,level
1965-12-31,world,UGA,Uganda,8849203.0,level
1964-12-31,world,UGA,Uganda,8586363.0,level
1963-12-31,world,UGA,Uganda,8333663.0,level
1962-12-31,world,UGA,Uganda,8092231.0,level
1961-12-31,world,UGA,Uganda,7862217.0,level
1960-12-31,world,UGA,Uganda,7640973.0,level
2025-12-31,world,UKR,Ukraine,38980376.0,level
2024-12-31,world,UKR,Ukraine,37860221.0,level
2023-12-31,world,UKR,Ukraine,37732836.0,level
2022-12-31,world,UKR,Ukraine,41048766.0,level
2021-12-31,world,UKR,Ukraine,44298640.0,level
2020-12-31,world,UKR,Ukraine,44680014.0,level
2019-12-31,world,UKR,Ukraine,44957458.0,level
2018-12-31,world,UKR,Ukraine,45208907.0,level
2017-12-31,world,UKR,Ukraine,45436041.0,level
2016-12-31,world,UKR,Ukraine,45616832.0,level
2015-12-31,world,UKR,Ukraine,45784896.0,level
2014-12-31,world,UKR,Ukraine,45972380.0,level
2013-12-31,world,UKR,Ukraine,46126770.0,level
2012-12-31,world,UKR,Ukraine,46210056.0,level
2011-12-31,world,UKR,Ukraine,46307853.0,level
2010-12-31,world,UKR,Ukraine,46456003.0,level
2009-12-31,world,UKR,Ukraine,46623731.0,level
2008-12-31,world,UKR,Ukraine,46819175.0,level
2007-12-31,world,UKR,Ukraine,47062798.0,level
2006-12-31,world,UKR,Ukraine,47278694.0,level
2005-12-31,world,UKR,Ukraine,47585556.0,level
2004-12-31,world,UKR,Ukraine,47979507.0,level
2003-12-31,world,UKR,Ukraine,48315136.0,level
2002-12-31,world,UKR,Ukraine,48677281.0,level
2001-12-31,world,UKR,Ukraine,49106855.0,level
2000-12-31,world,UKR,Ukraine,49556660.0,level
1999-12-31,world,UKR,Ukraine,49976446.0,level
1998-12-31,world,UKR,Ukraine,50379731.0,level
1997-12-31,world,UKR,Ukraine,50786885.0,level
1996-12-31,world,UKR,Ukraine,51226109.0,level
1995-12-31,world,UKR,Ukraine,51665539.0,level
1994-12-31,world,UKR,Ukraine,52075998.0,level
1993-12-31,world,UKR,Ukraine,52350126.0,level
1992-12-31,world,UKR,Ukraine,52323671.0,level
1991-12-31,world,UKR,Ukraine,52170961.0,level
1990-12-31,world,UKR,Ukraine,52054092.0,level
1989-12-31,world,UKR,Ukraine,51917817.0,level
1988-12-31,world,UKR,Ukraine,51724853.0,level
1987-12-31,world,UKR,Ukraine,51515732.0,level
1986-12-31,world,UKR,Ukraine,51318745.0,level
1985-12-31,world,UKR,Ukraine,51108770.0,level
1984-12-31,world,UKR,Ukraine,50887599.0,level
1983-12-31,world,UKR,Ukraine,50637029.0,level
1982-12-31,world,UKR,Ukraine,50402724.0,level
1981-12-31,world,UKR,Ukraine,50189281.0,level
1980-12-31,world,UKR,Ukraine,49955152.0,level
1979-12-31,world,UKR,Ukraine,49721381.0,level
1978-12-31,world,UKR,Ukraine,49521243.0,level
1977-12-31,world,UKR,Ukraine,49336481.0,level
1976-12-31,world,UKR,Ukraine,49120842.0,level
1975-12-31,world,UKR,Ukraine,48865229.0,level
1974-12-31,world,UKR,Ukraine,48576570.0,level
1973-12-31,world,UKR,Ukraine,48277121.0,level
1972-12-31,world,UKR,Ukraine,47946893.0,level
1971-12-31,world,UKR,Ukraine,47573287.0,level
1970-12-31,world,UKR,Ukraine,47261306.0,level
1969-12-31,world,UKR,Ukraine,46976256.0,level
1968-12-31,world,UKR,Ukraine,46614325.0,level
1967-12-31,world,UKR,Ukraine,46215988.0,level
1966-12-31,world,UKR,Ukraine,45802519.0,level
1965-12-31,world,UKR,Ukraine,45386892.0,level
1964-12-31,world,UKR,Ukraine,44951156.0,level
1963-12-31,world,UKR,Ukraine,44462372.0,level
1962-12-31,world,UKR,Ukraine,43943674.0,level
1961-12-31,world,UKR,Ukraine,43399766.0,level
1960-12-31,world,UKR,Ukraine,42824093.0,level
2025-12-31,world,ARE,United Arab Emirates,11513149.0,level
2024-12-31,world,ARE,United Arab Emirates,10986400.0,level
2023-12-31,world,ARE,United Arab Emirates,10483751.0,level
2022-12-31,world,ARE,United Arab Emirates,10074977.0,level
2021-12-31,world,ARE,United Arab Emirates,9575152.0,level
2020-12-31,world,ARE,United Arab Emirates,9401038.0,level
2019-12-31,world,ARE,United Arab Emirates,9445785.0,level
2018-12-31,world,ARE,United Arab Emirates,9346701.0,level
2017-12-31,world,ARE,United Arab Emirates,9223225.0,level
2016-12-31,world,ARE,United Arab Emirates,8935095.0,level
2015-12-31,world,ARE,United Arab Emirates,8505237.0,level
2014-12-31,world,ARE,United Arab Emirates,8059440.0,level
2013-12-31,world,ARE,United Arab Emirates,7693031.0,level
2012-12-31,world,ARE,United Arab Emirates,7391448.0,level
2011-12-31,world,ARE,United Arab Emirates,7104538.0,level
2010-12-31,world,ARE,United Arab Emirates,6869838.0,level
2009-12-31,world,ARE,United Arab Emirates,6707058.0,level
2008-12-31,world,ARE,United Arab Emirates,6302664.0,level
2007-12-31,world,ARE,United Arab Emirates,5624635.0,level
2006-12-31,world,ARE,United Arab Emirates,5009100.0,level
2005-12-31,world,ARE,United Arab Emirates,4664790.0,level
2004-12-31,world,ARE,United Arab Emirates,4428967.0,level
2003-12-31,world,ARE,United Arab Emirates,4192457.0,level
2002-12-31,world,ARE,United Arab Emirates,3956826.0,level
2001-12-31,world,ARE,United Arab Emirates,3723590.0,level
2000-12-31,world,ARE,United Arab Emirates,3493575.0,level
1999-12-31,world,ARE,United Arab Emirates,3266009.0,level
1998-12-31,world,ARE,United Arab Emirates,3040421.0,level
1997-12-31,world,ARE,United Arab Emirates,2817410.0,level
1996-12-31,world,ARE,United Arab Emirates,2597564.0,level
1995-12-31,world,ARE,United Arab Emirates,2434662.0,level
1994-12-31,world,ARE,United Arab Emirates,2328188.0,level
1993-12-31,world,ARE,United Arab Emirates,2222093.0,level
1992-12-31,world,ARE,United Arab Emirates,2114730.0,level
1991-12-31,world,ARE,United Arab Emirates,2006626.0,level
1990-12-31,world,ARE,United Arab Emirates,1898220.0,level
1989-12-31,world,ARE,United Arab Emirates,1789851.0,level
1988-12-31,world,ARE,United Arab Emirates,1681788.0,level
1987-12-31,world,ARE,United Arab Emirates,1574244.0,level
1986-12-31,world,ARE,United Arab Emirates,1467383.0,level
1985-12-31,world,ARE,United Arab Emirates,1377911.0,level
1984-12-31,world,ARE,United Arab Emirates,1305996.0,level
1983-12-31,world,ARE,United Arab Emirates,1235305.0,level
1982-12-31,world,ARE,United Arab Emirates,1166370.0,level
1981-12-31,world,ARE,United Arab Emirates,1099855.0,level
1980-12-31,world,ARE,United Arab Emirates,1015700.0,level
1979-12-31,world,ARE,United Arab Emirates,912010.0,level
1978-12-31,world,ARE,United Arab Emirates,809274.0,level
1977-12-31,world,ARE,United Arab Emirates,710209.0,level
1976-12-31,world,ARE,United Arab Emirates,615866.0,level
1975-12-31,world,ARE,United Arab Emirates,542856.0,level
1974-12-31,world,ARE,United Arab Emirates,489087.0,level
1973-12-31,world,ARE,United Arab Emirates,436399.0,level
1972-12-31,world,ARE,United Arab Emirates,385014.0,level
1971-12-31,world,ARE,United Arab Emirates,335027.0,level
1970-12-31,world,ARE,United Arab Emirates,286536.0,level
1969-12-31,world,ARE,United Arab Emirates,239660.0,level
1968-12-31,world,ARE,United Arab Emirates,199416.0,level
1967-12-31,world,ARE,United Arab Emirates,179700.0,level
1966-12-31,world,ARE,United Arab Emirates,173976.0,level
1965-12-31,world,ARE,United Arab Emirates,167103.0,level
1964-12-31,world,ARE,United Arab Emirates,159692.0,level
1963-12-31,world,ARE,United Arab Emirates,152211.0,level
1962-12-31,world,ARE,United Arab Emirates,144946.0,level
1961-12-31,world,ARE,United Arab Emirates,137989.0,level
1960-12-31,world,ARE,United Arab Emirates,131334.0,level
2025-12-31,world,GBR,United Kingdom,69487000.0,level
2024-12-31,world,GBR,United Kingdom,69281000.0,level
2023-12-31,world,GBR,United Kingdom,68526000.0,level
2022-12-31,world,GBR,United Kingdom,67636000.0,level
2021-12-31,world,GBR,United Kingdom,66978000.0,level
2020-12-31,world,GBR,United Kingdom,66740000.0,level
2019-12-31,world,GBR,United Kingdom,66628000.0,level
2018-12-31,world,GBR,United Kingdom,66287000.0,level
2017-12-31,world,GBR,United Kingdom,65964000.0,level
2016-12-31,world,GBR,United Kingdom,65606000.0,level
2015-12-31,world,GBR,United Kingdom,65087000.0,level
2014-12-31,world,GBR,United Kingdom,64619000.0,level
2013-12-31,world,GBR,United Kingdom,64138000.0,level
2012-12-31,world,GBR,United Kingdom,63711000.0,level
2011-12-31,world,GBR,United Kingdom,63258810.0,level
2010-12-31,world,GBR,United Kingdom,62766365.0,level
2009-12-31,world,GBR,United Kingdom,62276270.0,level
2008-12-31,world,GBR,United Kingdom,61806995.0,level
2007-12-31,world,GBR,United Kingdom,61322463.0,level
2006-12-31,world,GBR,United Kingdom,60846820.0,level
2005-12-31,world,GBR,United Kingdom,60401206.0,level
2004-12-31,world,GBR,United Kingdom,59987905.0,level
2003-12-31,world,GBR,United Kingdom,59647577.0,level
2002-12-31,world,GBR,United Kingdom,59370479.0,level
2001-12-31,world,GBR,United Kingdom,59119673.0,level
2000-12-31,world,GBR,United Kingdom,58892514.0,level
1999-12-31,world,GBR,United Kingdom,58682466.0,level
1998-12-31,world,GBR,United Kingdom,58487141.0,level
1997-12-31,world,GBR,United Kingdom,58316954.0,level
1996-12-31,world,GBR,United Kingdom,58166950.0,level
1995-12-31,world,GBR,United Kingdom,58019030.0,level
1994-12-31,world,GBR,United Kingdom,57865745.0,level
1993-12-31,world,GBR,United Kingdom,57718614.0,level
1992-12-31,world,GBR,United Kingdom,57580402.0,level
1991-12-31,world,GBR,United Kingdom,57424897.0,level
1990-12-31,world,GBR,United Kingdom,57247586.0,level
1989-12-31,world,GBR,United Kingdom,57076711.0,level
1988-12-31,world,GBR,United Kingdom,56928327.0,level
1987-12-31,world,GBR,United Kingdom,56802050.0,level
1986-12-31,world,GBR,United Kingdom,56681396.0,level
1985-12-31,world,GBR,United Kingdom,56550268.0,level
1984-12-31,world,GBR,United Kingdom,56422072.0,level
1983-12-31,world,GBR,United Kingdom,56332848.0,level
1982-12-31,world,GBR,United Kingdom,56313641.0,level
1981-12-31,world,GBR,United Kingdom,56333829.0,level
1980-12-31,world,GBR,United Kingdom,56314216.0,level
1979-12-31,world,GBR,United Kingdom,56246951.0,level
1978-12-31,world,GBR,United Kingdom,56196504.0,level
1977-12-31,world,GBR,United Kingdom,56193492.0,level
1976-12-31,world,GBR,United Kingdom,56211968.0,level
1975-12-31,world,GBR,United Kingdom,56225800.0,level
1974-12-31,world,GBR,United Kingdom,56229974.0,level
1973-12-31,world,GBR,United Kingdom,56194527.0,level
1972-12-31,world,GBR,United Kingdom,56086065.0,level
1971-12-31,world,GBR,United Kingdom,55896223.0,level
1970-12-31,world,GBR,United Kingdom,55663250.0,level
1969-12-31,world,GBR,United Kingdom,55441750.0,level
1968-12-31,world,GBR,United Kingdom,55211700.0,level
1967-12-31,world,GBR,United Kingdom,54943600.0,level
1966-12-31,world,GBR,United Kingdom,54648500.0,level
1965-12-31,world,GBR,United Kingdom,54348050.0,level
1964-12-31,world,GBR,United Kingdom,54000000.0,level
1963-12-31,world,GBR,United Kingdom,53650000.0,level
1962-12-31,world,GBR,United Kingdom,53250000.0,level
1961-12-31,world,GBR,United Kingdom,52800000.0,level
1960-12-31,world,GBR,United Kingdom,52400000.0,level
2025-12-31,world,USA,United States,341784857.0,level
2024-12-31,world,USA,United States,340003797.0,level
2023-12-31,world,USA,United States,336755052.0,level
2022-12-31,world,USA,United States,333996304.0,level
2021-12-31,world,USA,United States,332100166.0,level
2020-12-31,world,USA,United States,331578104.0,level
2019-12-31,world,USA,United States,330226227.0,level
2018-12-31,world,USA,United States,328529577.0,level
2017-12-31,world,USA,United States,326608609.0,level
2016-12-31,world,USA,United States,324353340.0,level
2015-12-31,world,USA,United States,321815121.0,level
2014-12-31,world,USA,United States,319257560.0,level
2013-12-31,world,USA,United States,316726282.0,level
2012-12-31,world,USA,United States,314339099.0,level
2011-12-31,world,USA,United States,311839461.0,level
2010-12-31,world,USA,United States,309378227.0,level
2009-12-31,world,USA,United States,306771529.0,level
2008-12-31,world,USA,United States,304093966.0,level
2007-12-31,world,USA,United States,301231207.0,level
2006-12-31,world,USA,United States,298379912.0,level
2005-12-31,world,USA,United States,295516599.0,level
2004-12-31,world,USA,United States,292805298.0,level
2003-12-31,world,USA,United States,290107933.0,level
2002-12-31,world,USA,United States,287625193.0,level
2001-12-31,world,USA,United States,284968955.0,level
2000-12-31,world,USA,United States,282162411.0,level
1999-12-31,world,USA,United States,279040000.0,level
1998-12-31,world,USA,United States,275854000.0,level
1997-12-31,world,USA,United States,272657000.0,level
1996-12-31,world,USA,United States,269394000.0,level
1995-12-31,world,USA,United States,266278000.0,level
1994-12-31,world,USA,United States,263126000.0,level
1993-12-31,world,USA,United States,259919000.0,level
1992-12-31,world,USA,United States,256514000.0,level
1991-12-31,world,USA,United States,252981000.0,level
1990-12-31,world,USA,United States,249623000.0,level
1989-12-31,world,USA,United States,246819000.0,level
1988-12-31,world,USA,United States,244499000.0,level
1987-12-31,world,USA,United States,242289000.0,level
1986-12-31,world,USA,United States,240133000.0,level
1985-12-31,world,USA,United States,237924000.0,level
1984-12-31,world,USA,United States,235825000.0,level
1983-12-31,world,USA,United States,233792000.0,level
1982-12-31,world,USA,United States,231664000.0,level
1981-12-31,world,USA,United States,229466000.0,level
1980-12-31,world,USA,United States,227225000.0,level
1979-12-31,world,USA,United States,225055000.0,level
1978-12-31,world,USA,United States,222585000.0,level
1977-12-31,world,USA,United States,220239000.0,level
1976-12-31,world,USA,United States,218035000.0,level
1975-12-31,world,USA,United States,215973000.0,level
1974-12-31,world,USA,United States,213854000.0,level
1973-12-31,world,USA,United States,211909000.0,level
1972-12-31,world,USA,United States,209896000.0,level
1971-12-31,world,USA,United States,207661000.0,level
1970-12-31,world,USA,United States,205052000.0,level
1969-12-31,world,USA,United States,202677000.0,level
1968-12-31,world,USA,United States,200706000.0,level
1967-12-31,world,USA,United States,198712000.0,level
1966-12-31,world,USA,United States,196560000.0,level
1965-12-31,world,USA,United States,194303000.0,level
1964-12-31,world,USA,United States,191889000.0,level
1963-12-31,world,USA,United States,189242000.0,level
1962-12-31,world,USA,United States,186538000.0,level
1961-12-31,world,USA,United States,183691000.0,level
1960-12-31,world,USA,United States,180671000.0,level
2025-12-31,world,URY,Uruguay,3384688.0,level
2024-12-31,world,URY,Uruguay,3386588.0,level
2023-12-31,world,URY,Uruguay,3388081.0,level
2022-12-31,world,URY,Uruguay,3390913.0,level
2021-12-31,world,URY,Uruguay,3396695.0,level
2020-12-31,world,URY,Uruguay,3398968.0,level
2019-12-31,world,URY,Uruguay,3397206.0,level
2018-12-31,world,URY,Uruguay,3394534.0,level
2017-12-31,world,URY,Uruguay,3388438.0,level
2016-12-31,world,URY,Uruguay,3379283.0,level
2015-12-31,world,URY,Uruguay,3368017.0,level
2014-12-31,world,URY,Uruguay,3356334.0,level
2013-12-31,world,URY,Uruguay,3345337.0,level
2012-12-31,world,URY,Uruguay,3335401.0,level
2011-12-31,world,URY,Uruguay,3326825.0,level
2010-12-31,world,URY,Uruguay,3318580.0,level
2009-12-31,world,URY,Uruguay,3310091.0,level
2008-12-31,world,URY,Uruguay,3302177.0,level
2007-12-31,world,URY,Uruguay,3295153.0,level
2006-12-31,world,URY,Uruguay,3289506.0,level
2005-12-31,world,URY,Uruguay,3285771.0,level
2004-12-31,world,URY,Uruguay,3283148.0,level
2003-12-31,world,URY,Uruguay,3281186.0,level
2002-12-31,world,URY,Uruguay,3278867.0,level
2001-12-31,world,URY,Uruguay,3274251.0,level
2000-12-31,world,URY,Uruguay,3266206.0,level
1999-12-31,world,URY,Uruguay,3254015.0,level
1998-12-31,world,URY,Uruguay,3239280.0,level
1997-12-31,world,URY,Uruguay,3223345.0,level
1996-12-31,world,URY,Uruguay,3206324.0,level
1995-12-31,world,URY,Uruguay,3189440.0,level
1994-12-31,world,URY,Uruguay,3172834.0,level
1993-12-31,world,URY,Uruguay,3156345.0,level
1992-12-31,world,URY,Uruguay,3139702.0,level
1991-12-31,world,URY,Uruguay,3122354.0,level
1990-12-31,world,URY,Uruguay,3104403.0,level
1989-12-31,world,URY,Uruguay,3086255.0,level
1988-12-31,world,URY,Uruguay,3067961.0,level
1987-12-31,world,URY,Uruguay,3049896.0,level
1986-12-31,world,URY,Uruguay,3032845.0,level
1985-12-31,world,URY,Uruguay,3017037.0,level
1984-12-31,world,URY,Uruguay,3002488.0,level
1983-12-31,world,URY,Uruguay,2988778.0,level
1982-12-31,world,URY,Uruguay,2975492.0,level
1981-12-31,world,URY,Uruguay,2963246.0,level
1980-12-31,world,URY,Uruguay,2951953.0,level
1979-12-31,world,URY,Uruguay,2939903.0,level
1978-12-31,world,URY,Uruguay,2925715.0,level
1977-12-31,world,URY,Uruguay,2909461.0,level
1976-12-31,world,URY,Uruguay,2891392.0,level
1975-12-31,world,URY,Uruguay,2872320.0,level
1974-12-31,world,URY,Uruguay,2853944.0,level
1973-12-31,world,URY,Uruguay,2837133.0,level
1972-12-31,world,URY,Uruguay,2821644.0,level
1971-12-31,world,URY,Uruguay,2806462.0,level
1970-12-31,world,URY,Uruguay,2790807.0,level
1969-12-31,world,URY,Uruguay,2773974.0,level
1968-12-31,world,URY,Uruguay,2754606.0,level
1967-12-31,world,URY,Uruguay,2732277.0,level
1966-12-31,world,URY,Uruguay,2707646.0,level
1965-12-31,world,URY,Uruguay,2681169.0,level
1964-12-31,world,URY,Uruguay,2653180.0,level
1963-12-31,world,URY,Uruguay,2623766.0,level
1962-12-31,world,URY,Uruguay,2593298.0,level
1961-12-31,world,URY,Uruguay,2562044.0,level
1960-12-31,world,URY,Uruguay,2529957.0,level
2025-12-31,world,UZB,Uzbekistan,37053428.0,level
2024-12-31,world,UZB,Uzbekistan,36361859.0,level
2023-12-31,world,UZB,Uzbekistan,35652307.0,level
2022-12-31,world,UZB,Uzbekistan,34938955.0,level
2021-12-31,world,UZB,Uzbekistan,34243696.0,level
2020-12-31,world,UZB,Uzbekistan,33586372.0,level
2019-12-31,world,UZB,Uzbekistan,32964701.0,level
2018-12-31,world,UZB,Uzbekistan,32373490.0,level
2017-12-31,world,UZB,Uzbekistan,31819178.0,level
2016-12-31,world,UZB,Uzbekistan,31284568.0,level
2015-12-31,world,UZB,Uzbekistan,30749346.0,level
2014-12-31,world,UZB,Uzbekistan,30222994.0,level
2013-12-31,world,UZB,Uzbekistan,29724065.0,level
2012-12-31,world,UZB,Uzbekistan,29261903.0,level
2011-12-31,world,UZB,Uzbekistan,28823196.0,level
2010-12-31,world,UZB,Uzbekistan,28385506.0,level
2009-12-31,world,UZB,Uzbekistan,27939328.0,level
2008-12-31,world,UZB,Uzbekistan,27494774.0,level
2007-12-31,world,UZB,Uzbekistan,27076008.0,level
2006-12-31,world,UZB,Uzbekistan,26699043.0,level
2005-12-31,world,UZB,Uzbekistan,26356975.0,level
2004-12-31,world,UZB,Uzbekistan,26029350.0,level
2003-12-31,world,UZB,Uzbekistan,25711259.0,level
2002-12-31,world,UZB,Uzbekistan,25399980.0,level
2001-12-31,world,UZB,Uzbekistan,25090283.0,level
2000-12-31,world,UZB,Uzbekistan,24787054.0,level
1999-12-31,world,UZB,Uzbekistan,24476008.0,level
1998-12-31,world,UZB,Uzbekistan,24134929.0,level
1997-12-31,world,UZB,Uzbekistan,23758960.0,level
1996-12-31,world,UZB,Uzbekistan,23351981.0,level
1995-12-31,world,UZB,Uzbekistan,22917589.0,level
1994-12-31,world,UZB,Uzbekistan,22463291.0,level
1993-12-31,world,UZB,Uzbekistan,21987955.0,level
1992-12-31,world,UZB,Uzbekistan,21485090.0,level
1991-12-31,world,UZB,Uzbekistan,20962910.0,level
1990-12-31,world,UZB,Uzbekistan,20464956.0,level
1989-12-31,world,UZB,Uzbekistan,19977183.0,level
1988-12-31,world,UZB,Uzbekistan,19460630.0,level
1987-12-31,world,UZB,Uzbekistan,18930070.0,level
1986-12-31,world,UZB,Uzbekistan,18395621.0,level
1985-12-31,world,UZB,Uzbekistan,17875339.0,level
1984-12-31,world,UZB,Uzbekistan,17378846.0,level
1983-12-31,world,UZB,Uzbekistan,16908400.0,level
1982-12-31,world,UZB,Uzbekistan,16462736.0,level
1981-12-31,world,UZB,Uzbekistan,16035032.0,level
1980-12-31,world,UZB,Uzbekistan,15619936.0,level
1979-12-31,world,UZB,Uzbekistan,15215587.0,level
1978-12-31,world,UZB,Uzbekistan,14816349.0,level
1977-12-31,world,UZB,Uzbekistan,14408822.0,level
1976-12-31,world,UZB,Uzbekistan,13998620.0,level
1975-12-31,world,UZB,Uzbekistan,13598521.0,level
1974-12-31,world,UZB,Uzbekistan,13209011.0,level
1973-12-31,world,UZB,Uzbekistan,12831047.0,level
1972-12-31,world,UZB,Uzbekistan,12465106.0,level
1971-12-31,world,UZB,Uzbekistan,12111511.0,level
1970-12-31,world,UZB,Uzbekistan,11762638.0,level
1969-12-31,world,UZB,Uzbekistan,11403150.0,level
1968-12-31,world,UZB,Uzbekistan,11032155.0,level
1967-12-31,world,UZB,Uzbekistan,10659180.0,level
1966-12-31,world,UZB,Uzbekistan,10289294.0,level
1965-12-31,world,UZB,Uzbekistan,9921681.0,level
1964-12-31,world,UZB,Uzbekistan,9557611.0,level
1963-12-31,world,UZB,Uzbekistan,9202246.0,level
1962-12-31,world,UZB,Uzbekistan,8854368.0,level
1961-12-31,world,UZB,Uzbekistan,8517711.0,level
1960-12-31,world,UZB,Uzbekistan,8209109.0,level
2025-12-31,world,VUT,Vanuatu,335169.0,level
2024-12-31,world,VUT,Vanuatu,327777.0,level
2023-12-31,world,VUT,Vanuatu,320409.0,level
2022-12-31,world,VUT,Vanuatu,313046.0,level
2021-12-31,world,VUT,Vanuatu,305868.0,level
2020-12-31,world,VUT,Vanuatu,298858.0,level
2019-12-31,world,VUT,Vanuatu,291985.0,level
2018-12-31,world,VUT,Vanuatu,285259.0,level
2017-12-31,world,VUT,Vanuatu,278507.0,level
2016-12-31,world,VUT,Vanuatu,272087.0,level
2015-12-31,world,VUT,Vanuatu,266101.0,level
2014-12-31,world,VUT,Vanuatu,260240.0,level
2013-12-31,world,VUT,Vanuatu,254482.0,level
2012-12-31,world,VUT,Vanuatu,248883.0,level
2011-12-31,world,VUT,Vanuatu,243474.0,level
2010-12-31,world,VUT,Vanuatu,238248.0,level
2009-12-31,world,VUT,Vanuatu,232731.0,level
2008-12-31,world,VUT,Vanuatu,226896.0,level
2007-12-31,world,VUT,Vanuatu,221276.0,level
2006-12-31,world,VUT,Vanuatu,215923.0,level
2005-12-31,world,VUT,Vanuatu,210760.0,level
2004-12-31,world,VUT,Vanuatu,205711.0,level
2003-12-31,world,VUT,Vanuatu,200746.0,level
2002-12-31,world,VUT,Vanuatu,195863.0,level
2001-12-31,world,VUT,Vanuatu,191031.0,level
2000-12-31,world,VUT,Vanuatu,186281.0,level
1999-12-31,world,VUT,Vanuatu,182048.0,level
1998-12-31,world,VUT,Vanuatu,178313.0,level
1997-12-31,world,VUT,Vanuatu,174626.0,level
1996-12-31,world,VUT,Vanuatu,170911.0,level
1995-12-31,world,VUT,Vanuatu,167137.0,level
1994-12-31,world,VUT,Vanuatu,163314.0,level
1993-12-31,world,VUT,Vanuatu,159463.0,level
1992-12-31,world,VUT,Vanuatu,155608.0,level
1991-12-31,world,VUT,Vanuatu,151793.0,level
1990-12-31,world,VUT,Vanuatu,148063.0,level
1989-12-31,world,VUT,Vanuatu,144393.0,level
1988-12-31,world,VUT,Vanuatu,140756.0,level
1987-12-31,world,VUT,Vanuatu,137187.0,level
1986-12-31,world,VUT,Vanuatu,133720.0,level
1985-12-31,world,VUT,Vanuatu,130356.0,level
1984-12-31,world,VUT,Vanuatu,127109.0,level
1983-12-31,world,VUT,Vanuatu,123998.0,level
1982-12-31,world,VUT,Vanuatu,121035.0,level
1981-12-31,world,VUT,Vanuatu,118249.0,level
1980-12-31,world,VUT,Vanuatu,115660.0,level
1979-12-31,world,VUT,Vanuatu,113040.0,level
1978-12-31,world,VUT,Vanuatu,109963.0,level
1977-12-31,world,VUT,Vanuatu,106618.0,level
1976-12-31,world,VUT,Vanuatu,103388.0,level
1975-12-31,world,VUT,Vanuatu,100269.0,level
1974-12-31,world,VUT,Vanuatu,97260.0,level
1973-12-31,world,VUT,Vanuatu,94362.0,level
1972-12-31,world,VUT,Vanuatu,91562.0,level
1971-12-31,world,VUT,Vanuatu,88862.0,level
1970-12-31,world,VUT,Vanuatu,86266.0,level
1969-12-31,world,VUT,Vanuatu,83755.0,level
1968-12-31,world,VUT,Vanuatu,81314.0,level
1967-12-31,world,VUT,Vanuatu,78921.0,level
1966-12-31,world,VUT,Vanuatu,76590.0,level
1965-12-31,world,VUT,Vanuatu,74358.0,level
1964-12-31,world,VUT,Vanuatu,72219.0,level
1963-12-31,world,VUT,Vanuatu,70159.0,level
1962-12-31,world,VUT,Vanuatu,68174.0,level
1961-12-31,world,VUT,Vanuatu,66264.0,level
1960-12-31,world,VUT,Vanuatu,64431.0,level
2025-12-31,world,VEN,"Venezuela, RB",28516896.0,level
2024-12-31,world,VEN,"Venezuela, RB",28405543.0,level
2023-12-31,world,VEN,"Venezuela, RB",28300854.0,level
2022-12-31,world,VEN,"Venezuela, RB",28213017.0,level
2021-12-31,world,VEN,"Venezuela, RB",28237826.0,level
2020-12-31,world,VEN,"Venezuela, RB",28444077.0,level
2019-12-31,world,VEN,"Venezuela, RB",28938098.0,level
2018-12-31,world,VEN,"Venezuela, RB",29807592.0,level
2017-12-31,world,VEN,"Venezuela, RB",30565323.0,level
2016-12-31,world,VEN,"Venezuela, RB",30765720.0,level
2015-12-31,world,VEN,"Venezuela, RB",30573972.0,level
2014-12-31,world,VEN,"Venezuela, RB",30254079.0,level
2013-12-31,world,VEN,"Venezuela, RB",29912198.0,level
2012-12-31,world,VEN,"Venezuela, RB",29553826.0,level
2011-12-31,world,VEN,"Venezuela, RB",29185212.0,level
2010-12-31,world,VEN,"Venezuela, RB",28813101.0,level
2009-12-31,world,VEN,"Venezuela, RB",28438298.0,level
2008-12-31,world,VEN,"Venezuela, RB",28053696.0,level
2007-12-31,world,VEN,"Venezuela, RB",27649363.0,level
2006-12-31,world,VEN,"Venezuela, RB",27224686.0,level
2005-12-31,world,VEN,"Venezuela, RB",26785804.0,level
2004-12-31,world,VEN,"Venezuela, RB",26340838.0,level
2003-12-31,world,VEN,"Venezuela, RB",25892703.0,level
2002-12-31,world,VEN,"Venezuela, RB",25435671.0,level
2001-12-31,world,VEN,"Venezuela, RB",24979922.0,level
2000-12-31,world,VEN,"Venezuela, RB",24526708.0,level
1999-12-31,world,VEN,"Venezuela, RB",24066593.0,level
1998-12-31,world,VEN,"Venezuela, RB",23601337.0,level
1997-12-31,world,VEN,"Venezuela, RB",23131685.0,level
1996-12-31,world,VEN,"Venezuela, RB",22662113.0,level
1995-12-31,world,VEN,"Venezuela, RB",22193821.0,level
1994-12-31,world,VEN,"Venezuela, RB",21725188.0,level
1993-12-31,world,VEN,"Venezuela, RB",21254520.0,level
1992-12-31,world,VEN,"Venezuela, RB",20780948.0,level
1991-12-31,world,VEN,"Venezuela, RB",20304896.0,level
1990-12-31,world,VEN,"Venezuela, RB",19827010.0,level
1989-12-31,world,VEN,"Venezuela, RB",19348921.0,level
1988-12-31,world,VEN,"Venezuela, RB",18871020.0,level
1987-12-31,world,VEN,"Venezuela, RB",18394963.0,level
1986-12-31,world,VEN,"Venezuela, RB",17923536.0,level
1985-12-31,world,VEN,"Venezuela, RB",17461434.0,level
1984-12-31,world,VEN,"Venezuela, RB",17008841.0,level
1983-12-31,world,VEN,"Venezuela, RB",16562205.0,level
1982-12-31,world,VEN,"Venezuela, RB",16121874.0,level
1981-12-31,world,VEN,"Venezuela, RB",15687297.0,level
1980-12-31,world,VEN,"Venezuela, RB",15258218.0,level
1979-12-31,world,VEN,"Venezuela, RB",14834552.0,level
1978-12-31,world,VEN,"Venezuela, RB",14416684.0,level
1977-12-31,world,VEN,"Venezuela, RB",14006812.0,level
1976-12-31,world,VEN,"Venezuela, RB",13606284.0,level
1975-12-31,world,VEN,"Venezuela, RB",13215892.0,level
1974-12-31,world,VEN,"Venezuela, RB",12835351.0,level
1973-12-31,world,VEN,"Venezuela, RB",12463537.0,level
1972-12-31,world,VEN,"Venezuela, RB",12099180.0,level
1971-12-31,world,VEN,"Venezuela, RB",11741008.0,level
1970-12-31,world,VEN,"Venezuela, RB",11387790.0,level
1969-12-31,world,VEN,"Venezuela, RB",11040280.0,level
1968-12-31,world,VEN,"Venezuela, RB",10697530.0,level
1967-12-31,world,VEN,"Venezuela, RB",10358513.0,level
1966-12-31,world,VEN,"Venezuela, RB",10024854.0,level
1965-12-31,world,VEN,"Venezuela, RB",9697790.0,level
1964-12-31,world,VEN,"Venezuela, RB",9377712.0,level
1963-12-31,world,VEN,"Venezuela, RB",9064021.0,level
1962-12-31,world,VEN,"Venezuela, RB",8756870.0,level
1961-12-31,world,VEN,"Venezuela, RB",8455915.0,level
1960-12-31,world,VEN,"Venezuela, RB",8160090.0,level
2025-12-31,world,VNM,Viet Nam,101598527.0,level
2024-12-31,world,VNM,Viet Nam,100987686.0,level
2023-12-31,world,VNM,Viet Nam,100352192.0,level
2022-12-31,world,VNM,Viet Nam,99680655.0,level
2021-12-31,world,VNM,Viet Nam,98935098.0,level
2020-12-31,world,VNM,Viet Nam,98079191.0,level
2019-12-31,world,VNM,Viet Nam,97173776.0,level
2018-12-31,world,VNM,Viet Nam,96237319.0,level
2017-12-31,world,VNM,Viet Nam,95176977.0,level
2016-12-31,world,VNM,Viet Nam,94000117.0,level
2015-12-31,world,VNM,Viet Nam,92823254.0,level
2014-12-31,world,VNM,Viet Nam,91679578.0,level
2013-12-31,world,VNM,Viet Nam,90573104.0,level
2012-12-31,world,VNM,Viet Nam,89510356.0,level
2011-12-31,world,VNM,Viet Nam,88468314.0,level
2010-12-31,world,VNM,Viet Nam,87455152.0,level
2009-12-31,world,VNM,Viet Nam,86460018.0,level
2008-12-31,world,VNM,Viet Nam,85175788.0,level
2007-12-31,world,VNM,Viet Nam,83633375.0,level
2006-12-31,world,VNM,Viet Nam,82167897.0,level
2005-12-31,world,VNM,Viet Nam,81088313.0,level
2004-12-31,world,VNM,Viet Nam,80338971.0,level
2003-12-31,world,VNM,Viet Nam,79563777.0,level
2002-12-31,world,VNM,Viet Nam,78772224.0,level
2001-12-31,world,VNM,Viet Nam,77969361.0,level
2000-12-31,world,VNM,Viet Nam,77154011.0,level
1999-12-31,world,VNM,Viet Nam,76287452.0,level
1998-12-31,world,VNM,Viet Nam,75299660.0,level
1997-12-31,world,VNM,Viet Nam,74226889.0,level
1996-12-31,world,VNM,Viet Nam,73156447.0,level
1995-12-31,world,VNM,Viet Nam,72049940.0,level
1994-12-31,world,VNM,Viet Nam,70854391.0,level
1993-12-31,world,VNM,Viet Nam,69586384.0,level
1992-12-31,world,VNM,Viet Nam,68260337.0,level
1991-12-31,world,VNM,Viet Nam,66891775.0,level
1990-12-31,world,VNM,Viet Nam,65504552.0,level
1989-12-31,world,VNM,Viet Nam,64147348.0,level
1988-12-31,world,VNM,Viet Nam,62843228.0,level
1987-12-31,world,VNM,Viet Nam,61584651.0,level
1986-12-31,world,VNM,Viet Nam,60347048.0,level
1985-12-31,world,VNM,Viet Nam,59060622.0,level
1984-12-31,world,VNM,Viet Nam,57706067.0,level
1983-12-31,world,VNM,Viet Nam,56337921.0,level
1982-12-31,world,VNM,Viet Nam,55011289.0,level
1981-12-31,world,VNM,Viet Nam,53738141.0,level
1980-12-31,world,VNM,Viet Nam,52490101.0,level
1979-12-31,world,VNM,Viet Nam,51378211.0,level
1978-12-31,world,VNM,Viet Nam,50249552.0,level
1977-12-31,world,VNM,Viet Nam,48954872.0,level
1976-12-31,world,VNM,Viet Nam,47684931.0,level
1975-12-31,world,VNM,Viet Nam,46482903.0,level
1974-12-31,world,VNM,Viet Nam,45413537.0,level
1973-12-31,world,VNM,Viet Nam,44409861.0,level
1972-12-31,world,VNM,Viet Nam,43429168.0,level
1971-12-31,world,VNM,Viet Nam,42449276.0,level
1970-12-31,world,VNM,Viet Nam,41475230.0,level
1969-12-31,world,VNM,Viet Nam,40582096.0,level
1968-12-31,world,VNM,Viet Nam,39734609.0,level
1967-12-31,world,VNM,Viet Nam,38895080.0,level
1966-12-31,world,VNM,Viet Nam,38024836.0,level
1965-12-31,world,VNM,Viet Nam,37129656.0,level
1964-12-31,world,VNM,Viet Nam,36201563.0,level
1963-12-31,world,VNM,Viet Nam,35249101.0,level
1962-12-31,world,VNM,Viet Nam,34288560.0,level
1961-12-31,world,VNM,Viet Nam,33409059.0,level
1960-12-31,world,VNM,Viet Nam,32531933.0,level
2025-12-31,world,VIR,Virgin Islands (U.S.),103792.0,level
2024-12-31,world,VIR,Virgin Islands (U.S.),104377.0,level
2023-12-31,world,VIR,Virgin Islands (U.S.),104917.0,level
2022-12-31,world,VIR,Virgin Islands (U.S.),105413.0,level
2021-12-31,world,VIR,Virgin Islands (U.S.),105870.0,level
2020-12-31,world,VIR,Virgin Islands (U.S.),106290.0,level
2019-12-31,world,VIR,Virgin Islands (U.S.),106669.0,level
2018-12-31,world,VIR,Virgin Islands (U.S.),107001.0,level
2017-12-31,world,VIR,Virgin Islands (U.S.),107281.0,level
2016-12-31,world,VIR,Virgin Islands (U.S.),107516.0,level
2015-12-31,world,VIR,Virgin Islands (U.S.),107712.0,level
2014-12-31,world,VIR,Virgin Islands (U.S.),107882.0,level
2013-12-31,world,VIR,Virgin Islands (U.S.),108041.0,level
2012-12-31,world,VIR,Virgin Islands (U.S.),108188.0,level
2011-12-31,world,VIR,Virgin Islands (U.S.),108290.0,level
2010-12-31,world,VIR,Virgin Islands (U.S.),108357.0,level
2009-12-31,world,VIR,Virgin Islands (U.S.),108404.0,level
2008-12-31,world,VIR,Virgin Islands (U.S.),108397.0,level
2007-12-31,world,VIR,Virgin Islands (U.S.),108337.0,level
2006-12-31,world,VIR,Virgin Islands (U.S.),108369.0,level
2005-12-31,world,VIR,Virgin Islands (U.S.),108453.0,level
2004-12-31,world,VIR,Virgin Islands (U.S.),108466.0,level
2003-12-31,world,VIR,Virgin Islands (U.S.),108505.0,level
2002-12-31,world,VIR,Virgin Islands (U.S.),108509.0,level
2001-12-31,world,VIR,Virgin Islands (U.S.),108549.0,level
2000-12-31,world,VIR,Virgin Islands (U.S.),108642.0,level
1999-12-31,world,VIR,Virgin Islands (U.S.),108599.0,level
1998-12-31,world,VIR,Virgin Islands (U.S.),108537.0,level
1997-12-31,world,VIR,Virgin Islands (U.S.),108357.0,level
1996-12-31,world,VIR,Virgin Islands (U.S.),108095.0,level
1995-12-31,world,VIR,Virgin Islands (U.S.),107818.0,level
1994-12-31,world,VIR,Virgin Islands (U.S.),107318.0,level
1993-12-31,world,VIR,Virgin Islands (U.S.),106578.0,level
1992-12-31,world,VIR,Virgin Islands (U.S.),105712.0,level
1991-12-31,world,VIR,Virgin Islands (U.S.),104807.0,level
1990-12-31,world,VIR,Virgin Islands (U.S.),103963.0,level
1989-12-31,world,VIR,Virgin Islands (U.S.),101041.0,level
1988-12-31,world,VIR,Virgin Islands (U.S.),100952.0,level
1987-12-31,world,VIR,Virgin Islands (U.S.),100901.0,level
1986-12-31,world,VIR,Virgin Islands (U.S.),100842.0,level
1985-12-31,world,VIR,Virgin Islands (U.S.),100760.0,level
1984-12-31,world,VIR,Virgin Islands (U.S.),100600.0,level
1983-12-31,world,VIR,Virgin Islands (U.S.),100348.0,level
1982-12-31,world,VIR,Virgin Islands (U.S.),100068.0,level
1981-12-31,world,VIR,Virgin Islands (U.S.),99853.0,level
1980-12-31,world,VIR,Virgin Islands (U.S.),99636.0,level
1979-12-31,world,VIR,Virgin Islands (U.S.),96183.0,level
1978-12-31,world,VIR,Virgin Islands (U.S.),95929.0,level
1977-12-31,world,VIR,Virgin Islands (U.S.),93203.0,level
1976-12-31,world,VIR,Virgin Islands (U.S.),96166.0,level
1975-12-31,world,VIR,Virgin Islands (U.S.),94484.0,level
1974-12-31,world,VIR,Virgin Islands (U.S.),89941.0,level
1973-12-31,world,VIR,Virgin Islands (U.S.),84121.0,level
1972-12-31,world,VIR,Virgin Islands (U.S.),76319.0,level
1971-12-31,world,VIR,Virgin Islands (U.S.),70937.0,level
1970-12-31,world,VIR,Virgin Islands (U.S.),63476.0,level
1969-12-31,world,VIR,Virgin Islands (U.S.),60300.0,level
1968-12-31,world,VIR,Virgin Islands (U.S.),55700.0,level
1967-12-31,world,VIR,Virgin Islands (U.S.),49100.0,level
1966-12-31,world,VIR,Virgin Islands (U.S.),46200.0,level
1965-12-31,world,VIR,Virgin Islands (U.S.),43500.0,level
1964-12-31,world,VIR,Virgin Islands (U.S.),40800.0,level
1963-12-31,world,VIR,Virgin Islands (U.S.),39800.0,level
1962-12-31,world,VIR,Virgin Islands (U.S.),35000.0,level
1961-12-31,world,VIR,Virgin Islands (U.S.),34300.0,level
1960-12-31,world,VIR,Virgin Islands (U.S.),32500.0,level
2025-12-31,world,PSE,West Bank and Gaza,5413596.0,level
2024-12-31,world,PSE,West Bank and Gaza,5289152.0,level
2023-12-31,world,PSE,West Bank and Gaza,5165775.0,level
2022-12-31,world,PSE,West Bank and Gaza,5043612.0,level
2021-12-31,world,PSE,West Bank and Gaza,4922749.0,level
2020-12-31,world,PSE,West Bank and Gaza,4803269.0,level
2019-12-31,world,PSE,West Bank and Gaza,4685306.0,level
2018-12-31,world,PSE,West Bank and Gaza,4569087.0,level
2017-12-31,world,PSE,West Bank and Gaza,4454805.0,level
2016-12-31,world,PSE,West Bank and Gaza,4367088.0,level
2015-12-31,world,PSE,West Bank and Gaza,4270092.0,level
2014-12-31,world,PSE,West Bank and Gaza,4173398.0,level
2013-12-31,world,PSE,West Bank and Gaza,4076708.0,level
2012-12-31,world,PSE,West Bank and Gaza,3979998.0,level
2011-12-31,world,PSE,West Bank and Gaza,3882986.0,level
2010-12-31,world,PSE,West Bank and Gaza,3786161.0,level
2009-12-31,world,PSE,West Bank and Gaza,3689099.0,level
2008-12-31,world,PSE,West Bank and Gaza,3591977.0,level
2007-12-31,world,PSE,West Bank and Gaza,3494496.0,level
2006-12-31,world,PSE,West Bank and Gaza,3406334.0,level
2005-12-31,world,PSE,West Bank and Gaza,3320396.0,level
2004-12-31,world,PSE,West Bank and Gaza,3236626.0,level
2003-12-31,world,PSE,West Bank and Gaza,3154969.0,level
2002-12-31,world,PSE,West Bank and Gaza,3075373.0,level
2001-12-31,world,PSE,West Bank and Gaza,2997784.0,level
2000-12-31,world,PSE,West Bank and Gaza,2922153.0,level
1999-12-31,world,PSE,West Bank and Gaza,2848431.0,level
1998-12-31,world,PSE,West Bank and Gaza,2776568.0,level
1997-12-31,world,PSE,West Bank and Gaza,2706518.0,level
1996-12-31,world,PSE,West Bank and Gaza,2587997.0,level
1995-12-31,world,PSE,West Bank and Gaza,2474666.0,level
1994-12-31,world,PSE,West Bank and Gaza,2366298.0,level
1993-12-31,world,PSE,West Bank and Gaza,2262676.0,level
1992-12-31,world,PSE,West Bank and Gaza,2163591.0,level
1991-12-31,world,PSE,West Bank and Gaza,2068845.0,level
1990-12-31,world,PSE,West Bank and Gaza,1978248.0,level
2025-12-31,world,YEM,"Yemen, Rep.",41773878.0,level
2024-12-31,world,YEM,"Yemen, Rep.",40583164.0,level
2023-12-31,world,YEM,"Yemen, Rep.",39390799.0,level
2022-12-31,world,YEM,"Yemen, Rep.",38222876.0,level
2021-12-31,world,YEM,"Yemen, Rep.",37140230.0,level
2020-12-31,world,YEM,"Yemen, Rep.",36134863.0,level
2019-12-31,world,YEM,"Yemen, Rep.",35111408.0,level
2018-12-31,world,YEM,"Yemen, Rep.",34085182.0,level
2017-12-31,world,YEM,"Yemen, Rep.",33090921.0,level
2016-12-31,world,YEM,"Yemen, Rep.",32109010.0,level
2015-12-31,world,YEM,"Yemen, Rep.",31159379.0,level
2014-12-31,world,YEM,"Yemen, Rep.",30226309.0,level
2013-12-31,world,YEM,"Yemen, Rep.",29312952.0,level
2012-12-31,world,YEM,"Yemen, Rep.",28433647.0,level
2011-12-31,world,YEM,"Yemen, Rep.",27582897.0,level
2010-12-31,world,YEM,"Yemen, Rep.",26754387.0,level
2009-12-31,world,YEM,"Yemen, Rep.",25927724.0,level
2008-12-31,world,YEM,"Yemen, Rep.",25111941.0,level
2007-12-31,world,YEM,"Yemen, Rep.",24318082.0,level
2006-12-31,world,YEM,"Yemen, Rep.",23543083.0,level
2005-12-31,world,YEM,"Yemen, Rep.",22790085.0,level
2004-12-31,world,YEM,"Yemen, Rep.",22095167.0,level
2003-12-31,world,YEM,"Yemen, Rep.",21456379.0,level
2002-12-31,world,YEM,"Yemen, Rep.",20835086.0,level
2001-12-31,world,YEM,"Yemen, Rep.",20226147.0,level
2000-12-31,world,YEM,"Yemen, Rep.",19624141.0,level
1999-12-31,world,YEM,"Yemen, Rep.",19029420.0,level
1998-12-31,world,YEM,"Yemen, Rep.",18446013.0,level
1997-12-31,world,YEM,"Yemen, Rep.",17873936.0,level
1996-12-31,world,YEM,"Yemen, Rep.",17313177.0,level
1995-12-31,world,YEM,"Yemen, Rep.",16740058.0,level
1994-12-31,world,YEM,"Yemen, Rep.",16149147.0,level
1993-12-31,world,YEM,"Yemen, Rep.",15563914.0,level
1992-12-31,world,YEM,"Yemen, Rep.",14989494.0,level
1991-12-31,world,YEM,"Yemen, Rep.",14430201.0,level
1990-12-31,world,YEM,"Yemen, Rep.",13887862.0,level
1989-12-31,world,YEM,"Yemen, Rep.",13364174.0,level
1988-12-31,world,YEM,"Yemen, Rep.",12859708.0,level
1987-12-31,world,YEM,"Yemen, Rep.",12369912.0,level
1986-12-31,world,YEM,"Yemen, Rep.",11901040.0,level
1985-12-31,world,YEM,"Yemen, Rep.",11453825.0,level
1984-12-31,world,YEM,"Yemen, Rep.",11025597.0,level
1983-12-31,world,YEM,"Yemen, Rep.",10621499.0,level
1982-12-31,world,YEM,"Yemen, Rep.",10241006.0,level
1981-12-31,world,YEM,"Yemen, Rep.",9882362.0,level
1980-12-31,world,YEM,"Yemen, Rep.",9543358.0,level
1979-12-31,world,YEM,"Yemen, Rep.",9224194.0,level
1978-12-31,world,YEM,"Yemen, Rep.",8926586.0,level
1977-12-31,world,YEM,"Yemen, Rep.",8648222.0,level
1976-12-31,world,YEM,"Yemen, Rep.",8384113.0,level
1975-12-31,world,YEM,"Yemen, Rep.",8133598.0,level
1974-12-31,world,YEM,"Yemen, Rep.",7896783.0,level
1973-12-31,world,YEM,"Yemen, Rep.",7672796.0,level
1972-12-31,world,YEM,"Yemen, Rep.",7460068.0,level
1971-12-31,world,YEM,"Yemen, Rep.",7257462.0,level
1970-12-31,world,YEM,"Yemen, Rep.",7065279.0,level
1969-12-31,world,YEM,"Yemen, Rep.",6875859.0,level
1968-12-31,world,YEM,"Yemen, Rep.",6690524.0,level
1967-12-31,world,YEM,"Yemen, Rep.",6516444.0,level
1966-12-31,world,YEM,"Yemen, Rep.",6351494.0,level
1965-12-31,world,YEM,"Yemen, Rep.",6195593.0,level
1964-12-31,world,YEM,"Yemen, Rep.",6048006.0,level
1963-12-31,world,YEM,"Yemen, Rep.",5911135.0,level
1962-12-31,world,YEM,"Yemen, Rep.",5782221.0,level
1961-12-31,world,YEM,"Yemen, Rep.",5655232.0,level
1960-12-31,world,YEM,"Yemen, Rep.",5532301.0,level
2025-12-31,world,ZMB,Zambia,21913874.0,level
2024-12-31,world,ZMB,Zambia,21314956.0,level
2023-12-31,world,ZMB,Zambia,20723965.0,level
2022-12-31,world,ZMB,Zambia,20152938.0,level
2021-12-31,world,ZMB,Zambia,19603607.0,level
2020-12-31,world,ZMB,Zambia,19059395.0,level
2019-12-31,world,ZMB,Zambia,18513839.0,level
2018-12-31,world,ZMB,Zambia,17973569.0,level
2017-12-31,world,ZMB,Zambia,17441320.0,level
2016-12-31,world,ZMB,Zambia,16914423.0,level
2015-12-31,world,ZMB,Zambia,16399089.0,level
2014-12-31,world,ZMB,Zambia,15895315.0,level
2013-12-31,world,ZMB,Zambia,15398997.0,level
2012-12-31,world,ZMB,Zambia,14913629.0,level
2011-12-31,world,ZMB,Zambia,14437796.0,level
2010-12-31,world,ZMB,Zambia,13965594.0,level
2009-12-31,world,ZMB,Zambia,13490389.0,level
2008-12-31,world,ZMB,Zambia,13021324.0,level
2007-12-31,world,ZMB,Zambia,12565085.0,level
2006-12-31,world,ZMB,Zambia,12129553.0,level
2005-12-31,world,ZMB,Zambia,11718819.0,level
2004-12-31,world,ZMB,Zambia,11338198.0,level
2003-12-31,world,ZMB,Zambia,10983595.0,level
2002-12-31,world,ZMB,Zambia,10647949.0,level
2001-12-31,world,ZMB,Zambia,10325185.0,level
2000-12-31,world,ZMB,Zambia,10017631.0,level
1999-12-31,world,ZMB,Zambia,9740005.0,level
1998-12-31,world,ZMB,Zambia,9482408.0,level
1997-12-31,world,ZMB,Zambia,9237063.0,level
1996-12-31,world,ZMB,Zambia,9004053.0,level
1995-12-31,world,ZMB,Zambia,8785763.0,level
1994-12-31,world,ZMB,Zambia,8576269.0,level
1993-12-31,world,ZMB,Zambia,8373921.0,level
1992-12-31,world,ZMB,Zambia,8176680.0,level
1991-12-31,world,ZMB,Zambia,7981650.0,level
1990-12-31,world,ZMB,Zambia,7786169.0,level
1989-12-31,world,ZMB,Zambia,7589216.0,level
1988-12-31,world,ZMB,Zambia,7391440.0,level
1987-12-31,world,ZMB,Zambia,7191282.0,level
1986-12-31,world,ZMB,Zambia,6986471.0,level
1985-12-31,world,ZMB,Zambia,6780953.0,level
1984-12-31,world,ZMB,Zambia,6580490.0,level
1983-12-31,world,ZMB,Zambia,6381038.0,level
1982-12-31,world,ZMB,Zambia,6178637.0,level
1981-12-31,world,ZMB,Zambia,5983289.0,level
1980-12-31,world,ZMB,Zambia,5802833.0,level
1979-12-31,world,ZMB,Zambia,5631728.0,level
1978-12-31,world,ZMB,Zambia,5465374.0,level
1977-12-31,world,ZMB,Zambia,5302480.0,level
1976-12-31,world,ZMB,Zambia,5143842.0,level
1975-12-31,world,ZMB,Zambia,4990086.0,level
1974-12-31,world,ZMB,Zambia,4842746.0,level
1973-12-31,world,ZMB,Zambia,4702693.0,level
1972-12-31,world,ZMB,Zambia,4569309.0,level
1971-12-31,world,ZMB,Zambia,4442525.0,level
1970-12-31,world,ZMB,Zambia,4321718.0,level
1969-12-31,world,ZMB,Zambia,4197116.0,level
1968-12-31,world,ZMB,Zambia,4065593.0,level
1967-12-31,world,ZMB,Zambia,3936343.0,level
1966-12-31,world,ZMB,Zambia,3812003.0,level
1965-12-31,world,ZMB,Zambia,3692086.0,level
1964-12-31,world,ZMB,Zambia,3577017.0,level
1963-12-31,world,ZMB,Zambia,3465907.0,level
1962-12-31,world,ZMB,Zambia,3358099.0,level
1961-12-31,world,ZMB,Zambia,3254086.0,level
1960-12-31,world,ZMB,Zambia,3153729.0,level
2025-12-31,world,ZWE,Zimbabwe,16950795.0,level
2024-12-31,world,ZWE,Zimbabwe,16634373.0,level
2023-12-31,world,ZWE,Zimbabwe,16340822.0,level
2022-12-31,world,ZWE,Zimbabwe,16069056.0,level
2021-12-31,world,ZWE,Zimbabwe,15797210.0,level
2020-12-31,world,ZWE,Zimbabwe,15526888.0,level
2019-12-31,world,ZWE,Zimbabwe,15271368.0,level
2018-12-31,world,ZWE,Zimbabwe,15034452.0,level
2017-12-31,world,ZWE,Zimbabwe,14812482.0,level
2016-12-31,world,ZWE,Zimbabwe,14600294.0,level
2015-12-31,world,ZWE,Zimbabwe,14399013.0,level
2014-12-31,world,ZWE,Zimbabwe,14207359.0,level
2013-12-31,world,ZWE,Zimbabwe,14013808.0,level
2012-12-31,world,ZWE,Zimbabwe,13817887.0,level
2011-12-31,world,ZWE,Zimbabwe,13595424.0,level
2010-12-31,world,ZWE,Zimbabwe,13356548.0,level
2009-12-31,world,ZWE,Zimbabwe,13142790.0,level
2008-12-31,world,ZWE,Zimbabwe,12959149.0,level
2007-12-31,world,ZWE,Zimbabwe,12804058.0,level
2006-12-31,world,ZWE,Zimbabwe,12636445.0,level
2005-12-31,world,ZWE,Zimbabwe,12483432.0,level
2004-12-31,world,ZWE,Zimbabwe,12365896.0,level
2003-12-31,world,ZWE,Zimbabwe,12232323.0,level
2002-12-31,world,ZWE,Zimbabwe,12087653.0,level
2001-12-31,world,ZWE,Zimbabwe,11971901.0,level
2000-12-31,world,ZWE,Zimbabwe,11892055.0,level
1999-12-31,world,ZWE,Zimbabwe,11783458.0,level
1998-12-31,world,ZWE,Zimbabwe,11594297.0,level
1997-12-31,world,ZWE,Zimbabwe,11369827.0,level
1996-12-31,world,ZWE,Zimbabwe,11158360.0,level
1995-12-31,world,ZWE,Zimbabwe,10974599.0,level
1994-12-31,world,ZWE,Zimbabwe,10873148.0,level
1993-12-31,world,ZWE,Zimbabwe,10860288.0,level
1992-12-31,world,ZWE,Zimbabwe,10702700.0,level
1991-12-31,world,ZWE,Zimbabwe,10404816.0,level
1990-12-31,world,ZWE,Zimbabwe,10137281.0,level
1989-12-31,world,ZWE,Zimbabwe,9864798.0,level
1988-12-31,world,ZWE,Zimbabwe,9583094.0,level
1987-12-31,world,ZWE,Zimbabwe,9284644.0,level
1986-12-31,world,ZWE,Zimbabwe,8982578.0,level
1985-12-31,world,ZWE,Zimbabwe,8686813.0,level
1984-12-31,world,ZWE,Zimbabwe,8391488.0,level
1983-12-31,world,ZWE,Zimbabwe,8098404.0,level
1982-12-31,world,ZWE,Zimbabwe,7796496.0,level
1981-12-31,world,ZWE,Zimbabwe,7498635.0,level
1980-12-31,world,ZWE,Zimbabwe,7041303.0,level
1979-12-31,world,ZWE,Zimbabwe,6647556.0,level
1978-12-31,world,ZWE,Zimbabwe,6543575.0,level
1977-12-31,world,ZWE,Zimbabwe,6449512.0,level
1976-12-31,world,ZWE,Zimbabwe,6287105.0,level
1975-12-31,world,ZWE,Zimbabwe,6098658.0,level
1974-12-31,world,ZWE,Zimbabwe,5908328.0,level
1973-12-31,world,ZWE,Zimbabwe,5720404.0,level
1972-12-31,world,ZWE,Zimbabwe,5542445.0,level
1971-12-31,world,ZWE,Zimbabwe,5374712.0,level
1970-12-31,world,ZWE,Zimbabwe,5215918.0,level
1969-12-31,world,ZWE,Zimbabwe,5058181.0,level
1968-12-31,world,ZWE,Zimbabwe,4900440.0,level
1967-12-31,world,ZWE,Zimbabwe,4748307.0,level
1966-12-31,world,ZWE,Zimbabwe,4601217.0,level
1965-12-31,world,ZWE,Zimbabwe,4458462.0,level
1964-12-31,world,ZWE,Zimbabwe,4320006.0,level
1963-12-31,world,ZWE,Zimbabwe,4185877.0,level
1962-12-31,world,ZWE,Zimbabwe,4055959.0,level
1961-12-31,world,ZWE,Zimbabwe,3930401.0,level
1960-12-31,world,ZWE,Zimbabwe,3809389.0,level
